# Independent procedural camera geometry; meters; Z up
o rear_lens_pupil
v -0.0183749664 -0.0033292800 0.0941126000
v -0.0183749664 -0.0033252697 0.0942759600
v -0.0183749664 -0.0033132486 0.0944389265
v -0.0183749664 -0.0032932456 0.0946011068
v -0.0183749664 -0.0032653088 0.0947621103
v -0.0183749664 -0.0032295057 0.0949215491
v -0.0183749664 -0.0031859223 0.0950790390
v -0.0183749664 -0.0031346638 0.0952342007
v -0.0183749664 -0.0030758536 0.0953866603
v -0.0183749664 -0.0030096335 0.0955360506
v -0.0183749664 -0.0029361628 0.0956820117
v -0.0183749664 -0.0028556187 0.0958241920
v -0.0183749664 -0.0027681952 0.0959622489
v -0.0183749664 -0.0026741028 0.0960958498
v -0.0183749664 -0.0025735682 0.0962246729
v -0.0183749664 -0.0024668338 0.0963484078
v -0.0183749664 -0.0023541565 0.0964667565
v -0.0183749664 -0.0022358078 0.0965794338
v -0.0183749664 -0.0021120729 0.0966861682
v -0.0183749664 -0.0019832498 0.0967867028
v -0.0183749664 -0.0018496489 0.0968807952
v -0.0183749664 -0.0017115920 0.0969682187
v -0.0183749664 -0.0015694117 0.0970487628
v -0.0183749664 -0.0014234506 0.0971222335
v -0.0183749664 -0.0012740603 0.0971884536
v -0.0183749664 -0.0011216007 0.0972472638
v -0.0183749664 -0.0009664390 0.0972985223
v -0.0183749664 -0.0008089491 0.0973421057
v -0.0183749664 -0.0006495103 0.0973779088
v -0.0183749664 -0.0004885068 0.0974058456
v -0.0183749664 -0.0003263265 0.0974258486
v -0.0183749664 -0.0001633600 0.0974378697
v -0.0183749664 -0.0000000000 0.0974418800
v -0.0183749664 0.0001633600 0.0974378697
v -0.0183749664 0.0003263265 0.0974258486
v -0.0183749664 0.0004885068 0.0974058456
v -0.0183749664 0.0006495103 0.0973779088
v -0.0183749664 0.0008089491 0.0973421057
v -0.0183749664 0.0009664390 0.0972985223
v -0.0183749664 0.0011216007 0.0972472638
v -0.0183749664 0.0012740603 0.0971884536
v -0.0183749664 0.0014234506 0.0971222335
v -0.0183749664 0.0015694117 0.0970487628
v -0.0183749664 0.0017115920 0.0969682187
v -0.0183749664 0.0018496489 0.0968807952
v -0.0183749664 0.0019832498 0.0967867028
v -0.0183749664 0.0021120729 0.0966861682
v -0.0183749664 0.0022358078 0.0965794338
v -0.0183749664 0.0023541565 0.0964667565
v -0.0183749664 0.0024668338 0.0963484078
v -0.0183749664 0.0025735682 0.0962246729
v -0.0183749664 0.0026741028 0.0960958498
v -0.0183749664 0.0027681952 0.0959622489
v -0.0183749664 0.0028556187 0.0958241920
v -0.0183749664 0.0029361628 0.0956820117
v -0.0183749664 0.0030096335 0.0955360506
v -0.0183749664 0.0030758536 0.0953866603
v -0.0183749664 0.0031346638 0.0952342007
v -0.0183749664 0.0031859223 0.0950790390
v -0.0183749664 0.0032295057 0.0949215491
v -0.0183749664 0.0032653088 0.0947621103
v -0.0183749664 0.0032932456 0.0946011068
v -0.0183749664 0.0033132486 0.0944389265
v -0.0183749664 0.0033252697 0.0942759600
v -0.0183749664 0.0033292800 0.0941126000
v -0.0183749664 0.0033252697 0.0939492400
v -0.0183749664 0.0033132486 0.0937862735
v -0.0183749664 0.0032932456 0.0936240932
v -0.0183749664 0.0032653088 0.0934630897
v -0.0183749664 0.0032295057 0.0933036509
v -0.0183749664 0.0031859223 0.0931461610
v -0.0183749664 0.0031346638 0.0929909993
v -0.0183749664 0.0030758536 0.0928385397
v -0.0183749664 0.0030096335 0.0926891494
v -0.0183749664 0.0029361628 0.0925431883
v -0.0183749664 0.0028556187 0.0924010080
v -0.0183749664 0.0027681952 0.0922629511
v -0.0183749664 0.0026741028 0.0921293502
v -0.0183749664 0.0025735682 0.0920005271
v -0.0183749664 0.0024668338 0.0918767922
v -0.0183749664 0.0023541565 0.0917584435
v -0.0183749664 0.0022358078 0.0916457662
v -0.0183749664 0.0021120729 0.0915390318
v -0.0183749664 0.0019832498 0.0914384972
v -0.0183749664 0.0018496489 0.0913444048
v -0.0183749664 0.0017115920 0.0912569813
v -0.0183749664 0.0015694117 0.0911764372
v -0.0183749664 0.0014234506 0.0911029665
v -0.0183749664 0.0012740603 0.0910367464
v -0.0183749664 0.0011216007 0.0909779362
v -0.0183749664 0.0009664390 0.0909266777
v -0.0183749664 0.0008089491 0.0908830943
v -0.0183749664 0.0006495103 0.0908472912
v -0.0183749664 0.0004885068 0.0908193544
v -0.0183749664 0.0003263265 0.0907993514
v -0.0183749664 0.0001633600 0.0907873303
v -0.0183749664 0.0000000000 0.0907833200
v -0.0183749664 -0.0001633600 0.0907873303
v -0.0183749664 -0.0003263265 0.0907993514
v -0.0183749664 -0.0004885068 0.0908193544
v -0.0183749664 -0.0006495103 0.0908472912
v -0.0183749664 -0.0008089491 0.0908830943
v -0.0183749664 -0.0009664390 0.0909266777
v -0.0183749664 -0.0011216007 0.0909779362
v -0.0183749664 -0.0012740603 0.0910367464
v -0.0183749664 -0.0014234506 0.0911029665
v -0.0183749664 -0.0015694117 0.0911764372
v -0.0183749664 -0.0017115920 0.0912569813
v -0.0183749664 -0.0018496489 0.0913444048
v -0.0183749664 -0.0019832498 0.0914384972
v -0.0183749664 -0.0021120729 0.0915390318
v -0.0183749664 -0.0022358078 0.0916457662
v -0.0183749664 -0.0023541565 0.0917584435
v -0.0183749664 -0.0024668338 0.0918767922
v -0.0183749664 -0.0025735682 0.0920005271
v -0.0183749664 -0.0026741028 0.0921293502
v -0.0183749664 -0.0027681952 0.0922629511
v -0.0183749664 -0.0028556187 0.0924010080
v -0.0183749664 -0.0029361628 0.0925431883
v -0.0183749664 -0.0030096335 0.0926891494
v -0.0183749664 -0.0030758536 0.0928385397
v -0.0183749664 -0.0031346638 0.0929909993
v -0.0183749664 -0.0031859223 0.0931461610
v -0.0183749664 -0.0032295057 0.0933036509
v -0.0183749664 -0.0032653088 0.0934630897
v -0.0183749664 -0.0032932456 0.0936240932
v -0.0183749664 -0.0033132486 0.0937862735
v -0.0183749664 -0.0033252697 0.0939492400
v -0.0183857487 -0.0031845287 0.0941126000
v -0.0183857487 -0.0031806928 0.0942688574
v -0.0183857487 -0.0031691943 0.0944247384
v -0.0183857487 -0.0031500610 0.0945798674
v -0.0183857487 -0.0031233389 0.0947338707
v -0.0183857487 -0.0030890924 0.0948863774
v -0.0183857487 -0.0030474040 0.0950370199
v -0.0183857487 -0.0029983741 0.0951854354
v -0.0183857487 -0.0029421209 0.0953312664
v -0.0183857487 -0.0028787798 0.0954741615
v -0.0183857487 -0.0028085036 0.0956137764
v -0.0183857487 -0.0027314614 0.0957497749
v -0.0183857487 -0.0026478388 0.0958818293
v -0.0183857487 -0.0025578374 0.0960096215
v -0.0183857487 -0.0024616740 0.0961328436
v -0.0183857487 -0.0023595801 0.0962511988
v -0.0183857487 -0.0022518018 0.0963644018
v -0.0183857487 -0.0021385988 0.0964721801
v -0.0183857487 -0.0020202436 0.0965742740
v -0.0183857487 -0.0018970215 0.0966704374
v -0.0183857487 -0.0017692293 0.0967604388
v -0.0183857487 -0.0016371749 0.0968440614
v -0.0183857487 -0.0015011764 0.0969211036
v -0.0183857487 -0.0013615615 0.0969913798
v -0.0183857487 -0.0012186664 0.0970547209
v -0.0183857487 -0.0010728354 0.0971109741
v -0.0183857487 -0.0009244199 0.0971600040
v -0.0183857487 -0.0007737774 0.0972016924
v -0.0183857487 -0.0006212707 0.0972359389
v -0.0183857487 -0.0004672674 0.0972626610
v -0.0183857487 -0.0003121384 0.0972817943
v -0.0183857487 -0.0001562574 0.0972932928
v -0.0183857487 -0.0000000000 0.0972971287
v -0.0183857487 0.0001562574 0.0972932928
v -0.0183857487 0.0003121384 0.0972817943
v -0.0183857487 0.0004672674 0.0972626610
v -0.0183857487 0.0006212707 0.0972359389
v -0.0183857487 0.0007737774 0.0972016924
v -0.0183857487 0.0009244199 0.0971600040
v -0.0183857487 0.0010728354 0.0971109741
v -0.0183857487 0.0012186664 0.0970547209
v -0.0183857487 0.0013615615 0.0969913798
v -0.0183857487 0.0015011764 0.0969211036
v -0.0183857487 0.0016371749 0.0968440614
v -0.0183857487 0.0017692293 0.0967604388
v -0.0183857487 0.0018970215 0.0966704374
v -0.0183857487 0.0020202436 0.0965742740
v -0.0183857487 0.0021385988 0.0964721801
v -0.0183857487 0.0022518018 0.0963644018
v -0.0183857487 0.0023595801 0.0962511988
v -0.0183857487 0.0024616740 0.0961328436
v -0.0183857487 0.0025578374 0.0960096215
v -0.0183857487 0.0026478388 0.0958818293
v -0.0183857487 0.0027314614 0.0957497749
v -0.0183857487 0.0028085036 0.0956137764
v -0.0183857487 0.0028787798 0.0954741615
v -0.0183857487 0.0029421209 0.0953312664
v -0.0183857487 0.0029983741 0.0951854354
v -0.0183857487 0.0030474040 0.0950370199
v -0.0183857487 0.0030890924 0.0948863774
v -0.0183857487 0.0031233389 0.0947338707
v -0.0183857487 0.0031500610 0.0945798674
v -0.0183857487 0.0031691943 0.0944247384
v -0.0183857487 0.0031806928 0.0942688574
v -0.0183857487 0.0031845287 0.0941126000
v -0.0183857487 0.0031806928 0.0939563426
v -0.0183857487 0.0031691943 0.0938004616
v -0.0183857487 0.0031500610 0.0936453326
v -0.0183857487 0.0031233389 0.0934913293
v -0.0183857487 0.0030890924 0.0933388226
v -0.0183857487 0.0030474040 0.0931881801
v -0.0183857487 0.0029983741 0.0930397646
v -0.0183857487 0.0029421209 0.0928939336
v -0.0183857487 0.0028787798 0.0927510385
v -0.0183857487 0.0028085036 0.0926114236
v -0.0183857487 0.0027314614 0.0924754251
v -0.0183857487 0.0026478388 0.0923433707
v -0.0183857487 0.0025578374 0.0922155785
v -0.0183857487 0.0024616740 0.0920923564
v -0.0183857487 0.0023595801 0.0919740012
v -0.0183857487 0.0022518018 0.0918607982
v -0.0183857487 0.0021385988 0.0917530199
v -0.0183857487 0.0020202436 0.0916509260
v -0.0183857487 0.0018970215 0.0915547626
v -0.0183857487 0.0017692293 0.0914647612
v -0.0183857487 0.0016371749 0.0913811386
v -0.0183857487 0.0015011764 0.0913040964
v -0.0183857487 0.0013615615 0.0912338202
v -0.0183857487 0.0012186664 0.0911704791
v -0.0183857487 0.0010728354 0.0911142259
v -0.0183857487 0.0009244199 0.0910651960
v -0.0183857487 0.0007737774 0.0910235076
v -0.0183857487 0.0006212707 0.0909892611
v -0.0183857487 0.0004672674 0.0909625390
v -0.0183857487 0.0003121384 0.0909434057
v -0.0183857487 0.0001562574 0.0909319072
v -0.0183857487 0.0000000000 0.0909280713
v -0.0183857487 -0.0001562574 0.0909319072
v -0.0183857487 -0.0003121384 0.0909434057
v -0.0183857487 -0.0004672674 0.0909625390
v -0.0183857487 -0.0006212707 0.0909892611
v -0.0183857487 -0.0007737774 0.0910235076
v -0.0183857487 -0.0009244199 0.0910651960
v -0.0183857487 -0.0010728354 0.0911142259
v -0.0183857487 -0.0012186664 0.0911704791
v -0.0183857487 -0.0013615615 0.0912338202
v -0.0183857487 -0.0015011764 0.0913040964
v -0.0183857487 -0.0016371749 0.0913811386
v -0.0183857487 -0.0017692293 0.0914647612
v -0.0183857487 -0.0018970215 0.0915547626
v -0.0183857487 -0.0020202436 0.0916509260
v -0.0183857487 -0.0021385988 0.0917530199
v -0.0183857487 -0.0022518018 0.0918607982
v -0.0183857487 -0.0023595801 0.0919740012
v -0.0183857487 -0.0024616740 0.0920923564
v -0.0183857487 -0.0025578374 0.0922155785
v -0.0183857487 -0.0026478388 0.0923433707
v -0.0183857487 -0.0027314614 0.0924754251
v -0.0183857487 -0.0028085036 0.0926114236
v -0.0183857487 -0.0028787798 0.0927510385
v -0.0183857487 -0.0029421209 0.0928939336
v -0.0183857487 -0.0029983741 0.0930397646
v -0.0183857487 -0.0030474040 0.0931881801
v -0.0183857487 -0.0030890924 0.0933388226
v -0.0183857487 -0.0031233389 0.0934913293
v -0.0183857487 -0.0031500610 0.0936453326
v -0.0183857487 -0.0031691943 0.0938004616
v -0.0183857487 -0.0031806928 0.0939563426
v -0.0183960257 -0.0030397774 0.0941126000
v -0.0183960257 -0.0030361158 0.0942617548
v -0.0183960257 -0.0030251400 0.0944105503
v -0.0183960257 -0.0030068764 0.0945586280
v -0.0183960257 -0.0029813689 0.0947056312
v -0.0183960257 -0.0029486791 0.0948512057
v -0.0183960257 -0.0029088856 0.0949950008
v -0.0183960257 -0.0028620844 0.0951366702
v -0.0183960257 -0.0028083881 0.0952758724
v -0.0183960257 -0.0027479262 0.0954122723
v -0.0183960257 -0.0026808443 0.0955455411
v -0.0183960257 -0.0026073040 0.0956753579
v -0.0183960257 -0.0025274825 0.0958014098
v -0.0183960257 -0.0024415721 0.0959233933
v -0.0183960257 -0.0023497797 0.0960410144
v -0.0183960257 -0.0022523265 0.0961539897
v -0.0183960257 -0.0021494472 0.0962620472
v -0.0183960257 -0.0020413897 0.0963649265
v -0.0183960257 -0.0019284144 0.0964623797
v -0.0183960257 -0.0018107933 0.0965541721
v -0.0183960257 -0.0016888098 0.0966400825
v -0.0183960257 -0.0015627579 0.0967199040
v -0.0183960257 -0.0014329411 0.0967934443
v -0.0183960257 -0.0012996723 0.0968605262
v -0.0183960257 -0.0011632724 0.0969209881
v -0.0183960257 -0.0010240702 0.0969746844
v -0.0183960257 -0.0008824008 0.0970214856
v -0.0183960257 -0.0007386057 0.0970612791
v -0.0183960257 -0.0005930312 0.0970939689
v -0.0183960257 -0.0004460280 0.0971194764
v -0.0183960257 -0.0002979503 0.0971377400
v -0.0183960257 -0.0001491548 0.0971487158
v -0.0183960257 -0.0000000000 0.0971523774
v -0.0183960257 0.0001491548 0.0971487158
v -0.0183960257 0.0002979503 0.0971377400
v -0.0183960257 0.0004460280 0.0971194764
v -0.0183960257 0.0005930312 0.0970939689
v -0.0183960257 0.0007386057 0.0970612791
v -0.0183960257 0.0008824008 0.0970214856
v -0.0183960257 0.0010240702 0.0969746844
v -0.0183960257 0.0011632724 0.0969209881
v -0.0183960257 0.0012996723 0.0968605262
v -0.0183960257 0.0014329411 0.0967934443
v -0.0183960257 0.0015627579 0.0967199040
v -0.0183960257 0.0016888098 0.0966400825
v -0.0183960257 0.0018107933 0.0965541721
v -0.0183960257 0.0019284144 0.0964623797
v -0.0183960257 0.0020413897 0.0963649265
v -0.0183960257 0.0021494472 0.0962620472
v -0.0183960257 0.0022523265 0.0961539897
v -0.0183960257 0.0023497797 0.0960410144
v -0.0183960257 0.0024415721 0.0959233933
v -0.0183960257 0.0025274825 0.0958014098
v -0.0183960257 0.0026073040 0.0956753579
v -0.0183960257 0.0026808443 0.0955455411
v -0.0183960257 0.0027479262 0.0954122723
v -0.0183960257 0.0028083881 0.0952758724
v -0.0183960257 0.0028620844 0.0951366702
v -0.0183960257 0.0029088856 0.0949950008
v -0.0183960257 0.0029486791 0.0948512057
v -0.0183960257 0.0029813689 0.0947056312
v -0.0183960257 0.0030068764 0.0945586280
v -0.0183960257 0.0030251400 0.0944105503
v -0.0183960257 0.0030361158 0.0942617548
v -0.0183960257 0.0030397774 0.0941126000
v -0.0183960257 0.0030361158 0.0939634452
v -0.0183960257 0.0030251400 0.0938146497
v -0.0183960257 0.0030068764 0.0936665720
v -0.0183960257 0.0029813689 0.0935195688
v -0.0183960257 0.0029486791 0.0933739943
v -0.0183960257 0.0029088856 0.0932301992
v -0.0183960257 0.0028620844 0.0930885298
v -0.0183960257 0.0028083881 0.0929493276
v -0.0183960257 0.0027479262 0.0928129277
v -0.0183960257 0.0026808443 0.0926796589
v -0.0183960257 0.0026073040 0.0925498421
v -0.0183960257 0.0025274825 0.0924237902
v -0.0183960257 0.0024415721 0.0923018067
v -0.0183960257 0.0023497797 0.0921841856
v -0.0183960257 0.0022523265 0.0920712103
v -0.0183960257 0.0021494472 0.0919631528
v -0.0183960257 0.0020413897 0.0918602735
v -0.0183960257 0.0019284144 0.0917628203
v -0.0183960257 0.0018107933 0.0916710279
v -0.0183960257 0.0016888098 0.0915851175
v -0.0183960257 0.0015627579 0.0915052960
v -0.0183960257 0.0014329411 0.0914317557
v -0.0183960257 0.0012996723 0.0913646738
v -0.0183960257 0.0011632724 0.0913042119
v -0.0183960257 0.0010240702 0.0912505156
v -0.0183960257 0.0008824008 0.0912037144
v -0.0183960257 0.0007386057 0.0911639209
v -0.0183960257 0.0005930312 0.0911312311
v -0.0183960257 0.0004460280 0.0911057236
v -0.0183960257 0.0002979503 0.0910874600
v -0.0183960257 0.0001491548 0.0910764842
v -0.0183960257 0.0000000000 0.0910728226
v -0.0183960257 -0.0001491548 0.0910764842
v -0.0183960257 -0.0002979503 0.0910874600
v -0.0183960257 -0.0004460280 0.0911057236
v -0.0183960257 -0.0005930312 0.0911312311
v -0.0183960257 -0.0007386057 0.0911639209
v -0.0183960257 -0.0008824008 0.0912037144
v -0.0183960257 -0.0010240702 0.0912505156
v -0.0183960257 -0.0011632724 0.0913042119
v -0.0183960257 -0.0012996723 0.0913646738
v -0.0183960257 -0.0014329411 0.0914317557
v -0.0183960257 -0.0015627579 0.0915052960
v -0.0183960257 -0.0016888098 0.0915851175
v -0.0183960257 -0.0018107933 0.0916710279
v -0.0183960257 -0.0019284144 0.0917628203
v -0.0183960257 -0.0020413897 0.0918602735
v -0.0183960257 -0.0021494472 0.0919631528
v -0.0183960257 -0.0022523265 0.0920712103
v -0.0183960257 -0.0023497797 0.0921841856
v -0.0183960257 -0.0024415721 0.0923018067
v -0.0183960257 -0.0025274825 0.0924237902
v -0.0183960257 -0.0026073040 0.0925498421
v -0.0183960257 -0.0026808443 0.0926796589
v -0.0183960257 -0.0027479262 0.0928129277
v -0.0183960257 -0.0028083881 0.0929493276
v -0.0183960257 -0.0028620844 0.0930885298
v -0.0183960257 -0.0029088856 0.0932301992
v -0.0183960257 -0.0029486791 0.0933739943
v -0.0183960257 -0.0029813689 0.0935195688
v -0.0183960257 -0.0030068764 0.0936665720
v -0.0183960257 -0.0030251400 0.0938146497
v -0.0183960257 -0.0030361158 0.0939634452
v -0.0184058012 -0.0028950261 0.0941126000
v -0.0184058012 -0.0028915389 0.0942546522
v -0.0184058012 -0.0028810857 0.0943963622
v -0.0184058012 -0.0028636918 0.0945373886
v -0.0184058012 -0.0028393990 0.0946773916
v -0.0184058012 -0.0028082658 0.0948160340
v -0.0184058012 -0.0027703672 0.0949529817
v -0.0184058012 -0.0027257946 0.0950879049
v -0.0184058012 -0.0026746553 0.0952204785
v -0.0184058012 -0.0026170726 0.0953503831
v -0.0184058012 -0.0025531851 0.0954773059
v -0.0184058012 -0.0024831467 0.0956009409
v -0.0184058012 -0.0024071262 0.0957209903
v -0.0184058012 -0.0023253068 0.0958371650
v -0.0184058012 -0.0022378854 0.0959491851
v -0.0184058012 -0.0021450728 0.0960567807
v -0.0184058012 -0.0020470926 0.0961596926
v -0.0184058012 -0.0019441807 0.0962576728
v -0.0184058012 -0.0018365851 0.0963504854
v -0.0184058012 -0.0017245650 0.0964379068
v -0.0184058012 -0.0016083903 0.0965197262
v -0.0184058012 -0.0014883409 0.0965957467
v -0.0184058012 -0.0013647059 0.0966657851
v -0.0184058012 -0.0012377831 0.0967296726
v -0.0184058012 -0.0011078785 0.0967872553
v -0.0184058012 -0.0009753049 0.0968383946
v -0.0184058012 -0.0008403817 0.0968829672
v -0.0184058012 -0.0007034340 0.0969208658
v -0.0184058012 -0.0005647916 0.0969519990
v -0.0184058012 -0.0004247886 0.0969762918
v -0.0184058012 -0.0002837622 0.0969936857
v -0.0184058012 -0.0001420522 0.0970041389
v -0.0184058012 -0.0000000000 0.0970076261
v -0.0184058012 0.0001420522 0.0970041389
v -0.0184058012 0.0002837622 0.0969936857
v -0.0184058012 0.0004247886 0.0969762918
v -0.0184058012 0.0005647916 0.0969519990
v -0.0184058012 0.0007034340 0.0969208658
v -0.0184058012 0.0008403817 0.0968829672
v -0.0184058012 0.0009753049 0.0968383946
v -0.0184058012 0.0011078785 0.0967872553
v -0.0184058012 0.0012377831 0.0967296726
v -0.0184058012 0.0013647059 0.0966657851
v -0.0184058012 0.0014883409 0.0965957467
v -0.0184058012 0.0016083903 0.0965197262
v -0.0184058012 0.0017245650 0.0964379068
v -0.0184058012 0.0018365851 0.0963504854
v -0.0184058012 0.0019441807 0.0962576728
v -0.0184058012 0.0020470926 0.0961596926
v -0.0184058012 0.0021450728 0.0960567807
v -0.0184058012 0.0022378854 0.0959491851
v -0.0184058012 0.0023253068 0.0958371650
v -0.0184058012 0.0024071262 0.0957209903
v -0.0184058012 0.0024831467 0.0956009409
v -0.0184058012 0.0025531851 0.0954773059
v -0.0184058012 0.0026170726 0.0953503831
v -0.0184058012 0.0026746553 0.0952204785
v -0.0184058012 0.0027257946 0.0950879049
v -0.0184058012 0.0027703672 0.0949529817
v -0.0184058012 0.0028082658 0.0948160340
v -0.0184058012 0.0028393990 0.0946773916
v -0.0184058012 0.0028636918 0.0945373886
v -0.0184058012 0.0028810857 0.0943963622
v -0.0184058012 0.0028915389 0.0942546522
v -0.0184058012 0.0028950261 0.0941126000
v -0.0184058012 0.0028915389 0.0939705478
v -0.0184058012 0.0028810857 0.0938288378
v -0.0184058012 0.0028636918 0.0936878114
v -0.0184058012 0.0028393990 0.0935478084
v -0.0184058012 0.0028082658 0.0934091660
v -0.0184058012 0.0027703672 0.0932722183
v -0.0184058012 0.0027257946 0.0931372951
v -0.0184058012 0.0026746553 0.0930047215
v -0.0184058012 0.0026170726 0.0928748169
v -0.0184058012 0.0025531851 0.0927478941
v -0.0184058012 0.0024831467 0.0926242591
v -0.0184058012 0.0024071262 0.0925042097
v -0.0184058012 0.0023253068 0.0923880350
v -0.0184058012 0.0022378854 0.0922760149
v -0.0184058012 0.0021450728 0.0921684193
v -0.0184058012 0.0020470926 0.0920655074
v -0.0184058012 0.0019441807 0.0919675272
v -0.0184058012 0.0018365851 0.0918747146
v -0.0184058012 0.0017245650 0.0917872932
v -0.0184058012 0.0016083903 0.0917054738
v -0.0184058012 0.0014883409 0.0916294533
v -0.0184058012 0.0013647059 0.0915594149
v -0.0184058012 0.0012377831 0.0914955274
v -0.0184058012 0.0011078785 0.0914379447
v -0.0184058012 0.0009753049 0.0913868054
v -0.0184058012 0.0008403817 0.0913422328
v -0.0184058012 0.0007034340 0.0913043342
v -0.0184058012 0.0005647916 0.0912732010
v -0.0184058012 0.0004247886 0.0912489082
v -0.0184058012 0.0002837622 0.0912315143
v -0.0184058012 0.0001420522 0.0912210611
v -0.0184058012 0.0000000000 0.0912175739
v -0.0184058012 -0.0001420522 0.0912210611
v -0.0184058012 -0.0002837622 0.0912315143
v -0.0184058012 -0.0004247886 0.0912489082
v -0.0184058012 -0.0005647916 0.0912732010
v -0.0184058012 -0.0007034340 0.0913043342
v -0.0184058012 -0.0008403817 0.0913422328
v -0.0184058012 -0.0009753049 0.0913868054
v -0.0184058012 -0.0011078785 0.0914379447
v -0.0184058012 -0.0012377831 0.0914955274
v -0.0184058012 -0.0013647059 0.0915594149
v -0.0184058012 -0.0014883409 0.0916294533
v -0.0184058012 -0.0016083903 0.0917054738
v -0.0184058012 -0.0017245650 0.0917872932
v -0.0184058012 -0.0018365851 0.0918747146
v -0.0184058012 -0.0019441807 0.0919675272
v -0.0184058012 -0.0020470926 0.0920655074
v -0.0184058012 -0.0021450728 0.0921684193
v -0.0184058012 -0.0022378854 0.0922760149
v -0.0184058012 -0.0023253068 0.0923880350
v -0.0184058012 -0.0024071262 0.0925042097
v -0.0184058012 -0.0024831467 0.0926242591
v -0.0184058012 -0.0025531851 0.0927478941
v -0.0184058012 -0.0026170726 0.0928748169
v -0.0184058012 -0.0026746553 0.0930047215
v -0.0184058012 -0.0027257946 0.0931372951
v -0.0184058012 -0.0027703672 0.0932722183
v -0.0184058012 -0.0028082658 0.0934091660
v -0.0184058012 -0.0028393990 0.0935478084
v -0.0184058012 -0.0028636918 0.0936878114
v -0.0184058012 -0.0028810857 0.0938288378
v -0.0184058012 -0.0028915389 0.0939705478
v -0.0184150787 -0.0027502748 0.0941126000
v -0.0184150787 -0.0027469620 0.0942475496
v -0.0184150787 -0.0027370315 0.0943821741
v -0.0184150787 -0.0027205072 0.0945161491
v -0.0184150787 -0.0026974290 0.0946491520
v -0.0184150787 -0.0026678525 0.0947808623
v -0.0184150787 -0.0026318489 0.0949109626
v -0.0184150787 -0.0025895049 0.0950391397
v -0.0184150787 -0.0025409226 0.0951650846
v -0.0184150787 -0.0024862190 0.0952884940
v -0.0184150787 -0.0024255258 0.0954090706
v -0.0184150787 -0.0023589894 0.0955265238
v -0.0184150787 -0.0022867699 0.0956405708
v -0.0184150787 -0.0022090414 0.0957509368
v -0.0184150787 -0.0021259912 0.0958573559
v -0.0184150787 -0.0020378192 0.0959595717
v -0.0184150787 -0.0019447379 0.0960573379
v -0.0184150787 -0.0018469717 0.0961504192
v -0.0184150787 -0.0017447559 0.0962385912
v -0.0184150787 -0.0016383368 0.0963216414
v -0.0184150787 -0.0015279708 0.0963993699
v -0.0184150787 -0.0014139238 0.0964715894
v -0.0184150787 -0.0012964706 0.0965381258
v -0.0184150787 -0.0011758940 0.0965988190
v -0.0184150787 -0.0010524846 0.0966535226
v -0.0184150787 -0.0009265397 0.0967021049
v -0.0184150787 -0.0007983626 0.0967444489
v -0.0184150787 -0.0006682623 0.0967804525
v -0.0184150787 -0.0005365520 0.0968100290
v -0.0184150787 -0.0004035491 0.0968331072
v -0.0184150787 -0.0002695741 0.0968496315
v -0.0184150787 -0.0001349496 0.0968595620
v -0.0184150787 -0.0000000000 0.0968628748
v -0.0184150787 0.0001349496 0.0968595620
v -0.0184150787 0.0002695741 0.0968496315
v -0.0184150787 0.0004035491 0.0968331072
v -0.0184150787 0.0005365520 0.0968100290
v -0.0184150787 0.0006682623 0.0967804525
v -0.0184150787 0.0007983626 0.0967444489
v -0.0184150787 0.0009265397 0.0967021049
v -0.0184150787 0.0010524846 0.0966535226
v -0.0184150787 0.0011758940 0.0965988190
v -0.0184150787 0.0012964706 0.0965381258
v -0.0184150787 0.0014139238 0.0964715894
v -0.0184150787 0.0015279708 0.0963993699
v -0.0184150787 0.0016383368 0.0963216414
v -0.0184150787 0.0017447559 0.0962385912
v -0.0184150787 0.0018469717 0.0961504192
v -0.0184150787 0.0019447379 0.0960573379
v -0.0184150787 0.0020378192 0.0959595717
v -0.0184150787 0.0021259912 0.0958573559
v -0.0184150787 0.0022090414 0.0957509368
v -0.0184150787 0.0022867699 0.0956405708
v -0.0184150787 0.0023589894 0.0955265238
v -0.0184150787 0.0024255258 0.0954090706
v -0.0184150787 0.0024862190 0.0952884940
v -0.0184150787 0.0025409226 0.0951650846
v -0.0184150787 0.0025895049 0.0950391397
v -0.0184150787 0.0026318489 0.0949109626
v -0.0184150787 0.0026678525 0.0947808623
v -0.0184150787 0.0026974290 0.0946491520
v -0.0184150787 0.0027205072 0.0945161491
v -0.0184150787 0.0027370315 0.0943821741
v -0.0184150787 0.0027469620 0.0942475496
v -0.0184150787 0.0027502748 0.0941126000
v -0.0184150787 0.0027469620 0.0939776504
v -0.0184150787 0.0027370315 0.0938430259
v -0.0184150787 0.0027205072 0.0937090509
v -0.0184150787 0.0026974290 0.0935760480
v -0.0184150787 0.0026678525 0.0934443377
v -0.0184150787 0.0026318489 0.0933142374
v -0.0184150787 0.0025895049 0.0931860603
v -0.0184150787 0.0025409226 0.0930601154
v -0.0184150787 0.0024862190 0.0929367060
v -0.0184150787 0.0024255258 0.0928161294
v -0.0184150787 0.0023589894 0.0926986762
v -0.0184150787 0.0022867699 0.0925846292
v -0.0184150787 0.0022090414 0.0924742632
v -0.0184150787 0.0021259912 0.0923678441
v -0.0184150787 0.0020378192 0.0922656283
v -0.0184150787 0.0019447379 0.0921678621
v -0.0184150787 0.0018469717 0.0920747808
v -0.0184150787 0.0017447559 0.0919866088
v -0.0184150787 0.0016383368 0.0919035586
v -0.0184150787 0.0015279708 0.0918258301
v -0.0184150787 0.0014139238 0.0917536106
v -0.0184150787 0.0012964706 0.0916870742
v -0.0184150787 0.0011758940 0.0916263810
v -0.0184150787 0.0010524846 0.0915716774
v -0.0184150787 0.0009265397 0.0915230951
v -0.0184150787 0.0007983626 0.0914807511
v -0.0184150787 0.0006682623 0.0914447475
v -0.0184150787 0.0005365520 0.0914151710
v -0.0184150787 0.0004035491 0.0913920928
v -0.0184150787 0.0002695741 0.0913755685
v -0.0184150787 0.0001349496 0.0913656380
v -0.0184150787 0.0000000000 0.0913623252
v -0.0184150787 -0.0001349496 0.0913656380
v -0.0184150787 -0.0002695741 0.0913755685
v -0.0184150787 -0.0004035491 0.0913920928
v -0.0184150787 -0.0005365520 0.0914151710
v -0.0184150787 -0.0006682623 0.0914447475
v -0.0184150787 -0.0007983626 0.0914807511
v -0.0184150787 -0.0009265397 0.0915230951
v -0.0184150787 -0.0010524846 0.0915716774
v -0.0184150787 -0.0011758940 0.0916263810
v -0.0184150787 -0.0012964706 0.0916870742
v -0.0184150787 -0.0014139238 0.0917536106
v -0.0184150787 -0.0015279708 0.0918258301
v -0.0184150787 -0.0016383368 0.0919035586
v -0.0184150787 -0.0017447559 0.0919866088
v -0.0184150787 -0.0018469717 0.0920747808
v -0.0184150787 -0.0019447379 0.0921678621
v -0.0184150787 -0.0020378192 0.0922656283
v -0.0184150787 -0.0021259912 0.0923678441
v -0.0184150787 -0.0022090414 0.0924742632
v -0.0184150787 -0.0022867699 0.0925846292
v -0.0184150787 -0.0023589894 0.0926986762
v -0.0184150787 -0.0024255258 0.0928161294
v -0.0184150787 -0.0024862190 0.0929367060
v -0.0184150787 -0.0025409226 0.0930601154
v -0.0184150787 -0.0025895049 0.0931860603
v -0.0184150787 -0.0026318489 0.0933142374
v -0.0184150787 -0.0026678525 0.0934443377
v -0.0184150787 -0.0026974290 0.0935760480
v -0.0184150787 -0.0027205072 0.0937090509
v -0.0184150787 -0.0027370315 0.0938430259
v -0.0184150787 -0.0027469620 0.0939776504
v -0.0184238614 -0.0026055235 0.0941126000
v -0.0184238614 -0.0026023850 0.0942404470
v -0.0184238614 -0.0025929772 0.0943679860
v -0.0184238614 -0.0025773226 0.0944949097
v -0.0184238614 -0.0025554591 0.0946209124
v -0.0184238614 -0.0025274392 0.0947456906
v -0.0184238614 -0.0024933305 0.0948689435
v -0.0184238614 -0.0024532152 0.0949903744
v -0.0184238614 -0.0024071898 0.0951096907
v -0.0184238614 -0.0023553653 0.0952266048
v -0.0184238614 -0.0022978666 0.0953408353
v -0.0184238614 -0.0022348320 0.0954521068
v -0.0184238614 -0.0021664136 0.0955601513
v -0.0184238614 -0.0020927761 0.0956647085
v -0.0184238614 -0.0020140969 0.0957655266
v -0.0184238614 -0.0019305656 0.0958623626
v -0.0184238614 -0.0018423833 0.0959549833
v -0.0184238614 -0.0017497626 0.0960431656
v -0.0184238614 -0.0016529266 0.0961266969
v -0.0184238614 -0.0015521085 0.0962053761
v -0.0184238614 -0.0014475513 0.0962790136
v -0.0184238614 -0.0013395068 0.0963474320
v -0.0184238614 -0.0012282353 0.0964104666
v -0.0184238614 -0.0011140048 0.0964679653
v -0.0184238614 -0.0009970907 0.0965197898
v -0.0184238614 -0.0008777744 0.0965658152
v -0.0184238614 -0.0007563435 0.0966059305
v -0.0184238614 -0.0006330906 0.0966400392
v -0.0184238614 -0.0005083124 0.0966680591
v -0.0184238614 -0.0003823097 0.0966899226
v -0.0184238614 -0.0002553860 0.0967055772
v -0.0184238614 -0.0001278470 0.0967149850
v -0.0184238614 -0.0000000000 0.0967181235
v -0.0184238614 0.0001278470 0.0967149850
v -0.0184238614 0.0002553860 0.0967055772
v -0.0184238614 0.0003823097 0.0966899226
v -0.0184238614 0.0005083124 0.0966680591
v -0.0184238614 0.0006330906 0.0966400392
v -0.0184238614 0.0007563435 0.0966059305
v -0.0184238614 0.0008777744 0.0965658152
v -0.0184238614 0.0009970907 0.0965197898
v -0.0184238614 0.0011140048 0.0964679653
v -0.0184238614 0.0012282353 0.0964104666
v -0.0184238614 0.0013395068 0.0963474320
v -0.0184238614 0.0014475513 0.0962790136
v -0.0184238614 0.0015521085 0.0962053761
v -0.0184238614 0.0016529266 0.0961266969
v -0.0184238614 0.0017497626 0.0960431656
v -0.0184238614 0.0018423833 0.0959549833
v -0.0184238614 0.0019305656 0.0958623626
v -0.0184238614 0.0020140969 0.0957655266
v -0.0184238614 0.0020927761 0.0956647085
v -0.0184238614 0.0021664136 0.0955601513
v -0.0184238614 0.0022348320 0.0954521068
v -0.0184238614 0.0022978666 0.0953408353
v -0.0184238614 0.0023553653 0.0952266048
v -0.0184238614 0.0024071898 0.0951096907
v -0.0184238614 0.0024532152 0.0949903744
v -0.0184238614 0.0024933305 0.0948689435
v -0.0184238614 0.0025274392 0.0947456906
v -0.0184238614 0.0025554591 0.0946209124
v -0.0184238614 0.0025773226 0.0944949097
v -0.0184238614 0.0025929772 0.0943679860
v -0.0184238614 0.0026023850 0.0942404470
v -0.0184238614 0.0026055235 0.0941126000
v -0.0184238614 0.0026023850 0.0939847530
v -0.0184238614 0.0025929772 0.0938572140
v -0.0184238614 0.0025773226 0.0937302903
v -0.0184238614 0.0025554591 0.0936042876
v -0.0184238614 0.0025274392 0.0934795094
v -0.0184238614 0.0024933305 0.0933562565
v -0.0184238614 0.0024532152 0.0932348256
v -0.0184238614 0.0024071898 0.0931155093
v -0.0184238614 0.0023553653 0.0929985952
v -0.0184238614 0.0022978666 0.0928843647
v -0.0184238614 0.0022348320 0.0927730932
v -0.0184238614 0.0021664136 0.0926650487
v -0.0184238614 0.0020927761 0.0925604915
v -0.0184238614 0.0020140969 0.0924596734
v -0.0184238614 0.0019305656 0.0923628374
v -0.0184238614 0.0018423833 0.0922702167
v -0.0184238614 0.0017497626 0.0921820344
v -0.0184238614 0.0016529266 0.0920985031
v -0.0184238614 0.0015521085 0.0920198239
v -0.0184238614 0.0014475513 0.0919461864
v -0.0184238614 0.0013395068 0.0918777680
v -0.0184238614 0.0012282353 0.0918147334
v -0.0184238614 0.0011140048 0.0917572347
v -0.0184238614 0.0009970907 0.0917054102
v -0.0184238614 0.0008777744 0.0916593848
v -0.0184238614 0.0007563435 0.0916192695
v -0.0184238614 0.0006330906 0.0915851608
v -0.0184238614 0.0005083124 0.0915571409
v -0.0184238614 0.0003823097 0.0915352774
v -0.0184238614 0.0002553860 0.0915196228
v -0.0184238614 0.0001278470 0.0915102150
v -0.0184238614 0.0000000000 0.0915070765
v -0.0184238614 -0.0001278470 0.0915102150
v -0.0184238614 -0.0002553860 0.0915196228
v -0.0184238614 -0.0003823097 0.0915352774
v -0.0184238614 -0.0005083124 0.0915571409
v -0.0184238614 -0.0006330906 0.0915851608
v -0.0184238614 -0.0007563435 0.0916192695
v -0.0184238614 -0.0008777744 0.0916593848
v -0.0184238614 -0.0009970907 0.0917054102
v -0.0184238614 -0.0011140048 0.0917572347
v -0.0184238614 -0.0012282353 0.0918147334
v -0.0184238614 -0.0013395068 0.0918777680
v -0.0184238614 -0.0014475513 0.0919461864
v -0.0184238614 -0.0015521085 0.0920198239
v -0.0184238614 -0.0016529266 0.0920985031
v -0.0184238614 -0.0017497626 0.0921820344
v -0.0184238614 -0.0018423833 0.0922702167
v -0.0184238614 -0.0019305656 0.0923628374
v -0.0184238614 -0.0020140969 0.0924596734
v -0.0184238614 -0.0020927761 0.0925604915
v -0.0184238614 -0.0021664136 0.0926650487
v -0.0184238614 -0.0022348320 0.0927730932
v -0.0184238614 -0.0022978666 0.0928843647
v -0.0184238614 -0.0023553653 0.0929985952
v -0.0184238614 -0.0024071898 0.0931155093
v -0.0184238614 -0.0024532152 0.0932348256
v -0.0184238614 -0.0024933305 0.0933562565
v -0.0184238614 -0.0025274392 0.0934795094
v -0.0184238614 -0.0025554591 0.0936042876
v -0.0184238614 -0.0025773226 0.0937302903
v -0.0184238614 -0.0025929772 0.0938572140
v -0.0184238614 -0.0026023850 0.0939847530
v -0.0184321526 -0.0024607722 0.0941126000
v -0.0184321526 -0.0024578081 0.0942333444
v -0.0184321526 -0.0024489229 0.0943537979
v -0.0184321526 -0.0024341380 0.0944736703
v -0.0184321526 -0.0024134891 0.0945926728
v -0.0184321526 -0.0023870259 0.0947105189
v -0.0184321526 -0.0023548122 0.0948269245
v -0.0184321526 -0.0023169254 0.0949416092
v -0.0184321526 -0.0022734570 0.0950542967
v -0.0184321526 -0.0022245117 0.0951647157
v -0.0184321526 -0.0021702073 0.0952726000
v -0.0184321526 -0.0021106747 0.0953776897
v -0.0184321526 -0.0020460573 0.0954797318
v -0.0184321526 -0.0019765107 0.0955784803
v -0.0184321526 -0.0019022026 0.0956736973
v -0.0184321526 -0.0018233119 0.0957651536
v -0.0184321526 -0.0017400287 0.0958526287
v -0.0184321526 -0.0016525536 0.0959359119
v -0.0184321526 -0.0015610973 0.0960148026
v -0.0184321526 -0.0014658803 0.0960891107
v -0.0184321526 -0.0013671318 0.0961586573
v -0.0184321526 -0.0012650897 0.0962232747
v -0.0184321526 -0.0011600000 0.0962828073
v -0.0184321526 -0.0010521157 0.0963371117
v -0.0184321526 -0.0009416967 0.0963860570
v -0.0184321526 -0.0008290092 0.0964295254
v -0.0184321526 -0.0007143245 0.0964674122
v -0.0184321526 -0.0005979189 0.0964996259
v -0.0184321526 -0.0004800728 0.0965260891
v -0.0184321526 -0.0003610703 0.0965467380
v -0.0184321526 -0.0002411979 0.0965615229
v -0.0184321526 -0.0001207444 0.0965704081
v -0.0184321526 -0.0000000000 0.0965733722
v -0.0184321526 0.0001207444 0.0965704081
v -0.0184321526 0.0002411979 0.0965615229
v -0.0184321526 0.0003610703 0.0965467380
v -0.0184321526 0.0004800728 0.0965260891
v -0.0184321526 0.0005979189 0.0964996259
v -0.0184321526 0.0007143245 0.0964674122
v -0.0184321526 0.0008290092 0.0964295254
v -0.0184321526 0.0009416967 0.0963860570
v -0.0184321526 0.0010521157 0.0963371117
v -0.0184321526 0.0011600000 0.0962828073
v -0.0184321526 0.0012650897 0.0962232747
v -0.0184321526 0.0013671318 0.0961586573
v -0.0184321526 0.0014658803 0.0960891107
v -0.0184321526 0.0015610973 0.0960148026
v -0.0184321526 0.0016525536 0.0959359119
v -0.0184321526 0.0017400287 0.0958526287
v -0.0184321526 0.0018233119 0.0957651536
v -0.0184321526 0.0019022026 0.0956736973
v -0.0184321526 0.0019765107 0.0955784803
v -0.0184321526 0.0020460573 0.0954797318
v -0.0184321526 0.0021106747 0.0953776897
v -0.0184321526 0.0021702073 0.0952726000
v -0.0184321526 0.0022245117 0.0951647157
v -0.0184321526 0.0022734570 0.0950542967
v -0.0184321526 0.0023169254 0.0949416092
v -0.0184321526 0.0023548122 0.0948269245
v -0.0184321526 0.0023870259 0.0947105189
v -0.0184321526 0.0024134891 0.0945926728
v -0.0184321526 0.0024341380 0.0944736703
v -0.0184321526 0.0024489229 0.0943537979
v -0.0184321526 0.0024578081 0.0942333444
v -0.0184321526 0.0024607722 0.0941126000
v -0.0184321526 0.0024578081 0.0939918556
v -0.0184321526 0.0024489229 0.0938714021
v -0.0184321526 0.0024341380 0.0937515297
v -0.0184321526 0.0024134891 0.0936325272
v -0.0184321526 0.0023870259 0.0935146811
v -0.0184321526 0.0023548122 0.0933982755
v -0.0184321526 0.0023169254 0.0932835908
v -0.0184321526 0.0022734570 0.0931709033
v -0.0184321526 0.0022245117 0.0930604843
v -0.0184321526 0.0021702073 0.0929526000
v -0.0184321526 0.0021106747 0.0928475103
v -0.0184321526 0.0020460573 0.0927454682
v -0.0184321526 0.0019765107 0.0926467197
v -0.0184321526 0.0019022026 0.0925515027
v -0.0184321526 0.0018233119 0.0924600464
v -0.0184321526 0.0017400287 0.0923725713
v -0.0184321526 0.0016525536 0.0922892881
v -0.0184321526 0.0015610973 0.0922103974
v -0.0184321526 0.0014658803 0.0921360893
v -0.0184321526 0.0013671318 0.0920665427
v -0.0184321526 0.0012650897 0.0920019253
v -0.0184321526 0.0011600000 0.0919423927
v -0.0184321526 0.0010521157 0.0918880883
v -0.0184321526 0.0009416967 0.0918391430
v -0.0184321526 0.0008290092 0.0917956746
v -0.0184321526 0.0007143245 0.0917577878
v -0.0184321526 0.0005979189 0.0917255741
v -0.0184321526 0.0004800728 0.0916991109
v -0.0184321526 0.0003610703 0.0916784620
v -0.0184321526 0.0002411979 0.0916636771
v -0.0184321526 0.0001207444 0.0916547919
v -0.0184321526 0.0000000000 0.0916518278
v -0.0184321526 -0.0001207444 0.0916547919
v -0.0184321526 -0.0002411979 0.0916636771
v -0.0184321526 -0.0003610703 0.0916784620
v -0.0184321526 -0.0004800728 0.0916991109
v -0.0184321526 -0.0005979189 0.0917255741
v -0.0184321526 -0.0007143245 0.0917577878
v -0.0184321526 -0.0008290092 0.0917956746
v -0.0184321526 -0.0009416967 0.0918391430
v -0.0184321526 -0.0010521157 0.0918880883
v -0.0184321526 -0.0011600000 0.0919423927
v -0.0184321526 -0.0012650897 0.0920019253
v -0.0184321526 -0.0013671318 0.0920665427
v -0.0184321526 -0.0014658803 0.0921360893
v -0.0184321526 -0.0015610973 0.0922103974
v -0.0184321526 -0.0016525536 0.0922892881
v -0.0184321526 -0.0017400287 0.0923725713
v -0.0184321526 -0.0018233119 0.0924600464
v -0.0184321526 -0.0019022026 0.0925515027
v -0.0184321526 -0.0019765107 0.0926467197
v -0.0184321526 -0.0020460573 0.0927454682
v -0.0184321526 -0.0021106747 0.0928475103
v -0.0184321526 -0.0021702073 0.0929526000
v -0.0184321526 -0.0022245117 0.0930604843
v -0.0184321526 -0.0022734570 0.0931709033
v -0.0184321526 -0.0023169254 0.0932835908
v -0.0184321526 -0.0023548122 0.0933982755
v -0.0184321526 -0.0023870259 0.0935146811
v -0.0184321526 -0.0024134891 0.0936325272
v -0.0184321526 -0.0024341380 0.0937515297
v -0.0184321526 -0.0024489229 0.0938714021
v -0.0184321526 -0.0024578081 0.0939918556
v -0.0184399551 -0.0023160209 0.0941126000
v -0.0184399551 -0.0023132311 0.0942262418
v -0.0184399551 -0.0023048686 0.0943396097
v -0.0184399551 -0.0022909534 0.0944524308
v -0.0184399551 -0.0022715192 0.0945644333
v -0.0184399551 -0.0022466126 0.0946753472
v -0.0184399551 -0.0022162938 0.0947849054
v -0.0184399551 -0.0021806357 0.0948928439
v -0.0184399551 -0.0021397243 0.0949989028
v -0.0184399551 -0.0020936581 0.0951028265
v -0.0184399551 -0.0020425481 0.0952043647
v -0.0184399551 -0.0019865174 0.0953032727
v -0.0184399551 -0.0019257010 0.0953993123
v -0.0184399551 -0.0018602454 0.0954922520
v -0.0184399551 -0.0017903083 0.0955818681
v -0.0184399551 -0.0017160583 0.0956679446
v -0.0184399551 -0.0016376741 0.0957502741
v -0.0184399551 -0.0015553446 0.0958286583
v -0.0184399551 -0.0014692681 0.0959029083
v -0.0184399551 -0.0013796520 0.0959728454
v -0.0184399551 -0.0012867123 0.0960383010
v -0.0184399551 -0.0011906727 0.0960991174
v -0.0184399551 -0.0010917647 0.0961551481
v -0.0184399551 -0.0009902265 0.0962062581
v -0.0184399551 -0.0008863028 0.0962523243
v -0.0184399551 -0.0007802439 0.0962932357
v -0.0184399551 -0.0006723054 0.0963288938
v -0.0184399551 -0.0005627472 0.0963592126
v -0.0184399551 -0.0004518333 0.0963841192
v -0.0184399551 -0.0003398308 0.0964035534
v -0.0184399551 -0.0002270097 0.0964174686
v -0.0184399551 -0.0001136418 0.0964258311
v -0.0184399551 -0.0000000000 0.0964286209
v -0.0184399551 0.0001136418 0.0964258311
v -0.0184399551 0.0002270097 0.0964174686
v -0.0184399551 0.0003398308 0.0964035534
v -0.0184399551 0.0004518333 0.0963841192
v -0.0184399551 0.0005627472 0.0963592126
v -0.0184399551 0.0006723054 0.0963288938
v -0.0184399551 0.0007802439 0.0962932357
v -0.0184399551 0.0008863028 0.0962523243
v -0.0184399551 0.0009902265 0.0962062581
v -0.0184399551 0.0010917647 0.0961551481
v -0.0184399551 0.0011906727 0.0960991174
v -0.0184399551 0.0012867123 0.0960383010
v -0.0184399551 0.0013796520 0.0959728454
v -0.0184399551 0.0014692681 0.0959029083
v -0.0184399551 0.0015553446 0.0958286583
v -0.0184399551 0.0016376741 0.0957502741
v -0.0184399551 0.0017160583 0.0956679446
v -0.0184399551 0.0017903083 0.0955818681
v -0.0184399551 0.0018602454 0.0954922520
v -0.0184399551 0.0019257010 0.0953993123
v -0.0184399551 0.0019865174 0.0953032727
v -0.0184399551 0.0020425481 0.0952043647
v -0.0184399551 0.0020936581 0.0951028265
v -0.0184399551 0.0021397243 0.0949989028
v -0.0184399551 0.0021806357 0.0948928439
v -0.0184399551 0.0022162938 0.0947849054
v -0.0184399551 0.0022466126 0.0946753472
v -0.0184399551 0.0022715192 0.0945644333
v -0.0184399551 0.0022909534 0.0944524308
v -0.0184399551 0.0023048686 0.0943396097
v -0.0184399551 0.0023132311 0.0942262418
v -0.0184399551 0.0023160209 0.0941126000
v -0.0184399551 0.0023132311 0.0939989582
v -0.0184399551 0.0023048686 0.0938855903
v -0.0184399551 0.0022909534 0.0937727692
v -0.0184399551 0.0022715192 0.0936607667
v -0.0184399551 0.0022466126 0.0935498528
v -0.0184399551 0.0022162938 0.0934402946
v -0.0184399551 0.0021806357 0.0933323561
v -0.0184399551 0.0021397243 0.0932262972
v -0.0184399551 0.0020936581 0.0931223735
v -0.0184399551 0.0020425481 0.0930208353
v -0.0184399551 0.0019865174 0.0929219273
v -0.0184399551 0.0019257010 0.0928258877
v -0.0184399551 0.0018602454 0.0927329480
v -0.0184399551 0.0017903083 0.0926433319
v -0.0184399551 0.0017160583 0.0925572554
v -0.0184399551 0.0016376741 0.0924749259
v -0.0184399551 0.0015553446 0.0923965417
v -0.0184399551 0.0014692681 0.0923222917
v -0.0184399551 0.0013796520 0.0922523546
v -0.0184399551 0.0012867123 0.0921868990
v -0.0184399551 0.0011906727 0.0921260826
v -0.0184399551 0.0010917647 0.0920700519
v -0.0184399551 0.0009902265 0.0920189419
v -0.0184399551 0.0008863028 0.0919728757
v -0.0184399551 0.0007802439 0.0919319643
v -0.0184399551 0.0006723054 0.0918963062
v -0.0184399551 0.0005627472 0.0918659874
v -0.0184399551 0.0004518333 0.0918410808
v -0.0184399551 0.0003398308 0.0918216466
v -0.0184399551 0.0002270097 0.0918077314
v -0.0184399551 0.0001136418 0.0917993689
v -0.0184399551 0.0000000000 0.0917965791
v -0.0184399551 -0.0001136418 0.0917993689
v -0.0184399551 -0.0002270097 0.0918077314
v -0.0184399551 -0.0003398308 0.0918216466
v -0.0184399551 -0.0004518333 0.0918410808
v -0.0184399551 -0.0005627472 0.0918659874
v -0.0184399551 -0.0006723054 0.0918963062
v -0.0184399551 -0.0007802439 0.0919319643
v -0.0184399551 -0.0008863028 0.0919728757
v -0.0184399551 -0.0009902265 0.0920189419
v -0.0184399551 -0.0010917647 0.0920700519
v -0.0184399551 -0.0011906727 0.0921260826
v -0.0184399551 -0.0012867123 0.0921868990
v -0.0184399551 -0.0013796520 0.0922523546
v -0.0184399551 -0.0014692681 0.0923222917
v -0.0184399551 -0.0015553446 0.0923965417
v -0.0184399551 -0.0016376741 0.0924749259
v -0.0184399551 -0.0017160583 0.0925572554
v -0.0184399551 -0.0017903083 0.0926433319
v -0.0184399551 -0.0018602454 0.0927329480
v -0.0184399551 -0.0019257010 0.0928258877
v -0.0184399551 -0.0019865174 0.0929219273
v -0.0184399551 -0.0020425481 0.0930208353
v -0.0184399551 -0.0020936581 0.0931223735
v -0.0184399551 -0.0021397243 0.0932262972
v -0.0184399551 -0.0021806357 0.0933323561
v -0.0184399551 -0.0022162938 0.0934402946
v -0.0184399551 -0.0022466126 0.0935498528
v -0.0184399551 -0.0022715192 0.0936607667
v -0.0184399551 -0.0022909534 0.0937727692
v -0.0184399551 -0.0023048686 0.0938855903
v -0.0184399551 -0.0023132311 0.0939989582
v -0.0184472716 -0.0021712696 0.0941126000
v -0.0184472716 -0.0021686542 0.0942191391
v -0.0184472716 -0.0021608143 0.0943254216
v -0.0184472716 -0.0021477689 0.0944311914
v -0.0184472716 -0.0021295492 0.0945361937
v -0.0184472716 -0.0021061993 0.0946401755
v -0.0184472716 -0.0020777754 0.0947428863
v -0.0184472716 -0.0020443460 0.0948440787
v -0.0184472716 -0.0020059915 0.0949435089
v -0.0184472716 -0.0019628044 0.0950409374
v -0.0184472716 -0.0019148888 0.0951361294
v -0.0184472716 -0.0018623600 0.0952288556
v -0.0184472716 -0.0018053447 0.0953188927
v -0.0184472716 -0.0017439801 0.0954060238
v -0.0184472716 -0.0016784141 0.0954900388
v -0.0184472716 -0.0016088046 0.0955707355
v -0.0184472716 -0.0015353194 0.0956479194
v -0.0184472716 -0.0014581355 0.0957214046
v -0.0184472716 -0.0013774388 0.0957910141
v -0.0184472716 -0.0012934238 0.0958565801
v -0.0184472716 -0.0012062927 0.0959179447
v -0.0184472716 -0.0011162556 0.0959749600
v -0.0184472716 -0.0010235294 0.0960274888
v -0.0184472716 -0.0009283374 0.0960754044
v -0.0184472716 -0.0008309089 0.0961185915
v -0.0184472716 -0.0007314787 0.0961569460
v -0.0184472716 -0.0006302863 0.0961903754
v -0.0184472716 -0.0005275755 0.0962187993
v -0.0184472716 -0.0004235937 0.0962421492
v -0.0184472716 -0.0003185914 0.0962603689
v -0.0184472716 -0.0002128216 0.0962734143
v -0.0184472716 -0.0001065391 0.0962812542
v -0.0184472716 -0.0000000000 0.0962838696
v -0.0184472716 0.0001065391 0.0962812542
v -0.0184472716 0.0002128216 0.0962734143
v -0.0184472716 0.0003185914 0.0962603689
v -0.0184472716 0.0004235937 0.0962421492
v -0.0184472716 0.0005275755 0.0962187993
v -0.0184472716 0.0006302863 0.0961903754
v -0.0184472716 0.0007314787 0.0961569460
v -0.0184472716 0.0008309089 0.0961185915
v -0.0184472716 0.0009283374 0.0960754044
v -0.0184472716 0.0010235294 0.0960274888
v -0.0184472716 0.0011162556 0.0959749600
v -0.0184472716 0.0012062927 0.0959179447
v -0.0184472716 0.0012934238 0.0958565801
v -0.0184472716 0.0013774388 0.0957910141
v -0.0184472716 0.0014581355 0.0957214046
v -0.0184472716 0.0015353194 0.0956479194
v -0.0184472716 0.0016088046 0.0955707355
v -0.0184472716 0.0016784141 0.0954900388
v -0.0184472716 0.0017439801 0.0954060238
v -0.0184472716 0.0018053447 0.0953188927
v -0.0184472716 0.0018623600 0.0952288556
v -0.0184472716 0.0019148888 0.0951361294
v -0.0184472716 0.0019628044 0.0950409374
v -0.0184472716 0.0020059915 0.0949435089
v -0.0184472716 0.0020443460 0.0948440787
v -0.0184472716 0.0020777754 0.0947428863
v -0.0184472716 0.0021061993 0.0946401755
v -0.0184472716 0.0021295492 0.0945361937
v -0.0184472716 0.0021477689 0.0944311914
v -0.0184472716 0.0021608143 0.0943254216
v -0.0184472716 0.0021686542 0.0942191391
v -0.0184472716 0.0021712696 0.0941126000
v -0.0184472716 0.0021686542 0.0940060609
v -0.0184472716 0.0021608143 0.0938997784
v -0.0184472716 0.0021477689 0.0937940086
v -0.0184472716 0.0021295492 0.0936890063
v -0.0184472716 0.0021061993 0.0935850245
v -0.0184472716 0.0020777754 0.0934823137
v -0.0184472716 0.0020443460 0.0933811213
v -0.0184472716 0.0020059915 0.0932816911
v -0.0184472716 0.0019628044 0.0931842626
v -0.0184472716 0.0019148888 0.0930890706
v -0.0184472716 0.0018623600 0.0929963444
v -0.0184472716 0.0018053447 0.0929063073
v -0.0184472716 0.0017439801 0.0928191762
v -0.0184472716 0.0016784141 0.0927351612
v -0.0184472716 0.0016088046 0.0926544645
v -0.0184472716 0.0015353194 0.0925772806
v -0.0184472716 0.0014581355 0.0925037954
v -0.0184472716 0.0013774388 0.0924341859
v -0.0184472716 0.0012934238 0.0923686199
v -0.0184472716 0.0012062927 0.0923072553
v -0.0184472716 0.0011162556 0.0922502400
v -0.0184472716 0.0010235294 0.0921977112
v -0.0184472716 0.0009283374 0.0921497956
v -0.0184472716 0.0008309089 0.0921066085
v -0.0184472716 0.0007314787 0.0920682540
v -0.0184472716 0.0006302863 0.0920348246
v -0.0184472716 0.0005275755 0.0920064007
v -0.0184472716 0.0004235937 0.0919830508
v -0.0184472716 0.0003185914 0.0919648311
v -0.0184472716 0.0002128216 0.0919517857
v -0.0184472716 0.0001065391 0.0919439458
v -0.0184472716 0.0000000000 0.0919413304
v -0.0184472716 -0.0001065391 0.0919439458
v -0.0184472716 -0.0002128216 0.0919517857
v -0.0184472716 -0.0003185914 0.0919648311
v -0.0184472716 -0.0004235937 0.0919830508
v -0.0184472716 -0.0005275755 0.0920064007
v -0.0184472716 -0.0006302863 0.0920348246
v -0.0184472716 -0.0007314787 0.0920682540
v -0.0184472716 -0.0008309089 0.0921066085
v -0.0184472716 -0.0009283374 0.0921497956
v -0.0184472716 -0.0010235294 0.0921977112
v -0.0184472716 -0.0011162556 0.0922502400
v -0.0184472716 -0.0012062927 0.0923072553
v -0.0184472716 -0.0012934238 0.0923686199
v -0.0184472716 -0.0013774388 0.0924341859
v -0.0184472716 -0.0014581355 0.0925037954
v -0.0184472716 -0.0015353194 0.0925772806
v -0.0184472716 -0.0016088046 0.0926544645
v -0.0184472716 -0.0016784141 0.0927351612
v -0.0184472716 -0.0017439801 0.0928191762
v -0.0184472716 -0.0018053447 0.0929063073
v -0.0184472716 -0.0018623600 0.0929963444
v -0.0184472716 -0.0019148888 0.0930890706
v -0.0184472716 -0.0019628044 0.0931842626
v -0.0184472716 -0.0020059915 0.0932816911
v -0.0184472716 -0.0020443460 0.0933811213
v -0.0184472716 -0.0020777754 0.0934823137
v -0.0184472716 -0.0021061993 0.0935850245
v -0.0184472716 -0.0021295492 0.0936890063
v -0.0184472716 -0.0021477689 0.0937940086
v -0.0184472716 -0.0021608143 0.0938997784
v -0.0184472716 -0.0021686542 0.0940060609
v -0.0184541046 -0.0020265183 0.0941126000
v -0.0184541046 -0.0020240772 0.0942120365
v -0.0184541046 -0.0020167600 0.0943112335
v -0.0184541046 -0.0020045843 0.0944099520
v -0.0184541046 -0.0019875793 0.0945079541
v -0.0184541046 -0.0019657860 0.0946050038
v -0.0184541046 -0.0019392571 0.0947008672
v -0.0184541046 -0.0019080562 0.0947953134
v -0.0184541046 -0.0018722587 0.0948881150
v -0.0184541046 -0.0018319508 0.0949790482
v -0.0184541046 -0.0017872295 0.0950678941
v -0.0184541046 -0.0017382027 0.0951544386
v -0.0184541046 -0.0016849884 0.0952384732
v -0.0184541046 -0.0016277147 0.0953197955
v -0.0184541046 -0.0015665198 0.0953982096
v -0.0184541046 -0.0015015510 0.0954735265
v -0.0184541046 -0.0014329648 0.0955455648
v -0.0184541046 -0.0013609265 0.0956141510
v -0.0184541046 -0.0012856096 0.0956791198
v -0.0184541046 -0.0012071955 0.0957403147
v -0.0184541046 -0.0011258732 0.0957975884
v -0.0184541046 -0.0010418386 0.0958508027
v -0.0184541046 -0.0009552941 0.0958998295
v -0.0184541046 -0.0008664482 0.0959445508
v -0.0184541046 -0.0007755150 0.0959848587
v -0.0184541046 -0.0006827134 0.0960206562
v -0.0184541046 -0.0005882672 0.0960518571
v -0.0184541046 -0.0004924038 0.0960783860
v -0.0184541046 -0.0003953541 0.0961001793
v -0.0184541046 -0.0002973520 0.0961171843
v -0.0184541046 -0.0001986335 0.0961293600
v -0.0184541046 -0.0000994365 0.0961366772
v -0.0184541046 -0.0000000000 0.0961391183
v -0.0184541046 0.0000994365 0.0961366772
v -0.0184541046 0.0001986335 0.0961293600
v -0.0184541046 0.0002973520 0.0961171843
v -0.0184541046 0.0003953541 0.0961001793
v -0.0184541046 0.0004924038 0.0960783860
v -0.0184541046 0.0005882672 0.0960518571
v -0.0184541046 0.0006827134 0.0960206562
v -0.0184541046 0.0007755150 0.0959848587
v -0.0184541046 0.0008664482 0.0959445508
v -0.0184541046 0.0009552941 0.0958998295
v -0.0184541046 0.0010418386 0.0958508027
v -0.0184541046 0.0011258732 0.0957975884
v -0.0184541046 0.0012071955 0.0957403147
v -0.0184541046 0.0012856096 0.0956791198
v -0.0184541046 0.0013609265 0.0956141510
v -0.0184541046 0.0014329648 0.0955455648
v -0.0184541046 0.0015015510 0.0954735265
v -0.0184541046 0.0015665198 0.0953982096
v -0.0184541046 0.0016277147 0.0953197955
v -0.0184541046 0.0016849884 0.0952384732
v -0.0184541046 0.0017382027 0.0951544386
v -0.0184541046 0.0017872295 0.0950678941
v -0.0184541046 0.0018319508 0.0949790482
v -0.0184541046 0.0018722587 0.0948881150
v -0.0184541046 0.0019080562 0.0947953134
v -0.0184541046 0.0019392571 0.0947008672
v -0.0184541046 0.0019657860 0.0946050038
v -0.0184541046 0.0019875793 0.0945079541
v -0.0184541046 0.0020045843 0.0944099520
v -0.0184541046 0.0020167600 0.0943112335
v -0.0184541046 0.0020240772 0.0942120365
v -0.0184541046 0.0020265183 0.0941126000
v -0.0184541046 0.0020240772 0.0940131635
v -0.0184541046 0.0020167600 0.0939139665
v -0.0184541046 0.0020045843 0.0938152480
v -0.0184541046 0.0019875793 0.0937172459
v -0.0184541046 0.0019657860 0.0936201962
v -0.0184541046 0.0019392571 0.0935243328
v -0.0184541046 0.0019080562 0.0934298866
v -0.0184541046 0.0018722587 0.0933370850
v -0.0184541046 0.0018319508 0.0932461518
v -0.0184541046 0.0017872295 0.0931573059
v -0.0184541046 0.0017382027 0.0930707614
v -0.0184541046 0.0016849884 0.0929867268
v -0.0184541046 0.0016277147 0.0929054045
v -0.0184541046 0.0015665198 0.0928269904
v -0.0184541046 0.0015015510 0.0927516735
v -0.0184541046 0.0014329648 0.0926796352
v -0.0184541046 0.0013609265 0.0926110490
v -0.0184541046 0.0012856096 0.0925460802
v -0.0184541046 0.0012071955 0.0924848853
v -0.0184541046 0.0011258732 0.0924276116
v -0.0184541046 0.0010418386 0.0923743973
v -0.0184541046 0.0009552941 0.0923253705
v -0.0184541046 0.0008664482 0.0922806492
v -0.0184541046 0.0007755150 0.0922403413
v -0.0184541046 0.0006827134 0.0922045438
v -0.0184541046 0.0005882672 0.0921733429
v -0.0184541046 0.0004924038 0.0921468140
v -0.0184541046 0.0003953541 0.0921250207
v -0.0184541046 0.0002973520 0.0921080157
v -0.0184541046 0.0001986335 0.0920958400
v -0.0184541046 0.0000994365 0.0920885228
v -0.0184541046 0.0000000000 0.0920860817
v -0.0184541046 -0.0000994365 0.0920885228
v -0.0184541046 -0.0001986335 0.0920958400
v -0.0184541046 -0.0002973520 0.0921080157
v -0.0184541046 -0.0003953541 0.0921250207
v -0.0184541046 -0.0004924038 0.0921468140
v -0.0184541046 -0.0005882672 0.0921733429
v -0.0184541046 -0.0006827134 0.0922045438
v -0.0184541046 -0.0007755150 0.0922403413
v -0.0184541046 -0.0008664482 0.0922806492
v -0.0184541046 -0.0009552941 0.0923253705
v -0.0184541046 -0.0010418386 0.0923743973
v -0.0184541046 -0.0011258732 0.0924276116
v -0.0184541046 -0.0012071955 0.0924848853
v -0.0184541046 -0.0012856096 0.0925460802
v -0.0184541046 -0.0013609265 0.0926110490
v -0.0184541046 -0.0014329648 0.0926796352
v -0.0184541046 -0.0015015510 0.0927516735
v -0.0184541046 -0.0015665198 0.0928269904
v -0.0184541046 -0.0016277147 0.0929054045
v -0.0184541046 -0.0016849884 0.0929867268
v -0.0184541046 -0.0017382027 0.0930707614
v -0.0184541046 -0.0017872295 0.0931573059
v -0.0184541046 -0.0018319508 0.0932461518
v -0.0184541046 -0.0018722587 0.0933370850
v -0.0184541046 -0.0019080562 0.0934298866
v -0.0184541046 -0.0019392571 0.0935243328
v -0.0184541046 -0.0019657860 0.0936201962
v -0.0184541046 -0.0019875793 0.0937172459
v -0.0184541046 -0.0020045843 0.0938152480
v -0.0184541046 -0.0020167600 0.0939139665
v -0.0184541046 -0.0020240772 0.0940131635
v -0.0184604564 -0.0018817670 0.0941126000
v -0.0184604564 -0.0018795003 0.0942049339
v -0.0184604564 -0.0018727057 0.0942970454
v -0.0184604564 -0.0018613997 0.0943887126
v -0.0184604564 -0.0018456093 0.0944797145
v -0.0184604564 -0.0018253728 0.0945698321
v -0.0184604564 -0.0018007387 0.0946588481
v -0.0184604564 -0.0017717665 0.0947465482
v -0.0184604564 -0.0017385260 0.0948327210
v -0.0184604564 -0.0017010972 0.0949171590
v -0.0184604564 -0.0016595703 0.0949996588
v -0.0184604564 -0.0016140454 0.0950800216
v -0.0184604564 -0.0015646320 0.0951580537
v -0.0184604564 -0.0015114494 0.0952335673
v -0.0184604564 -0.0014546255 0.0953063803
v -0.0184604564 -0.0013942973 0.0953763175
v -0.0184604564 -0.0013306102 0.0954432102
v -0.0184604564 -0.0012637175 0.0955068973
v -0.0184604564 -0.0011937803 0.0955672255
v -0.0184604564 -0.0011209673 0.0956240494
v -0.0184604564 -0.0010454537 0.0956772320
v -0.0184604564 -0.0009674216 0.0957266454
v -0.0184604564 -0.0008870588 0.0957721703
v -0.0184604564 -0.0008045590 0.0958136972
v -0.0184604564 -0.0007201210 0.0958511260
v -0.0184604564 -0.0006339482 0.0958843665
v -0.0184604564 -0.0005462481 0.0959133387
v -0.0184604564 -0.0004572321 0.0959379728
v -0.0184604564 -0.0003671145 0.0959582093
v -0.0184604564 -0.0002761126 0.0959739997
v -0.0184604564 -0.0001844454 0.0959853057
v -0.0184604564 -0.0000923339 0.0959921003
v -0.0184604564 -0.0000000000 0.0959943670
v -0.0184604564 0.0000923339 0.0959921003
v -0.0184604564 0.0001844454 0.0959853057
v -0.0184604564 0.0002761126 0.0959739997
v -0.0184604564 0.0003671145 0.0959582093
v -0.0184604564 0.0004572321 0.0959379728
v -0.0184604564 0.0005462481 0.0959133387
v -0.0184604564 0.0006339482 0.0958843665
v -0.0184604564 0.0007201210 0.0958511260
v -0.0184604564 0.0008045590 0.0958136972
v -0.0184604564 0.0008870588 0.0957721703
v -0.0184604564 0.0009674216 0.0957266454
v -0.0184604564 0.0010454537 0.0956772320
v -0.0184604564 0.0011209673 0.0956240494
v -0.0184604564 0.0011937803 0.0955672255
v -0.0184604564 0.0012637175 0.0955068973
v -0.0184604564 0.0013306102 0.0954432102
v -0.0184604564 0.0013942973 0.0953763175
v -0.0184604564 0.0014546255 0.0953063803
v -0.0184604564 0.0015114494 0.0952335673
v -0.0184604564 0.0015646320 0.0951580537
v -0.0184604564 0.0016140454 0.0950800216
v -0.0184604564 0.0016595703 0.0949996588
v -0.0184604564 0.0017010972 0.0949171590
v -0.0184604564 0.0017385260 0.0948327210
v -0.0184604564 0.0017717665 0.0947465482
v -0.0184604564 0.0018007387 0.0946588481
v -0.0184604564 0.0018253728 0.0945698321
v -0.0184604564 0.0018456093 0.0944797145
v -0.0184604564 0.0018613997 0.0943887126
v -0.0184604564 0.0018727057 0.0942970454
v -0.0184604564 0.0018795003 0.0942049339
v -0.0184604564 0.0018817670 0.0941126000
v -0.0184604564 0.0018795003 0.0940202661
v -0.0184604564 0.0018727057 0.0939281546
v -0.0184604564 0.0018613997 0.0938364874
v -0.0184604564 0.0018456093 0.0937454855
v -0.0184604564 0.0018253728 0.0936553679
v -0.0184604564 0.0018007387 0.0935663519
v -0.0184604564 0.0017717665 0.0934786518
v -0.0184604564 0.0017385260 0.0933924790
v -0.0184604564 0.0017010972 0.0933080410
v -0.0184604564 0.0016595703 0.0932255412
v -0.0184604564 0.0016140454 0.0931451784
v -0.0184604564 0.0015646320 0.0930671463
v -0.0184604564 0.0015114494 0.0929916327
v -0.0184604564 0.0014546255 0.0929188197
v -0.0184604564 0.0013942973 0.0928488825
v -0.0184604564 0.0013306102 0.0927819898
v -0.0184604564 0.0012637175 0.0927183027
v -0.0184604564 0.0011937803 0.0926579745
v -0.0184604564 0.0011209673 0.0926011506
v -0.0184604564 0.0010454537 0.0925479680
v -0.0184604564 0.0009674216 0.0924985546
v -0.0184604564 0.0008870588 0.0924530297
v -0.0184604564 0.0008045590 0.0924115028
v -0.0184604564 0.0007201210 0.0923740740
v -0.0184604564 0.0006339482 0.0923408335
v -0.0184604564 0.0005462481 0.0923118613
v -0.0184604564 0.0004572321 0.0922872272
v -0.0184604564 0.0003671145 0.0922669907
v -0.0184604564 0.0002761126 0.0922512003
v -0.0184604564 0.0001844454 0.0922398943
v -0.0184604564 0.0000923339 0.0922330997
v -0.0184604564 0.0000000000 0.0922308330
v -0.0184604564 -0.0000923339 0.0922330997
v -0.0184604564 -0.0001844454 0.0922398943
v -0.0184604564 -0.0002761126 0.0922512003
v -0.0184604564 -0.0003671145 0.0922669907
v -0.0184604564 -0.0004572321 0.0922872272
v -0.0184604564 -0.0005462481 0.0923118613
v -0.0184604564 -0.0006339482 0.0923408335
v -0.0184604564 -0.0007201210 0.0923740740
v -0.0184604564 -0.0008045590 0.0924115028
v -0.0184604564 -0.0008870588 0.0924530297
v -0.0184604564 -0.0009674216 0.0924985546
v -0.0184604564 -0.0010454537 0.0925479680
v -0.0184604564 -0.0011209673 0.0926011506
v -0.0184604564 -0.0011937803 0.0926579745
v -0.0184604564 -0.0012637175 0.0927183027
v -0.0184604564 -0.0013306102 0.0927819898
v -0.0184604564 -0.0013942973 0.0928488825
v -0.0184604564 -0.0014546255 0.0929188197
v -0.0184604564 -0.0015114494 0.0929916327
v -0.0184604564 -0.0015646320 0.0930671463
v -0.0184604564 -0.0016140454 0.0931451784
v -0.0184604564 -0.0016595703 0.0932255412
v -0.0184604564 -0.0017010972 0.0933080410
v -0.0184604564 -0.0017385260 0.0933924790
v -0.0184604564 -0.0017717665 0.0934786518
v -0.0184604564 -0.0018007387 0.0935663519
v -0.0184604564 -0.0018253728 0.0936553679
v -0.0184604564 -0.0018456093 0.0937454855
v -0.0184604564 -0.0018613997 0.0938364874
v -0.0184604564 -0.0018727057 0.0939281546
v -0.0184604564 -0.0018795003 0.0940202661
v -0.0184663293 -0.0017370157 0.0941126000
v -0.0184663293 -0.0017349233 0.0941978313
v -0.0184663293 -0.0017286514 0.0942828573
v -0.0184663293 -0.0017182151 0.0943674731
v -0.0184663293 -0.0017036394 0.0944514749
v -0.0184663293 -0.0016849595 0.0945346604
v -0.0184663293 -0.0016622203 0.0946168290
v -0.0184663293 -0.0016354768 0.0946977829
v -0.0184663293 -0.0016047932 0.0947773271
v -0.0184663293 -0.0015702436 0.0948552699
v -0.0184663293 -0.0015319110 0.0949314235
v -0.0184663293 -0.0014898880 0.0950056045
v -0.0184663293 -0.0014442757 0.0950776342
v -0.0184663293 -0.0013951841 0.0951473390
v -0.0184663293 -0.0013427313 0.0952145511
v -0.0184663293 -0.0012870437 0.0952791084
v -0.0184663293 -0.0012282555 0.0953408555
v -0.0184663293 -0.0011665084 0.0953996437
v -0.0184663293 -0.0011019511 0.0954553313
v -0.0184663293 -0.0010347390 0.0955077841
v -0.0184663293 -0.0009650342 0.0955568757
v -0.0184663293 -0.0008930045 0.0956024880
v -0.0184663293 -0.0008188235 0.0956445110
v -0.0184663293 -0.0007426699 0.0956828436
v -0.0184663293 -0.0006647271 0.0957173932
v -0.0184663293 -0.0005851829 0.0957480768
v -0.0184663293 -0.0005042290 0.0957748203
v -0.0184663293 -0.0004220604 0.0957975595
v -0.0184663293 -0.0003388749 0.0958162394
v -0.0184663293 -0.0002548731 0.0958308151
v -0.0184663293 -0.0001702573 0.0958412514
v -0.0184663293 -0.0000852313 0.0958475233
v -0.0184663293 -0.0000000000 0.0958496157
v -0.0184663293 0.0000852313 0.0958475233
v -0.0184663293 0.0001702573 0.0958412514
v -0.0184663293 0.0002548731 0.0958308151
v -0.0184663293 0.0003388749 0.0958162394
v -0.0184663293 0.0004220604 0.0957975595
v -0.0184663293 0.0005042290 0.0957748203
v -0.0184663293 0.0005851829 0.0957480768
v -0.0184663293 0.0006647271 0.0957173932
v -0.0184663293 0.0007426699 0.0956828436
v -0.0184663293 0.0008188235 0.0956445110
v -0.0184663293 0.0008930045 0.0956024880
v -0.0184663293 0.0009650342 0.0955568757
v -0.0184663293 0.0010347390 0.0955077841
v -0.0184663293 0.0011019511 0.0954553313
v -0.0184663293 0.0011665084 0.0953996437
v -0.0184663293 0.0012282555 0.0953408555
v -0.0184663293 0.0012870437 0.0952791084
v -0.0184663293 0.0013427313 0.0952145511
v -0.0184663293 0.0013951841 0.0951473390
v -0.0184663293 0.0014442757 0.0950776342
v -0.0184663293 0.0014898880 0.0950056045
v -0.0184663293 0.0015319110 0.0949314235
v -0.0184663293 0.0015702436 0.0948552699
v -0.0184663293 0.0016047932 0.0947773271
v -0.0184663293 0.0016354768 0.0946977829
v -0.0184663293 0.0016622203 0.0946168290
v -0.0184663293 0.0016849595 0.0945346604
v -0.0184663293 0.0017036394 0.0944514749
v -0.0184663293 0.0017182151 0.0943674731
v -0.0184663293 0.0017286514 0.0942828573
v -0.0184663293 0.0017349233 0.0941978313
v -0.0184663293 0.0017370157 0.0941126000
v -0.0184663293 0.0017349233 0.0940273687
v -0.0184663293 0.0017286514 0.0939423427
v -0.0184663293 0.0017182151 0.0938577269
v -0.0184663293 0.0017036394 0.0937737251
v -0.0184663293 0.0016849595 0.0936905396
v -0.0184663293 0.0016622203 0.0936083710
v -0.0184663293 0.0016354768 0.0935274171
v -0.0184663293 0.0016047932 0.0934478729
v -0.0184663293 0.0015702436 0.0933699301
v -0.0184663293 0.0015319110 0.0932937765
v -0.0184663293 0.0014898880 0.0932195955
v -0.0184663293 0.0014442757 0.0931475658
v -0.0184663293 0.0013951841 0.0930778610
v -0.0184663293 0.0013427313 0.0930106489
v -0.0184663293 0.0012870437 0.0929460916
v -0.0184663293 0.0012282555 0.0928843445
v -0.0184663293 0.0011665084 0.0928255563
v -0.0184663293 0.0011019511 0.0927698687
v -0.0184663293 0.0010347390 0.0927174159
v -0.0184663293 0.0009650342 0.0926683243
v -0.0184663293 0.0008930045 0.0926227120
v -0.0184663293 0.0008188235 0.0925806890
v -0.0184663293 0.0007426699 0.0925423564
v -0.0184663293 0.0006647271 0.0925078068
v -0.0184663293 0.0005851829 0.0924771232
v -0.0184663293 0.0005042290 0.0924503797
v -0.0184663293 0.0004220604 0.0924276405
v -0.0184663293 0.0003388749 0.0924089606
v -0.0184663293 0.0002548731 0.0923943849
v -0.0184663293 0.0001702573 0.0923839486
v -0.0184663293 0.0000852313 0.0923776767
v -0.0184663293 0.0000000000 0.0923755843
v -0.0184663293 -0.0000852313 0.0923776767
v -0.0184663293 -0.0001702573 0.0923839486
v -0.0184663293 -0.0002548731 0.0923943849
v -0.0184663293 -0.0003388749 0.0924089606
v -0.0184663293 -0.0004220604 0.0924276405
v -0.0184663293 -0.0005042290 0.0924503797
v -0.0184663293 -0.0005851829 0.0924771232
v -0.0184663293 -0.0006647271 0.0925078068
v -0.0184663293 -0.0007426699 0.0925423564
v -0.0184663293 -0.0008188235 0.0925806890
v -0.0184663293 -0.0008930045 0.0926227120
v -0.0184663293 -0.0009650342 0.0926683243
v -0.0184663293 -0.0010347390 0.0927174159
v -0.0184663293 -0.0011019511 0.0927698687
v -0.0184663293 -0.0011665084 0.0928255563
v -0.0184663293 -0.0012282555 0.0928843445
v -0.0184663293 -0.0012870437 0.0929460916
v -0.0184663293 -0.0013427313 0.0930106489
v -0.0184663293 -0.0013951841 0.0930778610
v -0.0184663293 -0.0014442757 0.0931475658
v -0.0184663293 -0.0014898880 0.0932195955
v -0.0184663293 -0.0015319110 0.0932937765
v -0.0184663293 -0.0015702436 0.0933699301
v -0.0184663293 -0.0016047932 0.0934478729
v -0.0184663293 -0.0016354768 0.0935274171
v -0.0184663293 -0.0016622203 0.0936083710
v -0.0184663293 -0.0016849595 0.0936905396
v -0.0184663293 -0.0017036394 0.0937737251
v -0.0184663293 -0.0017182151 0.0938577269
v -0.0184663293 -0.0017286514 0.0939423427
v -0.0184663293 -0.0017349233 0.0940273687
v -0.0184717251 -0.0015922643 0.0941126000
v -0.0184717251 -0.0015903464 0.0941907287
v -0.0184717251 -0.0015845972 0.0942686692
v -0.0184717251 -0.0015750305 0.0943462337
v -0.0184717251 -0.0015616694 0.0944232354
v -0.0184717251 -0.0015445462 0.0944994887
v -0.0184717251 -0.0015237020 0.0945748099
v -0.0184717251 -0.0014991870 0.0946490177
v -0.0184717251 -0.0014710604 0.0947219332
v -0.0184717251 -0.0014393899 0.0947933807
v -0.0184717251 -0.0014042518 0.0948631882
v -0.0184717251 -0.0013657307 0.0949311875
v -0.0184717251 -0.0013239194 0.0949972147
v -0.0184717251 -0.0012789187 0.0950611108
v -0.0184717251 -0.0012308370 0.0951227218
v -0.0184717251 -0.0011797901 0.0951818994
v -0.0184717251 -0.0011259009 0.0952385009
v -0.0184717251 -0.0010692994 0.0952923901
v -0.0184717251 -0.0010101218 0.0953434370
v -0.0184717251 -0.0009485108 0.0953915187
v -0.0184717251 -0.0008846147 0.0954365194
v -0.0184717251 -0.0008185875 0.0954783307
v -0.0184717251 -0.0007505882 0.0955168518
v -0.0184717251 -0.0006807807 0.0955519899
v -0.0184717251 -0.0006093332 0.0955836604
v -0.0184717251 -0.0005364177 0.0956117870
v -0.0184717251 -0.0004622099 0.0956363020
v -0.0184717251 -0.0003868887 0.0956571462
v -0.0184717251 -0.0003106354 0.0956742694
v -0.0184717251 -0.0002336337 0.0956876305
v -0.0184717251 -0.0001560692 0.0956971972
v -0.0184717251 -0.0000781287 0.0957029464
v -0.0184717251 -0.0000000000 0.0957048643
v -0.0184717251 0.0000781287 0.0957029464
v -0.0184717251 0.0001560692 0.0956971972
v -0.0184717251 0.0002336337 0.0956876305
v -0.0184717251 0.0003106354 0.0956742694
v -0.0184717251 0.0003868887 0.0956571462
v -0.0184717251 0.0004622099 0.0956363020
v -0.0184717251 0.0005364177 0.0956117870
v -0.0184717251 0.0006093332 0.0955836604
v -0.0184717251 0.0006807807 0.0955519899
v -0.0184717251 0.0007505882 0.0955168518
v -0.0184717251 0.0008185875 0.0954783307
v -0.0184717251 0.0008846147 0.0954365194
v -0.0184717251 0.0009485108 0.0953915187
v -0.0184717251 0.0010101218 0.0953434370
v -0.0184717251 0.0010692994 0.0952923901
v -0.0184717251 0.0011259009 0.0952385009
v -0.0184717251 0.0011797901 0.0951818994
v -0.0184717251 0.0012308370 0.0951227218
v -0.0184717251 0.0012789187 0.0950611108
v -0.0184717251 0.0013239194 0.0949972147
v -0.0184717251 0.0013657307 0.0949311875
v -0.0184717251 0.0014042518 0.0948631882
v -0.0184717251 0.0014393899 0.0947933807
v -0.0184717251 0.0014710604 0.0947219332
v -0.0184717251 0.0014991870 0.0946490177
v -0.0184717251 0.0015237020 0.0945748099
v -0.0184717251 0.0015445462 0.0944994887
v -0.0184717251 0.0015616694 0.0944232354
v -0.0184717251 0.0015750305 0.0943462337
v -0.0184717251 0.0015845972 0.0942686692
v -0.0184717251 0.0015903464 0.0941907287
v -0.0184717251 0.0015922643 0.0941126000
v -0.0184717251 0.0015903464 0.0940344713
v -0.0184717251 0.0015845972 0.0939565308
v -0.0184717251 0.0015750305 0.0938789663
v -0.0184717251 0.0015616694 0.0938019646
v -0.0184717251 0.0015445462 0.0937257113
v -0.0184717251 0.0015237020 0.0936503901
v -0.0184717251 0.0014991870 0.0935761823
v -0.0184717251 0.0014710604 0.0935032668
v -0.0184717251 0.0014393899 0.0934318193
v -0.0184717251 0.0014042518 0.0933620118
v -0.0184717251 0.0013657307 0.0932940125
v -0.0184717251 0.0013239194 0.0932279853
v -0.0184717251 0.0012789187 0.0931640892
v -0.0184717251 0.0012308370 0.0931024782
v -0.0184717251 0.0011797901 0.0930433006
v -0.0184717251 0.0011259009 0.0929866991
v -0.0184717251 0.0010692994 0.0929328099
v -0.0184717251 0.0010101218 0.0928817630
v -0.0184717251 0.0009485108 0.0928336813
v -0.0184717251 0.0008846147 0.0927886806
v -0.0184717251 0.0008185875 0.0927468693
v -0.0184717251 0.0007505882 0.0927083482
v -0.0184717251 0.0006807807 0.0926732101
v -0.0184717251 0.0006093332 0.0926415396
v -0.0184717251 0.0005364177 0.0926134130
v -0.0184717251 0.0004622099 0.0925888980
v -0.0184717251 0.0003868887 0.0925680538
v -0.0184717251 0.0003106354 0.0925509306
v -0.0184717251 0.0002336337 0.0925375695
v -0.0184717251 0.0001560692 0.0925280028
v -0.0184717251 0.0000781287 0.0925222536
v -0.0184717251 0.0000000000 0.0925203357
v -0.0184717251 -0.0000781287 0.0925222536
v -0.0184717251 -0.0001560692 0.0925280028
v -0.0184717251 -0.0002336337 0.0925375695
v -0.0184717251 -0.0003106354 0.0925509306
v -0.0184717251 -0.0003868887 0.0925680538
v -0.0184717251 -0.0004622099 0.0925888980
v -0.0184717251 -0.0005364177 0.0926134130
v -0.0184717251 -0.0006093332 0.0926415396
v -0.0184717251 -0.0006807807 0.0926732101
v -0.0184717251 -0.0007505882 0.0927083482
v -0.0184717251 -0.0008185875 0.0927468693
v -0.0184717251 -0.0008846147 0.0927886806
v -0.0184717251 -0.0009485108 0.0928336813
v -0.0184717251 -0.0010101218 0.0928817630
v -0.0184717251 -0.0010692994 0.0929328099
v -0.0184717251 -0.0011259009 0.0929866991
v -0.0184717251 -0.0011797901 0.0930433006
v -0.0184717251 -0.0012308370 0.0931024782
v -0.0184717251 -0.0012789187 0.0931640892
v -0.0184717251 -0.0013239194 0.0932279853
v -0.0184717251 -0.0013657307 0.0932940125
v -0.0184717251 -0.0014042518 0.0933620118
v -0.0184717251 -0.0014393899 0.0934318193
v -0.0184717251 -0.0014710604 0.0935032668
v -0.0184717251 -0.0014991870 0.0935761823
v -0.0184717251 -0.0015237020 0.0936503901
v -0.0184717251 -0.0015445462 0.0937257113
v -0.0184717251 -0.0015616694 0.0938019646
v -0.0184717251 -0.0015750305 0.0938789663
v -0.0184717251 -0.0015845972 0.0939565308
v -0.0184717251 -0.0015903464 0.0940344713
v -0.0184766458 -0.0014475130 0.0941126000
v -0.0184766458 -0.0014457695 0.0941836261
v -0.0184766458 -0.0014405429 0.0942544811
v -0.0184766458 -0.0014318459 0.0943249943
v -0.0184766458 -0.0014196995 0.0943949958
v -0.0184766458 -0.0014041329 0.0944643170
v -0.0184766458 -0.0013851836 0.0945327909
v -0.0184766458 -0.0013628973 0.0946002525
v -0.0184766458 -0.0013373277 0.0946665393
v -0.0184766458 -0.0013085363 0.0947314916
v -0.0184766458 -0.0012765925 0.0947949529
v -0.0184766458 -0.0012415734 0.0948567704
v -0.0184766458 -0.0012035631 0.0949167952
v -0.0184766458 -0.0011626534 0.0949748825
v -0.0184766458 -0.0011189427 0.0950308926
v -0.0184766458 -0.0010725364 0.0950846903
v -0.0184766458 -0.0010235463 0.0951361463
v -0.0184766458 -0.0009720903 0.0951851364
v -0.0184766458 -0.0009182926 0.0952315427
v -0.0184766458 -0.0008622825 0.0952752534
v -0.0184766458 -0.0008041952 0.0953161631
v -0.0184766458 -0.0007441704 0.0953541734
v -0.0184766458 -0.0006823529 0.0953891925
v -0.0184766458 -0.0006188916 0.0954211363
v -0.0184766458 -0.0005539393 0.0954499277
v -0.0184766458 -0.0004876525 0.0954754973
v -0.0184766458 -0.0004201909 0.0954977836
v -0.0184766458 -0.0003517170 0.0955167329
v -0.0184766458 -0.0002823958 0.0955322995
v -0.0184766458 -0.0002123943 0.0955444459
v -0.0184766458 -0.0001418811 0.0955531429
v -0.0184766458 -0.0000710261 0.0955583695
v -0.0184766458 -0.0000000000 0.0955601130
v -0.0184766458 0.0000710261 0.0955583695
v -0.0184766458 0.0001418811 0.0955531429
v -0.0184766458 0.0002123943 0.0955444459
v -0.0184766458 0.0002823958 0.0955322995
v -0.0184766458 0.0003517170 0.0955167329
v -0.0184766458 0.0004201909 0.0954977836
v -0.0184766458 0.0004876525 0.0954754973
v -0.0184766458 0.0005539393 0.0954499277
v -0.0184766458 0.0006188916 0.0954211363
v -0.0184766458 0.0006823529 0.0953891925
v -0.0184766458 0.0007441704 0.0953541734
v -0.0184766458 0.0008041952 0.0953161631
v -0.0184766458 0.0008622825 0.0952752534
v -0.0184766458 0.0009182926 0.0952315427
v -0.0184766458 0.0009720903 0.0951851364
v -0.0184766458 0.0010235463 0.0951361463
v -0.0184766458 0.0010725364 0.0950846903
v -0.0184766458 0.0011189427 0.0950308926
v -0.0184766458 0.0011626534 0.0949748825
v -0.0184766458 0.0012035631 0.0949167952
v -0.0184766458 0.0012415734 0.0948567704
v -0.0184766458 0.0012765925 0.0947949529
v -0.0184766458 0.0013085363 0.0947314916
v -0.0184766458 0.0013373277 0.0946665393
v -0.0184766458 0.0013628973 0.0946002525
v -0.0184766458 0.0013851836 0.0945327909
v -0.0184766458 0.0014041329 0.0944643170
v -0.0184766458 0.0014196995 0.0943949958
v -0.0184766458 0.0014318459 0.0943249943
v -0.0184766458 0.0014405429 0.0942544811
v -0.0184766458 0.0014457695 0.0941836261
v -0.0184766458 0.0014475130 0.0941126000
v -0.0184766458 0.0014457695 0.0940415739
v -0.0184766458 0.0014405429 0.0939707189
v -0.0184766458 0.0014318459 0.0939002057
v -0.0184766458 0.0014196995 0.0938302042
v -0.0184766458 0.0014041329 0.0937608830
v -0.0184766458 0.0013851836 0.0936924091
v -0.0184766458 0.0013628973 0.0936249475
v -0.0184766458 0.0013373277 0.0935586607
v -0.0184766458 0.0013085363 0.0934937084
v -0.0184766458 0.0012765925 0.0934302471
v -0.0184766458 0.0012415734 0.0933684296
v -0.0184766458 0.0012035631 0.0933084048
v -0.0184766458 0.0011626534 0.0932503175
v -0.0184766458 0.0011189427 0.0931943074
v -0.0184766458 0.0010725364 0.0931405097
v -0.0184766458 0.0010235463 0.0930890537
v -0.0184766458 0.0009720903 0.0930400636
v -0.0184766458 0.0009182926 0.0929936573
v -0.0184766458 0.0008622825 0.0929499466
v -0.0184766458 0.0008041952 0.0929090369
v -0.0184766458 0.0007441704 0.0928710266
v -0.0184766458 0.0006823529 0.0928360075
v -0.0184766458 0.0006188916 0.0928040637
v -0.0184766458 0.0005539393 0.0927752723
v -0.0184766458 0.0004876525 0.0927497027
v -0.0184766458 0.0004201909 0.0927274164
v -0.0184766458 0.0003517170 0.0927084671
v -0.0184766458 0.0002823958 0.0926929005
v -0.0184766458 0.0002123943 0.0926807541
v -0.0184766458 0.0001418811 0.0926720571
v -0.0184766458 0.0000710261 0.0926668305
v -0.0184766458 0.0000000000 0.0926650870
v -0.0184766458 -0.0000710261 0.0926668305
v -0.0184766458 -0.0001418811 0.0926720571
v -0.0184766458 -0.0002123943 0.0926807541
v -0.0184766458 -0.0002823958 0.0926929005
v -0.0184766458 -0.0003517170 0.0927084671
v -0.0184766458 -0.0004201909 0.0927274164
v -0.0184766458 -0.0004876525 0.0927497027
v -0.0184766458 -0.0005539393 0.0927752723
v -0.0184766458 -0.0006188916 0.0928040637
v -0.0184766458 -0.0006823529 0.0928360075
v -0.0184766458 -0.0007441704 0.0928710266
v -0.0184766458 -0.0008041952 0.0929090369
v -0.0184766458 -0.0008622825 0.0929499466
v -0.0184766458 -0.0009182926 0.0929936573
v -0.0184766458 -0.0009720903 0.0930400636
v -0.0184766458 -0.0010235463 0.0930890537
v -0.0184766458 -0.0010725364 0.0931405097
v -0.0184766458 -0.0011189427 0.0931943074
v -0.0184766458 -0.0011626534 0.0932503175
v -0.0184766458 -0.0012035631 0.0933084048
v -0.0184766458 -0.0012415734 0.0933684296
v -0.0184766458 -0.0012765925 0.0934302471
v -0.0184766458 -0.0013085363 0.0934937084
v -0.0184766458 -0.0013373277 0.0935586607
v -0.0184766458 -0.0013628973 0.0936249475
v -0.0184766458 -0.0013851836 0.0936924091
v -0.0184766458 -0.0014041329 0.0937608830
v -0.0184766458 -0.0014196995 0.0938302042
v -0.0184766458 -0.0014318459 0.0939002057
v -0.0184766458 -0.0014405429 0.0939707189
v -0.0184766458 -0.0014457695 0.0940415739
v -0.0184810930 -0.0013027617 0.0941126000
v -0.0184810930 -0.0013011925 0.0941765235
v -0.0184810930 -0.0012964886 0.0942402930
v -0.0184810930 -0.0012886613 0.0943037548
v -0.0184810930 -0.0012777295 0.0943667562
v -0.0184810930 -0.0012637196 0.0944291453
v -0.0184810930 -0.0012466653 0.0944907718
v -0.0184810930 -0.0012266076 0.0945514872
v -0.0184810930 -0.0012035949 0.0946111453
v -0.0184810930 -0.0011776827 0.0946696024
v -0.0184810930 -0.0011489333 0.0947267176
v -0.0184810930 -0.0011174160 0.0947823534
v -0.0184810930 -0.0010832068 0.0948363756
v -0.0184810930 -0.0010463880 0.0948886543
v -0.0184810930 -0.0010070484 0.0949390633
v -0.0184810930 -0.0009652828 0.0949874813
v -0.0184810930 -0.0009211917 0.0950337917
v -0.0184810930 -0.0008748813 0.0950778828
v -0.0184810930 -0.0008264633 0.0951196484
v -0.0184810930 -0.0007760543 0.0951589880
v -0.0184810930 -0.0007237756 0.0951958068
v -0.0184810930 -0.0006697534 0.0952300160
v -0.0184810930 -0.0006141176 0.0952615333
v -0.0184810930 -0.0005570024 0.0952902827
v -0.0184810930 -0.0004985453 0.0953161949
v -0.0184810930 -0.0004388872 0.0953392076
v -0.0184810930 -0.0003781718 0.0953592653
v -0.0184810930 -0.0003165453 0.0953763196
v -0.0184810930 -0.0002541562 0.0953903295
v -0.0184810930 -0.0001911548 0.0954012613
v -0.0184810930 -0.0001276930 0.0954090886
v -0.0184810930 -0.0000639235 0.0954137925
v -0.0184810930 -0.0000000000 0.0954153617
v -0.0184810930 0.0000639235 0.0954137925
v -0.0184810930 0.0001276930 0.0954090886
v -0.0184810930 0.0001911548 0.0954012613
v -0.0184810930 0.0002541562 0.0953903295
v -0.0184810930 0.0003165453 0.0953763196
v -0.0184810930 0.0003781718 0.0953592653
v -0.0184810930 0.0004388872 0.0953392076
v -0.0184810930 0.0004985453 0.0953161949
v -0.0184810930 0.0005570024 0.0952902827
v -0.0184810930 0.0006141176 0.0952615333
v -0.0184810930 0.0006697534 0.0952300160
v -0.0184810930 0.0007237756 0.0951958068
v -0.0184810930 0.0007760543 0.0951589880
v -0.0184810930 0.0008264633 0.0951196484
v -0.0184810930 0.0008748813 0.0950778828
v -0.0184810930 0.0009211917 0.0950337917
v -0.0184810930 0.0009652828 0.0949874813
v -0.0184810930 0.0010070484 0.0949390633
v -0.0184810930 0.0010463880 0.0948886543
v -0.0184810930 0.0010832068 0.0948363756
v -0.0184810930 0.0011174160 0.0947823534
v -0.0184810930 0.0011489333 0.0947267176
v -0.0184810930 0.0011776827 0.0946696024
v -0.0184810930 0.0012035949 0.0946111453
v -0.0184810930 0.0012266076 0.0945514872
v -0.0184810930 0.0012466653 0.0944907718
v -0.0184810930 0.0012637196 0.0944291453
v -0.0184810930 0.0012777295 0.0943667562
v -0.0184810930 0.0012886613 0.0943037548
v -0.0184810930 0.0012964886 0.0942402930
v -0.0184810930 0.0013011925 0.0941765235
v -0.0184810930 0.0013027617 0.0941126000
v -0.0184810930 0.0013011925 0.0940486765
v -0.0184810930 0.0012964886 0.0939849070
v -0.0184810930 0.0012886613 0.0939214452
v -0.0184810930 0.0012777295 0.0938584438
v -0.0184810930 0.0012637196 0.0937960547
v -0.0184810930 0.0012466653 0.0937344282
v -0.0184810930 0.0012266076 0.0936737128
v -0.0184810930 0.0012035949 0.0936140547
v -0.0184810930 0.0011776827 0.0935555976
v -0.0184810930 0.0011489333 0.0934984824
v -0.0184810930 0.0011174160 0.0934428466
v -0.0184810930 0.0010832068 0.0933888244
v -0.0184810930 0.0010463880 0.0933365457
v -0.0184810930 0.0010070484 0.0932861367
v -0.0184810930 0.0009652828 0.0932377187
v -0.0184810930 0.0009211917 0.0931914083
v -0.0184810930 0.0008748813 0.0931473172
v -0.0184810930 0.0008264633 0.0931055516
v -0.0184810930 0.0007760543 0.0930662120
v -0.0184810930 0.0007237756 0.0930293932
v -0.0184810930 0.0006697534 0.0929951840
v -0.0184810930 0.0006141176 0.0929636667
v -0.0184810930 0.0005570024 0.0929349173
v -0.0184810930 0.0004985453 0.0929090051
v -0.0184810930 0.0004388872 0.0928859924
v -0.0184810930 0.0003781718 0.0928659347
v -0.0184810930 0.0003165453 0.0928488804
v -0.0184810930 0.0002541562 0.0928348705
v -0.0184810930 0.0001911548 0.0928239387
v -0.0184810930 0.0001276930 0.0928161114
v -0.0184810930 0.0000639235 0.0928114075
v -0.0184810930 0.0000000000 0.0928098383
v -0.0184810930 -0.0000639235 0.0928114075
v -0.0184810930 -0.0001276930 0.0928161114
v -0.0184810930 -0.0001911548 0.0928239387
v -0.0184810930 -0.0002541562 0.0928348705
v -0.0184810930 -0.0003165453 0.0928488804
v -0.0184810930 -0.0003781718 0.0928659347
v -0.0184810930 -0.0004388872 0.0928859924
v -0.0184810930 -0.0004985453 0.0929090051
v -0.0184810930 -0.0005570024 0.0929349173
v -0.0184810930 -0.0006141176 0.0929636667
v -0.0184810930 -0.0006697534 0.0929951840
v -0.0184810930 -0.0007237756 0.0930293932
v -0.0184810930 -0.0007760543 0.0930662120
v -0.0184810930 -0.0008264633 0.0931055516
v -0.0184810930 -0.0008748813 0.0931473172
v -0.0184810930 -0.0009211917 0.0931914083
v -0.0184810930 -0.0009652828 0.0932377187
v -0.0184810930 -0.0010070484 0.0932861367
v -0.0184810930 -0.0010463880 0.0933365457
v -0.0184810930 -0.0010832068 0.0933888244
v -0.0184810930 -0.0011174160 0.0934428466
v -0.0184810930 -0.0011489333 0.0934984824
v -0.0184810930 -0.0011776827 0.0935555976
v -0.0184810930 -0.0012035949 0.0936140547
v -0.0184810930 -0.0012266076 0.0936737128
v -0.0184810930 -0.0012466653 0.0937344282
v -0.0184810930 -0.0012637196 0.0937960547
v -0.0184810930 -0.0012777295 0.0938584438
v -0.0184810930 -0.0012886613 0.0939214452
v -0.0184810930 -0.0012964886 0.0939849070
v -0.0184810930 -0.0013011925 0.0940486765
v -0.0184850681 -0.0011580104 0.0941126000
v -0.0184850681 -0.0011566156 0.0941694209
v -0.0184850681 -0.0011524343 0.0942261049
v -0.0184850681 -0.0011454767 0.0942825154
v -0.0184850681 -0.0011357596 0.0943385166
v -0.0184850681 -0.0011233063 0.0943939736
v -0.0184850681 -0.0011081469 0.0944487527
v -0.0184850681 -0.0010903179 0.0945027220
v -0.0184850681 -0.0010698621 0.0945557514
v -0.0184850681 -0.0010468290 0.0946077133
v -0.0184850681 -0.0010212740 0.0946584823
v -0.0184850681 -0.0009932587 0.0947079363
v -0.0184850681 -0.0009628505 0.0947559561
v -0.0184850681 -0.0009301227 0.0948024260
v -0.0184850681 -0.0008951542 0.0948472340
v -0.0184850681 -0.0008580291 0.0948902723
v -0.0184850681 -0.0008188370 0.0949314370
v -0.0184850681 -0.0007776723 0.0949706291
v -0.0184850681 -0.0007346340 0.0950077542
v -0.0184850681 -0.0006898260 0.0950427227
v -0.0184850681 -0.0006433561 0.0950754505
v -0.0184850681 -0.0005953363 0.0951058587
v -0.0184850681 -0.0005458823 0.0951338740
v -0.0184850681 -0.0004951133 0.0951594290
v -0.0184850681 -0.0004431514 0.0951824621
v -0.0184850681 -0.0003901220 0.0952029179
v -0.0184850681 -0.0003361527 0.0952207469
v -0.0184850681 -0.0002813736 0.0952359063
v -0.0184850681 -0.0002259166 0.0952483596
v -0.0184850681 -0.0001699154 0.0952580767
v -0.0184850681 -0.0001135049 0.0952650343
v -0.0184850681 -0.0000568209 0.0952692156
v -0.0184850681 -0.0000000000 0.0952706104
v -0.0184850681 0.0000568209 0.0952692156
v -0.0184850681 0.0001135049 0.0952650343
v -0.0184850681 0.0001699154 0.0952580767
v -0.0184850681 0.0002259166 0.0952483596
v -0.0184850681 0.0002813736 0.0952359063
v -0.0184850681 0.0003361527 0.0952207469
v -0.0184850681 0.0003901220 0.0952029179
v -0.0184850681 0.0004431514 0.0951824621
v -0.0184850681 0.0004951133 0.0951594290
v -0.0184850681 0.0005458823 0.0951338740
v -0.0184850681 0.0005953363 0.0951058587
v -0.0184850681 0.0006433561 0.0950754505
v -0.0184850681 0.0006898260 0.0950427227
v -0.0184850681 0.0007346340 0.0950077542
v -0.0184850681 0.0007776723 0.0949706291
v -0.0184850681 0.0008188370 0.0949314370
v -0.0184850681 0.0008580291 0.0948902723
v -0.0184850681 0.0008951542 0.0948472340
v -0.0184850681 0.0009301227 0.0948024260
v -0.0184850681 0.0009628505 0.0947559561
v -0.0184850681 0.0009932587 0.0947079363
v -0.0184850681 0.0010212740 0.0946584823
v -0.0184850681 0.0010468290 0.0946077133
v -0.0184850681 0.0010698621 0.0945557514
v -0.0184850681 0.0010903179 0.0945027220
v -0.0184850681 0.0011081469 0.0944487527
v -0.0184850681 0.0011233063 0.0943939736
v -0.0184850681 0.0011357596 0.0943385166
v -0.0184850681 0.0011454767 0.0942825154
v -0.0184850681 0.0011524343 0.0942261049
v -0.0184850681 0.0011566156 0.0941694209
v -0.0184850681 0.0011580104 0.0941126000
v -0.0184850681 0.0011566156 0.0940557791
v -0.0184850681 0.0011524343 0.0939990951
v -0.0184850681 0.0011454767 0.0939426846
v -0.0184850681 0.0011357596 0.0938866834
v -0.0184850681 0.0011233063 0.0938312264
v -0.0184850681 0.0011081469 0.0937764473
v -0.0184850681 0.0010903179 0.0937224780
v -0.0184850681 0.0010698621 0.0936694486
v -0.0184850681 0.0010468290 0.0936174867
v -0.0184850681 0.0010212740 0.0935667177
v -0.0184850681 0.0009932587 0.0935172637
v -0.0184850681 0.0009628505 0.0934692439
v -0.0184850681 0.0009301227 0.0934227740
v -0.0184850681 0.0008951542 0.0933779660
v -0.0184850681 0.0008580291 0.0933349277
v -0.0184850681 0.0008188370 0.0932937630
v -0.0184850681 0.0007776723 0.0932545709
v -0.0184850681 0.0007346340 0.0932174458
v -0.0184850681 0.0006898260 0.0931824773
v -0.0184850681 0.0006433561 0.0931497495
v -0.0184850681 0.0005953363 0.0931193413
v -0.0184850681 0.0005458823 0.0930913260
v -0.0184850681 0.0004951133 0.0930657710
v -0.0184850681 0.0004431514 0.0930427379
v -0.0184850681 0.0003901220 0.0930222821
v -0.0184850681 0.0003361527 0.0930044531
v -0.0184850681 0.0002813736 0.0929892937
v -0.0184850681 0.0002259166 0.0929768404
v -0.0184850681 0.0001699154 0.0929671233
v -0.0184850681 0.0001135049 0.0929601657
v -0.0184850681 0.0000568209 0.0929559844
v -0.0184850681 0.0000000000 0.0929545896
v -0.0184850681 -0.0000568209 0.0929559844
v -0.0184850681 -0.0001135049 0.0929601657
v -0.0184850681 -0.0001699154 0.0929671233
v -0.0184850681 -0.0002259166 0.0929768404
v -0.0184850681 -0.0002813736 0.0929892937
v -0.0184850681 -0.0003361527 0.0930044531
v -0.0184850681 -0.0003901220 0.0930222821
v -0.0184850681 -0.0004431514 0.0930427379
v -0.0184850681 -0.0004951133 0.0930657710
v -0.0184850681 -0.0005458823 0.0930913260
v -0.0184850681 -0.0005953363 0.0931193413
v -0.0184850681 -0.0006433561 0.0931497495
v -0.0184850681 -0.0006898260 0.0931824773
v -0.0184850681 -0.0007346340 0.0932174458
v -0.0184850681 -0.0007776723 0.0932545709
v -0.0184850681 -0.0008188370 0.0932937630
v -0.0184850681 -0.0008580291 0.0933349277
v -0.0184850681 -0.0008951542 0.0933779660
v -0.0184850681 -0.0009301227 0.0934227740
v -0.0184850681 -0.0009628505 0.0934692439
v -0.0184850681 -0.0009932587 0.0935172637
v -0.0184850681 -0.0010212740 0.0935667177
v -0.0184850681 -0.0010468290 0.0936174867
v -0.0184850681 -0.0010698621 0.0936694486
v -0.0184850681 -0.0010903179 0.0937224780
v -0.0184850681 -0.0011081469 0.0937764473
v -0.0184850681 -0.0011233063 0.0938312264
v -0.0184850681 -0.0011357596 0.0938866834
v -0.0184850681 -0.0011454767 0.0939426846
v -0.0184850681 -0.0011524343 0.0939990951
v -0.0184850681 -0.0011566156 0.0940557791
v -0.0184885724 -0.0010132591 0.0941126000
v -0.0184885724 -0.0010120386 0.0941623183
v -0.0184885724 -0.0010083800 0.0942119168
v -0.0184885724 -0.0010022921 0.0942612760
v -0.0184885724 -0.0009937896 0.0943102771
v -0.0184885724 -0.0009828930 0.0943588019
v -0.0184885724 -0.0009696285 0.0944067336
v -0.0184885724 -0.0009540281 0.0944539567
v -0.0184885724 -0.0009361294 0.0945003575
v -0.0184885724 -0.0009159754 0.0945458241
v -0.0184885724 -0.0008936148 0.0945902470
v -0.0184885724 -0.0008691013 0.0946335193
v -0.0184885724 -0.0008424942 0.0946755366
v -0.0184885724 -0.0008138574 0.0947161978
v -0.0184885724 -0.0007832599 0.0947554048
v -0.0184885724 -0.0007507755 0.0947930632
v -0.0184885724 -0.0007164824 0.0948290824
v -0.0184885724 -0.0006804632 0.0948633755
v -0.0184885724 -0.0006428048 0.0948958599
v -0.0184885724 -0.0006035978 0.0949264574
v -0.0184885724 -0.0005629366 0.0949550942
v -0.0184885724 -0.0005209193 0.0949817013
v -0.0184885724 -0.0004776470 0.0950062148
v -0.0184885724 -0.0004332241 0.0950285754
v -0.0184885724 -0.0003877575 0.0950487294
v -0.0184885724 -0.0003413567 0.0950666281
v -0.0184885724 -0.0002941336 0.0950822285
v -0.0184885724 -0.0002462019 0.0950954930
v -0.0184885724 -0.0001976771 0.0951063896
v -0.0184885724 -0.0001486760 0.0951148921
v -0.0184885724 -0.0000993168 0.0951209800
v -0.0184885724 -0.0000497183 0.0951246386
v -0.0184885724 -0.0000000000 0.0951258591
v -0.0184885724 0.0000497183 0.0951246386
v -0.0184885724 0.0000993168 0.0951209800
v -0.0184885724 0.0001486760 0.0951148921
v -0.0184885724 0.0001976771 0.0951063896
v -0.0184885724 0.0002462019 0.0950954930
v -0.0184885724 0.0002941336 0.0950822285
v -0.0184885724 0.0003413567 0.0950666281
v -0.0184885724 0.0003877575 0.0950487294
v -0.0184885724 0.0004332241 0.0950285754
v -0.0184885724 0.0004776470 0.0950062148
v -0.0184885724 0.0005209193 0.0949817013
v -0.0184885724 0.0005629366 0.0949550942
v -0.0184885724 0.0006035978 0.0949264574
v -0.0184885724 0.0006428048 0.0948958599
v -0.0184885724 0.0006804632 0.0948633755
v -0.0184885724 0.0007164824 0.0948290824
v -0.0184885724 0.0007507755 0.0947930632
v -0.0184885724 0.0007832599 0.0947554048
v -0.0184885724 0.0008138574 0.0947161978
v -0.0184885724 0.0008424942 0.0946755366
v -0.0184885724 0.0008691013 0.0946335193
v -0.0184885724 0.0008936148 0.0945902470
v -0.0184885724 0.0009159754 0.0945458241
v -0.0184885724 0.0009361294 0.0945003575
v -0.0184885724 0.0009540281 0.0944539567
v -0.0184885724 0.0009696285 0.0944067336
v -0.0184885724 0.0009828930 0.0943588019
v -0.0184885724 0.0009937896 0.0943102771
v -0.0184885724 0.0010022921 0.0942612760
v -0.0184885724 0.0010083800 0.0942119168
v -0.0184885724 0.0010120386 0.0941623183
v -0.0184885724 0.0010132591 0.0941126000
v -0.0184885724 0.0010120386 0.0940628817
v -0.0184885724 0.0010083800 0.0940132832
v -0.0184885724 0.0010022921 0.0939639240
v -0.0184885724 0.0009937896 0.0939149229
v -0.0184885724 0.0009828930 0.0938663981
v -0.0184885724 0.0009696285 0.0938184664
v -0.0184885724 0.0009540281 0.0937712433
v -0.0184885724 0.0009361294 0.0937248425
v -0.0184885724 0.0009159754 0.0936793759
v -0.0184885724 0.0008936148 0.0936349530
v -0.0184885724 0.0008691013 0.0935916807
v -0.0184885724 0.0008424942 0.0935496634
v -0.0184885724 0.0008138574 0.0935090022
v -0.0184885724 0.0007832599 0.0934697952
v -0.0184885724 0.0007507755 0.0934321368
v -0.0184885724 0.0007164824 0.0933961176
v -0.0184885724 0.0006804632 0.0933618245
v -0.0184885724 0.0006428048 0.0933293401
v -0.0184885724 0.0006035978 0.0932987426
v -0.0184885724 0.0005629366 0.0932701058
v -0.0184885724 0.0005209193 0.0932434987
v -0.0184885724 0.0004776470 0.0932189852
v -0.0184885724 0.0004332241 0.0931966246
v -0.0184885724 0.0003877575 0.0931764706
v -0.0184885724 0.0003413567 0.0931585719
v -0.0184885724 0.0002941336 0.0931429715
v -0.0184885724 0.0002462019 0.0931297070
v -0.0184885724 0.0001976771 0.0931188104
v -0.0184885724 0.0001486760 0.0931103079
v -0.0184885724 0.0000993168 0.0931042200
v -0.0184885724 0.0000497183 0.0931005614
v -0.0184885724 0.0000000000 0.0930993409
v -0.0184885724 -0.0000497183 0.0931005614
v -0.0184885724 -0.0000993168 0.0931042200
v -0.0184885724 -0.0001486760 0.0931103079
v -0.0184885724 -0.0001976771 0.0931188104
v -0.0184885724 -0.0002462019 0.0931297070
v -0.0184885724 -0.0002941336 0.0931429715
v -0.0184885724 -0.0003413567 0.0931585719
v -0.0184885724 -0.0003877575 0.0931764706
v -0.0184885724 -0.0004332241 0.0931966246
v -0.0184885724 -0.0004776470 0.0932189852
v -0.0184885724 -0.0005209193 0.0932434987
v -0.0184885724 -0.0005629366 0.0932701058
v -0.0184885724 -0.0006035978 0.0932987426
v -0.0184885724 -0.0006428048 0.0933293401
v -0.0184885724 -0.0006804632 0.0933618245
v -0.0184885724 -0.0007164824 0.0933961176
v -0.0184885724 -0.0007507755 0.0934321368
v -0.0184885724 -0.0007832599 0.0934697952
v -0.0184885724 -0.0008138574 0.0935090022
v -0.0184885724 -0.0008424942 0.0935496634
v -0.0184885724 -0.0008691013 0.0935916807
v -0.0184885724 -0.0008936148 0.0936349530
v -0.0184885724 -0.0009159754 0.0936793759
v -0.0184885724 -0.0009361294 0.0937248425
v -0.0184885724 -0.0009540281 0.0937712433
v -0.0184885724 -0.0009696285 0.0938184664
v -0.0184885724 -0.0009828930 0.0938663981
v -0.0184885724 -0.0009937896 0.0939149229
v -0.0184885724 -0.0010022921 0.0939639240
v -0.0184885724 -0.0010083800 0.0940132832
v -0.0184885724 -0.0010120386 0.0940628817
v -0.0184916072 -0.0008685078 0.0941126000
v -0.0184916072 -0.0008674617 0.0941552157
v -0.0184916072 -0.0008643257 0.0941977287
v -0.0184916072 -0.0008591075 0.0942400366
v -0.0184916072 -0.0008518197 0.0942820375
v -0.0184916072 -0.0008424797 0.0943236302
v -0.0184916072 -0.0008311102 0.0943647145
v -0.0184916072 -0.0008177384 0.0944051915
v -0.0184916072 -0.0008023966 0.0944449636
v -0.0184916072 -0.0007851218 0.0944839349
v -0.0184916072 -0.0007659555 0.0945220118
v -0.0184916072 -0.0007449440 0.0945591023
v -0.0184916072 -0.0007221379 0.0945951171
v -0.0184916072 -0.0006975920 0.0946299695
v -0.0184916072 -0.0006713656 0.0946635755
v -0.0184916072 -0.0006435219 0.0946958542
v -0.0184916072 -0.0006141278 0.0947267278
v -0.0184916072 -0.0005832542 0.0947561219
v -0.0184916072 -0.0005509755 0.0947839656
v -0.0184916072 -0.0005173695 0.0948101920
v -0.0184916072 -0.0004825171 0.0948347379
v -0.0184916072 -0.0004465023 0.0948575440
v -0.0184916072 -0.0004094118 0.0948785555
v -0.0184916072 -0.0003713349 0.0948977218
v -0.0184916072 -0.0003323636 0.0949149966
v -0.0184916072 -0.0002925915 0.0949303384
v -0.0184916072 -0.0002521145 0.0949437102
v -0.0184916072 -0.0002110302 0.0949550797
v -0.0184916072 -0.0001694375 0.0949644197
v -0.0184916072 -0.0001274366 0.0949717075
v -0.0184916072 -0.0000851287 0.0949769257
v -0.0184916072 -0.0000426157 0.0949800617
v -0.0184916072 -0.0000000000 0.0949811078
v -0.0184916072 0.0000426157 0.0949800617
v -0.0184916072 0.0000851287 0.0949769257
v -0.0184916072 0.0001274366 0.0949717075
v -0.0184916072 0.0001694375 0.0949644197
v -0.0184916072 0.0002110302 0.0949550797
v -0.0184916072 0.0002521145 0.0949437102
v -0.0184916072 0.0002925915 0.0949303384
v -0.0184916072 0.0003323636 0.0949149966
v -0.0184916072 0.0003713349 0.0948977218
v -0.0184916072 0.0004094118 0.0948785555
v -0.0184916072 0.0004465023 0.0948575440
v -0.0184916072 0.0004825171 0.0948347379
v -0.0184916072 0.0005173695 0.0948101920
v -0.0184916072 0.0005509755 0.0947839656
v -0.0184916072 0.0005832542 0.0947561219
v -0.0184916072 0.0006141278 0.0947267278
v -0.0184916072 0.0006435219 0.0946958542
v -0.0184916072 0.0006713656 0.0946635755
v -0.0184916072 0.0006975920 0.0946299695
v -0.0184916072 0.0007221379 0.0945951171
v -0.0184916072 0.0007449440 0.0945591023
v -0.0184916072 0.0007659555 0.0945220118
v -0.0184916072 0.0007851218 0.0944839349
v -0.0184916072 0.0008023966 0.0944449636
v -0.0184916072 0.0008177384 0.0944051915
v -0.0184916072 0.0008311102 0.0943647145
v -0.0184916072 0.0008424797 0.0943236302
v -0.0184916072 0.0008518197 0.0942820375
v -0.0184916072 0.0008591075 0.0942400366
v -0.0184916072 0.0008643257 0.0941977287
v -0.0184916072 0.0008674617 0.0941552157
v -0.0184916072 0.0008685078 0.0941126000
v -0.0184916072 0.0008674617 0.0940699843
v -0.0184916072 0.0008643257 0.0940274713
v -0.0184916072 0.0008591075 0.0939851634
v -0.0184916072 0.0008518197 0.0939431625
v -0.0184916072 0.0008424797 0.0939015698
v -0.0184916072 0.0008311102 0.0938604855
v -0.0184916072 0.0008177384 0.0938200085
v -0.0184916072 0.0008023966 0.0937802364
v -0.0184916072 0.0007851218 0.0937412651
v -0.0184916072 0.0007659555 0.0937031882
v -0.0184916072 0.0007449440 0.0936660977
v -0.0184916072 0.0007221379 0.0936300829
v -0.0184916072 0.0006975920 0.0935952305
v -0.0184916072 0.0006713656 0.0935616245
v -0.0184916072 0.0006435219 0.0935293458
v -0.0184916072 0.0006141278 0.0934984722
v -0.0184916072 0.0005832542 0.0934690781
v -0.0184916072 0.0005509755 0.0934412344
v -0.0184916072 0.0005173695 0.0934150080
v -0.0184916072 0.0004825171 0.0933904621
v -0.0184916072 0.0004465023 0.0933676560
v -0.0184916072 0.0004094118 0.0933466445
v -0.0184916072 0.0003713349 0.0933274782
v -0.0184916072 0.0003323636 0.0933102034
v -0.0184916072 0.0002925915 0.0932948616
v -0.0184916072 0.0002521145 0.0932814898
v -0.0184916072 0.0002110302 0.0932701203
v -0.0184916072 0.0001694375 0.0932607803
v -0.0184916072 0.0001274366 0.0932534925
v -0.0184916072 0.0000851287 0.0932482743
v -0.0184916072 0.0000426157 0.0932451383
v -0.0184916072 0.0000000000 0.0932440922
v -0.0184916072 -0.0000426157 0.0932451383
v -0.0184916072 -0.0000851287 0.0932482743
v -0.0184916072 -0.0001274366 0.0932534925
v -0.0184916072 -0.0001694375 0.0932607803
v -0.0184916072 -0.0002110302 0.0932701203
v -0.0184916072 -0.0002521145 0.0932814898
v -0.0184916072 -0.0002925915 0.0932948616
v -0.0184916072 -0.0003323636 0.0933102034
v -0.0184916072 -0.0003713349 0.0933274782
v -0.0184916072 -0.0004094118 0.0933466445
v -0.0184916072 -0.0004465023 0.0933676560
v -0.0184916072 -0.0004825171 0.0933904621
v -0.0184916072 -0.0005173695 0.0934150080
v -0.0184916072 -0.0005509755 0.0934412344
v -0.0184916072 -0.0005832542 0.0934690781
v -0.0184916072 -0.0006141278 0.0934984722
v -0.0184916072 -0.0006435219 0.0935293458
v -0.0184916072 -0.0006713656 0.0935616245
v -0.0184916072 -0.0006975920 0.0935952305
v -0.0184916072 -0.0007221379 0.0936300829
v -0.0184916072 -0.0007449440 0.0936660977
v -0.0184916072 -0.0007659555 0.0937031882
v -0.0184916072 -0.0007851218 0.0937412651
v -0.0184916072 -0.0008023966 0.0937802364
v -0.0184916072 -0.0008177384 0.0938200085
v -0.0184916072 -0.0008311102 0.0938604855
v -0.0184916072 -0.0008424797 0.0939015698
v -0.0184916072 -0.0008518197 0.0939431625
v -0.0184916072 -0.0008591075 0.0939851634
v -0.0184916072 -0.0008643257 0.0940274713
v -0.0184916072 -0.0008674617 0.0940699843
v -0.0184941734 -0.0007237565 0.0941126000
v -0.0184941734 -0.0007228847 0.0941481130
v -0.0184941734 -0.0007202714 0.0941835405
v -0.0184941734 -0.0007159230 0.0942187971
v -0.0184941734 -0.0007098497 0.0942537979
v -0.0184941734 -0.0007020664 0.0942884585
v -0.0184941734 -0.0006925918 0.0943226954
v -0.0184941734 -0.0006814487 0.0943564262
v -0.0184941734 -0.0006686638 0.0943895696
v -0.0184941734 -0.0006542681 0.0944220458
v -0.0184941734 -0.0006382963 0.0944537765
v -0.0184941734 -0.0006207867 0.0944846852
v -0.0184941734 -0.0006017816 0.0945146976
v -0.0184941734 -0.0005813267 0.0945437413
v -0.0184941734 -0.0005594714 0.0945717463
v -0.0184941734 -0.0005362682 0.0945986452
v -0.0184941734 -0.0005117731 0.0946243731
v -0.0184941734 -0.0004860452 0.0946488682
v -0.0184941734 -0.0004591463 0.0946720714
v -0.0184941734 -0.0004311413 0.0946939267
v -0.0184941734 -0.0004020976 0.0947143816
v -0.0184941734 -0.0003720852 0.0947333867
v -0.0184941734 -0.0003411765 0.0947508963
v -0.0184941734 -0.0003094458 0.0947668681
v -0.0184941734 -0.0002769696 0.0947812638
v -0.0184941734 -0.0002438262 0.0947940487
v -0.0184941734 -0.0002100954 0.0948051918
v -0.0184941734 -0.0001758585 0.0948146664
v -0.0184941734 -0.0001411979 0.0948224497
v -0.0184941734 -0.0001061971 0.0948285230
v -0.0184941734 -0.0000709405 0.0948328714
v -0.0184941734 -0.0000355130 0.0948354847
v -0.0184941734 -0.0000000000 0.0948363565
v -0.0184941734 0.0000355130 0.0948354847
v -0.0184941734 0.0000709405 0.0948328714
v -0.0184941734 0.0001061971 0.0948285230
v -0.0184941734 0.0001411979 0.0948224497
v -0.0184941734 0.0001758585 0.0948146664
v -0.0184941734 0.0002100954 0.0948051918
v -0.0184941734 0.0002438262 0.0947940487
v -0.0184941734 0.0002769696 0.0947812638
v -0.0184941734 0.0003094458 0.0947668681
v -0.0184941734 0.0003411765 0.0947508963
v -0.0184941734 0.0003720852 0.0947333867
v -0.0184941734 0.0004020976 0.0947143816
v -0.0184941734 0.0004311413 0.0946939267
v -0.0184941734 0.0004591463 0.0946720714
v -0.0184941734 0.0004860452 0.0946488682
v -0.0184941734 0.0005117731 0.0946243731
v -0.0184941734 0.0005362682 0.0945986452
v -0.0184941734 0.0005594714 0.0945717463
v -0.0184941734 0.0005813267 0.0945437413
v -0.0184941734 0.0006017816 0.0945146976
v -0.0184941734 0.0006207867 0.0944846852
v -0.0184941734 0.0006382963 0.0944537765
v -0.0184941734 0.0006542681 0.0944220458
v -0.0184941734 0.0006686638 0.0943895696
v -0.0184941734 0.0006814487 0.0943564262
v -0.0184941734 0.0006925918 0.0943226954
v -0.0184941734 0.0007020664 0.0942884585
v -0.0184941734 0.0007098497 0.0942537979
v -0.0184941734 0.0007159230 0.0942187971
v -0.0184941734 0.0007202714 0.0941835405
v -0.0184941734 0.0007228847 0.0941481130
v -0.0184941734 0.0007237565 0.0941126000
v -0.0184941734 0.0007228847 0.0940770870
v -0.0184941734 0.0007202714 0.0940416595
v -0.0184941734 0.0007159230 0.0940064029
v -0.0184941734 0.0007098497 0.0939714021
v -0.0184941734 0.0007020664 0.0939367415
v -0.0184941734 0.0006925918 0.0939025046
v -0.0184941734 0.0006814487 0.0938687738
v -0.0184941734 0.0006686638 0.0938356304
v -0.0184941734 0.0006542681 0.0938031542
v -0.0184941734 0.0006382963 0.0937714235
v -0.0184941734 0.0006207867 0.0937405148
v -0.0184941734 0.0006017816 0.0937105024
v -0.0184941734 0.0005813267 0.0936814587
v -0.0184941734 0.0005594714 0.0936534537
v -0.0184941734 0.0005362682 0.0936265548
v -0.0184941734 0.0005117731 0.0936008269
v -0.0184941734 0.0004860452 0.0935763318
v -0.0184941734 0.0004591463 0.0935531286
v -0.0184941734 0.0004311413 0.0935312733
v -0.0184941734 0.0004020976 0.0935108184
v -0.0184941734 0.0003720852 0.0934918133
v -0.0184941734 0.0003411765 0.0934743037
v -0.0184941734 0.0003094458 0.0934583319
v -0.0184941734 0.0002769696 0.0934439362
v -0.0184941734 0.0002438262 0.0934311513
v -0.0184941734 0.0002100954 0.0934200082
v -0.0184941734 0.0001758585 0.0934105336
v -0.0184941734 0.0001411979 0.0934027503
v -0.0184941734 0.0001061971 0.0933966770
v -0.0184941734 0.0000709405 0.0933923286
v -0.0184941734 0.0000355130 0.0933897153
v -0.0184941734 0.0000000000 0.0933888435
v -0.0184941734 -0.0000355130 0.0933897153
v -0.0184941734 -0.0000709405 0.0933923286
v -0.0184941734 -0.0001061971 0.0933966770
v -0.0184941734 -0.0001411979 0.0934027503
v -0.0184941734 -0.0001758585 0.0934105336
v -0.0184941734 -0.0002100954 0.0934200082
v -0.0184941734 -0.0002438262 0.0934311513
v -0.0184941734 -0.0002769696 0.0934439362
v -0.0184941734 -0.0003094458 0.0934583319
v -0.0184941734 -0.0003411765 0.0934743037
v -0.0184941734 -0.0003720852 0.0934918133
v -0.0184941734 -0.0004020976 0.0935108184
v -0.0184941734 -0.0004311413 0.0935312733
v -0.0184941734 -0.0004591463 0.0935531286
v -0.0184941734 -0.0004860452 0.0935763318
v -0.0184941734 -0.0005117731 0.0936008269
v -0.0184941734 -0.0005362682 0.0936265548
v -0.0184941734 -0.0005594714 0.0936534537
v -0.0184941734 -0.0005813267 0.0936814587
v -0.0184941734 -0.0006017816 0.0937105024
v -0.0184941734 -0.0006207867 0.0937405148
v -0.0184941734 -0.0006382963 0.0937714235
v -0.0184941734 -0.0006542681 0.0938031542
v -0.0184941734 -0.0006686638 0.0938356304
v -0.0184941734 -0.0006814487 0.0938687738
v -0.0184941734 -0.0006925918 0.0939025046
v -0.0184941734 -0.0007020664 0.0939367415
v -0.0184941734 -0.0007098497 0.0939714021
v -0.0184941734 -0.0007159230 0.0940064029
v -0.0184941734 -0.0007202714 0.0940416595
v -0.0184941734 -0.0007228847 0.0940770870
v -0.0184962719 -0.0005790052 0.0941126000
v -0.0184962719 -0.0005783078 0.0941410104
v -0.0184962719 -0.0005762171 0.0941693524
v -0.0184962719 -0.0005727384 0.0941975577
v -0.0184962719 -0.0005678798 0.0942255583
v -0.0184962719 -0.0005616532 0.0942532868
v -0.0184962719 -0.0005540734 0.0942806763
v -0.0184962719 -0.0005451589 0.0943076610
v -0.0184962719 -0.0005349311 0.0943341757
v -0.0184962719 -0.0005234145 0.0943601566
v -0.0184962719 -0.0005106370 0.0943855412
v -0.0184962719 -0.0004966293 0.0944102682
v -0.0184962719 -0.0004814252 0.0944342781
v -0.0184962719 -0.0004650614 0.0944575130
v -0.0184962719 -0.0004475771 0.0944799170
v -0.0184962719 -0.0004290146 0.0945014361
v -0.0184962719 -0.0004094185 0.0945220185
v -0.0184962719 -0.0003888361 0.0945416146
v -0.0184962719 -0.0003673170 0.0945601771
v -0.0184962719 -0.0003449130 0.0945776614
v -0.0184962719 -0.0003216781 0.0945940252
v -0.0184962719 -0.0002976682 0.0946092293
v -0.0184962719 -0.0002729412 0.0946232370
v -0.0184962719 -0.0002475566 0.0946360145
v -0.0184962719 -0.0002215757 0.0946475311
v -0.0184962719 -0.0001950610 0.0946577589
v -0.0184962719 -0.0001680763 0.0946666734
v -0.0184962719 -0.0001406868 0.0946742532
v -0.0184962719 -0.0001129583 0.0946804798
v -0.0184962719 -0.0000849577 0.0946853384
v -0.0184962719 -0.0000567524 0.0946888171
v -0.0184962719 -0.0000284104 0.0946909078
v -0.0184962719 -0.0000000000 0.0946916052
v -0.0184962719 0.0000284104 0.0946909078
v -0.0184962719 0.0000567524 0.0946888171
v -0.0184962719 0.0000849577 0.0946853384
v -0.0184962719 0.0001129583 0.0946804798
v -0.0184962719 0.0001406868 0.0946742532
v -0.0184962719 0.0001680763 0.0946666734
v -0.0184962719 0.0001950610 0.0946577589
v -0.0184962719 0.0002215757 0.0946475311
v -0.0184962719 0.0002475566 0.0946360145
v -0.0184962719 0.0002729412 0.0946232370
v -0.0184962719 0.0002976682 0.0946092293
v -0.0184962719 0.0003216781 0.0945940252
v -0.0184962719 0.0003449130 0.0945776614
v -0.0184962719 0.0003673170 0.0945601771
v -0.0184962719 0.0003888361 0.0945416146
v -0.0184962719 0.0004094185 0.0945220185
v -0.0184962719 0.0004290146 0.0945014361
v -0.0184962719 0.0004475771 0.0944799170
v -0.0184962719 0.0004650614 0.0944575130
v -0.0184962719 0.0004814252 0.0944342781
v -0.0184962719 0.0004966293 0.0944102682
v -0.0184962719 0.0005106370 0.0943855412
v -0.0184962719 0.0005234145 0.0943601566
v -0.0184962719 0.0005349311 0.0943341757
v -0.0184962719 0.0005451589 0.0943076610
v -0.0184962719 0.0005540734 0.0942806763
v -0.0184962719 0.0005616532 0.0942532868
v -0.0184962719 0.0005678798 0.0942255583
v -0.0184962719 0.0005727384 0.0941975577
v -0.0184962719 0.0005762171 0.0941693524
v -0.0184962719 0.0005783078 0.0941410104
v -0.0184962719 0.0005790052 0.0941126000
v -0.0184962719 0.0005783078 0.0940841896
v -0.0184962719 0.0005762171 0.0940558476
v -0.0184962719 0.0005727384 0.0940276423
v -0.0184962719 0.0005678798 0.0939996417
v -0.0184962719 0.0005616532 0.0939719132
v -0.0184962719 0.0005540734 0.0939445237
v -0.0184962719 0.0005451589 0.0939175390
v -0.0184962719 0.0005349311 0.0938910243
v -0.0184962719 0.0005234145 0.0938650434
v -0.0184962719 0.0005106370 0.0938396588
v -0.0184962719 0.0004966293 0.0938149318
v -0.0184962719 0.0004814252 0.0937909219
v -0.0184962719 0.0004650614 0.0937676870
v -0.0184962719 0.0004475771 0.0937452830
v -0.0184962719 0.0004290146 0.0937237639
v -0.0184962719 0.0004094185 0.0937031815
v -0.0184962719 0.0003888361 0.0936835854
v -0.0184962719 0.0003673170 0.0936650229
v -0.0184962719 0.0003449130 0.0936475386
v -0.0184962719 0.0003216781 0.0936311748
v -0.0184962719 0.0002976682 0.0936159707
v -0.0184962719 0.0002729412 0.0936019630
v -0.0184962719 0.0002475566 0.0935891855
v -0.0184962719 0.0002215757 0.0935776689
v -0.0184962719 0.0001950610 0.0935674411
v -0.0184962719 0.0001680763 0.0935585266
v -0.0184962719 0.0001406868 0.0935509468
v -0.0184962719 0.0001129583 0.0935447202
v -0.0184962719 0.0000849577 0.0935398616
v -0.0184962719 0.0000567524 0.0935363829
v -0.0184962719 0.0000284104 0.0935342922
v -0.0184962719 0.0000000000 0.0935335948
v -0.0184962719 -0.0000284104 0.0935342922
v -0.0184962719 -0.0000567524 0.0935363829
v -0.0184962719 -0.0000849577 0.0935398616
v -0.0184962719 -0.0001129583 0.0935447202
v -0.0184962719 -0.0001406868 0.0935509468
v -0.0184962719 -0.0001680763 0.0935585266
v -0.0184962719 -0.0001950610 0.0935674411
v -0.0184962719 -0.0002215757 0.0935776689
v -0.0184962719 -0.0002475566 0.0935891855
v -0.0184962719 -0.0002729412 0.0936019630
v -0.0184962719 -0.0002976682 0.0936159707
v -0.0184962719 -0.0003216781 0.0936311748
v -0.0184962719 -0.0003449130 0.0936475386
v -0.0184962719 -0.0003673170 0.0936650229
v -0.0184962719 -0.0003888361 0.0936835854
v -0.0184962719 -0.0004094185 0.0937031815
v -0.0184962719 -0.0004290146 0.0937237639
v -0.0184962719 -0.0004475771 0.0937452830
v -0.0184962719 -0.0004650614 0.0937676870
v -0.0184962719 -0.0004814252 0.0937909219
v -0.0184962719 -0.0004966293 0.0938149318
v -0.0184962719 -0.0005106370 0.0938396588
v -0.0184962719 -0.0005234145 0.0938650434
v -0.0184962719 -0.0005349311 0.0938910243
v -0.0184962719 -0.0005451589 0.0939175390
v -0.0184962719 -0.0005540734 0.0939445237
v -0.0184962719 -0.0005616532 0.0939719132
v -0.0184962719 -0.0005678798 0.0939996417
v -0.0184962719 -0.0005727384 0.0940276423
v -0.0184962719 -0.0005762171 0.0940558476
v -0.0184962719 -0.0005783078 0.0940841896
v -0.0184979033 -0.0004342539 0.0941126000
v -0.0184979033 -0.0004337308 0.0941339078
v -0.0184979033 -0.0004321629 0.0941551643
v -0.0184979033 -0.0004295538 0.0941763183
v -0.0184979033 -0.0004259098 0.0941973187
v -0.0184979033 -0.0004212399 0.0942181151
v -0.0184979033 -0.0004155551 0.0942386573
v -0.0184979033 -0.0004088692 0.0942588957
v -0.0184979033 -0.0004011983 0.0942787818
v -0.0184979033 -0.0003925609 0.0942982675
v -0.0184979033 -0.0003829778 0.0943173059
v -0.0184979033 -0.0003724720 0.0943358511
v -0.0184979033 -0.0003610689 0.0943538585
v -0.0184979033 -0.0003487960 0.0943712848
v -0.0184979033 -0.0003356828 0.0943880878
v -0.0184979033 -0.0003217609 0.0944042271
v -0.0184979033 -0.0003070639 0.0944196639
v -0.0184979033 -0.0002916271 0.0944343609
v -0.0184979033 -0.0002754878 0.0944482828
v -0.0184979033 -0.0002586848 0.0944613960
v -0.0184979033 -0.0002412585 0.0944736689
v -0.0184979033 -0.0002232511 0.0944850720
v -0.0184979033 -0.0002047059 0.0944955778
v -0.0184979033 -0.0001856675 0.0945051609
v -0.0184979033 -0.0001661818 0.0945137983
v -0.0184979033 -0.0001462957 0.0945214692
v -0.0184979033 -0.0001260573 0.0945281551
v -0.0184979033 -0.0001055151 0.0945338399
v -0.0184979033 -0.0000847187 0.0945385098
v -0.0184979033 -0.0000637183 0.0945421538
v -0.0184979033 -0.0000425643 0.0945447629
v -0.0184979033 -0.0000213078 0.0945463308
v -0.0184979033 -0.0000000000 0.0945468539
v -0.0184979033 0.0000213078 0.0945463308
v -0.0184979033 0.0000425643 0.0945447629
v -0.0184979033 0.0000637183 0.0945421538
v -0.0184979033 0.0000847187 0.0945385098
v -0.0184979033 0.0001055151 0.0945338399
v -0.0184979033 0.0001260573 0.0945281551
v -0.0184979033 0.0001462957 0.0945214692
v -0.0184979033 0.0001661818 0.0945137983
v -0.0184979033 0.0001856675 0.0945051609
v -0.0184979033 0.0002047059 0.0944955778
v -0.0184979033 0.0002232511 0.0944850720
v -0.0184979033 0.0002412585 0.0944736689
v -0.0184979033 0.0002586848 0.0944613960
v -0.0184979033 0.0002754878 0.0944482828
v -0.0184979033 0.0002916271 0.0944343609
v -0.0184979033 0.0003070639 0.0944196639
v -0.0184979033 0.0003217609 0.0944042271
v -0.0184979033 0.0003356828 0.0943880878
v -0.0184979033 0.0003487960 0.0943712848
v -0.0184979033 0.0003610689 0.0943538585
v -0.0184979033 0.0003724720 0.0943358511
v -0.0184979033 0.0003829778 0.0943173059
v -0.0184979033 0.0003925609 0.0942982675
v -0.0184979033 0.0004011983 0.0942787818
v -0.0184979033 0.0004088692 0.0942588957
v -0.0184979033 0.0004155551 0.0942386573
v -0.0184979033 0.0004212399 0.0942181151
v -0.0184979033 0.0004259098 0.0941973187
v -0.0184979033 0.0004295538 0.0941763183
v -0.0184979033 0.0004321629 0.0941551643
v -0.0184979033 0.0004337308 0.0941339078
v -0.0184979033 0.0004342539 0.0941126000
v -0.0184979033 0.0004337308 0.0940912922
v -0.0184979033 0.0004321629 0.0940700357
v -0.0184979033 0.0004295538 0.0940488817
v -0.0184979033 0.0004259098 0.0940278813
v -0.0184979033 0.0004212399 0.0940070849
v -0.0184979033 0.0004155551 0.0939865427
v -0.0184979033 0.0004088692 0.0939663043
v -0.0184979033 0.0004011983 0.0939464182
v -0.0184979033 0.0003925609 0.0939269325
v -0.0184979033 0.0003829778 0.0939078941
v -0.0184979033 0.0003724720 0.0938893489
v -0.0184979033 0.0003610689 0.0938713415
v -0.0184979033 0.0003487960 0.0938539152
v -0.0184979033 0.0003356828 0.0938371122
v -0.0184979033 0.0003217609 0.0938209729
v -0.0184979033 0.0003070639 0.0938055361
v -0.0184979033 0.0002916271 0.0937908391
v -0.0184979033 0.0002754878 0.0937769172
v -0.0184979033 0.0002586848 0.0937638040
v -0.0184979033 0.0002412585 0.0937515311
v -0.0184979033 0.0002232511 0.0937401280
v -0.0184979033 0.0002047059 0.0937296222
v -0.0184979033 0.0001856675 0.0937200391
v -0.0184979033 0.0001661818 0.0937114017
v -0.0184979033 0.0001462957 0.0937037308
v -0.0184979033 0.0001260573 0.0936970449
v -0.0184979033 0.0001055151 0.0936913601
v -0.0184979033 0.0000847187 0.0936866902
v -0.0184979033 0.0000637183 0.0936830462
v -0.0184979033 0.0000425643 0.0936804371
v -0.0184979033 0.0000213078 0.0936788692
v -0.0184979033 0.0000000000 0.0936783461
v -0.0184979033 -0.0000213078 0.0936788692
v -0.0184979033 -0.0000425643 0.0936804371
v -0.0184979033 -0.0000637183 0.0936830462
v -0.0184979033 -0.0000847187 0.0936866902
v -0.0184979033 -0.0001055151 0.0936913601
v -0.0184979033 -0.0001260573 0.0936970449
v -0.0184979033 -0.0001462957 0.0937037308
v -0.0184979033 -0.0001661818 0.0937114017
v -0.0184979033 -0.0001856675 0.0937200391
v -0.0184979033 -0.0002047059 0.0937296222
v -0.0184979033 -0.0002232511 0.0937401280
v -0.0184979033 -0.0002412585 0.0937515311
v -0.0184979033 -0.0002586848 0.0937638040
v -0.0184979033 -0.0002754878 0.0937769172
v -0.0184979033 -0.0002916271 0.0937908391
v -0.0184979033 -0.0003070639 0.0938055361
v -0.0184979033 -0.0003217609 0.0938209729
v -0.0184979033 -0.0003356828 0.0938371122
v -0.0184979033 -0.0003487960 0.0938539152
v -0.0184979033 -0.0003610689 0.0938713415
v -0.0184979033 -0.0003724720 0.0938893489
v -0.0184979033 -0.0003829778 0.0939078941
v -0.0184979033 -0.0003925609 0.0939269325
v -0.0184979033 -0.0004011983 0.0939464182
v -0.0184979033 -0.0004088692 0.0939663043
v -0.0184979033 -0.0004155551 0.0939865427
v -0.0184979033 -0.0004212399 0.0940070849
v -0.0184979033 -0.0004259098 0.0940278813
v -0.0184979033 -0.0004295538 0.0940488817
v -0.0184979033 -0.0004321629 0.0940700357
v -0.0184979033 -0.0004337308 0.0940912922
v -0.0184990683 -0.0002895026 0.0941126000
v -0.0184990683 -0.0002891539 0.0941268052
v -0.0184990683 -0.0002881086 0.0941409762
v -0.0184990683 -0.0002863692 0.0941550789
v -0.0184990683 -0.0002839399 0.0941690792
v -0.0184990683 -0.0002808266 0.0941829434
v -0.0184990683 -0.0002770367 0.0941966382
v -0.0184990683 -0.0002725795 0.0942101305
v -0.0184990683 -0.0002674655 0.0942233879
v -0.0184990683 -0.0002617073 0.0942363783
v -0.0184990683 -0.0002553185 0.0942490706
v -0.0184990683 -0.0002483147 0.0942614341
v -0.0184990683 -0.0002407126 0.0942734390
v -0.0184990683 -0.0002325307 0.0942850565
v -0.0184990683 -0.0002237885 0.0942962585
v -0.0184990683 -0.0002145073 0.0943070181
v -0.0184990683 -0.0002047093 0.0943173093
v -0.0184990683 -0.0001944181 0.0943271073
v -0.0184990683 -0.0001836585 0.0943363885
v -0.0184990683 -0.0001724565 0.0943451307
v -0.0184990683 -0.0001608390 0.0943533126
v -0.0184990683 -0.0001488341 0.0943609147
v -0.0184990683 -0.0001364706 0.0943679185
v -0.0184990683 -0.0001237783 0.0943743073
v -0.0184990683 -0.0001107879 0.0943800655
v -0.0184990683 -0.0000975305 0.0943851795
v -0.0184990683 -0.0000840382 0.0943896367
v -0.0184990683 -0.0000703434 0.0943934266
v -0.0184990683 -0.0000564792 0.0943965399
v -0.0184990683 -0.0000424789 0.0943989692
v -0.0184990683 -0.0000283762 0.0944007086
v -0.0184990683 -0.0000142052 0.0944017539
v -0.0184990683 -0.0000000000 0.0944021026
v -0.0184990683 0.0000142052 0.0944017539
v -0.0184990683 0.0000283762 0.0944007086
v -0.0184990683 0.0000424789 0.0943989692
v -0.0184990683 0.0000564792 0.0943965399
v -0.0184990683 0.0000703434 0.0943934266
v -0.0184990683 0.0000840382 0.0943896367
v -0.0184990683 0.0000975305 0.0943851795
v -0.0184990683 0.0001107879 0.0943800655
v -0.0184990683 0.0001237783 0.0943743073
v -0.0184990683 0.0001364706 0.0943679185
v -0.0184990683 0.0001488341 0.0943609147
v -0.0184990683 0.0001608390 0.0943533126
v -0.0184990683 0.0001724565 0.0943451307
v -0.0184990683 0.0001836585 0.0943363885
v -0.0184990683 0.0001944181 0.0943271073
v -0.0184990683 0.0002047093 0.0943173093
v -0.0184990683 0.0002145073 0.0943070181
v -0.0184990683 0.0002237885 0.0942962585
v -0.0184990683 0.0002325307 0.0942850565
v -0.0184990683 0.0002407126 0.0942734390
v -0.0184990683 0.0002483147 0.0942614341
v -0.0184990683 0.0002553185 0.0942490706
v -0.0184990683 0.0002617073 0.0942363783
v -0.0184990683 0.0002674655 0.0942233879
v -0.0184990683 0.0002725795 0.0942101305
v -0.0184990683 0.0002770367 0.0941966382
v -0.0184990683 0.0002808266 0.0941829434
v -0.0184990683 0.0002839399 0.0941690792
v -0.0184990683 0.0002863692 0.0941550789
v -0.0184990683 0.0002881086 0.0941409762
v -0.0184990683 0.0002891539 0.0941268052
v -0.0184990683 0.0002895026 0.0941126000
v -0.0184990683 0.0002891539 0.0940983948
v -0.0184990683 0.0002881086 0.0940842238
v -0.0184990683 0.0002863692 0.0940701211
v -0.0184990683 0.0002839399 0.0940561208
v -0.0184990683 0.0002808266 0.0940422566
v -0.0184990683 0.0002770367 0.0940285618
v -0.0184990683 0.0002725795 0.0940150695
v -0.0184990683 0.0002674655 0.0940018121
v -0.0184990683 0.0002617073 0.0939888217
v -0.0184990683 0.0002553185 0.0939761294
v -0.0184990683 0.0002483147 0.0939637659
v -0.0184990683 0.0002407126 0.0939517610
v -0.0184990683 0.0002325307 0.0939401435
v -0.0184990683 0.0002237885 0.0939289415
v -0.0184990683 0.0002145073 0.0939181819
v -0.0184990683 0.0002047093 0.0939078907
v -0.0184990683 0.0001944181 0.0938980927
v -0.0184990683 0.0001836585 0.0938888115
v -0.0184990683 0.0001724565 0.0938800693
v -0.0184990683 0.0001608390 0.0938718874
v -0.0184990683 0.0001488341 0.0938642853
v -0.0184990683 0.0001364706 0.0938572815
v -0.0184990683 0.0001237783 0.0938508927
v -0.0184990683 0.0001107879 0.0938451345
v -0.0184990683 0.0000975305 0.0938400205
v -0.0184990683 0.0000840382 0.0938355633
v -0.0184990683 0.0000703434 0.0938317734
v -0.0184990683 0.0000564792 0.0938286601
v -0.0184990683 0.0000424789 0.0938262308
v -0.0184990683 0.0000283762 0.0938244914
v -0.0184990683 0.0000142052 0.0938234461
v -0.0184990683 0.0000000000 0.0938230974
v -0.0184990683 -0.0000142052 0.0938234461
v -0.0184990683 -0.0000283762 0.0938244914
v -0.0184990683 -0.0000424789 0.0938262308
v -0.0184990683 -0.0000564792 0.0938286601
v -0.0184990683 -0.0000703434 0.0938317734
v -0.0184990683 -0.0000840382 0.0938355633
v -0.0184990683 -0.0000975305 0.0938400205
v -0.0184990683 -0.0001107879 0.0938451345
v -0.0184990683 -0.0001237783 0.0938508927
v -0.0184990683 -0.0001364706 0.0938572815
v -0.0184990683 -0.0001488341 0.0938642853
v -0.0184990683 -0.0001608390 0.0938718874
v -0.0184990683 -0.0001724565 0.0938800693
v -0.0184990683 -0.0001836585 0.0938888115
v -0.0184990683 -0.0001944181 0.0938980927
v -0.0184990683 -0.0002047093 0.0939078907
v -0.0184990683 -0.0002145073 0.0939181819
v -0.0184990683 -0.0002237885 0.0939289415
v -0.0184990683 -0.0002325307 0.0939401435
v -0.0184990683 -0.0002407126 0.0939517610
v -0.0184990683 -0.0002483147 0.0939637659
v -0.0184990683 -0.0002553185 0.0939761294
v -0.0184990683 -0.0002617073 0.0939888217
v -0.0184990683 -0.0002674655 0.0940018121
v -0.0184990683 -0.0002725795 0.0940150695
v -0.0184990683 -0.0002770367 0.0940285618
v -0.0184990683 -0.0002808266 0.0940422566
v -0.0184990683 -0.0002839399 0.0940561208
v -0.0184990683 -0.0002863692 0.0940701211
v -0.0184990683 -0.0002881086 0.0940842238
v -0.0184990683 -0.0002891539 0.0940983948
v -0.0184997671 -0.0001447513 0.0941126000
v -0.0184997671 -0.0001445769 0.0941197026
v -0.0184997671 -0.0001440543 0.0941267881
v -0.0184997671 -0.0001431846 0.0941338394
v -0.0184997671 -0.0001419699 0.0941408396
v -0.0184997671 -0.0001404133 0.0941477717
v -0.0184997671 -0.0001385184 0.0941546191
v -0.0184997671 -0.0001362897 0.0941613652
v -0.0184997671 -0.0001337328 0.0941679939
v -0.0184997671 -0.0001308536 0.0941744892
v -0.0184997671 -0.0001276593 0.0941808353
v -0.0184997671 -0.0001241573 0.0941870170
v -0.0184997671 -0.0001203563 0.0941930195
v -0.0184997671 -0.0001162653 0.0941988283
v -0.0184997671 -0.0001118943 0.0942044293
v -0.0184997671 -0.0001072536 0.0942098090
v -0.0184997671 -0.0001023546 0.0942149546
v -0.0184997671 -0.0000972090 0.0942198536
v -0.0184997671 -0.0000918293 0.0942244943
v -0.0184997671 -0.0000862283 0.0942288653
v -0.0184997671 -0.0000804195 0.0942329563
v -0.0184997671 -0.0000744170 0.0942367573
v -0.0184997671 -0.0000682353 0.0942402593
v -0.0184997671 -0.0000618892 0.0942434536
v -0.0184997671 -0.0000553939 0.0942463328
v -0.0184997671 -0.0000487652 0.0942488897
v -0.0184997671 -0.0000420191 0.0942511184
v -0.0184997671 -0.0000351717 0.0942530133
v -0.0184997671 -0.0000282396 0.0942545699
v -0.0184997671 -0.0000212394 0.0942557846
v -0.0184997671 -0.0000141881 0.0942566543
v -0.0184997671 -0.0000071026 0.0942571769
v -0.0184997671 -0.0000000000 0.0942573513
v -0.0184997671 0.0000071026 0.0942571769
v -0.0184997671 0.0000141881 0.0942566543
v -0.0184997671 0.0000212394 0.0942557846
v -0.0184997671 0.0000282396 0.0942545699
v -0.0184997671 0.0000351717 0.0942530133
v -0.0184997671 0.0000420191 0.0942511184
v -0.0184997671 0.0000487652 0.0942488897
v -0.0184997671 0.0000553939 0.0942463328
v -0.0184997671 0.0000618892 0.0942434536
v -0.0184997671 0.0000682353 0.0942402593
v -0.0184997671 0.0000744170 0.0942367573
v -0.0184997671 0.0000804195 0.0942329563
v -0.0184997671 0.0000862283 0.0942288653
v -0.0184997671 0.0000918293 0.0942244943
v -0.0184997671 0.0000972090 0.0942198536
v -0.0184997671 0.0001023546 0.0942149546
v -0.0184997671 0.0001072536 0.0942098090
v -0.0184997671 0.0001118943 0.0942044293
v -0.0184997671 0.0001162653 0.0941988283
v -0.0184997671 0.0001203563 0.0941930195
v -0.0184997671 0.0001241573 0.0941870170
v -0.0184997671 0.0001276593 0.0941808353
v -0.0184997671 0.0001308536 0.0941744892
v -0.0184997671 0.0001337328 0.0941679939
v -0.0184997671 0.0001362897 0.0941613652
v -0.0184997671 0.0001385184 0.0941546191
v -0.0184997671 0.0001404133 0.0941477717
v -0.0184997671 0.0001419699 0.0941408396
v -0.0184997671 0.0001431846 0.0941338394
v -0.0184997671 0.0001440543 0.0941267881
v -0.0184997671 0.0001445769 0.0941197026
v -0.0184997671 0.0001447513 0.0941126000
v -0.0184997671 0.0001445769 0.0941054974
v -0.0184997671 0.0001440543 0.0940984119
v -0.0184997671 0.0001431846 0.0940913606
v -0.0184997671 0.0001419699 0.0940843604
v -0.0184997671 0.0001404133 0.0940774283
v -0.0184997671 0.0001385184 0.0940705809
v -0.0184997671 0.0001362897 0.0940638348
v -0.0184997671 0.0001337328 0.0940572061
v -0.0184997671 0.0001308536 0.0940507108
v -0.0184997671 0.0001276593 0.0940443647
v -0.0184997671 0.0001241573 0.0940381830
v -0.0184997671 0.0001203563 0.0940321805
v -0.0184997671 0.0001162653 0.0940263717
v -0.0184997671 0.0001118943 0.0940207707
v -0.0184997671 0.0001072536 0.0940153910
v -0.0184997671 0.0001023546 0.0940102454
v -0.0184997671 0.0000972090 0.0940053464
v -0.0184997671 0.0000918293 0.0940007057
v -0.0184997671 0.0000862283 0.0939963347
v -0.0184997671 0.0000804195 0.0939922437
v -0.0184997671 0.0000744170 0.0939884427
v -0.0184997671 0.0000682353 0.0939849407
v -0.0184997671 0.0000618892 0.0939817464
v -0.0184997671 0.0000553939 0.0939788672
v -0.0184997671 0.0000487652 0.0939763103
v -0.0184997671 0.0000420191 0.0939740816
v -0.0184997671 0.0000351717 0.0939721867
v -0.0184997671 0.0000282396 0.0939706301
v -0.0184997671 0.0000212394 0.0939694154
v -0.0184997671 0.0000141881 0.0939685457
v -0.0184997671 0.0000071026 0.0939680231
v -0.0184997671 0.0000000000 0.0939678487
v -0.0184997671 -0.0000071026 0.0939680231
v -0.0184997671 -0.0000141881 0.0939685457
v -0.0184997671 -0.0000212394 0.0939694154
v -0.0184997671 -0.0000282396 0.0939706301
v -0.0184997671 -0.0000351717 0.0939721867
v -0.0184997671 -0.0000420191 0.0939740816
v -0.0184997671 -0.0000487652 0.0939763103
v -0.0184997671 -0.0000553939 0.0939788672
v -0.0184997671 -0.0000618892 0.0939817464
v -0.0184997671 -0.0000682353 0.0939849407
v -0.0184997671 -0.0000744170 0.0939884427
v -0.0184997671 -0.0000804195 0.0939922437
v -0.0184997671 -0.0000862283 0.0939963347
v -0.0184997671 -0.0000918293 0.0940007057
v -0.0184997671 -0.0000972090 0.0940053464
v -0.0184997671 -0.0001023546 0.0940102454
v -0.0184997671 -0.0001072536 0.0940153910
v -0.0184997671 -0.0001118943 0.0940207707
v -0.0184997671 -0.0001162653 0.0940263717
v -0.0184997671 -0.0001203563 0.0940321805
v -0.0184997671 -0.0001241573 0.0940381830
v -0.0184997671 -0.0001276593 0.0940443647
v -0.0184997671 -0.0001308536 0.0940507108
v -0.0184997671 -0.0001337328 0.0940572061
v -0.0184997671 -0.0001362897 0.0940638348
v -0.0184997671 -0.0001385184 0.0940705809
v -0.0184997671 -0.0001404133 0.0940774283
v -0.0184997671 -0.0001419699 0.0940843604
v -0.0184997671 -0.0001431846 0.0940913606
v -0.0184997671 -0.0001440543 0.0940984119
v -0.0184997671 -0.0001445769 0.0941054974
v -0.0185000000 0.0000000000 0.0941126000
v -0.0183749664 -0.0033292800 0.0941126000
v -0.0183749664 -0.0033252697 0.0942759600
v -0.0183749664 -0.0033132486 0.0944389265
v -0.0183749664 -0.0032932456 0.0946011068
v -0.0183749664 -0.0032653088 0.0947621103
v -0.0183749664 -0.0032295057 0.0949215491
v -0.0183749664 -0.0031859223 0.0950790390
v -0.0183749664 -0.0031346638 0.0952342007
v -0.0183749664 -0.0030758536 0.0953866603
v -0.0183749664 -0.0030096335 0.0955360506
v -0.0183749664 -0.0029361628 0.0956820117
v -0.0183749664 -0.0028556187 0.0958241920
v -0.0183749664 -0.0027681952 0.0959622489
v -0.0183749664 -0.0026741028 0.0960958498
v -0.0183749664 -0.0025735682 0.0962246729
v -0.0183749664 -0.0024668338 0.0963484078
v -0.0183749664 -0.0023541565 0.0964667565
v -0.0183749664 -0.0022358078 0.0965794338
v -0.0183749664 -0.0021120729 0.0966861682
v -0.0183749664 -0.0019832498 0.0967867028
v -0.0183749664 -0.0018496489 0.0968807952
v -0.0183749664 -0.0017115920 0.0969682187
v -0.0183749664 -0.0015694117 0.0970487628
v -0.0183749664 -0.0014234506 0.0971222335
v -0.0183749664 -0.0012740603 0.0971884536
v -0.0183749664 -0.0011216007 0.0972472638
v -0.0183749664 -0.0009664390 0.0972985223
v -0.0183749664 -0.0008089491 0.0973421057
v -0.0183749664 -0.0006495103 0.0973779088
v -0.0183749664 -0.0004885068 0.0974058456
v -0.0183749664 -0.0003263265 0.0974258486
v -0.0183749664 -0.0001633600 0.0974378697
v -0.0183749664 -0.0000000000 0.0974418800
v -0.0183749664 0.0001633600 0.0974378697
v -0.0183749664 0.0003263265 0.0974258486
v -0.0183749664 0.0004885068 0.0974058456
v -0.0183749664 0.0006495103 0.0973779088
v -0.0183749664 0.0008089491 0.0973421057
v -0.0183749664 0.0009664390 0.0972985223
v -0.0183749664 0.0011216007 0.0972472638
v -0.0183749664 0.0012740603 0.0971884536
v -0.0183749664 0.0014234506 0.0971222335
v -0.0183749664 0.0015694117 0.0970487628
v -0.0183749664 0.0017115920 0.0969682187
v -0.0183749664 0.0018496489 0.0968807952
v -0.0183749664 0.0019832498 0.0967867028
v -0.0183749664 0.0021120729 0.0966861682
v -0.0183749664 0.0022358078 0.0965794338
v -0.0183749664 0.0023541565 0.0964667565
v -0.0183749664 0.0024668338 0.0963484078
v -0.0183749664 0.0025735682 0.0962246729
v -0.0183749664 0.0026741028 0.0960958498
v -0.0183749664 0.0027681952 0.0959622489
v -0.0183749664 0.0028556187 0.0958241920
v -0.0183749664 0.0029361628 0.0956820117
v -0.0183749664 0.0030096335 0.0955360506
v -0.0183749664 0.0030758536 0.0953866603
v -0.0183749664 0.0031346638 0.0952342007
v -0.0183749664 0.0031859223 0.0950790390
v -0.0183749664 0.0032295057 0.0949215491
v -0.0183749664 0.0032653088 0.0947621103
v -0.0183749664 0.0032932456 0.0946011068
v -0.0183749664 0.0033132486 0.0944389265
v -0.0183749664 0.0033252697 0.0942759600
v -0.0183749664 0.0033292800 0.0941126000
v -0.0183749664 0.0033252697 0.0939492400
v -0.0183749664 0.0033132486 0.0937862735
v -0.0183749664 0.0032932456 0.0936240932
v -0.0183749664 0.0032653088 0.0934630897
v -0.0183749664 0.0032295057 0.0933036509
v -0.0183749664 0.0031859223 0.0931461610
v -0.0183749664 0.0031346638 0.0929909993
v -0.0183749664 0.0030758536 0.0928385397
v -0.0183749664 0.0030096335 0.0926891494
v -0.0183749664 0.0029361628 0.0925431883
v -0.0183749664 0.0028556187 0.0924010080
v -0.0183749664 0.0027681952 0.0922629511
v -0.0183749664 0.0026741028 0.0921293502
v -0.0183749664 0.0025735682 0.0920005271
v -0.0183749664 0.0024668338 0.0918767922
v -0.0183749664 0.0023541565 0.0917584435
v -0.0183749664 0.0022358078 0.0916457662
v -0.0183749664 0.0021120729 0.0915390318
v -0.0183749664 0.0019832498 0.0914384972
v -0.0183749664 0.0018496489 0.0913444048
v -0.0183749664 0.0017115920 0.0912569813
v -0.0183749664 0.0015694117 0.0911764372
v -0.0183749664 0.0014234506 0.0911029665
v -0.0183749664 0.0012740603 0.0910367464
v -0.0183749664 0.0011216007 0.0909779362
v -0.0183749664 0.0009664390 0.0909266777
v -0.0183749664 0.0008089491 0.0908830943
v -0.0183749664 0.0006495103 0.0908472912
v -0.0183749664 0.0004885068 0.0908193544
v -0.0183749664 0.0003263265 0.0907993514
v -0.0183749664 0.0001633600 0.0907873303
v -0.0183749664 0.0000000000 0.0907833200
v -0.0183749664 -0.0001633600 0.0907873303
v -0.0183749664 -0.0003263265 0.0907993514
v -0.0183749664 -0.0004885068 0.0908193544
v -0.0183749664 -0.0006495103 0.0908472912
v -0.0183749664 -0.0008089491 0.0908830943
v -0.0183749664 -0.0009664390 0.0909266777
v -0.0183749664 -0.0011216007 0.0909779362
v -0.0183749664 -0.0012740603 0.0910367464
v -0.0183749664 -0.0014234506 0.0911029665
v -0.0183749664 -0.0015694117 0.0911764372
v -0.0183749664 -0.0017115920 0.0912569813
v -0.0183749664 -0.0018496489 0.0913444048
v -0.0183749664 -0.0019832498 0.0914384972
v -0.0183749664 -0.0021120729 0.0915390318
v -0.0183749664 -0.0022358078 0.0916457662
v -0.0183749664 -0.0023541565 0.0917584435
v -0.0183749664 -0.0024668338 0.0918767922
v -0.0183749664 -0.0025735682 0.0920005271
v -0.0183749664 -0.0026741028 0.0921293502
v -0.0183749664 -0.0027681952 0.0922629511
v -0.0183749664 -0.0028556187 0.0924010080
v -0.0183749664 -0.0029361628 0.0925431883
v -0.0183749664 -0.0030096335 0.0926891494
v -0.0183749664 -0.0030758536 0.0928385397
v -0.0183749664 -0.0031346638 0.0929909993
v -0.0183749664 -0.0031859223 0.0931461610
v -0.0183749664 -0.0032295057 0.0933036509
v -0.0183749664 -0.0032653088 0.0934630897
v -0.0183749664 -0.0032932456 0.0936240932
v -0.0183749664 -0.0033132486 0.0937862735
v -0.0183749664 -0.0033252697 0.0939492400
v -0.0183749664 0.0000000000 0.0941126000
vn -0.99723726 -0.07428225 0.00000000
vn -0.99723726 -0.07419278 0.00364486
vn -0.99723726 -0.07392456 0.00728093
vn -0.99723726 -0.07347826 0.01089947
vn -0.99723726 -0.07285494 0.01449175
vn -0.99723726 -0.07205611 0.01804912
vn -0.99723726 -0.07108368 0.02156300
vn -0.99723726 -0.06994002 0.02502494
vn -0.99723726 -0.06862785 0.02842659
vn -0.99723726 -0.06715036 0.03175976
vn -0.99723726 -0.06551110 0.03501641
vn -0.99723726 -0.06371401 0.03818871
vn -0.99723726 -0.06176344 0.04126901
vn -0.99723726 -0.05966407 0.04424989
vn -0.99723726 -0.05742096 0.04712416
vn -0.99723726 -0.05503952 0.04988491
vn -0.99723726 -0.05252549 0.05252549
vn -0.99723726 -0.04988491 0.05503952
vn -0.99723726 -0.04712416 0.05742096
vn -0.99723726 -0.04424989 0.05966407
vn -0.99723726 -0.04126901 0.06176344
vn -0.99723726 -0.03818871 0.06371401
vn -0.99723726 -0.03501641 0.06551110
vn -0.99723726 -0.03175976 0.06715036
vn -0.99723726 -0.02842659 0.06862785
vn -0.99723726 -0.02502494 0.06994002
vn -0.99723726 -0.02156300 0.07108368
vn -0.99723726 -0.01804912 0.07205611
vn -0.99723726 -0.01449175 0.07285494
vn -0.99723726 -0.01089947 0.07347826
vn -0.99723726 -0.00728093 0.07392456
vn -0.99723726 -0.00364486 0.07419278
vn -0.99723726 0.00000000 0.07428225
vn -0.99723726 0.00364486 0.07419278
vn -0.99723726 0.00728093 0.07392456
vn -0.99723726 0.01089947 0.07347826
vn -0.99723726 0.01449175 0.07285494
vn -0.99723726 0.01804912 0.07205611
vn -0.99723726 0.02156300 0.07108368
vn -0.99723726 0.02502494 0.06994002
vn -0.99723726 0.02842659 0.06862785
vn -0.99723726 0.03175976 0.06715036
vn -0.99723726 0.03501641 0.06551110
vn -0.99723726 0.03818871 0.06371401
vn -0.99723726 0.04126901 0.06176344
vn -0.99723726 0.04424989 0.05966407
vn -0.99723726 0.04712416 0.05742096
vn -0.99723726 0.04988491 0.05503952
vn -0.99723726 0.05252549 0.05252549
vn -0.99723726 0.05503952 0.04988491
vn -0.99723726 0.05742096 0.04712416
vn -0.99723726 0.05966407 0.04424989
vn -0.99723726 0.06176344 0.04126901
vn -0.99723726 0.06371401 0.03818871
vn -0.99723726 0.06551110 0.03501641
vn -0.99723726 0.06715036 0.03175976
vn -0.99723726 0.06862785 0.02842659
vn -0.99723726 0.06994002 0.02502494
vn -0.99723726 0.07108368 0.02156300
vn -0.99723726 0.07205611 0.01804912
vn -0.99723726 0.07285494 0.01449175
vn -0.99723726 0.07347826 0.01089947
vn -0.99723726 0.07392456 0.00728093
vn -0.99723726 0.07419278 0.00364486
vn -0.99723726 0.07428225 -0.00000000
vn -0.99723726 0.07419278 -0.00364486
vn -0.99723726 0.07392456 -0.00728093
vn -0.99723726 0.07347826 -0.01089947
vn -0.99723726 0.07285494 -0.01449175
vn -0.99723726 0.07205611 -0.01804912
vn -0.99723726 0.07108368 -0.02156300
vn -0.99723726 0.06994002 -0.02502494
vn -0.99723726 0.06862785 -0.02842659
vn -0.99723726 0.06715036 -0.03175976
vn -0.99723726 0.06551110 -0.03501641
vn -0.99723726 0.06371401 -0.03818871
vn -0.99723726 0.06176344 -0.04126901
vn -0.99723726 0.05966407 -0.04424989
vn -0.99723726 0.05742096 -0.04712416
vn -0.99723726 0.05503952 -0.04988491
vn -0.99723726 0.05252549 -0.05252549
vn -0.99723726 0.04988491 -0.05503952
vn -0.99723726 0.04712416 -0.05742096
vn -0.99723726 0.04424989 -0.05966407
vn -0.99723726 0.04126901 -0.06176344
vn -0.99723726 0.03818871 -0.06371401
vn -0.99723726 0.03501641 -0.06551110
vn -0.99723726 0.03175976 -0.06715036
vn -0.99723726 0.02842659 -0.06862785
vn -0.99723726 0.02502494 -0.06994002
vn -0.99723726 0.02156300 -0.07108368
vn -0.99723726 0.01804912 -0.07205611
vn -0.99723726 0.01449175 -0.07285494
vn -0.99723726 0.01089947 -0.07347826
vn -0.99723726 0.00728093 -0.07392456
vn -0.99723726 0.00364486 -0.07419278
vn -0.99723726 -0.00000000 -0.07428225
vn -0.99723726 -0.00364486 -0.07419278
vn -0.99723726 -0.00728093 -0.07392456
vn -0.99723726 -0.01089947 -0.07347826
vn -0.99723726 -0.01449175 -0.07285494
vn -0.99723726 -0.01804912 -0.07205611
vn -0.99723726 -0.02156300 -0.07108368
vn -0.99723726 -0.02502494 -0.06994002
vn -0.99723726 -0.02842659 -0.06862785
vn -0.99723726 -0.03175976 -0.06715036
vn -0.99723726 -0.03501641 -0.06551110
vn -0.99723726 -0.03818871 -0.06371401
vn -0.99723726 -0.04126901 -0.06176344
vn -0.99723726 -0.04424989 -0.05966407
vn -0.99723726 -0.04712416 -0.05742096
vn -0.99723726 -0.04988491 -0.05503952
vn -0.99723726 -0.05252549 -0.05252549
vn -0.99723726 -0.05503952 -0.04988491
vn -0.99723726 -0.05742096 -0.04712416
vn -0.99723726 -0.05966407 -0.04424989
vn -0.99723726 -0.06176344 -0.04126901
vn -0.99723726 -0.06371401 -0.03818871
vn -0.99723726 -0.06551110 -0.03501641
vn -0.99723726 -0.06715036 -0.03175976
vn -0.99723726 -0.06862785 -0.02842659
vn -0.99723726 -0.06994002 -0.02502494
vn -0.99723726 -0.07108368 -0.02156300
vn -0.99723726 -0.07205611 -0.01804912
vn -0.99723726 -0.07285494 -0.01449175
vn -0.99723726 -0.07347826 -0.01089947
vn -0.99723726 -0.07392456 -0.00728093
vn -0.99723726 -0.07419278 -0.00364486
vn -0.99736274 -0.07257793 0.00000000
vn -0.99736274 -0.07249051 0.00356123
vn -0.99736274 -0.07222845 0.00711388
vn -0.99736274 -0.07179238 0.01064939
vn -0.99736274 -0.07118337 0.01415925
vn -0.99736274 -0.07040286 0.01763500
vn -0.99736274 -0.06945275 0.02106826
vn -0.99736274 -0.06833532 0.02445077
vn -0.99736274 -0.06705326 0.02777437
vn -0.99736274 -0.06560967 0.03103106
vn -0.99736274 -0.06400802 0.03421300
vn -0.99736274 -0.06225217 0.03731251
vn -0.99736274 -0.06034634 0.04032214
vn -0.99736274 -0.05829514 0.04323462
vn -0.99736274 -0.05610350 0.04604295
vn -0.99736274 -0.05377670 0.04874036
vn -0.99736274 -0.05132035 0.05132035
vn -0.99736274 -0.04874036 0.05377670
vn -0.99736274 -0.04604295 0.05610350
vn -0.99736274 -0.04323462 0.05829514
vn -0.99736274 -0.04032214 0.06034634
vn -0.99736274 -0.03731251 0.06225217
vn -0.99736274 -0.03421300 0.06400802
vn -0.99736274 -0.03103106 0.06560967
vn -0.99736274 -0.02777437 0.06705326
vn -0.99736274 -0.02445077 0.06833532
vn -0.99736274 -0.02106826 0.06945275
vn -0.99736274 -0.01763500 0.07040286
vn -0.99736274 -0.01415925 0.07118337
vn -0.99736274 -0.01064939 0.07179238
vn -0.99736274 -0.00711388 0.07222845
vn -0.99736274 -0.00356123 0.07249051
vn -0.99736274 0.00000000 0.07257793
vn -0.99736274 0.00356123 0.07249051
vn -0.99736274 0.00711388 0.07222845
vn -0.99736274 0.01064939 0.07179238
vn -0.99736274 0.01415925 0.07118337
vn -0.99736274 0.01763500 0.07040286
vn -0.99736274 0.02106826 0.06945275
vn -0.99736274 0.02445077 0.06833532
vn -0.99736274 0.02777437 0.06705326
vn -0.99736274 0.03103106 0.06560967
vn -0.99736274 0.03421300 0.06400802
vn -0.99736274 0.03731251 0.06225217
vn -0.99736274 0.04032214 0.06034634
vn -0.99736274 0.04323462 0.05829514
vn -0.99736274 0.04604295 0.05610350
vn -0.99736274 0.04874036 0.05377670
vn -0.99736274 0.05132035 0.05132035
vn -0.99736274 0.05377670 0.04874036
vn -0.99736274 0.05610350 0.04604295
vn -0.99736274 0.05829514 0.04323462
vn -0.99736274 0.06034634 0.04032214
vn -0.99736274 0.06225217 0.03731251
vn -0.99736274 0.06400802 0.03421300
vn -0.99736274 0.06560967 0.03103106
vn -0.99736274 0.06705326 0.02777437
vn -0.99736274 0.06833532 0.02445077
vn -0.99736274 0.06945275 0.02106826
vn -0.99736274 0.07040286 0.01763500
vn -0.99736274 0.07118337 0.01415925
vn -0.99736274 0.07179238 0.01064939
vn -0.99736274 0.07222845 0.00711388
vn -0.99736274 0.07249051 0.00356123
vn -0.99736274 0.07257793 -0.00000000
vn -0.99736274 0.07249051 -0.00356123
vn -0.99736274 0.07222845 -0.00711388
vn -0.99736274 0.07179238 -0.01064939
vn -0.99736274 0.07118337 -0.01415925
vn -0.99736274 0.07040286 -0.01763500
vn -0.99736274 0.06945275 -0.02106826
vn -0.99736274 0.06833532 -0.02445077
vn -0.99736274 0.06705326 -0.02777437
vn -0.99736274 0.06560967 -0.03103106
vn -0.99736274 0.06400802 -0.03421300
vn -0.99736274 0.06225217 -0.03731251
vn -0.99736274 0.06034634 -0.04032214
vn -0.99736274 0.05829514 -0.04323462
vn -0.99736274 0.05610350 -0.04604295
vn -0.99736274 0.05377670 -0.04874036
vn -0.99736274 0.05132035 -0.05132035
vn -0.99736274 0.04874036 -0.05377670
vn -0.99736274 0.04604295 -0.05610350
vn -0.99736274 0.04323462 -0.05829514
vn -0.99736274 0.04032214 -0.06034634
vn -0.99736274 0.03731251 -0.06225217
vn -0.99736274 0.03421300 -0.06400802
vn -0.99736274 0.03103106 -0.06560967
vn -0.99736274 0.02777437 -0.06705326
vn -0.99736274 0.02445077 -0.06833532
vn -0.99736274 0.02106826 -0.06945275
vn -0.99736274 0.01763500 -0.07040286
vn -0.99736274 0.01415925 -0.07118337
vn -0.99736274 0.01064939 -0.07179238
vn -0.99736274 0.00711388 -0.07222845
vn -0.99736274 0.00356123 -0.07249051
vn -0.99736274 -0.00000000 -0.07257793
vn -0.99736274 -0.00356123 -0.07249051
vn -0.99736274 -0.00711388 -0.07222845
vn -0.99736274 -0.01064939 -0.07179238
vn -0.99736274 -0.01415925 -0.07118337
vn -0.99736274 -0.01763500 -0.07040286
vn -0.99736274 -0.02106826 -0.06945275
vn -0.99736274 -0.02445077 -0.06833532
vn -0.99736274 -0.02777437 -0.06705326
vn -0.99736274 -0.03103106 -0.06560967
vn -0.99736274 -0.03421300 -0.06400802
vn -0.99736274 -0.03731251 -0.06225217
vn -0.99736274 -0.04032214 -0.06034634
vn -0.99736274 -0.04323462 -0.05829514
vn -0.99736274 -0.04604295 -0.05610350
vn -0.99736274 -0.04874036 -0.05377670
vn -0.99736274 -0.05132035 -0.05132035
vn -0.99736274 -0.05377670 -0.04874036
vn -0.99736274 -0.05610350 -0.04604295
vn -0.99736274 -0.05829514 -0.04323462
vn -0.99736274 -0.06034634 -0.04032214
vn -0.99736274 -0.06225217 -0.03731251
vn -0.99736274 -0.06400802 -0.03421300
vn -0.99736274 -0.06560967 -0.03103106
vn -0.99736274 -0.06705326 -0.02777437
vn -0.99736274 -0.06833532 -0.02445077
vn -0.99736274 -0.06945275 -0.02106826
vn -0.99736274 -0.07040286 -0.01763500
vn -0.99736274 -0.07118337 -0.01415925
vn -0.99736274 -0.07179238 -0.01064939
vn -0.99736274 -0.07222845 -0.00711388
vn -0.99736274 -0.07249051 -0.00356123
vn -0.99760791 -0.06912641 -0.00000000
vn -0.99760791 -0.06904315 0.00339187
vn -0.99760791 -0.06879355 0.00677557
vn -0.99760791 -0.06837822 0.01014295
vn -0.99760791 -0.06779817 0.01348589
vn -0.99760791 -0.06705478 0.01679635
vn -0.99760791 -0.06614985 0.02006634
vn -0.99760791 -0.06508556 0.02328799
vn -0.99760791 -0.06386448 0.02645353
vn -0.99760791 -0.06248954 0.02955535
vn -0.99760791 -0.06096405 0.03258597
vn -0.99760791 -0.05929170 0.03553808
vn -0.99760791 -0.05747651 0.03840458
vn -0.99760791 -0.05552286 0.04117856
vn -0.99760791 -0.05343544 0.04385333
vn -0.99760791 -0.05121929 0.04642246
vn -0.99760791 -0.04887975 0.04887975
vn -0.99760791 -0.04642246 0.05121929
vn -0.99760791 -0.04385333 0.05343544
vn -0.99760791 -0.04117856 0.05552286
vn -0.99760791 -0.03840458 0.05747651
vn -0.99760791 -0.03553808 0.05929170
vn -0.99760791 -0.03258597 0.06096405
vn -0.99760791 -0.02955535 0.06248954
vn -0.99760791 -0.02645353 0.06386448
vn -0.99760791 -0.02328799 0.06508556
vn -0.99760791 -0.02006634 0.06614985
vn -0.99760791 -0.01679635 0.06705478
vn -0.99760791 -0.01348589 0.06779817
vn -0.99760791 -0.01014295 0.06837822
vn -0.99760791 -0.00677557 0.06879355
vn -0.99760791 -0.00339187 0.06904315
vn -0.99760791 -0.00000000 0.06912641
vn -0.99760791 0.00339187 0.06904315
vn -0.99760791 0.00677557 0.06879355
vn -0.99760791 0.01014295 0.06837822
vn -0.99760791 0.01348589 0.06779817
vn -0.99760791 0.01679635 0.06705478
vn -0.99760791 0.02006634 0.06614985
vn -0.99760791 0.02328799 0.06508556
vn -0.99760791 0.02645353 0.06386448
vn -0.99760791 0.02955535 0.06248954
vn -0.99760791 0.03258597 0.06096405
vn -0.99760791 0.03553808 0.05929170
vn -0.99760791 0.03840458 0.05747651
vn -0.99760791 0.04117856 0.05552286
vn -0.99760791 0.04385333 0.05343544
vn -0.99760791 0.04642246 0.05121929
vn -0.99760791 0.04887975 0.04887975
vn -0.99760791 0.05121929 0.04642246
vn -0.99760791 0.05343544 0.04385333
vn -0.99760791 0.05552286 0.04117856
vn -0.99760791 0.05747651 0.03840458
vn -0.99760791 0.05929170 0.03553808
vn -0.99760791 0.06096405 0.03258597
vn -0.99760791 0.06248954 0.02955535
vn -0.99760791 0.06386448 0.02645353
vn -0.99760791 0.06508556 0.02328799
vn -0.99760791 0.06614985 0.02006634
vn -0.99760791 0.06705478 0.01679635
vn -0.99760791 0.06779817 0.01348589
vn -0.99760791 0.06837822 0.01014295
vn -0.99760791 0.06879355 0.00677557
vn -0.99760791 0.06904315 0.00339187
vn -0.99760791 0.06912641 0.00000000
vn -0.99760791 0.06904315 -0.00339187
vn -0.99760791 0.06879355 -0.00677557
vn -0.99760791 0.06837822 -0.01014295
vn -0.99760791 0.06779817 -0.01348589
vn -0.99760791 0.06705478 -0.01679635
vn -0.99760791 0.06614985 -0.02006634
vn -0.99760791 0.06508556 -0.02328799
vn -0.99760791 0.06386448 -0.02645353
vn -0.99760791 0.06248954 -0.02955535
vn -0.99760791 0.06096405 -0.03258597
vn -0.99760791 0.05929170 -0.03553808
vn -0.99760791 0.05747651 -0.03840458
vn -0.99760791 0.05552286 -0.04117856
vn -0.99760791 0.05343544 -0.04385333
vn -0.99760791 0.05121929 -0.04642246
vn -0.99760791 0.04887975 -0.04887975
vn -0.99760791 0.04642246 -0.05121929
vn -0.99760791 0.04385333 -0.05343544
vn -0.99760791 0.04117856 -0.05552286
vn -0.99760791 0.03840458 -0.05747651
vn -0.99760791 0.03553808 -0.05929170
vn -0.99760791 0.03258597 -0.06096405
vn -0.99760791 0.02955535 -0.06248954
vn -0.99760791 0.02645353 -0.06386448
vn -0.99760791 0.02328799 -0.06508556
vn -0.99760791 0.02006634 -0.06614985
vn -0.99760791 0.01679635 -0.06705478
vn -0.99760791 0.01348589 -0.06779817
vn -0.99760791 0.01014295 -0.06837822
vn -0.99760791 0.00677557 -0.06879355
vn -0.99760791 0.00339187 -0.06904315
vn -0.99760791 0.00000000 -0.06912641
vn -0.99760791 -0.00339187 -0.06904315
vn -0.99760791 -0.00677557 -0.06879355
vn -0.99760791 -0.01014295 -0.06837822
vn -0.99760791 -0.01348589 -0.06779817
vn -0.99760791 -0.01679635 -0.06705478
vn -0.99760791 -0.02006634 -0.06614985
vn -0.99760791 -0.02328799 -0.06508556
vn -0.99760791 -0.02645353 -0.06386448
vn -0.99760791 -0.02955535 -0.06248954
vn -0.99760791 -0.03258597 -0.06096405
vn -0.99760791 -0.03553808 -0.05929170
vn -0.99760791 -0.03840458 -0.05747651
vn -0.99760791 -0.04117856 -0.05552286
vn -0.99760791 -0.04385333 -0.05343544
vn -0.99760791 -0.04642246 -0.05121929
vn -0.99760791 -0.04887975 -0.04887975
vn -0.99760791 -0.05121929 -0.04642246
vn -0.99760791 -0.05343544 -0.04385333
vn -0.99760791 -0.05552286 -0.04117856
vn -0.99760791 -0.05747651 -0.03840458
vn -0.99760791 -0.05929170 -0.03553808
vn -0.99760791 -0.06096405 -0.03258597
vn -0.99760791 -0.06248954 -0.02955535
vn -0.99760791 -0.06386448 -0.02645353
vn -0.99760791 -0.06508556 -0.02328799
vn -0.99760791 -0.06614985 -0.02006634
vn -0.99760791 -0.06705478 -0.01679635
vn -0.99760791 -0.06779817 -0.01348589
vn -0.99760791 -0.06837822 -0.01014295
vn -0.99760791 -0.06879355 -0.00677557
vn -0.99760791 -0.06904315 -0.00339187
vn -0.99783960 -0.06569724 0.00000000
vn -0.99783960 -0.06561810 0.00322361
vn -0.99783960 -0.06538089 0.00643946
vn -0.99783960 -0.06498616 0.00963979
vn -0.99783960 -0.06443488 0.01281689
vn -0.99783960 -0.06372837 0.01596313
vn -0.99783960 -0.06286834 0.01907090
vn -0.99783960 -0.06185684 0.02213273
vn -0.99783960 -0.06069633 0.02514124
vn -0.99783960 -0.05938960 0.02808919
vn -0.99783960 -0.05793979 0.03096946
vn -0.99783960 -0.05635040 0.03377513
vn -0.99783960 -0.05462526 0.03649943
vn -0.99783960 -0.05276851 0.03913580
vn -0.99783960 -0.05078465 0.04167789
vn -0.99783960 -0.04867844 0.04411957
vn -0.99783960 -0.04645496 0.04645496
vn -0.99783960 -0.04411957 0.04867844
vn -0.99783960 -0.04167789 0.05078465
vn -0.99783960 -0.03913580 0.05276851
vn -0.99783960 -0.03649943 0.05462526
vn -0.99783960 -0.03377513 0.05635040
vn -0.99783960 -0.03096946 0.05793979
vn -0.99783960 -0.02808919 0.05938960
vn -0.99783960 -0.02514124 0.06069633
vn -0.99783960 -0.02213273 0.06185684
vn -0.99783960 -0.01907090 0.06286834
vn -0.99783960 -0.01596313 0.06372837
vn -0.99783960 -0.01281689 0.06443488
vn -0.99783960 -0.00963979 0.06498616
vn -0.99783960 -0.00643946 0.06538089
vn -0.99783960 -0.00322361 0.06561810
vn -0.99783960 0.00000000 0.06569724
vn -0.99783960 0.00322361 0.06561810
vn -0.99783960 0.00643946 0.06538089
vn -0.99783960 0.00963979 0.06498616
vn -0.99783960 0.01281689 0.06443488
vn -0.99783960 0.01596313 0.06372837
vn -0.99783960 0.01907090 0.06286834
vn -0.99783960 0.02213273 0.06185684
vn -0.99783960 0.02514124 0.06069633
vn -0.99783960 0.02808919 0.05938960
vn -0.99783960 0.03096946 0.05793979
vn -0.99783960 0.03377513 0.05635040
vn -0.99783960 0.03649943 0.05462526
vn -0.99783960 0.03913580 0.05276851
vn -0.99783960 0.04167789 0.05078465
vn -0.99783960 0.04411957 0.04867844
vn -0.99783960 0.04645496 0.04645496
vn -0.99783960 0.04867844 0.04411957
vn -0.99783960 0.05078465 0.04167789
vn -0.99783960 0.05276851 0.03913580
vn -0.99783960 0.05462526 0.03649943
vn -0.99783960 0.05635040 0.03377513
vn -0.99783960 0.05793979 0.03096946
vn -0.99783960 0.05938960 0.02808919
vn -0.99783960 0.06069633 0.02514124
vn -0.99783960 0.06185684 0.02213273
vn -0.99783960 0.06286834 0.01907090
vn -0.99783960 0.06372837 0.01596313
vn -0.99783960 0.06443488 0.01281689
vn -0.99783960 0.06498616 0.00963979
vn -0.99783960 0.06538089 0.00643946
vn -0.99783960 0.06561810 0.00322361
vn -0.99783960 0.06569724 -0.00000000
vn -0.99783960 0.06561810 -0.00322361
vn -0.99783960 0.06538089 -0.00643946
vn -0.99783960 0.06498616 -0.00963979
vn -0.99783960 0.06443488 -0.01281689
vn -0.99783960 0.06372837 -0.01596313
vn -0.99783960 0.06286834 -0.01907090
vn -0.99783960 0.06185684 -0.02213273
vn -0.99783960 0.06069633 -0.02514124
vn -0.99783960 0.05938960 -0.02808919
vn -0.99783960 0.05793979 -0.03096946
vn -0.99783960 0.05635040 -0.03377513
vn -0.99783960 0.05462526 -0.03649943
vn -0.99783960 0.05276851 -0.03913580
vn -0.99783960 0.05078465 -0.04167789
vn -0.99783960 0.04867844 -0.04411957
vn -0.99783960 0.04645496 -0.04645496
vn -0.99783960 0.04411957 -0.04867844
vn -0.99783960 0.04167789 -0.05078465
vn -0.99783960 0.03913580 -0.05276851
vn -0.99783960 0.03649943 -0.05462526
vn -0.99783960 0.03377513 -0.05635040
vn -0.99783960 0.03096946 -0.05793979
vn -0.99783960 0.02808919 -0.05938960
vn -0.99783960 0.02514124 -0.06069633
vn -0.99783960 0.02213273 -0.06185684
vn -0.99783960 0.01907090 -0.06286834
vn -0.99783960 0.01596313 -0.06372837
vn -0.99783960 0.01281689 -0.06443488
vn -0.99783960 0.00963979 -0.06498616
vn -0.99783960 0.00643946 -0.06538089
vn -0.99783960 0.00322361 -0.06561810
vn -0.99783960 -0.00000000 -0.06569724
vn -0.99783960 -0.00322361 -0.06561810
vn -0.99783960 -0.00643946 -0.06538089
vn -0.99783960 -0.00963979 -0.06498616
vn -0.99783960 -0.01281689 -0.06443488
vn -0.99783960 -0.01596313 -0.06372837
vn -0.99783960 -0.01907090 -0.06286834
vn -0.99783960 -0.02213273 -0.06185684
vn -0.99783960 -0.02514124 -0.06069633
vn -0.99783960 -0.02808919 -0.05938960
vn -0.99783960 -0.03096946 -0.05793979
vn -0.99783960 -0.03377513 -0.05635040
vn -0.99783960 -0.03649943 -0.05462526
vn -0.99783960 -0.03913580 -0.05276851
vn -0.99783960 -0.04167789 -0.05078465
vn -0.99783960 -0.04411957 -0.04867844
vn -0.99783960 -0.04645496 -0.04645496
vn -0.99783960 -0.04867844 -0.04411957
vn -0.99783960 -0.05078465 -0.04167789
vn -0.99783960 -0.05276851 -0.03913580
vn -0.99783960 -0.05462526 -0.03649943
vn -0.99783960 -0.05635040 -0.03377513
vn -0.99783960 -0.05793979 -0.03096946
vn -0.99783960 -0.05938960 -0.02808919
vn -0.99783960 -0.06069633 -0.02514124
vn -0.99783960 -0.06185684 -0.02213273
vn -0.99783960 -0.06286834 -0.01907090
vn -0.99783960 -0.06372837 -0.01596313
vn -0.99783960 -0.06443488 -0.01281689
vn -0.99783960 -0.06498616 -0.00963979
vn -0.99783960 -0.06538089 -0.00643946
vn -0.99783960 -0.06561810 -0.00322361
vn -0.99805815 -0.06228911 0.00000000
vn -0.99805815 -0.06221408 0.00305638
vn -0.99805815 -0.06198918 0.00610540
vn -0.99805815 -0.06161493 0.00913971
vn -0.99805815 -0.06109225 0.01215200
vn -0.99805815 -0.06042239 0.01513502
vn -0.99805815 -0.05960697 0.01808158
vn -0.99805815 -0.05864795 0.02098457
vn -0.99805815 -0.05754764 0.02383701
vn -0.99805815 -0.05630869 0.02663203
vn -0.99805815 -0.05493409 0.02936289
vn -0.99805815 -0.05342716 0.03202300
vn -0.99805815 -0.05179151 0.03460598
vn -0.99805815 -0.05003109 0.03710558
vn -0.99805815 -0.04815014 0.03951580
vn -0.99805815 -0.04615319 0.04183081
vn -0.99805815 -0.04404506 0.04404506
vn -0.99805815 -0.04183081 0.04615319
vn -0.99805815 -0.03951580 0.04815014
vn -0.99805815 -0.03710558 0.05003109
vn -0.99805815 -0.03460598 0.05179151
vn -0.99805815 -0.03202300 0.05342716
vn -0.99805815 -0.02936289 0.05493409
vn -0.99805815 -0.02663203 0.05630869
vn -0.99805815 -0.02383701 0.05754764
vn -0.99805815 -0.02098457 0.05864795
vn -0.99805815 -0.01808158 0.05960697
vn -0.99805815 -0.01513502 0.06042239
vn -0.99805815 -0.01215200 0.06109225
vn -0.99805815 -0.00913971 0.06161493
vn -0.99805815 -0.00610540 0.06198918
vn -0.99805815 -0.00305638 0.06221408
vn -0.99805815 0.00000000 0.06228911
vn -0.99805815 0.00305638 0.06221408
vn -0.99805815 0.00610540 0.06198918
vn -0.99805815 0.00913971 0.06161493
vn -0.99805815 0.01215200 0.06109225
vn -0.99805815 0.01513502 0.06042239
vn -0.99805815 0.01808158 0.05960697
vn -0.99805815 0.02098457 0.05864795
vn -0.99805815 0.02383701 0.05754764
vn -0.99805815 0.02663203 0.05630869
vn -0.99805815 0.02936289 0.05493409
vn -0.99805815 0.03202300 0.05342716
vn -0.99805815 0.03460598 0.05179151
vn -0.99805815 0.03710558 0.05003109
vn -0.99805815 0.03951580 0.04815014
vn -0.99805815 0.04183081 0.04615319
vn -0.99805815 0.04404506 0.04404506
vn -0.99805815 0.04615319 0.04183081
vn -0.99805815 0.04815014 0.03951580
vn -0.99805815 0.05003109 0.03710558
vn -0.99805815 0.05179151 0.03460598
vn -0.99805815 0.05342716 0.03202300
vn -0.99805815 0.05493409 0.02936289
vn -0.99805815 0.05630869 0.02663203
vn -0.99805815 0.05754764 0.02383701
vn -0.99805815 0.05864795 0.02098457
vn -0.99805815 0.05960697 0.01808158
vn -0.99805815 0.06042239 0.01513502
vn -0.99805815 0.06109225 0.01215200
vn -0.99805815 0.06161493 0.00913971
vn -0.99805815 0.06198918 0.00610540
vn -0.99805815 0.06221408 0.00305638
vn -0.99805815 0.06228911 -0.00000000
vn -0.99805815 0.06221408 -0.00305638
vn -0.99805815 0.06198918 -0.00610540
vn -0.99805815 0.06161493 -0.00913971
vn -0.99805815 0.06109225 -0.01215200
vn -0.99805815 0.06042239 -0.01513502
vn -0.99805815 0.05960697 -0.01808158
vn -0.99805815 0.05864795 -0.02098457
vn -0.99805815 0.05754764 -0.02383701
vn -0.99805815 0.05630869 -0.02663203
vn -0.99805815 0.05493409 -0.02936289
vn -0.99805815 0.05342716 -0.03202300
vn -0.99805815 0.05179151 -0.03460598
vn -0.99805815 0.05003109 -0.03710558
vn -0.99805815 0.04815014 -0.03951580
vn -0.99805815 0.04615319 -0.04183081
vn -0.99805815 0.04404506 -0.04404506
vn -0.99805815 0.04183081 -0.04615319
vn -0.99805815 0.03951580 -0.04815014
vn -0.99805815 0.03710558 -0.05003109
vn -0.99805815 0.03460598 -0.05179151
vn -0.99805815 0.03202300 -0.05342716
vn -0.99805815 0.02936289 -0.05493409
vn -0.99805815 0.02663203 -0.05630869
vn -0.99805815 0.02383701 -0.05754764
vn -0.99805815 0.02098457 -0.05864795
vn -0.99805815 0.01808158 -0.05960697
vn -0.99805815 0.01513502 -0.06042239
vn -0.99805815 0.01215200 -0.06109225
vn -0.99805815 0.00913971 -0.06161493
vn -0.99805815 0.00610540 -0.06198918
vn -0.99805815 0.00305638 -0.06221408
vn -0.99805815 -0.00000000 -0.06228911
vn -0.99805815 -0.00305638 -0.06221408
vn -0.99805815 -0.00610540 -0.06198918
vn -0.99805815 -0.00913971 -0.06161493
vn -0.99805815 -0.01215200 -0.06109225
vn -0.99805815 -0.01513502 -0.06042239
vn -0.99805815 -0.01808158 -0.05960697
vn -0.99805815 -0.02098457 -0.05864795
vn -0.99805815 -0.02383701 -0.05754764
vn -0.99805815 -0.02663203 -0.05630869
vn -0.99805815 -0.02936289 -0.05493409
vn -0.99805815 -0.03202300 -0.05342716
vn -0.99805815 -0.03460598 -0.05179151
vn -0.99805815 -0.03710558 -0.05003109
vn -0.99805815 -0.03951580 -0.04815014
vn -0.99805815 -0.04183081 -0.04615319
vn -0.99805815 -0.04404506 -0.04404506
vn -0.99805815 -0.04615319 -0.04183081
vn -0.99805815 -0.04815014 -0.03951580
vn -0.99805815 -0.05003109 -0.03710558
vn -0.99805815 -0.05179151 -0.03460598
vn -0.99805815 -0.05342716 -0.03202300
vn -0.99805815 -0.05493409 -0.02936289
vn -0.99805815 -0.05630869 -0.02663203
vn -0.99805815 -0.05754764 -0.02383701
vn -0.99805815 -0.05864795 -0.02098457
vn -0.99805815 -0.05960697 -0.01808158
vn -0.99805815 -0.06042239 -0.01513502
vn -0.99805815 -0.06109225 -0.01215200
vn -0.99805815 -0.06161493 -0.00913971
vn -0.99805815 -0.06198918 -0.00610540
vn -0.99805815 -0.06221408 -0.00305638
vn -0.99826384 -0.05890080 -0.00000000
vn -0.99826384 -0.05882985 0.00289013
vn -0.99826384 -0.05861717 0.00577329
vn -0.99826384 -0.05826328 0.00864254
vn -0.99826384 -0.05776903 0.01149098
vn -0.99826384 -0.05713561 0.01431173
vn -0.99826384 -0.05636455 0.01709800
vn -0.99826384 -0.05545769 0.01984308
vn -0.99826384 -0.05441724 0.02254036
vn -0.99826384 -0.05324569 0.02518334
vn -0.99826384 -0.05194586 0.02776564
vn -0.99826384 -0.05052090 0.03028106
vn -0.99826384 -0.04897422 0.03272353
vn -0.99826384 -0.04730956 0.03508716
vn -0.99826384 -0.04553093 0.03736627
vn -0.99826384 -0.04364261 0.03955536
vn -0.99826384 -0.04164915 0.04164915
vn -0.99826384 -0.03955536 0.04364261
vn -0.99826384 -0.03736627 0.04553093
vn -0.99826384 -0.03508716 0.04730956
vn -0.99826384 -0.03272353 0.04897422
vn -0.99826384 -0.03028106 0.05052090
vn -0.99826384 -0.02776564 0.05194586
vn -0.99826384 -0.02518334 0.05324569
vn -0.99826384 -0.02254036 0.05441724
vn -0.99826384 -0.01984308 0.05545769
vn -0.99826384 -0.01709800 0.05636455
vn -0.99826384 -0.01431173 0.05713561
vn -0.99826384 -0.01149098 0.05776903
vn -0.99826384 -0.00864254 0.05826328
vn -0.99826384 -0.00577329 0.05861717
vn -0.99826384 -0.00289013 0.05882985
vn -0.99826384 -0.00000000 0.05890080
vn -0.99826384 0.00289013 0.05882985
vn -0.99826384 0.00577329 0.05861717
vn -0.99826384 0.00864254 0.05826328
vn -0.99826384 0.01149098 0.05776903
vn -0.99826384 0.01431173 0.05713561
vn -0.99826384 0.01709800 0.05636455
vn -0.99826384 0.01984308 0.05545769
vn -0.99826384 0.02254036 0.05441724
vn -0.99826384 0.02518334 0.05324569
vn -0.99826384 0.02776564 0.05194586
vn -0.99826384 0.03028106 0.05052090
vn -0.99826384 0.03272353 0.04897422
vn -0.99826384 0.03508716 0.04730956
vn -0.99826384 0.03736627 0.04553093
vn -0.99826384 0.03955536 0.04364261
vn -0.99826384 0.04164915 0.04164915
vn -0.99826384 0.04364261 0.03955536
vn -0.99826384 0.04553093 0.03736627
vn -0.99826384 0.04730956 0.03508716
vn -0.99826384 0.04897422 0.03272353
vn -0.99826384 0.05052090 0.03028106
vn -0.99826384 0.05194586 0.02776564
vn -0.99826384 0.05324569 0.02518334
vn -0.99826384 0.05441724 0.02254036
vn -0.99826384 0.05545769 0.01984308
vn -0.99826384 0.05636455 0.01709800
vn -0.99826384 0.05713561 0.01431173
vn -0.99826384 0.05776903 0.01149098
vn -0.99826384 0.05826328 0.00864254
vn -0.99826384 0.05861717 0.00577329
vn -0.99826384 0.05882985 0.00289013
vn -0.99826384 0.05890080 0.00000000
vn -0.99826384 0.05882985 -0.00289013
vn -0.99826384 0.05861717 -0.00577329
vn -0.99826384 0.05826328 -0.00864254
vn -0.99826384 0.05776903 -0.01149098
vn -0.99826384 0.05713561 -0.01431173
vn -0.99826384 0.05636455 -0.01709800
vn -0.99826384 0.05545769 -0.01984308
vn -0.99826384 0.05441724 -0.02254036
vn -0.99826384 0.05324569 -0.02518334
vn -0.99826384 0.05194586 -0.02776564
vn -0.99826384 0.05052090 -0.03028106
vn -0.99826384 0.04897422 -0.03272353
vn -0.99826384 0.04730956 -0.03508716
vn -0.99826384 0.04553093 -0.03736627
vn -0.99826384 0.04364261 -0.03955536
vn -0.99826384 0.04164915 -0.04164915
vn -0.99826384 0.03955536 -0.04364261
vn -0.99826384 0.03736627 -0.04553093
vn -0.99826384 0.03508716 -0.04730956
vn -0.99826384 0.03272353 -0.04897422
vn -0.99826384 0.03028106 -0.05052090
vn -0.99826384 0.02776564 -0.05194586
vn -0.99826384 0.02518334 -0.05324569
vn -0.99826384 0.02254036 -0.05441724
vn -0.99826384 0.01984308 -0.05545769
vn -0.99826384 0.01709800 -0.05636455
vn -0.99826384 0.01431173 -0.05713561
vn -0.99826384 0.01149098 -0.05776903
vn -0.99826384 0.00864254 -0.05826328
vn -0.99826384 0.00577329 -0.05861717
vn -0.99826384 0.00289013 -0.05882985
vn -0.99826384 0.00000000 -0.05890080
vn -0.99826384 -0.00289013 -0.05882985
vn -0.99826384 -0.00577329 -0.05861717
vn -0.99826384 -0.00864254 -0.05826328
vn -0.99826384 -0.01149098 -0.05776903
vn -0.99826384 -0.01431173 -0.05713561
vn -0.99826384 -0.01709800 -0.05636455
vn -0.99826384 -0.01984308 -0.05545769
vn -0.99826384 -0.02254036 -0.05441724
vn -0.99826384 -0.02518334 -0.05324569
vn -0.99826384 -0.02776564 -0.05194586
vn -0.99826384 -0.03028106 -0.05052090
vn -0.99826384 -0.03272353 -0.04897422
vn -0.99826384 -0.03508716 -0.04730956
vn -0.99826384 -0.03736627 -0.04553093
vn -0.99826384 -0.03955536 -0.04364261
vn -0.99826384 -0.04164915 -0.04164915
vn -0.99826384 -0.04364261 -0.03955536
vn -0.99826384 -0.04553093 -0.03736627
vn -0.99826384 -0.04730956 -0.03508716
vn -0.99826384 -0.04897422 -0.03272353
vn -0.99826384 -0.05052090 -0.03028106
vn -0.99826384 -0.05194586 -0.02776564
vn -0.99826384 -0.05324569 -0.02518334
vn -0.99826384 -0.05441724 -0.02254036
vn -0.99826384 -0.05545769 -0.01984308
vn -0.99826384 -0.05636455 -0.01709800
vn -0.99826384 -0.05713561 -0.01431173
vn -0.99826384 -0.05776903 -0.01149098
vn -0.99826384 -0.05826328 -0.00864254
vn -0.99826384 -0.05861717 -0.00577329
vn -0.99826384 -0.05882985 -0.00289013
vn -0.99845696 -0.05553106 0.00000000
vn -0.99845696 -0.05546417 0.00272478
vn -0.99845696 -0.05526367 0.00544300
vn -0.99845696 -0.05493002 0.00814810
vn -0.99845696 -0.05446405 0.01083357
vn -0.99845696 -0.05386687 0.01349295
vn -0.99845696 -0.05313991 0.01611982
vn -0.99845696 -0.05228494 0.01870785
vn -0.99845696 -0.05130401 0.02125082
vn -0.99845696 -0.05019949 0.02374259
vn -0.99845696 -0.04897403 0.02617716
vn -0.99845696 -0.04763058 0.02854867
vn -0.99845696 -0.04617239 0.03085141
vn -0.99845696 -0.04460297 0.03307982
vn -0.99845696 -0.04292609 0.03522853
vn -0.99845696 -0.04114580 0.03729238
vn -0.99845696 -0.03926639 0.03926639
vn -0.99845696 -0.03729238 0.04114580
vn -0.99845696 -0.03522853 0.04292609
vn -0.99845696 -0.03307982 0.04460297
vn -0.99845696 -0.03085141 0.04617239
vn -0.99845696 -0.02854867 0.04763058
vn -0.99845696 -0.02617716 0.04897403
vn -0.99845696 -0.02374259 0.05019949
vn -0.99845696 -0.02125082 0.05130401
vn -0.99845696 -0.01870785 0.05228494
vn -0.99845696 -0.01611982 0.05313991
vn -0.99845696 -0.01349295 0.05386687
vn -0.99845696 -0.01083357 0.05446405
vn -0.99845696 -0.00814810 0.05493002
vn -0.99845696 -0.00544300 0.05526367
vn -0.99845696 -0.00272478 0.05546417
vn -0.99845696 0.00000000 0.05553106
vn -0.99845696 0.00272478 0.05546417
vn -0.99845696 0.00544300 0.05526367
vn -0.99845696 0.00814810 0.05493002
vn -0.99845696 0.01083357 0.05446405
vn -0.99845696 0.01349295 0.05386687
vn -0.99845696 0.01611982 0.05313991
vn -0.99845696 0.01870785 0.05228494
vn -0.99845696 0.02125082 0.05130401
vn -0.99845696 0.02374259 0.05019949
vn -0.99845696 0.02617716 0.04897403
vn -0.99845696 0.02854867 0.04763058
vn -0.99845696 0.03085141 0.04617239
vn -0.99845696 0.03307982 0.04460297
vn -0.99845696 0.03522853 0.04292609
vn -0.99845696 0.03729238 0.04114580
vn -0.99845696 0.03926639 0.03926639
vn -0.99845696 0.04114580 0.03729238
vn -0.99845696 0.04292609 0.03522853
vn -0.99845696 0.04460297 0.03307982
vn -0.99845696 0.04617239 0.03085141
vn -0.99845696 0.04763058 0.02854867
vn -0.99845696 0.04897403 0.02617716
vn -0.99845696 0.05019949 0.02374259
vn -0.99845696 0.05130401 0.02125082
vn -0.99845696 0.05228494 0.01870785
vn -0.99845696 0.05313991 0.01611982
vn -0.99845696 0.05386687 0.01349295
vn -0.99845696 0.05446405 0.01083357
vn -0.99845696 0.05493002 0.00814810
vn -0.99845696 0.05526367 0.00544300
vn -0.99845696 0.05546417 0.00272478
vn -0.99845696 0.05553106 -0.00000000
vn -0.99845696 0.05546417 -0.00272478
vn -0.99845696 0.05526367 -0.00544300
vn -0.99845696 0.05493002 -0.00814810
vn -0.99845696 0.05446405 -0.01083357
vn -0.99845696 0.05386687 -0.01349295
vn -0.99845696 0.05313991 -0.01611982
vn -0.99845696 0.05228494 -0.01870785
vn -0.99845696 0.05130401 -0.02125082
vn -0.99845696 0.05019949 -0.02374259
vn -0.99845696 0.04897403 -0.02617716
vn -0.99845696 0.04763058 -0.02854867
vn -0.99845696 0.04617239 -0.03085141
vn -0.99845696 0.04460297 -0.03307982
vn -0.99845696 0.04292609 -0.03522853
vn -0.99845696 0.04114580 -0.03729238
vn -0.99845696 0.03926639 -0.03926639
vn -0.99845696 0.03729238 -0.04114580
vn -0.99845696 0.03522853 -0.04292609
vn -0.99845696 0.03307982 -0.04460297
vn -0.99845696 0.03085141 -0.04617239
vn -0.99845696 0.02854867 -0.04763058
vn -0.99845696 0.02617716 -0.04897403
vn -0.99845696 0.02374259 -0.05019949
vn -0.99845696 0.02125082 -0.05130401
vn -0.99845696 0.01870785 -0.05228494
vn -0.99845696 0.01611982 -0.05313991
vn -0.99845696 0.01349295 -0.05386687
vn -0.99845696 0.01083357 -0.05446405
vn -0.99845696 0.00814810 -0.05493002
vn -0.99845696 0.00544300 -0.05526367
vn -0.99845696 0.00272478 -0.05546417
vn -0.99845696 -0.00000000 -0.05553106
vn -0.99845696 -0.00272478 -0.05546417
vn -0.99845696 -0.00544300 -0.05526367
vn -0.99845696 -0.00814810 -0.05493002
vn -0.99845696 -0.01083357 -0.05446405
vn -0.99845696 -0.01349295 -0.05386687
vn -0.99845696 -0.01611982 -0.05313991
vn -0.99845696 -0.01870785 -0.05228494
vn -0.99845696 -0.02125082 -0.05130401
vn -0.99845696 -0.02374259 -0.05019949
vn -0.99845696 -0.02617716 -0.04897403
vn -0.99845696 -0.02854867 -0.04763058
vn -0.99845696 -0.03085141 -0.04617239
vn -0.99845696 -0.03307982 -0.04460297
vn -0.99845696 -0.03522853 -0.04292609
vn -0.99845696 -0.03729238 -0.04114580
vn -0.99845696 -0.03926639 -0.03926639
vn -0.99845696 -0.04114580 -0.03729238
vn -0.99845696 -0.04292609 -0.03522853
vn -0.99845696 -0.04460297 -0.03307982
vn -0.99845696 -0.04617239 -0.03085141
vn -0.99845696 -0.04763058 -0.02854867
vn -0.99845696 -0.04897403 -0.02617716
vn -0.99845696 -0.05019949 -0.02374259
vn -0.99845696 -0.05130401 -0.02125082
vn -0.99845696 -0.05228494 -0.01870785
vn -0.99845696 -0.05313991 -0.01611982
vn -0.99845696 -0.05386687 -0.01349295
vn -0.99845696 -0.05446405 -0.01083357
vn -0.99845696 -0.05493002 -0.00814810
vn -0.99845696 -0.05526367 -0.00544300
vn -0.99845696 -0.05546417 -0.00272478
vn -0.99863776 -0.05217873 -0.00000000
vn -0.99863776 -0.05211588 0.00256029
vn -0.99863776 -0.05192747 0.00511441
vn -0.99863776 -0.05161397 0.00765621
vn -0.99863776 -0.05117613 0.01017956
vn -0.99863776 -0.05061500 0.01267840
vn -0.99863776 -0.04993193 0.01514669
vn -0.99863776 -0.04912857 0.01757848
vn -0.99863776 -0.04820686 0.01996793
vn -0.99863776 -0.04716901 0.02230928
vn -0.99863776 -0.04601753 0.02459688
vn -0.99863776 -0.04475519 0.02682523
vn -0.99863776 -0.04338503 0.02898895
vn -0.99863776 -0.04191035 0.03108283
vn -0.99863776 -0.04033470 0.03310183
vn -0.99863776 -0.03866189 0.03504109
vn -0.99863776 -0.03689593 0.03689593
vn -0.99863776 -0.03504109 0.03866189
vn -0.99863776 -0.03310183 0.04033470
vn -0.99863776 -0.03108283 0.04191035
vn -0.99863776 -0.02898895 0.04338503
vn -0.99863776 -0.02682523 0.04475519
vn -0.99863776 -0.02459688 0.04601753
vn -0.99863776 -0.02230928 0.04716901
vn -0.99863776 -0.01996793 0.04820686
vn -0.99863776 -0.01757848 0.04912857
vn -0.99863776 -0.01514669 0.04993193
vn -0.99863776 -0.01267840 0.05061500
vn -0.99863776 -0.01017956 0.05117613
vn -0.99863776 -0.00765621 0.05161397
vn -0.99863776 -0.00511441 0.05192747
vn -0.99863776 -0.00256029 0.05211588
vn -0.99863776 -0.00000000 0.05217873
vn -0.99863776 0.00256029 0.05211588
vn -0.99863776 0.00511441 0.05192747
vn -0.99863776 0.00765621 0.05161397
vn -0.99863776 0.01017956 0.05117613
vn -0.99863776 0.01267840 0.05061500
vn -0.99863776 0.01514669 0.04993193
vn -0.99863776 0.01757848 0.04912857
vn -0.99863776 0.01996793 0.04820686
vn -0.99863776 0.02230928 0.04716901
vn -0.99863776 0.02459688 0.04601753
vn -0.99863776 0.02682523 0.04475519
vn -0.99863776 0.02898895 0.04338503
vn -0.99863776 0.03108283 0.04191035
vn -0.99863776 0.03310183 0.04033470
vn -0.99863776 0.03504109 0.03866189
vn -0.99863776 0.03689593 0.03689593
vn -0.99863776 0.03866189 0.03504109
vn -0.99863776 0.04033470 0.03310183
vn -0.99863776 0.04191035 0.03108283
vn -0.99863776 0.04338503 0.02898895
vn -0.99863776 0.04475519 0.02682523
vn -0.99863776 0.04601753 0.02459688
vn -0.99863776 0.04716901 0.02230928
vn -0.99863776 0.04820686 0.01996793
vn -0.99863776 0.04912857 0.01757848
vn -0.99863776 0.04993193 0.01514669
vn -0.99863776 0.05061500 0.01267840
vn -0.99863776 0.05117613 0.01017956
vn -0.99863776 0.05161397 0.00765621
vn -0.99863776 0.05192747 0.00511441
vn -0.99863776 0.05211588 0.00256029
vn -0.99863776 0.05217873 0.00000000
vn -0.99863776 0.05211588 -0.00256029
vn -0.99863776 0.05192747 -0.00511441
vn -0.99863776 0.05161397 -0.00765621
vn -0.99863776 0.05117613 -0.01017956
vn -0.99863776 0.05061500 -0.01267840
vn -0.99863776 0.04993193 -0.01514669
vn -0.99863776 0.04912857 -0.01757848
vn -0.99863776 0.04820686 -0.01996793
vn -0.99863776 0.04716901 -0.02230928
vn -0.99863776 0.04601753 -0.02459688
vn -0.99863776 0.04475519 -0.02682523
vn -0.99863776 0.04338503 -0.02898895
vn -0.99863776 0.04191035 -0.03108283
vn -0.99863776 0.04033470 -0.03310183
vn -0.99863776 0.03866189 -0.03504109
vn -0.99863776 0.03689593 -0.03689593
vn -0.99863776 0.03504109 -0.03866189
vn -0.99863776 0.03310183 -0.04033470
vn -0.99863776 0.03108283 -0.04191035
vn -0.99863776 0.02898895 -0.04338503
vn -0.99863776 0.02682523 -0.04475519
vn -0.99863776 0.02459688 -0.04601753
vn -0.99863776 0.02230928 -0.04716901
vn -0.99863776 0.01996793 -0.04820686
vn -0.99863776 0.01757848 -0.04912857
vn -0.99863776 0.01514669 -0.04993193
vn -0.99863776 0.01267840 -0.05061500
vn -0.99863776 0.01017956 -0.05117613
vn -0.99863776 0.00765621 -0.05161397
vn -0.99863776 0.00511441 -0.05192747
vn -0.99863776 0.00256029 -0.05211588
vn -0.99863776 0.00000000 -0.05217873
vn -0.99863776 -0.00256029 -0.05211588
vn -0.99863776 -0.00511441 -0.05192747
vn -0.99863776 -0.00765621 -0.05161397
vn -0.99863776 -0.01017956 -0.05117613
vn -0.99863776 -0.01267840 -0.05061500
vn -0.99863776 -0.01514669 -0.04993193
vn -0.99863776 -0.01757848 -0.04912857
vn -0.99863776 -0.01996793 -0.04820686
vn -0.99863776 -0.02230928 -0.04716901
vn -0.99863776 -0.02459688 -0.04601753
vn -0.99863776 -0.02682523 -0.04475519
vn -0.99863776 -0.02898895 -0.04338503
vn -0.99863776 -0.03108283 -0.04191035
vn -0.99863776 -0.03310183 -0.04033470
vn -0.99863776 -0.03504109 -0.03866189
vn -0.99863776 -0.03689593 -0.03689593
vn -0.99863776 -0.03866189 -0.03504109
vn -0.99863776 -0.04033470 -0.03310183
vn -0.99863776 -0.04191035 -0.03108283
vn -0.99863776 -0.04338503 -0.02898895
vn -0.99863776 -0.04475519 -0.02682523
vn -0.99863776 -0.04601753 -0.02459688
vn -0.99863776 -0.04716901 -0.02230928
vn -0.99863776 -0.04820686 -0.01996793
vn -0.99863776 -0.04912857 -0.01757848
vn -0.99863776 -0.04993193 -0.01514669
vn -0.99863776 -0.05061500 -0.01267840
vn -0.99863776 -0.05117613 -0.01017956
vn -0.99863776 -0.05161397 -0.00765621
vn -0.99863776 -0.05192747 -0.00511441
vn -0.99863776 -0.05211588 -0.00256029
vn -0.99880649 -0.04884263 -0.00000000
vn -0.99880649 -0.04878380 0.00239659
vn -0.99880649 -0.04860744 0.00478741
vn -0.99880649 -0.04831398 0.00716670
vn -0.99880649 -0.04790413 0.00952872
vn -0.99880649 -0.04737888 0.01186779
vn -0.99880649 -0.04673948 0.01417827
vn -0.99880649 -0.04598749 0.01645459
vn -0.99880649 -0.04512471 0.01869127
vn -0.99880649 -0.04415321 0.02088292
vn -0.99880649 -0.04307535 0.02302426
vn -0.99880649 -0.04189372 0.02511013
vn -0.99880649 -0.04061116 0.02713551
vn -0.99880649 -0.03923077 0.02909552
vn -0.99880649 -0.03775586 0.03098544
vn -0.99880649 -0.03619000 0.03280071
vn -0.99880649 -0.03453696 0.03453696
vn -0.99880649 -0.03280071 0.03619000
vn -0.99880649 -0.03098544 0.03775586
vn -0.99880649 -0.02909552 0.03923077
vn -0.99880649 -0.02713551 0.04061116
vn -0.99880649 -0.02511013 0.04189372
vn -0.99880649 -0.02302426 0.04307535
vn -0.99880649 -0.02088292 0.04415321
vn -0.99880649 -0.01869127 0.04512471
vn -0.99880649 -0.01645459 0.04598749
vn -0.99880649 -0.01417827 0.04673948
vn -0.99880649 -0.01186779 0.04737888
vn -0.99880649 -0.00952872 0.04790413
vn -0.99880649 -0.00716670 0.04831398
vn -0.99880649 -0.00478741 0.04860744
vn -0.99880649 -0.00239659 0.04878380
vn -0.99880649 -0.00000000 0.04884263
vn -0.99880649 0.00239659 0.04878380
vn -0.99880649 0.00478741 0.04860744
vn -0.99880649 0.00716670 0.04831398
vn -0.99880649 0.00952872 0.04790413
vn -0.99880649 0.01186779 0.04737888
vn -0.99880649 0.01417827 0.04673948
vn -0.99880649 0.01645459 0.04598749
vn -0.99880649 0.01869127 0.04512471
vn -0.99880649 0.02088292 0.04415321
vn -0.99880649 0.02302426 0.04307535
vn -0.99880649 0.02511013 0.04189372
vn -0.99880649 0.02713551 0.04061116
vn -0.99880649 0.02909552 0.03923077
vn -0.99880649 0.03098544 0.03775586
vn -0.99880649 0.03280071 0.03619000
vn -0.99880649 0.03453696 0.03453696
vn -0.99880649 0.03619000 0.03280071
vn -0.99880649 0.03775586 0.03098544
vn -0.99880649 0.03923077 0.02909552
vn -0.99880649 0.04061116 0.02713551
vn -0.99880649 0.04189372 0.02511013
vn -0.99880649 0.04307535 0.02302426
vn -0.99880649 0.04415321 0.02088292
vn -0.99880649 0.04512471 0.01869127
vn -0.99880649 0.04598749 0.01645459
vn -0.99880649 0.04673948 0.01417827
vn -0.99880649 0.04737888 0.01186779
vn -0.99880649 0.04790413 0.00952872
vn -0.99880649 0.04831398 0.00716670
vn -0.99880649 0.04860744 0.00478741
vn -0.99880649 0.04878380 0.00239659
vn -0.99880649 0.04884263 0.00000000
vn -0.99880649 0.04878380 -0.00239659
vn -0.99880649 0.04860744 -0.00478741
vn -0.99880649 0.04831398 -0.00716670
vn -0.99880649 0.04790413 -0.00952872
vn -0.99880649 0.04737888 -0.01186779
vn -0.99880649 0.04673948 -0.01417827
vn -0.99880649 0.04598749 -0.01645459
vn -0.99880649 0.04512471 -0.01869127
vn -0.99880649 0.04415321 -0.02088292
vn -0.99880649 0.04307535 -0.02302426
vn -0.99880649 0.04189372 -0.02511013
vn -0.99880649 0.04061116 -0.02713551
vn -0.99880649 0.03923077 -0.02909552
vn -0.99880649 0.03775586 -0.03098544
vn -0.99880649 0.03619000 -0.03280071
vn -0.99880649 0.03453696 -0.03453696
vn -0.99880649 0.03280071 -0.03619000
vn -0.99880649 0.03098544 -0.03775586
vn -0.99880649 0.02909552 -0.03923077
vn -0.99880649 0.02713551 -0.04061116
vn -0.99880649 0.02511013 -0.04189372
vn -0.99880649 0.02302426 -0.04307535
vn -0.99880649 0.02088292 -0.04415321
vn -0.99880649 0.01869127 -0.04512471
vn -0.99880649 0.01645459 -0.04598749
vn -0.99880649 0.01417827 -0.04673948
vn -0.99880649 0.01186779 -0.04737888
vn -0.99880649 0.00952872 -0.04790413
vn -0.99880649 0.00716670 -0.04831398
vn -0.99880649 0.00478741 -0.04860744
vn -0.99880649 0.00239659 -0.04878380
vn -0.99880649 0.00000000 -0.04884263
vn -0.99880649 -0.00239659 -0.04878380
vn -0.99880649 -0.00478741 -0.04860744
vn -0.99880649 -0.00716670 -0.04831398
vn -0.99880649 -0.00952872 -0.04790413
vn -0.99880649 -0.01186779 -0.04737888
vn -0.99880649 -0.01417827 -0.04673948
vn -0.99880649 -0.01645459 -0.04598749
vn -0.99880649 -0.01869127 -0.04512471
vn -0.99880649 -0.02088292 -0.04415321
vn -0.99880649 -0.02302426 -0.04307535
vn -0.99880649 -0.02511013 -0.04189372
vn -0.99880649 -0.02713551 -0.04061116
vn -0.99880649 -0.02909552 -0.03923077
vn -0.99880649 -0.03098544 -0.03775586
vn -0.99880649 -0.03280071 -0.03619000
vn -0.99880649 -0.03453696 -0.03453696
vn -0.99880649 -0.03619000 -0.03280071
vn -0.99880649 -0.03775586 -0.03098544
vn -0.99880649 -0.03923077 -0.02909552
vn -0.99880649 -0.04061116 -0.02713551
vn -0.99880649 -0.04189372 -0.02511013
vn -0.99880649 -0.04307535 -0.02302426
vn -0.99880649 -0.04415321 -0.02088292
vn -0.99880649 -0.04512471 -0.01869127
vn -0.99880649 -0.04598749 -0.01645459
vn -0.99880649 -0.04673948 -0.01417827
vn -0.99880649 -0.04737888 -0.01186779
vn -0.99880649 -0.04790413 -0.00952872
vn -0.99880649 -0.04831398 -0.00716670
vn -0.99880649 -0.04860744 -0.00478741
vn -0.99880649 -0.04878380 -0.00239659
vn -0.99896335 -0.04552164 0.00000000
vn -0.99896335 -0.04546681 0.00223364
vn -0.99896335 -0.04530244 0.00446190
vn -0.99896335 -0.04502894 0.00667941
vn -0.99896335 -0.04464695 0.00888083
vn -0.99896335 -0.04415741 0.01106086
vn -0.99896335 -0.04356149 0.01321423
vn -0.99896335 -0.04286063 0.01533578
vn -0.99896335 -0.04205651 0.01742038
vn -0.99896335 -0.04115107 0.01946301
vn -0.99896335 -0.04014650 0.02145875
vn -0.99896335 -0.03904521 0.02340280
vn -0.99896335 -0.03784986 0.02529047
vn -0.99896335 -0.03656332 0.02711721
vn -0.99896335 -0.03518870 0.02887862
vn -0.99896335 -0.03372931 0.03057046
vn -0.99896335 -0.03218866 0.03218866
vn -0.99896335 -0.03057046 0.03372931
vn -0.99896335 -0.02887862 0.03518870
vn -0.99896335 -0.02711721 0.03656332
vn -0.99896335 -0.02529047 0.03784986
vn -0.99896335 -0.02340280 0.03904521
vn -0.99896335 -0.02145875 0.04014650
vn -0.99896335 -0.01946301 0.04115107
vn -0.99896335 -0.01742038 0.04205651
vn -0.99896335 -0.01533578 0.04286063
vn -0.99896335 -0.01321423 0.04356149
vn -0.99896335 -0.01106086 0.04415741
vn -0.99896335 -0.00888083 0.04464695
vn -0.99896335 -0.00667941 0.04502894
vn -0.99896335 -0.00446190 0.04530244
vn -0.99896335 -0.00223364 0.04546681
vn -0.99896335 0.00000000 0.04552164
vn -0.99896335 0.00223364 0.04546681
vn -0.99896335 0.00446190 0.04530244
vn -0.99896335 0.00667941 0.04502894
vn -0.99896335 0.00888083 0.04464695
vn -0.99896335 0.01106086 0.04415741
vn -0.99896335 0.01321423 0.04356149
vn -0.99896335 0.01533578 0.04286063
vn -0.99896335 0.01742038 0.04205651
vn -0.99896335 0.01946301 0.04115107
vn -0.99896335 0.02145875 0.04014650
vn -0.99896335 0.02340280 0.03904521
vn -0.99896335 0.02529047 0.03784986
vn -0.99896335 0.02711721 0.03656332
vn -0.99896335 0.02887862 0.03518870
vn -0.99896335 0.03057046 0.03372931
vn -0.99896335 0.03218866 0.03218866
vn -0.99896335 0.03372931 0.03057046
vn -0.99896335 0.03518870 0.02887862
vn -0.99896335 0.03656332 0.02711721
vn -0.99896335 0.03784986 0.02529047
vn -0.99896335 0.03904521 0.02340280
vn -0.99896335 0.04014650 0.02145875
vn -0.99896335 0.04115107 0.01946301
vn -0.99896335 0.04205651 0.01742038
vn -0.99896335 0.04286063 0.01533578
vn -0.99896335 0.04356149 0.01321423
vn -0.99896335 0.04415741 0.01106086
vn -0.99896335 0.04464695 0.00888083
vn -0.99896335 0.04502894 0.00667941
vn -0.99896335 0.04530244 0.00446190
vn -0.99896335 0.04546681 0.00223364
vn -0.99896335 0.04552164 -0.00000000
vn -0.99896335 0.04546681 -0.00223364
vn -0.99896335 0.04530244 -0.00446190
vn -0.99896335 0.04502894 -0.00667941
vn -0.99896335 0.04464695 -0.00888083
vn -0.99896335 0.04415741 -0.01106086
vn -0.99896335 0.04356149 -0.01321423
vn -0.99896335 0.04286063 -0.01533578
vn -0.99896335 0.04205651 -0.01742038
vn -0.99896335 0.04115107 -0.01946301
vn -0.99896335 0.04014650 -0.02145875
vn -0.99896335 0.03904521 -0.02340280
vn -0.99896335 0.03784986 -0.02529047
vn -0.99896335 0.03656332 -0.02711721
vn -0.99896335 0.03518870 -0.02887862
vn -0.99896335 0.03372931 -0.03057046
vn -0.99896335 0.03218866 -0.03218866
vn -0.99896335 0.03057046 -0.03372931
vn -0.99896335 0.02887862 -0.03518870
vn -0.99896335 0.02711721 -0.03656332
vn -0.99896335 0.02529047 -0.03784986
vn -0.99896335 0.02340280 -0.03904521
vn -0.99896335 0.02145875 -0.04014650
vn -0.99896335 0.01946301 -0.04115107
vn -0.99896335 0.01742038 -0.04205651
vn -0.99896335 0.01533578 -0.04286063
vn -0.99896335 0.01321423 -0.04356149
vn -0.99896335 0.01106086 -0.04415741
vn -0.99896335 0.00888083 -0.04464695
vn -0.99896335 0.00667941 -0.04502894
vn -0.99896335 0.00446190 -0.04530244
vn -0.99896335 0.00223364 -0.04546681
vn -0.99896335 -0.00000000 -0.04552164
vn -0.99896335 -0.00223364 -0.04546681
vn -0.99896335 -0.00446190 -0.04530244
vn -0.99896335 -0.00667941 -0.04502894
vn -0.99896335 -0.00888083 -0.04464695
vn -0.99896335 -0.01106086 -0.04415741
vn -0.99896335 -0.01321423 -0.04356149
vn -0.99896335 -0.01533578 -0.04286063
vn -0.99896335 -0.01742038 -0.04205651
vn -0.99896335 -0.01946301 -0.04115107
vn -0.99896335 -0.02145875 -0.04014650
vn -0.99896335 -0.02340280 -0.03904521
vn -0.99896335 -0.02529047 -0.03784986
vn -0.99896335 -0.02711721 -0.03656332
vn -0.99896335 -0.02887862 -0.03518870
vn -0.99896335 -0.03057046 -0.03372931
vn -0.99896335 -0.03218866 -0.03218866
vn -0.99896335 -0.03372931 -0.03057046
vn -0.99896335 -0.03518870 -0.02887862
vn -0.99896335 -0.03656332 -0.02711721
vn -0.99896335 -0.03784986 -0.02529047
vn -0.99896335 -0.03904521 -0.02340280
vn -0.99896335 -0.04014650 -0.02145875
vn -0.99896335 -0.04115107 -0.01946301
vn -0.99896335 -0.04205651 -0.01742038
vn -0.99896335 -0.04286063 -0.01533578
vn -0.99896335 -0.04356149 -0.01321423
vn -0.99896335 -0.04415741 -0.01106086
vn -0.99896335 -0.04464695 -0.00888083
vn -0.99896335 -0.04502894 -0.00667941
vn -0.99896335 -0.04530244 -0.00446190
vn -0.99896335 -0.04546681 -0.00223364
vn -0.99910856 -0.04221464 -0.00000000
vn -0.99910856 -0.04216379 0.00207137
vn -0.99910856 -0.04201137 0.00413776
vn -0.99910856 -0.04175773 0.00619417
vn -0.99910856 -0.04140350 0.00823567
vn -0.99910856 -0.04094952 0.01025732
vn -0.99910856 -0.04039689 0.01225426
vn -0.99910856 -0.03974695 0.01422168
vn -0.99910856 -0.03900124 0.01615484
vn -0.99910856 -0.03816158 0.01804909
vn -0.99910856 -0.03722999 0.01989984
vn -0.99910856 -0.03620871 0.02170266
vn -0.99910856 -0.03510019 0.02345320
vn -0.99910856 -0.03390712 0.02514723
vn -0.99910856 -0.03263236 0.02678069
vn -0.99910856 -0.03127899 0.02834962
vn -0.99910856 -0.02985026 0.02985026
vn -0.99910856 -0.02834962 0.03127899
vn -0.99910856 -0.02678069 0.03263236
vn -0.99910856 -0.02514723 0.03390712
vn -0.99910856 -0.02345320 0.03510019
vn -0.99910856 -0.02170266 0.03620871
vn -0.99910856 -0.01989984 0.03722999
vn -0.99910856 -0.01804909 0.03816158
vn -0.99910856 -0.01615484 0.03900124
vn -0.99910856 -0.01422168 0.03974695
vn -0.99910856 -0.01225426 0.04039689
vn -0.99910856 -0.01025732 0.04094952
vn -0.99910856 -0.00823567 0.04140350
vn -0.99910856 -0.00619417 0.04175773
vn -0.99910856 -0.00413776 0.04201137
vn -0.99910856 -0.00207137 0.04216379
vn -0.99910856 -0.00000000 0.04221464
vn -0.99910856 0.00207137 0.04216379
vn -0.99910856 0.00413776 0.04201137
vn -0.99910856 0.00619417 0.04175773
vn -0.99910856 0.00823567 0.04140350
vn -0.99910856 0.01025732 0.04094952
vn -0.99910856 0.01225426 0.04039689
vn -0.99910856 0.01422168 0.03974695
vn -0.99910856 0.01615484 0.03900124
vn -0.99910856 0.01804909 0.03816158
vn -0.99910856 0.01989984 0.03722999
vn -0.99910856 0.02170266 0.03620871
vn -0.99910856 0.02345320 0.03510019
vn -0.99910856 0.02514723 0.03390712
vn -0.99910856 0.02678069 0.03263236
vn -0.99910856 0.02834962 0.03127899
vn -0.99910856 0.02985026 0.02985026
vn -0.99910856 0.03127899 0.02834962
vn -0.99910856 0.03263236 0.02678069
vn -0.99910856 0.03390712 0.02514723
vn -0.99910856 0.03510019 0.02345320
vn -0.99910856 0.03620871 0.02170266
vn -0.99910856 0.03722999 0.01989984
vn -0.99910856 0.03816158 0.01804909
vn -0.99910856 0.03900124 0.01615484
vn -0.99910856 0.03974695 0.01422168
vn -0.99910856 0.04039689 0.01225426
vn -0.99910856 0.04094952 0.01025732
vn -0.99910856 0.04140350 0.00823567
vn -0.99910856 0.04175773 0.00619417
vn -0.99910856 0.04201137 0.00413776
vn -0.99910856 0.04216379 0.00207137
vn -0.99910856 0.04221464 0.00000000
vn -0.99910856 0.04216379 -0.00207137
vn -0.99910856 0.04201137 -0.00413776
vn -0.99910856 0.04175773 -0.00619417
vn -0.99910856 0.04140350 -0.00823567
vn -0.99910856 0.04094952 -0.01025732
vn -0.99910856 0.04039689 -0.01225426
vn -0.99910856 0.03974695 -0.01422168
vn -0.99910856 0.03900124 -0.01615484
vn -0.99910856 0.03816158 -0.01804909
vn -0.99910856 0.03722999 -0.01989984
vn -0.99910856 0.03620871 -0.02170266
vn -0.99910856 0.03510019 -0.02345320
vn -0.99910856 0.03390712 -0.02514723
vn -0.99910856 0.03263236 -0.02678069
vn -0.99910856 0.03127899 -0.02834962
vn -0.99910856 0.02985026 -0.02985026
vn -0.99910856 0.02834962 -0.03127899
vn -0.99910856 0.02678069 -0.03263236
vn -0.99910856 0.02514723 -0.03390712
vn -0.99910856 0.02345320 -0.03510019
vn -0.99910856 0.02170266 -0.03620871
vn -0.99910856 0.01989984 -0.03722999
vn -0.99910856 0.01804909 -0.03816158
vn -0.99910856 0.01615484 -0.03900124
vn -0.99910856 0.01422168 -0.03974695
vn -0.99910856 0.01225426 -0.04039689
vn -0.99910856 0.01025732 -0.04094952
vn -0.99910856 0.00823567 -0.04140350
vn -0.99910856 0.00619417 -0.04175773
vn -0.99910856 0.00413776 -0.04201137
vn -0.99910856 0.00207137 -0.04216379
vn -0.99910856 0.00000000 -0.04221464
vn -0.99910856 -0.00207137 -0.04216379
vn -0.99910856 -0.00413776 -0.04201137
vn -0.99910856 -0.00619417 -0.04175773
vn -0.99910856 -0.00823567 -0.04140350
vn -0.99910856 -0.01025732 -0.04094952
vn -0.99910856 -0.01225426 -0.04039689
vn -0.99910856 -0.01422168 -0.03974695
vn -0.99910856 -0.01615484 -0.03900124
vn -0.99910856 -0.01804909 -0.03816158
vn -0.99910856 -0.01989984 -0.03722999
vn -0.99910856 -0.02170266 -0.03620871
vn -0.99910856 -0.02345320 -0.03510019
vn -0.99910856 -0.02514723 -0.03390712
vn -0.99910856 -0.02678069 -0.03263236
vn -0.99910856 -0.02834962 -0.03127899
vn -0.99910856 -0.02985026 -0.02985026
vn -0.99910856 -0.03127899 -0.02834962
vn -0.99910856 -0.03263236 -0.02678069
vn -0.99910856 -0.03390712 -0.02514723
vn -0.99910856 -0.03510019 -0.02345320
vn -0.99910856 -0.03620871 -0.02170266
vn -0.99910856 -0.03722999 -0.01989984
vn -0.99910856 -0.03816158 -0.01804909
vn -0.99910856 -0.03900124 -0.01615484
vn -0.99910856 -0.03974695 -0.01422168
vn -0.99910856 -0.04039689 -0.01225426
vn -0.99910856 -0.04094952 -0.01025732
vn -0.99910856 -0.04140350 -0.00823567
vn -0.99910856 -0.04175773 -0.00619417
vn -0.99910856 -0.04201137 -0.00413776
vn -0.99910856 -0.04216379 -0.00207137
vn -0.99924231 -0.03892056 0.00000000
vn -0.99924231 -0.03887367 0.00190974
vn -0.99924231 -0.03873314 0.00381488
vn -0.99924231 -0.03849930 0.00571083
vn -0.99924231 -0.03817271 0.00759302
vn -0.99924231 -0.03775416 0.00945692
vn -0.99924231 -0.03724465 0.01129804
vn -0.99924231 -0.03664542 0.01311194
vn -0.99924231 -0.03595790 0.01489425
vn -0.99924231 -0.03518377 0.01664068
vn -0.99924231 -0.03432487 0.01834702
vn -0.99924231 -0.03338327 0.02000916
vn -0.99924231 -0.03236126 0.02162310
vn -0.99924231 -0.03126128 0.02318495
vn -0.99924231 -0.03008600 0.02469094
vn -0.99924231 -0.02883823 0.02613745
vn -0.99924231 -0.02752099 0.02752099
vn -0.99924231 -0.02613745 0.02883823
vn -0.99924231 -0.02469094 0.03008600
vn -0.99924231 -0.02318495 0.03126128
vn -0.99924231 -0.02162310 0.03236126
vn -0.99924231 -0.02000916 0.03338327
vn -0.99924231 -0.01834702 0.03432487
vn -0.99924231 -0.01664068 0.03518377
vn -0.99924231 -0.01489425 0.03595790
vn -0.99924231 -0.01311194 0.03664542
vn -0.99924231 -0.01129804 0.03724465
vn -0.99924231 -0.00945692 0.03775416
vn -0.99924231 -0.00759302 0.03817271
vn -0.99924231 -0.00571083 0.03849930
vn -0.99924231 -0.00381488 0.03873314
vn -0.99924231 -0.00190974 0.03887367
vn -0.99924231 0.00000000 0.03892056
vn -0.99924231 0.00190974 0.03887367
vn -0.99924231 0.00381488 0.03873314
vn -0.99924231 0.00571083 0.03849930
vn -0.99924231 0.00759302 0.03817271
vn -0.99924231 0.00945692 0.03775416
vn -0.99924231 0.01129804 0.03724465
vn -0.99924231 0.01311194 0.03664542
vn -0.99924231 0.01489425 0.03595790
vn -0.99924231 0.01664068 0.03518377
vn -0.99924231 0.01834702 0.03432487
vn -0.99924231 0.02000916 0.03338327
vn -0.99924231 0.02162310 0.03236126
vn -0.99924231 0.02318495 0.03126128
vn -0.99924231 0.02469094 0.03008600
vn -0.99924231 0.02613745 0.02883823
vn -0.99924231 0.02752099 0.02752099
vn -0.99924231 0.02883823 0.02613745
vn -0.99924231 0.03008600 0.02469094
vn -0.99924231 0.03126128 0.02318495
vn -0.99924231 0.03236126 0.02162310
vn -0.99924231 0.03338327 0.02000916
vn -0.99924231 0.03432487 0.01834702
vn -0.99924231 0.03518377 0.01664068
vn -0.99924231 0.03595790 0.01489425
vn -0.99924231 0.03664542 0.01311194
vn -0.99924231 0.03724465 0.01129804
vn -0.99924231 0.03775416 0.00945692
vn -0.99924231 0.03817271 0.00759302
vn -0.99924231 0.03849930 0.00571083
vn -0.99924231 0.03873314 0.00381488
vn -0.99924231 0.03887367 0.00190974
vn -0.99924231 0.03892056 -0.00000000
vn -0.99924231 0.03887367 -0.00190974
vn -0.99924231 0.03873314 -0.00381488
vn -0.99924231 0.03849930 -0.00571083
vn -0.99924231 0.03817271 -0.00759302
vn -0.99924231 0.03775416 -0.00945692
vn -0.99924231 0.03724465 -0.01129804
vn -0.99924231 0.03664542 -0.01311194
vn -0.99924231 0.03595790 -0.01489425
vn -0.99924231 0.03518377 -0.01664068
vn -0.99924231 0.03432487 -0.01834702
vn -0.99924231 0.03338327 -0.02000916
vn -0.99924231 0.03236126 -0.02162310
vn -0.99924231 0.03126128 -0.02318495
vn -0.99924231 0.03008600 -0.02469094
vn -0.99924231 0.02883823 -0.02613745
vn -0.99924231 0.02752099 -0.02752099
vn -0.99924231 0.02613745 -0.02883823
vn -0.99924231 0.02469094 -0.03008600
vn -0.99924231 0.02318495 -0.03126128
vn -0.99924231 0.02162310 -0.03236126
vn -0.99924231 0.02000916 -0.03338327
vn -0.99924231 0.01834702 -0.03432487
vn -0.99924231 0.01664068 -0.03518377
vn -0.99924231 0.01489425 -0.03595790
vn -0.99924231 0.01311194 -0.03664542
vn -0.99924231 0.01129804 -0.03724465
vn -0.99924231 0.00945692 -0.03775416
vn -0.99924231 0.00759302 -0.03817271
vn -0.99924231 0.00571083 -0.03849930
vn -0.99924231 0.00381488 -0.03873314
vn -0.99924231 0.00190974 -0.03887367
vn -0.99924231 -0.00000000 -0.03892056
vn -0.99924231 -0.00190974 -0.03887367
vn -0.99924231 -0.00381488 -0.03873314
vn -0.99924231 -0.00571083 -0.03849930
vn -0.99924231 -0.00759302 -0.03817271
vn -0.99924231 -0.00945692 -0.03775416
vn -0.99924231 -0.01129804 -0.03724465
vn -0.99924231 -0.01311194 -0.03664542
vn -0.99924231 -0.01489425 -0.03595790
vn -0.99924231 -0.01664068 -0.03518377
vn -0.99924231 -0.01834702 -0.03432487
vn -0.99924231 -0.02000916 -0.03338327
vn -0.99924231 -0.02162310 -0.03236126
vn -0.99924231 -0.02318495 -0.03126128
vn -0.99924231 -0.02469094 -0.03008600
vn -0.99924231 -0.02613745 -0.02883823
vn -0.99924231 -0.02752099 -0.02752099
vn -0.99924231 -0.02883823 -0.02613745
vn -0.99924231 -0.03008600 -0.02469094
vn -0.99924231 -0.03126128 -0.02318495
vn -0.99924231 -0.03236126 -0.02162310
vn -0.99924231 -0.03338327 -0.02000916
vn -0.99924231 -0.03432487 -0.01834702
vn -0.99924231 -0.03518377 -0.01664068
vn -0.99924231 -0.03595790 -0.01489425
vn -0.99924231 -0.03664542 -0.01311194
vn -0.99924231 -0.03724465 -0.01129804
vn -0.99924231 -0.03775416 -0.00945692
vn -0.99924231 -0.03817271 -0.00759302
vn -0.99924231 -0.03849930 -0.00571083
vn -0.99924231 -0.03873314 -0.00381488
vn -0.99924231 -0.03887367 -0.00190974
vn -0.99936475 -0.03563831 0.00000000
vn -0.99936475 -0.03559538 0.00174869
vn -0.99936475 -0.03546670 0.00349317
vn -0.99936475 -0.03525258 0.00522923
vn -0.99936475 -0.03495353 0.00695269
vn -0.99936475 -0.03457028 0.00865940
vn -0.99936475 -0.03410374 0.01034526
vn -0.99936475 -0.03355504 0.01200619
vn -0.99936475 -0.03292551 0.01363819
vn -0.99936475 -0.03221665 0.01523734
vn -0.99936475 -0.03143018 0.01679978
vn -0.99936475 -0.03056800 0.01832175
vn -0.99936475 -0.02963217 0.01979958
vn -0.99936475 -0.02862496 0.02122972
vn -0.99936475 -0.02754879 0.02260871
vn -0.99936475 -0.02640625 0.02393323
vn -0.99936475 -0.02520009 0.02520009
vn -0.99936475 -0.02393323 0.02640625
vn -0.99936475 -0.02260871 0.02754879
vn -0.99936475 -0.02122972 0.02862496
vn -0.99936475 -0.01979958 0.02963217
vn -0.99936475 -0.01832175 0.03056800
vn -0.99936475 -0.01679978 0.03143018
vn -0.99936475 -0.01523734 0.03221665
vn -0.99936475 -0.01363819 0.03292551
vn -0.99936475 -0.01200619 0.03355504
vn -0.99936475 -0.01034526 0.03410374
vn -0.99936475 -0.00865940 0.03457028
vn -0.99936475 -0.00695269 0.03495353
vn -0.99936475 -0.00522923 0.03525258
vn -0.99936475 -0.00349317 0.03546670
vn -0.99936475 -0.00174869 0.03559538
vn -0.99936475 0.00000000 0.03563831
vn -0.99936475 0.00174869 0.03559538
vn -0.99936475 0.00349317 0.03546670
vn -0.99936475 0.00522923 0.03525258
vn -0.99936475 0.00695269 0.03495353
vn -0.99936475 0.00865940 0.03457028
vn -0.99936475 0.01034526 0.03410374
vn -0.99936475 0.01200619 0.03355504
vn -0.99936475 0.01363819 0.03292551
vn -0.99936475 0.01523734 0.03221665
vn -0.99936475 0.01679978 0.03143018
vn -0.99936475 0.01832175 0.03056800
vn -0.99936475 0.01979958 0.02963217
vn -0.99936475 0.02122972 0.02862496
vn -0.99936475 0.02260871 0.02754879
vn -0.99936475 0.02393323 0.02640625
vn -0.99936475 0.02520009 0.02520009
vn -0.99936475 0.02640625 0.02393323
vn -0.99936475 0.02754879 0.02260871
vn -0.99936475 0.02862496 0.02122972
vn -0.99936475 0.02963217 0.01979958
vn -0.99936475 0.03056800 0.01832175
vn -0.99936475 0.03143018 0.01679978
vn -0.99936475 0.03221665 0.01523734
vn -0.99936475 0.03292551 0.01363819
vn -0.99936475 0.03355504 0.01200619
vn -0.99936475 0.03410374 0.01034526
vn -0.99936475 0.03457028 0.00865940
vn -0.99936475 0.03495353 0.00695269
vn -0.99936475 0.03525258 0.00522923
vn -0.99936475 0.03546670 0.00349317
vn -0.99936475 0.03559538 0.00174869
vn -0.99936475 0.03563831 -0.00000000
vn -0.99936475 0.03559538 -0.00174869
vn -0.99936475 0.03546670 -0.00349317
vn -0.99936475 0.03525258 -0.00522923
vn -0.99936475 0.03495353 -0.00695269
vn -0.99936475 0.03457028 -0.00865940
vn -0.99936475 0.03410374 -0.01034526
vn -0.99936475 0.03355504 -0.01200619
vn -0.99936475 0.03292551 -0.01363819
vn -0.99936475 0.03221665 -0.01523734
vn -0.99936475 0.03143018 -0.01679978
vn -0.99936475 0.03056800 -0.01832175
vn -0.99936475 0.02963217 -0.01979958
vn -0.99936475 0.02862496 -0.02122972
vn -0.99936475 0.02754879 -0.02260871
vn -0.99936475 0.02640625 -0.02393323
vn -0.99936475 0.02520009 -0.02520009
vn -0.99936475 0.02393323 -0.02640625
vn -0.99936475 0.02260871 -0.02754879
vn -0.99936475 0.02122972 -0.02862496
vn -0.99936475 0.01979958 -0.02963217
vn -0.99936475 0.01832175 -0.03056800
vn -0.99936475 0.01679978 -0.03143018
vn -0.99936475 0.01523734 -0.03221665
vn -0.99936475 0.01363819 -0.03292551
vn -0.99936475 0.01200619 -0.03355504
vn -0.99936475 0.01034526 -0.03410374
vn -0.99936475 0.00865940 -0.03457028
vn -0.99936475 0.00695269 -0.03495353
vn -0.99936475 0.00522923 -0.03525258
vn -0.99936475 0.00349317 -0.03546670
vn -0.99936475 0.00174869 -0.03559538
vn -0.99936475 -0.00000000 -0.03563831
vn -0.99936475 -0.00174869 -0.03559538
vn -0.99936475 -0.00349317 -0.03546670
vn -0.99936475 -0.00522923 -0.03525258
vn -0.99936475 -0.00695269 -0.03495353
vn -0.99936475 -0.00865940 -0.03457028
vn -0.99936475 -0.01034526 -0.03410374
vn -0.99936475 -0.01200619 -0.03355504
vn -0.99936475 -0.01363819 -0.03292551
vn -0.99936475 -0.01523734 -0.03221665
vn -0.99936475 -0.01679978 -0.03143018
vn -0.99936475 -0.01832175 -0.03056800
vn -0.99936475 -0.01979958 -0.02963217
vn -0.99936475 -0.02122972 -0.02862496
vn -0.99936475 -0.02260871 -0.02754879
vn -0.99936475 -0.02393323 -0.02640625
vn -0.99936475 -0.02520009 -0.02520009
vn -0.99936475 -0.02640625 -0.02393323
vn -0.99936475 -0.02754879 -0.02260871
vn -0.99936475 -0.02862496 -0.02122972
vn -0.99936475 -0.02963217 -0.01979958
vn -0.99936475 -0.03056800 -0.01832175
vn -0.99936475 -0.03143018 -0.01679978
vn -0.99936475 -0.03221665 -0.01523734
vn -0.99936475 -0.03292551 -0.01363819
vn -0.99936475 -0.03355504 -0.01200619
vn -0.99936475 -0.03410374 -0.01034526
vn -0.99936475 -0.03457028 -0.00865940
vn -0.99936475 -0.03495353 -0.00695269
vn -0.99936475 -0.03525258 -0.00522923
vn -0.99936475 -0.03546670 -0.00349317
vn -0.99936475 -0.03559538 -0.00174869
vn -0.99947606 -0.03236686 -0.00000000
vn -0.99947606 -0.03232787 0.00158817
vn -0.99947606 -0.03221101 0.00317251
vn -0.99947606 -0.03201654 0.00474920
vn -0.99947606 -0.03174494 0.00631446
vn -0.99947606 -0.03139687 0.00786451
vn -0.99947606 -0.03097315 0.00939560
vn -0.99947606 -0.03047483 0.01090407
vn -0.99947606 -0.02990308 0.01238626
vn -0.99947606 -0.02925930 0.01383862
vn -0.99947606 -0.02854502 0.01525763
vn -0.99947606 -0.02776198 0.01663989
vn -0.99947606 -0.02691206 0.01798206
vn -0.99947606 -0.02599731 0.01928092
vn -0.99947606 -0.02501992 0.02053332
vn -0.99947606 -0.02398226 0.02173626
vn -0.99947606 -0.02288683 0.02288683
vn -0.99947606 -0.02173626 0.02398226
vn -0.99947606 -0.02053332 0.02501992
vn -0.99947606 -0.01928092 0.02599731
vn -0.99947606 -0.01798206 0.02691206
vn -0.99947606 -0.01663989 0.02776198
vn -0.99947606 -0.01525763 0.02854502
vn -0.99947606 -0.01383862 0.02925930
vn -0.99947606 -0.01238626 0.02990308
vn -0.99947606 -0.01090407 0.03047483
vn -0.99947606 -0.00939560 0.03097315
vn -0.99947606 -0.00786451 0.03139687
vn -0.99947606 -0.00631446 0.03174494
vn -0.99947606 -0.00474920 0.03201654
vn -0.99947606 -0.00317251 0.03221101
vn -0.99947606 -0.00158817 0.03232787
vn -0.99947606 -0.00000000 0.03236686
vn -0.99947606 0.00158817 0.03232787
vn -0.99947606 0.00317251 0.03221101
vn -0.99947606 0.00474920 0.03201654
vn -0.99947606 0.00631446 0.03174494
vn -0.99947606 0.00786451 0.03139687
vn -0.99947606 0.00939560 0.03097315
vn -0.99947606 0.01090407 0.03047483
vn -0.99947606 0.01238626 0.02990308
vn -0.99947606 0.01383862 0.02925930
vn -0.99947606 0.01525763 0.02854502
vn -0.99947606 0.01663989 0.02776198
vn -0.99947606 0.01798206 0.02691206
vn -0.99947606 0.01928092 0.02599731
vn -0.99947606 0.02053332 0.02501992
vn -0.99947606 0.02173626 0.02398226
vn -0.99947606 0.02288683 0.02288683
vn -0.99947606 0.02398226 0.02173626
vn -0.99947606 0.02501992 0.02053332
vn -0.99947606 0.02599731 0.01928092
vn -0.99947606 0.02691206 0.01798206
vn -0.99947606 0.02776198 0.01663989
vn -0.99947606 0.02854502 0.01525763
vn -0.99947606 0.02925930 0.01383862
vn -0.99947606 0.02990308 0.01238626
vn -0.99947606 0.03047483 0.01090407
vn -0.99947606 0.03097315 0.00939560
vn -0.99947606 0.03139687 0.00786451
vn -0.99947606 0.03174494 0.00631446
vn -0.99947606 0.03201654 0.00474920
vn -0.99947606 0.03221101 0.00317251
vn -0.99947606 0.03232787 0.00158817
vn -0.99947606 0.03236686 0.00000000
vn -0.99947606 0.03232787 -0.00158817
vn -0.99947606 0.03221101 -0.00317251
vn -0.99947606 0.03201654 -0.00474920
vn -0.99947606 0.03174494 -0.00631446
vn -0.99947606 0.03139687 -0.00786451
vn -0.99947606 0.03097315 -0.00939560
vn -0.99947606 0.03047483 -0.01090407
vn -0.99947606 0.02990308 -0.01238626
vn -0.99947606 0.02925930 -0.01383862
vn -0.99947606 0.02854502 -0.01525763
vn -0.99947606 0.02776198 -0.01663989
vn -0.99947606 0.02691206 -0.01798206
vn -0.99947606 0.02599731 -0.01928092
vn -0.99947606 0.02501992 -0.02053332
vn -0.99947606 0.02398226 -0.02173626
vn -0.99947606 0.02288683 -0.02288683
vn -0.99947606 0.02173626 -0.02398226
vn -0.99947606 0.02053332 -0.02501992
vn -0.99947606 0.01928092 -0.02599731
vn -0.99947606 0.01798206 -0.02691206
vn -0.99947606 0.01663989 -0.02776198
vn -0.99947606 0.01525763 -0.02854502
vn -0.99947606 0.01383862 -0.02925930
vn -0.99947606 0.01238626 -0.02990308
vn -0.99947606 0.01090407 -0.03047483
vn -0.99947606 0.00939560 -0.03097315
vn -0.99947606 0.00786451 -0.03139687
vn -0.99947606 0.00631446 -0.03174494
vn -0.99947606 0.00474920 -0.03201654
vn -0.99947606 0.00317251 -0.03221101
vn -0.99947606 0.00158817 -0.03232787
vn -0.99947606 0.00000000 -0.03236686
vn -0.99947606 -0.00158817 -0.03232787
vn -0.99947606 -0.00317251 -0.03221101
vn -0.99947606 -0.00474920 -0.03201654
vn -0.99947606 -0.00631446 -0.03174494
vn -0.99947606 -0.00786451 -0.03139687
vn -0.99947606 -0.00939560 -0.03097315
vn -0.99947606 -0.01090407 -0.03047483
vn -0.99947606 -0.01238626 -0.02990308
vn -0.99947606 -0.01383862 -0.02925930
vn -0.99947606 -0.01525763 -0.02854502
vn -0.99947606 -0.01663989 -0.02776198
vn -0.99947606 -0.01798206 -0.02691206
vn -0.99947606 -0.01928092 -0.02599731
vn -0.99947606 -0.02053332 -0.02501992
vn -0.99947606 -0.02173626 -0.02398226
vn -0.99947606 -0.02288683 -0.02288683
vn -0.99947606 -0.02398226 -0.02173626
vn -0.99947606 -0.02501992 -0.02053332
vn -0.99947606 -0.02599731 -0.01928092
vn -0.99947606 -0.02691206 -0.01798206
vn -0.99947606 -0.02776198 -0.01663989
vn -0.99947606 -0.02854502 -0.01525763
vn -0.99947606 -0.02925930 -0.01383862
vn -0.99947606 -0.02990308 -0.01238626
vn -0.99947606 -0.03047483 -0.01090407
vn -0.99947606 -0.03097315 -0.00939560
vn -0.99947606 -0.03139687 -0.00786451
vn -0.99947606 -0.03174494 -0.00631446
vn -0.99947606 -0.03201654 -0.00474920
vn -0.99947606 -0.03221101 -0.00317251
vn -0.99947606 -0.03232787 -0.00158817
vn -0.99957635 -0.02910517 0.00000000
vn -0.99957635 -0.02907011 0.00142812
vn -0.99957635 -0.02896502 0.00285281
vn -0.99957635 -0.02879015 0.00427062
vn -0.99957635 -0.02854592 0.00567814
vn -0.99957635 -0.02823293 0.00707198
vn -0.99957635 -0.02785191 0.00844879
vn -0.99957635 -0.02740380 0.00980524
vn -0.99957635 -0.02688967 0.01113807
vn -0.99957635 -0.02631076 0.01244406
vn -0.99957635 -0.02566847 0.01372008
vn -0.99957635 -0.02496434 0.01496305
vn -0.99957635 -0.02420007 0.01616997
vn -0.99957635 -0.02337749 0.01733793
vn -0.99957635 -0.02249860 0.01846413
vn -0.99957635 -0.02156551 0.01954584
vn -0.99957635 -0.02058046 0.02058046
vn -0.99957635 -0.01954584 0.02156551
vn -0.99957635 -0.01846413 0.02249860
vn -0.99957635 -0.01733793 0.02337749
vn -0.99957635 -0.01616997 0.02420007
vn -0.99957635 -0.01496305 0.02496434
vn -0.99957635 -0.01372008 0.02566847
vn -0.99957635 -0.01244406 0.02631076
vn -0.99957635 -0.01113807 0.02688967
vn -0.99957635 -0.00980524 0.02740380
vn -0.99957635 -0.00844879 0.02785191
vn -0.99957635 -0.00707198 0.02823293
vn -0.99957635 -0.00567814 0.02854592
vn -0.99957635 -0.00427062 0.02879015
vn -0.99957635 -0.00285281 0.02896502
vn -0.99957635 -0.00142812 0.02907011
vn -0.99957635 0.00000000 0.02910517
vn -0.99957635 0.00142812 0.02907011
vn -0.99957635 0.00285281 0.02896502
vn -0.99957635 0.00427062 0.02879015
vn -0.99957635 0.00567814 0.02854592
vn -0.99957635 0.00707198 0.02823293
vn -0.99957635 0.00844879 0.02785191
vn -0.99957635 0.00980524 0.02740380
vn -0.99957635 0.01113807 0.02688967
vn -0.99957635 0.01244406 0.02631076
vn -0.99957635 0.01372008 0.02566847
vn -0.99957635 0.01496305 0.02496434
vn -0.99957635 0.01616997 0.02420007
vn -0.99957635 0.01733793 0.02337749
vn -0.99957635 0.01846413 0.02249860
vn -0.99957635 0.01954584 0.02156551
vn -0.99957635 0.02058046 0.02058046
vn -0.99957635 0.02156551 0.01954584
vn -0.99957635 0.02249860 0.01846413
vn -0.99957635 0.02337749 0.01733793
vn -0.99957635 0.02420007 0.01616997
vn -0.99957635 0.02496434 0.01496305
vn -0.99957635 0.02566847 0.01372008
vn -0.99957635 0.02631076 0.01244406
vn -0.99957635 0.02688967 0.01113807
vn -0.99957635 0.02740380 0.00980524
vn -0.99957635 0.02785191 0.00844879
vn -0.99957635 0.02823293 0.00707198
vn -0.99957635 0.02854592 0.00567814
vn -0.99957635 0.02879015 0.00427062
vn -0.99957635 0.02896502 0.00285281
vn -0.99957635 0.02907011 0.00142812
vn -0.99957635 0.02910517 -0.00000000
vn -0.99957635 0.02907011 -0.00142812
vn -0.99957635 0.02896502 -0.00285281
vn -0.99957635 0.02879015 -0.00427062
vn -0.99957635 0.02854592 -0.00567814
vn -0.99957635 0.02823293 -0.00707198
vn -0.99957635 0.02785191 -0.00844879
vn -0.99957635 0.02740380 -0.00980524
vn -0.99957635 0.02688967 -0.01113807
vn -0.99957635 0.02631076 -0.01244406
vn -0.99957635 0.02566847 -0.01372008
vn -0.99957635 0.02496434 -0.01496305
vn -0.99957635 0.02420007 -0.01616997
vn -0.99957635 0.02337749 -0.01733793
vn -0.99957635 0.02249860 -0.01846413
vn -0.99957635 0.02156551 -0.01954584
vn -0.99957635 0.02058046 -0.02058046
vn -0.99957635 0.01954584 -0.02156551
vn -0.99957635 0.01846413 -0.02249860
vn -0.99957635 0.01733793 -0.02337749
vn -0.99957635 0.01616997 -0.02420007
vn -0.99957635 0.01496305 -0.02496434
vn -0.99957635 0.01372008 -0.02566847
vn -0.99957635 0.01244406 -0.02631076
vn -0.99957635 0.01113807 -0.02688967
vn -0.99957635 0.00980524 -0.02740380
vn -0.99957635 0.00844879 -0.02785191
vn -0.99957635 0.00707198 -0.02823293
vn -0.99957635 0.00567814 -0.02854592
vn -0.99957635 0.00427062 -0.02879015
vn -0.99957635 0.00285281 -0.02896502
vn -0.99957635 0.00142812 -0.02907011
vn -0.99957635 -0.00000000 -0.02910517
vn -0.99957635 -0.00142812 -0.02907011
vn -0.99957635 -0.00285281 -0.02896502
vn -0.99957635 -0.00427062 -0.02879015
vn -0.99957635 -0.00567814 -0.02854592
vn -0.99957635 -0.00707198 -0.02823293
vn -0.99957635 -0.00844879 -0.02785191
vn -0.99957635 -0.00980524 -0.02740380
vn -0.99957635 -0.01113807 -0.02688967
vn -0.99957635 -0.01244406 -0.02631076
vn -0.99957635 -0.01372008 -0.02566847
vn -0.99957635 -0.01496305 -0.02496434
vn -0.99957635 -0.01616997 -0.02420007
vn -0.99957635 -0.01733793 -0.02337749
vn -0.99957635 -0.01846413 -0.02249860
vn -0.99957635 -0.01954584 -0.02156551
vn -0.99957635 -0.02058046 -0.02058046
vn -0.99957635 -0.02156551 -0.01954584
vn -0.99957635 -0.02249860 -0.01846413
vn -0.99957635 -0.02337749 -0.01733793
vn -0.99957635 -0.02420007 -0.01616997
vn -0.99957635 -0.02496434 -0.01496305
vn -0.99957635 -0.02566847 -0.01372008
vn -0.99957635 -0.02631076 -0.01244406
vn -0.99957635 -0.02688967 -0.01113807
vn -0.99957635 -0.02740380 -0.00980524
vn -0.99957635 -0.02785191 -0.00844879
vn -0.99957635 -0.02823293 -0.00707198
vn -0.99957635 -0.02854592 -0.00567814
vn -0.99957635 -0.02879015 -0.00427062
vn -0.99957635 -0.02896502 -0.00285281
vn -0.99957635 -0.02907011 -0.00142812
vn -0.99966578 -0.02585223 0.00000000
vn -0.99966578 -0.02582109 0.00126851
vn -0.99966578 -0.02572774 0.00253396
vn -0.99966578 -0.02557242 0.00379331
vn -0.99966578 -0.02535549 0.00504352
vn -0.99966578 -0.02507747 0.00628158
vn -0.99966578 -0.02473904 0.00750451
vn -0.99966578 -0.02434101 0.00870935
vn -0.99966578 -0.02388435 0.00989322
vn -0.99966578 -0.02337014 0.01105325
vn -0.99966578 -0.02279963 0.01218666
vn -0.99966578 -0.02217420 0.01329070
vn -0.99966578 -0.02149534 0.01436273
vn -0.99966578 -0.02076470 0.01540015
vn -0.99966578 -0.01998404 0.01640048
vn -0.99966578 -0.01915524 0.01736130
vn -0.99966578 -0.01828029 0.01828029
vn -0.99966578 -0.01736130 0.01915524
vn -0.99966578 -0.01640048 0.01998404
vn -0.99966578 -0.01540015 0.02076470
vn -0.99966578 -0.01436273 0.02149534
vn -0.99966578 -0.01329070 0.02217420
vn -0.99966578 -0.01218666 0.02279963
vn -0.99966578 -0.01105325 0.02337014
vn -0.99966578 -0.00989322 0.02388435
vn -0.99966578 -0.00870935 0.02434101
vn -0.99966578 -0.00750451 0.02473904
vn -0.99966578 -0.00628158 0.02507747
vn -0.99966578 -0.00504352 0.02535549
vn -0.99966578 -0.00379331 0.02557242
vn -0.99966578 -0.00253396 0.02572774
vn -0.99966578 -0.00126851 0.02582109
vn -0.99966578 0.00000000 0.02585223
vn -0.99966578 0.00126851 0.02582109
vn -0.99966578 0.00253396 0.02572774
vn -0.99966578 0.00379331 0.02557242
vn -0.99966578 0.00504352 0.02535549
vn -0.99966578 0.00628158 0.02507747
vn -0.99966578 0.00750451 0.02473904
vn -0.99966578 0.00870935 0.02434101
vn -0.99966578 0.00989322 0.02388435
vn -0.99966578 0.01105325 0.02337014
vn -0.99966578 0.01218666 0.02279963
vn -0.99966578 0.01329070 0.02217420
vn -0.99966578 0.01436273 0.02149534
vn -0.99966578 0.01540015 0.02076470
vn -0.99966578 0.01640048 0.01998404
vn -0.99966578 0.01736130 0.01915524
vn -0.99966578 0.01828029 0.01828029
vn -0.99966578 0.01915524 0.01736130
vn -0.99966578 0.01998404 0.01640048
vn -0.99966578 0.02076470 0.01540015
vn -0.99966578 0.02149534 0.01436273
vn -0.99966578 0.02217420 0.01329070
vn -0.99966578 0.02279963 0.01218666
vn -0.99966578 0.02337014 0.01105325
vn -0.99966578 0.02388435 0.00989322
vn -0.99966578 0.02434101 0.00870935
vn -0.99966578 0.02473904 0.00750451
vn -0.99966578 0.02507747 0.00628158
vn -0.99966578 0.02535549 0.00504352
vn -0.99966578 0.02557242 0.00379331
vn -0.99966578 0.02572774 0.00253396
vn -0.99966578 0.02582109 0.00126851
vn -0.99966578 0.02585223 -0.00000000
vn -0.99966578 0.02582109 -0.00126851
vn -0.99966578 0.02572774 -0.00253396
vn -0.99966578 0.02557242 -0.00379331
vn -0.99966578 0.02535549 -0.00504352
vn -0.99966578 0.02507747 -0.00628158
vn -0.99966578 0.02473904 -0.00750451
vn -0.99966578 0.02434101 -0.00870935
vn -0.99966578 0.02388435 -0.00989322
vn -0.99966578 0.02337014 -0.01105325
vn -0.99966578 0.02279963 -0.01218666
vn -0.99966578 0.02217420 -0.01329070
vn -0.99966578 0.02149534 -0.01436273
vn -0.99966578 0.02076470 -0.01540015
vn -0.99966578 0.01998404 -0.01640048
vn -0.99966578 0.01915524 -0.01736130
vn -0.99966578 0.01828029 -0.01828029
vn -0.99966578 0.01736130 -0.01915524
vn -0.99966578 0.01640048 -0.01998404
vn -0.99966578 0.01540015 -0.02076470
vn -0.99966578 0.01436273 -0.02149534
vn -0.99966578 0.01329070 -0.02217420
vn -0.99966578 0.01218666 -0.02279963
vn -0.99966578 0.01105325 -0.02337014
vn -0.99966578 0.00989322 -0.02388435
vn -0.99966578 0.00870935 -0.02434101
vn -0.99966578 0.00750451 -0.02473904
vn -0.99966578 0.00628158 -0.02507747
vn -0.99966578 0.00504352 -0.02535549
vn -0.99966578 0.00379331 -0.02557242
vn -0.99966578 0.00253396 -0.02572774
vn -0.99966578 0.00126851 -0.02582109
vn -0.99966578 -0.00000000 -0.02585223
vn -0.99966578 -0.00126851 -0.02582109
vn -0.99966578 -0.00253396 -0.02572774
vn -0.99966578 -0.00379331 -0.02557242
vn -0.99966578 -0.00504352 -0.02535549
vn -0.99966578 -0.00628158 -0.02507747
vn -0.99966578 -0.00750451 -0.02473904
vn -0.99966578 -0.00870935 -0.02434101
vn -0.99966578 -0.00989322 -0.02388435
vn -0.99966578 -0.01105325 -0.02337014
vn -0.99966578 -0.01218666 -0.02279963
vn -0.99966578 -0.01329070 -0.02217420
vn -0.99966578 -0.01436273 -0.02149534
vn -0.99966578 -0.01540015 -0.02076470
vn -0.99966578 -0.01640048 -0.01998404
vn -0.99966578 -0.01736130 -0.01915524
vn -0.99966578 -0.01828029 -0.01828029
vn -0.99966578 -0.01915524 -0.01736130
vn -0.99966578 -0.01998404 -0.01640048
vn -0.99966578 -0.02076470 -0.01540015
vn -0.99966578 -0.02149534 -0.01436273
vn -0.99966578 -0.02217420 -0.01329070
vn -0.99966578 -0.02279963 -0.01218666
vn -0.99966578 -0.02337014 -0.01105325
vn -0.99966578 -0.02388435 -0.00989322
vn -0.99966578 -0.02434101 -0.00870935
vn -0.99966578 -0.02473904 -0.00750451
vn -0.99966578 -0.02507747 -0.00628158
vn -0.99966578 -0.02535549 -0.00504352
vn -0.99966578 -0.02557242 -0.00379331
vn -0.99966578 -0.02572774 -0.00253396
vn -0.99966578 -0.02582109 -0.00126851
vn -0.99974443 -0.02260703 -0.00000000
vn -0.99974443 -0.02257980 0.00110927
vn -0.99974443 -0.02249817 0.00221588
vn -0.99974443 -0.02236234 0.00331714
vn -0.99974443 -0.02217264 0.00441041
vn -0.99974443 -0.02192952 0.00549306
vn -0.99974443 -0.02163358 0.00656247
vn -0.99974443 -0.02128551 0.00761608
vn -0.99974443 -0.02088617 0.00865133
vn -0.99974443 -0.02043651 0.00966575
vn -0.99974443 -0.01993762 0.01065688
vn -0.99974443 -0.01939069 0.01162233
vn -0.99974443 -0.01879706 0.01255979
vn -0.99974443 -0.01815813 0.01346699
vn -0.99974443 -0.01747547 0.01434175
vn -0.99974443 -0.01675070 0.01518195
vn -0.99974443 -0.01598558 0.01598558
vn -0.99974443 -0.01518195 0.01675070
vn -0.99974443 -0.01434175 0.01747547
vn -0.99974443 -0.01346699 0.01815813
vn -0.99974443 -0.01255979 0.01879706
vn -0.99974443 -0.01162233 0.01939069
vn -0.99974443 -0.01065688 0.01993762
vn -0.99974443 -0.00966575 0.02043651
vn -0.99974443 -0.00865133 0.02088617
vn -0.99974443 -0.00761608 0.02128551
vn -0.99974443 -0.00656247 0.02163358
vn -0.99974443 -0.00549306 0.02192952
vn -0.99974443 -0.00441041 0.02217264
vn -0.99974443 -0.00331714 0.02236234
vn -0.99974443 -0.00221588 0.02249817
vn -0.99974443 -0.00110927 0.02257980
vn -0.99974443 -0.00000000 0.02260703
vn -0.99974443 0.00110927 0.02257980
vn -0.99974443 0.00221588 0.02249817
vn -0.99974443 0.00331714 0.02236234
vn -0.99974443 0.00441041 0.02217264
vn -0.99974443 0.00549306 0.02192952
vn -0.99974443 0.00656247 0.02163358
vn -0.99974443 0.00761608 0.02128551
vn -0.99974443 0.00865133 0.02088617
vn -0.99974443 0.00966575 0.02043651
vn -0.99974443 0.01065688 0.01993762
vn -0.99974443 0.01162233 0.01939069
vn -0.99974443 0.01255979 0.01879706
vn -0.99974443 0.01346699 0.01815813
vn -0.99974443 0.01434175 0.01747547
vn -0.99974443 0.01518195 0.01675070
vn -0.99974443 0.01598558 0.01598558
vn -0.99974443 0.01675070 0.01518195
vn -0.99974443 0.01747547 0.01434175
vn -0.99974443 0.01815813 0.01346699
vn -0.99974443 0.01879706 0.01255979
vn -0.99974443 0.01939069 0.01162233
vn -0.99974443 0.01993762 0.01065688
vn -0.99974443 0.02043651 0.00966575
vn -0.99974443 0.02088617 0.00865133
vn -0.99974443 0.02128551 0.00761608
vn -0.99974443 0.02163358 0.00656247
vn -0.99974443 0.02192952 0.00549306
vn -0.99974443 0.02217264 0.00441041
vn -0.99974443 0.02236234 0.00331714
vn -0.99974443 0.02249817 0.00221588
vn -0.99974443 0.02257980 0.00110927
vn -0.99974443 0.02260703 0.00000000
vn -0.99974443 0.02257980 -0.00110927
vn -0.99974443 0.02249817 -0.00221588
vn -0.99974443 0.02236234 -0.00331714
vn -0.99974443 0.02217264 -0.00441041
vn -0.99974443 0.02192952 -0.00549306
vn -0.99974443 0.02163358 -0.00656247
vn -0.99974443 0.02128551 -0.00761608
vn -0.99974443 0.02088617 -0.00865133
vn -0.99974443 0.02043651 -0.00966575
vn -0.99974443 0.01993762 -0.01065688
vn -0.99974443 0.01939069 -0.01162233
vn -0.99974443 0.01879706 -0.01255979
vn -0.99974443 0.01815813 -0.01346699
vn -0.99974443 0.01747547 -0.01434175
vn -0.99974443 0.01675070 -0.01518195
vn -0.99974443 0.01598558 -0.01598558
vn -0.99974443 0.01518195 -0.01675070
vn -0.99974443 0.01434175 -0.01747547
vn -0.99974443 0.01346699 -0.01815813
vn -0.99974443 0.01255979 -0.01879706
vn -0.99974443 0.01162233 -0.01939069
vn -0.99974443 0.01065688 -0.01993762
vn -0.99974443 0.00966575 -0.02043651
vn -0.99974443 0.00865133 -0.02088617
vn -0.99974443 0.00761608 -0.02128551
vn -0.99974443 0.00656247 -0.02163358
vn -0.99974443 0.00549306 -0.02192952
vn -0.99974443 0.00441041 -0.02217264
vn -0.99974443 0.00331714 -0.02236234
vn -0.99974443 0.00221588 -0.02249817
vn -0.99974443 0.00110927 -0.02257980
vn -0.99974443 0.00000000 -0.02260703
vn -0.99974443 -0.00110927 -0.02257980
vn -0.99974443 -0.00221588 -0.02249817
vn -0.99974443 -0.00331714 -0.02236234
vn -0.99974443 -0.00441041 -0.02217264
vn -0.99974443 -0.00549306 -0.02192952
vn -0.99974443 -0.00656247 -0.02163358
vn -0.99974443 -0.00761608 -0.02128551
vn -0.99974443 -0.00865133 -0.02088617
vn -0.99974443 -0.00966575 -0.02043651
vn -0.99974443 -0.01065688 -0.01993762
vn -0.99974443 -0.01162233 -0.01939069
vn -0.99974443 -0.01255979 -0.01879706
vn -0.99974443 -0.01346699 -0.01815813
vn -0.99974443 -0.01434175 -0.01747547
vn -0.99974443 -0.01518195 -0.01675070
vn -0.99974443 -0.01598558 -0.01598558
vn -0.99974443 -0.01675070 -0.01518195
vn -0.99974443 -0.01747547 -0.01434175
vn -0.99974443 -0.01815813 -0.01346699
vn -0.99974443 -0.01879706 -0.01255979
vn -0.99974443 -0.01939069 -0.01162233
vn -0.99974443 -0.01993762 -0.01065688
vn -0.99974443 -0.02043651 -0.00966575
vn -0.99974443 -0.02088617 -0.00865133
vn -0.99974443 -0.02128551 -0.00761608
vn -0.99974443 -0.02163358 -0.00656247
vn -0.99974443 -0.02192952 -0.00549306
vn -0.99974443 -0.02217264 -0.00441041
vn -0.99974443 -0.02236234 -0.00331714
vn -0.99974443 -0.02249817 -0.00221588
vn -0.99974443 -0.02257980 -0.00110927
vn -0.99981241 -0.01936857 0.00000000
vn -0.99981241 -0.01934524 0.00095037
vn -0.99981241 -0.01927531 0.00189845
vn -0.99981241 -0.01915894 0.00284196
vn -0.99981241 -0.01899641 0.00377862
vn -0.99981241 -0.01878812 0.00470618
vn -0.99981241 -0.01853457 0.00562240
vn -0.99981241 -0.01823637 0.00652508
vn -0.99981241 -0.01789423 0.00741203
vn -0.99981241 -0.01750898 0.00828113
vn -0.99981241 -0.01708156 0.00913028
vn -0.99981241 -0.01661298 0.00995744
vn -0.99981241 -0.01610438 0.01076060
vn -0.99981241 -0.01555698 0.01153785
vn -0.99981241 -0.01497211 0.01228729
vn -0.99981241 -0.01435117 0.01300714
vn -0.99981241 -0.01369565 0.01369565
vn -0.99981241 -0.01300714 0.01435117
vn -0.99981241 -0.01228729 0.01497211
vn -0.99981241 -0.01153785 0.01555698
vn -0.99981241 -0.01076060 0.01610438
vn -0.99981241 -0.00995744 0.01661298
vn -0.99981241 -0.00913028 0.01708156
vn -0.99981241 -0.00828113 0.01750898
vn -0.99981241 -0.00741203 0.01789423
vn -0.99981241 -0.00652508 0.01823637
vn -0.99981241 -0.00562240 0.01853457
vn -0.99981241 -0.00470618 0.01878812
vn -0.99981241 -0.00377862 0.01899641
vn -0.99981241 -0.00284196 0.01915894
vn -0.99981241 -0.00189845 0.01927531
vn -0.99981241 -0.00095037 0.01934524
vn -0.99981241 0.00000000 0.01936857
vn -0.99981241 0.00095037 0.01934524
vn -0.99981241 0.00189845 0.01927531
vn -0.99981241 0.00284196 0.01915894
vn -0.99981241 0.00377862 0.01899641
vn -0.99981241 0.00470618 0.01878812
vn -0.99981241 0.00562240 0.01853457
vn -0.99981241 0.00652508 0.01823637
vn -0.99981241 0.00741203 0.01789423
vn -0.99981241 0.00828113 0.01750898
vn -0.99981241 0.00913028 0.01708156
vn -0.99981241 0.00995744 0.01661298
vn -0.99981241 0.01076060 0.01610438
vn -0.99981241 0.01153785 0.01555698
vn -0.99981241 0.01228729 0.01497211
vn -0.99981241 0.01300714 0.01435117
vn -0.99981241 0.01369565 0.01369565
vn -0.99981241 0.01435117 0.01300714
vn -0.99981241 0.01497211 0.01228729
vn -0.99981241 0.01555698 0.01153785
vn -0.99981241 0.01610438 0.01076060
vn -0.99981241 0.01661298 0.00995744
vn -0.99981241 0.01708156 0.00913028
vn -0.99981241 0.01750898 0.00828113
vn -0.99981241 0.01789423 0.00741203
vn -0.99981241 0.01823637 0.00652508
vn -0.99981241 0.01853457 0.00562240
vn -0.99981241 0.01878812 0.00470618
vn -0.99981241 0.01899641 0.00377862
vn -0.99981241 0.01915894 0.00284196
vn -0.99981241 0.01927531 0.00189845
vn -0.99981241 0.01934524 0.00095037
vn -0.99981241 0.01936857 -0.00000000
vn -0.99981241 0.01934524 -0.00095037
vn -0.99981241 0.01927531 -0.00189845
vn -0.99981241 0.01915894 -0.00284196
vn -0.99981241 0.01899641 -0.00377862
vn -0.99981241 0.01878812 -0.00470618
vn -0.99981241 0.01853457 -0.00562240
vn -0.99981241 0.01823637 -0.00652508
vn -0.99981241 0.01789423 -0.00741203
vn -0.99981241 0.01750898 -0.00828113
vn -0.99981241 0.01708156 -0.00913028
vn -0.99981241 0.01661298 -0.00995744
vn -0.99981241 0.01610438 -0.01076060
vn -0.99981241 0.01555698 -0.01153785
vn -0.99981241 0.01497211 -0.01228729
vn -0.99981241 0.01435117 -0.01300714
vn -0.99981241 0.01369565 -0.01369565
vn -0.99981241 0.01300714 -0.01435117
vn -0.99981241 0.01228729 -0.01497211
vn -0.99981241 0.01153785 -0.01555698
vn -0.99981241 0.01076060 -0.01610438
vn -0.99981241 0.00995744 -0.01661298
vn -0.99981241 0.00913028 -0.01708156
vn -0.99981241 0.00828113 -0.01750898
vn -0.99981241 0.00741203 -0.01789423
vn -0.99981241 0.00652508 -0.01823637
vn -0.99981241 0.00562240 -0.01853457
vn -0.99981241 0.00470618 -0.01878812
vn -0.99981241 0.00377862 -0.01899641
vn -0.99981241 0.00284196 -0.01915894
vn -0.99981241 0.00189845 -0.01927531
vn -0.99981241 0.00095037 -0.01934524
vn -0.99981241 -0.00000000 -0.01936857
vn -0.99981241 -0.00095037 -0.01934524
vn -0.99981241 -0.00189845 -0.01927531
vn -0.99981241 -0.00284196 -0.01915894
vn -0.99981241 -0.00377862 -0.01899641
vn -0.99981241 -0.00470618 -0.01878812
vn -0.99981241 -0.00562240 -0.01853457
vn -0.99981241 -0.00652508 -0.01823637
vn -0.99981241 -0.00741203 -0.01789423
vn -0.99981241 -0.00828113 -0.01750898
vn -0.99981241 -0.00913028 -0.01708156
vn -0.99981241 -0.00995744 -0.01661298
vn -0.99981241 -0.01076060 -0.01610438
vn -0.99981241 -0.01153785 -0.01555698
vn -0.99981241 -0.01228729 -0.01497211
vn -0.99981241 -0.01300714 -0.01435117
vn -0.99981241 -0.01369565 -0.01369565
vn -0.99981241 -0.01435117 -0.01300714
vn -0.99981241 -0.01497211 -0.01228729
vn -0.99981241 -0.01555698 -0.01153785
vn -0.99981241 -0.01610438 -0.01076060
vn -0.99981241 -0.01661298 -0.00995744
vn -0.99981241 -0.01708156 -0.00913028
vn -0.99981241 -0.01750898 -0.00828113
vn -0.99981241 -0.01789423 -0.00741203
vn -0.99981241 -0.01823637 -0.00652508
vn -0.99981241 -0.01853457 -0.00562240
vn -0.99981241 -0.01878812 -0.00470618
vn -0.99981241 -0.01899641 -0.00377862
vn -0.99981241 -0.01915894 -0.00284196
vn -0.99981241 -0.01927531 -0.00189845
vn -0.99981241 -0.01934524 -0.00095037
vn -0.99986981 -0.01613589 -0.00000000
vn -0.99986981 -0.01611645 0.00079175
vn -0.99986981 -0.01605819 0.00158159
vn -0.99986981 -0.01596124 0.00236763
vn -0.99986981 -0.01582584 0.00314796
vn -0.99986981 -0.01565232 0.00392070
vn -0.99986981 -0.01544108 0.00468400
vn -0.99986981 -0.01519265 0.00543602
vn -0.99986981 -0.01490762 0.00617494
vn -0.99986981 -0.01458667 0.00689898
vn -0.99986981 -0.01423058 0.00760641
vn -0.99986981 -0.01384021 0.00829551
vn -0.99986981 -0.01341650 0.00896462
vn -0.99986981 -0.01296047 0.00961214
vn -0.99986981 -0.01247321 0.01023650
vn -0.99986981 -0.01195591 0.01083620
vn -0.99986981 -0.01140980 0.01140980
vn -0.99986981 -0.01083620 0.01195591
vn -0.99986981 -0.01023650 0.01247321
vn -0.99986981 -0.00961214 0.01296047
vn -0.99986981 -0.00896462 0.01341650
vn -0.99986981 -0.00829551 0.01384021
vn -0.99986981 -0.00760641 0.01423058
vn -0.99986981 -0.00689898 0.01458667
vn -0.99986981 -0.00617494 0.01490762
vn -0.99986981 -0.00543602 0.01519265
vn -0.99986981 -0.00468400 0.01544108
vn -0.99986981 -0.00392070 0.01565232
vn -0.99986981 -0.00314796 0.01582584
vn -0.99986981 -0.00236763 0.01596124
vn -0.99986981 -0.00158159 0.01605819
vn -0.99986981 -0.00079175 0.01611645
vn -0.99986981 -0.00000000 0.01613589
vn -0.99986981 0.00079175 0.01611645
vn -0.99986981 0.00158159 0.01605819
vn -0.99986981 0.00236763 0.01596124
vn -0.99986981 0.00314796 0.01582584
vn -0.99986981 0.00392070 0.01565232
vn -0.99986981 0.00468400 0.01544108
vn -0.99986981 0.00543602 0.01519265
vn -0.99986981 0.00617494 0.01490762
vn -0.99986981 0.00689898 0.01458667
vn -0.99986981 0.00760641 0.01423058
vn -0.99986981 0.00829551 0.01384021
vn -0.99986981 0.00896462 0.01341650
vn -0.99986981 0.00961214 0.01296047
vn -0.99986981 0.01023650 0.01247321
vn -0.99986981 0.01083620 0.01195591
vn -0.99986981 0.01140980 0.01140980
vn -0.99986981 0.01195591 0.01083620
vn -0.99986981 0.01247321 0.01023650
vn -0.99986981 0.01296047 0.00961214
vn -0.99986981 0.01341650 0.00896462
vn -0.99986981 0.01384021 0.00829551
vn -0.99986981 0.01423058 0.00760641
vn -0.99986981 0.01458667 0.00689898
vn -0.99986981 0.01490762 0.00617494
vn -0.99986981 0.01519265 0.00543602
vn -0.99986981 0.01544108 0.00468400
vn -0.99986981 0.01565232 0.00392070
vn -0.99986981 0.01582584 0.00314796
vn -0.99986981 0.01596124 0.00236763
vn -0.99986981 0.01605819 0.00158159
vn -0.99986981 0.01611645 0.00079175
vn -0.99986981 0.01613589 0.00000000
vn -0.99986981 0.01611645 -0.00079175
vn -0.99986981 0.01605819 -0.00158159
vn -0.99986981 0.01596124 -0.00236763
vn -0.99986981 0.01582584 -0.00314796
vn -0.99986981 0.01565232 -0.00392070
vn -0.99986981 0.01544108 -0.00468400
vn -0.99986981 0.01519265 -0.00543602
vn -0.99986981 0.01490762 -0.00617494
vn -0.99986981 0.01458667 -0.00689898
vn -0.99986981 0.01423058 -0.00760641
vn -0.99986981 0.01384021 -0.00829551
vn -0.99986981 0.01341650 -0.00896462
vn -0.99986981 0.01296047 -0.00961214
vn -0.99986981 0.01247321 -0.01023650
vn -0.99986981 0.01195591 -0.01083620
vn -0.99986981 0.01140980 -0.01140980
vn -0.99986981 0.01083620 -0.01195591
vn -0.99986981 0.01023650 -0.01247321
vn -0.99986981 0.00961214 -0.01296047
vn -0.99986981 0.00896462 -0.01341650
vn -0.99986981 0.00829551 -0.01384021
vn -0.99986981 0.00760641 -0.01423058
vn -0.99986981 0.00689898 -0.01458667
vn -0.99986981 0.00617494 -0.01490762
vn -0.99986981 0.00543602 -0.01519265
vn -0.99986981 0.00468400 -0.01544108
vn -0.99986981 0.00392070 -0.01565232
vn -0.99986981 0.00314796 -0.01582584
vn -0.99986981 0.00236763 -0.01596124
vn -0.99986981 0.00158159 -0.01605819
vn -0.99986981 0.00079175 -0.01611645
vn -0.99986981 0.00000000 -0.01613589
vn -0.99986981 -0.00079175 -0.01611645
vn -0.99986981 -0.00158159 -0.01605819
vn -0.99986981 -0.00236763 -0.01596124
vn -0.99986981 -0.00314796 -0.01582584
vn -0.99986981 -0.00392070 -0.01565232
vn -0.99986981 -0.00468400 -0.01544108
vn -0.99986981 -0.00543602 -0.01519265
vn -0.99986981 -0.00617494 -0.01490762
vn -0.99986981 -0.00689898 -0.01458667
vn -0.99986981 -0.00760641 -0.01423058
vn -0.99986981 -0.00829551 -0.01384021
vn -0.99986981 -0.00896462 -0.01341650
vn -0.99986981 -0.00961214 -0.01296047
vn -0.99986981 -0.01023650 -0.01247321
vn -0.99986981 -0.01083620 -0.01195591
vn -0.99986981 -0.01140980 -0.01140980
vn -0.99986981 -0.01195591 -0.01083620
vn -0.99986981 -0.01247321 -0.01023650
vn -0.99986981 -0.01296047 -0.00961214
vn -0.99986981 -0.01341650 -0.00896462
vn -0.99986981 -0.01384021 -0.00829551
vn -0.99986981 -0.01423058 -0.00760641
vn -0.99986981 -0.01458667 -0.00689898
vn -0.99986981 -0.01490762 -0.00617494
vn -0.99986981 -0.01519265 -0.00543602
vn -0.99986981 -0.01544108 -0.00468400
vn -0.99986981 -0.01565232 -0.00392070
vn -0.99986981 -0.01582584 -0.00314796
vn -0.99986981 -0.01596124 -0.00236763
vn -0.99986981 -0.01605819 -0.00158159
vn -0.99986981 -0.01611645 -0.00079175
vn -0.99991669 -0.01290800 0.00000000
vn -0.99991669 -0.01289245 0.00063337
vn -0.99991669 -0.01284584 0.00126521
vn -0.99991669 -0.01276829 0.00189400
vn -0.99991669 -0.01265998 0.00251823
vn -0.99991669 -0.01252116 0.00313639
vn -0.99991669 -0.01235219 0.00374699
vn -0.99991669 -0.01215345 0.00434857
vn -0.99991669 -0.01192544 0.00493968
vn -0.99991669 -0.01166869 0.00551888
vn -0.99991669 -0.01138384 0.00608479
vn -0.99991669 -0.01107156 0.00663604
vn -0.99991669 -0.01073261 0.00717130
vn -0.99991669 -0.01036780 0.00768929
vn -0.99991669 -0.00997802 0.00818875
vn -0.99991669 -0.00956420 0.00866848
vn -0.99991669 -0.00912733 0.00912733
vn -0.99991669 -0.00866848 0.00956420
vn -0.99991669 -0.00818875 0.00997802
vn -0.99991669 -0.00768929 0.01036780
vn -0.99991669 -0.00717130 0.01073261
vn -0.99991669 -0.00663604 0.01107156
vn -0.99991669 -0.00608479 0.01138384
vn -0.99991669 -0.00551888 0.01166869
vn -0.99991669 -0.00493968 0.01192544
vn -0.99991669 -0.00434857 0.01215345
vn -0.99991669 -0.00374699 0.01235219
vn -0.99991669 -0.00313639 0.01252116
vn -0.99991669 -0.00251823 0.01265998
vn -0.99991669 -0.00189400 0.01276829
vn -0.99991669 -0.00126521 0.01284584
vn -0.99991669 -0.00063337 0.01289245
vn -0.99991669 0.00000000 0.01290800
vn -0.99991669 0.00063337 0.01289245
vn -0.99991669 0.00126521 0.01284584
vn -0.99991669 0.00189400 0.01276829
vn -0.99991669 0.00251823 0.01265998
vn -0.99991669 0.00313639 0.01252116
vn -0.99991669 0.00374699 0.01235219
vn -0.99991669 0.00434857 0.01215345
vn -0.99991669 0.00493968 0.01192544
vn -0.99991669 0.00551888 0.01166869
vn -0.99991669 0.00608479 0.01138384
vn -0.99991669 0.00663604 0.01107156
vn -0.99991669 0.00717130 0.01073261
vn -0.99991669 0.00768929 0.01036780
vn -0.99991669 0.00818875 0.00997802
vn -0.99991669 0.00866848 0.00956420
vn -0.99991669 0.00912733 0.00912733
vn -0.99991669 0.00956420 0.00866848
vn -0.99991669 0.00997802 0.00818875
vn -0.99991669 0.01036780 0.00768929
vn -0.99991669 0.01073261 0.00717130
vn -0.99991669 0.01107156 0.00663604
vn -0.99991669 0.01138384 0.00608479
vn -0.99991669 0.01166869 0.00551888
vn -0.99991669 0.01192544 0.00493968
vn -0.99991669 0.01215345 0.00434857
vn -0.99991669 0.01235219 0.00374699
vn -0.99991669 0.01252116 0.00313639
vn -0.99991669 0.01265998 0.00251823
vn -0.99991669 0.01276829 0.00189400
vn -0.99991669 0.01284584 0.00126521
vn -0.99991669 0.01289245 0.00063337
vn -0.99991669 0.01290800 -0.00000000
vn -0.99991669 0.01289245 -0.00063337
vn -0.99991669 0.01284584 -0.00126521
vn -0.99991669 0.01276829 -0.00189400
vn -0.99991669 0.01265998 -0.00251823
vn -0.99991669 0.01252116 -0.00313639
vn -0.99991669 0.01235219 -0.00374699
vn -0.99991669 0.01215345 -0.00434857
vn -0.99991669 0.01192544 -0.00493968
vn -0.99991669 0.01166869 -0.00551888
vn -0.99991669 0.01138384 -0.00608479
vn -0.99991669 0.01107156 -0.00663604
vn -0.99991669 0.01073261 -0.00717130
vn -0.99991669 0.01036780 -0.00768929
vn -0.99991669 0.00997802 -0.00818875
vn -0.99991669 0.00956420 -0.00866848
vn -0.99991669 0.00912733 -0.00912733
vn -0.99991669 0.00866848 -0.00956420
vn -0.99991669 0.00818875 -0.00997802
vn -0.99991669 0.00768929 -0.01036780
vn -0.99991669 0.00717130 -0.01073261
vn -0.99991669 0.00663604 -0.01107156
vn -0.99991669 0.00608479 -0.01138384
vn -0.99991669 0.00551888 -0.01166869
vn -0.99991669 0.00493968 -0.01192544
vn -0.99991669 0.00434857 -0.01215345
vn -0.99991669 0.00374699 -0.01235219
vn -0.99991669 0.00313639 -0.01252116
vn -0.99991669 0.00251823 -0.01265998
vn -0.99991669 0.00189400 -0.01276829
vn -0.99991669 0.00126521 -0.01284584
vn -0.99991669 0.00063337 -0.01289245
vn -0.99991669 -0.00000000 -0.01290800
vn -0.99991669 -0.00063337 -0.01289245
vn -0.99991669 -0.00126521 -0.01284584
vn -0.99991669 -0.00189400 -0.01276829
vn -0.99991669 -0.00251823 -0.01265998
vn -0.99991669 -0.00313639 -0.01252116
vn -0.99991669 -0.00374699 -0.01235219
vn -0.99991669 -0.00434857 -0.01215345
vn -0.99991669 -0.00493968 -0.01192544
vn -0.99991669 -0.00551888 -0.01166869
vn -0.99991669 -0.00608479 -0.01138384
vn -0.99991669 -0.00663604 -0.01107156
vn -0.99991669 -0.00717130 -0.01073261
vn -0.99991669 -0.00768929 -0.01036780
vn -0.99991669 -0.00818875 -0.00997802
vn -0.99991669 -0.00866848 -0.00956420
vn -0.99991669 -0.00912733 -0.00912733
vn -0.99991669 -0.00956420 -0.00866848
vn -0.99991669 -0.00997802 -0.00818875
vn -0.99991669 -0.01036780 -0.00768929
vn -0.99991669 -0.01073261 -0.00717130
vn -0.99991669 -0.01107156 -0.00663604
vn -0.99991669 -0.01138384 -0.00608479
vn -0.99991669 -0.01166869 -0.00551888
vn -0.99991669 -0.01192544 -0.00493968
vn -0.99991669 -0.01215345 -0.00434857
vn -0.99991669 -0.01235219 -0.00374699
vn -0.99991669 -0.01252116 -0.00313639
vn -0.99991669 -0.01265998 -0.00251823
vn -0.99991669 -0.01276829 -0.00189400
vn -0.99991669 -0.01284584 -0.00126521
vn -0.99991669 -0.01289245 -0.00063337
vn -0.99995311 -0.00968394 -0.00000000
vn -0.99995311 -0.00967227 0.00047517
vn -0.99995311 -0.00963731 0.00094919
vn -0.99995311 -0.00957912 0.00142093
vn -0.99995311 -0.00949786 0.00188924
vn -0.99995311 -0.00939372 0.00235300
vn -0.99995311 -0.00926695 0.00281110
vn -0.99995311 -0.00911785 0.00326242
vn -0.99995311 -0.00894679 0.00370588
vn -0.99995311 -0.00875418 0.00414042
vn -0.99995311 -0.00854047 0.00456498
vn -0.99995311 -0.00830619 0.00497854
vn -0.99995311 -0.00805190 0.00538011
vn -0.99995311 -0.00777821 0.00576871
vn -0.99995311 -0.00748579 0.00614343
vn -0.99995311 -0.00717532 0.00650334
vn -0.99995311 -0.00684758 0.00684758
vn -0.99995311 -0.00650334 0.00717532
vn -0.99995311 -0.00614343 0.00748579
vn -0.99995311 -0.00576871 0.00777821
vn -0.99995311 -0.00538011 0.00805190
vn -0.99995311 -0.00497854 0.00830619
vn -0.99995311 -0.00456498 0.00854047
vn -0.99995311 -0.00414042 0.00875418
vn -0.99995311 -0.00370588 0.00894679
vn -0.99995311 -0.00326242 0.00911785
vn -0.99995311 -0.00281110 0.00926695
vn -0.99995311 -0.00235300 0.00939372
vn -0.99995311 -0.00188924 0.00949786
vn -0.99995311 -0.00142093 0.00957912
vn -0.99995311 -0.00094919 0.00963731
vn -0.99995311 -0.00047517 0.00967227
vn -0.99995311 -0.00000000 0.00968394
vn -0.99995311 0.00047517 0.00967227
vn -0.99995311 0.00094919 0.00963731
vn -0.99995311 0.00142093 0.00957912
vn -0.99995311 0.00188924 0.00949786
vn -0.99995311 0.00235300 0.00939372
vn -0.99995311 0.00281110 0.00926695
vn -0.99995311 0.00326242 0.00911785
vn -0.99995311 0.00370588 0.00894679
vn -0.99995311 0.00414042 0.00875418
vn -0.99995311 0.00456498 0.00854047
vn -0.99995311 0.00497854 0.00830619
vn -0.99995311 0.00538011 0.00805190
vn -0.99995311 0.00576871 0.00777821
vn -0.99995311 0.00614343 0.00748579
vn -0.99995311 0.00650334 0.00717532
vn -0.99995311 0.00684758 0.00684758
vn -0.99995311 0.00717532 0.00650334
vn -0.99995311 0.00748579 0.00614343
vn -0.99995311 0.00777821 0.00576871
vn -0.99995311 0.00805190 0.00538011
vn -0.99995311 0.00830619 0.00497854
vn -0.99995311 0.00854047 0.00456498
vn -0.99995311 0.00875418 0.00414042
vn -0.99995311 0.00894679 0.00370588
vn -0.99995311 0.00911785 0.00326242
vn -0.99995311 0.00926695 0.00281110
vn -0.99995311 0.00939372 0.00235300
vn -0.99995311 0.00949786 0.00188924
vn -0.99995311 0.00957912 0.00142093
vn -0.99995311 0.00963731 0.00094919
vn -0.99995311 0.00967227 0.00047517
vn -0.99995311 0.00968394 0.00000000
vn -0.99995311 0.00967227 -0.00047517
vn -0.99995311 0.00963731 -0.00094919
vn -0.99995311 0.00957912 -0.00142093
vn -0.99995311 0.00949786 -0.00188924
vn -0.99995311 0.00939372 -0.00235300
vn -0.99995311 0.00926695 -0.00281110
vn -0.99995311 0.00911785 -0.00326242
vn -0.99995311 0.00894679 -0.00370588
vn -0.99995311 0.00875418 -0.00414042
vn -0.99995311 0.00854047 -0.00456498
vn -0.99995311 0.00830619 -0.00497854
vn -0.99995311 0.00805190 -0.00538011
vn -0.99995311 0.00777821 -0.00576871
vn -0.99995311 0.00748579 -0.00614343
vn -0.99995311 0.00717532 -0.00650334
vn -0.99995311 0.00684758 -0.00684758
vn -0.99995311 0.00650334 -0.00717532
vn -0.99995311 0.00614343 -0.00748579
vn -0.99995311 0.00576871 -0.00777821
vn -0.99995311 0.00538011 -0.00805190
vn -0.99995311 0.00497854 -0.00830619
vn -0.99995311 0.00456498 -0.00854047
vn -0.99995311 0.00414042 -0.00875418
vn -0.99995311 0.00370588 -0.00894679
vn -0.99995311 0.00326242 -0.00911785
vn -0.99995311 0.00281110 -0.00926695
vn -0.99995311 0.00235300 -0.00939372
vn -0.99995311 0.00188924 -0.00949786
vn -0.99995311 0.00142093 -0.00957912
vn -0.99995311 0.00094919 -0.00963731
vn -0.99995311 0.00047517 -0.00967227
vn -0.99995311 0.00000000 -0.00968394
vn -0.99995311 -0.00047517 -0.00967227
vn -0.99995311 -0.00094919 -0.00963731
vn -0.99995311 -0.00142093 -0.00957912
vn -0.99995311 -0.00188924 -0.00949786
vn -0.99995311 -0.00235300 -0.00939372
vn -0.99995311 -0.00281110 -0.00926695
vn -0.99995311 -0.00326242 -0.00911785
vn -0.99995311 -0.00370588 -0.00894679
vn -0.99995311 -0.00414042 -0.00875418
vn -0.99995311 -0.00456498 -0.00854047
vn -0.99995311 -0.00497854 -0.00830619
vn -0.99995311 -0.00538011 -0.00805190
vn -0.99995311 -0.00576871 -0.00777821
vn -0.99995311 -0.00614343 -0.00748579
vn -0.99995311 -0.00650334 -0.00717532
vn -0.99995311 -0.00684758 -0.00684758
vn -0.99995311 -0.00717532 -0.00650334
vn -0.99995311 -0.00748579 -0.00614343
vn -0.99995311 -0.00777821 -0.00576871
vn -0.99995311 -0.00805190 -0.00538011
vn -0.99995311 -0.00830619 -0.00497854
vn -0.99995311 -0.00854047 -0.00456498
vn -0.99995311 -0.00875418 -0.00414042
vn -0.99995311 -0.00894679 -0.00370588
vn -0.99995311 -0.00911785 -0.00326242
vn -0.99995311 -0.00926695 -0.00281110
vn -0.99995311 -0.00939372 -0.00235300
vn -0.99995311 -0.00949786 -0.00188924
vn -0.99995311 -0.00957912 -0.00142093
vn -0.99995311 -0.00963731 -0.00094919
vn -0.99995311 -0.00967227 -0.00047517
vn -0.99997912 -0.00646274 0.00000000
vn -0.99997912 -0.00645496 0.00031711
vn -0.99997912 -0.00643162 0.00063346
vn -0.99997912 -0.00639280 0.00094828
vn -0.99997912 -0.00633856 0.00126082
vn -0.99997912 -0.00626906 0.00157032
vn -0.99997912 -0.00618446 0.00187604
vn -0.99997912 -0.00608496 0.00217723
vn -0.99997912 -0.00597080 0.00247319
vn -0.99997912 -0.00584225 0.00276318
vn -0.99997912 -0.00569963 0.00304652
vn -0.99997912 -0.00554328 0.00332251
vn -0.99997912 -0.00537358 0.00359051
vn -0.99997912 -0.00519093 0.00384985
vn -0.99997912 -0.00499577 0.00409992
vn -0.99997912 -0.00478858 0.00434011
vn -0.99997912 -0.00456985 0.00456985
vn -0.99997912 -0.00434011 0.00478858
vn -0.99997912 -0.00409992 0.00499577
vn -0.99997912 -0.00384985 0.00519093
vn -0.99997912 -0.00359051 0.00537358
vn -0.99997912 -0.00332251 0.00554328
vn -0.99997912 -0.00304652 0.00569963
vn -0.99997912 -0.00276318 0.00584225
vn -0.99997912 -0.00247319 0.00597080
vn -0.99997912 -0.00217723 0.00608496
vn -0.99997912 -0.00187604 0.00618446
vn -0.99997912 -0.00157032 0.00626906
vn -0.99997912 -0.00126082 0.00633856
vn -0.99997912 -0.00094828 0.00639280
vn -0.99997912 -0.00063346 0.00643162
vn -0.99997912 -0.00031711 0.00645496
vn -0.99997912 0.00000000 0.00646274
vn -0.99997912 0.00031711 0.00645496
vn -0.99997912 0.00063346 0.00643162
vn -0.99997912 0.00094828 0.00639280
vn -0.99997912 0.00126082 0.00633856
vn -0.99997912 0.00157032 0.00626906
vn -0.99997912 0.00187604 0.00618446
vn -0.99997912 0.00217723 0.00608496
vn -0.99997912 0.00247319 0.00597080
vn -0.99997912 0.00276318 0.00584225
vn -0.99997912 0.00304652 0.00569963
vn -0.99997912 0.00332251 0.00554328
vn -0.99997912 0.00359051 0.00537358
vn -0.99997912 0.00384985 0.00519093
vn -0.99997912 0.00409992 0.00499577
vn -0.99997912 0.00434011 0.00478858
vn -0.99997912 0.00456985 0.00456985
vn -0.99997912 0.00478858 0.00434011
vn -0.99997912 0.00499577 0.00409992
vn -0.99997912 0.00519093 0.00384985
vn -0.99997912 0.00537358 0.00359051
vn -0.99997912 0.00554328 0.00332251
vn -0.99997912 0.00569963 0.00304652
vn -0.99997912 0.00584225 0.00276318
vn -0.99997912 0.00597080 0.00247319
vn -0.99997912 0.00608496 0.00217723
vn -0.99997912 0.00618446 0.00187604
vn -0.99997912 0.00626906 0.00157032
vn -0.99997912 0.00633856 0.00126082
vn -0.99997912 0.00639280 0.00094828
vn -0.99997912 0.00643162 0.00063346
vn -0.99997912 0.00645496 0.00031711
vn -0.99997912 0.00646274 -0.00000000
vn -0.99997912 0.00645496 -0.00031711
vn -0.99997912 0.00643162 -0.00063346
vn -0.99997912 0.00639280 -0.00094828
vn -0.99997912 0.00633856 -0.00126082
vn -0.99997912 0.00626906 -0.00157032
vn -0.99997912 0.00618446 -0.00187604
vn -0.99997912 0.00608496 -0.00217723
vn -0.99997912 0.00597080 -0.00247319
vn -0.99997912 0.00584225 -0.00276318
vn -0.99997912 0.00569963 -0.00304652
vn -0.99997912 0.00554328 -0.00332251
vn -0.99997912 0.00537358 -0.00359051
vn -0.99997912 0.00519093 -0.00384985
vn -0.99997912 0.00499577 -0.00409992
vn -0.99997912 0.00478858 -0.00434011
vn -0.99997912 0.00456985 -0.00456985
vn -0.99997912 0.00434011 -0.00478858
vn -0.99997912 0.00409992 -0.00499577
vn -0.99997912 0.00384985 -0.00519093
vn -0.99997912 0.00359051 -0.00537358
vn -0.99997912 0.00332251 -0.00554328
vn -0.99997912 0.00304652 -0.00569963
vn -0.99997912 0.00276318 -0.00584225
vn -0.99997912 0.00247319 -0.00597080
vn -0.99997912 0.00217723 -0.00608496
vn -0.99997912 0.00187604 -0.00618446
vn -0.99997912 0.00157032 -0.00626906
vn -0.99997912 0.00126082 -0.00633856
vn -0.99997912 0.00094828 -0.00639280
vn -0.99997912 0.00063346 -0.00643162
vn -0.99997912 0.00031711 -0.00645496
vn -0.99997912 -0.00000000 -0.00646274
vn -0.99997912 -0.00031711 -0.00645496
vn -0.99997912 -0.00063346 -0.00643162
vn -0.99997912 -0.00094828 -0.00639280
vn -0.99997912 -0.00126082 -0.00633856
vn -0.99997912 -0.00157032 -0.00626906
vn -0.99997912 -0.00187604 -0.00618446
vn -0.99997912 -0.00217723 -0.00608496
vn -0.99997912 -0.00247319 -0.00597080
vn -0.99997912 -0.00276318 -0.00584225
vn -0.99997912 -0.00304652 -0.00569963
vn -0.99997912 -0.00332251 -0.00554328
vn -0.99997912 -0.00359051 -0.00537358
vn -0.99997912 -0.00384985 -0.00519093
vn -0.99997912 -0.00409992 -0.00499577
vn -0.99997912 -0.00434011 -0.00478858
vn -0.99997912 -0.00456985 -0.00456985
vn -0.99997912 -0.00478858 -0.00434011
vn -0.99997912 -0.00499577 -0.00409992
vn -0.99997912 -0.00519093 -0.00384985
vn -0.99997912 -0.00537358 -0.00359051
vn -0.99997912 -0.00554328 -0.00332251
vn -0.99997912 -0.00569963 -0.00304652
vn -0.99997912 -0.00584225 -0.00276318
vn -0.99997912 -0.00597080 -0.00247319
vn -0.99997912 -0.00608496 -0.00217723
vn -0.99997912 -0.00618446 -0.00187604
vn -0.99997912 -0.00626906 -0.00157032
vn -0.99997912 -0.00633856 -0.00126082
vn -0.99997912 -0.00639280 -0.00094828
vn -0.99997912 -0.00643162 -0.00063346
vn -0.99997912 -0.00645496 -0.00031711
vn -0.99999474 -0.00324346 0.00000000
vn -0.99999474 -0.00323956 0.00015915
vn -0.99999474 -0.00322785 0.00031792
vn -0.99999474 -0.00320836 0.00047591
vn -0.99999474 -0.00318114 0.00063277
vn -0.99999474 -0.00314626 0.00078810
vn -0.99999474 -0.00310380 0.00094153
vn -0.99999474 -0.00305386 0.00109269
vn -0.99999474 -0.00299657 0.00124122
vn -0.99999474 -0.00293206 0.00138676
vn -0.99999474 -0.00286048 0.00152896
vn -0.99999474 -0.00278201 0.00166747
vn -0.99999474 -0.00269684 0.00180197
vn -0.99999474 -0.00260517 0.00193213
vn -0.99999474 -0.00250723 0.00205763
vn -0.99999474 -0.00240325 0.00217818
vn -0.99999474 -0.00229347 0.00229347
vn -0.99999474 -0.00217818 0.00240325
vn -0.99999474 -0.00205763 0.00250723
vn -0.99999474 -0.00193213 0.00260517
vn -0.99999474 -0.00180197 0.00269684
vn -0.99999474 -0.00166747 0.00278201
vn -0.99999474 -0.00152896 0.00286048
vn -0.99999474 -0.00138676 0.00293206
vn -0.99999474 -0.00124122 0.00299657
vn -0.99999474 -0.00109269 0.00305386
vn -0.99999474 -0.00094153 0.00310380
vn -0.99999474 -0.00078810 0.00314626
vn -0.99999474 -0.00063277 0.00318114
vn -0.99999474 -0.00047591 0.00320836
vn -0.99999474 -0.00031792 0.00322785
vn -0.99999474 -0.00015915 0.00323956
vn -0.99999474 0.00000000 0.00324346
vn -0.99999474 0.00015915 0.00323956
vn -0.99999474 0.00031792 0.00322785
vn -0.99999474 0.00047591 0.00320836
vn -0.99999474 0.00063277 0.00318114
vn -0.99999474 0.00078810 0.00314626
vn -0.99999474 0.00094153 0.00310380
vn -0.99999474 0.00109269 0.00305386
vn -0.99999474 0.00124122 0.00299657
vn -0.99999474 0.00138676 0.00293206
vn -0.99999474 0.00152896 0.00286048
vn -0.99999474 0.00166747 0.00278201
vn -0.99999474 0.00180197 0.00269684
vn -0.99999474 0.00193213 0.00260517
vn -0.99999474 0.00205763 0.00250723
vn -0.99999474 0.00217818 0.00240325
vn -0.99999474 0.00229347 0.00229347
vn -0.99999474 0.00240325 0.00217818
vn -0.99999474 0.00250723 0.00205763
vn -0.99999474 0.00260517 0.00193213
vn -0.99999474 0.00269684 0.00180197
vn -0.99999474 0.00278201 0.00166747
vn -0.99999474 0.00286048 0.00152896
vn -0.99999474 0.00293206 0.00138676
vn -0.99999474 0.00299657 0.00124122
vn -0.99999474 0.00305386 0.00109269
vn -0.99999474 0.00310380 0.00094153
vn -0.99999474 0.00314626 0.00078810
vn -0.99999474 0.00318114 0.00063277
vn -0.99999474 0.00320836 0.00047591
vn -0.99999474 0.00322785 0.00031792
vn -0.99999474 0.00323956 0.00015915
vn -0.99999474 0.00324346 -0.00000000
vn -0.99999474 0.00323956 -0.00015915
vn -0.99999474 0.00322785 -0.00031792
vn -0.99999474 0.00320836 -0.00047591
vn -0.99999474 0.00318114 -0.00063277
vn -0.99999474 0.00314626 -0.00078810
vn -0.99999474 0.00310380 -0.00094153
vn -0.99999474 0.00305386 -0.00109269
vn -0.99999474 0.00299657 -0.00124122
vn -0.99999474 0.00293206 -0.00138676
vn -0.99999474 0.00286048 -0.00152896
vn -0.99999474 0.00278201 -0.00166747
vn -0.99999474 0.00269684 -0.00180197
vn -0.99999474 0.00260517 -0.00193213
vn -0.99999474 0.00250723 -0.00205763
vn -0.99999474 0.00240325 -0.00217818
vn -0.99999474 0.00229347 -0.00229347
vn -0.99999474 0.00217818 -0.00240325
vn -0.99999474 0.00205763 -0.00250723
vn -0.99999474 0.00193213 -0.00260517
vn -0.99999474 0.00180197 -0.00269684
vn -0.99999474 0.00166747 -0.00278201
vn -0.99999474 0.00152896 -0.00286048
vn -0.99999474 0.00138676 -0.00293206
vn -0.99999474 0.00124122 -0.00299657
vn -0.99999474 0.00109269 -0.00305386
vn -0.99999474 0.00094153 -0.00310380
vn -0.99999474 0.00078810 -0.00314626
vn -0.99999474 0.00063277 -0.00318114
vn -0.99999474 0.00047591 -0.00320836
vn -0.99999474 0.00031792 -0.00322785
vn -0.99999474 0.00015915 -0.00323956
vn -0.99999474 -0.00000000 -0.00324346
vn -0.99999474 -0.00015915 -0.00323956
vn -0.99999474 -0.00031792 -0.00322785
vn -0.99999474 -0.00047591 -0.00320836
vn -0.99999474 -0.00063277 -0.00318114
vn -0.99999474 -0.00078810 -0.00314626
vn -0.99999474 -0.00094153 -0.00310380
vn -0.99999474 -0.00109269 -0.00305386
vn -0.99999474 -0.00124122 -0.00299657
vn -0.99999474 -0.00138676 -0.00293206
vn -0.99999474 -0.00152896 -0.00286048
vn -0.99999474 -0.00166747 -0.00278201
vn -0.99999474 -0.00180197 -0.00269684
vn -0.99999474 -0.00193213 -0.00260517
vn -0.99999474 -0.00205763 -0.00250723
vn -0.99999474 -0.00217818 -0.00240325
vn -0.99999474 -0.00229347 -0.00229347
vn -0.99999474 -0.00240325 -0.00217818
vn -0.99999474 -0.00250723 -0.00205763
vn -0.99999474 -0.00260517 -0.00193213
vn -0.99999474 -0.00269684 -0.00180197
vn -0.99999474 -0.00278201 -0.00166747
vn -0.99999474 -0.00286048 -0.00152896
vn -0.99999474 -0.00293206 -0.00138676
vn -0.99999474 -0.00299657 -0.00124122
vn -0.99999474 -0.00305386 -0.00109269
vn -0.99999474 -0.00310380 -0.00094153
vn -0.99999474 -0.00314626 -0.00078810
vn -0.99999474 -0.00318114 -0.00063277
vn -0.99999474 -0.00320836 -0.00047591
vn -0.99999474 -0.00322785 -0.00031792
vn -0.99999474 -0.00323956 -0.00015915
vn -1.00000000 0.00000000 0.00000000
vn 1.00000000 0.00000000 0.00000000
vn 1.00000000 0.00000000 -0.00000000
vn 1.00000000 0.00000000 -0.00000000
vn 1.00000000 0.00000000 -0.00000000
vn 1.00000000 0.00000000 -0.00000000
vn 1.00000000 0.00000000 -0.00000000
vn 1.00000000 0.00000000 -0.00000000
vn 1.00000000 0.00000000 -0.00000000
vn 1.00000000 0.00000000 -0.00000000
vn 1.00000000 0.00000000 -0.00000000
vn 1.00000000 0.00000000 -0.00000000
vn 1.00000000 0.00000000 -0.00000000
vn 1.00000000 0.00000000 -0.00000000
vn 1.00000000 0.00000000 -0.00000000
vn 1.00000000 0.00000000 -0.00000000
vn 1.00000000 0.00000000 -0.00000000
vn 1.00000000 0.00000000 -0.00000000
vn 1.00000000 0.00000000 -0.00000000
vn 1.00000000 0.00000000 -0.00000000
vn 1.00000000 0.00000000 -0.00000000
vn 1.00000000 0.00000000 -0.00000000
vn 1.00000000 0.00000000 -0.00000000
vn 1.00000000 0.00000000 -0.00000000
vn 1.00000000 0.00000000 -0.00000000
vn 1.00000000 0.00000000 -0.00000000
vn 1.00000000 0.00000000 -0.00000000
vn 1.00000000 0.00000000 -0.00000000
vn 1.00000000 0.00000000 -0.00000000
vn 1.00000000 0.00000000 -0.00000000
vn 1.00000000 0.00000000 -0.00000000
vn 1.00000000 0.00000000 -0.00000000
vn 1.00000000 0.00000000 -0.00000000
vn 1.00000000 0.00000000 -0.00000000
vn 1.00000000 -0.00000000 -0.00000000
vn 1.00000000 -0.00000000 -0.00000000
vn 1.00000000 -0.00000000 -0.00000000
vn 1.00000000 -0.00000000 -0.00000000
vn 1.00000000 -0.00000000 -0.00000000
vn 1.00000000 -0.00000000 -0.00000000
vn 1.00000000 -0.00000000 -0.00000000
vn 1.00000000 -0.00000000 -0.00000000
vn 1.00000000 -0.00000000 -0.00000000
vn 1.00000000 -0.00000000 -0.00000000
vn 1.00000000 -0.00000000 -0.00000000
vn 1.00000000 -0.00000000 -0.00000000
vn 1.00000000 -0.00000000 -0.00000000
vn 1.00000000 -0.00000000 -0.00000000
vn 1.00000000 -0.00000000 -0.00000000
vn 1.00000000 -0.00000000 -0.00000000
vn 1.00000000 -0.00000000 -0.00000000
vn 1.00000000 -0.00000000 -0.00000000
vn 1.00000000 -0.00000000 -0.00000000
vn 1.00000000 -0.00000000 -0.00000000
vn 1.00000000 -0.00000000 -0.00000000
vn 1.00000000 -0.00000000 -0.00000000
vn 1.00000000 -0.00000000 -0.00000000
vn 1.00000000 -0.00000000 -0.00000000
vn 1.00000000 -0.00000000 -0.00000000
vn 1.00000000 -0.00000000 -0.00000000
vn 1.00000000 -0.00000000 -0.00000000
vn 1.00000000 -0.00000000 -0.00000000
vn 1.00000000 -0.00000000 -0.00000000
vn 1.00000000 -0.00000000 -0.00000000
vn 1.00000000 -0.00000000 -0.00000000
vn 1.00000000 -0.00000000 -0.00000000
vn 1.00000000 -0.00000000 0.00000000
vn 1.00000000 -0.00000000 0.00000000
vn 1.00000000 -0.00000000 0.00000000
vn 1.00000000 -0.00000000 0.00000000
vn 1.00000000 -0.00000000 0.00000000
vn 1.00000000 -0.00000000 0.00000000
vn 1.00000000 -0.00000000 0.00000000
vn 1.00000000 -0.00000000 0.00000000
vn 1.00000000 -0.00000000 0.00000000
vn 1.00000000 -0.00000000 0.00000000
vn 1.00000000 -0.00000000 0.00000000
vn 1.00000000 -0.00000000 0.00000000
vn 1.00000000 -0.00000000 0.00000000
vn 1.00000000 -0.00000000 0.00000000
vn 1.00000000 -0.00000000 0.00000000
vn 1.00000000 -0.00000000 0.00000000
vn 1.00000000 -0.00000000 0.00000000
vn 1.00000000 -0.00000000 0.00000000
vn 1.00000000 -0.00000000 0.00000000
vn 1.00000000 -0.00000000 0.00000000
vn 1.00000000 -0.00000000 0.00000000
vn 1.00000000 -0.00000000 0.00000000
vn 1.00000000 -0.00000000 0.00000000
vn 1.00000000 -0.00000000 0.00000000
vn 1.00000000 -0.00000000 0.00000000
vn 1.00000000 -0.00000000 0.00000000
vn 1.00000000 -0.00000000 0.00000000
vn 1.00000000 -0.00000000 0.00000000
vn 1.00000000 -0.00000000 0.00000000
vn 1.00000000 -0.00000000 0.00000000
vn 1.00000000 -0.00000000 0.00000000
vn 1.00000000 -0.00000000 0.00000000
vn 1.00000000 0.00000000 0.00000000
vn 1.00000000 0.00000000 0.00000000
vn 1.00000000 0.00000000 0.00000000
vn 1.00000000 0.00000000 0.00000000
vn 1.00000000 0.00000000 0.00000000
vn 1.00000000 0.00000000 0.00000000
vn 1.00000000 0.00000000 0.00000000
vn 1.00000000 0.00000000 0.00000000
vn 1.00000000 0.00000000 0.00000000
vn 1.00000000 0.00000000 0.00000000
vn 1.00000000 0.00000000 0.00000000
vn 1.00000000 0.00000000 0.00000000
vn 1.00000000 0.00000000 0.00000000
vn 1.00000000 0.00000000 0.00000000
vn 1.00000000 0.00000000 0.00000000
vn 1.00000000 0.00000000 0.00000000
vn 1.00000000 0.00000000 0.00000000
vn 1.00000000 0.00000000 0.00000000
vn 1.00000000 0.00000000 0.00000000
vn 1.00000000 0.00000000 0.00000000
vn 1.00000000 0.00000000 0.00000000
vn 1.00000000 0.00000000 0.00000000
vn 1.00000000 0.00000000 0.00000000
vn 1.00000000 0.00000000 0.00000000
vn 1.00000000 0.00000000 0.00000000
vn 1.00000000 0.00000000 0.00000000
vn 1.00000000 0.00000000 0.00000000
vn 1.00000000 0.00000000 0.00000000
vn 1.00000000 0.00000000 0.00000000
vn 1.00000000 0.00000000 0.00000000
vn 1.00000000 0.00000000 0.00000000
vn 1.00000000 -0.00000000 0.00000000
f 130//130 129//129 1//1
f 1924//1924 2052//2052 1923//1923
f 2052//2052 2051//2051 1923//1923
f 1923//1923 2051//2051 1922//1922
f 2051//2051 2050//2050 1922//1922
f 1922//1922 2050//2050 1921//1921
f 2050//2050 2049//2049 1921//1921
f 1793//1793 1921//1921 1920//1920
f 1921//1921 2048//2048 1920//1920
f 2053//2053 2052//2052 1924//1924
f 1920//1920 2048//2048 1919//1919
f 1919//1919 2047//2047 1918//1918
f 2047//2047 2046//2046 1918//1918
f 1918//1918 2046//2046 1917//1917
f 2046//2046 2045//2045 1917//1917
f 1917//1917 2045//2045 1916//1916
f 2045//2045 2044//2044 1916//1916
f 1916//1916 2044//2044 1915//1915
f 2044//2044 2043//2043 1915//1915
f 2048//2048 2047//2047 1919//1919
f 1925//1925 2053//2053 1924//1924
f 2054//2054 2053//2053 1925//1925
f 1926//1926 2054//2054 1925//1925
f 2064//2064 2063//2063 1935//1935
f 1935//1935 2063//2063 1934//1934
f 2063//2063 2062//2062 1934//1934
f 1934//1934 2062//2062 1933//1933
f 2062//2062 2061//2061 1933//1933
f 1933//1933 2061//2061 1932//1932
f 2061//2061 2060//2060 1932//1932
f 1932//1932 2060//2060 1931//1931
f 2060//2060 2059//2059 1931//1931
f 1931//1931 2059//2059 1930//1930
f 2059//2059 2058//2058 1930//1930
f 1930//1930 2058//2058 1929//1929
f 2058//2058 2057//2057 1929//1929
f 1929//1929 2057//2057 1928//1928
f 2057//2057 2056//2056 1928//1928
f 1928//1928 2056//2056 1927//1927
f 2056//2056 2055//2055 1927//1927
f 1927//1927 2055//2055 1926//1926
f 2055//2055 2054//2054 1926//1926
f 1915//1915 2043//2043 1914//1914
f 1936//1936 2064//2064 1935//1935
f 2043//2043 2042//2042 1914//1914
f 2042//2042 2041//2041 1913//1913
f 2030//2030 2029//2029 1901//1901
f 1901//1901 2029//2029 1900//1900
f 2029//2029 2028//2028 1900//1900
f 1900//1900 2028//2028 1899//1899
f 2028//2028 2027//2027 1899//1899
f 1899//1899 2027//2027 1898//1898
f 2027//2027 2026//2026 1898//1898
f 1898//1898 2026//2026 1897//1897
f 1902//1902 2030//2030 1901//1901
f 2026//2026 2025//2025 1897//1897
f 2025//2025 2024//2024 1896//1896
f 1896//1896 2024//2024 1895//1895
f 2024//2024 2023//2023 1895//1895
f 1895//1895 2023//2023 1894//1894
f 2023//2023 2022//2022 1894//1894
f 1894//1894 2022//2022 1893//1893
f 2022//2022 2021//2021 1893//1893
f 1893//1893 2021//2021 1892//1892
f 1897//1897 2025//2025 1896//1896
f 2031//2031 2030//2030 1902//1902
f 1903//1903 2031//2031 1902//1902
f 2032//2032 2031//2031 1903//1903
f 1913//1913 2041//2041 1912//1912
f 2041//2041 2040//2040 1912//1912
f 1912//1912 2040//2040 1911//1911
f 2040//2040 2039//2039 1911//1911
f 1911//1911 2039//2039 1910//1910
f 2039//2039 2038//2038 1910//1910
f 1910//1910 2038//2038 1909//1909
f 2038//2038 2037//2037 1909//1909
f 1909//1909 2037//2037 1908//1908
f 2037//2037 2036//2036 1908//1908
f 1908//1908 2036//2036 1907//1907
f 2036//2036 2035//2035 1907//1907
f 1907//1907 2035//2035 1906//1906
f 2035//2035 2034//2034 1906//1906
f 1906//1906 2034//2034 1905//1905
f 2034//2034 2033//2033 1905//1905
f 1905//1905 2033//2033 1904//1904
f 2033//2033 2032//2032 1904//1904
f 1904//1904 2032//2032 1903//1903
f 1914//1914 2042//2042 1913//1913
f 2021//2021 2020//2020 1892//1892
f 2065//2065 2064//2064 1936//1936
f 2066//2066 2065//2065 1937//1937
f 1969//1969 2097//2097 1968//1968
f 2097//2097 2096//2096 1968//1968
f 1968//1968 2096//2096 1967//1967
f 2096//2096 2095//2095 1967//1967
f 1967//1967 2095//2095 1966//1966
f 2095//2095 2094//2094 1966//1966
f 1966//1966 2094//2094 1965//1965
f 2094//2094 2093//2093 1965//1965
f 2098//2098 2097//2097 1969//1969
f 1965//1965 2093//2093 1964//1964
f 1964//1964 2092//2092 1963//1963
f 2092//2092 2091//2091 1963//1963
f 1963//1963 2091//2091 1962//1962
f 2091//2091 2090//2090 1962//1962
f 1962//1962 2090//2090 1961//1961
f 2090//2090 2089//2089 1961//1961
f 1961//1961 2089//2089 1960//1960
f 2089//2089 2088//2088 1960//1960
f 2093//2093 2092//2092 1964//1964
f 1970//1970 2098//2098 1969//1969
f 2099//2099 2098//2098 1970//1970
f 1971//1971 2099//2099 1970//1970
f 2109//2109 2108//2108 1980//1980
f 1980//1980 2108//2108 1979//1979
f 2108//2108 2107//2107 1979//1979
f 1979//1979 2107//2107 1978//1978
f 2107//2107 2106//2106 1978//1978
f 1978//1978 2106//2106 1977//1977
f 2106//2106 2105//2105 1977//1977
f 1977//1977 2105//2105 1976//1976
f 2105//2105 2104//2104 1976//1976
f 1976//1976 2104//2104 1975//1975
f 2104//2104 2103//2103 1975//1975
f 1975//1975 2103//2103 1974//1974
f 2103//2103 2102//2102 1974//1974
f 1974//1974 2102//2102 1973//1973
f 2102//2102 2101//2101 1973//1973
f 1973//1973 2101//2101 1972//1972
f 2101//2101 2100//2100 1972//1972
f 1972//1972 2100//2100 1971//1971
f 2100//2100 2099//2099 1971//1971
f 1960//1960 2088//2088 1959//1959
f 1937//1937 2065//2065 1936//1936
f 2088//2088 2087//2087 1959//1959
f 2087//2087 2086//2086 1958//1958
f 2075//2075 2074//2074 1946//1946
f 1946//1946 2074//2074 1945//1945
f 2074//2074 2073//2073 1945//1945
f 1945//1945 2073//2073 1944//1944
f 2073//2073 2072//2072 1944//1944
f 1944//1944 2072//2072 1943//1943
f 2072//2072 2071//2071 1943//1943
f 1943//1943 2071//2071 1942//1942
f 1947//1947 2075//2075 1946//1946
f 2071//2071 2070//2070 1942//1942
f 2070//2070 2069//2069 1941//1941
f 1941//1941 2069//2069 1940//1940
f 2069//2069 2068//2068 1940//1940
f 1940//1940 2068//2068 1939//1939
f 2068//2068 2067//2067 1939//1939
f 1939//1939 2067//2067 1938//1938
f 2067//2067 2066//2066 1938//1938
f 1938//1938 2066//2066 1937//1937
f 1942//1942 2070//2070 1941//1941
f 2076//2076 2075//2075 1947//1947
f 1948//1948 2076//2076 1947//1947
f 2077//2077 2076//2076 1948//1948
f 1958//1958 2086//2086 1957//1957
f 2086//2086 2085//2085 1957//1957
f 1957//1957 2085//2085 1956//1956
f 2085//2085 2084//2084 1956//1956
f 1956//1956 2084//2084 1955//1955
f 2084//2084 2083//2083 1955//1955
f 1955//1955 2083//2083 1954//1954
f 2083//2083 2082//2082 1954//1954
f 1954//1954 2082//2082 1953//1953
f 2082//2082 2081//2081 1953//1953
f 1953//1953 2081//2081 1952//1952
f 2081//2081 2080//2080 1952//1952
f 1952//1952 2080//2080 1951//1951
f 2080//2080 2079//2079 1951//1951
f 1951//1951 2079//2079 1950//1950
f 2079//2079 2078//2078 1950//1950
f 1950//1950 2078//2078 1949//1949
f 2078//2078 2077//2077 1949//1949
f 1949//1949 2077//2077 1948//1948
f 1959//1959 2087//2087 1958//1958
f 1981//1981 2109//2109 1980//1980
f 1892//1892 2020//2020 1891//1891
f 1891//1891 2019//2019 1890//1890
f 1834//1834 1962//1962 1833//1833
f 1962//1962 1961//1961 1833//1833
f 1833//1833 1961//1961 1832//1832
f 1961//1961 1960//1960 1832//1832
f 1832//1832 1960//1960 1831//1831
f 1960//1960 1959//1959 1831//1831
f 1831//1831 1959//1959 1830//1830
f 1959//1959 1958//1958 1830//1830
f 1963//1963 1962//1962 1834//1834
f 1830//1830 1958//1958 1829//1829
f 1829//1829 1957//1957 1828//1828
f 1957//1957 1956//1956 1828//1828
f 1828//1828 1956//1956 1827//1827
f 1956//1956 1955//1955 1827//1827
f 1827//1827 1955//1955 1826//1826
f 1955//1955 1954//1954 1826//1826
f 1826//1826 1954//1954 1825//1825
f 1954//1954 1953//1953 1825//1825
f 1958//1958 1957//1957 1829//1829
f 1835//1835 1963//1963 1834//1834
f 1964//1964 1963//1963 1835//1835
f 1836//1836 1964//1964 1835//1835
f 1974//1974 1973//1973 1845//1845
f 1845//1845 1973//1973 1844//1844
f 1973//1973 1972//1972 1844//1844
f 1844//1844 1972//1972 1843//1843
f 1972//1972 1971//1971 1843//1843
f 1843//1843 1971//1971 1842//1842
f 1971//1971 1970//1970 1842//1842
f 1842//1842 1970//1970 1841//1841
f 1970//1970 1969//1969 1841//1841
f 1841//1841 1969//1969 1840//1840
f 1969//1969 1968//1968 1840//1840
f 1840//1840 1968//1968 1839//1839
f 1968//1968 1967//1967 1839//1839
f 1839//1839 1967//1967 1838//1838
f 1967//1967 1966//1966 1838//1838
f 1838//1838 1966//1966 1837//1837
f 1966//1966 1965//1965 1837//1837
f 1837//1837 1965//1965 1836//1836
f 1965//1965 1964//1964 1836//1836
f 1825//1825 1953//1953 1824//1824
f 1846//1846 1974//1974 1845//1845
f 1953//1953 1952//1952 1824//1824
f 1952//1952 1951//1951 1823//1823
f 1940//1940 1939//1939 1811//1811
f 1811//1811 1939//1939 1810//1810
f 1939//1939 1938//1938 1810//1810
f 1810//1810 1938//1938 1809//1809
f 1938//1938 1937//1937 1809//1809
f 1809//1809 1937//1937 1808//1808
f 1937//1937 1936//1936 1808//1808
f 1808//1808 1936//1936 1807//1807
f 1812//1812 1940//1940 1811//1811
f 1936//1936 1935//1935 1807//1807
f 1935//1935 1934//1934 1806//1806
f 1806//1806 1934//1934 1805//1805
f 1934//1934 1933//1933 1805//1805
f 1805//1805 1933//1933 1804//1804
f 1933//1933 1932//1932 1804//1804
f 1804//1804 1932//1932 1803//1803
f 1932//1932 1931//1931 1803//1803
f 1803//1803 1931//1931 1802//1802
f 1807//1807 1935//1935 1806//1806
f 1941//1941 1940//1940 1812//1812
f 1813//1813 1941//1941 1812//1812
f 1942//1942 1941//1941 1813//1813
f 1823//1823 1951//1951 1822//1822
f 1951//1951 1950//1950 1822//1822
f 1822//1822 1950//1950 1821//1821
f 1950//1950 1949//1949 1821//1821
f 1821//1821 1949//1949 1820//1820
f 1949//1949 1948//1948 1820//1820
f 1820//1820 1948//1948 1819//1819
f 1948//1948 1947//1947 1819//1819
f 1819//1819 1947//1947 1818//1818
f 1947//1947 1946//1946 1818//1818
f 1818//1818 1946//1946 1817//1817
f 1946//1946 1945//1945 1817//1817
f 1817//1817 1945//1945 1816//1816
f 1945//1945 1944//1944 1816//1816
f 1816//1816 1944//1944 1815//1815
f 1944//1944 1943//1943 1815//1815
f 1815//1815 1943//1943 1814//1814
f 1943//1943 1942//1942 1814//1814
f 1814//1814 1942//1942 1813//1813
f 1824//1824 1952//1952 1823//1823
f 2020//2020 2019//2019 1891//1891
f 1975//1975 1974//1974 1846//1846
f 1976//1976 1975//1975 1847//1847
f 1879//1879 2007//2007 1878//1878
f 2007//2007 2006//2006 1878//1878
f 1878//1878 2006//2006 1877//1877
f 2006//2006 2005//2005 1877//1877
f 1877//1877 2005//2005 1876//1876
f 2005//2005 2004//2004 1876//1876
f 1876//1876 2004//2004 1875//1875
f 2004//2004 2003//2003 1875//1875
f 2008//2008 2007//2007 1879//1879
f 1875//1875 2003//2003 1874//1874
f 1874//1874 2002//2002 1873//1873
f 2002//2002 2001//2001 1873//1873
f 1873//1873 2001//2001 1872//1872
f 2001//2001 2000//2000 1872//1872
f 1872//1872 2000//2000 1871//1871
f 2000//2000 1999//1999 1871//1871
f 1871//1871 1999//1999 1870//1870
f 1999//1999 1998//1998 1870//1870
f 2003//2003 2002//2002 1874//1874
f 1880//1880 2008//2008 1879//1879
f 2009//2009 2008//2008 1880//1880
f 1881//1881 2009//2009 1880//1880
f 2019//2019 2018//2018 1890//1890
f 1890//1890 2018//2018 1889//1889
f 2018//2018 2017//2017 1889//1889
f 1889//1889 2017//2017 1888//1888
f 2017//2017 2016//2016 1888//1888
f 1888//1888 2016//2016 1887//1887
f 2016//2016 2015//2015 1887//1887
f 1887//1887 2015//2015 1886//1886
f 2015//2015 2014//2014 1886//1886
f 1886//1886 2014//2014 1885//1885
f 2014//2014 2013//2013 1885//1885
f 1885//1885 2013//2013 1884//1884
f 2013//2013 2012//2012 1884//1884
f 1884//1884 2012//2012 1883//1883
f 2012//2012 2011//2011 1883//1883
f 1883//1883 2011//2011 1882//1882
f 2011//2011 2010//2010 1882//1882
f 1882//1882 2010//2010 1881//1881
f 2010//2010 2009//2009 1881//1881
f 1870//1870 1998//1998 1869//1869
f 1847//1847 1975//1975 1846//1846
f 1998//1998 1997//1997 1869//1869
f 1997//1997 1996//1996 1868//1868
f 1985//1985 1984//1984 1856//1856
f 1856//1856 1984//1984 1855//1855
f 1984//1984 1983//1983 1855//1855
f 1855//1855 1983//1983 1854//1854
f 1983//1983 1982//1982 1854//1854
f 1854//1854 1982//1982 1853//1853
f 1982//1982 1981//1981 1853//1853
f 1853//1853 1981//1981 1852//1852
f 1857//1857 1985//1985 1856//1856
f 1981//1981 1980//1980 1852//1852
f 1980//1980 1979//1979 1851//1851
f 1851//1851 1979//1979 1850//1850
f 1979//1979 1978//1978 1850//1850
f 1850//1850 1978//1978 1849//1849
f 1978//1978 1977//1977 1849//1849
f 1849//1849 1977//1977 1848//1848
f 1977//1977 1976//1976 1848//1848
f 1848//1848 1976//1976 1847//1847
f 1852//1852 1980//1980 1851//1851
f 1986//1986 1985//1985 1857//1857
f 1858//1858 1986//1986 1857//1857
f 1987//1987 1986//1986 1858//1858
f 1868//1868 1996//1996 1867//1867
f 1996//1996 1995//1995 1867//1867
f 1867//1867 1995//1995 1866//1866
f 1995//1995 1994//1994 1866//1866
f 1866//1866 1994//1994 1865//1865
f 1994//1994 1993//1993 1865//1865
f 1865//1865 1993//1993 1864//1864
f 1993//1993 1992//1992 1864//1864
f 1864//1864 1992//1992 1863//1863
f 1992//1992 1991//1991 1863//1863
f 1863//1863 1991//1991 1862//1862
f 1991//1991 1990//1990 1862//1862
f 1862//1862 1990//1990 1861//1861
f 1990//1990 1989//1989 1861//1861
f 1861//1861 1989//1989 1860//1860
f 1989//1989 1988//1988 1860//1860
f 1860//1860 1988//1988 1859//1859
f 1988//1988 1987//1987 1859//1859
f 1859//1859 1987//1987 1858//1858
f 1869//1869 1997//1997 1868//1868
f 1931//1931 1930//1930 1802//1802
f 2110//2110 2109//2109 1981//1981
f 2111//2111 2110//2110 1982//1982
f 2104//2104 2232//2232 2103//2103
f 2232//2232 2231//2231 2103//2103
f 2103//2103 2231//2231 2102//2102
f 2231//2231 2230//2230 2102//2102
f 2102//2102 2230//2230 2101//2101
f 2230//2230 2229//2229 2101//2101
f 2101//2101 2229//2229 2100//2100
f 2229//2229 2228//2228 2100//2100
f 2233//2233 2232//2232 2104//2104
f 2100//2100 2228//2228 2099//2099
f 2099//2099 2227//2227 2098//2098
f 2227//2227 2226//2226 2098//2098
f 2098//2098 2226//2226 2097//2097
f 2226//2226 2225//2225 2097//2097
f 2097//2097 2225//2225 2096//2096
f 2225//2225 2224//2224 2096//2096
f 2096//2096 2224//2224 2095//2095
f 2224//2224 2223//2223 2095//2095
f 2228//2228 2227//2227 2099//2099
f 2105//2105 2233//2233 2104//2104
f 2234//2234 2233//2233 2105//2105
f 2106//2106 2234//2234 2105//2105
f 2244//2244 2243//2243 2115//2115
f 2115//2115 2243//2243 2114//2114
f 2243//2243 2242//2242 2114//2114
f 2114//2114 2242//2242 2113//2113
f 2242//2242 2241//2241 2113//2113
f 2113//2113 2241//2241 2112//2112
f 2241//2241 2240//2240 2112//2112
f 2112//2112 2240//2240 2111//2111
f 2240//2240 2239//2239 2111//2111
f 2111//2111 2239//2239 2110//2110
f 2239//2239 2238//2238 2110//2110
f 2110//2110 2238//2238 2109//2109
f 2238//2238 2237//2237 2109//2109
f 2109//2109 2237//2237 2108//2108
f 2237//2237 2236//2236 2108//2108
f 2108//2108 2236//2236 2107//2107
f 2236//2236 2235//2235 2107//2107
f 2107//2107 2235//2235 2106//2106
f 2235//2235 2234//2234 2106//2106
f 2095//2095 2223//2223 2094//2094
f 2116//2116 2244//2244 2115//2115
f 2223//2223 2222//2222 2094//2094
f 2222//2222 2221//2221 2093//2093
f 2210//2210 2209//2209 2081//2081
f 2081//2081 2209//2209 2080//2080
f 2209//2209 2208//2208 2080//2080
f 2080//2080 2208//2208 2079//2079
f 2208//2208 2207//2207 2079//2079
f 2079//2079 2207//2207 2078//2078
f 2207//2207 2206//2206 2078//2078
f 2078//2078 2206//2206 2077//2077
f 2082//2082 2210//2210 2081//2081
f 2206//2206 2205//2205 2077//2077
f 2205//2205 2204//2204 2076//2076
f 2076//2076 2204//2204 2075//2075
f 2204//2204 2203//2203 2075//2075
f 2075//2075 2203//2203 2074//2074
f 2203//2203 2202//2202 2074//2074
f 2074//2074 2202//2202 2073//2073
f 2202//2202 2201//2201 2073//2073
f 2073//2073 2201//2201 2072//2072
f 2077//2077 2205//2205 2076//2076
f 2211//2211 2210//2210 2082//2082
f 2083//2083 2211//2211 2082//2082
f 2212//2212 2211//2211 2083//2083
f 2093//2093 2221//2221 2092//2092
f 2221//2221 2220//2220 2092//2092
f 2092//2092 2220//2220 2091//2091
f 2220//2220 2219//2219 2091//2091
f 2091//2091 2219//2219 2090//2090
f 2219//2219 2218//2218 2090//2090
f 2090//2090 2218//2218 2089//2089
f 2218//2218 2217//2217 2089//2089
f 2089//2089 2217//2217 2088//2088
f 2217//2217 2216//2216 2088//2088
f 2088//2088 2216//2216 2087//2087
f 2216//2216 2215//2215 2087//2087
f 2087//2087 2215//2215 2086//2086
f 2215//2215 2214//2214 2086//2086
f 2086//2086 2214//2214 2085//2085
f 2214//2214 2213//2213 2085//2085
f 2085//2085 2213//2213 2084//2084
f 2213//2213 2212//2212 2084//2084
f 2084//2084 2212//2212 2083//2083
f 2094//2094 2222//2222 2093//2093
f 2201//2201 2200//2200 2072//2072
f 2245//2245 2244//2244 2116//2116
f 2246//2246 2245//2245 2117//2117
f 2149//2149 2277//2277 2148//2148
f 2277//2277 2276//2276 2148//2148
f 2148//2148 2276//2276 2147//2147
f 2276//2276 2275//2275 2147//2147
f 2147//2147 2275//2275 2146//2146
f 2275//2275 2274//2274 2146//2146
f 2146//2146 2274//2274 2145//2145
f 2274//2274 2273//2273 2145//2145
f 2278//2278 2277//2277 2149//2149
f 2145//2145 2273//2273 2144//2144
f 2144//2144 2272//2272 2143//2143
f 2272//2272 2271//2271 2143//2143
f 2143//2143 2271//2271 2142//2142
f 2271//2271 2270//2270 2142//2142
f 2142//2142 2270//2270 2141//2141
f 2270//2270 2269//2269 2141//2141
f 2141//2141 2269//2269 2140//2140
f 2269//2269 2268//2268 2140//2140
f 2273//2273 2272//2272 2144//2144
f 2150//2150 2278//2278 2149//2149
f 2279//2279 2278//2278 2150//2150
f 2151//2151 2279//2279 2150//2150
f 2289//2289 2288//2288 2160//2160
f 2160//2160 2288//2288 2159//2159
f 2288//2288 2287//2287 2159//2159
f 2159//2159 2287//2287 2158//2158
f 2287//2287 2286//2286 2158//2158
f 2158//2158 2286//2286 2157//2157
f 2286//2286 2285//2285 2157//2157
f 2157//2157 2285//2285 2156//2156
f 2285//2285 2284//2284 2156//2156
f 2156//2156 2284//2284 2155//2155
f 2284//2284 2283//2283 2155//2155
f 2155//2155 2283//2283 2154//2154
f 2283//2283 2282//2282 2154//2154
f 2154//2154 2282//2282 2153//2153
f 2282//2282 2281//2281 2153//2153
f 2153//2153 2281//2281 2152//2152
f 2281//2281 2280//2280 2152//2152
f 2152//2152 2280//2280 2151//2151
f 2280//2280 2279//2279 2151//2151
f 2140//2140 2268//2268 2139//2139
f 2117//2117 2245//2245 2116//2116
f 2268//2268 2267//2267 2139//2139
f 2267//2267 2266//2266 2138//2138
f 2255//2255 2254//2254 2126//2126
f 2126//2126 2254//2254 2125//2125
f 2254//2254 2253//2253 2125//2125
f 2125//2125 2253//2253 2124//2124
f 2253//2253 2252//2252 2124//2124
f 2124//2124 2252//2252 2123//2123
f 2252//2252 2251//2251 2123//2123
f 2123//2123 2251//2251 2122//2122
f 2127//2127 2255//2255 2126//2126
f 2251//2251 2250//2250 2122//2122
f 2250//2250 2249//2249 2121//2121
f 2121//2121 2249//2249 2120//2120
f 2249//2249 2248//2248 2120//2120
f 2120//2120 2248//2248 2119//2119
f 2248//2248 2247//2247 2119//2119
f 2119//2119 2247//2247 2118//2118
f 2247//2247 2246//2246 2118//2118
f 2118//2118 2246//2246 2117//2117
f 2122//2122 2250//2250 2121//2121
f 2256//2256 2255//2255 2127//2127
f 2128//2128 2256//2256 2127//2127
f 2257//2257 2256//2256 2128//2128
f 2138//2138 2266//2266 2137//2137
f 2266//2266 2265//2265 2137//2137
f 2137//2137 2265//2265 2136//2136
f 2265//2265 2264//2264 2136//2136
f 2136//2136 2264//2264 2135//2135
f 2264//2264 2263//2263 2135//2135
f 2135//2135 2263//2263 2134//2134
f 2263//2263 2262//2262 2134//2134
f 2134//2134 2262//2262 2133//2133
f 2262//2262 2261//2261 2133//2133
f 2133//2133 2261//2261 2132//2132
f 2261//2261 2260//2260 2132//2132
f 2132//2132 2260//2260 2131//2131
f 2260//2260 2259//2259 2131//2131
f 2131//2131 2259//2259 2130//2130
f 2259//2259 2258//2258 2130//2130
f 2130//2130 2258//2258 2129//2129
f 2258//2258 2257//2257 2129//2129
f 2129//2129 2257//2257 2128//2128
f 2139//2139 2267//2267 2138//2138
f 1982//1982 2110//2110 1981//1981
f 2072//2072 2200//2200 2071//2071
f 2071//2071 2199//2199 2070//2070
f 2014//2014 2142//2142 2013//2013
f 2142//2142 2141//2141 2013//2013
f 2013//2013 2141//2141 2012//2012
f 2141//2141 2140//2140 2012//2012
f 2012//2012 2140//2140 2011//2011
f 2140//2140 2139//2139 2011//2011
f 2011//2011 2139//2139 2010//2010
f 2139//2139 2138//2138 2010//2010
f 2143//2143 2142//2142 2014//2014
f 2010//2010 2138//2138 2009//2009
f 2009//2009 2137//2137 2008//2008
f 2137//2137 2136//2136 2008//2008
f 2008//2008 2136//2136 2007//2007
f 2136//2136 2135//2135 2007//2007
f 2007//2007 2135//2135 2006//2006
f 2135//2135 2134//2134 2006//2006
f 2006//2006 2134//2134 2005//2005
f 2134//2134 2133//2133 2005//2005
f 2138//2138 2137//2137 2009//2009
f 2015//2015 2143//2143 2014//2014
f 2144//2144 2143//2143 2015//2015
f 2016//2016 2144//2144 2015//2015
f 2154//2154 2153//2153 2025//2025
f 2025//2025 2153//2153 2024//2024
f 2153//2153 2152//2152 2024//2024
f 2024//2024 2152//2152 2023//2023
f 2152//2152 2151//2151 2023//2023
f 2023//2023 2151//2151 2022//2022
f 2151//2151 2150//2150 2022//2022
f 2022//2022 2150//2150 2021//2021
f 2150//2150 2149//2149 2021//2021
f 2021//2021 2149//2149 2020//2020
f 2149//2149 2148//2148 2020//2020
f 2020//2020 2148//2148 2019//2019
f 2148//2148 2147//2147 2019//2019
f 2019//2019 2147//2147 2018//2018
f 2147//2147 2146//2146 2018//2018
f 2018//2018 2146//2146 2017//2017
f 2146//2146 2145//2145 2017//2017
f 2017//2017 2145//2145 2016//2016
f 2145//2145 2144//2144 2016//2016
f 2005//2005 2133//2133 2004//2004
f 2026//2026 2154//2154 2025//2025
f 2133//2133 2132//2132 2004//2004
f 2132//2132 2131//2131 2003//2003
f 2120//2120 2119//2119 1991//1991
f 1991//1991 2119//2119 1990//1990
f 2119//2119 2118//2118 1990//1990
f 1990//1990 2118//2118 1989//1989
f 2118//2118 2117//2117 1989//1989
f 1989//1989 2117//2117 1988//1988
f 2117//2117 2116//2116 1988//1988
f 1988//1988 2116//2116 1987//1987
f 1992//1992 2120//2120 1991//1991
f 2116//2116 2115//2115 1987//1987
f 2115//2115 2114//2114 1986//1986
f 1986//1986 2114//2114 1985//1985
f 2114//2114 2113//2113 1985//1985
f 1985//1985 2113//2113 1984//1984
f 2113//2113 2112//2112 1984//1984
f 1984//1984 2112//2112 1983//1983
f 2112//2112 2111//2111 1983//1983
f 1983//1983 2111//2111 1982//1982
f 1987//1987 2115//2115 1986//1986
f 2121//2121 2120//2120 1992//1992
f 1993//1993 2121//2121 1992//1992
f 2122//2122 2121//2121 1993//1993
f 2003//2003 2131//2131 2002//2002
f 2131//2131 2130//2130 2002//2002
f 2002//2002 2130//2130 2001//2001
f 2130//2130 2129//2129 2001//2001
f 2001//2001 2129//2129 2000//2000
f 2129//2129 2128//2128 2000//2000
f 2000//2000 2128//2128 1999//1999
f 2128//2128 2127//2127 1999//1999
f 1999//1999 2127//2127 1998//1998
f 2127//2127 2126//2126 1998//1998
f 1998//1998 2126//2126 1997//1997
f 2126//2126 2125//2125 1997//1997
f 1997//1997 2125//2125 1996//1996
f 2125//2125 2124//2124 1996//1996
f 1996//1996 2124//2124 1995//1995
f 2124//2124 2123//2123 1995//1995
f 1995//1995 2123//2123 1994//1994
f 2123//2123 2122//2122 1994//1994
f 1994//1994 2122//2122 1993//1993
f 2004//2004 2132//2132 2003//2003
f 2200//2200 2199//2199 2071//2071
f 2155//2155 2154//2154 2026//2026
f 2156//2156 2155//2155 2027//2027
f 2059//2059 2187//2187 2058//2058
f 2187//2187 2186//2186 2058//2058
f 2058//2058 2186//2186 2057//2057
f 2186//2186 2185//2185 2057//2057
f 2057//2057 2185//2185 2056//2056
f 2185//2185 2184//2184 2056//2056
f 2056//2056 2184//2184 2055//2055
f 2184//2184 2183//2183 2055//2055
f 2188//2188 2187//2187 2059//2059
f 2055//2055 2183//2183 2054//2054
f 2054//2054 2182//2182 2053//2053
f 2182//2182 2181//2181 2053//2053
f 2053//2053 2181//2181 2052//2052
f 2181//2181 2180//2180 2052//2052
f 2052//2052 2180//2180 2051//2051
f 2180//2180 2179//2179 2051//2051
f 2051//2051 2179//2179 2050//2050
f 2179//2179 2178//2178 2050//2050
f 2183//2183 2182//2182 2054//2054
f 2060//2060 2188//2188 2059//2059
f 2189//2189 2188//2188 2060//2060
f 2061//2061 2189//2189 2060//2060
f 2199//2199 2198//2198 2070//2070
f 2070//2070 2198//2198 2069//2069
f 2198//2198 2197//2197 2069//2069
f 2069//2069 2197//2197 2068//2068
f 2197//2197 2196//2196 2068//2068
f 2068//2068 2196//2196 2067//2067
f 2196//2196 2195//2195 2067//2067
f 2067//2067 2195//2195 2066//2066
f 2195//2195 2194//2194 2066//2066
f 2066//2066 2194//2194 2065//2065
f 2194//2194 2193//2193 2065//2065
f 2065//2065 2193//2193 2064//2064
f 2193//2193 2192//2192 2064//2064
f 2064//2064 2192//2192 2063//2063
f 2192//2192 2191//2191 2063//2063
f 2063//2063 2191//2191 2062//2062
f 2191//2191 2190//2190 2062//2062
f 2062//2062 2190//2190 2061//2061
f 2190//2190 2189//2189 2061//2061
f 2050//2050 2178//2178 2049//2049
f 2027//2027 2155//2155 2026//2026
f 2178//2178 2177//2177 2049//2049
f 2049//2049 2176//2176 2048//2048
f 2165//2165 2164//2164 2036//2036
f 2036//2036 2164//2164 2035//2035
f 2164//2164 2163//2163 2035//2035
f 2035//2035 2163//2163 2034//2034
f 2163//2163 2162//2162 2034//2034
f 2034//2034 2162//2162 2033//2033
f 2162//2162 2161//2161 2033//2033
f 2033//2033 2161//2161 2032//2032
f 2037//2037 2165//2165 2036//2036
f 2161//2161 2160//2160 2032//2032
f 2160//2160 2159//2159 2031//2031
f 2031//2031 2159//2159 2030//2030
f 2159//2159 2158//2158 2030//2030
f 2030//2030 2158//2158 2029//2029
f 2158//2158 2157//2157 2029//2029
f 2029//2029 2157//2157 2028//2028
f 2157//2157 2156//2156 2028//2028
f 2028//2028 2156//2156 2027//2027
f 2032//2032 2160//2160 2031//2031
f 2166//2166 2165//2165 2037//2037
f 2038//2038 2166//2166 2037//2037
f 2167//2167 2166//2166 2038//2038
f 2048//2048 2176//2176 2047//2047
f 2176//2176 2175//2175 2047//2047
f 2047//2047 2175//2175 2046//2046
f 2175//2175 2174//2174 2046//2046
f 2046//2046 2174//2174 2045//2045
f 2174//2174 2173//2173 2045//2045
f 2045//2045 2173//2173 2044//2044
f 2173//2173 2172//2172 2044//2044
f 2044//2044 2172//2172 2043//2043
f 2172//2172 2171//2171 2043//2043
f 2043//2043 2171//2171 2042//2042
f 2171//2171 2170//2170 2042//2042
f 2042//2042 2170//2170 2041//2041
f 2170//2170 2169//2169 2041//2041
f 2041//2041 2169//2169 2040//2040
f 2169//2169 2168//2168 2040//2040
f 2040//2040 2168//2168 2039//2039
f 2168//2168 2167//2167 2039//2039
f 2039//2039 2167//2167 2038//2038
f 1921//1921 2049//2049 2048//2048
f 2161//2161 2289//2289 2160//2160
f 1802//1802 1930//1930 1801//1801
f 1801//1801 1929//1929 1800//1800
f 1564//1564 1692//1692 1563//1563
f 1692//1692 1691//1691 1563//1563
f 1563//1563 1691//1691 1562//1562
f 1691//1691 1690//1690 1562//1562
f 1562//1562 1690//1690 1561//1561
f 1690//1690 1689//1689 1561//1561
f 1561//1561 1689//1689 1560//1560
f 1689//1689 1688//1688 1560//1560
f 1693//1693 1692//1692 1564//1564
f 1560//1560 1688//1688 1559//1559
f 1559//1559 1687//1687 1558//1558
f 1687//1687 1686//1686 1558//1558
f 1558//1558 1686//1686 1557//1557
f 1686//1686 1685//1685 1557//1557
f 1557//1557 1685//1685 1556//1556
f 1685//1685 1684//1684 1556//1556
f 1556//1556 1684//1684 1555//1555
f 1684//1684 1683//1683 1555//1555
f 1688//1688 1687//1687 1559//1559
f 1565//1565 1693//1693 1564//1564
f 1694//1694 1693//1693 1565//1565
f 1566//1566 1694//1694 1565//1565
f 1704//1704 1703//1703 1575//1575
f 1575//1575 1703//1703 1574//1574
f 1703//1703 1702//1702 1574//1574
f 1574//1574 1702//1702 1573//1573
f 1702//1702 1701//1701 1573//1573
f 1573//1573 1701//1701 1572//1572
f 1701//1701 1700//1700 1572//1572
f 1572//1572 1700//1700 1571//1571
f 1700//1700 1699//1699 1571//1571
f 1571//1571 1699//1699 1570//1570
f 1699//1699 1698//1698 1570//1570
f 1570//1570 1698//1698 1569//1569
f 1698//1698 1697//1697 1569//1569
f 1569//1569 1697//1697 1568//1568
f 1697//1697 1696//1696 1568//1568
f 1568//1568 1696//1696 1567//1567
f 1696//1696 1695//1695 1567//1567
f 1567//1567 1695//1695 1566//1566
f 1695//1695 1694//1694 1566//1566
f 1555//1555 1683//1683 1554//1554
f 1576//1576 1704//1704 1575//1575
f 1683//1683 1682//1682 1554//1554
f 1682//1682 1681//1681 1553//1553
f 1670//1670 1669//1669 1541//1541
f 1541//1541 1669//1669 1540//1540
f 1669//1669 1668//1668 1540//1540
f 1540//1540 1668//1668 1539//1539
f 1668//1668 1667//1667 1539//1539
f 1539//1539 1667//1667 1538//1538
f 1667//1667 1666//1666 1538//1538
f 1538//1538 1666//1666 1537//1537
f 1542//1542 1670//1670 1541//1541
f 1666//1666 1665//1665 1537//1537
f 1537//1537 1664//1664 1536//1536
f 1536//1536 1664//1664 1535//1535
f 1664//1664 1663//1663 1535//1535
f 1535//1535 1663//1663 1534//1534
f 1663//1663 1662//1662 1534//1534
f 1534//1534 1662//1662 1533//1533
f 1662//1662 1661//1661 1533//1533
f 1533//1533 1661//1661 1532//1532
f 1409//1409 1537//1537 1536//1536
f 1671//1671 1670//1670 1542//1542
f 1543//1543 1671//1671 1542//1542
f 1672//1672 1671//1671 1543//1543
f 1553//1553 1681//1681 1552//1552
f 1681//1681 1680//1680 1552//1552
f 1552//1552 1680//1680 1551//1551
f 1680//1680 1679//1679 1551//1551
f 1551//1551 1679//1679 1550//1550
f 1679//1679 1678//1678 1550//1550
f 1550//1550 1678//1678 1549//1549
f 1678//1678 1677//1677 1549//1549
f 1549//1549 1677//1677 1548//1548
f 1677//1677 1676//1676 1548//1548
f 1548//1548 1676//1676 1547//1547
f 1676//1676 1675//1675 1547//1547
f 1547//1547 1675//1675 1546//1546
f 1675//1675 1674//1674 1546//1546
f 1546//1546 1674//1674 1545//1545
f 1674//1674 1673//1673 1545//1545
f 1545//1545 1673//1673 1544//1544
f 1673//1673 1672//1672 1544//1544
f 1544//1544 1672//1672 1543//1543
f 1554//1554 1682//1682 1553//1553
f 1661//1661 1660//1660 1532//1532
f 1705//1705 1704//1704 1576//1576
f 1706//1706 1705//1705 1577//1577
f 1609//1609 1737//1737 1608//1608
f 1737//1737 1736//1736 1608//1608
f 1608//1608 1736//1736 1607//1607
f 1736//1736 1735//1735 1607//1607
f 1607//1607 1735//1735 1606//1606
f 1735//1735 1734//1734 1606//1606
f 1606//1606 1734//1734 1605//1605
f 1734//1734 1733//1733 1605//1605
f 1738//1738 1737//1737 1609//1609
f 1605//1605 1733//1733 1604//1604
f 1604//1604 1732//1732 1603//1603
f 1732//1732 1731//1731 1603//1603
f 1603//1603 1731//1731 1602//1602
f 1731//1731 1730//1730 1602//1602
f 1602//1602 1730//1730 1601//1601
f 1730//1730 1729//1729 1601//1601
f 1601//1601 1729//1729 1600//1600
f 1729//1729 1728//1728 1600//1600
f 1733//1733 1732//1732 1604//1604
f 1610//1610 1738//1738 1609//1609
f 1739//1739 1738//1738 1610//1610
f 1611//1611 1739//1739 1610//1610
f 1749//1749 1748//1748 1620//1620
f 1620//1620 1748//1748 1619//1619
f 1748//1748 1747//1747 1619//1619
f 1619//1619 1747//1747 1618//1618
f 1747//1747 1746//1746 1618//1618
f 1618//1618 1746//1746 1617//1617
f 1746//1746 1745//1745 1617//1617
f 1617//1617 1745//1745 1616//1616
f 1745//1745 1744//1744 1616//1616
f 1616//1616 1744//1744 1615//1615
f 1744//1744 1743//1743 1615//1615
f 1615//1615 1743//1743 1614//1614
f 1743//1743 1742//1742 1614//1614
f 1614//1614 1742//1742 1613//1613
f 1742//1742 1741//1741 1613//1613
f 1613//1613 1741//1741 1612//1612
f 1741//1741 1740//1740 1612//1612
f 1612//1612 1740//1740 1611//1611
f 1740//1740 1739//1739 1611//1611
f 1600//1600 1728//1728 1599//1599
f 1577//1577 1705//1705 1576//1576
f 1728//1728 1727//1727 1599//1599
f 1727//1727 1726//1726 1598//1598
f 1715//1715 1714//1714 1586//1586
f 1586//1586 1714//1714 1585//1585
f 1714//1714 1713//1713 1585//1585
f 1585//1585 1713//1713 1584//1584
f 1713//1713 1712//1712 1584//1584
f 1584//1584 1712//1712 1583//1583
f 1712//1712 1711//1711 1583//1583
f 1583//1583 1711//1711 1582//1582
f 1587//1587 1715//1715 1586//1586
f 1711//1711 1710//1710 1582//1582
f 1710//1710 1709//1709 1581//1581
f 1581//1581 1709//1709 1580//1580
f 1709//1709 1708//1708 1580//1580
f 1580//1580 1708//1708 1579//1579
f 1708//1708 1707//1707 1579//1579
f 1579//1579 1707//1707 1578//1578
f 1707//1707 1706//1706 1578//1578
f 1578//1578 1706//1706 1577//1577
f 1582//1582 1710//1710 1581//1581
f 1716//1716 1715//1715 1587//1587
f 1588//1588 1716//1716 1587//1587
f 1717//1717 1716//1716 1588//1588
f 1598//1598 1726//1726 1597//1597
f 1726//1726 1725//1725 1597//1597
f 1597//1597 1725//1725 1596//1596
f 1725//1725 1724//1724 1596//1596
f 1596//1596 1724//1724 1595//1595
f 1724//1724 1723//1723 1595//1595
f 1595//1595 1723//1723 1594//1594
f 1723//1723 1722//1722 1594//1594
f 1594//1594 1722//1722 1593//1593
f 1722//1722 1721//1721 1593//1593
f 1593//1593 1721//1721 1592//1592
f 1721//1721 1720//1720 1592//1592
f 1592//1592 1720//1720 1591//1591
f 1720//1720 1719//1719 1591//1591
f 1591//1591 1719//1719 1590//1590
f 1719//1719 1718//1718 1590//1590
f 1590//1590 1718//1718 1589//1589
f 1718//1718 1717//1717 1589//1589
f 1589//1589 1717//1717 1588//1588
f 1599//1599 1727//1727 1598//1598
f 1621//1621 1749//1749 1620//1620
f 1532//1532 1660//1660 1531//1531
f 1531//1531 1659//1659 1530//1530
f 1474//1474 1602//1602 1473//1473
f 1602//1602 1601//1601 1473//1473
f 1601//1601 1600//1600 1472//1472
f 1472//1472 1600//1600 1471//1471
f 1600//1600 1599//1599 1471//1471
f 1471//1471 1599//1599 1470//1470
f 1599//1599 1598//1598 1470//1470
f 1470//1470 1598//1598 1469//1469
f 1603//1603 1602//1602 1474//1474
f 1598//1598 1597//1597 1469//1469
f 1597//1597 1596//1596 1468//1468
f 1468//1468 1596//1596 1467//1467
f 1596//1596 1595//1595 1467//1467
f 1467//1467 1595//1595 1466//1466
f 1595//1595 1594//1594 1466//1466
f 1466//1466 1594//1594 1465//1465
f 1594//1594 1593//1593 1465//1465
f 1465//1465 1593//1593 1464//1464
f 1469//1469 1597//1597 1468//1468
f 1475//1475 1603//1603 1474//1474
f 1604//1604 1603//1603 1475//1475
f 1476//1476 1604//1604 1475//1475
f 1614//1614 1613//1613 1485//1485
f 1485//1485 1613//1613 1484//1484
f 1613//1613 1612//1612 1484//1484
f 1484//1484 1612//1612 1483//1483
f 1612//1612 1611//1611 1483//1483
f 1483//1483 1611//1611 1482//1482
f 1611//1611 1610//1610 1482//1482
f 1482//1482 1610//1610 1481//1481
f 1610//1610 1609//1609 1481//1481
f 1481//1481 1609//1609 1480//1480
f 1609//1609 1608//1608 1480//1480
f 1480//1480 1608//1608 1479//1479
f 1608//1608 1607//1607 1479//1479
f 1479//1479 1607//1607 1478//1478
f 1607//1607 1606//1606 1478//1478
f 1478//1478 1606//1606 1477//1477
f 1606//1606 1605//1605 1477//1477
f 1477//1477 1605//1605 1476//1476
f 1605//1605 1604//1604 1476//1476
f 1593//1593 1592//1592 1464//1464
f 1486//1486 1614//1614 1485//1485
f 1464//1464 1592//1592 1463//1463
f 1463//1463 1591//1591 1462//1462
f 1451//1451 1579//1579 1450//1450
f 1579//1579 1578//1578 1450//1450
f 1450//1450 1578//1578 1449//1449
f 1578//1578 1577//1577 1449//1449
f 1449//1449 1577//1577 1448//1448
f 1577//1577 1576//1576 1448//1448
f 1448//1448 1576//1576 1447//1447
f 1576//1576 1575//1575 1447//1447
f 1580//1580 1579//1579 1451//1451
f 1447//1447 1575//1575 1446//1446
f 1446//1446 1574//1574 1445//1445
f 1574//1574 1573//1573 1445//1445
f 1445//1445 1573//1573 1444//1444
f 1573//1573 1572//1572 1444//1444
f 1444//1444 1572//1572 1443//1443
f 1572//1572 1571//1571 1443//1443
f 1443//1443 1571//1571 1442//1442
f 1571//1571 1570//1570 1442//1442
f 1575//1575 1574//1574 1446//1446
f 1452//1452 1580//1580 1451//1451
f 1581//1581 1580//1580 1452//1452
f 1453//1453 1581//1581 1452//1452
f 1591//1591 1590//1590 1462//1462
f 1462//1462 1590//1590 1461//1461
f 1590//1590 1589//1589 1461//1461
f 1461//1461 1589//1589 1460//1460
f 1589//1589 1588//1588 1460//1460
f 1460//1460 1588//1588 1459//1459
f 1588//1588 1587//1587 1459//1459
f 1459//1459 1587//1587 1458//1458
f 1587//1587 1586//1586 1458//1458
f 1458//1458 1586//1586 1457//1457
f 1586//1586 1585//1585 1457//1457
f 1457//1457 1585//1585 1456//1456
f 1585//1585 1584//1584 1456//1456
f 1456//1456 1584//1584 1455//1455
f 1584//1584 1583//1583 1455//1455
f 1455//1455 1583//1583 1454//1454
f 1583//1583 1582//1582 1454//1454
f 1454//1454 1582//1582 1453//1453
f 1582//1582 1581//1581 1453//1453
f 1592//1592 1591//1591 1463//1463
f 1660//1660 1659//1659 1531//1531
f 1615//1615 1614//1614 1486//1486
f 1616//1616 1615//1615 1487//1487
f 1519//1519 1647//1647 1518//1518
f 1647//1647 1646//1646 1518//1518
f 1518//1518 1646//1646 1517//1517
f 1646//1646 1645//1645 1517//1517
f 1517//1517 1645//1645 1516//1516
f 1645//1645 1644//1644 1516//1516
f 1516//1516 1644//1644 1515//1515
f 1644//1644 1643//1643 1515//1515
f 1648//1648 1647//1647 1519//1519
f 1515//1515 1643//1643 1514//1514
f 1514//1514 1642//1642 1513//1513
f 1642//1642 1641//1641 1513//1513
f 1513//1513 1641//1641 1512//1512
f 1641//1641 1640//1640 1512//1512
f 1512//1512 1640//1640 1511//1511
f 1640//1640 1639//1639 1511//1511
f 1511//1511 1639//1639 1510//1510
f 1639//1639 1638//1638 1510//1510
f 1643//1643 1642//1642 1514//1514
f 1520//1520 1648//1648 1519//1519
f 1649//1649 1648//1648 1520//1520
f 1521//1521 1649//1649 1520//1520
f 1659//1659 1658//1658 1530//1530
f 1530//1530 1658//1658 1529//1529
f 1658//1658 1657//1657 1529//1529
f 1529//1529 1657//1657 1528//1528
f 1657//1657 1656//1656 1528//1528
f 1528//1528 1656//1656 1527//1527
f 1656//1656 1655//1655 1527//1527
f 1527//1527 1655//1655 1526//1526
f 1655//1655 1654//1654 1526//1526
f 1526//1526 1654//1654 1525//1525
f 1654//1654 1653//1653 1525//1525
f 1525//1525 1653//1653 1524//1524
f 1653//1653 1652//1652 1524//1524
f 1524//1524 1652//1652 1523//1523
f 1652//1652 1651//1651 1523//1523
f 1523//1523 1651//1651 1522//1522
f 1651//1651 1650//1650 1522//1522
f 1522//1522 1650//1650 1521//1521
f 1650//1650 1649//1649 1521//1521
f 1510//1510 1638//1638 1509//1509
f 1487//1487 1615//1615 1486//1486
f 1638//1638 1637//1637 1509//1509
f 1637//1637 1636//1636 1508//1508
f 1625//1625 1624//1624 1496//1496
f 1496//1496 1624//1624 1495//1495
f 1624//1624 1623//1623 1495//1495
f 1495//1495 1623//1623 1494//1494
f 1623//1623 1622//1622 1494//1494
f 1494//1494 1622//1622 1493//1493
f 1622//1622 1621//1621 1493//1493
f 1493//1493 1621//1621 1492//1492
f 1497//1497 1625//1625 1496//1496
f 1621//1621 1620//1620 1492//1492
f 1620//1620 1619//1619 1491//1491
f 1491//1491 1619//1619 1490//1490
f 1619//1619 1618//1618 1490//1490
f 1490//1490 1618//1618 1489//1489
f 1618//1618 1617//1617 1489//1489
f 1489//1489 1617//1617 1488//1488
f 1617//1617 1616//1616 1488//1488
f 1488//1488 1616//1616 1487//1487
f 1492//1492 1620//1620 1491//1491
f 1626//1626 1625//1625 1497//1497
f 1498//1498 1626//1626 1497//1497
f 1627//1627 1626//1626 1498//1498
f 1508//1508 1636//1636 1507//1507
f 1636//1636 1635//1635 1507//1507
f 1507//1507 1635//1635 1506//1506
f 1635//1635 1634//1634 1506//1506
f 1506//1506 1634//1634 1505//1505
f 1634//1634 1633//1633 1505//1505
f 1505//1505 1633//1633 1504//1504
f 1633//1633 1632//1632 1504//1504
f 1504//1504 1632//1632 1503//1503
f 1632//1632 1631//1631 1503//1503
f 1503//1503 1631//1631 1502//1502
f 1631//1631 1630//1630 1502//1502
f 1502//1502 1630//1630 1501//1501
f 1630//1630 1629//1629 1501//1501
f 1501//1501 1629//1629 1500//1500
f 1629//1629 1628//1628 1500//1500
f 1500//1500 1628//1628 1499//1499
f 1628//1628 1627//1627 1499//1499
f 1499//1499 1627//1627 1498//1498
f 1509//1509 1637//1637 1508//1508
f 1930//1930 1929//1929 1801//1801
f 1750//1750 1749//1749 1621//1621
f 1751//1751 1750//1750 1622//1622
f 1744//1744 1872//1872 1743//1743
f 1872//1872 1871//1871 1743//1743
f 1743//1743 1871//1871 1742//1742
f 1871//1871 1870//1870 1742//1742
f 1742//1742 1870//1870 1741//1741
f 1870//1870 1869//1869 1741//1741
f 1741//1741 1869//1869 1740//1740
f 1869//1869 1868//1868 1740//1740
f 1873//1873 1872//1872 1744//1744
f 1740//1740 1868//1868 1739//1739
f 1739//1739 1867//1867 1738//1738
f 1867//1867 1866//1866 1738//1738
f 1738//1738 1866//1866 1737//1737
f 1866//1866 1865//1865 1737//1737
f 1737//1737 1865//1865 1736//1736
f 1865//1865 1864//1864 1736//1736
f 1736//1736 1864//1864 1735//1735
f 1864//1864 1863//1863 1735//1735
f 1868//1868 1867//1867 1739//1739
f 1745//1745 1873//1873 1744//1744
f 1874//1874 1873//1873 1745//1745
f 1746//1746 1874//1874 1745//1745
f 1884//1884 1883//1883 1755//1755
f 1755//1755 1883//1883 1754//1754
f 1883//1883 1882//1882 1754//1754
f 1754//1754 1882//1882 1753//1753
f 1882//1882 1881//1881 1753//1753
f 1753//1753 1881//1881 1752//1752
f 1881//1881 1880//1880 1752//1752
f 1752//1752 1880//1880 1751//1751
f 1880//1880 1879//1879 1751//1751
f 1751//1751 1879//1879 1750//1750
f 1879//1879 1878//1878 1750//1750
f 1750//1750 1878//1878 1749//1749
f 1878//1878 1877//1877 1749//1749
f 1749//1749 1877//1877 1748//1748
f 1877//1877 1876//1876 1748//1748
f 1748//1748 1876//1876 1747//1747
f 1876//1876 1875//1875 1747//1747
f 1747//1747 1875//1875 1746//1746
f 1875//1875 1874//1874 1746//1746
f 1735//1735 1863//1863 1734//1734
f 1756//1756 1884//1884 1755//1755
f 1863//1863 1862//1862 1734//1734
f 1862//1862 1861//1861 1733//1733
f 1850//1850 1849//1849 1721//1721
f 1721//1721 1849//1849 1720//1720
f 1849//1849 1848//1848 1720//1720
f 1720//1720 1848//1848 1719//1719
f 1848//1848 1847//1847 1719//1719
f 1719//1719 1847//1847 1718//1718
f 1847//1847 1846//1846 1718//1718
f 1718//1718 1846//1846 1717//1717
f 1722//1722 1850//1850 1721//1721
f 1846//1846 1845//1845 1717//1717
f 1845//1845 1844//1844 1716//1716
f 1716//1716 1844//1844 1715//1715
f 1844//1844 1843//1843 1715//1715
f 1715//1715 1843//1843 1714//1714
f 1843//1843 1842//1842 1714//1714
f 1714//1714 1842//1842 1713//1713
f 1842//1842 1841//1841 1713//1713
f 1713//1713 1841//1841 1712//1712
f 1717//1717 1845//1845 1716//1716
f 1851//1851 1850//1850 1722//1722
f 1723//1723 1851//1851 1722//1722
f 1852//1852 1851//1851 1723//1723
f 1733//1733 1861//1861 1732//1732
f 1861//1861 1860//1860 1732//1732
f 1732//1732 1860//1860 1731//1731
f 1860//1860 1859//1859 1731//1731
f 1731//1731 1859//1859 1730//1730
f 1859//1859 1858//1858 1730//1730
f 1730//1730 1858//1858 1729//1729
f 1858//1858 1857//1857 1729//1729
f 1729//1729 1857//1857 1728//1728
f 1857//1857 1856//1856 1728//1728
f 1728//1728 1856//1856 1727//1727
f 1856//1856 1855//1855 1727//1727
f 1727//1727 1855//1855 1726//1726
f 1855//1855 1854//1854 1726//1726
f 1726//1726 1854//1854 1725//1725
f 1854//1854 1853//1853 1725//1725
f 1725//1725 1853//1853 1724//1724
f 1853//1853 1852//1852 1724//1724
f 1724//1724 1852//1852 1723//1723
f 1734//1734 1862//1862 1733//1733
f 1841//1841 1840//1840 1712//1712
f 1885//1885 1884//1884 1756//1756
f 1886//1886 1885//1885 1757//1757
f 1789//1789 1917//1917 1788//1788
f 1917//1917 1916//1916 1788//1788
f 1788//1788 1916//1916 1787//1787
f 1916//1916 1915//1915 1787//1787
f 1787//1787 1915//1915 1786//1786
f 1915//1915 1914//1914 1786//1786
f 1786//1786 1914//1914 1785//1785
f 1914//1914 1913//1913 1785//1785
f 1918//1918 1917//1917 1789//1789
f 1785//1785 1913//1913 1784//1784
f 1784//1784 1912//1912 1783//1783
f 1912//1912 1911//1911 1783//1783
f 1783//1783 1911//1911 1782//1782
f 1911//1911 1910//1910 1782//1782
f 1782//1782 1910//1910 1781//1781
f 1910//1910 1909//1909 1781//1781
f 1781//1781 1909//1909 1780//1780
f 1909//1909 1908//1908 1780//1780
f 1913//1913 1912//1912 1784//1784
f 1790//1790 1918//1918 1789//1789
f 1919//1919 1918//1918 1790//1790
f 1791//1791 1919//1919 1790//1790
f 1929//1929 1928//1928 1800//1800
f 1800//1800 1928//1928 1799//1799
f 1928//1928 1927//1927 1799//1799
f 1799//1799 1927//1927 1798//1798
f 1927//1927 1926//1926 1798//1798
f 1798//1798 1926//1926 1797//1797
f 1926//1926 1925//1925 1797//1797
f 1797//1797 1925//1925 1796//1796
f 1925//1925 1924//1924 1796//1796
f 1796//1796 1924//1924 1795//1795
f 1924//1924 1923//1923 1795//1795
f 1795//1795 1923//1923 1794//1794
f 1923//1923 1922//1922 1794//1794
f 1794//1794 1922//1922 1793//1793
f 1922//1922 1921//1921 1793//1793
f 1665//1665 1793//1793 1792//1792
f 1793//1793 1920//1920 1792//1792
f 1792//1792 1920//1920 1791//1791
f 1920//1920 1919//1919 1791//1791
f 1780//1780 1908//1908 1779//1779
f 1757//1757 1885//1885 1756//1756
f 1908//1908 1907//1907 1779//1779
f 1907//1907 1906//1906 1778//1778
f 1895//1895 1894//1894 1766//1766
f 1766//1766 1894//1894 1765//1765
f 1894//1894 1893//1893 1765//1765
f 1765//1765 1893//1893 1764//1764
f 1893//1893 1892//1892 1764//1764
f 1764//1764 1892//1892 1763//1763
f 1892//1892 1891//1891 1763//1763
f 1763//1763 1891//1891 1762//1762
f 1767//1767 1895//1895 1766//1766
f 1891//1891 1890//1890 1762//1762
f 1890//1890 1889//1889 1761//1761
f 1761//1761 1889//1889 1760//1760
f 1889//1889 1888//1888 1760//1760
f 1760//1760 1888//1888 1759//1759
f 1888//1888 1887//1887 1759//1759
f 1759//1759 1887//1887 1758//1758
f 1887//1887 1886//1886 1758//1758
f 1758//1758 1886//1886 1757//1757
f 1762//1762 1890//1890 1761//1761
f 1896//1896 1895//1895 1767//1767
f 1768//1768 1896//1896 1767//1767
f 1897//1897 1896//1896 1768//1768
f 1778//1778 1906//1906 1777//1777
f 1906//1906 1905//1905 1777//1777
f 1777//1777 1905//1905 1776//1776
f 1905//1905 1904//1904 1776//1776
f 1776//1776 1904//1904 1775//1775
f 1904//1904 1903//1903 1775//1775
f 1775//1775 1903//1903 1774//1774
f 1903//1903 1902//1902 1774//1774
f 1774//1774 1902//1902 1773//1773
f 1902//1902 1901//1901 1773//1773
f 1773//1773 1901//1901 1772//1772
f 1901//1901 1900//1900 1772//1772
f 1772//1772 1900//1900 1771//1771
f 1900//1900 1899//1899 1771//1771
f 1771//1771 1899//1899 1770//1770
f 1899//1899 1898//1898 1770//1770
f 1770//1770 1898//1898 1769//1769
f 1898//1898 1897//1897 1769//1769
f 1769//1769 1897//1897 1768//1768
f 1779//1779 1907//1907 1778//1778
f 1622//1622 1750//1750 1621//1621
f 1712//1712 1840//1840 1711//1711
f 1711//1711 1839//1839 1710//1710
f 1654//1654 1782//1782 1653//1653
f 1782//1782 1781//1781 1653//1653
f 1653//1653 1781//1781 1652//1652
f 1781//1781 1780//1780 1652//1652
f 1652//1652 1780//1780 1651//1651
f 1780//1780 1779//1779 1651//1651
f 1651//1651 1779//1779 1650//1650
f 1779//1779 1778//1778 1650//1650
f 1783//1783 1782//1782 1654//1654
f 1650//1650 1778//1778 1649//1649
f 1649//1649 1777//1777 1648//1648
f 1777//1777 1776//1776 1648//1648
f 1648//1648 1776//1776 1647//1647
f 1776//1776 1775//1775 1647//1647
f 1647//1647 1775//1775 1646//1646
f 1775//1775 1774//1774 1646//1646
f 1646//1646 1774//1774 1645//1645
f 1774//1774 1773//1773 1645//1645
f 1778//1778 1777//1777 1649//1649
f 1655//1655 1783//1783 1654//1654
f 1784//1784 1783//1783 1655//1655
f 1656//1656 1784//1784 1655//1655
f 1794//1794 1793//1793 1665//1665
f 1537//1537 1665//1665 1664//1664
f 1665//1665 1792//1792 1664//1664
f 1664//1664 1792//1792 1663//1663
f 1792//1792 1791//1791 1663//1663
f 1663//1663 1791//1791 1662//1662
f 1791//1791 1790//1790 1662//1662
f 1662//1662 1790//1790 1661//1661
f 1790//1790 1789//1789 1661//1661
f 1661//1661 1789//1789 1660//1660
f 1789//1789 1788//1788 1660//1660
f 1660//1660 1788//1788 1659//1659
f 1788//1788 1787//1787 1659//1659
f 1659//1659 1787//1787 1658//1658
f 1787//1787 1786//1786 1658//1658
f 1658//1658 1786//1786 1657//1657
f 1786//1786 1785//1785 1657//1657
f 1657//1657 1785//1785 1656//1656
f 1785//1785 1784//1784 1656//1656
f 1645//1645 1773//1773 1644//1644
f 1666//1666 1794//1794 1665//1665
f 1773//1773 1772//1772 1644//1644
f 1772//1772 1771//1771 1643//1643
f 1760//1760 1759//1759 1631//1631
f 1631//1631 1759//1759 1630//1630
f 1759//1759 1758//1758 1630//1630
f 1630//1630 1758//1758 1629//1629
f 1758//1758 1757//1757 1629//1629
f 1629//1629 1757//1757 1628//1628
f 1757//1757 1756//1756 1628//1628
f 1628//1628 1756//1756 1627//1627
f 1632//1632 1760//1760 1631//1631
f 1756//1756 1755//1755 1627//1627
f 1755//1755 1754//1754 1626//1626
f 1626//1626 1754//1754 1625//1625
f 1754//1754 1753//1753 1625//1625
f 1625//1625 1753//1753 1624//1624
f 1753//1753 1752//1752 1624//1624
f 1624//1624 1752//1752 1623//1623
f 1752//1752 1751//1751 1623//1623
f 1623//1623 1751//1751 1622//1622
f 1627//1627 1755//1755 1626//1626
f 1761//1761 1760//1760 1632//1632
f 1633//1633 1761//1761 1632//1632
f 1762//1762 1761//1761 1633//1633
f 1643//1643 1771//1771 1642//1642
f 1771//1771 1770//1770 1642//1642
f 1642//1642 1770//1770 1641//1641
f 1770//1770 1769//1769 1641//1641
f 1641//1641 1769//1769 1640//1640
f 1769//1769 1768//1768 1640//1640
f 1640//1640 1768//1768 1639//1639
f 1768//1768 1767//1767 1639//1639
f 1639//1639 1767//1767 1638//1638
f 1767//1767 1766//1766 1638//1638
f 1638//1638 1766//1766 1637//1637
f 1766//1766 1765//1765 1637//1637
f 1637//1637 1765//1765 1636//1636
f 1765//1765 1764//1764 1636//1636
f 1636//1636 1764//1764 1635//1635
f 1764//1764 1763//1763 1635//1635
f 1635//1635 1763//1763 1634//1634
f 1763//1763 1762//1762 1634//1634
f 1634//1634 1762//1762 1633//1633
f 1644//1644 1772//1772 1643//1643
f 1840//1840 1839//1839 1711//1711
f 1795//1795 1794//1794 1666//1666
f 1796//1796 1795//1795 1667//1667
f 1699//1699 1827//1827 1698//1698
f 1827//1827 1826//1826 1698//1698
f 1698//1698 1826//1826 1697//1697
f 1826//1826 1825//1825 1697//1697
f 1697//1697 1825//1825 1696//1696
f 1825//1825 1824//1824 1696//1696
f 1696//1696 1824//1824 1695//1695
f 1824//1824 1823//1823 1695//1695
f 1828//1828 1827//1827 1699//1699
f 1695//1695 1823//1823 1694//1694
f 1694//1694 1822//1822 1693//1693
f 1822//1822 1821//1821 1693//1693
f 1693//1693 1821//1821 1692//1692
f 1821//1821 1820//1820 1692//1692
f 1692//1692 1820//1820 1691//1691
f 1820//1820 1819//1819 1691//1691
f 1691//1691 1819//1819 1690//1690
f 1819//1819 1818//1818 1690//1690
f 1823//1823 1822//1822 1694//1694
f 1700//1700 1828//1828 1699//1699
f 1829//1829 1828//1828 1700//1700
f 1701//1701 1829//1829 1700//1700
f 1839//1839 1838//1838 1710//1710
f 1710//1710 1838//1838 1709//1709
f 1838//1838 1837//1837 1709//1709
f 1709//1709 1837//1837 1708//1708
f 1837//1837 1836//1836 1708//1708
f 1708//1708 1836//1836 1707//1707
f 1836//1836 1835//1835 1707//1707
f 1707//1707 1835//1835 1706//1706
f 1835//1835 1834//1834 1706//1706
f 1706//1706 1834//1834 1705//1705
f 1834//1834 1833//1833 1705//1705
f 1705//1705 1833//1833 1704//1704
f 1833//1833 1832//1832 1704//1704
f 1704//1704 1832//1832 1703//1703
f 1832//1832 1831//1831 1703//1703
f 1703//1703 1831//1831 1702//1702
f 1831//1831 1830//1830 1702//1702
f 1702//1702 1830//1830 1701//1701
f 1830//1830 1829//1829 1701//1701
f 1690//1690 1818//1818 1689//1689
f 1667//1667 1795//1795 1666//1666
f 1818//1818 1817//1817 1689//1689
f 1817//1817 1816//1816 1688//1688
f 1805//1805 1804//1804 1676//1676
f 1676//1676 1804//1804 1675//1675
f 1804//1804 1803//1803 1675//1675
f 1675//1675 1803//1803 1674//1674
f 1803//1803 1802//1802 1674//1674
f 1674//1674 1802//1802 1673//1673
f 1802//1802 1801//1801 1673//1673
f 1673//1673 1801//1801 1672//1672
f 1677//1677 1805//1805 1676//1676
f 1801//1801 1800//1800 1672//1672
f 1800//1800 1799//1799 1671//1671
f 1671//1671 1799//1799 1670//1670
f 1799//1799 1798//1798 1670//1670
f 1670//1670 1798//1798 1669//1669
f 1798//1798 1797//1797 1669//1669
f 1669//1669 1797//1797 1668//1668
f 1797//1797 1796//1796 1668//1668
f 1668//1668 1796//1796 1667//1667
f 1672//1672 1800//1800 1671//1671
f 1806//1806 1805//1805 1677//1677
f 1678//1678 1806//1806 1677//1677
f 1807//1807 1806//1806 1678//1678
f 1688//1688 1816//1816 1687//1687
f 1816//1816 1815//1815 1687//1687
f 1687//1687 1815//1815 1686//1686
f 1815//1815 1814//1814 1686//1686
f 1686//1686 1814//1814 1685//1685
f 1814//1814 1813//1813 1685//1685
f 1685//1685 1813//1813 1684//1684
f 1813//1813 1812//1812 1684//1684
f 1684//1684 1812//1812 1683//1683
f 1812//1812 1811//1811 1683//1683
f 1683//1683 1811//1811 1682//1682
f 1811//1811 1810//1810 1682//1682
f 1682//1682 1810//1810 1681//1681
f 1810//1810 1809//1809 1681//1681
f 1681//1681 1809//1809 1680//1680
f 1809//1809 1808//1808 1680//1680
f 1680//1680 1808//1808 1679//1679
f 1808//1808 1807//1807 1679//1679
f 1679//1679 1807//1807 1678//1678
f 1689//1689 1817//1817 1688//1688
f 2290//2290 2289//2289 2161//2161
f 2162//2162 2290//2290 2161//2161
f 2291//2291 2290//2290 2162//2162
f 2773//2773 2772//2772 2644//2644
f 2644//2644 2772//2772 2643//2643
f 2772//2772 2771//2771 2643//2643
f 2643//2643 2771//2771 2642//2642
f 2771//2771 2770//2770 2642//2642
f 2642//2642 2770//2770 2641//2641
f 2770//2770 2769//2769 2641//2641
f 2641//2641 2769//2769 2640//2640
f 2645//2645 2773//2773 2644//2644
f 2769//2769 2768//2768 2640//2640
f 2768//2768 2767//2767 2639//2639
f 2639//2639 2767//2767 2638//2638
f 2767//2767 2766//2766 2638//2638
f 2638//2638 2766//2766 2637//2637
f 2766//2766 2765//2765 2637//2637
f 2637//2637 2765//2765 2636//2636
f 2765//2765 2764//2764 2636//2636
f 2636//2636 2764//2764 2635//2635
f 2640//2640 2768//2768 2639//2639
f 2774//2774 2773//2773 2645//2645
f 2646//2646 2774//2774 2645//2645
f 2775//2775 2774//2774 2646//2646
f 2656//2656 2784//2784 2655//2655
f 2784//2784 2783//2783 2655//2655
f 2655//2655 2783//2783 2654//2654
f 2783//2783 2782//2782 2654//2654
f 2654//2654 2782//2782 2653//2653
f 2782//2782 2781//2781 2653//2653
f 2653//2653 2781//2781 2652//2652
f 2781//2781 2780//2780 2652//2652
f 2652//2652 2780//2780 2651//2651
f 2780//2780 2779//2779 2651//2651
f 2651//2651 2779//2779 2650//2650
f 2779//2779 2778//2778 2650//2650
f 2650//2650 2778//2778 2649//2649
f 2778//2778 2777//2777 2649//2649
f 2649//2649 2777//2777 2648//2648
f 2777//2777 2776//2776 2648//2648
f 2648//2648 2776//2776 2647//2647
f 2776//2776 2775//2775 2647//2647
f 2647//2647 2775//2775 2646//2646
f 2764//2764 2763//2763 2635//2635
f 2785//2785 2784//2784 2656//2656
f 2635//2635 2763//2763 2634//2634
f 2634//2634 2762//2762 2633//2633
f 2622//2622 2750//2750 2621//2621
f 2750//2750 2749//2749 2621//2621
f 2621//2621 2749//2749 2620//2620
f 2749//2749 2748//2748 2620//2620
f 2620//2620 2748//2748 2619//2619
f 2748//2748 2747//2747 2619//2619
f 2619//2619 2747//2747 2618//2618
f 2747//2747 2746//2746 2618//2618
f 2751//2751 2750//2750 2622//2622
f 2618//2618 2746//2746 2617//2617
f 2617//2617 2745//2745 2616//2616
f 2745//2745 2744//2744 2616//2616
f 2616//2616 2744//2744 2615//2615
f 2744//2744 2743//2743 2615//2615
f 2615//2615 2743//2743 2614//2614
f 2743//2743 2742//2742 2614//2614
f 2614//2614 2742//2742 2613//2613
f 2742//2742 2741//2741 2613//2613
f 2746//2746 2745//2745 2617//2617
f 2623//2623 2751//2751 2622//2622
f 2752//2752 2751//2751 2623//2623
f 2624//2624 2752//2752 2623//2623
f 2762//2762 2761//2761 2633//2633
f 2633//2633 2761//2761 2632//2632
f 2761//2761 2760//2760 2632//2632
f 2632//2632 2760//2760 2631//2631
f 2760//2760 2759//2759 2631//2631
f 2631//2631 2759//2759 2630//2630
f 2759//2759 2758//2758 2630//2630
f 2630//2630 2758//2758 2629//2629
f 2758//2758 2757//2757 2629//2629
f 2629//2629 2757//2757 2628//2628
f 2757//2757 2756//2756 2628//2628
f 2628//2628 2756//2756 2627//2627
f 2756//2756 2755//2755 2627//2627
f 2627//2627 2755//2755 2626//2626
f 2755//2755 2754//2754 2626//2626
f 2626//2626 2754//2754 2625//2625
f 2754//2754 2753//2753 2625//2625
f 2625//2625 2753//2753 2624//2624
f 2753//2753 2752//2752 2624//2624
f 2763//2763 2762//2762 2634//2634
f 2613//2613 2741//2741 2612//2612
f 2657//2657 2785//2785 2656//2656
f 2658//2658 2786//2786 2657//2657
f 2818//2818 2817//2817 2689//2689
f 2561//2561 2689//2689 2688//2688
f 2689//2689 2816//2816 2688//2688
f 2688//2688 2816//2816 2687//2687
f 2816//2816 2815//2815 2687//2687
f 2687//2687 2815//2815 2686//2686
f 2815//2815 2814//2814 2686//2686
f 2686//2686 2814//2814 2685//2685
f 2690//2690 2818//2818 2689//2689
f 2814//2814 2813//2813 2685//2685
f 2813//2813 2812//2812 2684//2684
f 2684//2684 2812//2812 2683//2683
f 2812//2812 2811//2811 2683//2683
f 2683//2683 2811//2811 2682//2682
f 2811//2811 2810//2810 2682//2682
f 2682//2682 2810//2810 2681//2681
f 2810//2810 2809//2809 2681//2681
f 2681//2681 2809//2809 2680//2680
f 2685//2685 2813//2813 2684//2684
f 2819//2819 2818//2818 2690//2690
f 2691//2691 2819//2819 2690//2690
f 2820//2820 2819//2819 2691//2691
f 2701//2701 2829//2829 2700//2700
f 2829//2829 2828//2828 2700//2700
f 2700//2700 2828//2828 2699//2699
f 2828//2828 2827//2827 2699//2699
f 2699//2699 2827//2827 2698//2698
f 2827//2827 2826//2826 2698//2698
f 2698//2698 2826//2826 2697//2697
f 2826//2826 2825//2825 2697//2697
f 2697//2697 2825//2825 2696//2696
f 2825//2825 2824//2824 2696//2696
f 2696//2696 2824//2824 2695//2695
f 2824//2824 2823//2823 2695//2695
f 2695//2695 2823//2823 2694//2694
f 2823//2823 2822//2822 2694//2694
f 2694//2694 2822//2822 2693//2693
f 2822//2822 2821//2821 2693//2693
f 2693//2693 2821//2821 2692//2692
f 2821//2821 2820//2820 2692//2692
f 2692//2692 2820//2820 2691//2691
f 2809//2809 2808//2808 2680//2680
f 2786//2786 2785//2785 2657//2657
f 2680//2680 2808//2808 2679//2679
f 2679//2679 2807//2807 2678//2678
f 2667//2667 2795//2795 2666//2666
f 2795//2795 2794//2794 2666//2666
f 2666//2666 2794//2794 2665//2665
f 2794//2794 2793//2793 2665//2665
f 2665//2665 2793//2793 2664//2664
f 2793//2793 2792//2792 2664//2664
f 2664//2664 2792//2792 2663//2663
f 2792//2792 2791//2791 2663//2663
f 2796//2796 2795//2795 2667//2667
f 2663//2663 2791//2791 2662//2662
f 2662//2662 2790//2790 2661//2661
f 2790//2790 2789//2789 2661//2661
f 2661//2661 2789//2789 2660//2660
f 2789//2789 2788//2788 2660//2660
f 2660//2660 2788//2788 2659//2659
f 2788//2788 2787//2787 2659//2659
f 2659//2659 2787//2787 2658//2658
f 2787//2787 2786//2786 2658//2658
f 2791//2791 2790//2790 2662//2662
f 2668//2668 2796//2796 2667//2667
f 2797//2797 2796//2796 2668//2668
f 2669//2669 2797//2797 2668//2668
f 2807//2807 2806//2806 2678//2678
f 2678//2678 2806//2806 2677//2677
f 2806//2806 2805//2805 2677//2677
f 2677//2677 2805//2805 2676//2676
f 2805//2805 2804//2804 2676//2676
f 2676//2676 2804//2804 2675//2675
f 2804//2804 2803//2803 2675//2675
f 2675//2675 2803//2803 2674//2674
f 2803//2803 2802//2802 2674//2674
f 2674//2674 2802//2802 2673//2673
f 2802//2802 2801//2801 2673//2673
f 2673//2673 2801//2801 2672//2672
f 2801//2801 2800//2800 2672//2672
f 2672//2672 2800//2800 2671//2671
f 2800//2800 2799//2799 2671//2671
f 2671//2671 2799//2799 2670//2670
f 2799//2799 2798//2798 2670//2670
f 2670//2670 2798//2798 2669//2669
f 2798//2798 2797//2797 2669//2669
f 2808//2808 2807//2807 2679//2679
f 2830//2830 2829//2829 2701//2701
f 2741//2741 2740//2740 2612//2612
f 2740//2740 2739//2739 2611//2611
f 2683//2683 2682//2682 2554//2554
f 2554//2554 2682//2682 2553//2553
f 2682//2682 2681//2681 2553//2553
f 2553//2553 2681//2681 2552//2552
f 2681//2681 2680//2680 2552//2552
f 2552//2552 2680//2680 2551//2551
f 2680//2680 2679//2679 2551//2551
f 2551//2551 2679//2679 2550//2550
f 2555//2555 2683//2683 2554//2554
f 2679//2679 2678//2678 2550//2550
f 2678//2678 2677//2677 2549//2549
f 2549//2549 2677//2677 2548//2548
f 2677//2677 2676//2676 2548//2548
f 2548//2548 2676//2676 2547//2547
f 2676//2676 2675//2675 2547//2547
f 2547//2547 2675//2675 2546//2546
f 2675//2675 2674//2674 2546//2546
f 2546//2546 2674//2674 2545//2545
f 2550//2550 2678//2678 2549//2549
f 2684//2684 2683//2683 2555//2555
f 2556//2556 2684//2684 2555//2555
f 2685//2685 2684//2684 2556//2556
f 2566//2566 2694//2694 2565//2565
f 2694//2694 2693//2693 2565//2565
f 2565//2565 2693//2693 2564//2564
f 2693//2693 2692//2692 2564//2564
f 2564//2564 2692//2692 2563//2563
f 2692//2692 2691//2691 2563//2563
f 2563//2563 2691//2691 2562//2562
f 2691//2691 2690//2690 2562//2562
f 2562//2562 2690//2690 2561//2561
f 2690//2690 2689//2689 2561//2561
f 2433//2433 2561//2561 2560//2560
f 2561//2561 2688//2688 2560//2560
f 2560//2560 2688//2688 2559//2559
f 2688//2688 2687//2687 2559//2559
f 2559//2559 2687//2687 2558//2558
f 2687//2687 2686//2686 2558//2558
f 2558//2558 2686//2686 2557//2557
f 2686//2686 2685//2685 2557//2557
f 2557//2557 2685//2685 2556//2556
f 2674//2674 2673//2673 2545//2545
f 2695//2695 2694//2694 2566//2566
f 2545//2545 2673//2673 2544//2544
f 2544//2544 2672//2672 2543//2543
f 2532//2532 2660//2660 2531//2531
f 2660//2660 2659//2659 2531//2531
f 2531//2531 2659//2659 2530//2530
f 2659//2659 2658//2658 2530//2530
f 2530//2530 2658//2658 2529//2529
f 2658//2658 2657//2657 2529//2529
f 2529//2529 2657//2657 2528//2528
f 2657//2657 2656//2656 2528//2528
f 2661//2661 2660//2660 2532//2532
f 2528//2528 2656//2656 2527//2527
f 2527//2527 2655//2655 2526//2526
f 2655//2655 2654//2654 2526//2526
f 2526//2526 2654//2654 2525//2525
f 2654//2654 2653//2653 2525//2525
f 2525//2525 2653//2653 2524//2524
f 2653//2653 2652//2652 2524//2524
f 2524//2524 2652//2652 2523//2523
f 2652//2652 2651//2651 2523//2523
f 2656//2656 2655//2655 2527//2527
f 2533//2533 2661//2661 2532//2532
f 2662//2662 2661//2661 2533//2533
f 2534//2534 2662//2662 2533//2533
f 2672//2672 2671//2671 2543//2543
f 2543//2543 2671//2671 2542//2542
f 2671//2671 2670//2670 2542//2542
f 2542//2542 2670//2670 2541//2541
f 2670//2670 2669//2669 2541//2541
f 2541//2541 2669//2669 2540//2540
f 2669//2669 2668//2668 2540//2540
f 2540//2540 2668//2668 2539//2539
f 2668//2668 2667//2667 2539//2539
f 2539//2539 2667//2667 2538//2538
f 2667//2667 2666//2666 2538//2538
f 2538//2538 2666//2666 2537//2537
f 2666//2666 2665//2665 2537//2537
f 2537//2537 2665//2665 2536//2536
f 2665//2665 2664//2664 2536//2536
f 2536//2536 2664//2664 2535//2535
f 2664//2664 2663//2663 2535//2535
f 2535//2535 2663//2663 2534//2534
f 2663//2663 2662//2662 2534//2534
f 2673//2673 2672//2672 2544//2544
f 2612//2612 2740//2740 2611//2611
f 2567//2567 2695//2695 2566//2566
f 2568//2568 2696//2696 2567//2567
f 2728//2728 2727//2727 2599//2599
f 2599//2599 2727//2727 2598//2598
f 2727//2727 2726//2726 2598//2598
f 2598//2598 2726//2726 2597//2597
f 2726//2726 2725//2725 2597//2597
f 2597//2597 2725//2725 2596//2596
f 2725//2725 2724//2724 2596//2596
f 2596//2596 2724//2724 2595//2595
f 2600//2600 2728//2728 2599//2599
f 2724//2724 2723//2723 2595//2595
f 2723//2723 2722//2722 2594//2594
f 2594//2594 2722//2722 2593//2593
f 2722//2722 2721//2721 2593//2593
f 2593//2593 2721//2721 2592//2592
f 2721//2721 2720//2720 2592//2592
f 2592//2592 2720//2720 2591//2591
f 2720//2720 2719//2719 2591//2591
f 2591//2591 2719//2719 2590//2590
f 2595//2595 2723//2723 2594//2594
f 2729//2729 2728//2728 2600//2600
f 2601//2601 2729//2729 2600//2600
f 2730//2730 2729//2729 2601//2601
f 2611//2611 2739//2739 2610//2610
f 2739//2739 2738//2738 2610//2610
f 2610//2610 2738//2738 2609//2609
f 2738//2738 2737//2737 2609//2609
f 2609//2609 2737//2737 2608//2608
f 2737//2737 2736//2736 2608//2608
f 2608//2608 2736//2736 2607//2607
f 2736//2736 2735//2735 2607//2607
f 2607//2607 2735//2735 2606//2606
f 2735//2735 2734//2734 2606//2606
f 2606//2606 2734//2734 2605//2605
f 2734//2734 2733//2733 2605//2605
f 2605//2605 2733//2733 2604//2604
f 2733//2733 2732//2732 2604//2604
f 2604//2604 2732//2732 2603//2603
f 2732//2732 2731//2731 2603//2603
f 2603//2603 2731//2731 2602//2602
f 2731//2731 2730//2730 2602//2602
f 2602//2602 2730//2730 2601//2601
f 2719//2719 2718//2718 2590//2590
f 2696//2696 2695//2695 2567//2567
f 2590//2590 2718//2718 2589//2589
f 2589//2589 2717//2717 2588//2588
f 2577//2577 2705//2705 2576//2576
f 2705//2705 2704//2704 2576//2576
f 2576//2576 2704//2704 2575//2575
f 2704//2704 2703//2703 2575//2575
f 2575//2575 2703//2703 2574//2574
f 2703//2703 2702//2702 2574//2574
f 2574//2574 2702//2702 2573//2573
f 2702//2702 2701//2701 2573//2573
f 2706//2706 2705//2705 2577//2577
f 2573//2573 2701//2701 2572//2572
f 2572//2572 2700//2700 2571//2571
f 2700//2700 2699//2699 2571//2571
f 2571//2571 2699//2699 2570//2570
f 2699//2699 2698//2698 2570//2570
f 2570//2570 2698//2698 2569//2569
f 2698//2698 2697//2697 2569//2569
f 2569//2569 2697//2697 2568//2568
f 2697//2697 2696//2696 2568//2568
f 2701//2701 2700//2700 2572//2572
f 2578//2578 2706//2706 2577//2577
f 2707//2707 2706//2706 2578//2578
f 2579//2579 2707//2707 2578//2578
f 2717//2717 2716//2716 2588//2588
f 2588//2588 2716//2716 2587//2587
f 2716//2716 2715//2715 2587//2587
f 2587//2587 2715//2715 2586//2586
f 2715//2715 2714//2714 2586//2586
f 2586//2586 2714//2714 2585//2585
f 2714//2714 2713//2713 2585//2585
f 2585//2585 2713//2713 2584//2584
f 2713//2713 2712//2712 2584//2584
f 2584//2584 2712//2712 2583//2583
f 2712//2712 2711//2711 2583//2583
f 2583//2583 2711//2711 2582//2582
f 2711//2711 2710//2710 2582//2582
f 2582//2582 2710//2710 2581//2581
f 2710//2710 2709//2709 2581//2581
f 2581//2581 2709//2709 2580//2580
f 2709//2709 2708//2708 2580//2580
f 2580//2580 2708//2708 2579//2579
f 2708//2708 2707//2707 2579//2579
f 2718//2718 2717//2717 2589//2589
f 2523//2523 2651//2651 2522//2522
f 2702//2702 2830//2830 2701//2701
f 2703//2703 2831//2831 2702//2702
f 2832//2832 2945//2945 2831//2831
f 2831//2831 2945//2945 2830//2830
f 2830//2830 2945//2945 2829//2829
f 2829//2829 2945//2945 2828//2828
f 2828//2828 2945//2945 2827//2827
f 2827//2827 2945//2945 2826//2826
f 2826//2826 2945//2945 2825//2825
f 2825//2825 2945//2945 2824//2824
f 2833//2833 2945//2945 2832//2832
f 2824//2824 2945//2945 2823//2823
f 2822//2822 2945//2945 2821//2821
f 2821//2821 2945//2945 2820//2820
f 2820//2820 2945//2945 2819//2819
f 2819//2819 2945//2945 2818//2818
f 2818//2818 2945//2945 2817//2817
f 2689//2689 2817//2817 2816//2816
f 2817//2817 2944//2944 2816//2816
f 2816//2816 2944//2944 2815//2815
f 2823//2823 2945//2945 2822//2822
f 2834//2834 2945//2945 2833//2833
f 2835//2835 2945//2945 2834//2834
f 2836//2836 2945//2945 2835//2835
f 2855//2855 2945//2945 2854//2854
f 2854//2854 2945//2945 2853//2853
f 2853//2853 2945//2945 2852//2852
f 2852//2852 2945//2945 2851//2851
f 2851//2851 2945//2945 2850//2850
f 2850//2850 2945//2945 2849//2849
f 2849//2849 2945//2945 2848//2848
f 2848//2848 2945//2945 2847//2847
f 2847//2847 2945//2945 2846//2846
f 2846//2846 2945//2945 2845//2845
f 2845//2845 2945//2945 2844//2844
f 2844//2844 2945//2945 2843//2843
f 2843//2843 2945//2945 2842//2842
f 2842//2842 2945//2945 2841//2841
f 2841//2841 2945//2945 2840//2840
f 2840//2840 2945//2945 2839//2839
f 2839//2839 2945//2945 2838//2838
f 2838//2838 2945//2945 2837//2837
f 2837//2837 2945//2945 2836//2836
f 2944//2944 2943//2943 2815//2815
f 2856//2856 2945//2945 2855//2855
f 2815//2815 2943//2943 2814//2814
f 2814//2814 2942//2942 2813//2813
f 2802//2802 2930//2930 2801//2801
f 2930//2930 2929//2929 2801//2801
f 2801//2801 2929//2929 2800//2800
f 2929//2929 2928//2928 2800//2800
f 2800//2800 2928//2928 2799//2799
f 2928//2928 2927//2927 2799//2799
f 2799//2799 2927//2927 2798//2798
f 2927//2927 2926//2926 2798//2798
f 2931//2931 2930//2930 2802//2802
f 2798//2798 2926//2926 2797//2797
f 2797//2797 2925//2925 2796//2796
f 2925//2925 2924//2924 2796//2796
f 2796//2796 2924//2924 2795//2795
f 2924//2924 2923//2923 2795//2795
f 2795//2795 2923//2923 2794//2794
f 2923//2923 2922//2922 2794//2794
f 2794//2794 2922//2922 2793//2793
f 2922//2922 2921//2921 2793//2793
f 2926//2926 2925//2925 2797//2797
f 2803//2803 2931//2931 2802//2802
f 2932//2932 2931//2931 2803//2803
f 2804//2804 2932//2932 2803//2803
f 2942//2942 2941//2941 2813//2813
f 2813//2813 2941//2941 2812//2812
f 2941//2941 2940//2940 2812//2812
f 2812//2812 2940//2940 2811//2811
f 2940//2940 2939//2939 2811//2811
f 2811//2811 2939//2939 2810//2810
f 2939//2939 2938//2938 2810//2810
f 2810//2810 2938//2938 2809//2809
f 2938//2938 2937//2937 2809//2809
f 2809//2809 2937//2937 2808//2808
f 2937//2937 2936//2936 2808//2808
f 2808//2808 2936//2936 2807//2807
f 2936//2936 2935//2935 2807//2807
f 2807//2807 2935//2935 2806//2806
f 2935//2935 2934//2934 2806//2806
f 2806//2806 2934//2934 2805//2805
f 2934//2934 2933//2933 2805//2805
f 2805//2805 2933//2933 2804//2804
f 2933//2933 2932//2932 2804//2804
f 2943//2943 2942//2942 2814//2814
f 2793//2793 2921//2921 2792//2792
f 2857//2857 2945//2945 2856//2856
f 2859//2859 2945//2945 2858//2858
f 2922//2922 2945//2945 2921//2921
f 2921//2921 2945//2945 2920//2920
f 2920//2920 2945//2945 2919//2919
f 2919//2919 2945//2945 2918//2918
f 2918//2918 2945//2945 2917//2917
f 2917//2917 2945//2945 2916//2916
f 2916//2916 2945//2945 2915//2915
f 2915//2915 2945//2945 2914//2914
f 2923//2923 2945//2945 2922//2922
f 2914//2914 2945//2945 2913//2913
f 2912//2912 2945//2945 2911//2911
f 2911//2911 2945//2945 2910//2910
f 2910//2910 2945//2945 2909//2909
f 2909//2909 2945//2945 2908//2908
f 2908//2908 2945//2945 2907//2907
f 2907//2907 2945//2945 2906//2906
f 2906//2906 2945//2945 2905//2905
f 2905//2905 2945//2945 2904//2904
f 2913//2913 2945//2945 2912//2912
f 2924//2924 2945//2945 2923//2923
f 2925//2925 2945//2945 2924//2924
f 2926//2926 2945//2945 2925//2925
f 2817//2817 2945//2945 2944//2944
f 2944//2944 2945//2945 2943//2943
f 2943//2943 2945//2945 2942//2942
f 2942//2942 2945//2945 2941//2941
f 2941//2941 2945//2945 2940//2940
f 2940//2940 2945//2945 2939//2939
f 2939//2939 2945//2945 2938//2938
f 2938//2938 2945//2945 2937//2937
f 2937//2937 2945//2945 2936//2936
f 2936//2936 2945//2945 2935//2935
f 2935//2935 2945//2945 2934//2934
f 2934//2934 2945//2945 2933//2933
f 2933//2933 2945//2945 2932//2932
f 2932//2932 2945//2945 2931//2931
f 2931//2931 2945//2945 2930//2930
f 2930//2930 2945//2945 2929//2929
f 2929//2929 2945//2945 2928//2928
f 2928//2928 2945//2945 2927//2927
f 2927//2927 2945//2945 2926//2926
f 2904//2904 2945//2945 2903//2903
f 2858//2858 2945//2945 2857//2857
f 2903//2903 2945//2945 2902//2902
f 2901//2901 2945//2945 2900//2900
f 2877//2877 2945//2945 2876//2876
f 2876//2876 2945//2945 2875//2875
f 2875//2875 2945//2945 2874//2874
f 2874//2874 2945//2945 2873//2873
f 2873//2873 2945//2945 2872//2872
f 2872//2872 2945//2945 2871//2871
f 2871//2871 2945//2945 2870//2870
f 2870//2870 2945//2945 2869//2869
f 2878//2878 2945//2945 2877//2877
f 2869//2869 2945//2945 2868//2868
f 2867//2867 2945//2945 2866//2866
f 2866//2866 2945//2945 2865//2865
f 2865//2865 2945//2945 2864//2864
f 2864//2864 2945//2945 2863//2863
f 2863//2863 2945//2945 2862//2862
f 2862//2862 2945//2945 2861//2861
f 2861//2861 2945//2945 2860//2860
f 2860//2860 2945//2945 2859//2859
f 2868//2868 2945//2945 2867//2867
f 2879//2879 2945//2945 2878//2878
f 2880//2880 2945//2945 2879//2879
f 2881//2881 2945//2945 2880//2880
f 2900//2900 2945//2945 2899//2899
f 2899//2899 2945//2945 2898//2898
f 2898//2898 2945//2945 2897//2897
f 2897//2897 2945//2945 2896//2896
f 2896//2896 2945//2945 2895//2895
f 2895//2895 2945//2945 2894//2894
f 2894//2894 2945//2945 2893//2893
f 2893//2893 2945//2945 2892//2892
f 2892//2892 2945//2945 2891//2891
f 2891//2891 2945//2945 2890//2890
f 2890//2890 2945//2945 2889//2889
f 2889//2889 2945//2945 2888//2888
f 2888//2888 2945//2945 2887//2887
f 2887//2887 2945//2945 2886//2886
f 2886//2886 2945//2945 2885//2885
f 2885//2885 2945//2945 2884//2884
f 2884//2884 2945//2945 2883//2883
f 2883//2883 2945//2945 2882//2882
f 2882//2882 2945//2945 2881//2881
f 2902//2902 2945//2945 2901//2901
f 2831//2831 2830//2830 2702//2702
f 2921//2921 2920//2920 2792//2792
f 2920//2920 2919//2919 2791//2791
f 2863//2863 2862//2862 2734//2734
f 2734//2734 2862//2862 2733//2733
f 2862//2862 2861//2861 2733//2733
f 2733//2733 2861//2861 2732//2732
f 2861//2861 2860//2860 2732//2732
f 2732//2732 2860//2860 2731//2731
f 2860//2860 2859//2859 2731//2731
f 2731//2731 2859//2859 2730//2730
f 2735//2735 2863//2863 2734//2734
f 2859//2859 2858//2858 2730//2730
f 2858//2858 2857//2857 2729//2729
f 2729//2729 2857//2857 2728//2728
f 2857//2857 2856//2856 2728//2728
f 2728//2728 2856//2856 2727//2727
f 2856//2856 2855//2855 2727//2727
f 2727//2727 2855//2855 2726//2726
f 2855//2855 2854//2854 2726//2726
f 2726//2726 2854//2854 2725//2725
f 2730//2730 2858//2858 2729//2729
f 2864//2864 2863//2863 2735//2735
f 2736//2736 2864//2864 2735//2735
f 2865//2865 2864//2864 2736//2736
f 2746//2746 2874//2874 2745//2745
f 2874//2874 2873//2873 2745//2745
f 2745//2745 2873//2873 2744//2744
f 2873//2873 2872//2872 2744//2744
f 2744//2744 2872//2872 2743//2743
f 2872//2872 2871//2871 2743//2743
f 2743//2743 2871//2871 2742//2742
f 2871//2871 2870//2870 2742//2742
f 2742//2742 2870//2870 2741//2741
f 2870//2870 2869//2869 2741//2741
f 2741//2741 2869//2869 2740//2740
f 2869//2869 2868//2868 2740//2740
f 2740//2740 2868//2868 2739//2739
f 2868//2868 2867//2867 2739//2739
f 2739//2739 2867//2867 2738//2738
f 2867//2867 2866//2866 2738//2738
f 2738//2738 2866//2866 2737//2737
f 2866//2866 2865//2865 2737//2737
f 2737//2737 2865//2865 2736//2736
f 2854//2854 2853//2853 2725//2725
f 2875//2875 2874//2874 2746//2746
f 2725//2725 2853//2853 2724//2724
f 2724//2724 2852//2852 2723//2723
f 2712//2712 2840//2840 2711//2711
f 2840//2840 2839//2839 2711//2711
f 2711//2711 2839//2839 2710//2710
f 2839//2839 2838//2838 2710//2710
f 2710//2710 2838//2838 2709//2709
f 2838//2838 2837//2837 2709//2709
f 2709//2709 2837//2837 2708//2708
f 2837//2837 2836//2836 2708//2708
f 2841//2841 2840//2840 2712//2712
f 2708//2708 2836//2836 2707//2707
f 2707//2707 2835//2835 2706//2706
f 2835//2835 2834//2834 2706//2706
f 2706//2706 2834//2834 2705//2705
f 2834//2834 2833//2833 2705//2705
f 2705//2705 2833//2833 2704//2704
f 2833//2833 2832//2832 2704//2704
f 2704//2704 2832//2832 2703//2703
f 2832//2832 2831//2831 2703//2703
f 2836//2836 2835//2835 2707//2707
f 2713//2713 2841//2841 2712//2712
f 2842//2842 2841//2841 2713//2713
f 2714//2714 2842//2842 2713//2713
f 2852//2852 2851//2851 2723//2723
f 2723//2723 2851//2851 2722//2722
f 2851//2851 2850//2850 2722//2722
f 2722//2722 2850//2850 2721//2721
f 2850//2850 2849//2849 2721//2721
f 2721//2721 2849//2849 2720//2720
f 2849//2849 2848//2848 2720//2720
f 2720//2720 2848//2848 2719//2719
f 2848//2848 2847//2847 2719//2719
f 2719//2719 2847//2847 2718//2718
f 2847//2847 2846//2846 2718//2718
f 2718//2718 2846//2846 2717//2717
f 2846//2846 2845//2845 2717//2717
f 2717//2717 2845//2845 2716//2716
f 2845//2845 2844//2844 2716//2716
f 2716//2716 2844//2844 2715//2715
f 2844//2844 2843//2843 2715//2715
f 2715//2715 2843//2843 2714//2714
f 2843//2843 2842//2842 2714//2714
f 2853//2853 2852//2852 2724//2724
f 2792//2792 2920//2920 2791//2791
f 2747//2747 2875//2875 2746//2746
f 2748//2748 2876//2876 2747//2747
f 2908//2908 2907//2907 2779//2779
f 2779//2779 2907//2907 2778//2778
f 2907//2907 2906//2906 2778//2778
f 2778//2778 2906//2906 2777//2777
f 2906//2906 2905//2905 2777//2777
f 2777//2777 2905//2905 2776//2776
f 2905//2905 2904//2904 2776//2776
f 2776//2776 2904//2904 2775//2775
f 2780//2780 2908//2908 2779//2779
f 2904//2904 2903//2903 2775//2775
f 2903//2903 2902//2902 2774//2774
f 2774//2774 2902//2902 2773//2773
f 2902//2902 2901//2901 2773//2773
f 2773//2773 2901//2901 2772//2772
f 2901//2901 2900//2900 2772//2772
f 2772//2772 2900//2900 2771//2771
f 2900//2900 2899//2899 2771//2771
f 2771//2771 2899//2899 2770//2770
f 2775//2775 2903//2903 2774//2774
f 2909//2909 2908//2908 2780//2780
f 2781//2781 2909//2909 2780//2780
f 2910//2910 2909//2909 2781//2781
f 2791//2791 2919//2919 2790//2790
f 2919//2919 2918//2918 2790//2790
f 2790//2790 2918//2918 2789//2789
f 2918//2918 2917//2917 2789//2789
f 2789//2789 2917//2917 2788//2788
f 2917//2917 2916//2916 2788//2788
f 2788//2788 2916//2916 2787//2787
f 2916//2916 2915//2915 2787//2787
f 2787//2787 2915//2915 2786//2786
f 2915//2915 2914//2914 2786//2786
f 2786//2786 2914//2914 2785//2785
f 2914//2914 2913//2913 2785//2785
f 2785//2785 2913//2913 2784//2784
f 2913//2913 2912//2912 2784//2784
f 2784//2784 2912//2912 2783//2783
f 2912//2912 2911//2911 2783//2783
f 2783//2783 2911//2911 2782//2782
f 2911//2911 2910//2910 2782//2782
f 2782//2782 2910//2910 2781//2781
f 2899//2899 2898//2898 2770//2770
f 2876//2876 2875//2875 2747//2747
f 2770//2770 2898//2898 2769//2769
f 2769//2769 2897//2897 2768//2768
f 2757//2757 2885//2885 2756//2756
f 2885//2885 2884//2884 2756//2756
f 2756//2756 2884//2884 2755//2755
f 2884//2884 2883//2883 2755//2755
f 2755//2755 2883//2883 2754//2754
f 2883//2883 2882//2882 2754//2754
f 2754//2754 2882//2882 2753//2753
f 2882//2882 2881//2881 2753//2753
f 2886//2886 2885//2885 2757//2757
f 2753//2753 2881//2881 2752//2752
f 2752//2752 2880//2880 2751//2751
f 2880//2880 2879//2879 2751//2751
f 2751//2751 2879//2879 2750//2750
f 2879//2879 2878//2878 2750//2750
f 2750//2750 2878//2878 2749//2749
f 2878//2878 2877//2877 2749//2749
f 2749//2749 2877//2877 2748//2748
f 2877//2877 2876//2876 2748//2748
f 2881//2881 2880//2880 2752//2752
f 2758//2758 2886//2886 2757//2757
f 2887//2887 2886//2886 2758//2758
f 2759//2759 2887//2887 2758//2758
f 2897//2897 2896//2896 2768//2768
f 2768//2768 2896//2896 2767//2767
f 2896//2896 2895//2895 2767//2767
f 2767//2767 2895//2895 2766//2766
f 2895//2895 2894//2894 2766//2766
f 2766//2766 2894//2894 2765//2765
f 2894//2894 2893//2893 2765//2765
f 2765//2765 2893//2893 2764//2764
f 2893//2893 2892//2892 2764//2764
f 2764//2764 2892//2892 2763//2763
f 2892//2892 2891//2891 2763//2763
f 2763//2763 2891//2891 2762//2762
f 2891//2891 2890//2890 2762//2762
f 2762//2762 2890//2890 2761//2761
f 2890//2890 2889//2889 2761//2761
f 2761//2761 2889//2889 2760//2760
f 2889//2889 2888//2888 2760//2760
f 2760//2760 2888//2888 2759//2759
f 2888//2888 2887//2887 2759//2759
f 2898//2898 2897//2897 2769//2769
f 2651//2651 2650//2650 2522//2522
f 2522//2522 2650//2650 2521//2521
f 2650//2650 2649//2649 2521//2521
f 2284//2284 2412//2412 2283//2283
f 2412//2412 2411//2411 2283//2283
f 2283//2283 2411//2411 2282//2282
f 2411//2411 2410//2410 2282//2282
f 2282//2282 2410//2410 2281//2281
f 2410//2410 2409//2409 2281//2281
f 2281//2281 2409//2409 2280//2280
f 2409//2409 2408//2408 2280//2280
f 2413//2413 2412//2412 2284//2284
f 2280//2280 2408//2408 2279//2279
f 2279//2279 2407//2407 2278//2278
f 2407//2407 2406//2406 2278//2278
f 2278//2278 2406//2406 2277//2277
f 2406//2406 2405//2405 2277//2277
f 2277//2277 2405//2405 2276//2276
f 2405//2405 2404//2404 2276//2276
f 2276//2276 2404//2404 2275//2275
f 2404//2404 2403//2403 2275//2275
f 2408//2408 2407//2407 2279//2279
f 2285//2285 2413//2413 2284//2284
f 2414//2414 2413//2413 2285//2285
f 2286//2286 2414//2414 2285//2285
f 2424//2424 2423//2423 2295//2295
f 2295//2295 2423//2423 2294//2294
f 2423//2423 2422//2422 2294//2294
f 2294//2294 2422//2422 2293//2293
f 2422//2422 2421//2421 2293//2293
f 2293//2293 2421//2421 2292//2292
f 2421//2421 2420//2420 2292//2292
f 2292//2292 2420//2420 2291//2291
f 2420//2420 2419//2419 2291//2291
f 2291//2291 2419//2419 2290//2290
f 2419//2419 2418//2418 2290//2290
f 2290//2290 2418//2418 2289//2289
f 2418//2418 2417//2417 2289//2289
f 2289//2289 2417//2417 2288//2288
f 2417//2417 2416//2416 2288//2288
f 2288//2288 2416//2416 2287//2287
f 2416//2416 2415//2415 2287//2287
f 2287//2287 2415//2415 2286//2286
f 2415//2415 2414//2414 2286//2286
f 2275//2275 2403//2403 2274//2274
f 2296//2296 2424//2424 2295//2295
f 2403//2403 2402//2402 2274//2274
f 2402//2402 2401//2401 2273//2273
f 2390//2390 2389//2389 2261//2261
f 2261//2261 2389//2389 2260//2260
f 2389//2389 2388//2388 2260//2260
f 2260//2260 2388//2388 2259//2259
f 2388//2388 2387//2387 2259//2259
f 2259//2259 2387//2387 2258//2258
f 2387//2387 2386//2386 2258//2258
f 2258//2258 2386//2386 2257//2257
f 2262//2262 2390//2390 2261//2261
f 2386//2386 2385//2385 2257//2257
f 2385//2385 2384//2384 2256//2256
f 2256//2256 2384//2384 2255//2255
f 2384//2384 2383//2383 2255//2255
f 2255//2255 2383//2383 2254//2254
f 2383//2383 2382//2382 2254//2254
f 2254//2254 2382//2382 2253//2253
f 2382//2382 2381//2381 2253//2253
f 2253//2253 2381//2381 2252//2252
f 2257//2257 2385//2385 2256//2256
f 2391//2391 2390//2390 2262//2262
f 2263//2263 2391//2391 2262//2262
f 2392//2392 2391//2391 2263//2263
f 2273//2273 2401//2401 2272//2272
f 2401//2401 2400//2400 2272//2272
f 2272//2272 2400//2400 2271//2271
f 2400//2400 2399//2399 2271//2271
f 2271//2271 2399//2399 2270//2270
f 2399//2399 2398//2398 2270//2270
f 2270//2270 2398//2398 2269//2269
f 2398//2398 2397//2397 2269//2269
f 2269//2269 2397//2397 2268//2268
f 2397//2397 2396//2396 2268//2268
f 2268//2268 2396//2396 2267//2267
f 2396//2396 2395//2395 2267//2267
f 2267//2267 2395//2395 2266//2266
f 2395//2395 2394//2394 2266//2266
f 2266//2266 2394//2394 2265//2265
f 2394//2394 2393//2393 2265//2265
f 2265//2265 2393//2393 2264//2264
f 2393//2393 2392//2392 2264//2264
f 2264//2264 2392//2392 2263//2263
f 2274//2274 2402//2402 2273//2273
f 2381//2381 2380//2380 2252//2252
f 2425//2425 2424//2424 2296//2296
f 2426//2426 2425//2425 2297//2297
f 2329//2329 2457//2457 2328//2328
f 2457//2457 2456//2456 2328//2328
f 2328//2328 2456//2456 2327//2327
f 2456//2456 2455//2455 2327//2327
f 2327//2327 2455//2455 2326//2326
f 2455//2455 2454//2454 2326//2326
f 2326//2326 2454//2454 2325//2325
f 2454//2454 2453//2453 2325//2325
f 2458//2458 2457//2457 2329//2329
f 2325//2325 2453//2453 2324//2324
f 2324//2324 2452//2452 2323//2323
f 2452//2452 2451//2451 2323//2323
f 2323//2323 2451//2451 2322//2322
f 2451//2451 2450//2450 2322//2322
f 2322//2322 2450//2450 2321//2321
f 2450//2450 2449//2449 2321//2321
f 2321//2321 2449//2449 2320//2320
f 2449//2449 2448//2448 2320//2320
f 2453//2453 2452//2452 2324//2324
f 2330//2330 2458//2458 2329//2329
f 2459//2459 2458//2458 2330//2330
f 2331//2331 2459//2459 2330//2330
f 2469//2469 2468//2468 2340//2340
f 2340//2340 2468//2468 2339//2339
f 2468//2468 2467//2467 2339//2339
f 2339//2339 2467//2467 2338//2338
f 2467//2467 2466//2466 2338//2338
f 2338//2338 2466//2466 2337//2337
f 2466//2466 2465//2465 2337//2337
f 2337//2337 2465//2465 2336//2336
f 2465//2465 2464//2464 2336//2336
f 2336//2336 2464//2464 2335//2335
f 2464//2464 2463//2463 2335//2335
f 2335//2335 2463//2463 2334//2334
f 2463//2463 2462//2462 2334//2334
f 2334//2334 2462//2462 2333//2333
f 2462//2462 2461//2461 2333//2333
f 2333//2333 2461//2461 2332//2332
f 2461//2461 2460//2460 2332//2332
f 2332//2332 2460//2460 2331//2331
f 2460//2460 2459//2459 2331//2331
f 2320//2320 2448//2448 2319//2319
f 2297//2297 2425//2425 2296//2296
f 2448//2448 2447//2447 2319//2319
f 2447//2447 2446//2446 2318//2318
f 2435//2435 2434//2434 2306//2306
f 2306//2306 2434//2434 2305//2305
f 2434//2434 2433//2433 2305//2305
f 2177//2177 2305//2305 2304//2304
f 2305//2305 2432//2432 2304//2304
f 2304//2304 2432//2432 2303//2303
f 2432//2432 2431//2431 2303//2303
f 2303//2303 2431//2431 2302//2302
f 2307//2307 2435//2435 2306//2306
f 2431//2431 2430//2430 2302//2302
f 2430//2430 2429//2429 2301//2301
f 2301//2301 2429//2429 2300//2300
f 2429//2429 2428//2428 2300//2300
f 2300//2300 2428//2428 2299//2299
f 2428//2428 2427//2427 2299//2299
f 2299//2299 2427//2427 2298//2298
f 2427//2427 2426//2426 2298//2298
f 2298//2298 2426//2426 2297//2297
f 2302//2302 2430//2430 2301//2301
f 2436//2436 2435//2435 2307//2307
f 2308//2308 2436//2436 2307//2307
f 2437//2437 2436//2436 2308//2308
f 2318//2318 2446//2446 2317//2317
f 2446//2446 2445//2445 2317//2317
f 2317//2317 2445//2445 2316//2316
f 2445//2445 2444//2444 2316//2316
f 2316//2316 2444//2444 2315//2315
f 2444//2444 2443//2443 2315//2315
f 2315//2315 2443//2443 2314//2314
f 2443//2443 2442//2442 2314//2314
f 2314//2314 2442//2442 2313//2313
f 2442//2442 2441//2441 2313//2313
f 2313//2313 2441//2441 2312//2312
f 2441//2441 2440//2440 2312//2312
f 2312//2312 2440//2440 2311//2311
f 2440//2440 2439//2439 2311//2311
f 2311//2311 2439//2439 2310//2310
f 2439//2439 2438//2438 2310//2310
f 2310//2310 2438//2438 2309//2309
f 2438//2438 2437//2437 2309//2309
f 2309//2309 2437//2437 2308//2308
f 2319//2319 2447//2447 2318//2318
f 2341//2341 2469//2469 2340//2340
f 2252//2252 2380//2380 2251//2251
f 2251//2251 2379//2379 2250//2250
f 2194//2194 2322//2322 2193//2193
f 2322//2322 2321//2321 2193//2193
f 2193//2193 2321//2321 2192//2192
f 2321//2321 2320//2320 2192//2192
f 2192//2192 2320//2320 2191//2191
f 2320//2320 2319//2319 2191//2191
f 2191//2191 2319//2319 2190//2190
f 2319//2319 2318//2318 2190//2190
f 2323//2323 2322//2322 2194//2194
f 2190//2190 2318//2318 2189//2189
f 2189//2189 2317//2317 2188//2188
f 2317//2317 2316//2316 2188//2188
f 2188//2188 2316//2316 2187//2187
f 2316//2316 2315//2315 2187//2187
f 2187//2187 2315//2315 2186//2186
f 2315//2315 2314//2314 2186//2186
f 2186//2186 2314//2314 2185//2185
f 2314//2314 2313//2313 2185//2185
f 2318//2318 2317//2317 2189//2189
f 2195//2195 2323//2323 2194//2194
f 2324//2324 2323//2323 2195//2195
f 2196//2196 2324//2324 2195//2195
f 2334//2334 2333//2333 2205//2205
f 2205//2205 2333//2333 2204//2204
f 2333//2333 2332//2332 2204//2204
f 2204//2204 2332//2332 2203//2203
f 2332//2332 2331//2331 2203//2203
f 2203//2203 2331//2331 2202//2202
f 2331//2331 2330//2330 2202//2202
f 2202//2202 2330//2330 2201//2201
f 2330//2330 2329//2329 2201//2201
f 2201//2201 2329//2329 2200//2200
f 2329//2329 2328//2328 2200//2200
f 2200//2200 2328//2328 2199//2199
f 2328//2328 2327//2327 2199//2199
f 2199//2199 2327//2327 2198//2198
f 2327//2327 2326//2326 2198//2198
f 2198//2198 2326//2326 2197//2197
f 2326//2326 2325//2325 2197//2197
f 2197//2197 2325//2325 2196//2196
f 2325//2325 2324//2324 2196//2196
f 2185//2185 2313//2313 2184//2184
f 2206//2206 2334//2334 2205//2205
f 2313//2313 2312//2312 2184//2184
f 2312//2312 2311//2311 2183//2183
f 2300//2300 2299//2299 2171//2171
f 2171//2171 2299//2299 2170//2170
f 2299//2299 2298//2298 2170//2170
f 2170//2170 2298//2298 2169//2169
f 2298//2298 2297//2297 2169//2169
f 2169//2169 2297//2297 2168//2168
f 2297//2297 2296//2296 2168//2168
f 2168//2168 2296//2296 2167//2167
f 2172//2172 2300//2300 2171//2171
f 2296//2296 2295//2295 2167//2167
f 2295//2295 2294//2294 2166//2166
f 2166//2166 2294//2294 2165//2165
f 2294//2294 2293//2293 2165//2165
f 2165//2165 2293//2293 2164//2164
f 2293//2293 2292//2292 2164//2164
f 2164//2164 2292//2292 2163//2163
f 2292//2292 2291//2291 2163//2163
f 2163//2163 2291//2291 2162//2162
f 2167//2167 2295//2295 2166//2166
f 2301//2301 2300//2300 2172//2172
f 2173//2173 2301//2301 2172//2172
f 2302//2302 2301//2301 2173//2173
f 2183//2183 2311//2311 2182//2182
f 2311//2311 2310//2310 2182//2182
f 2182//2182 2310//2310 2181//2181
f 2310//2310 2309//2309 2181//2181
f 2181//2181 2309//2309 2180//2180
f 2309//2309 2308//2308 2180//2180
f 2180//2180 2308//2308 2179//2179
f 2308//2308 2307//2307 2179//2179
f 2179//2179 2307//2307 2178//2178
f 2307//2307 2306//2306 2178//2178
f 2178//2178 2306//2306 2177//2177
f 2306//2306 2305//2305 2177//2177
f 2049//2049 2177//2177 2176//2176
f 2177//2177 2304//2304 2176//2176
f 2176//2176 2304//2304 2175//2175
f 2304//2304 2303//2303 2175//2175
f 2175//2175 2303//2303 2174//2174
f 2303//2303 2302//2302 2174//2174
f 2174//2174 2302//2302 2173//2173
f 2184//2184 2312//2312 2183//2183
f 2380//2380 2379//2379 2251//2251
f 2335//2335 2334//2334 2206//2206
f 2336//2336 2335//2335 2207//2207
f 2239//2239 2367//2367 2238//2238
f 2367//2367 2366//2366 2238//2238
f 2238//2238 2366//2366 2237//2237
f 2366//2366 2365//2365 2237//2237
f 2237//2237 2365//2365 2236//2236
f 2365//2365 2364//2364 2236//2236
f 2236//2236 2364//2364 2235//2235
f 2364//2364 2363//2363 2235//2235
f 2368//2368 2367//2367 2239//2239
f 2235//2235 2363//2363 2234//2234
f 2234//2234 2362//2362 2233//2233
f 2362//2362 2361//2361 2233//2233
f 2233//2233 2361//2361 2232//2232
f 2361//2361 2360//2360 2232//2232
f 2232//2232 2360//2360 2231//2231
f 2360//2360 2359//2359 2231//2231
f 2231//2231 2359//2359 2230//2230
f 2359//2359 2358//2358 2230//2230
f 2363//2363 2362//2362 2234//2234
f 2240//2240 2368//2368 2239//2239
f 2369//2369 2368//2368 2240//2240
f 2241//2241 2369//2369 2240//2240
f 2379//2379 2378//2378 2250//2250
f 2250//2250 2378//2378 2249//2249
f 2378//2378 2377//2377 2249//2249
f 2249//2249 2377//2377 2248//2248
f 2377//2377 2376//2376 2248//2248
f 2248//2248 2376//2376 2247//2247
f 2376//2376 2375//2375 2247//2247
f 2247//2247 2375//2375 2246//2246
f 2375//2375 2374//2374 2246//2246
f 2246//2246 2374//2374 2245//2245
f 2374//2374 2373//2373 2245//2245
f 2245//2245 2373//2373 2244//2244
f 2373//2373 2372//2372 2244//2244
f 2244//2244 2372//2372 2243//2243
f 2372//2372 2371//2371 2243//2243
f 2243//2243 2371//2371 2242//2242
f 2371//2371 2370//2370 2242//2242
f 2242//2242 2370//2370 2241//2241
f 2370//2370 2369//2369 2241//2241
f 2230//2230 2358//2358 2229//2229
f 2207//2207 2335//2335 2206//2206
f 2358//2358 2357//2357 2229//2229
f 2357//2357 2356//2356 2228//2228
f 2345//2345 2344//2344 2216//2216
f 2216//2216 2344//2344 2215//2215
f 2344//2344 2343//2343 2215//2215
f 2215//2215 2343//2343 2214//2214
f 2343//2343 2342//2342 2214//2214
f 2214//2214 2342//2342 2213//2213
f 2342//2342 2341//2341 2213//2213
f 2213//2213 2341//2341 2212//2212
f 2217//2217 2345//2345 2216//2216
f 2341//2341 2340//2340 2212//2212
f 2340//2340 2339//2339 2211//2211
f 2211//2211 2339//2339 2210//2210
f 2339//2339 2338//2338 2210//2210
f 2210//2210 2338//2338 2209//2209
f 2338//2338 2337//2337 2209//2209
f 2209//2209 2337//2337 2208//2208
f 2337//2337 2336//2336 2208//2208
f 2208//2208 2336//2336 2207//2207
f 2212//2212 2340//2340 2211//2211
f 2346//2346 2345//2345 2217//2217
f 2218//2218 2346//2346 2217//2217
f 2347//2347 2346//2346 2218//2218
f 2228//2228 2356//2356 2227//2227
f 2356//2356 2355//2355 2227//2227
f 2227//2227 2355//2355 2226//2226
f 2355//2355 2354//2354 2226//2226
f 2226//2226 2354//2354 2225//2225
f 2354//2354 2353//2353 2225//2225
f 2225//2225 2353//2353 2224//2224
f 2353//2353 2352//2352 2224//2224
f 2224//2224 2352//2352 2223//2223
f 2352//2352 2351//2351 2223//2223
f 2223//2223 2351//2351 2222//2222
f 2351//2351 2350//2350 2222//2222
f 2222//2222 2350//2350 2221//2221
f 2350//2350 2349//2349 2221//2221
f 2221//2221 2349//2349 2220//2220
f 2349//2349 2348//2348 2220//2220
f 2220//2220 2348//2348 2219//2219
f 2348//2348 2347//2347 2219//2219
f 2219//2219 2347//2347 2218//2218
f 2229//2229 2357//2357 2228//2228
f 2470//2470 2469//2469 2341//2341
f 2342//2342 2470//2470 2341//2341
f 2471//2471 2470//2470 2342//2342
f 2593//2593 2592//2592 2464//2464
f 2464//2464 2592//2592 2463//2463
f 2592//2592 2591//2591 2463//2463
f 2463//2463 2591//2591 2462//2462
f 2591//2591 2590//2590 2462//2462
f 2462//2462 2590//2590 2461//2461
f 2590//2590 2589//2589 2461//2461
f 2461//2461 2589//2589 2460//2460
f 2465//2465 2593//2593 2464//2464
f 2589//2589 2588//2588 2460//2460
f 2588//2588 2587//2587 2459//2459
f 2459//2459 2587//2587 2458//2458
f 2587//2587 2586//2586 2458//2458
f 2458//2458 2586//2586 2457//2457
f 2586//2586 2585//2585 2457//2457
f 2457//2457 2585//2585 2456//2456
f 2585//2585 2584//2584 2456//2456
f 2456//2456 2584//2584 2455//2455
f 2460//2460 2588//2588 2459//2459
f 2594//2594 2593//2593 2465//2465
f 2466//2466 2594//2594 2465//2465
f 2595//2595 2594//2594 2466//2466
f 2476//2476 2604//2604 2475//2475
f 2604//2604 2603//2603 2475//2475
f 2475//2475 2603//2603 2474//2474
f 2603//2603 2602//2602 2474//2474
f 2474//2474 2602//2602 2473//2473
f 2602//2602 2601//2601 2473//2473
f 2473//2473 2601//2601 2472//2472
f 2601//2601 2600//2600 2472//2472
f 2472//2472 2600//2600 2471//2471
f 2600//2600 2599//2599 2471//2471
f 2471//2471 2599//2599 2470//2470
f 2599//2599 2598//2598 2470//2470
f 2470//2470 2598//2598 2469//2469
f 2598//2598 2597//2597 2469//2469
f 2469//2469 2597//2597 2468//2468
f 2597//2597 2596//2596 2468//2468
f 2468//2468 2596//2596 2467//2467
f 2596//2596 2595//2595 2467//2467
f 2467//2467 2595//2595 2466//2466
f 2584//2584 2583//2583 2455//2455
f 2605//2605 2604//2604 2476//2476
f 2455//2455 2583//2583 2454//2454
f 2454//2454 2582//2582 2453//2453
f 2442//2442 2570//2570 2441//2441
f 2570//2570 2569//2569 2441//2441
f 2441//2441 2569//2569 2440//2440
f 2569//2569 2568//2568 2440//2440
f 2440//2440 2568//2568 2439//2439
f 2568//2568 2567//2567 2439//2439
f 2439//2439 2567//2567 2438//2438
f 2567//2567 2566//2566 2438//2438
f 2571//2571 2570//2570 2442//2442
f 2438//2438 2566//2566 2437//2437
f 2437//2437 2565//2565 2436//2436
f 2565//2565 2564//2564 2436//2436
f 2436//2436 2564//2564 2435//2435
f 2564//2564 2563//2563 2435//2435
f 2435//2435 2563//2563 2434//2434
f 2563//2563 2562//2562 2434//2434
f 2434//2434 2562//2562 2433//2433
f 2562//2562 2561//2561 2433//2433
f 2566//2566 2565//2565 2437//2437
f 2443//2443 2571//2571 2442//2442
f 2572//2572 2571//2571 2443//2443
f 2444//2444 2572//2572 2443//2443
f 2582//2582 2581//2581 2453//2453
f 2453//2453 2581//2581 2452//2452
f 2581//2581 2580//2580 2452//2452
f 2452//2452 2580//2580 2451//2451
f 2580//2580 2579//2579 2451//2451
f 2451//2451 2579//2579 2450//2450
f 2579//2579 2578//2578 2450//2450
f 2450//2450 2578//2578 2449//2449
f 2578//2578 2577//2577 2449//2449
f 2449//2449 2577//2577 2448//2448
f 2577//2577 2576//2576 2448//2448
f 2448//2448 2576//2576 2447//2447
f 2576//2576 2575//2575 2447//2447
f 2447//2447 2575//2575 2446//2446
f 2575//2575 2574//2574 2446//2446
f 2446//2446 2574//2574 2445//2445
f 2574//2574 2573//2573 2445//2445
f 2445//2445 2573//2573 2444//2444
f 2573//2573 2572//2572 2444//2444
f 2583//2583 2582//2582 2454//2454
f 2305//2305 2433//2433 2432//2432
f 2477//2477 2605//2605 2476//2476
f 2478//2478 2606//2606 2477//2477
f 2638//2638 2637//2637 2509//2509
f 2509//2509 2637//2637 2508//2508
f 2637//2637 2636//2636 2508//2508
f 2508//2508 2636//2636 2507//2507
f 2636//2636 2635//2635 2507//2507
f 2507//2507 2635//2635 2506//2506
f 2635//2635 2634//2634 2506//2506
f 2506//2506 2634//2634 2505//2505
f 2510//2510 2638//2638 2509//2509
f 2634//2634 2633//2633 2505//2505
f 2633//2633 2632//2632 2504//2504
f 2504//2504 2632//2632 2503//2503
f 2632//2632 2631//2631 2503//2503
f 2503//2503 2631//2631 2502//2502
f 2631//2631 2630//2630 2502//2502
f 2502//2502 2630//2630 2501//2501
f 2630//2630 2629//2629 2501//2501
f 2501//2501 2629//2629 2500//2500
f 2505//2505 2633//2633 2504//2504
f 2639//2639 2638//2638 2510//2510
f 2511//2511 2639//2639 2510//2510
f 2640//2640 2639//2639 2511//2511
f 2521//2521 2649//2649 2520//2520
f 2649//2649 2648//2648 2520//2520
f 2520//2520 2648//2648 2519//2519
f 2648//2648 2647//2647 2519//2519
f 2519//2519 2647//2647 2518//2518
f 2647//2647 2646//2646 2518//2518
f 2518//2518 2646//2646 2517//2517
f 2646//2646 2645//2645 2517//2517
f 2517//2517 2645//2645 2516//2516
f 2645//2645 2644//2644 2516//2516
f 2516//2516 2644//2644 2515//2515
f 2644//2644 2643//2643 2515//2515
f 2515//2515 2643//2643 2514//2514
f 2643//2643 2642//2642 2514//2514
f 2514//2514 2642//2642 2513//2513
f 2642//2642 2641//2641 2513//2513
f 2513//2513 2641//2641 2512//2512
f 2641//2641 2640//2640 2512//2512
f 2512//2512 2640//2640 2511//2511
f 2629//2629 2628//2628 2500//2500
f 2606//2606 2605//2605 2477//2477
f 2500//2500 2628//2628 2499//2499
f 2499//2499 2627//2627 2498//2498
f 2487//2487 2615//2615 2486//2486
f 2615//2615 2614//2614 2486//2486
f 2486//2486 2614//2614 2485//2485
f 2614//2614 2613//2613 2485//2485
f 2485//2485 2613//2613 2484//2484
f 2613//2613 2612//2612 2484//2484
f 2484//2484 2612//2612 2483//2483
f 2612//2612 2611//2611 2483//2483
f 2616//2616 2615//2615 2487//2487
f 2483//2483 2611//2611 2482//2482
f 2482//2482 2610//2610 2481//2481
f 2610//2610 2609//2609 2481//2481
f 2481//2481 2609//2609 2480//2480
f 2609//2609 2608//2608 2480//2480
f 2480//2480 2608//2608 2479//2479
f 2608//2608 2607//2607 2479//2479
f 2479//2479 2607//2607 2478//2478
f 2607//2607 2606//2606 2478//2478
f 2611//2611 2610//2610 2482//2482
f 2488//2488 2616//2616 2487//2487
f 2617//2617 2616//2616 2488//2488
f 2489//2489 2617//2617 2488//2488
f 2627//2627 2626//2626 2498//2498
f 2498//2498 2626//2626 2497//2497
f 2626//2626 2625//2625 2497//2497
f 2497//2497 2625//2625 2496//2496
f 2625//2625 2624//2624 2496//2496
f 2496//2496 2624//2624 2495//2495
f 2624//2624 2623//2623 2495//2495
f 2495//2495 2623//2623 2494//2494
f 2623//2623 2622//2622 2494//2494
f 2494//2494 2622//2622 2493//2493
f 2622//2622 2621//2621 2493//2493
f 2493//2493 2621//2621 2492//2492
f 2621//2621 2620//2620 2492//2492
f 2492//2492 2620//2620 2491//2491
f 2620//2620 2619//2619 2491//2491
f 2491//2491 2619//2619 2490//2490
f 2619//2619 2618//2618 2490//2490
f 2490//2490 2618//2618 2489//2489
f 2618//2618 2617//2617 2489//2489
f 2628//2628 2627//2627 2499//2499
f 2433//2433 2560//2560 2432//2432
f 2432//2432 2560//2560 2431//2431
f 2560//2560 2559//2559 2431//2431
f 2374//2374 2502//2502 2373//2373
f 2502//2502 2501//2501 2373//2373
f 2373//2373 2501//2501 2372//2372
f 2501//2501 2500//2500 2372//2372
f 2372//2372 2500//2500 2371//2371
f 2500//2500 2499//2499 2371//2371
f 2371//2371 2499//2499 2370//2370
f 2499//2499 2498//2498 2370//2370
f 2503//2503 2502//2502 2374//2374
f 2370//2370 2498//2498 2369//2369
f 2369//2369 2497//2497 2368//2368
f 2497//2497 2496//2496 2368//2368
f 2368//2368 2496//2496 2367//2367
f 2496//2496 2495//2495 2367//2367
f 2367//2367 2495//2495 2366//2366
f 2495//2495 2494//2494 2366//2366
f 2366//2366 2494//2494 2365//2365
f 2494//2494 2493//2493 2365//2365
f 2498//2498 2497//2497 2369//2369
f 2375//2375 2503//2503 2374//2374
f 2504//2504 2503//2503 2375//2375
f 2376//2376 2504//2504 2375//2375
f 2514//2514 2513//2513 2385//2385
f 2385//2385 2513//2513 2384//2384
f 2513//2513 2512//2512 2384//2384
f 2384//2384 2512//2512 2383//2383
f 2512//2512 2511//2511 2383//2383
f 2383//2383 2511//2511 2382//2382
f 2511//2511 2510//2510 2382//2382
f 2382//2382 2510//2510 2381//2381
f 2510//2510 2509//2509 2381//2381
f 2381//2381 2509//2509 2380//2380
f 2509//2509 2508//2508 2380//2380
f 2380//2380 2508//2508 2379//2379
f 2508//2508 2507//2507 2379//2379
f 2379//2379 2507//2507 2378//2378
f 2507//2507 2506//2506 2378//2378
f 2378//2378 2506//2506 2377//2377
f 2506//2506 2505//2505 2377//2377
f 2377//2377 2505//2505 2376//2376
f 2505//2505 2504//2504 2376//2376
f 2365//2365 2493//2493 2364//2364
f 2386//2386 2514//2514 2385//2385
f 2493//2493 2492//2492 2364//2364
f 2492//2492 2491//2491 2363//2363
f 2480//2480 2479//2479 2351//2351
f 2351//2351 2479//2479 2350//2350
f 2479//2479 2478//2478 2350//2350
f 2350//2350 2478//2478 2349//2349
f 2478//2478 2477//2477 2349//2349
f 2349//2349 2477//2477 2348//2348
f 2477//2477 2476//2476 2348//2348
f 2348//2348 2476//2476 2347//2347
f 2352//2352 2480//2480 2351//2351
f 2476//2476 2475//2475 2347//2347
f 2475//2475 2474//2474 2346//2346
f 2346//2346 2474//2474 2345//2345
f 2474//2474 2473//2473 2345//2345
f 2345//2345 2473//2473 2344//2344
f 2473//2473 2472//2472 2344//2344
f 2344//2344 2472//2472 2343//2343
f 2472//2472 2471//2471 2343//2343
f 2343//2343 2471//2471 2342//2342
f 2347//2347 2475//2475 2346//2346
f 2481//2481 2480//2480 2352//2352
f 2353//2353 2481//2481 2352//2352
f 2482//2482 2481//2481 2353//2353
f 2363//2363 2491//2491 2362//2362
f 2491//2491 2490//2490 2362//2362
f 2362//2362 2490//2490 2361//2361
f 2490//2490 2489//2489 2361//2361
f 2361//2361 2489//2489 2360//2360
f 2489//2489 2488//2488 2360//2360
f 2360//2360 2488//2488 2359//2359
f 2488//2488 2487//2487 2359//2359
f 2359//2359 2487//2487 2358//2358
f 2487//2487 2486//2486 2358//2358
f 2358//2358 2486//2486 2357//2357
f 2486//2486 2485//2485 2357//2357
f 2357//2357 2485//2485 2356//2356
f 2485//2485 2484//2484 2356//2356
f 2356//2356 2484//2484 2355//2355
f 2484//2484 2483//2483 2355//2355
f 2355//2355 2483//2483 2354//2354
f 2483//2483 2482//2482 2354//2354
f 2354//2354 2482//2482 2353//2353
f 2364//2364 2492//2492 2363//2363
f 2515//2515 2514//2514 2386//2386
f 2387//2387 2515//2515 2386//2386
f 2516//2516 2515//2515 2387//2387
f 2548//2548 2547//2547 2419//2419
f 2419//2419 2547//2547 2418//2418
f 2547//2547 2546//2546 2418//2418
f 2418//2418 2546//2546 2417//2417
f 2546//2546 2545//2545 2417//2417
f 2417//2417 2545//2545 2416//2416
f 2545//2545 2544//2544 2416//2416
f 2416//2416 2544//2544 2415//2415
f 2420//2420 2548//2548 2419//2419
f 2544//2544 2543//2543 2415//2415
f 2543//2543 2542//2542 2414//2414
f 2414//2414 2542//2542 2413//2413
f 2542//2542 2541//2541 2413//2413
f 2413//2413 2541//2541 2412//2412
f 2541//2541 2540//2540 2412//2412
f 2412//2412 2540//2540 2411//2411
f 2540//2540 2539//2539 2411//2411
f 2411//2411 2539//2539 2410//2410
f 2415//2415 2543//2543 2414//2414
f 2549//2549 2548//2548 2420//2420
f 2421//2421 2549//2549 2420//2420
f 2550//2550 2549//2549 2421//2421
f 2431//2431 2559//2559 2430//2430
f 2559//2559 2558//2558 2430//2430
f 2430//2430 2558//2558 2429//2429
f 2558//2558 2557//2557 2429//2429
f 2429//2429 2557//2557 2428//2428
f 2557//2557 2556//2556 2428//2428
f 2428//2428 2556//2556 2427//2427
f 2556//2556 2555//2555 2427//2427
f 2427//2427 2555//2555 2426//2426
f 2555//2555 2554//2554 2426//2426
f 2426//2426 2554//2554 2425//2425
f 2554//2554 2553//2553 2425//2425
f 2425//2425 2553//2553 2424//2424
f 2553//2553 2552//2552 2424//2424
f 2424//2424 2552//2552 2423//2423
f 2552//2552 2551//2551 2423//2423
f 2423//2423 2551//2551 2422//2422
f 2551//2551 2550//2550 2422//2422
f 2422//2422 2550//2550 2421//2421
f 2539//2539 2538//2538 2410//2410
f 2410//2410 2538//2538 2409//2409
f 2538//2538 2537//2537 2409//2409
f 2409//2409 2537//2537 2408//2408
f 2397//2397 2525//2525 2396//2396
f 2525//2525 2524//2524 2396//2396
f 2396//2396 2524//2524 2395//2395
f 2524//2524 2523//2523 2395//2395
f 2395//2395 2523//2523 2394//2394
f 2523//2523 2522//2522 2394//2394
f 2394//2394 2522//2522 2393//2393
f 2522//2522 2521//2521 2393//2393
f 2393//2393 2521//2521 2392//2392
f 2521//2521 2520//2520 2392//2392
f 2392//2392 2520//2520 2391//2391
f 2520//2520 2519//2519 2391//2391
f 2391//2391 2519//2519 2390//2390
f 2519//2519 2518//2518 2390//2390
f 2390//2390 2518//2518 2389//2389
f 2518//2518 2517//2517 2389//2389
f 2389//2389 2517//2517 2388//2388
f 2517//2517 2516//2516 2388//2388
f 2388//2388 2516//2516 2387//2387
f 2526//2526 2525//2525 2397//2397
f 1442//1442 1570//1570 1441//1441
f 2398//2398 2526//2526 2397//2397
f 2399//2399 2527//2527 2398//2398
f 2537//2537 2536//2536 2408//2408
f 2408//2408 2536//2536 2407//2407
f 2536//2536 2535//2535 2407//2407
f 2407//2407 2535//2535 2406//2406
f 2535//2535 2534//2534 2406//2406
f 2406//2406 2534//2534 2405//2405
f 2534//2534 2533//2533 2405//2405
f 2405//2405 2533//2533 2404//2404
f 2533//2533 2532//2532 2404//2404
f 2404//2404 2532//2532 2403//2403
f 2532//2532 2531//2531 2403//2403
f 2403//2403 2531//2531 2402//2402
f 2531//2531 2530//2530 2402//2402
f 2402//2402 2530//2530 2401//2401
f 2530//2530 2529//2529 2401//2401
f 2401//2401 2529//2529 2400//2400
f 2529//2529 2528//2528 2400//2400
f 2400//2400 2528//2528 2399//2399
f 2528//2528 2527//2527 2399//2399
f 2527//2527 2526//2526 2398//2398
f 1570//1570 1569//1569 1441//1441
f 1473//1473 1601//1601 1472//1472
f 1569//1569 1568//1568 1440//1440
f 612//612 611//611 483//483
f 483//483 611//611 482//482
f 611//611 610//610 482//482
f 482//482 610//610 481//481
f 610//610 609//609 481//481
f 481//481 609//609 480//480
f 609//609 608//608 480//480
f 480//480 608//608 479//479
f 484//484 612//612 483//483
f 608//608 607//607 479//479
f 607//607 606//606 478//478
f 478//478 606//606 477//477
f 606//606 605//605 477//477
f 477//477 605//605 476//476
f 605//605 604//604 476//476
f 476//476 604//604 475//475
f 604//604 603//603 475//475
f 475//475 603//603 474//474
f 479//479 607//607 478//478
f 613//613 612//612 484//484
f 485//485 613//613 484//484
f 614//614 613//613 485//485
f 495//495 623//623 494//494
f 623//623 622//622 494//494
f 494//494 622//622 493//493
f 622//622 621//621 493//493
f 493//493 621//621 492//492
f 621//621 620//620 492//492
f 492//492 620//620 491//491
f 620//620 619//619 491//491
f 491//491 619//619 490//490
f 619//619 618//618 490//490
f 490//490 618//618 489//489
f 618//618 617//617 489//489
f 489//489 617//617 488//488
f 617//617 616//616 488//488
f 488//488 616//616 487//487
f 616//616 615//615 487//487
f 487//487 615//615 486//486
f 615//615 614//614 486//486
f 486//486 614//614 485//485
f 603//603 602//602 474//474
f 624//624 623//623 495//495
f 474//474 602//602 473//473
f 473//473 601//601 472//472
f 461//461 589//589 460//460
f 589//589 588//588 460//460
f 460//460 588//588 459//459
f 588//588 587//587 459//459
f 459//459 587//587 458//458
f 587//587 586//586 458//458
f 458//458 586//586 457//457
f 586//586 585//585 457//457
f 590//590 589//589 461//461
f 457//457 585//585 456//456
f 456//456 584//584 455//455
f 584//584 583//583 455//455
f 455//455 583//583 454//454
f 583//583 582//582 454//454
f 454//454 582//582 453//453
f 582//582 581//581 453//453
f 453//453 581//581 452//452
f 581//581 580//580 452//452
f 585//585 584//584 456//456
f 462//462 590//590 461//461
f 591//591 590//590 462//462
f 463//463 591//591 462//462
f 601//601 600//600 472//472
f 472//472 600//600 471//471
f 600//600 599//599 471//471
f 471//471 599//599 470//470
f 599//599 598//598 470//470
f 470//470 598//598 469//469
f 598//598 597//597 469//469
f 469//469 597//597 468//468
f 597//597 596//596 468//468
f 468//468 596//596 467//467
f 596//596 595//595 467//467
f 467//467 595//595 466//466
f 595//595 594//594 466//466
f 466//466 594//594 465//465
f 594//594 593//593 465//465
f 465//465 593//593 464//464
f 593//593 592//592 464//464
f 464//464 592//592 463//463
f 592//592 591//591 463//463
f 602//602 601//601 473//473
f 452//452 580//580 451//451
f 496//496 624//624 495//495
f 497//497 625//625 496//496
f 657//657 656//656 528//528
f 528//528 656//656 527//527
f 656//656 655//655 527//527
f 527//527 655//655 526//526
f 655//655 654//654 526//526
f 526//526 654//654 525//525
f 654//654 653//653 525//525
f 525//525 653//653 524//524
f 529//529 657//657 528//528
f 653//653 652//652 524//524
f 652//652 651//651 523//523
f 523//523 651//651 522//522
f 651//651 650//650 522//522
f 522//522 650//650 521//521
f 650//650 649//649 521//521
f 521//521 649//649 520//520
f 649//649 648//648 520//520
f 520//520 648//648 519//519
f 524//524 652//652 523//523
f 658//658 657//657 529//529
f 530//530 658//658 529//529
f 659//659 658//658 530//530
f 540//540 668//668 539//539
f 668//668 667//667 539//539
f 539//539 667//667 538//538
f 667//667 666//666 538//538
f 538//538 666//666 537//537
f 666//666 665//665 537//537
f 537//537 665//665 536//536
f 665//665 664//664 536//536
f 536//536 664//664 535//535
f 664//664 663//663 535//535
f 535//535 663//663 534//534
f 663//663 662//662 534//534
f 534//534 662//662 533//533
f 662//662 661//661 533//533
f 533//533 661//661 532//532
f 661//661 660//660 532//532
f 532//532 660//660 531//531
f 660//660 659//659 531//531
f 531//531 659//659 530//530
f 648//648 647//647 519//519
f 625//625 624//624 496//496
f 519//519 647//647 518//518
f 518//518 646//646 517//517
f 506//506 634//634 505//505
f 634//634 633//633 505//505
f 505//505 633//633 504//504
f 633//633 632//632 504//504
f 504//504 632//632 503//503
f 632//632 631//631 503//503
f 503//503 631//631 502//502
f 631//631 630//630 502//502
f 635//635 634//634 506//506
f 502//502 630//630 501//501
f 501//501 629//629 500//500
f 629//629 628//628 500//500
f 500//500 628//628 499//499
f 628//628 627//627 499//499
f 499//499 627//627 498//498
f 627//627 626//626 498//498
f 498//498 626//626 497//497
f 626//626 625//625 497//497
f 630//630 629//629 501//501
f 507//507 635//635 506//506
f 636//636 635//635 507//507
f 508//508 636//636 507//507
f 646//646 645//645 517//517
f 517//517 645//645 516//516
f 645//645 644//644 516//516
f 516//516 644//644 515//515
f 644//644 643//643 515//515
f 515//515 643//643 514//514
f 643//643 642//642 514//514
f 514//514 642//642 513//513
f 642//642 641//641 513//513
f 385//385 513//513 512//512
f 513//513 640//640 512//512
f 512//512 640//640 511//511
f 640//640 639//639 511//511
f 511//511 639//639 510//510
f 639//639 638//638 510//510
f 510//510 638//638 509//509
f 638//638 637//637 509//509
f 509//509 637//637 508//508
f 637//637 636//636 508//508
f 647//647 646//646 518//518
f 669//669 668//668 540//540
f 580//580 579//579 451//451
f 579//579 578//578 450//450
f 522//522 521//521 393//393
f 393//393 521//521 392//392
f 521//521 520//520 392//392
f 392//392 520//520 391//391
f 520//520 519//519 391//391
f 391//391 519//519 390//390
f 519//519 518//518 390//390
f 390//390 518//518 389//389
f 394//394 522//522 393//393
f 518//518 517//517 389//389
f 517//517 516//516 388//388
f 388//388 516//516 387//387
f 516//516 515//515 387//387
f 387//387 515//515 386//386
f 515//515 514//514 386//386
f 386//386 514//514 385//385
f 514//514 513//513 385//385
f 257//257 385//385 384//384
f 389//389 517//517 388//388
f 523//523 522//522 394//394
f 395//395 523//523 394//394
f 524//524 523//523 395//395
f 405//405 533//533 404//404
f 533//533 532//532 404//404
f 404//404 532//532 403//403
f 532//532 531//531 403//403
f 403//403 531//531 402//402
f 531//531 530//530 402//402
f 402//402 530//530 401//401
f 530//530 529//529 401//401
f 401//401 529//529 400//400
f 529//529 528//528 400//400
f 400//400 528//528 399//399
f 528//528 527//527 399//399
f 399//399 527//527 398//398
f 527//527 526//526 398//398
f 398//398 526//526 397//397
f 526//526 525//525 397//397
f 397//397 525//525 396//396
f 525//525 524//524 396//396
f 396//396 524//524 395//395
f 385//385 512//512 384//384
f 534//534 533//533 405//405
f 384//384 512//512 383//383
f 383//383 511//511 382//382
f 371//371 499//499 370//370
f 499//499 498//498 370//370
f 370//370 498//498 369//369
f 498//498 497//497 369//369
f 369//369 497//497 368//368
f 497//497 496//496 368//368
f 368//368 496//496 367//367
f 496//496 495//495 367//367
f 500//500 499//499 371//371
f 367//367 495//495 366//366
f 366//366 494//494 365//365
f 494//494 493//493 365//365
f 365//365 493//493 364//364
f 493//493 492//492 364//364
f 364//364 492//492 363//363
f 492//492 491//491 363//363
f 363//363 491//491 362//362
f 491//491 490//490 362//362
f 495//495 494//494 366//366
f 372//372 500//500 371//371
f 501//501 500//500 372//372
f 373//373 501//501 372//372
f 511//511 510//510 382//382
f 382//382 510//510 381//381
f 510//510 509//509 381//381
f 381//381 509//509 380//380
f 509//509 508//508 380//380
f 380//380 508//508 379//379
f 508//508 507//507 379//379
f 379//379 507//507 378//378
f 507//507 506//506 378//378
f 378//378 506//506 377//377
f 506//506 505//505 377//377
f 377//377 505//505 376//376
f 505//505 504//504 376//376
f 376//376 504//504 375//375
f 504//504 503//503 375//375
f 375//375 503//503 374//374
f 503//503 502//502 374//374
f 374//374 502//502 373//373
f 502//502 501//501 373//373
f 512//512 511//511 383//383
f 451//451 579//579 450//450
f 406//406 534//534 405//405
f 407//407 535//535 406//406
f 567//567 566//566 438//438
f 438//438 566//566 437//437
f 566//566 565//565 437//437
f 437//437 565//565 436//436
f 565//565 564//564 436//436
f 436//436 564//564 435//435
f 564//564 563//563 435//435
f 435//435 563//563 434//434
f 439//439 567//567 438//438
f 563//563 562//562 434//434
f 562//562 561//561 433//433
f 433//433 561//561 432//432
f 561//561 560//560 432//432
f 432//432 560//560 431//431
f 560//560 559//559 431//431
f 431//431 559//559 430//430
f 559//559 558//558 430//430
f 430//430 558//558 429//429
f 434//434 562//562 433//433
f 568//568 567//567 439//439
f 440//440 568//568 439//439
f 569//569 568//568 440//440
f 450//450 578//578 449//449
f 578//578 577//577 449//449
f 449//449 577//577 448//448
f 577//577 576//576 448//448
f 448//448 576//576 447//447
f 576//576 575//575 447//447
f 447//447 575//575 446//446
f 575//575 574//574 446//446
f 446//446 574//574 445//445
f 574//574 573//573 445//445
f 445//445 573//573 444//444
f 573//573 572//572 444//444
f 444//444 572//572 443//443
f 572//572 571//571 443//443
f 443//443 571//571 442//442
f 571//571 570//570 442//442
f 442//442 570//570 441//441
f 570//570 569//569 441//441
f 441//441 569//569 440//440
f 558//558 557//557 429//429
f 535//535 534//534 406//406
f 429//429 557//557 428//428
f 428//428 556//556 427//427
f 416//416 544//544 415//415
f 544//544 543//543 415//415
f 415//415 543//543 414//414
f 543//543 542//542 414//414
f 414//414 542//542 413//413
f 542//542 541//541 413//413
f 413//413 541//541 412//412
f 541//541 540//540 412//412
f 545//545 544//544 416//416
f 412//412 540//540 411//411
f 411//411 539//539 410//410
f 539//539 538//538 410//410
f 410//410 538//538 409//409
f 538//538 537//537 409//409
f 409//409 537//537 408//408
f 537//537 536//536 408//408
f 408//408 536//536 407//407
f 536//536 535//535 407//407
f 540//540 539//539 411//411
f 417//417 545//545 416//416
f 546//546 545//545 417//417
f 418//418 546//546 417//417
f 556//556 555//555 427//427
f 427//427 555//555 426//426
f 555//555 554//554 426//426
f 426//426 554//554 425//425
f 554//554 553//553 425//425
f 425//425 553//553 424//424
f 553//553 552//552 424//424
f 424//424 552//552 423//423
f 552//552 551//551 423//423
f 423//423 551//551 422//422
f 551//551 550//550 422//422
f 422//422 550//550 421//421
f 550//550 549//549 421//421
f 421//421 549//549 420//420
f 549//549 548//548 420//420
f 420//420 548//548 419//419
f 548//548 547//547 419//419
f 419//419 547//547 418//418
f 547//547 546//546 418//418
f 557//557 556//556 428//428
f 362//362 490//490 361//361
f 541//541 669//669 540//540
f 542//542 670//670 541//541
f 792//792 791//791 663//663
f 663//663 791//791 662//662
f 791//791 790//790 662//662
f 662//662 790//790 661//661
f 790//790 789//789 661//661
f 661//661 789//789 660//660
f 789//789 788//788 660//660
f 660//660 788//788 659//659
f 664//664 792//792 663//663
f 788//788 787//787 659//659
f 787//787 786//786 658//658
f 658//658 786//786 657//657
f 786//786 785//785 657//657
f 657//657 785//785 656//656
f 785//785 784//784 656//656
f 656//656 784//784 655//655
f 784//784 783//783 655//655
f 655//655 783//783 654//654
f 659//659 787//787 658//658
f 793//793 792//792 664//664
f 665//665 793//793 664//664
f 794//794 793//793 665//665
f 675//675 803//803 674//674
f 803//803 802//802 674//674
f 674//674 802//802 673//673
f 802//802 801//801 673//673
f 673//673 801//801 672//672
f 801//801 800//800 672//672
f 672//672 800//800 671//671
f 800//800 799//799 671//671
f 671//671 799//799 670//670
f 799//799 798//798 670//670
f 670//670 798//798 669//669
f 798//798 797//797 669//669
f 669//669 797//797 668//668
f 797//797 796//796 668//668
f 668//668 796//796 667//667
f 796//796 795//795 667//667
f 667//667 795//795 666//666
f 795//795 794//794 666//666
f 666//666 794//794 665//665
f 783//783 782//782 654//654
f 804//804 803//803 675//675
f 654//654 782//782 653//653
f 653//653 781//781 652//652
f 513//513 641//641 640//640
f 641//641 768//768 640//640
f 640//640 768//768 639//639
f 768//768 767//767 639//639
f 639//639 767//767 638//638
f 767//767 766//766 638//638
f 638//638 766//766 637//637
f 766//766 765//765 637//637
f 770//770 769//769 641//641
f 637//637 765//765 636//636
f 636//636 764//764 635//635
f 764//764 763//763 635//635
f 635//635 763//763 634//634
f 763//763 762//762 634//634
f 634//634 762//762 633//633
f 762//762 761//761 633//633
f 633//633 761//761 632//632
f 761//761 760//760 632//632
f 765//765 764//764 636//636
f 642//642 770//770 641//641
f 771//771 770//770 642//642
f 643//643 771//771 642//642
f 781//781 780//780 652//652
f 652//652 780//780 651//651
f 780//780 779//779 651//651
f 651//651 779//779 650//650
f 779//779 778//778 650//650
f 650//650 778//778 649//649
f 778//778 777//777 649//649
f 649//649 777//777 648//648
f 777//777 776//776 648//648
f 648//648 776//776 647//647
f 776//776 775//775 647//647
f 647//647 775//775 646//646
f 775//775 774//774 646//646
f 646//646 774//774 645//645
f 774//774 773//773 645//645
f 645//645 773//773 644//644
f 773//773 772//772 644//644
f 644//644 772//772 643//643
f 772//772 771//771 643//643
f 782//782 781//781 653//653
f 632//632 760//760 631//631
f 676//676 804//804 675//675
f 677//677 805//805 676//676
f 837//837 836//836 708//708
f 708//708 836//836 707//707
f 836//836 835//835 707//707
f 707//707 835//835 706//706
f 835//835 834//834 706//706
f 706//706 834//834 705//705
f 834//834 833//833 705//705
f 705//705 833//833 704//704
f 709//709 837//837 708//708
f 833//833 832//832 704//704
f 832//832 831//831 703//703
f 703//703 831//831 702//702
f 831//831 830//830 702//702
f 702//702 830//830 701//701
f 830//830 829//829 701//701
f 701//701 829//829 700//700
f 829//829 828//828 700//700
f 700//700 828//828 699//699
f 704//704 832//832 703//703
f 838//838 837//837 709//709
f 710//710 838//838 709//709
f 839//839 838//838 710//710
f 720//720 848//848 719//719
f 848//848 847//847 719//719
f 719//719 847//847 718//718
f 847//847 846//846 718//718
f 718//718 846//846 717//717
f 846//846 845//845 717//717
f 717//717 845//845 716//716
f 845//845 844//844 716//716
f 716//716 844//844 715//715
f 844//844 843//843 715//715
f 715//715 843//843 714//714
f 843//843 842//842 714//714
f 714//714 842//842 713//713
f 842//842 841//841 713//713
f 713//713 841//841 712//712
f 841//841 840//840 712//712
f 712//712 840//840 711//711
f 840//840 839//839 711//711
f 711//711 839//839 710//710
f 828//828 827//827 699//699
f 805//805 804//804 676//676
f 699//699 827//827 698//698
f 698//698 826//826 697//697
f 686//686 814//814 685//685
f 814//814 813//813 685//685
f 685//685 813//813 684//684
f 813//813 812//812 684//684
f 684//684 812//812 683//683
f 812//812 811//811 683//683
f 683//683 811//811 682//682
f 811//811 810//810 682//682
f 815//815 814//814 686//686
f 682//682 810//810 681//681
f 681//681 809//809 680//680
f 809//809 808//808 680//680
f 680//680 808//808 679//679
f 808//808 807//807 679//679
f 679//679 807//807 678//678
f 807//807 806//806 678//678
f 678//678 806//806 677//677
f 806//806 805//805 677//677
f 810//810 809//809 681//681
f 687//687 815//815 686//686
f 816//816 815//815 687//687
f 688//688 816//816 687//687
f 826//826 825//825 697//697
f 697//697 825//825 696//696
f 825//825 824//824 696//696
f 696//696 824//824 695//695
f 824//824 823//823 695//695
f 695//695 823//823 694//694
f 823//823 822//822 694//694
f 694//694 822//822 693//693
f 822//822 821//821 693//693
f 693//693 821//821 692//692
f 821//821 820//820 692//692
f 692//692 820//820 691//691
f 820//820 819//819 691//691
f 691//691 819//819 690//690
f 819//819 818//818 690//690
f 690//690 818//818 689//689
f 1441//1441 1569//1569 1440//1440
f 689//689 817//817 688//688
f 817//817 816//816 688//688
f 827//827 826//826 698//698
f 670//670 669//669 541//541
f 760//760 759//759 631//631
f 759//759 758//758 630//630
f 702//702 701//701 573//573
f 573//573 701//701 572//572
f 701//701 700//700 572//572
f 572//572 700//700 571//571
f 700//700 699//699 571//571
f 571//571 699//699 570//570
f 699//699 698//698 570//570
f 570//570 698//698 569//569
f 574//574 702//702 573//573
f 698//698 697//697 569//569
f 697//697 696//696 568//568
f 568//568 696//696 567//567
f 696//696 695//695 567//567
f 567//567 695//695 566//566
f 695//695 694//694 566//566
f 566//566 694//694 565//565
f 694//694 693//693 565//565
f 565//565 693//693 564//564
f 569//569 697//697 568//568
f 703//703 702//702 574//574
f 575//575 703//703 574//574
f 704//704 703//703 575//575
f 585//585 713//713 584//584
f 713//713 712//712 584//584
f 584//584 712//712 583//583
f 712//712 711//711 583//583
f 583//583 711//711 582//582
f 711//711 710//710 582//582
f 582//582 710//710 581//581
f 710//710 709//709 581//581
f 581//581 709//709 580//580
f 709//709 708//708 580//580
f 580//580 708//708 579//579
f 708//708 707//707 579//579
f 579//579 707//707 578//578
f 707//707 706//706 578//578
f 578//578 706//706 577//577
f 706//706 705//705 577//577
f 577//577 705//705 576//576
f 705//705 704//704 576//576
f 576//576 704//704 575//575
f 693//693 692//692 564//564
f 714//714 713//713 585//585
f 564//564 692//692 563//563
f 563//563 691//691 562//562
f 551//551 679//679 550//550
f 679//679 678//678 550//550
f 550//550 678//678 549//549
f 678//678 677//677 549//549
f 549//549 677//677 548//548
f 677//677 676//676 548//548
f 548//548 676//676 547//547
f 676//676 675//675 547//547
f 680//680 679//679 551//551
f 547//547 675//675 546//546
f 546//546 674//674 545//545
f 674//674 673//673 545//545
f 545//545 673//673 544//544
f 673//673 672//672 544//544
f 544//544 672//672 543//543
f 672//672 671//671 543//543
f 543//543 671//671 542//542
f 671//671 670//670 542//542
f 675//675 674//674 546//546
f 552//552 680//680 551//551
f 681//681 680//680 552//552
f 553//553 681//681 552//552
f 691//691 690//690 562//562
f 562//562 690//690 561//561
f 690//690 689//689 561//561
f 561//561 689//689 560//560
f 689//689 688//688 560//560
f 560//560 688//688 559//559
f 688//688 687//687 559//559
f 559//559 687//687 558//558
f 687//687 686//686 558//558
f 558//558 686//686 557//557
f 686//686 685//685 557//557
f 557//557 685//685 556//556
f 685//685 684//684 556//556
f 556//556 684//684 555//555
f 684//684 683//683 555//555
f 555//555 683//683 554//554
f 683//683 682//682 554//554
f 554//554 682//682 553//553
f 682//682 681//681 553//553
f 692//692 691//691 563//563
f 631//631 759//759 630//630
f 586//586 714//714 585//585
f 587//587 715//715 586//586
f 747//747 746//746 618//618
f 618//618 746//746 617//617
f 746//746 745//745 617//617
f 617//617 745//745 616//616
f 745//745 744//744 616//616
f 616//616 744//744 615//615
f 744//744 743//743 615//615
f 615//615 743//743 614//614
f 619//619 747//747 618//618
f 743//743 742//742 614//614
f 742//742 741//741 613//613
f 613//613 741//741 612//612
f 741//741 740//740 612//612
f 612//612 740//740 611//611
f 740//740 739//739 611//611
f 611//611 739//739 610//610
f 739//739 738//738 610//610
f 610//610 738//738 609//609
f 614//614 742//742 613//613
f 748//748 747//747 619//619
f 620//620 748//748 619//619
f 749//749 748//748 620//620
f 630//630 758//758 629//629
f 758//758 757//757 629//629
f 629//629 757//757 628//628
f 757//757 756//756 628//628
f 628//628 756//756 627//627
f 756//756 755//755 627//627
f 627//627 755//755 626//626
f 755//755 754//754 626//626
f 626//626 754//754 625//625
f 754//754 753//753 625//625
f 625//625 753//753 624//624
f 753//753 752//752 624//624
f 624//624 752//752 623//623
f 752//752 751//751 623//623
f 623//623 751//751 622//622
f 751//751 750//750 622//622
f 622//622 750//750 621//621
f 750//750 749//749 621//621
f 621//621 749//749 620//620
f 738//738 737//737 609//609
f 715//715 714//714 586//586
f 609//609 737//737 608//608
f 608//608 736//736 607//607
f 596//596 724//724 595//595
f 724//724 723//723 595//595
f 595//595 723//723 594//594
f 723//723 722//722 594//594
f 594//594 722//722 593//593
f 722//722 721//721 593//593
f 593//593 721//721 592//592
f 721//721 720//720 592//592
f 725//725 724//724 596//596
f 592//592 720//720 591//591
f 591//591 719//719 590//590
f 719//719 718//718 590//590
f 590//590 718//718 589//589
f 718//718 717//717 589//589
f 589//589 717//717 588//588
f 717//717 716//716 588//588
f 588//588 716//716 587//587
f 716//716 715//715 587//587
f 720//720 719//719 591//591
f 597//597 725//725 596//596
f 726//726 725//725 597//597
f 598//598 726//726 597//597
f 736//736 735//735 607//607
f 607//607 735//735 606//606
f 735//735 734//734 606//606
f 606//606 734//734 605//605
f 734//734 733//733 605//605
f 605//605 733//733 604//604
f 733//733 732//732 604//604
f 604//604 732//732 603//603
f 732//732 731//731 603//603
f 603//603 731//731 602//602
f 731//731 730//730 602//602
f 602//602 730//730 601//601
f 730//730 729//729 601//601
f 601//601 729//729 600//600
f 729//729 728//728 600//600
f 600//600 728//728 599//599
f 728//728 727//727 599//599
f 599//599 727//727 598//598
f 727//727 726//726 598//598
f 737//737 736//736 608//608
f 490//490 489//489 361//361
f 361//361 489//489 360//360
f 489//489 488//488 360//360
f 123//123 251//251 122//122
f 251//251 250//250 122//122
f 122//122 250//250 121//121
f 250//250 249//249 121//121
f 121//121 249//249 120//120
f 249//249 248//248 120//120
f 120//120 248//248 119//119
f 248//248 247//247 119//119
f 252//252 251//251 123//123
f 119//119 247//247 118//118
f 118//118 246//246 117//117
f 246//246 245//245 117//117
f 117//117 245//245 116//116
f 245//245 244//244 116//116
f 116//116 244//244 115//115
f 244//244 243//243 115//115
f 115//115 243//243 114//114
f 243//243 242//242 114//114
f 247//247 246//246 118//118
f 124//124 252//252 123//123
f 253//253 252//252 124//124
f 125//125 253//253 124//124
f 263//263 262//262 134//134
f 134//134 262//262 133//133
f 262//262 261//261 133//133
f 133//133 261//261 132//132
f 261//261 260//260 132//132
f 132//132 260//260 131//131
f 260//260 259//259 131//131
f 131//131 259//259 130//130
f 259//259 258//258 130//130
f 130//130 258//258 129//129
f 258//258 257//257 129//129
f 1//1 129//129 128//128
f 129//129 256//256 128//128
f 128//128 256//256 127//127
f 256//256 255//255 127//127
f 127//127 255//255 126//126
f 255//255 254//254 126//126
f 126//126 254//254 125//125
f 254//254 253//253 125//125
f 114//114 242//242 113//113
f 135//135 263//263 134//134
f 242//242 241//241 113//113
f 241//241 240//240 112//112
f 229//229 228//228 100//100
f 100//100 228//228 99//99
f 228//228 227//227 99//99
f 99//99 227//227 98//98
f 227//227 226//226 98//98
f 98//98 226//226 97//97
f 226//226 225//225 97//97
f 97//97 225//225 96//96
f 101//101 229//229 100//100
f 225//225 224//224 96//96
f 224//224 223//223 95//95
f 95//95 223//223 94//94
f 223//223 222//222 94//94
f 94//94 222//222 93//93
f 222//222 221//221 93//93
f 93//93 221//221 92//92
f 221//221 220//220 92//92
f 92//92 220//220 91//91
f 96//96 224//224 95//95
f 230//230 229//229 101//101
f 102//102 230//230 101//101
f 231//231 230//230 102//102
f 112//112 240//240 111//111
f 240//240 239//239 111//111
f 111//111 239//239 110//110
f 239//239 238//238 110//110
f 110//110 238//238 109//109
f 238//238 237//237 109//109
f 109//109 237//237 108//108
f 237//237 236//236 108//108
f 108//108 236//236 107//107
f 236//236 235//235 107//107
f 107//107 235//235 106//106
f 235//235 234//234 106//106
f 106//106 234//234 105//105
f 234//234 233//233 105//105
f 105//105 233//233 104//104
f 233//233 232//232 104//104
f 104//104 232//232 103//103
f 232//232 231//231 103//103
f 103//103 231//231 102//102
f 113//113 241//241 112//112
f 220//220 219//219 91//91
f 264//264 263//263 135//135
f 265//265 264//264 136//136
f 168//168 296//296 167//167
f 296//296 295//295 167//167
f 167//167 295//295 166//166
f 295//295 294//294 166//166
f 166//166 294//294 165//165
f 294//294 293//293 165//165
f 165//165 293//293 164//164
f 293//293 292//292 164//164
f 297//297 296//296 168//168
f 164//164 292//292 163//163
f 163//163 291//291 162//162
f 291//291 290//290 162//162
f 162//162 290//290 161//161
f 290//290 289//289 161//161
f 161//161 289//289 160//160
f 289//289 288//288 160//160
f 160//160 288//288 159//159
f 288//288 287//287 159//159
f 292//292 291//291 163//163
f 169//169 297//297 168//168
f 298//298 297//297 169//169
f 170//170 298//298 169//169
f 308//308 307//307 179//179
f 179//179 307//307 178//178
f 307//307 306//306 178//178
f 178//178 306//306 177//177
f 306//306 305//305 177//177
f 177//177 305//305 176//176
f 305//305 304//304 176//176
f 176//176 304//304 175//175
f 304//304 303//303 175//175
f 175//175 303//303 174//174
f 303//303 302//302 174//174
f 174//174 302//302 173//173
f 302//302 301//301 173//173
f 173//173 301//301 172//172
f 301//301 300//300 172//172
f 172//172 300//300 171//171
f 300//300 299//299 171//171
f 171//171 299//299 170//170
f 299//299 298//298 170//170
f 159//159 287//287 158//158
f 136//136 264//264 135//135
f 287//287 286//286 158//158
f 286//286 285//285 157//157
f 274//274 273//273 145//145
f 145//145 273//273 144//144
f 273//273 272//272 144//144
f 144//144 272//272 143//143
f 272//272 271//271 143//143
f 143//143 271//271 142//142
f 271//271 270//270 142//142
f 142//142 270//270 141//141
f 146//146 274//274 145//145
f 270//270 269//269 141//141
f 269//269 268//268 140//140
f 140//140 268//268 139//139
f 268//268 267//267 139//139
f 139//139 267//267 138//138
f 267//267 266//266 138//138
f 138//138 266//266 137//137
f 266//266 265//265 137//137
f 137//137 265//265 136//136
f 141//141 269//269 140//140
f 275//275 274//274 146//146
f 147//147 275//275 146//146
f 276//276 275//275 147//147
f 157//157 285//285 156//156
f 285//285 284//284 156//156
f 156//156 284//284 155//155
f 284//284 283//283 155//155
f 155//155 283//283 154//154
f 283//283 282//282 154//154
f 154//154 282//282 153//153
f 282//282 281//281 153//153
f 153//153 281//281 152//152
f 281//281 280//280 152//152
f 152//152 280//280 151//151
f 280//280 279//279 151//151
f 151//151 279//279 150//150
f 279//279 278//278 150//150
f 150//150 278//278 149//149
f 278//278 277//277 149//149
f 149//149 277//277 148//148
f 277//277 276//276 148//148
f 148//148 276//276 147//147
f 158//158 286//286 157//157
f 180//180 308//308 179//179
f 91//91 219//219 90//90
f 90//90 218//218 89//89
f 33//33 161//161 32//32
f 161//161 160//160 32//32
f 32//32 160//160 31//31
f 160//160 159//159 31//31
f 31//31 159//159 30//30
f 159//159 158//158 30//30
f 30//30 158//158 29//29
f 158//158 157//157 29//29
f 162//162 161//161 33//33
f 29//29 157//157 28//28
f 28//28 156//156 27//27
f 156//156 155//155 27//27
f 27//27 155//155 26//26
f 155//155 154//154 26//26
f 26//26 154//154 25//25
f 154//154 153//153 25//25
f 25//25 153//153 24//24
f 153//153 152//152 24//24
f 157//157 156//156 28//28
f 34//34 162//162 33//33
f 163//163 162//162 34//34
f 35//35 163//163 34//34
f 173//173 172//172 44//44
f 44//44 172//172 43//43
f 172//172 171//171 43//43
f 43//43 171//171 42//42
f 171//171 170//170 42//42
f 42//42 170//170 41//41
f 170//170 169//169 41//41
f 41//41 169//169 40//40
f 169//169 168//168 40//40
f 40//40 168//168 39//39
f 168//168 167//167 39//39
f 39//39 167//167 38//38
f 167//167 166//166 38//38
f 38//38 166//166 37//37
f 166//166 165//165 37//37
f 37//37 165//165 36//36
f 165//165 164//164 36//36
f 36//36 164//164 35//35
f 164//164 163//163 35//35
f 24//24 152//152 23//23
f 45//45 173//173 44//44
f 152//152 151//151 23//23
f 151//151 150//150 22//22
f 139//139 138//138 10//10
f 10//10 138//138 9//9
f 138//138 137//137 9//9
f 9//9 137//137 8//8
f 137//137 136//136 8//8
f 8//8 136//136 7//7
f 136//136 135//135 7//7
f 7//7 135//135 6//6
f 11//11 139//139 10//10
f 135//135 134//134 6//6
f 134//134 133//133 5//5
f 5//5 133//133 4//4
f 133//133 132//132 4//4
f 4//4 132//132 3//3
f 132//132 131//131 3//3
f 3//3 131//131 2//2
f 131//131 130//130 2//2
f 2//2 130//130 1//1
f 6//6 134//134 5//5
f 140//140 139//139 11//11
f 12//12 140//140 11//11
f 141//141 140//140 12//12
f 22//22 150//150 21//21
f 150//150 149//149 21//21
f 21//21 149//149 20//20
f 149//149 148//148 20//20
f 20//20 148//148 19//19
f 148//148 147//147 19//19
f 19//19 147//147 18//18
f 147//147 146//146 18//18
f 18//18 146//146 17//17
f 146//146 145//145 17//17
f 17//17 145//145 16//16
f 145//145 144//144 16//16
f 16//16 144//144 15//15
f 144//144 143//143 15//15
f 15//15 143//143 14//14
f 143//143 142//142 14//14
f 14//14 142//142 13//13
f 142//142 141//141 13//13
f 13//13 141//141 12//12
f 23//23 151//151 22//22
f 219//219 218//218 90//90
f 174//174 173//173 45//45
f 175//175 174//174 46//46
f 78//78 206//206 77//77
f 206//206 205//205 77//77
f 77//77 205//205 76//76
f 205//205 204//204 76//76
f 76//76 204//204 75//75
f 204//204 203//203 75//75
f 75//75 203//203 74//74
f 203//203 202//202 74//74
f 207//207 206//206 78//78
f 74//74 202//202 73//73
f 73//73 201//201 72//72
f 201//201 200//200 72//72
f 72//72 200//200 71//71
f 200//200 199//199 71//71
f 71//71 199//199 70//70
f 199//199 198//198 70//70
f 70//70 198//198 69//69
f 198//198 197//197 69//69
f 202//202 201//201 73//73
f 79//79 207//207 78//78
f 208//208 207//207 79//79
f 80//80 208//208 79//79
f 218//218 217//217 89//89
f 89//89 217//217 88//88
f 217//217 216//216 88//88
f 88//88 216//216 87//87
f 216//216 215//215 87//87
f 87//87 215//215 86//86
f 215//215 214//214 86//86
f 86//86 214//214 85//85
f 214//214 213//213 85//85
f 85//85 213//213 84//84
f 213//213 212//212 84//84
f 84//84 212//212 83//83
f 212//212 211//211 83//83
f 83//83 211//211 82//82
f 211//211 210//210 82//82
f 82//82 210//210 81//81
f 210//210 209//209 81//81
f 81//81 209//209 80//80
f 209//209 208//208 80//80
f 69//69 197//197 68//68
f 46//46 174//174 45//45
f 197//197 196//196 68//68
f 196//196 195//195 67//67
f 184//184 183//183 55//55
f 55//55 183//183 54//54
f 183//183 182//182 54//54
f 54//54 182//182 53//53
f 182//182 181//181 53//53
f 53//53 181//181 52//52
f 181//181 180//180 52//52
f 52//52 180//180 51//51
f 56//56 184//184 55//55
f 180//180 179//179 51//51
f 179//179 178//178 50//50
f 50//50 178//178 49//49
f 178//178 177//177 49//49
f 49//49 177//177 48//48
f 177//177 176//176 48//48
f 48//48 176//176 47//47
f 176//176 175//175 47//47
f 47//47 175//175 46//46
f 51//51 179//179 50//50
f 185//185 184//184 56//56
f 57//57 185//185 56//56
f 186//186 185//185 57//57
f 67//67 195//195 66//66
f 195//195 194//194 66//66
f 66//66 194//194 65//65
f 194//194 193//193 65//65
f 65//65 193//193 64//64
f 193//193 192//192 64//64
f 64//64 192//192 63//63
f 192//192 191//191 63//63
f 63//63 191//191 62//62
f 191//191 190//190 62//62
f 62//62 190//190 61//61
f 190//190 189//189 61//61
f 61//61 189//189 60//60
f 189//189 188//188 60//60
f 60//60 188//188 59//59
f 188//188 187//187 59//59
f 59//59 187//187 58//58
f 187//187 186//186 58//58
f 58//58 186//186 57//57
f 68//68 196//196 67//67
f 309//309 308//308 180//180
f 181//181 309//309 180//180
f 310//310 309//309 181//181
f 432//432 431//431 303//303
f 303//303 431//431 302//302
f 431//431 430//430 302//302
f 302//302 430//430 301//301
f 430//430 429//429 301//301
f 301//301 429//429 300//300
f 429//429 428//428 300//300
f 300//300 428//428 299//299
f 304//304 432//432 303//303
f 428//428 427//427 299//299
f 427//427 426//426 298//298
f 298//298 426//426 297//297
f 426//426 425//425 297//297
f 297//297 425//425 296//296
f 425//425 424//424 296//296
f 296//296 424//424 295//295
f 424//424 423//423 295//295
f 295//295 423//423 294//294
f 299//299 427//427 298//298
f 433//433 432//432 304//304
f 305//305 433//433 304//304
f 434//434 433//433 305//305
f 315//315 443//443 314//314
f 443//443 442//442 314//314
f 314//314 442//442 313//313
f 442//442 441//441 313//313
f 313//313 441//441 312//312
f 441//441 440//440 312//312
f 312//312 440//440 311//311
f 440//440 439//439 311//311
f 311//311 439//439 310//310
f 439//439 438//438 310//310
f 310//310 438//438 309//309
f 438//438 437//437 309//309
f 309//309 437//437 308//308
f 437//437 436//436 308//308
f 308//308 436//436 307//307
f 436//436 435//435 307//307
f 307//307 435//435 306//306
f 435//435 434//434 306//306
f 306//306 434//434 305//305
f 423//423 422//422 294//294
f 444//444 443//443 315//315
f 294//294 422//422 293//293
f 293//293 421//421 292//292
f 281//281 409//409 280//280
f 409//409 408//408 280//280
f 280//280 408//408 279//279
f 408//408 407//407 279//279
f 279//279 407//407 278//278
f 407//407 406//406 278//278
f 278//278 406//406 277//277
f 406//406 405//405 277//277
f 410//410 409//409 281//281
f 277//277 405//405 276//276
f 276//276 404//404 275//275
f 404//404 403//403 275//275
f 275//275 403//403 274//274
f 403//403 402//402 274//274
f 274//274 402//402 273//273
f 402//402 401//401 273//273
f 273//273 401//401 272//272
f 401//401 400//400 272//272
f 405//405 404//404 276//276
f 282//282 410//410 281//281
f 411//411 410//410 282//282
f 283//283 411//411 282//282
f 421//421 420//420 292//292
f 292//292 420//420 291//291
f 420//420 419//419 291//291
f 291//291 419//419 290//290
f 419//419 418//418 290//290
f 290//290 418//418 289//289
f 418//418 417//417 289//289
f 289//289 417//417 288//288
f 417//417 416//416 288//288
f 288//288 416//416 287//287
f 416//416 415//415 287//287
f 287//287 415//415 286//286
f 415//415 414//414 286//286
f 286//286 414//414 285//285
f 414//414 413//413 285//285
f 285//285 413//413 284//284
f 413//413 412//412 284//284
f 284//284 412//412 283//283
f 412//412 411//411 283//283
f 422//422 421//421 293//293
f 272//272 400//400 271//271
f 316//316 444//444 315//315
f 317//317 445//445 316//316
f 477//477 476//476 348//348
f 348//348 476//476 347//347
f 476//476 475//475 347//347
f 347//347 475//475 346//346
f 475//475 474//474 346//346
f 346//346 474//474 345//345
f 474//474 473//473 345//345
f 345//345 473//473 344//344
f 349//349 477//477 348//348
f 473//473 472//472 344//344
f 472//472 471//471 343//343
f 343//343 471//471 342//342
f 471//471 470//470 342//342
f 342//342 470//470 341//341
f 470//470 469//469 341//341
f 341//341 469//469 340//340
f 469//469 468//468 340//340
f 340//340 468//468 339//339
f 344//344 472//472 343//343
f 478//478 477//477 349//349
f 350//350 478//478 349//349
f 479//479 478//478 350//350
f 360//360 488//488 359//359
f 488//488 487//487 359//359
f 359//359 487//487 358//358
f 487//487 486//486 358//358
f 358//358 486//486 357//357
f 486//486 485//485 357//357
f 357//357 485//485 356//356
f 485//485 484//484 356//356
f 356//356 484//484 355//355
f 484//484 483//483 355//355
f 355//355 483//483 354//354
f 483//483 482//482 354//354
f 354//354 482//482 353//353
f 482//482 481//481 353//353
f 353//353 481//481 352//352
f 481//481 480//480 352//352
f 352//352 480//480 351//351
f 480//480 479//479 351//351
f 351//351 479//479 350//350
f 468//468 467//467 339//339
f 445//445 444//444 316//316
f 339//339 467//467 338//338
f 338//338 466//466 337//337
f 326//326 454//454 325//325
f 454//454 453//453 325//325
f 325//325 453//453 324//324
f 453//453 452//452 324//324
f 324//324 452//452 323//323
f 452//452 451//451 323//323
f 323//323 451//451 322//322
f 451//451 450//450 322//322
f 455//455 454//454 326//326
f 322//322 450//450 321//321
f 321//321 449//449 320//320
f 449//449 448//448 320//320
f 320//320 448//448 319//319
f 448//448 447//447 319//319
f 319//319 447//447 318//318
f 447//447 446//446 318//318
f 318//318 446//446 317//317
f 446//446 445//445 317//317
f 450//450 449//449 321//321
f 327//327 455//455 326//326
f 456//456 455//455 327//327
f 328//328 456//456 327//327
f 466//466 465//465 337//337
f 337//337 465//465 336//336
f 465//465 464//464 336//336
f 336//336 464//464 335//335
f 464//464 463//463 335//335
f 335//335 463//463 334//334
f 463//463 462//462 334//334
f 334//334 462//462 333//333
f 462//462 461//461 333//333
f 333//333 461//461 332//332
f 461//461 460//460 332//332
f 332//332 460//460 331//331
f 460//460 459//459 331//331
f 331//331 459//459 330//330
f 459//459 458//458 330//330
f 330//330 458//458 329//329
f 458//458 457//457 329//329
f 329//329 457//457 328//328
f 457//457 456//456 328//328
f 467//467 466//466 338//338
f 400//400 399//399 271//271
f 271//271 399//399 270//270
f 399//399 398//398 270//270
f 213//213 341//341 212//212
f 341//341 340//340 212//212
f 212//212 340//340 211//211
f 340//340 339//339 211//211
f 211//211 339//339 210//210
f 339//339 338//338 210//210
f 210//210 338//338 209//209
f 338//338 337//337 209//209
f 342//342 341//341 213//213
f 209//209 337//337 208//208
f 208//208 336//336 207//207
f 336//336 335//335 207//207
f 207//207 335//335 206//206
f 335//335 334//334 206//206
f 206//206 334//334 205//205
f 334//334 333//333 205//205
f 205//205 333//333 204//204
f 333//333 332//332 204//204
f 337//337 336//336 208//208
f 214//214 342//342 213//213
f 343//343 342//342 214//214
f 215//215 343//343 214//214
f 353//353 352//352 224//224
f 224//224 352//352 223//223
f 352//352 351//351 223//223
f 223//223 351//351 222//222
f 351//351 350//350 222//222
f 222//222 350//350 221//221
f 350//350 349//349 221//221
f 221//221 349//349 220//220
f 349//349 348//348 220//220
f 220//220 348//348 219//219
f 348//348 347//347 219//219
f 219//219 347//347 218//218
f 347//347 346//346 218//218
f 218//218 346//346 217//217
f 346//346 345//345 217//217
f 217//217 345//345 216//216
f 345//345 344//344 216//216
f 216//216 344//344 215//215
f 344//344 343//343 215//215
f 204//204 332//332 203//203
f 225//225 353//353 224//224
f 332//332 331//331 203//203
f 331//331 330//330 202//202
f 319//319 318//318 190//190
f 190//190 318//318 189//189
f 318//318 317//317 189//189
f 189//189 317//317 188//188
f 317//317 316//316 188//188
f 188//188 316//316 187//187
f 316//316 315//315 187//187
f 187//187 315//315 186//186
f 191//191 319//319 190//190
f 315//315 314//314 186//186
f 314//314 313//313 185//185
f 185//185 313//313 184//184
f 313//313 312//312 184//184
f 184//184 312//312 183//183
f 312//312 311//311 183//183
f 183//183 311//311 182//182
f 311//311 310//310 182//182
f 182//182 310//310 181//181
f 186//186 314//314 185//185
f 320//320 319//319 191//191
f 192//192 320//320 191//191
f 321//321 320//320 192//192
f 202//202 330//330 201//201
f 330//330 329//329 201//201
f 201//201 329//329 200//200
f 329//329 328//328 200//200
f 200//200 328//328 199//199
f 328//328 327//327 199//199
f 199//199 327//327 198//198
f 327//327 326//326 198//198
f 198//198 326//326 197//197
f 326//326 325//325 197//197
f 197//197 325//325 196//196
f 325//325 324//324 196//196
f 196//196 324//324 195//195
f 324//324 323//323 195//195
f 195//195 323//323 194//194
f 323//323 322//322 194//194
f 194//194 322//322 193//193
f 322//322 321//321 193//193
f 193//193 321//321 192//192
f 203//203 331//331 202//202
f 354//354 353//353 225//225
f 226//226 354//354 225//225
f 355//355 354//354 226//226
f 387//387 386//386 258//258
f 258//258 386//386 257//257
f 386//386 385//385 257//257
f 129//129 257//257 256//256
f 257//257 384//384 256//256
f 256//256 384//384 255//255
f 384//384 383//383 255//255
f 255//255 383//383 254//254
f 259//259 387//387 258//258
f 383//383 382//382 254//254
f 382//382 381//381 253//253
f 253//253 381//381 252//252
f 381//381 380//380 252//252
f 252//252 380//380 251//251
f 380//380 379//379 251//251
f 251//251 379//379 250//250
f 379//379 378//378 250//250
f 250//250 378//378 249//249
f 254//254 382//382 253//253
f 388//388 387//387 259//259
f 260//260 388//388 259//259
f 389//389 388//388 260//260
f 270//270 398//398 269//269
f 398//398 397//397 269//269
f 269//269 397//397 268//268
f 397//397 396//396 268//268
f 268//268 396//396 267//267
f 396//396 395//395 267//267
f 267//267 395//395 266//266
f 395//395 394//394 266//266
f 266//266 394//394 265//265
f 394//394 393//393 265//265
f 265//265 393//393 264//264
f 393//393 392//392 264//264
f 264//264 392//392 263//263
f 392//392 391//391 263//263
f 263//263 391//391 262//262
f 391//391 390//390 262//262
f 262//262 390//390 261//261
f 390//390 389//389 261//261
f 261//261 389//389 260//260
f 378//378 377//377 249//249
f 249//249 377//377 248//248
f 377//377 376//376 248//248
f 248//248 376//376 247//247
f 236//236 364//364 235//235
f 364//364 363//363 235//235
f 235//235 363//363 234//234
f 363//363 362//362 234//234
f 234//234 362//362 233//233
f 362//362 361//361 233//233
f 233//233 361//361 232//232
f 361//361 360//360 232//232
f 232//232 360//360 231//231
f 360//360 359//359 231//231
f 231//231 359//359 230//230
f 359//359 358//358 230//230
f 230//230 358//358 229//229
f 358//358 357//357 229//229
f 229//229 357//357 228//228
f 357//357 356//356 228//228
f 228//228 356//356 227//227
f 356//356 355//355 227//227
f 227//227 355//355 226//226
f 365//365 364//364 236//236
f 849//849 848//848 720//720
f 237//237 365//365 236//236
f 238//238 366//366 237//237
f 376//376 375//375 247//247
f 247//247 375//375 246//246
f 375//375 374//374 246//246
f 246//246 374//374 245//245
f 374//374 373//373 245//245
f 245//245 373//373 244//244
f 373//373 372//372 244//244
f 244//244 372//372 243//243
f 372//372 371//371 243//243
f 243//243 371//371 242//242
f 371//371 370//370 242//242
f 242//242 370//370 241//241
f 370//370 369//369 241//241
f 241//241 369//369 240//240
f 369//369 368//368 240//240
f 240//240 368//368 239//239
f 368//368 367//367 239//239
f 239//239 367//367 238//238
f 367//367 366//366 238//238
f 366//366 365//365 237//237
f 721//721 849//849 720//720
f 818//818 817//817 689//689
f 722//722 850//850 721//721
f 1332//1332 1331//1331 1203//1203
f 1203//1203 1331//1331 1202//1202
f 1331//1331 1330//1330 1202//1202
f 1202//1202 1330//1330 1201//1201
f 1330//1330 1329//1329 1201//1201
f 1201//1201 1329//1329 1200//1200
f 1329//1329 1328//1328 1200//1200
f 1200//1200 1328//1328 1199//1199
f 1204//1204 1332//1332 1203//1203
f 1328//1328 1327//1327 1199//1199
f 1327//1327 1326//1326 1198//1198
f 1198//1198 1326//1326 1197//1197
f 1326//1326 1325//1325 1197//1197
f 1197//1197 1325//1325 1196//1196
f 1325//1325 1324//1324 1196//1196
f 1196//1196 1324//1324 1195//1195
f 1324//1324 1323//1323 1195//1195
f 1195//1195 1323//1323 1194//1194
f 1199//1199 1327//1327 1198//1198
f 1333//1333 1332//1332 1204//1204
f 1205//1205 1333//1333 1204//1204
f 1334//1334 1333//1333 1205//1205
f 1215//1215 1343//1343 1214//1214
f 1343//1343 1342//1342 1214//1214
f 1214//1214 1342//1342 1213//1213
f 1342//1342 1341//1341 1213//1213
f 1213//1213 1341//1341 1212//1212
f 1341//1341 1340//1340 1212//1212
f 1212//1212 1340//1340 1211//1211
f 1340//1340 1339//1339 1211//1211
f 1211//1211 1339//1339 1210//1210
f 1339//1339 1338//1338 1210//1210
f 1210//1210 1338//1338 1209//1209
f 1338//1338 1337//1337 1209//1209
f 1209//1209 1337//1337 1208//1208
f 1337//1337 1336//1336 1208//1208
f 1208//1208 1336//1336 1207//1207
f 1336//1336 1335//1335 1207//1207
f 1207//1207 1335//1335 1206//1206
f 1335//1335 1334//1334 1206//1206
f 1206//1206 1334//1334 1205//1205
f 1323//1323 1322//1322 1194//1194
f 1344//1344 1343//1343 1215//1215
f 1194//1194 1322//1322 1193//1193
f 1193//1193 1321//1321 1192//1192
f 1181//1181 1309//1309 1180//1180
f 1309//1309 1308//1308 1180//1180
f 1180//1180 1308//1308 1179//1179
f 1308//1308 1307//1307 1179//1179
f 1179//1179 1307//1307 1178//1178
f 1307//1307 1306//1306 1178//1178
f 1178//1178 1306//1306 1177//1177
f 1306//1306 1305//1305 1177//1177
f 1310//1310 1309//1309 1181//1181
f 1177//1177 1305//1305 1176//1176
f 1176//1176 1304//1304 1175//1175
f 1304//1304 1303//1303 1175//1175
f 1175//1175 1303//1303 1174//1174
f 1303//1303 1302//1302 1174//1174
f 1174//1174 1302//1302 1173//1173
f 1302//1302 1301//1301 1173//1173
f 1173//1173 1301//1301 1172//1172
f 1301//1301 1300//1300 1172//1172
f 1305//1305 1304//1304 1176//1176
f 1182//1182 1310//1310 1181//1181
f 1311//1311 1310//1310 1182//1182
f 1183//1183 1311//1311 1182//1182
f 1321//1321 1320//1320 1192//1192
f 1192//1192 1320//1320 1191//1191
f 1320//1320 1319//1319 1191//1191
f 1191//1191 1319//1319 1190//1190
f 1319//1319 1318//1318 1190//1190
f 1190//1190 1318//1318 1189//1189
f 1318//1318 1317//1317 1189//1189
f 1189//1189 1317//1317 1188//1188
f 1317//1317 1316//1316 1188//1188
f 1188//1188 1316//1316 1187//1187
f 1316//1316 1315//1315 1187//1187
f 1187//1187 1315//1315 1186//1186
f 1315//1315 1314//1314 1186//1186
f 1186//1186 1314//1314 1185//1185
f 1314//1314 1313//1313 1185//1185
f 1185//1185 1313//1313 1184//1184
f 1313//1313 1312//1312 1184//1184
f 1184//1184 1312//1312 1183//1183
f 1312//1312 1311//1311 1183//1183
f 1322//1322 1321//1321 1193//1193
f 1172//1172 1300//1300 1171//1171
f 1216//1216 1344//1344 1215//1215
f 1217//1217 1345//1345 1216//1216
f 1377//1377 1376//1376 1248//1248
f 1248//1248 1376//1376 1247//1247
f 1376//1376 1375//1375 1247//1247
f 1247//1247 1375//1375 1246//1246
f 1375//1375 1374//1374 1246//1246
f 1246//1246 1374//1374 1245//1245
f 1374//1374 1373//1373 1245//1245
f 1245//1245 1373//1373 1244//1244
f 1249//1249 1377//1377 1248//1248
f 1373//1373 1372//1372 1244//1244
f 1372//1372 1371//1371 1243//1243
f 1243//1243 1371//1371 1242//1242
f 1371//1371 1370//1370 1242//1242
f 1242//1242 1370//1370 1241//1241
f 1370//1370 1369//1369 1241//1241
f 1241//1241 1369//1369 1240//1240
f 1369//1369 1368//1368 1240//1240
f 1240//1240 1368//1368 1239//1239
f 1244//1244 1372//1372 1243//1243
f 1378//1378 1377//1377 1249//1249
f 1250//1250 1378//1378 1249//1249
f 1379//1379 1378//1378 1250//1250
f 1260//1260 1388//1388 1259//1259
f 1388//1388 1387//1387 1259//1259
f 1259//1259 1387//1387 1258//1258
f 1387//1387 1386//1386 1258//1258
f 1258//1258 1386//1386 1257//1257
f 1386//1386 1385//1385 1257//1257
f 1257//1257 1385//1385 1256//1256
f 1385//1385 1384//1384 1256//1256
f 1256//1256 1384//1384 1255//1255
f 1384//1384 1383//1383 1255//1255
f 1255//1255 1383//1383 1254//1254
f 1383//1383 1382//1382 1254//1254
f 1254//1254 1382//1382 1253//1253
f 1382//1382 1381//1381 1253//1253
f 1253//1253 1381//1381 1252//1252
f 1381//1381 1380//1380 1252//1252
f 1252//1252 1380//1380 1251//1251
f 1380//1380 1379//1379 1251//1251
f 1251//1251 1379//1379 1250//1250
f 1368//1368 1367//1367 1239//1239
f 1345//1345 1344//1344 1216//1216
f 1239//1239 1367//1367 1238//1238
f 1238//1238 1366//1366 1237//1237
f 1226//1226 1354//1354 1225//1225
f 1354//1354 1353//1353 1225//1225
f 1225//1225 1353//1353 1224//1224
f 1353//1353 1352//1352 1224//1224
f 1224//1224 1352//1352 1223//1223
f 1352//1352 1351//1351 1223//1223
f 1223//1223 1351//1351 1222//1222
f 1351//1351 1350//1350 1222//1222
f 1355//1355 1354//1354 1226//1226
f 1222//1222 1350//1350 1221//1221
f 1221//1221 1349//1349 1220//1220
f 1349//1349 1348//1348 1220//1220
f 1220//1220 1348//1348 1219//1219
f 1348//1348 1347//1347 1219//1219
f 1219//1219 1347//1347 1218//1218
f 1347//1347 1346//1346 1218//1218
f 1218//1218 1346//1346 1217//1217
f 1346//1346 1345//1345 1217//1217
f 1350//1350 1349//1349 1221//1221
f 1227//1227 1355//1355 1226//1226
f 1356//1356 1355//1355 1227//1227
f 1228//1228 1356//1356 1227//1227
f 1366//1366 1365//1365 1237//1237
f 1237//1237 1365//1365 1236//1236
f 1365//1365 1364//1364 1236//1236
f 1236//1236 1364//1364 1235//1235
f 1364//1364 1363//1363 1235//1235
f 1235//1235 1363//1363 1234//1234
f 1363//1363 1362//1362 1234//1234
f 1234//1234 1362//1362 1233//1233
f 1362//1362 1361//1361 1233//1233
f 1233//1233 1361//1361 1232//1232
f 1361//1361 1360//1360 1232//1232
f 1232//1232 1360//1360 1231//1231
f 1360//1360 1359//1359 1231//1231
f 1231//1231 1359//1359 1230//1230
f 1359//1359 1358//1358 1230//1230
f 1230//1230 1358//1358 1229//1229
f 1358//1358 1357//1357 1229//1229
f 1229//1229 1357//1357 1228//1228
f 1357//1357 1356//1356 1228//1228
f 1367//1367 1366//1366 1238//1238
f 1389//1389 1388//1388 1260//1260
f 1300//1300 1299//1299 1171//1171
f 1299//1299 1298//1298 1170//1170
f 1242//1242 1241//1241 1113//1113
f 850//850 849//849 721//721
f 1241//1241 1240//1240 1112//1112
f 1112//1112 1240//1240 1111//1111
f 1240//1240 1239//1239 1111//1111
f 1111//1111 1239//1239 1110//1110
f 1239//1239 1238//1238 1110//1110
f 1110//1110 1238//1238 1109//1109
f 1114//1114 1242//1242 1113//1113
f 1238//1238 1237//1237 1109//1109
f 1237//1237 1236//1236 1108//1108
f 1108//1108 1236//1236 1107//1107
f 1236//1236 1235//1235 1107//1107
f 1107//1107 1235//1235 1106//1106
f 1235//1235 1234//1234 1106//1106
f 1106//1106 1234//1234 1105//1105
f 1234//1234 1233//1233 1105//1105
f 1105//1105 1233//1233 1104//1104
f 1109//1109 1237//1237 1108//1108
f 1243//1243 1242//1242 1114//1114
f 1115//1115 1243//1243 1114//1114
f 1244//1244 1243//1243 1115//1115
f 1125//1125 1253//1253 1124//1124
f 1253//1253 1252//1252 1124//1124
f 1124//1124 1252//1252 1123//1123
f 1252//1252 1251//1251 1123//1123
f 1123//1123 1251//1251 1122//1122
f 1251//1251 1250//1250 1122//1122
f 1122//1122 1250//1250 1121//1121
f 1250//1250 1249//1249 1121//1121
f 1121//1121 1249//1249 1120//1120
f 1249//1249 1248//1248 1120//1120
f 1120//1120 1248//1248 1119//1119
f 1248//1248 1247//1247 1119//1119
f 1119//1119 1247//1247 1118//1118
f 1247//1247 1246//1246 1118//1118
f 1118//1118 1246//1246 1117//1117
f 1246//1246 1245//1245 1117//1117
f 1117//1117 1245//1245 1116//1116
f 1245//1245 1244//1244 1116//1116
f 1116//1116 1244//1244 1115//1115
f 1233//1233 1232//1232 1104//1104
f 1254//1254 1253//1253 1125//1125
f 1104//1104 1232//1232 1103//1103
f 1103//1103 1231//1231 1102//1102
f 1091//1091 1219//1219 1090//1090
f 1219//1219 1218//1218 1090//1090
f 1090//1090 1218//1218 1089//1089
f 1218//1218 1217//1217 1089//1089
f 1089//1089 1217//1217 1088//1088
f 1217//1217 1216//1216 1088//1088
f 1088//1088 1216//1216 1087//1087
f 1216//1216 1215//1215 1087//1087
f 1220//1220 1219//1219 1091//1091
f 1087//1087 1215//1215 1086//1086
f 1086//1086 1214//1214 1085//1085
f 1214//1214 1213//1213 1085//1085
f 1085//1085 1213//1213 1084//1084
f 1213//1213 1212//1212 1084//1084
f 1084//1084 1212//1212 1083//1083
f 1212//1212 1211//1211 1083//1083
f 1083//1083 1211//1211 1082//1082
f 1211//1211 1210//1210 1082//1082
f 1215//1215 1214//1214 1086//1086
f 1092//1092 1220//1220 1091//1091
f 1221//1221 1220//1220 1092//1092
f 1093//1093 1221//1221 1092//1092
f 1231//1231 1230//1230 1102//1102
f 1102//1102 1230//1230 1101//1101
f 1230//1230 1229//1229 1101//1101
f 1101//1101 1229//1229 1100//1100
f 1229//1229 1228//1228 1100//1100
f 1100//1100 1228//1228 1099//1099
f 1228//1228 1227//1227 1099//1099
f 1099//1099 1227//1227 1098//1098
f 1227//1227 1226//1226 1098//1098
f 1098//1098 1226//1226 1097//1097
f 1226//1226 1225//1225 1097//1097
f 1097//1097 1225//1225 1096//1096
f 1225//1225 1224//1224 1096//1096
f 1096//1096 1224//1224 1095//1095
f 1224//1224 1223//1223 1095//1095
f 1095//1095 1223//1223 1094//1094
f 1223//1223 1222//1222 1094//1094
f 1094//1094 1222//1222 1093//1093
f 1222//1222 1221//1221 1093//1093
f 1232//1232 1231//1231 1103//1103
f 1171//1171 1299//1299 1170//1170
f 1126//1126 1254//1254 1125//1125
f 1127//1127 1255//1255 1126//1126
f 1287//1287 1286//1286 1158//1158
f 1158//1158 1286//1286 1157//1157
f 1286//1286 1285//1285 1157//1157
f 1157//1157 1285//1285 1156//1156
f 1285//1285 1284//1284 1156//1156
f 1156//1156 1284//1284 1155//1155
f 1284//1284 1283//1283 1155//1155
f 1155//1155 1283//1283 1154//1154
f 1159//1159 1287//1287 1158//1158
f 1283//1283 1282//1282 1154//1154
f 1282//1282 1281//1281 1153//1153
f 1025//1025 1153//1153 1152//1152
f 1153//1153 1280//1280 1152//1152
f 1152//1152 1280//1280 1151//1151
f 1280//1280 1279//1279 1151//1151
f 1151//1151 1279//1279 1150//1150
f 1279//1279 1278//1278 1150//1150
f 1150//1150 1278//1278 1149//1149
f 1154//1154 1282//1282 1153//1153
f 1288//1288 1287//1287 1159//1159
f 1160//1160 1288//1288 1159//1159
f 1289//1289 1288//1288 1160//1160
f 1170//1170 1298//1298 1169//1169
f 1298//1298 1297//1297 1169//1169
f 1169//1169 1297//1297 1168//1168
f 1297//1297 1296//1296 1168//1168
f 1168//1168 1296//1296 1167//1167
f 1296//1296 1295//1295 1167//1167
f 1167//1167 1295//1295 1166//1166
f 1295//1295 1294//1294 1166//1166
f 1166//1166 1294//1294 1165//1165
f 1294//1294 1293//1293 1165//1165
f 1165//1165 1293//1293 1164//1164
f 1293//1293 1292//1292 1164//1164
f 1164//1164 1292//1292 1163//1163
f 1292//1292 1291//1291 1163//1163
f 1163//1163 1291//1291 1162//1162
f 1291//1291 1290//1290 1162//1162
f 1162//1162 1290//1290 1161//1161
f 1290//1290 1289//1289 1161//1161
f 1161//1161 1289//1289 1160//1160
f 1278//1278 1277//1277 1149//1149
f 1255//1255 1254//1254 1126//1126
f 1149//1149 1277//1277 1148//1148
f 1148//1148 1276//1276 1147//1147
f 1136//1136 1264//1264 1135//1135
f 1264//1264 1263//1263 1135//1135
f 1135//1135 1263//1263 1134//1134
f 1263//1263 1262//1262 1134//1134
f 1134//1134 1262//1262 1133//1133
f 1262//1262 1261//1261 1133//1133
f 1133//1133 1261//1261 1132//1132
f 1261//1261 1260//1260 1132//1132
f 1265//1265 1264//1264 1136//1136
f 1132//1132 1260//1260 1131//1131
f 1131//1131 1259//1259 1130//1130
f 1259//1259 1258//1258 1130//1130
f 1130//1130 1258//1258 1129//1129
f 1258//1258 1257//1257 1129//1129
f 1129//1129 1257//1257 1128//1128
f 1257//1257 1256//1256 1128//1128
f 1128//1128 1256//1256 1127//1127
f 1256//1256 1255//1255 1127//1127
f 1260//1260 1259//1259 1131//1131
f 1137//1137 1265//1265 1136//1136
f 1266//1266 1265//1265 1137//1137
f 1138//1138 1266//1266 1137//1137
f 1276//1276 1275//1275 1147//1147
f 1147//1147 1275//1275 1146//1146
f 1275//1275 1274//1274 1146//1146
f 1146//1146 1274//1274 1145//1145
f 1274//1274 1273//1273 1145//1145
f 1145//1145 1273//1273 1144//1144
f 1273//1273 1272//1272 1144//1144
f 1144//1144 1272//1272 1143//1143
f 1272//1272 1271//1271 1143//1143
f 1143//1143 1271//1271 1142//1142
f 1271//1271 1270//1270 1142//1142
f 1142//1142 1270//1270 1141//1141
f 1270//1270 1269//1269 1141//1141
f 1141//1141 1269//1269 1140//1140
f 1269//1269 1268//1268 1140//1140
f 1140//1140 1268//1268 1139//1139
f 1268//1268 1267//1267 1139//1139
f 1139//1139 1267//1267 1138//1138
f 1267//1267 1266//1266 1138//1138
f 1277//1277 1276//1276 1148//1148
f 1082//1082 1210//1210 1081//1081
f 1261//1261 1389//1389 1260//1260
f 1262//1262 1390//1390 1261//1261
f 1512//1512 1511//1511 1383//1383
f 1383//1383 1511//1511 1382//1382
f 1511//1511 1510//1510 1382//1382
f 1382//1382 1510//1510 1381//1381
f 1510//1510 1509//1509 1381//1381
f 1381//1381 1509//1509 1380//1380
f 1509//1509 1508//1508 1380//1380
f 1380//1380 1508//1508 1379//1379
f 1384//1384 1512//1512 1383//1383
f 1508//1508 1507//1507 1379//1379
f 1507//1507 1506//1506 1378//1378
f 1378//1378 1506//1506 1377//1377
f 1506//1506 1505//1505 1377//1377
f 1377//1377 1505//1505 1376//1376
f 1505//1505 1504//1504 1376//1376
f 1376//1376 1504//1504 1375//1375
f 1504//1504 1503//1503 1375//1375
f 1375//1375 1503//1503 1374//1374
f 1379//1379 1507//1507 1378//1378
f 1513//1513 1512//1512 1384//1384
f 1385//1385 1513//1513 1384//1384
f 1514//1514 1513//1513 1385//1385
f 1395//1395 1523//1523 1394//1394
f 1523//1523 1522//1522 1394//1394
f 1394//1394 1522//1522 1393//1393
f 1522//1522 1521//1521 1393//1393
f 1393//1393 1521//1521 1392//1392
f 1521//1521 1520//1520 1392//1392
f 1392//1392 1520//1520 1391//1391
f 1520//1520 1519//1519 1391//1391
f 1391//1391 1519//1519 1390//1390
f 1519//1519 1518//1518 1390//1390
f 1390//1390 1518//1518 1389//1389
f 1518//1518 1517//1517 1389//1389
f 1389//1389 1517//1517 1388//1388
f 1517//1517 1516//1516 1388//1388
f 1388//1388 1516//1516 1387//1387
f 1516//1516 1515//1515 1387//1387
f 1387//1387 1515//1515 1386//1386
f 1515//1515 1514//1514 1386//1386
f 1386//1386 1514//1514 1385//1385
f 1503//1503 1502//1502 1374//1374
f 1524//1524 1523//1523 1395//1395
f 1374//1374 1502//1502 1373//1373
f 1373//1373 1501//1501 1372//1372
f 1361//1361 1489//1489 1360//1360
f 1489//1489 1488//1488 1360//1360
f 1360//1360 1488//1488 1359//1359
f 1488//1488 1487//1487 1359//1359
f 1359//1359 1487//1487 1358//1358
f 1487//1487 1486//1486 1358//1358
f 1358//1358 1486//1486 1357//1357
f 1486//1486 1485//1485 1357//1357
f 1490//1490 1489//1489 1361//1361
f 1357//1357 1485//1485 1356//1356
f 1356//1356 1484//1484 1355//1355
f 1484//1484 1483//1483 1355//1355
f 1355//1355 1483//1483 1354//1354
f 1483//1483 1482//1482 1354//1354
f 1354//1354 1482//1482 1353//1353
f 1482//1482 1481//1481 1353//1353
f 1353//1353 1481//1481 1352//1352
f 1481//1481 1480//1480 1352//1352
f 1485//1485 1484//1484 1356//1356
f 1362//1362 1490//1490 1361//1361
f 1491//1491 1490//1490 1362//1362
f 1363//1363 1491//1491 1362//1362
f 1501//1501 1500//1500 1372//1372
f 1372//1372 1500//1500 1371//1371
f 1500//1500 1499//1499 1371//1371
f 1371//1371 1499//1499 1370//1370
f 1499//1499 1498//1498 1370//1370
f 1370//1370 1498//1498 1369//1369
f 1498//1498 1497//1497 1369//1369
f 1369//1369 1497//1497 1368//1368
f 1497//1497 1496//1496 1368//1368
f 1368//1368 1496//1496 1367//1367
f 1496//1496 1495//1495 1367//1367
f 1367//1367 1495//1495 1366//1366
f 1495//1495 1494//1494 1366//1366
f 1366//1366 1494//1494 1365//1365
f 1494//1494 1493//1493 1365//1365
f 1365//1365 1493//1493 1364//1364
f 1493//1493 1492//1492 1364//1364
f 1364//1364 1492//1492 1363//1363
f 1492//1492 1491//1491 1363//1363
f 1502//1502 1501//1501 1373//1373
f 1352//1352 1480//1480 1351//1351
f 1396//1396 1524//1524 1395//1395
f 1397//1397 1525//1525 1396//1396
f 1557//1557 1556//1556 1428//1428
f 1428//1428 1556//1556 1427//1427
f 1556//1556 1555//1555 1427//1427
f 1427//1427 1555//1555 1426//1426
f 1555//1555 1554//1554 1426//1426
f 1426//1426 1554//1554 1425//1425
f 1554//1554 1553//1553 1425//1425
f 1425//1425 1553//1553 1424//1424
f 1429//1429 1557//1557 1428//1428
f 1553//1553 1552//1552 1424//1424
f 1552//1552 1551//1551 1423//1423
f 1423//1423 1551//1551 1422//1422
f 1551//1551 1550//1550 1422//1422
f 1422//1422 1550//1550 1421//1421
f 1550//1550 1549//1549 1421//1421
f 1421//1421 1549//1549 1420//1420
f 1549//1549 1548//1548 1420//1420
f 1420//1420 1548//1548 1419//1419
f 1424//1424 1552//1552 1423//1423
f 1558//1558 1557//1557 1429//1429
f 1430//1430 1558//1558 1429//1429
f 1559//1559 1558//1558 1430//1430
f 1440//1440 1568//1568 1439//1439
f 1568//1568 1567//1567 1439//1439
f 1439//1439 1567//1567 1438//1438
f 1567//1567 1566//1566 1438//1438
f 1438//1438 1566//1566 1437//1437
f 1566//1566 1565//1565 1437//1437
f 1437//1437 1565//1565 1436//1436
f 1565//1565 1564//1564 1436//1436
f 1436//1436 1564//1564 1435//1435
f 1564//1564 1563//1563 1435//1435
f 1435//1435 1563//1563 1434//1434
f 1563//1563 1562//1562 1434//1434
f 1434//1434 1562//1562 1433//1433
f 1562//1562 1561//1561 1433//1433
f 1433//1433 1561//1561 1432//1432
f 1561//1561 1560//1560 1432//1432
f 1432//1432 1560//1560 1431//1431
f 1560//1560 1559//1559 1431//1431
f 1431//1431 1559//1559 1430//1430
f 1548//1548 1547//1547 1419//1419
f 1525//1525 1524//1524 1396//1396
f 1419//1419 1547//1547 1418//1418
f 1418//1418 1546//1546 1417//1417
f 1406//1406 1534//1534 1405//1405
f 1534//1534 1533//1533 1405//1405
f 1405//1405 1533//1533 1404//1404
f 1533//1533 1532//1532 1404//1404
f 1404//1404 1532//1532 1403//1403
f 1532//1532 1531//1531 1403//1403
f 1403//1403 1531//1531 1402//1402
f 1531//1531 1530//1530 1402//1402
f 1535//1535 1534//1534 1406//1406
f 1402//1402 1530//1530 1401//1401
f 1401//1401 1529//1529 1400//1400
f 1529//1529 1528//1528 1400//1400
f 1400//1400 1528//1528 1399//1399
f 1528//1528 1527//1527 1399//1399
f 1399//1399 1527//1527 1398//1398
f 1527//1527 1526//1526 1398//1398
f 1398//1398 1526//1526 1397//1397
f 1526//1526 1525//1525 1397//1397
f 1530//1530 1529//1529 1401//1401
f 1407//1407 1535//1535 1406//1406
f 1536//1536 1535//1535 1407//1407
f 1408//1408 1536//1536 1407//1407
f 1546//1546 1545//1545 1417//1417
f 1417//1417 1545//1545 1416//1416
f 1545//1545 1544//1544 1416//1416
f 1416//1416 1544//1544 1415//1415
f 1544//1544 1543//1543 1415//1415
f 1415//1415 1543//1543 1414//1414
f 1543//1543 1542//1542 1414//1414
f 1414//1414 1542//1542 1413//1413
f 1542//1542 1541//1541 1413//1413
f 1413//1413 1541//1541 1412//1412
f 1541//1541 1540//1540 1412//1412
f 1412//1412 1540//1540 1411//1411
f 1540//1540 1539//1539 1411//1411
f 1411//1411 1539//1539 1410//1410
f 1539//1539 1538//1538 1410//1410
f 1410//1410 1538//1538 1409//1409
f 1538//1538 1537//1537 1409//1409
f 1281//1281 1409//1409 1408//1408
f 1409//1409 1536//1536 1408//1408
f 1547//1547 1546//1546 1418//1418
f 1390//1390 1389//1389 1261//1261
f 1480//1480 1479//1479 1351//1351
f 1479//1479 1478//1478 1350//1350
f 1422//1422 1421//1421 1293//1293
f 1293//1293 1421//1421 1292//1292
f 1421//1421 1420//1420 1292//1292
f 1292//1292 1420//1420 1291//1291
f 1420//1420 1419//1419 1291//1291
f 1291//1291 1419//1419 1290//1290
f 1419//1419 1418//1418 1290//1290
f 1290//1290 1418//1418 1289//1289
f 1294//1294 1422//1422 1293//1293
f 1418//1418 1417//1417 1289//1289
f 1417//1417 1416//1416 1288//1288
f 1288//1288 1416//1416 1287//1287
f 1416//1416 1415//1415 1287//1287
f 1287//1287 1415//1415 1286//1286
f 1415//1415 1414//1414 1286//1286
f 1286//1286 1414//1414 1285//1285
f 1414//1414 1413//1413 1285//1285
f 1285//1285 1413//1413 1284//1284
f 1289//1289 1417//1417 1288//1288
f 1423//1423 1422//1422 1294//1294
f 1295//1295 1423//1423 1294//1294
f 1424//1424 1423//1423 1295//1295
f 1305//1305 1433//1433 1304//1304
f 1433//1433 1432//1432 1304//1304
f 1304//1304 1432//1432 1303//1303
f 1432//1432 1431//1431 1303//1303
f 1303//1303 1431//1431 1302//1302
f 1431//1431 1430//1430 1302//1302
f 1302//1302 1430//1430 1301//1301
f 1430//1430 1429//1429 1301//1301
f 1301//1301 1429//1429 1300//1300
f 1429//1429 1428//1428 1300//1300
f 1300//1300 1428//1428 1299//1299
f 1428//1428 1427//1427 1299//1299
f 1299//1299 1427//1427 1298//1298
f 1427//1427 1426//1426 1298//1298
f 1298//1298 1426//1426 1297//1297
f 1426//1426 1425//1425 1297//1297
f 1297//1297 1425//1425 1296//1296
f 1425//1425 1424//1424 1296//1296
f 1296//1296 1424//1424 1295//1295
f 1413//1413 1412//1412 1284//1284
f 1434//1434 1433//1433 1305//1305
f 1284//1284 1412//1412 1283//1283
f 1283//1283 1411//1411 1282//1282
f 1271//1271 1399//1399 1270//1270
f 1399//1399 1398//1398 1270//1270
f 1270//1270 1398//1398 1269//1269
f 1398//1398 1397//1397 1269//1269
f 1269//1269 1397//1397 1268//1268
f 1397//1397 1396//1396 1268//1268
f 1268//1268 1396//1396 1267//1267
f 1396//1396 1395//1395 1267//1267
f 1400//1400 1399//1399 1271//1271
f 1267//1267 1395//1395 1266//1266
f 1266//1266 1394//1394 1265//1265
f 1394//1394 1393//1393 1265//1265
f 1265//1265 1393//1393 1264//1264
f 1393//1393 1392//1392 1264//1264
f 1264//1264 1392//1392 1263//1263
f 1392//1392 1391//1391 1263//1263
f 1263//1263 1391//1391 1262//1262
f 1391//1391 1390//1390 1262//1262
f 1395//1395 1394//1394 1266//1266
f 1272//1272 1400//1400 1271//1271
f 1401//1401 1400//1400 1272//1272
f 1273//1273 1401//1401 1272//1272
f 1411//1411 1410//1410 1282//1282
f 1282//1282 1410//1410 1281//1281
f 1410//1410 1409//1409 1281//1281
f 1153//1153 1281//1281 1280//1280
f 1281//1281 1408//1408 1280//1280
f 1280//1280 1408//1408 1279//1279
f 1408//1408 1407//1407 1279//1279
f 1279//1279 1407//1407 1278//1278
f 1407//1407 1406//1406 1278//1278
f 1278//1278 1406//1406 1277//1277
f 1406//1406 1405//1405 1277//1277
f 1277//1277 1405//1405 1276//1276
f 1405//1405 1404//1404 1276//1276
f 1276//1276 1404//1404 1275//1275
f 1404//1404 1403//1403 1275//1275
f 1275//1275 1403//1403 1274//1274
f 1403//1403 1402//1402 1274//1274
f 1274//1274 1402//1402 1273//1273
f 1402//1402 1401//1401 1273//1273
f 1412//1412 1411//1411 1283//1283
f 1351//1351 1479//1479 1350//1350
f 1306//1306 1434//1434 1305//1305
f 1307//1307 1435//1435 1306//1306
f 1467//1467 1466//1466 1338//1338
f 1338//1338 1466//1466 1337//1337
f 1466//1466 1465//1465 1337//1337
f 1337//1337 1465//1465 1336//1336
f 1465//1465 1464//1464 1336//1336
f 1336//1336 1464//1464 1335//1335
f 1464//1464 1463//1463 1335//1335
f 1335//1335 1463//1463 1334//1334
f 1339//1339 1467//1467 1338//1338
f 1463//1463 1462//1462 1334//1334
f 1462//1462 1461//1461 1333//1333
f 1333//1333 1461//1461 1332//1332
f 1461//1461 1460//1460 1332//1332
f 1332//1332 1460//1460 1331//1331
f 1460//1460 1459//1459 1331//1331
f 1331//1331 1459//1459 1330//1330
f 1459//1459 1458//1458 1330//1330
f 1330//1330 1458//1458 1329//1329
f 1334//1334 1462//1462 1333//1333
f 1468//1468 1467//1467 1339//1339
f 1340//1340 1468//1468 1339//1339
f 1469//1469 1468//1468 1340//1340
f 1350//1350 1478//1478 1349//1349
f 1478//1478 1477//1477 1349//1349
f 1349//1349 1477//1477 1348//1348
f 1477//1477 1476//1476 1348//1348
f 1348//1348 1476//1476 1347//1347
f 1476//1476 1475//1475 1347//1347
f 1347//1347 1475//1475 1346//1346
f 1475//1475 1474//1474 1346//1346
f 1346//1346 1474//1474 1345//1345
f 1474//1474 1473//1473 1345//1345
f 1345//1345 1473//1473 1344//1344
f 1473//1473 1472//1472 1344//1344
f 1344//1344 1472//1472 1343//1343
f 1472//1472 1471//1471 1343//1343
f 1343//1343 1471//1471 1342//1342
f 1471//1471 1470//1470 1342//1342
f 1342//1342 1470//1470 1341//1341
f 1470//1470 1469//1469 1341//1341
f 1341//1341 1469//1469 1340//1340
f 1458//1458 1457//1457 1329//1329
f 1435//1435 1434//1434 1306//1306
f 1329//1329 1457//1457 1328//1328
f 1328//1328 1456//1456 1327//1327
f 1316//1316 1444//1444 1315//1315
f 1444//1444 1443//1443 1315//1315
f 1315//1315 1443//1443 1314//1314
f 1443//1443 1442//1442 1314//1314
f 1314//1314 1442//1442 1313//1313
f 1442//1442 1441//1441 1313//1313
f 1313//1313 1441//1441 1312//1312
f 1441//1441 1440//1440 1312//1312
f 1445//1445 1444//1444 1316//1316
f 1312//1312 1440//1440 1311//1311
f 1311//1311 1439//1439 1310//1310
f 1439//1439 1438//1438 1310//1310
f 1310//1310 1438//1438 1309//1309
f 1438//1438 1437//1437 1309//1309
f 1309//1309 1437//1437 1308//1308
f 1437//1437 1436//1436 1308//1308
f 1308//1308 1436//1436 1307//1307
f 1436//1436 1435//1435 1307//1307
f 1440//1440 1439//1439 1311//1311
f 1317//1317 1445//1445 1316//1316
f 1446//1446 1445//1445 1317//1317
f 1318//1318 1446//1446 1317//1317
f 1456//1456 1455//1455 1327//1327
f 1327//1327 1455//1455 1326//1326
f 1455//1455 1454//1454 1326//1326
f 1326//1326 1454//1454 1325//1325
f 1454//1454 1453//1453 1325//1325
f 1325//1325 1453//1453 1324//1324
f 1453//1453 1452//1452 1324//1324
f 1324//1324 1452//1452 1323//1323
f 1452//1452 1451//1451 1323//1323
f 1323//1323 1451//1451 1322//1322
f 1451//1451 1450//1450 1322//1322
f 1322//1322 1450//1450 1321//1321
f 1450//1450 1449//1449 1321//1321
f 1321//1321 1449//1449 1320//1320
f 1449//1449 1448//1448 1320//1320
f 1320//1320 1448//1448 1319//1319
f 1448//1448 1447//1447 1319//1319
f 1319//1319 1447//1447 1318//1318
f 1447//1447 1446//1446 1318//1318
f 1457//1457 1456//1456 1328//1328
f 1210//1210 1209//1209 1081//1081
f 1113//1113 1241//1241 1112//1112
f 1209//1209 1208//1208 1080//1080
f 972//972 971//971 843//843
f 843//843 971//971 842//842
f 971//971 970//970 842//842
f 842//842 970//970 841//841
f 970//970 969//969 841//841
f 841//841 969//969 840//840
f 969//969 968//968 840//840
f 840//840 968//968 839//839
f 844//844 972//972 843//843
f 968//968 967//967 839//839
f 967//967 966//966 838//838
f 838//838 966//966 837//837
f 966//966 965//965 837//837
f 837//837 965//965 836//836
f 965//965 964//964 836//836
f 836//836 964//964 835//835
f 964//964 963//963 835//835
f 835//835 963//963 834//834
f 839//839 967//967 838//838
f 973//973 972//972 844//844
f 845//845 973//973 844//844
f 974//974 973//973 845//845
f 855//855 983//983 854//854
f 983//983 982//982 854//854
f 854//854 982//982 853//853
f 982//982 981//981 853//853
f 853//853 981//981 852//852
f 981//981 980//980 852//852
f 852//852 980//980 851//851
f 980//980 979//979 851//851
f 851//851 979//979 850//850
f 979//979 978//978 850//850
f 850//850 978//978 849//849
f 978//978 977//977 849//849
f 849//849 977//977 848//848
f 977//977 976//976 848//848
f 848//848 976//976 847//847
f 976//976 975//975 847//847
f 847//847 975//975 846//846
f 975//975 974//974 846//846
f 846//846 974//974 845//845
f 963//963 962//962 834//834
f 984//984 983//983 855//855
f 834//834 962//962 833//833
f 833//833 961//961 832//832
f 821//821 949//949 820//820
f 949//949 948//948 820//820
f 820//820 948//948 819//819
f 948//948 947//947 819//819
f 819//819 947//947 818//818
f 947//947 946//946 818//818
f 818//818 946//946 817//817
f 946//946 945//945 817//817
f 950//950 949//949 821//821
f 817//817 945//945 816//816
f 816//816 944//944 815//815
f 944//944 943//943 815//815
f 815//815 943//943 814//814
f 943//943 942//942 814//814
f 814//814 942//942 813//813
f 942//942 941//941 813//813
f 813//813 941//941 812//812
f 941//941 940//940 812//812
f 945//945 944//944 816//816
f 822//822 950//950 821//821
f 951//951 950//950 822//822
f 823//823 951//951 822//822
f 961//961 960//960 832//832
f 832//832 960//960 831//831
f 960//960 959//959 831//831
f 831//831 959//959 830//830
f 959//959 958//958 830//830
f 830//830 958//958 829//829
f 958//958 957//957 829//829
f 829//829 957//957 828//828
f 957//957 956//956 828//828
f 828//828 956//956 827//827
f 956//956 955//955 827//827
f 827//827 955//955 826//826
f 955//955 954//954 826//826
f 826//826 954//954 825//825
f 954//954 953//953 825//825
f 825//825 953//953 824//824
f 953//953 952//952 824//824
f 824//824 952//952 823//823
f 952//952 951//951 823//823
f 962//962 961//961 833//833
f 812//812 940//940 811//811
f 856//856 984//984 855//855
f 857//857 985//985 856//856
f 1017//1017 1016//1016 888//888
f 888//888 1016//1016 887//887
f 1016//1016 1015//1015 887//887
f 887//887 1015//1015 886//886
f 1015//1015 1014//1014 886//886
f 886//886 1014//1014 885//885
f 1014//1014 1013//1013 885//885
f 885//885 1013//1013 884//884
f 889//889 1017//1017 888//888
f 1013//1013 1012//1012 884//884
f 1012//1012 1011//1011 883//883
f 883//883 1011//1011 882//882
f 1011//1011 1010//1010 882//882
f 882//882 1010//1010 881//881
f 1010//1010 1009//1009 881//881
f 881//881 1009//1009 880//880
f 1009//1009 1008//1008 880//880
f 880//880 1008//1008 879//879
f 884//884 1012//1012 883//883
f 1018//1018 1017//1017 889//889
f 890//890 1018//1018 889//889
f 1019//1019 1018//1018 890//890
f 900//900 1028//1028 899//899
f 1028//1028 1027//1027 899//899
f 899//899 1027//1027 898//898
f 1027//1027 1026//1026 898//898
f 898//898 1026//1026 897//897
f 1026//1026 1025//1025 897//897
f 769//769 897//897 896//896
f 897//897 1024//1024 896//896
f 896//896 1024//1024 895//895
f 1024//1024 1023//1023 895//895
f 895//895 1023//1023 894//894
f 1023//1023 1022//1022 894//894
f 894//894 1022//1022 893//893
f 1022//1022 1021//1021 893//893
f 893//893 1021//1021 892//892
f 1021//1021 1020//1020 892//892
f 892//892 1020//1020 891//891
f 1020//1020 1019//1019 891//891
f 891//891 1019//1019 890//890
f 1008//1008 1007//1007 879//879
f 985//985 984//984 856//856
f 879//879 1007//1007 878//878
f 878//878 1006//1006 877//877
f 866//866 994//994 865//865
f 994//994 993//993 865//865
f 865//865 993//993 864//864
f 993//993 992//992 864//864
f 864//864 992//992 863//863
f 992//992 991//991 863//863
f 863//863 991//991 862//862
f 991//991 990//990 862//862
f 995//995 994//994 866//866
f 862//862 990//990 861//861
f 861//861 989//989 860//860
f 989//989 988//988 860//860
f 860//860 988//988 859//859
f 988//988 987//987 859//859
f 859//859 987//987 858//858
f 987//987 986//986 858//858
f 858//858 986//986 857//857
f 986//986 985//985 857//857
f 990//990 989//989 861//861
f 867//867 995//995 866//866
f 996//996 995//995 867//867
f 868//868 996//996 867//867
f 1006//1006 1005//1005 877//877
f 877//877 1005//1005 876//876
f 1005//1005 1004//1004 876//876
f 876//876 1004//1004 875//875
f 1004//1004 1003//1003 875//875
f 875//875 1003//1003 874//874
f 1003//1003 1002//1002 874//874
f 874//874 1002//1002 873//873
f 1002//1002 1001//1001 873//873
f 873//873 1001//1001 872//872
f 1001//1001 1000//1000 872//872
f 872//872 1000//1000 871//871
f 1000//1000 999//999 871//871
f 871//871 999//999 870//870
f 999//999 998//998 870//870
f 870//870 998//998 869//869
f 1081//1081 1209//1209 1080//1080
f 869//869 997//997 868//868
f 997//997 996//996 868//868
f 1007//1007 1006//1006 878//878
f 1029//1029 1028//1028 900//900
f 940//940 939//939 811//811
f 939//939 938//938 810//810
f 882//882 881//881 753//753
f 753//753 881//881 752//752
f 881//881 880//880 752//752
f 752//752 880//880 751//751
f 880//880 879//879 751//751
f 751//751 879//879 750//750
f 879//879 878//878 750//750
f 750//750 878//878 749//749
f 754//754 882//882 753//753
f 878//878 877//877 749//749
f 877//877 876//876 748//748
f 748//748 876//876 747//747
f 876//876 875//875 747//747
f 747//747 875//875 746//746
f 875//875 874//874 746//746
f 746//746 874//874 745//745
f 874//874 873//873 745//745
f 745//745 873//873 744//744
f 749//749 877//877 748//748
f 883//883 882//882 754//754
f 755//755 883//883 754//754
f 884//884 883//883 755//755
f 765//765 893//893 764//764
f 893//893 892//892 764//764
f 764//764 892//892 763//763
f 892//892 891//891 763//763
f 763//763 891//891 762//762
f 891//891 890//890 762//762
f 762//762 890//890 761//761
f 890//890 889//889 761//761
f 761//761 889//889 760//760
f 889//889 888//888 760//760
f 760//760 888//888 759//759
f 888//888 887//887 759//759
f 759//759 887//887 758//758
f 887//887 886//886 758//758
f 758//758 886//886 757//757
f 886//886 885//885 757//757
f 757//757 885//885 756//756
f 885//885 884//884 756//756
f 756//756 884//884 755//755
f 873//873 872//872 744//744
f 894//894 893//893 765//765
f 744//744 872//872 743//743
f 743//743 871//871 742//742
f 731//731 859//859 730//730
f 859//859 858//858 730//730
f 730//730 858//858 729//729
f 858//858 857//857 729//729
f 729//729 857//857 728//728
f 857//857 856//856 728//728
f 728//728 856//856 727//727
f 856//856 855//855 727//727
f 860//860 859//859 731//731
f 727//727 855//855 726//726
f 726//726 854//854 725//725
f 854//854 853//853 725//725
f 725//725 853//853 724//724
f 853//853 852//852 724//724
f 724//724 852//852 723//723
f 852//852 851//851 723//723
f 723//723 851//851 722//722
f 851//851 850//850 722//722
f 855//855 854//854 726//726
f 732//732 860//860 731//731
f 861//861 860//860 732//732
f 733//733 861//861 732//732
f 871//871 870//870 742//742
f 742//742 870//870 741//741
f 870//870 869//869 741//741
f 741//741 869//869 740//740
f 869//869 868//868 740//740
f 740//740 868//868 739//739
f 868//868 867//867 739//739
f 739//739 867//867 738//738
f 867//867 866//866 738//738
f 738//738 866//866 737//737
f 866//866 865//865 737//737
f 737//737 865//865 736//736
f 865//865 864//864 736//736
f 736//736 864//864 735//735
f 864//864 863//863 735//735
f 735//735 863//863 734//734
f 863//863 862//862 734//734
f 734//734 862//862 733//733
f 862//862 861//861 733//733
f 872//872 871//871 743//743
f 811//811 939//939 810//810
f 766//766 894//894 765//765
f 767//767 895//895 766//766
f 927//927 926//926 798//798
f 798//798 926//926 797//797
f 926//926 925//925 797//797
f 797//797 925//925 796//796
f 925//925 924//924 796//796
f 796//796 924//924 795//795
f 924//924 923//923 795//795
f 795//795 923//923 794//794
f 799//799 927//927 798//798
f 923//923 922//922 794//794
f 922//922 921//921 793//793
f 793//793 921//921 792//792
f 921//921 920//920 792//792
f 792//792 920//920 791//791
f 920//920 919//919 791//791
f 791//791 919//919 790//790
f 919//919 918//918 790//790
f 790//790 918//918 789//789
f 794//794 922//922 793//793
f 928//928 927//927 799//799
f 800//800 928//928 799//799
f 929//929 928//928 800//800
f 810//810 938//938 809//809
f 938//938 937//937 809//809
f 809//809 937//937 808//808
f 937//937 936//936 808//808
f 808//808 936//936 807//807
f 936//936 935//935 807//807
f 807//807 935//935 806//806
f 935//935 934//934 806//806
f 806//806 934//934 805//805
f 934//934 933//933 805//805
f 805//805 933//933 804//804
f 933//933 932//932 804//804
f 804//804 932//932 803//803
f 932//932 931//931 803//803
f 803//803 931//931 802//802
f 931//931 930//930 802//802
f 802//802 930//930 801//801
f 930//930 929//929 801//801
f 801//801 929//929 800//800
f 918//918 917//917 789//789
f 895//895 894//894 766//766
f 789//789 917//917 788//788
f 788//788 916//916 787//787
f 776//776 904//904 775//775
f 904//904 903//903 775//775
f 775//775 903//903 774//774
f 903//903 902//902 774//774
f 774//774 902//902 773//773
f 902//902 901//901 773//773
f 773//773 901//901 772//772
f 901//901 900//900 772//772
f 905//905 904//904 776//776
f 772//772 900//900 771//771
f 771//771 899//899 770//770
f 899//899 898//898 770//770
f 770//770 898//898 769//769
f 898//898 897//897 769//769
f 641//641 769//769 768//768
f 769//769 896//896 768//768
f 768//768 896//896 767//767
f 896//896 895//895 767//767
f 900//900 899//899 771//771
f 777//777 905//905 776//776
f 906//906 905//905 777//777
f 778//778 906//906 777//777
f 916//916 915//915 787//787
f 787//787 915//915 786//786
f 915//915 914//914 786//786
f 786//786 914//914 785//785
f 914//914 913//913 785//785
f 785//785 913//913 784//784
f 913//913 912//912 784//784
f 784//784 912//912 783//783
f 912//912 911//911 783//783
f 783//783 911//911 782//782
f 911//911 910//910 782//782
f 782//782 910//910 781//781
f 910//910 909//909 781//781
f 781//781 909//909 780//780
f 909//909 908//908 780//780
f 780//780 908//908 779//779
f 908//908 907//907 779//779
f 779//779 907//907 778//778
f 907//907 906//906 778//778
f 917//917 916//916 788//788
f 901//901 1029//1029 900//900
f 998//998 997//997 869//869
f 902//902 1030//1030 901//901
f 1152//1152 1151//1151 1023//1023
f 1030//1030 1029//1029 901//901
f 1151//1151 1150//1150 1022//1022
f 1022//1022 1150//1150 1021//1021
f 1150//1150 1149//1149 1021//1021
f 1021//1021 1149//1149 1020//1020
f 1149//1149 1148//1148 1020//1020
f 1020//1020 1148//1148 1019//1019
f 1024//1024 1152//1152 1023//1023
f 1148//1148 1147//1147 1019//1019
f 1147//1147 1146//1146 1018//1018
f 1018//1018 1146//1146 1017//1017
f 1146//1146 1145//1145 1017//1017
f 1017//1017 1145//1145 1016//1016
f 1145//1145 1144//1144 1016//1016
f 1016//1016 1144//1144 1015//1015
f 1144//1144 1143//1143 1015//1015
f 1015//1015 1143//1143 1014//1014
f 1019//1019 1147//1147 1018//1018
f 1025//1025 1152//1152 1024//1024
f 897//897 1025//1025 1024//1024
f 1154//1154 1153//1153 1025//1025
f 1035//1035 1163//1163 1034//1034
f 1163//1163 1162//1162 1034//1034
f 1034//1034 1162//1162 1033//1033
f 1162//1162 1161//1161 1033//1033
f 1033//1033 1161//1161 1032//1032
f 1161//1161 1160//1160 1032//1032
f 1032//1032 1160//1160 1031//1031
f 1160//1160 1159//1159 1031//1031
f 1031//1031 1159//1159 1030//1030
f 1159//1159 1158//1158 1030//1030
f 1030//1030 1158//1158 1029//1029
f 1158//1158 1157//1157 1029//1029
f 1029//1029 1157//1157 1028//1028
f 1157//1157 1156//1156 1028//1028
f 1028//1028 1156//1156 1027//1027
f 1156//1156 1155//1155 1027//1027
f 1027//1027 1155//1155 1026//1026
f 1155//1155 1154//1154 1026//1026
f 1026//1026 1154//1154 1025//1025
f 1143//1143 1142//1142 1014//1014
f 1164//1164 1163//1163 1035//1035
f 1014//1014 1142//1142 1013//1013
f 1013//1013 1141//1141 1012//1012
f 1001//1001 1129//1129 1000//1000
f 1129//1129 1128//1128 1000//1000
f 1000//1000 1128//1128 999//999
f 1128//1128 1127//1127 999//999
f 999//999 1127//1127 998//998
f 1127//1127 1126//1126 998//998
f 998//998 1126//1126 997//997
f 1126//1126 1125//1125 997//997
f 1130//1130 1129//1129 1001//1001
f 997//997 1125//1125 996//996
f 996//996 1124//1124 995//995
f 1124//1124 1123//1123 995//995
f 995//995 1123//1123 994//994
f 1123//1123 1122//1122 994//994
f 994//994 1122//1122 993//993
f 1122//1122 1121//1121 993//993
f 993//993 1121//1121 992//992
f 1121//1121 1120//1120 992//992
f 1125//1125 1124//1124 996//996
f 1002//1002 1130//1130 1001//1001
f 1131//1131 1130//1130 1002//1002
f 1003//1003 1131//1131 1002//1002
f 1141//1141 1140//1140 1012//1012
f 1012//1012 1140//1140 1011//1011
f 1140//1140 1139//1139 1011//1011
f 1011//1011 1139//1139 1010//1010
f 1139//1139 1138//1138 1010//1010
f 1010//1010 1138//1138 1009//1009
f 1138//1138 1137//1137 1009//1009
f 1009//1009 1137//1137 1008//1008
f 1137//1137 1136//1136 1008//1008
f 1008//1008 1136//1136 1007//1007
f 1136//1136 1135//1135 1007//1007
f 1007//1007 1135//1135 1006//1006
f 1135//1135 1134//1134 1006//1006
f 1006//1006 1134//1134 1005//1005
f 1134//1134 1133//1133 1005//1005
f 1005//1005 1133//1133 1004//1004
f 1133//1133 1132//1132 1004//1004
f 1004//1004 1132//1132 1003//1003
f 1132//1132 1131//1131 1003//1003
f 1142//1142 1141//1141 1013//1013
f 992//992 1120//1120 991//991
f 1036//1036 1164//1164 1035//1035
f 1037//1037 1165//1165 1036//1036
f 1197//1197 1196//1196 1068//1068
f 1068//1068 1196//1196 1067//1067
f 1196//1196 1195//1195 1067//1067
f 1067//1067 1195//1195 1066//1066
f 1195//1195 1194//1194 1066//1066
f 1066//1066 1194//1194 1065//1065
f 1194//1194 1193//1193 1065//1065
f 1065//1065 1193//1193 1064//1064
f 1069//1069 1197//1197 1068//1068
f 1193//1193 1192//1192 1064//1064
f 1192//1192 1191//1191 1063//1063
f 1063//1063 1191//1191 1062//1062
f 1191//1191 1190//1190 1062//1062
f 1062//1062 1190//1190 1061//1061
f 1190//1190 1189//1189 1061//1061
f 1061//1061 1189//1189 1060//1060
f 1189//1189 1188//1188 1060//1060
f 1060//1060 1188//1188 1059//1059
f 1064//1064 1192//1192 1063//1063
f 1198//1198 1197//1197 1069//1069
f 1070//1070 1198//1198 1069//1069
f 1199//1199 1198//1198 1070//1070
f 1080//1080 1208//1208 1079//1079
f 1208//1208 1207//1207 1079//1079
f 1079//1079 1207//1207 1078//1078
f 1207//1207 1206//1206 1078//1078
f 1078//1078 1206//1206 1077//1077
f 1206//1206 1205//1205 1077//1077
f 1077//1077 1205//1205 1076//1076
f 1205//1205 1204//1204 1076//1076
f 1076//1076 1204//1204 1075//1075
f 1204//1204 1203//1203 1075//1075
f 1075//1075 1203//1203 1074//1074
f 1203//1203 1202//1202 1074//1074
f 1074//1074 1202//1202 1073//1073
f 1202//1202 1201//1201 1073//1073
f 1073//1073 1201//1201 1072//1072
f 1201//1201 1200//1200 1072//1072
f 1072//1072 1200//1200 1071//1071
f 1200//1200 1199//1199 1071//1071
f 1071//1071 1199//1199 1070//1070
f 1188//1188 1187//1187 1059//1059
f 1165//1165 1164//1164 1036//1036
f 1059//1059 1187//1187 1058//1058
f 1058//1058 1186//1186 1057//1057
f 1046//1046 1174//1174 1045//1045
f 1174//1174 1173//1173 1045//1045
f 1045//1045 1173//1173 1044//1044
f 1173//1173 1172//1172 1044//1044
f 1044//1044 1172//1172 1043//1043
f 1172//1172 1171//1171 1043//1043
f 1043//1043 1171//1171 1042//1042
f 1171//1171 1170//1170 1042//1042
f 1175//1175 1174//1174 1046//1046
f 1042//1042 1170//1170 1041//1041
f 1041//1041 1169//1169 1040//1040
f 1169//1169 1168//1168 1040//1040
f 1040//1040 1168//1168 1039//1039
f 1168//1168 1167//1167 1039//1039
f 1039//1039 1167//1167 1038//1038
f 1167//1167 1166//1166 1038//1038
f 1038//1038 1166//1166 1037//1037
f 1166//1166 1165//1165 1037//1037
f 1170//1170 1169//1169 1041//1041
f 1047//1047 1175//1175 1046//1046
f 1176//1176 1175//1175 1047//1047
f 1048//1048 1176//1176 1047//1047
f 1186//1186 1185//1185 1057//1057
f 1057//1057 1185//1185 1056//1056
f 1185//1185 1184//1184 1056//1056
f 1056//1056 1184//1184 1055//1055
f 1184//1184 1183//1183 1055//1055
f 1055//1055 1183//1183 1054//1054
f 1183//1183 1182//1182 1054//1054
f 1054//1054 1182//1182 1053//1053
f 1182//1182 1181//1181 1053//1053
f 1053//1053 1181//1181 1052//1052
f 1181//1181 1180//1180 1052//1052
f 1052//1052 1180//1180 1051//1051
f 1180//1180 1179//1179 1051//1051
f 1051//1051 1179//1179 1050//1050
f 1179//1179 1178//1178 1050//1050
f 1050//1050 1178//1178 1049//1049
f 1178//1178 1177//1177 1049//1049
f 1049//1049 1177//1177 1048//1048
f 1177//1177 1176//1176 1048//1048
f 1187//1187 1186//1186 1058//1058
f 1120//1120 1119//1119 991//991
f 1023//1023 1151//1151 1022//1022
f 1119//1119 1118//1118 990//990
f 1062//1062 1061//1061 933//933
f 933//933 1061//1061 932//932
f 1061//1061 1060//1060 932//932
f 932//932 1060//1060 931//931
f 1060//1060 1059//1059 931//931
f 931//931 1059//1059 930//930
f 1059//1059 1058//1058 930//930
f 930//930 1058//1058 929//929
f 934//934 1062//1062 933//933
f 1058//1058 1057//1057 929//929
f 1057//1057 1056//1056 928//928
f 928//928 1056//1056 927//927
f 1056//1056 1055//1055 927//927
f 927//927 1055//1055 926//926
f 1055//1055 1054//1054 926//926
f 926//926 1054//1054 925//925
f 1054//1054 1053//1053 925//925
f 925//925 1053//1053 924//924
f 929//929 1057//1057 928//928
f 1063//1063 1062//1062 934//934
f 935//935 1063//1063 934//934
f 1064//1064 1063//1063 935//935
f 945//945 1073//1073 944//944
f 1073//1073 1072//1072 944//944
f 944//944 1072//1072 943//943
f 1072//1072 1071//1071 943//943
f 943//943 1071//1071 942//942
f 1071//1071 1070//1070 942//942
f 942//942 1070//1070 941//941
f 1070//1070 1069//1069 941//941
f 941//941 1069//1069 940//940
f 1069//1069 1068//1068 940//940
f 940//940 1068//1068 939//939
f 1068//1068 1067//1067 939//939
f 939//939 1067//1067 938//938
f 1067//1067 1066//1066 938//938
f 938//938 1066//1066 937//937
f 1066//1066 1065//1065 937//937
f 937//937 1065//1065 936//936
f 1065//1065 1064//1064 936//936
f 936//936 1064//1064 935//935
f 1053//1053 1052//1052 924//924
f 1074//1074 1073//1073 945//945
f 924//924 1052//1052 923//923
f 923//923 1051//1051 922//922
f 911//911 1039//1039 910//910
f 1039//1039 1038//1038 910//910
f 910//910 1038//1038 909//909
f 1038//1038 1037//1037 909//909
f 909//909 1037//1037 908//908
f 1037//1037 1036//1036 908//908
f 908//908 1036//1036 907//907
f 1036//1036 1035//1035 907//907
f 1040//1040 1039//1039 911//911
f 907//907 1035//1035 906//906
f 906//906 1034//1034 905//905
f 1034//1034 1033//1033 905//905
f 905//905 1033//1033 904//904
f 1033//1033 1032//1032 904//904
f 904//904 1032//1032 903//903
f 1032//1032 1031//1031 903//903
f 903//903 1031//1031 902//902
f 1031//1031 1030//1030 902//902
f 1035//1035 1034//1034 906//906
f 912//912 1040//1040 911//911
f 1041//1041 1040//1040 912//912
f 913//913 1041//1041 912//912
f 1051//1051 1050//1050 922//922
f 922//922 1050//1050 921//921
f 1050//1050 1049//1049 921//921
f 921//921 1049//1049 920//920
f 1049//1049 1048//1048 920//920
f 920//920 1048//1048 919//919
f 1048//1048 1047//1047 919//919
f 919//919 1047//1047 918//918
f 1047//1047 1046//1046 918//918
f 918//918 1046//1046 917//917
f 1046//1046 1045//1045 917//917
f 917//917 1045//1045 916//916
f 1045//1045 1044//1044 916//916
f 916//916 1044//1044 915//915
f 1044//1044 1043//1043 915//915
f 991//991 1119//1119 990//990
f 1043//1043 1042//1042 914//914
f 914//914 1042//1042 913//913
f 1042//1042 1041//1041 913//913
f 1052//1052 1051//1051 923//923
f 946//946 1074//1074 945//945
f 915//915 1043//1043 914//914
f 947//947 1075//1075 946//946
f 1107//1107 1106//1106 978//978
f 978//978 1106//1106 977//977
f 1106//1106 1105//1105 977//977
f 977//977 1105//1105 976//976
f 1105//1105 1104//1104 976//976
f 976//976 1104//1104 975//975
f 1104//1104 1103//1103 975//975
f 975//975 1103//1103 974//974
f 979//979 1107//1107 978//978
f 1103//1103 1102//1102 974//974
f 1102//1102 1101//1101 973//973
f 973//973 1101//1101 972//972
f 1101//1101 1100//1100 972//972
f 972//972 1100//1100 971//971
f 1100//1100 1099//1099 971//971
f 971//971 1099//1099 970//970
f 1099//1099 1098//1098 970//970
f 970//970 1098//1098 969//969
f 974//974 1102//1102 973//973
f 1108//1108 1107//1107 979//979
f 980//980 1108//1108 979//979
f 1109//1109 1108//1108 980//980
f 1075//1075 1074//1074 946//946
f 990//990 1118//1118 989//989
f 1118//1118 1117//1117 989//989
f 989//989 1117//1117 988//988
f 1117//1117 1116//1116 988//988
f 988//988 1116//1116 987//987
f 1116//1116 1115//1115 987//987
f 987//987 1115//1115 986//986
f 1115//1115 1114//1114 986//986
f 986//986 1114//1114 985//985
f 1114//1114 1113//1113 985//985
f 985//985 1113//1113 984//984
f 1113//1113 1112//1112 984//984
f 1112//1112 1111//1111 983//983
f 983//983 1111//1111 982//982
f 1111//1111 1110//1110 982//982
f 982//982 1110//1110 981//981
f 1110//1110 1109//1109 981//981
f 981//981 1109//1109 980//980
f 1098//1098 1097//1097 969//969
f 969//969 1097//1097 968//968
f 984//984 1112//1112 983//983
f 968//968 1096//1096 967//967
f 1085//1085 1084//1084 956//956
f 956//956 1084//1084 955//955
f 1084//1084 1083//1083 955//955
f 955//955 1083//1083 954//954
f 1083//1083 1082//1082 954//954
f 954//954 1082//1082 953//953
f 1082//1082 1081//1081 953//953
f 953//953 1081//1081 952//952
f 1081//1081 1080//1080 952//952
f 952//952 1080//1080 951//951
f 1080//1080 1079//1079 951//951
f 1079//1079 1078//1078 950//950
f 950//950 1078//1078 949//949
f 1078//1078 1077//1077 949//949
f 949//949 1077//1077 948//948
f 1077//1077 1076//1076 948//948
f 948//948 1076//1076 947//947
f 1097//1097 1096//1096 968//968
f 1076//1076 1075//1075 947//947
f 957//957 1085//1085 956//956
f 1086//1086 1085//1085 957//957
f 951//951 1079//1079 950//950
f 1087//1087 1086//1086 958//958
f 967//967 1095//1095 966//966
f 1096//1096 1095//1095 967//967
f 958//958 1086//1086 957//957
f 1095//1095 1094//1094 966//966
f 966//966 1094//1094 965//965
f 1094//1094 1093//1093 965//965
f 1093//1093 1092//1092 964//964
f 964//964 1092//1092 963//963
f 1092//1092 1091//1091 963//963
f 963//963 1091//1091 962//962
f 965//965 1093//1093 964//964
f 962//962 1090//1090 961//961
f 1090//1090 1089//1089 961//961
f 959//959 1087//1087 958//958
f 961//961 1089//1089 960//960
f 1089//1089 1088//1088 960//960
f 960//960 1088//1088 959//959
f 1088//1088 1087//1087 959//959
f 1091//1091 1090//1090 962//962
f 3074//3074 3029//3029 3028//3028
f 3074//3074 3030//3030 3029//3029
f 3074//3074 3031//3031 3030//3030
f 3074//3074 3032//3032 3031//3031
f 3074//3074 3034//3034 3033//3033
f 3074//3074 3033//3033 3032//3032
f 3074//3074 3035//3035 3034//3034
f 3074//3074 3036//3036 3035//3035
f 3074//3074 3028//3028 3027//3027
f 3074//3074 3038//3038 3037//3037
f 3074//3074 3037//3037 3036//3036
f 3074//3074 3039//3039 3038//3038
f 3074//3074 3027//3027 3026//3026
f 3074//3074 3018//3018 3017//3017
f 3074//3074 3025//3025 3024//3024
f 3074//3074 3024//3024 3023//3023
f 3074//3074 3023//3023 3022//3022
f 3074//3074 3022//3022 3021//3021
f 3074//3074 3021//3021 3020//3020
f 3074//3074 3020//3020 3019//3019
f 3074//3074 3019//3019 3018//3018
f 3074//3074 3017//3017 3016//3016
f 3074//3074 3016//3016 3015//3015
f 3074//3074 3015//3015 3014//3014
f 3074//3074 3014//3014 3013//3013
f 3074//3074 3040//3040 3039//3039
f 3074//3074 3013//3013 3012//3012
f 3074//3074 3012//3012 3011//3011
f 3074//3074 3026//3026 3025//3025
f 3074//3074 3041//3041 3040//3040
f 3074//3074 3062//3062 3061//3061
f 3074//3074 3043//3043 3042//3042
f 3074//3074 3072//3072 3071//3071
f 3074//3074 3011//3011 3010//3010
f 3074//3074 3071//3071 3070//3070
f 3074//3074 3070//3070 3069//3069
f 3074//3074 3069//3069 3068//3068
f 3074//3074 3068//3068 3067//3067
f 3074//3074 3067//3067 3066//3066
f 3074//3074 3066//3066 3065//3065
f 3074//3074 3065//3065 3064//3064
f 3074//3074 3064//3064 3063//3063
f 3074//3074 3063//3063 3062//3062
f 3074//3074 3061//3061 3060//3060
f 3074//3074 3060//3060 3059//3059
f 3074//3074 3059//3059 3058//3058
f 3074//3074 3058//3058 3057//3057
f 3074//3074 3057//3057 3056//3056
f 3074//3074 3056//3056 3055//3055
f 3074//3074 3055//3055 3054//3054
f 3074//3074 3054//3054 3053//3053
f 3074//3074 3053//3053 3052//3052
f 3074//3074 3052//3052 3051//3051
f 3074//3074 3051//3051 3050//3050
f 3074//3074 3050//3050 3049//3049
f 3074//3074 3049//3049 3048//3048
f 3074//3074 3048//3048 3047//3047
f 3074//3074 3047//3047 3046//3046
f 3074//3074 3046//3046 3045//3045
f 3074//3074 3045//3045 3044//3044
f 3074//3074 3044//3044 3043//3043
f 3074//3074 3042//3042 3041//3041
f 3074//3074 3010//3010 3009//3009
f 3074//3074 2966//2966 2965//2965
f 3074//3074 3008//3008 3007//3007
f 3074//3074 2974//2974 2973//2973
f 3074//3074 2973//2973 2972//2972
f 3074//3074 2972//2972 2971//2971
f 3074//3074 2971//2971 2970//2970
f 3074//3074 2970//2970 2969//2969
f 3074//3074 2969//2969 2968//2968
f 3074//3074 2968//2968 2967//2967
f 3074//3074 2967//2967 2966//2966
f 3074//3074 2965//2965 2964//2964
f 3074//3074 2964//2964 2963//2963
f 3074//3074 2963//2963 2962//2962
f 3074//3074 2962//2962 2961//2961
f 3074//3074 2961//2961 2960//2960
f 3074//3074 2975//2975 2974//2974
f 3074//3074 2960//2960 2959//2959
f 3074//3074 2958//2958 2957//2957
f 3074//3074 2957//2957 2956//2956
f 3074//3074 2956//2956 2955//2955
f 3074//3074 2955//2955 2954//2954
f 3074//3074 2954//2954 2953//2953
f 3074//3074 2953//2953 2952//2952
f 3074//3074 2952//2952 2951//2951
f 3074//3074 2951//2951 2950//2950
f 3074//3074 2950//2950 2949//2949
f 3074//3074 2949//2949 2948//2948
f 3074//3074 2948//2948 2947//2947
f 3074//3074 2947//2947 2946//2946
f 3074//3074 3073//3073 3072//3072
f 3074//3074 2959//2959 2958//2958
f 3074//3074 2976//2976 2975//2975
f 3074//3074 2977//2977 2976//2976
f 3074//3074 2978//2978 2977//2977
f 3074//3074 3007//3007 3006//3006
f 3074//3074 3006//3006 3005//3005
f 3074//3074 3005//3005 3004//3004
f 3074//3074 3004//3004 3003//3003
f 3074//3074 3003//3003 3002//3002
f 3074//3074 3002//3002 3001//3001
f 3074//3074 3001//3001 3000//3000
f 3074//3074 3000//3000 2999//2999
f 3074//3074 2999//2999 2998//2998
f 3074//3074 2998//2998 2997//2997
f 3074//3074 2997//2997 2996//2996
f 3074//3074 2996//2996 2995//2995
f 3074//3074 2995//2995 2994//2994
f 3074//3074 2994//2994 2993//2993
f 3074//3074 2993//2993 2992//2992
f 3074//3074 2992//2992 2991//2991
f 3074//3074 2991//2991 2990//2990
f 3074//3074 2990//2990 2989//2989
f 3074//3074 2989//2989 2988//2988
f 3074//3074 2988//2988 2987//2987
f 3074//3074 2987//2987 2986//2986
f 3074//3074 2986//2986 2985//2985
f 3074//3074 2985//2985 2984//2984
f 3074//3074 2984//2984 2983//2983
f 3074//3074 2983//2983 2982//2982
f 3074//3074 2982//2982 2981//2981
f 3074//3074 2981//2981 2980//2980
f 3074//3074 2980//2980 2979//2979
f 3074//3074 2979//2979 2978//2978
f 3074//3074 3009//3009 3008//3008
f 3074//3074 2946//2946 3073//3073
o front_lens_pupil
v 0.0183749664 0.0033292800 0.0941126000
v 0.0183749664 0.0033252697 0.0942759600
v 0.0183749664 0.0033132486 0.0944389265
v 0.0183749664 0.0032932456 0.0946011068
v 0.0183749664 0.0032653088 0.0947621103
v 0.0183749664 0.0032295057 0.0949215491
v 0.0183749664 0.0031859223 0.0950790390
v 0.0183749664 0.0031346638 0.0952342007
v 0.0183749664 0.0030758536 0.0953866603
v 0.0183749664 0.0030096335 0.0955360506
v 0.0183749664 0.0029361628 0.0956820117
v 0.0183749664 0.0028556187 0.0958241920
v 0.0183749664 0.0027681952 0.0959622489
v 0.0183749664 0.0026741028 0.0960958498
v 0.0183749664 0.0025735682 0.0962246729
v 0.0183749664 0.0024668338 0.0963484078
v 0.0183749664 0.0023541565 0.0964667565
v 0.0183749664 0.0022358078 0.0965794338
v 0.0183749664 0.0021120729 0.0966861682
v 0.0183749664 0.0019832498 0.0967867028
v 0.0183749664 0.0018496489 0.0968807952
v 0.0183749664 0.0017115920 0.0969682187
v 0.0183749664 0.0015694117 0.0970487628
v 0.0183749664 0.0014234506 0.0971222335
v 0.0183749664 0.0012740603 0.0971884536
v 0.0183749664 0.0011216007 0.0972472638
v 0.0183749664 0.0009664390 0.0972985223
v 0.0183749664 0.0008089491 0.0973421057
v 0.0183749664 0.0006495103 0.0973779088
v 0.0183749664 0.0004885068 0.0974058456
v 0.0183749664 0.0003263265 0.0974258486
v 0.0183749664 0.0001633600 0.0974378697
v 0.0183749664 0.0000000000 0.0974418800
v 0.0183749664 -0.0001633600 0.0974378697
v 0.0183749664 -0.0003263265 0.0974258486
v 0.0183749664 -0.0004885068 0.0974058456
v 0.0183749664 -0.0006495103 0.0973779088
v 0.0183749664 -0.0008089491 0.0973421057
v 0.0183749664 -0.0009664390 0.0972985223
v 0.0183749664 -0.0011216007 0.0972472638
v 0.0183749664 -0.0012740603 0.0971884536
v 0.0183749664 -0.0014234506 0.0971222335
v 0.0183749664 -0.0015694117 0.0970487628
v 0.0183749664 -0.0017115920 0.0969682187
v 0.0183749664 -0.0018496489 0.0968807952
v 0.0183749664 -0.0019832498 0.0967867028
v 0.0183749664 -0.0021120729 0.0966861682
v 0.0183749664 -0.0022358078 0.0965794338
v 0.0183749664 -0.0023541565 0.0964667565
v 0.0183749664 -0.0024668338 0.0963484078
v 0.0183749664 -0.0025735682 0.0962246729
v 0.0183749664 -0.0026741028 0.0960958498
v 0.0183749664 -0.0027681952 0.0959622489
v 0.0183749664 -0.0028556187 0.0958241920
v 0.0183749664 -0.0029361628 0.0956820117
v 0.0183749664 -0.0030096335 0.0955360506
v 0.0183749664 -0.0030758536 0.0953866603
v 0.0183749664 -0.0031346638 0.0952342007
v 0.0183749664 -0.0031859223 0.0950790390
v 0.0183749664 -0.0032295057 0.0949215491
v 0.0183749664 -0.0032653088 0.0947621103
v 0.0183749664 -0.0032932456 0.0946011068
v 0.0183749664 -0.0033132486 0.0944389265
v 0.0183749664 -0.0033252697 0.0942759600
v 0.0183749664 -0.0033292800 0.0941126000
v 0.0183749664 -0.0033252697 0.0939492400
v 0.0183749664 -0.0033132486 0.0937862735
v 0.0183749664 -0.0032932456 0.0936240932
v 0.0183749664 -0.0032653088 0.0934630897
v 0.0183749664 -0.0032295057 0.0933036509
v 0.0183749664 -0.0031859223 0.0931461610
v 0.0183749664 -0.0031346638 0.0929909993
v 0.0183749664 -0.0030758536 0.0928385397
v 0.0183749664 -0.0030096335 0.0926891494
v 0.0183749664 -0.0029361628 0.0925431883
v 0.0183749664 -0.0028556187 0.0924010080
v 0.0183749664 -0.0027681952 0.0922629511
v 0.0183749664 -0.0026741028 0.0921293502
v 0.0183749664 -0.0025735682 0.0920005271
v 0.0183749664 -0.0024668338 0.0918767922
v 0.0183749664 -0.0023541565 0.0917584435
v 0.0183749664 -0.0022358078 0.0916457662
v 0.0183749664 -0.0021120729 0.0915390318
v 0.0183749664 -0.0019832498 0.0914384972
v 0.0183749664 -0.0018496489 0.0913444048
v 0.0183749664 -0.0017115920 0.0912569813
v 0.0183749664 -0.0015694117 0.0911764372
v 0.0183749664 -0.0014234506 0.0911029665
v 0.0183749664 -0.0012740603 0.0910367464
v 0.0183749664 -0.0011216007 0.0909779362
v 0.0183749664 -0.0009664390 0.0909266777
v 0.0183749664 -0.0008089491 0.0908830943
v 0.0183749664 -0.0006495103 0.0908472912
v 0.0183749664 -0.0004885068 0.0908193544
v 0.0183749664 -0.0003263265 0.0907993514
v 0.0183749664 -0.0001633600 0.0907873303
v 0.0183749664 -0.0000000000 0.0907833200
v 0.0183749664 0.0001633600 0.0907873303
v 0.0183749664 0.0003263265 0.0907993514
v 0.0183749664 0.0004885068 0.0908193544
v 0.0183749664 0.0006495103 0.0908472912
v 0.0183749664 0.0008089491 0.0908830943
v 0.0183749664 0.0009664390 0.0909266777
v 0.0183749664 0.0011216007 0.0909779362
v 0.0183749664 0.0012740603 0.0910367464
v 0.0183749664 0.0014234506 0.0911029665
v 0.0183749664 0.0015694117 0.0911764372
v 0.0183749664 0.0017115920 0.0912569813
v 0.0183749664 0.0018496489 0.0913444048
v 0.0183749664 0.0019832498 0.0914384972
v 0.0183749664 0.0021120729 0.0915390318
v 0.0183749664 0.0022358078 0.0916457662
v 0.0183749664 0.0023541565 0.0917584435
v 0.0183749664 0.0024668338 0.0918767922
v 0.0183749664 0.0025735682 0.0920005271
v 0.0183749664 0.0026741028 0.0921293502
v 0.0183749664 0.0027681952 0.0922629511
v 0.0183749664 0.0028556187 0.0924010080
v 0.0183749664 0.0029361628 0.0925431883
v 0.0183749664 0.0030096335 0.0926891494
v 0.0183749664 0.0030758536 0.0928385397
v 0.0183749664 0.0031346638 0.0929909993
v 0.0183749664 0.0031859223 0.0931461610
v 0.0183749664 0.0032295057 0.0933036509
v 0.0183749664 0.0032653088 0.0934630897
v 0.0183749664 0.0032932456 0.0936240932
v 0.0183749664 0.0033132486 0.0937862735
v 0.0183749664 0.0033252697 0.0939492400
v 0.0183857487 0.0031845287 0.0941126000
v 0.0183857487 0.0031806928 0.0942688574
v 0.0183857487 0.0031691943 0.0944247384
v 0.0183857487 0.0031500610 0.0945798674
v 0.0183857487 0.0031233389 0.0947338707
v 0.0183857487 0.0030890924 0.0948863774
v 0.0183857487 0.0030474040 0.0950370199
v 0.0183857487 0.0029983741 0.0951854354
v 0.0183857487 0.0029421209 0.0953312664
v 0.0183857487 0.0028787798 0.0954741615
v 0.0183857487 0.0028085036 0.0956137764
v 0.0183857487 0.0027314614 0.0957497749
v 0.0183857487 0.0026478388 0.0958818293
v 0.0183857487 0.0025578374 0.0960096215
v 0.0183857487 0.0024616740 0.0961328436
v 0.0183857487 0.0023595801 0.0962511988
v 0.0183857487 0.0022518018 0.0963644018
v 0.0183857487 0.0021385988 0.0964721801
v 0.0183857487 0.0020202436 0.0965742740
v 0.0183857487 0.0018970215 0.0966704374
v 0.0183857487 0.0017692293 0.0967604388
v 0.0183857487 0.0016371749 0.0968440614
v 0.0183857487 0.0015011764 0.0969211036
v 0.0183857487 0.0013615615 0.0969913798
v 0.0183857487 0.0012186664 0.0970547209
v 0.0183857487 0.0010728354 0.0971109741
v 0.0183857487 0.0009244199 0.0971600040
v 0.0183857487 0.0007737774 0.0972016924
v 0.0183857487 0.0006212707 0.0972359389
v 0.0183857487 0.0004672674 0.0972626610
v 0.0183857487 0.0003121384 0.0972817943
v 0.0183857487 0.0001562574 0.0972932928
v 0.0183857487 0.0000000000 0.0972971287
v 0.0183857487 -0.0001562574 0.0972932928
v 0.0183857487 -0.0003121384 0.0972817943
v 0.0183857487 -0.0004672674 0.0972626610
v 0.0183857487 -0.0006212707 0.0972359389
v 0.0183857487 -0.0007737774 0.0972016924
v 0.0183857487 -0.0009244199 0.0971600040
v 0.0183857487 -0.0010728354 0.0971109741
v 0.0183857487 -0.0012186664 0.0970547209
v 0.0183857487 -0.0013615615 0.0969913798
v 0.0183857487 -0.0015011764 0.0969211036
v 0.0183857487 -0.0016371749 0.0968440614
v 0.0183857487 -0.0017692293 0.0967604388
v 0.0183857487 -0.0018970215 0.0966704374
v 0.0183857487 -0.0020202436 0.0965742740
v 0.0183857487 -0.0021385988 0.0964721801
v 0.0183857487 -0.0022518018 0.0963644018
v 0.0183857487 -0.0023595801 0.0962511988
v 0.0183857487 -0.0024616740 0.0961328436
v 0.0183857487 -0.0025578374 0.0960096215
v 0.0183857487 -0.0026478388 0.0958818293
v 0.0183857487 -0.0027314614 0.0957497749
v 0.0183857487 -0.0028085036 0.0956137764
v 0.0183857487 -0.0028787798 0.0954741615
v 0.0183857487 -0.0029421209 0.0953312664
v 0.0183857487 -0.0029983741 0.0951854354
v 0.0183857487 -0.0030474040 0.0950370199
v 0.0183857487 -0.0030890924 0.0948863774
v 0.0183857487 -0.0031233389 0.0947338707
v 0.0183857487 -0.0031500610 0.0945798674
v 0.0183857487 -0.0031691943 0.0944247384
v 0.0183857487 -0.0031806928 0.0942688574
v 0.0183857487 -0.0031845287 0.0941126000
v 0.0183857487 -0.0031806928 0.0939563426
v 0.0183857487 -0.0031691943 0.0938004616
v 0.0183857487 -0.0031500610 0.0936453326
v 0.0183857487 -0.0031233389 0.0934913293
v 0.0183857487 -0.0030890924 0.0933388226
v 0.0183857487 -0.0030474040 0.0931881801
v 0.0183857487 -0.0029983741 0.0930397646
v 0.0183857487 -0.0029421209 0.0928939336
v 0.0183857487 -0.0028787798 0.0927510385
v 0.0183857487 -0.0028085036 0.0926114236
v 0.0183857487 -0.0027314614 0.0924754251
v 0.0183857487 -0.0026478388 0.0923433707
v 0.0183857487 -0.0025578374 0.0922155785
v 0.0183857487 -0.0024616740 0.0920923564
v 0.0183857487 -0.0023595801 0.0919740012
v 0.0183857487 -0.0022518018 0.0918607982
v 0.0183857487 -0.0021385988 0.0917530199
v 0.0183857487 -0.0020202436 0.0916509260
v 0.0183857487 -0.0018970215 0.0915547626
v 0.0183857487 -0.0017692293 0.0914647612
v 0.0183857487 -0.0016371749 0.0913811386
v 0.0183857487 -0.0015011764 0.0913040964
v 0.0183857487 -0.0013615615 0.0912338202
v 0.0183857487 -0.0012186664 0.0911704791
v 0.0183857487 -0.0010728354 0.0911142259
v 0.0183857487 -0.0009244199 0.0910651960
v 0.0183857487 -0.0007737774 0.0910235076
v 0.0183857487 -0.0006212707 0.0909892611
v 0.0183857487 -0.0004672674 0.0909625390
v 0.0183857487 -0.0003121384 0.0909434057
v 0.0183857487 -0.0001562574 0.0909319072
v 0.0183857487 -0.0000000000 0.0909280713
v 0.0183857487 0.0001562574 0.0909319072
v 0.0183857487 0.0003121384 0.0909434057
v 0.0183857487 0.0004672674 0.0909625390
v 0.0183857487 0.0006212707 0.0909892611
v 0.0183857487 0.0007737774 0.0910235076
v 0.0183857487 0.0009244199 0.0910651960
v 0.0183857487 0.0010728354 0.0911142259
v 0.0183857487 0.0012186664 0.0911704791
v 0.0183857487 0.0013615615 0.0912338202
v 0.0183857487 0.0015011764 0.0913040964
v 0.0183857487 0.0016371749 0.0913811386
v 0.0183857487 0.0017692293 0.0914647612
v 0.0183857487 0.0018970215 0.0915547626
v 0.0183857487 0.0020202436 0.0916509260
v 0.0183857487 0.0021385988 0.0917530199
v 0.0183857487 0.0022518018 0.0918607982
v 0.0183857487 0.0023595801 0.0919740012
v 0.0183857487 0.0024616740 0.0920923564
v 0.0183857487 0.0025578374 0.0922155785
v 0.0183857487 0.0026478388 0.0923433707
v 0.0183857487 0.0027314614 0.0924754251
v 0.0183857487 0.0028085036 0.0926114236
v 0.0183857487 0.0028787798 0.0927510385
v 0.0183857487 0.0029421209 0.0928939336
v 0.0183857487 0.0029983741 0.0930397646
v 0.0183857487 0.0030474040 0.0931881801
v 0.0183857487 0.0030890924 0.0933388226
v 0.0183857487 0.0031233389 0.0934913293
v 0.0183857487 0.0031500610 0.0936453326
v 0.0183857487 0.0031691943 0.0938004616
v 0.0183857487 0.0031806928 0.0939563426
v 0.0183960257 0.0030397774 0.0941126000
v 0.0183960257 0.0030361158 0.0942617548
v 0.0183960257 0.0030251400 0.0944105503
v 0.0183960257 0.0030068764 0.0945586280
v 0.0183960257 0.0029813689 0.0947056312
v 0.0183960257 0.0029486791 0.0948512057
v 0.0183960257 0.0029088856 0.0949950008
v 0.0183960257 0.0028620844 0.0951366702
v 0.0183960257 0.0028083881 0.0952758724
v 0.0183960257 0.0027479262 0.0954122723
v 0.0183960257 0.0026808443 0.0955455411
v 0.0183960257 0.0026073040 0.0956753579
v 0.0183960257 0.0025274825 0.0958014098
v 0.0183960257 0.0024415721 0.0959233933
v 0.0183960257 0.0023497797 0.0960410144
v 0.0183960257 0.0022523265 0.0961539897
v 0.0183960257 0.0021494472 0.0962620472
v 0.0183960257 0.0020413897 0.0963649265
v 0.0183960257 0.0019284144 0.0964623797
v 0.0183960257 0.0018107933 0.0965541721
v 0.0183960257 0.0016888098 0.0966400825
v 0.0183960257 0.0015627579 0.0967199040
v 0.0183960257 0.0014329411 0.0967934443
v 0.0183960257 0.0012996723 0.0968605262
v 0.0183960257 0.0011632724 0.0969209881
v 0.0183960257 0.0010240702 0.0969746844
v 0.0183960257 0.0008824008 0.0970214856
v 0.0183960257 0.0007386057 0.0970612791
v 0.0183960257 0.0005930312 0.0970939689
v 0.0183960257 0.0004460280 0.0971194764
v 0.0183960257 0.0002979503 0.0971377400
v 0.0183960257 0.0001491548 0.0971487158
v 0.0183960257 0.0000000000 0.0971523774
v 0.0183960257 -0.0001491548 0.0971487158
v 0.0183960257 -0.0002979503 0.0971377400
v 0.0183960257 -0.0004460280 0.0971194764
v 0.0183960257 -0.0005930312 0.0970939689
v 0.0183960257 -0.0007386057 0.0970612791
v 0.0183960257 -0.0008824008 0.0970214856
v 0.0183960257 -0.0010240702 0.0969746844
v 0.0183960257 -0.0011632724 0.0969209881
v 0.0183960257 -0.0012996723 0.0968605262
v 0.0183960257 -0.0014329411 0.0967934443
v 0.0183960257 -0.0015627579 0.0967199040
v 0.0183960257 -0.0016888098 0.0966400825
v 0.0183960257 -0.0018107933 0.0965541721
v 0.0183960257 -0.0019284144 0.0964623797
v 0.0183960257 -0.0020413897 0.0963649265
v 0.0183960257 -0.0021494472 0.0962620472
v 0.0183960257 -0.0022523265 0.0961539897
v 0.0183960257 -0.0023497797 0.0960410144
v 0.0183960257 -0.0024415721 0.0959233933
v 0.0183960257 -0.0025274825 0.0958014098
v 0.0183960257 -0.0026073040 0.0956753579
v 0.0183960257 -0.0026808443 0.0955455411
v 0.0183960257 -0.0027479262 0.0954122723
v 0.0183960257 -0.0028083881 0.0952758724
v 0.0183960257 -0.0028620844 0.0951366702
v 0.0183960257 -0.0029088856 0.0949950008
v 0.0183960257 -0.0029486791 0.0948512057
v 0.0183960257 -0.0029813689 0.0947056312
v 0.0183960257 -0.0030068764 0.0945586280
v 0.0183960257 -0.0030251400 0.0944105503
v 0.0183960257 -0.0030361158 0.0942617548
v 0.0183960257 -0.0030397774 0.0941126000
v 0.0183960257 -0.0030361158 0.0939634452
v 0.0183960257 -0.0030251400 0.0938146497
v 0.0183960257 -0.0030068764 0.0936665720
v 0.0183960257 -0.0029813689 0.0935195688
v 0.0183960257 -0.0029486791 0.0933739943
v 0.0183960257 -0.0029088856 0.0932301992
v 0.0183960257 -0.0028620844 0.0930885298
v 0.0183960257 -0.0028083881 0.0929493276
v 0.0183960257 -0.0027479262 0.0928129277
v 0.0183960257 -0.0026808443 0.0926796589
v 0.0183960257 -0.0026073040 0.0925498421
v 0.0183960257 -0.0025274825 0.0924237902
v 0.0183960257 -0.0024415721 0.0923018067
v 0.0183960257 -0.0023497797 0.0921841856
v 0.0183960257 -0.0022523265 0.0920712103
v 0.0183960257 -0.0021494472 0.0919631528
v 0.0183960257 -0.0020413897 0.0918602735
v 0.0183960257 -0.0019284144 0.0917628203
v 0.0183960257 -0.0018107933 0.0916710279
v 0.0183960257 -0.0016888098 0.0915851175
v 0.0183960257 -0.0015627579 0.0915052960
v 0.0183960257 -0.0014329411 0.0914317557
v 0.0183960257 -0.0012996723 0.0913646738
v 0.0183960257 -0.0011632724 0.0913042119
v 0.0183960257 -0.0010240702 0.0912505156
v 0.0183960257 -0.0008824008 0.0912037144
v 0.0183960257 -0.0007386057 0.0911639209
v 0.0183960257 -0.0005930312 0.0911312311
v 0.0183960257 -0.0004460280 0.0911057236
v 0.0183960257 -0.0002979503 0.0910874600
v 0.0183960257 -0.0001491548 0.0910764842
v 0.0183960257 -0.0000000000 0.0910728226
v 0.0183960257 0.0001491548 0.0910764842
v 0.0183960257 0.0002979503 0.0910874600
v 0.0183960257 0.0004460280 0.0911057236
v 0.0183960257 0.0005930312 0.0911312311
v 0.0183960257 0.0007386057 0.0911639209
v 0.0183960257 0.0008824008 0.0912037144
v 0.0183960257 0.0010240702 0.0912505156
v 0.0183960257 0.0011632724 0.0913042119
v 0.0183960257 0.0012996723 0.0913646738
v 0.0183960257 0.0014329411 0.0914317557
v 0.0183960257 0.0015627579 0.0915052960
v 0.0183960257 0.0016888098 0.0915851175
v 0.0183960257 0.0018107933 0.0916710279
v 0.0183960257 0.0019284144 0.0917628203
v 0.0183960257 0.0020413897 0.0918602735
v 0.0183960257 0.0021494472 0.0919631528
v 0.0183960257 0.0022523265 0.0920712103
v 0.0183960257 0.0023497797 0.0921841856
v 0.0183960257 0.0024415721 0.0923018067
v 0.0183960257 0.0025274825 0.0924237902
v 0.0183960257 0.0026073040 0.0925498421
v 0.0183960257 0.0026808443 0.0926796589
v 0.0183960257 0.0027479262 0.0928129277
v 0.0183960257 0.0028083881 0.0929493276
v 0.0183960257 0.0028620844 0.0930885298
v 0.0183960257 0.0029088856 0.0932301992
v 0.0183960257 0.0029486791 0.0933739943
v 0.0183960257 0.0029813689 0.0935195688
v 0.0183960257 0.0030068764 0.0936665720
v 0.0183960257 0.0030251400 0.0938146497
v 0.0183960257 0.0030361158 0.0939634452
v 0.0184058012 0.0028950261 0.0941126000
v 0.0184058012 0.0028915389 0.0942546522
v 0.0184058012 0.0028810857 0.0943963622
v 0.0184058012 0.0028636918 0.0945373886
v 0.0184058012 0.0028393990 0.0946773916
v 0.0184058012 0.0028082658 0.0948160340
v 0.0184058012 0.0027703672 0.0949529817
v 0.0184058012 0.0027257946 0.0950879049
v 0.0184058012 0.0026746553 0.0952204785
v 0.0184058012 0.0026170726 0.0953503831
v 0.0184058012 0.0025531851 0.0954773059
v 0.0184058012 0.0024831467 0.0956009409
v 0.0184058012 0.0024071262 0.0957209903
v 0.0184058012 0.0023253068 0.0958371650
v 0.0184058012 0.0022378854 0.0959491851
v 0.0184058012 0.0021450728 0.0960567807
v 0.0184058012 0.0020470926 0.0961596926
v 0.0184058012 0.0019441807 0.0962576728
v 0.0184058012 0.0018365851 0.0963504854
v 0.0184058012 0.0017245650 0.0964379068
v 0.0184058012 0.0016083903 0.0965197262
v 0.0184058012 0.0014883409 0.0965957467
v 0.0184058012 0.0013647059 0.0966657851
v 0.0184058012 0.0012377831 0.0967296726
v 0.0184058012 0.0011078785 0.0967872553
v 0.0184058012 0.0009753049 0.0968383946
v 0.0184058012 0.0008403817 0.0968829672
v 0.0184058012 0.0007034340 0.0969208658
v 0.0184058012 0.0005647916 0.0969519990
v 0.0184058012 0.0004247886 0.0969762918
v 0.0184058012 0.0002837622 0.0969936857
v 0.0184058012 0.0001420522 0.0970041389
v 0.0184058012 0.0000000000 0.0970076261
v 0.0184058012 -0.0001420522 0.0970041389
v 0.0184058012 -0.0002837622 0.0969936857
v 0.0184058012 -0.0004247886 0.0969762918
v 0.0184058012 -0.0005647916 0.0969519990
v 0.0184058012 -0.0007034340 0.0969208658
v 0.0184058012 -0.0008403817 0.0968829672
v 0.0184058012 -0.0009753049 0.0968383946
v 0.0184058012 -0.0011078785 0.0967872553
v 0.0184058012 -0.0012377831 0.0967296726
v 0.0184058012 -0.0013647059 0.0966657851
v 0.0184058012 -0.0014883409 0.0965957467
v 0.0184058012 -0.0016083903 0.0965197262
v 0.0184058012 -0.0017245650 0.0964379068
v 0.0184058012 -0.0018365851 0.0963504854
v 0.0184058012 -0.0019441807 0.0962576728
v 0.0184058012 -0.0020470926 0.0961596926
v 0.0184058012 -0.0021450728 0.0960567807
v 0.0184058012 -0.0022378854 0.0959491851
v 0.0184058012 -0.0023253068 0.0958371650
v 0.0184058012 -0.0024071262 0.0957209903
v 0.0184058012 -0.0024831467 0.0956009409
v 0.0184058012 -0.0025531851 0.0954773059
v 0.0184058012 -0.0026170726 0.0953503831
v 0.0184058012 -0.0026746553 0.0952204785
v 0.0184058012 -0.0027257946 0.0950879049
v 0.0184058012 -0.0027703672 0.0949529817
v 0.0184058012 -0.0028082658 0.0948160340
v 0.0184058012 -0.0028393990 0.0946773916
v 0.0184058012 -0.0028636918 0.0945373886
v 0.0184058012 -0.0028810857 0.0943963622
v 0.0184058012 -0.0028915389 0.0942546522
v 0.0184058012 -0.0028950261 0.0941126000
v 0.0184058012 -0.0028915389 0.0939705478
v 0.0184058012 -0.0028810857 0.0938288378
v 0.0184058012 -0.0028636918 0.0936878114
v 0.0184058012 -0.0028393990 0.0935478084
v 0.0184058012 -0.0028082658 0.0934091660
v 0.0184058012 -0.0027703672 0.0932722183
v 0.0184058012 -0.0027257946 0.0931372951
v 0.0184058012 -0.0026746553 0.0930047215
v 0.0184058012 -0.0026170726 0.0928748169
v 0.0184058012 -0.0025531851 0.0927478941
v 0.0184058012 -0.0024831467 0.0926242591
v 0.0184058012 -0.0024071262 0.0925042097
v 0.0184058012 -0.0023253068 0.0923880350
v 0.0184058012 -0.0022378854 0.0922760149
v 0.0184058012 -0.0021450728 0.0921684193
v 0.0184058012 -0.0020470926 0.0920655074
v 0.0184058012 -0.0019441807 0.0919675272
v 0.0184058012 -0.0018365851 0.0918747146
v 0.0184058012 -0.0017245650 0.0917872932
v 0.0184058012 -0.0016083903 0.0917054738
v 0.0184058012 -0.0014883409 0.0916294533
v 0.0184058012 -0.0013647059 0.0915594149
v 0.0184058012 -0.0012377831 0.0914955274
v 0.0184058012 -0.0011078785 0.0914379447
v 0.0184058012 -0.0009753049 0.0913868054
v 0.0184058012 -0.0008403817 0.0913422328
v 0.0184058012 -0.0007034340 0.0913043342
v 0.0184058012 -0.0005647916 0.0912732010
v 0.0184058012 -0.0004247886 0.0912489082
v 0.0184058012 -0.0002837622 0.0912315143
v 0.0184058012 -0.0001420522 0.0912210611
v 0.0184058012 -0.0000000000 0.0912175739
v 0.0184058012 0.0001420522 0.0912210611
v 0.0184058012 0.0002837622 0.0912315143
v 0.0184058012 0.0004247886 0.0912489082
v 0.0184058012 0.0005647916 0.0912732010
v 0.0184058012 0.0007034340 0.0913043342
v 0.0184058012 0.0008403817 0.0913422328
v 0.0184058012 0.0009753049 0.0913868054
v 0.0184058012 0.0011078785 0.0914379447
v 0.0184058012 0.0012377831 0.0914955274
v 0.0184058012 0.0013647059 0.0915594149
v 0.0184058012 0.0014883409 0.0916294533
v 0.0184058012 0.0016083903 0.0917054738
v 0.0184058012 0.0017245650 0.0917872932
v 0.0184058012 0.0018365851 0.0918747146
v 0.0184058012 0.0019441807 0.0919675272
v 0.0184058012 0.0020470926 0.0920655074
v 0.0184058012 0.0021450728 0.0921684193
v 0.0184058012 0.0022378854 0.0922760149
v 0.0184058012 0.0023253068 0.0923880350
v 0.0184058012 0.0024071262 0.0925042097
v 0.0184058012 0.0024831467 0.0926242591
v 0.0184058012 0.0025531851 0.0927478941
v 0.0184058012 0.0026170726 0.0928748169
v 0.0184058012 0.0026746553 0.0930047215
v 0.0184058012 0.0027257946 0.0931372951
v 0.0184058012 0.0027703672 0.0932722183
v 0.0184058012 0.0028082658 0.0934091660
v 0.0184058012 0.0028393990 0.0935478084
v 0.0184058012 0.0028636918 0.0936878114
v 0.0184058012 0.0028810857 0.0938288378
v 0.0184058012 0.0028915389 0.0939705478
v 0.0184150787 0.0027502748 0.0941126000
v 0.0184150787 0.0027469620 0.0942475496
v 0.0184150787 0.0027370315 0.0943821741
v 0.0184150787 0.0027205072 0.0945161491
v 0.0184150787 0.0026974290 0.0946491520
v 0.0184150787 0.0026678525 0.0947808623
v 0.0184150787 0.0026318489 0.0949109626
v 0.0184150787 0.0025895049 0.0950391397
v 0.0184150787 0.0025409226 0.0951650846
v 0.0184150787 0.0024862190 0.0952884940
v 0.0184150787 0.0024255258 0.0954090706
v 0.0184150787 0.0023589894 0.0955265238
v 0.0184150787 0.0022867699 0.0956405708
v 0.0184150787 0.0022090414 0.0957509368
v 0.0184150787 0.0021259912 0.0958573559
v 0.0184150787 0.0020378192 0.0959595717
v 0.0184150787 0.0019447379 0.0960573379
v 0.0184150787 0.0018469717 0.0961504192
v 0.0184150787 0.0017447559 0.0962385912
v 0.0184150787 0.0016383368 0.0963216414
v 0.0184150787 0.0015279708 0.0963993699
v 0.0184150787 0.0014139238 0.0964715894
v 0.0184150787 0.0012964706 0.0965381258
v 0.0184150787 0.0011758940 0.0965988190
v 0.0184150787 0.0010524846 0.0966535226
v 0.0184150787 0.0009265397 0.0967021049
v 0.0184150787 0.0007983626 0.0967444489
v 0.0184150787 0.0006682623 0.0967804525
v 0.0184150787 0.0005365520 0.0968100290
v 0.0184150787 0.0004035491 0.0968331072
v 0.0184150787 0.0002695741 0.0968496315
v 0.0184150787 0.0001349496 0.0968595620
v 0.0184150787 0.0000000000 0.0968628748
v 0.0184150787 -0.0001349496 0.0968595620
v 0.0184150787 -0.0002695741 0.0968496315
v 0.0184150787 -0.0004035491 0.0968331072
v 0.0184150787 -0.0005365520 0.0968100290
v 0.0184150787 -0.0006682623 0.0967804525
v 0.0184150787 -0.0007983626 0.0967444489
v 0.0184150787 -0.0009265397 0.0967021049
v 0.0184150787 -0.0010524846 0.0966535226
v 0.0184150787 -0.0011758940 0.0965988190
v 0.0184150787 -0.0012964706 0.0965381258
v 0.0184150787 -0.0014139238 0.0964715894
v 0.0184150787 -0.0015279708 0.0963993699
v 0.0184150787 -0.0016383368 0.0963216414
v 0.0184150787 -0.0017447559 0.0962385912
v 0.0184150787 -0.0018469717 0.0961504192
v 0.0184150787 -0.0019447379 0.0960573379
v 0.0184150787 -0.0020378192 0.0959595717
v 0.0184150787 -0.0021259912 0.0958573559
v 0.0184150787 -0.0022090414 0.0957509368
v 0.0184150787 -0.0022867699 0.0956405708
v 0.0184150787 -0.0023589894 0.0955265238
v 0.0184150787 -0.0024255258 0.0954090706
v 0.0184150787 -0.0024862190 0.0952884940
v 0.0184150787 -0.0025409226 0.0951650846
v 0.0184150787 -0.0025895049 0.0950391397
v 0.0184150787 -0.0026318489 0.0949109626
v 0.0184150787 -0.0026678525 0.0947808623
v 0.0184150787 -0.0026974290 0.0946491520
v 0.0184150787 -0.0027205072 0.0945161491
v 0.0184150787 -0.0027370315 0.0943821741
v 0.0184150787 -0.0027469620 0.0942475496
v 0.0184150787 -0.0027502748 0.0941126000
v 0.0184150787 -0.0027469620 0.0939776504
v 0.0184150787 -0.0027370315 0.0938430259
v 0.0184150787 -0.0027205072 0.0937090509
v 0.0184150787 -0.0026974290 0.0935760480
v 0.0184150787 -0.0026678525 0.0934443377
v 0.0184150787 -0.0026318489 0.0933142374
v 0.0184150787 -0.0025895049 0.0931860603
v 0.0184150787 -0.0025409226 0.0930601154
v 0.0184150787 -0.0024862190 0.0929367060
v 0.0184150787 -0.0024255258 0.0928161294
v 0.0184150787 -0.0023589894 0.0926986762
v 0.0184150787 -0.0022867699 0.0925846292
v 0.0184150787 -0.0022090414 0.0924742632
v 0.0184150787 -0.0021259912 0.0923678441
v 0.0184150787 -0.0020378192 0.0922656283
v 0.0184150787 -0.0019447379 0.0921678621
v 0.0184150787 -0.0018469717 0.0920747808
v 0.0184150787 -0.0017447559 0.0919866088
v 0.0184150787 -0.0016383368 0.0919035586
v 0.0184150787 -0.0015279708 0.0918258301
v 0.0184150787 -0.0014139238 0.0917536106
v 0.0184150787 -0.0012964706 0.0916870742
v 0.0184150787 -0.0011758940 0.0916263810
v 0.0184150787 -0.0010524846 0.0915716774
v 0.0184150787 -0.0009265397 0.0915230951
v 0.0184150787 -0.0007983626 0.0914807511
v 0.0184150787 -0.0006682623 0.0914447475
v 0.0184150787 -0.0005365520 0.0914151710
v 0.0184150787 -0.0004035491 0.0913920928
v 0.0184150787 -0.0002695741 0.0913755685
v 0.0184150787 -0.0001349496 0.0913656380
v 0.0184150787 -0.0000000000 0.0913623252
v 0.0184150787 0.0001349496 0.0913656380
v 0.0184150787 0.0002695741 0.0913755685
v 0.0184150787 0.0004035491 0.0913920928
v 0.0184150787 0.0005365520 0.0914151710
v 0.0184150787 0.0006682623 0.0914447475
v 0.0184150787 0.0007983626 0.0914807511
v 0.0184150787 0.0009265397 0.0915230951
v 0.0184150787 0.0010524846 0.0915716774
v 0.0184150787 0.0011758940 0.0916263810
v 0.0184150787 0.0012964706 0.0916870742
v 0.0184150787 0.0014139238 0.0917536106
v 0.0184150787 0.0015279708 0.0918258301
v 0.0184150787 0.0016383368 0.0919035586
v 0.0184150787 0.0017447559 0.0919866088
v 0.0184150787 0.0018469717 0.0920747808
v 0.0184150787 0.0019447379 0.0921678621
v 0.0184150787 0.0020378192 0.0922656283
v 0.0184150787 0.0021259912 0.0923678441
v 0.0184150787 0.0022090414 0.0924742632
v 0.0184150787 0.0022867699 0.0925846292
v 0.0184150787 0.0023589894 0.0926986762
v 0.0184150787 0.0024255258 0.0928161294
v 0.0184150787 0.0024862190 0.0929367060
v 0.0184150787 0.0025409226 0.0930601154
v 0.0184150787 0.0025895049 0.0931860603
v 0.0184150787 0.0026318489 0.0933142374
v 0.0184150787 0.0026678525 0.0934443377
v 0.0184150787 0.0026974290 0.0935760480
v 0.0184150787 0.0027205072 0.0937090509
v 0.0184150787 0.0027370315 0.0938430259
v 0.0184150787 0.0027469620 0.0939776504
v 0.0184238614 0.0026055235 0.0941126000
v 0.0184238614 0.0026023850 0.0942404470
v 0.0184238614 0.0025929772 0.0943679860
v 0.0184238614 0.0025773226 0.0944949097
v 0.0184238614 0.0025554591 0.0946209124
v 0.0184238614 0.0025274392 0.0947456906
v 0.0184238614 0.0024933305 0.0948689435
v 0.0184238614 0.0024532152 0.0949903744
v 0.0184238614 0.0024071898 0.0951096907
v 0.0184238614 0.0023553653 0.0952266048
v 0.0184238614 0.0022978666 0.0953408353
v 0.0184238614 0.0022348320 0.0954521068
v 0.0184238614 0.0021664136 0.0955601513
v 0.0184238614 0.0020927761 0.0956647085
v 0.0184238614 0.0020140969 0.0957655266
v 0.0184238614 0.0019305656 0.0958623626
v 0.0184238614 0.0018423833 0.0959549833
v 0.0184238614 0.0017497626 0.0960431656
v 0.0184238614 0.0016529266 0.0961266969
v 0.0184238614 0.0015521085 0.0962053761
v 0.0184238614 0.0014475513 0.0962790136
v 0.0184238614 0.0013395068 0.0963474320
v 0.0184238614 0.0012282353 0.0964104666
v 0.0184238614 0.0011140048 0.0964679653
v 0.0184238614 0.0009970907 0.0965197898
v 0.0184238614 0.0008777744 0.0965658152
v 0.0184238614 0.0007563435 0.0966059305
v 0.0184238614 0.0006330906 0.0966400392
v 0.0184238614 0.0005083124 0.0966680591
v 0.0184238614 0.0003823097 0.0966899226
v 0.0184238614 0.0002553860 0.0967055772
v 0.0184238614 0.0001278470 0.0967149850
v 0.0184238614 0.0000000000 0.0967181235
v 0.0184238614 -0.0001278470 0.0967149850
v 0.0184238614 -0.0002553860 0.0967055772
v 0.0184238614 -0.0003823097 0.0966899226
v 0.0184238614 -0.0005083124 0.0966680591
v 0.0184238614 -0.0006330906 0.0966400392
v 0.0184238614 -0.0007563435 0.0966059305
v 0.0184238614 -0.0008777744 0.0965658152
v 0.0184238614 -0.0009970907 0.0965197898
v 0.0184238614 -0.0011140048 0.0964679653
v 0.0184238614 -0.0012282353 0.0964104666
v 0.0184238614 -0.0013395068 0.0963474320
v 0.0184238614 -0.0014475513 0.0962790136
v 0.0184238614 -0.0015521085 0.0962053761
v 0.0184238614 -0.0016529266 0.0961266969
v 0.0184238614 -0.0017497626 0.0960431656
v 0.0184238614 -0.0018423833 0.0959549833
v 0.0184238614 -0.0019305656 0.0958623626
v 0.0184238614 -0.0020140969 0.0957655266
v 0.0184238614 -0.0020927761 0.0956647085
v 0.0184238614 -0.0021664136 0.0955601513
v 0.0184238614 -0.0022348320 0.0954521068
v 0.0184238614 -0.0022978666 0.0953408353
v 0.0184238614 -0.0023553653 0.0952266048
v 0.0184238614 -0.0024071898 0.0951096907
v 0.0184238614 -0.0024532152 0.0949903744
v 0.0184238614 -0.0024933305 0.0948689435
v 0.0184238614 -0.0025274392 0.0947456906
v 0.0184238614 -0.0025554591 0.0946209124
v 0.0184238614 -0.0025773226 0.0944949097
v 0.0184238614 -0.0025929772 0.0943679860
v 0.0184238614 -0.0026023850 0.0942404470
v 0.0184238614 -0.0026055235 0.0941126000
v 0.0184238614 -0.0026023850 0.0939847530
v 0.0184238614 -0.0025929772 0.0938572140
v 0.0184238614 -0.0025773226 0.0937302903
v 0.0184238614 -0.0025554591 0.0936042876
v 0.0184238614 -0.0025274392 0.0934795094
v 0.0184238614 -0.0024933305 0.0933562565
v 0.0184238614 -0.0024532152 0.0932348256
v 0.0184238614 -0.0024071898 0.0931155093
v 0.0184238614 -0.0023553653 0.0929985952
v 0.0184238614 -0.0022978666 0.0928843647
v 0.0184238614 -0.0022348320 0.0927730932
v 0.0184238614 -0.0021664136 0.0926650487
v 0.0184238614 -0.0020927761 0.0925604915
v 0.0184238614 -0.0020140969 0.0924596734
v 0.0184238614 -0.0019305656 0.0923628374
v 0.0184238614 -0.0018423833 0.0922702167
v 0.0184238614 -0.0017497626 0.0921820344
v 0.0184238614 -0.0016529266 0.0920985031
v 0.0184238614 -0.0015521085 0.0920198239
v 0.0184238614 -0.0014475513 0.0919461864
v 0.0184238614 -0.0013395068 0.0918777680
v 0.0184238614 -0.0012282353 0.0918147334
v 0.0184238614 -0.0011140048 0.0917572347
v 0.0184238614 -0.0009970907 0.0917054102
v 0.0184238614 -0.0008777744 0.0916593848
v 0.0184238614 -0.0007563435 0.0916192695
v 0.0184238614 -0.0006330906 0.0915851608
v 0.0184238614 -0.0005083124 0.0915571409
v 0.0184238614 -0.0003823097 0.0915352774
v 0.0184238614 -0.0002553860 0.0915196228
v 0.0184238614 -0.0001278470 0.0915102150
v 0.0184238614 -0.0000000000 0.0915070765
v 0.0184238614 0.0001278470 0.0915102150
v 0.0184238614 0.0002553860 0.0915196228
v 0.0184238614 0.0003823097 0.0915352774
v 0.0184238614 0.0005083124 0.0915571409
v 0.0184238614 0.0006330906 0.0915851608
v 0.0184238614 0.0007563435 0.0916192695
v 0.0184238614 0.0008777744 0.0916593848
v 0.0184238614 0.0009970907 0.0917054102
v 0.0184238614 0.0011140048 0.0917572347
v 0.0184238614 0.0012282353 0.0918147334
v 0.0184238614 0.0013395068 0.0918777680
v 0.0184238614 0.0014475513 0.0919461864
v 0.0184238614 0.0015521085 0.0920198239
v 0.0184238614 0.0016529266 0.0920985031
v 0.0184238614 0.0017497626 0.0921820344
v 0.0184238614 0.0018423833 0.0922702167
v 0.0184238614 0.0019305656 0.0923628374
v 0.0184238614 0.0020140969 0.0924596734
v 0.0184238614 0.0020927761 0.0925604915
v 0.0184238614 0.0021664136 0.0926650487
v 0.0184238614 0.0022348320 0.0927730932
v 0.0184238614 0.0022978666 0.0928843647
v 0.0184238614 0.0023553653 0.0929985952
v 0.0184238614 0.0024071898 0.0931155093
v 0.0184238614 0.0024532152 0.0932348256
v 0.0184238614 0.0024933305 0.0933562565
v 0.0184238614 0.0025274392 0.0934795094
v 0.0184238614 0.0025554591 0.0936042876
v 0.0184238614 0.0025773226 0.0937302903
v 0.0184238614 0.0025929772 0.0938572140
v 0.0184238614 0.0026023850 0.0939847530
v 0.0184321526 0.0024607722 0.0941126000
v 0.0184321526 0.0024578081 0.0942333444
v 0.0184321526 0.0024489229 0.0943537979
v 0.0184321526 0.0024341380 0.0944736703
v 0.0184321526 0.0024134891 0.0945926728
v 0.0184321526 0.0023870259 0.0947105189
v 0.0184321526 0.0023548122 0.0948269245
v 0.0184321526 0.0023169254 0.0949416092
v 0.0184321526 0.0022734570 0.0950542967
v 0.0184321526 0.0022245117 0.0951647157
v 0.0184321526 0.0021702073 0.0952726000
v 0.0184321526 0.0021106747 0.0953776897
v 0.0184321526 0.0020460573 0.0954797318
v 0.0184321526 0.0019765107 0.0955784803
v 0.0184321526 0.0019022026 0.0956736973
v 0.0184321526 0.0018233119 0.0957651536
v 0.0184321526 0.0017400287 0.0958526287
v 0.0184321526 0.0016525536 0.0959359119
v 0.0184321526 0.0015610973 0.0960148026
v 0.0184321526 0.0014658803 0.0960891107
v 0.0184321526 0.0013671318 0.0961586573
v 0.0184321526 0.0012650897 0.0962232747
v 0.0184321526 0.0011600000 0.0962828073
v 0.0184321526 0.0010521157 0.0963371117
v 0.0184321526 0.0009416967 0.0963860570
v 0.0184321526 0.0008290092 0.0964295254
v 0.0184321526 0.0007143245 0.0964674122
v 0.0184321526 0.0005979189 0.0964996259
v 0.0184321526 0.0004800728 0.0965260891
v 0.0184321526 0.0003610703 0.0965467380
v 0.0184321526 0.0002411979 0.0965615229
v 0.0184321526 0.0001207444 0.0965704081
v 0.0184321526 0.0000000000 0.0965733722
v 0.0184321526 -0.0001207444 0.0965704081
v 0.0184321526 -0.0002411979 0.0965615229
v 0.0184321526 -0.0003610703 0.0965467380
v 0.0184321526 -0.0004800728 0.0965260891
v 0.0184321526 -0.0005979189 0.0964996259
v 0.0184321526 -0.0007143245 0.0964674122
v 0.0184321526 -0.0008290092 0.0964295254
v 0.0184321526 -0.0009416967 0.0963860570
v 0.0184321526 -0.0010521157 0.0963371117
v 0.0184321526 -0.0011600000 0.0962828073
v 0.0184321526 -0.0012650897 0.0962232747
v 0.0184321526 -0.0013671318 0.0961586573
v 0.0184321526 -0.0014658803 0.0960891107
v 0.0184321526 -0.0015610973 0.0960148026
v 0.0184321526 -0.0016525536 0.0959359119
v 0.0184321526 -0.0017400287 0.0958526287
v 0.0184321526 -0.0018233119 0.0957651536
v 0.0184321526 -0.0019022026 0.0956736973
v 0.0184321526 -0.0019765107 0.0955784803
v 0.0184321526 -0.0020460573 0.0954797318
v 0.0184321526 -0.0021106747 0.0953776897
v 0.0184321526 -0.0021702073 0.0952726000
v 0.0184321526 -0.0022245117 0.0951647157
v 0.0184321526 -0.0022734570 0.0950542967
v 0.0184321526 -0.0023169254 0.0949416092
v 0.0184321526 -0.0023548122 0.0948269245
v 0.0184321526 -0.0023870259 0.0947105189
v 0.0184321526 -0.0024134891 0.0945926728
v 0.0184321526 -0.0024341380 0.0944736703
v 0.0184321526 -0.0024489229 0.0943537979
v 0.0184321526 -0.0024578081 0.0942333444
v 0.0184321526 -0.0024607722 0.0941126000
v 0.0184321526 -0.0024578081 0.0939918556
v 0.0184321526 -0.0024489229 0.0938714021
v 0.0184321526 -0.0024341380 0.0937515297
v 0.0184321526 -0.0024134891 0.0936325272
v 0.0184321526 -0.0023870259 0.0935146811
v 0.0184321526 -0.0023548122 0.0933982755
v 0.0184321526 -0.0023169254 0.0932835908
v 0.0184321526 -0.0022734570 0.0931709033
v 0.0184321526 -0.0022245117 0.0930604843
v 0.0184321526 -0.0021702073 0.0929526000
v 0.0184321526 -0.0021106747 0.0928475103
v 0.0184321526 -0.0020460573 0.0927454682
v 0.0184321526 -0.0019765107 0.0926467197
v 0.0184321526 -0.0019022026 0.0925515027
v 0.0184321526 -0.0018233119 0.0924600464
v 0.0184321526 -0.0017400287 0.0923725713
v 0.0184321526 -0.0016525536 0.0922892881
v 0.0184321526 -0.0015610973 0.0922103974
v 0.0184321526 -0.0014658803 0.0921360893
v 0.0184321526 -0.0013671318 0.0920665427
v 0.0184321526 -0.0012650897 0.0920019253
v 0.0184321526 -0.0011600000 0.0919423927
v 0.0184321526 -0.0010521157 0.0918880883
v 0.0184321526 -0.0009416967 0.0918391430
v 0.0184321526 -0.0008290092 0.0917956746
v 0.0184321526 -0.0007143245 0.0917577878
v 0.0184321526 -0.0005979189 0.0917255741
v 0.0184321526 -0.0004800728 0.0916991109
v 0.0184321526 -0.0003610703 0.0916784620
v 0.0184321526 -0.0002411979 0.0916636771
v 0.0184321526 -0.0001207444 0.0916547919
v 0.0184321526 -0.0000000000 0.0916518278
v 0.0184321526 0.0001207444 0.0916547919
v 0.0184321526 0.0002411979 0.0916636771
v 0.0184321526 0.0003610703 0.0916784620
v 0.0184321526 0.0004800728 0.0916991109
v 0.0184321526 0.0005979189 0.0917255741
v 0.0184321526 0.0007143245 0.0917577878
v 0.0184321526 0.0008290092 0.0917956746
v 0.0184321526 0.0009416967 0.0918391430
v 0.0184321526 0.0010521157 0.0918880883
v 0.0184321526 0.0011600000 0.0919423927
v 0.0184321526 0.0012650897 0.0920019253
v 0.0184321526 0.0013671318 0.0920665427
v 0.0184321526 0.0014658803 0.0921360893
v 0.0184321526 0.0015610973 0.0922103974
v 0.0184321526 0.0016525536 0.0922892881
v 0.0184321526 0.0017400287 0.0923725713
v 0.0184321526 0.0018233119 0.0924600464
v 0.0184321526 0.0019022026 0.0925515027
v 0.0184321526 0.0019765107 0.0926467197
v 0.0184321526 0.0020460573 0.0927454682
v 0.0184321526 0.0021106747 0.0928475103
v 0.0184321526 0.0021702073 0.0929526000
v 0.0184321526 0.0022245117 0.0930604843
v 0.0184321526 0.0022734570 0.0931709033
v 0.0184321526 0.0023169254 0.0932835908
v 0.0184321526 0.0023548122 0.0933982755
v 0.0184321526 0.0023870259 0.0935146811
v 0.0184321526 0.0024134891 0.0936325272
v 0.0184321526 0.0024341380 0.0937515297
v 0.0184321526 0.0024489229 0.0938714021
v 0.0184321526 0.0024578081 0.0939918556
v 0.0184399551 0.0023160209 0.0941126000
v 0.0184399551 0.0023132311 0.0942262418
v 0.0184399551 0.0023048686 0.0943396097
v 0.0184399551 0.0022909534 0.0944524308
v 0.0184399551 0.0022715192 0.0945644333
v 0.0184399551 0.0022466126 0.0946753472
v 0.0184399551 0.0022162938 0.0947849054
v 0.0184399551 0.0021806357 0.0948928439
v 0.0184399551 0.0021397243 0.0949989028
v 0.0184399551 0.0020936581 0.0951028265
v 0.0184399551 0.0020425481 0.0952043647
v 0.0184399551 0.0019865174 0.0953032727
v 0.0184399551 0.0019257010 0.0953993123
v 0.0184399551 0.0018602454 0.0954922520
v 0.0184399551 0.0017903083 0.0955818681
v 0.0184399551 0.0017160583 0.0956679446
v 0.0184399551 0.0016376741 0.0957502741
v 0.0184399551 0.0015553446 0.0958286583
v 0.0184399551 0.0014692681 0.0959029083
v 0.0184399551 0.0013796520 0.0959728454
v 0.0184399551 0.0012867123 0.0960383010
v 0.0184399551 0.0011906727 0.0960991174
v 0.0184399551 0.0010917647 0.0961551481
v 0.0184399551 0.0009902265 0.0962062581
v 0.0184399551 0.0008863028 0.0962523243
v 0.0184399551 0.0007802439 0.0962932357
v 0.0184399551 0.0006723054 0.0963288938
v 0.0184399551 0.0005627472 0.0963592126
v 0.0184399551 0.0004518333 0.0963841192
v 0.0184399551 0.0003398308 0.0964035534
v 0.0184399551 0.0002270097 0.0964174686
v 0.0184399551 0.0001136418 0.0964258311
v 0.0184399551 0.0000000000 0.0964286209
v 0.0184399551 -0.0001136418 0.0964258311
v 0.0184399551 -0.0002270097 0.0964174686
v 0.0184399551 -0.0003398308 0.0964035534
v 0.0184399551 -0.0004518333 0.0963841192
v 0.0184399551 -0.0005627472 0.0963592126
v 0.0184399551 -0.0006723054 0.0963288938
v 0.0184399551 -0.0007802439 0.0962932357
v 0.0184399551 -0.0008863028 0.0962523243
v 0.0184399551 -0.0009902265 0.0962062581
v 0.0184399551 -0.0010917647 0.0961551481
v 0.0184399551 -0.0011906727 0.0960991174
v 0.0184399551 -0.0012867123 0.0960383010
v 0.0184399551 -0.0013796520 0.0959728454
v 0.0184399551 -0.0014692681 0.0959029083
v 0.0184399551 -0.0015553446 0.0958286583
v 0.0184399551 -0.0016376741 0.0957502741
v 0.0184399551 -0.0017160583 0.0956679446
v 0.0184399551 -0.0017903083 0.0955818681
v 0.0184399551 -0.0018602454 0.0954922520
v 0.0184399551 -0.0019257010 0.0953993123
v 0.0184399551 -0.0019865174 0.0953032727
v 0.0184399551 -0.0020425481 0.0952043647
v 0.0184399551 -0.0020936581 0.0951028265
v 0.0184399551 -0.0021397243 0.0949989028
v 0.0184399551 -0.0021806357 0.0948928439
v 0.0184399551 -0.0022162938 0.0947849054
v 0.0184399551 -0.0022466126 0.0946753472
v 0.0184399551 -0.0022715192 0.0945644333
v 0.0184399551 -0.0022909534 0.0944524308
v 0.0184399551 -0.0023048686 0.0943396097
v 0.0184399551 -0.0023132311 0.0942262418
v 0.0184399551 -0.0023160209 0.0941126000
v 0.0184399551 -0.0023132311 0.0939989582
v 0.0184399551 -0.0023048686 0.0938855903
v 0.0184399551 -0.0022909534 0.0937727692
v 0.0184399551 -0.0022715192 0.0936607667
v 0.0184399551 -0.0022466126 0.0935498528
v 0.0184399551 -0.0022162938 0.0934402946
v 0.0184399551 -0.0021806357 0.0933323561
v 0.0184399551 -0.0021397243 0.0932262972
v 0.0184399551 -0.0020936581 0.0931223735
v 0.0184399551 -0.0020425481 0.0930208353
v 0.0184399551 -0.0019865174 0.0929219273
v 0.0184399551 -0.0019257010 0.0928258877
v 0.0184399551 -0.0018602454 0.0927329480
v 0.0184399551 -0.0017903083 0.0926433319
v 0.0184399551 -0.0017160583 0.0925572554
v 0.0184399551 -0.0016376741 0.0924749259
v 0.0184399551 -0.0015553446 0.0923965417
v 0.0184399551 -0.0014692681 0.0923222917
v 0.0184399551 -0.0013796520 0.0922523546
v 0.0184399551 -0.0012867123 0.0921868990
v 0.0184399551 -0.0011906727 0.0921260826
v 0.0184399551 -0.0010917647 0.0920700519
v 0.0184399551 -0.0009902265 0.0920189419
v 0.0184399551 -0.0008863028 0.0919728757
v 0.0184399551 -0.0007802439 0.0919319643
v 0.0184399551 -0.0006723054 0.0918963062
v 0.0184399551 -0.0005627472 0.0918659874
v 0.0184399551 -0.0004518333 0.0918410808
v 0.0184399551 -0.0003398308 0.0918216466
v 0.0184399551 -0.0002270097 0.0918077314
v 0.0184399551 -0.0001136418 0.0917993689
v 0.0184399551 -0.0000000000 0.0917965791
v 0.0184399551 0.0001136418 0.0917993689
v 0.0184399551 0.0002270097 0.0918077314
v 0.0184399551 0.0003398308 0.0918216466
v 0.0184399551 0.0004518333 0.0918410808
v 0.0184399551 0.0005627472 0.0918659874
v 0.0184399551 0.0006723054 0.0918963062
v 0.0184399551 0.0007802439 0.0919319643
v 0.0184399551 0.0008863028 0.0919728757
v 0.0184399551 0.0009902265 0.0920189419
v 0.0184399551 0.0010917647 0.0920700519
v 0.0184399551 0.0011906727 0.0921260826
v 0.0184399551 0.0012867123 0.0921868990
v 0.0184399551 0.0013796520 0.0922523546
v 0.0184399551 0.0014692681 0.0923222917
v 0.0184399551 0.0015553446 0.0923965417
v 0.0184399551 0.0016376741 0.0924749259
v 0.0184399551 0.0017160583 0.0925572554
v 0.0184399551 0.0017903083 0.0926433319
v 0.0184399551 0.0018602454 0.0927329480
v 0.0184399551 0.0019257010 0.0928258877
v 0.0184399551 0.0019865174 0.0929219273
v 0.0184399551 0.0020425481 0.0930208353
v 0.0184399551 0.0020936581 0.0931223735
v 0.0184399551 0.0021397243 0.0932262972
v 0.0184399551 0.0021806357 0.0933323561
v 0.0184399551 0.0022162938 0.0934402946
v 0.0184399551 0.0022466126 0.0935498528
v 0.0184399551 0.0022715192 0.0936607667
v 0.0184399551 0.0022909534 0.0937727692
v 0.0184399551 0.0023048686 0.0938855903
v 0.0184399551 0.0023132311 0.0939989582
v 0.0184472716 0.0021712696 0.0941126000
v 0.0184472716 0.0021686542 0.0942191391
v 0.0184472716 0.0021608143 0.0943254216
v 0.0184472716 0.0021477689 0.0944311914
v 0.0184472716 0.0021295492 0.0945361937
v 0.0184472716 0.0021061993 0.0946401755
v 0.0184472716 0.0020777754 0.0947428863
v 0.0184472716 0.0020443460 0.0948440787
v 0.0184472716 0.0020059915 0.0949435089
v 0.0184472716 0.0019628044 0.0950409374
v 0.0184472716 0.0019148888 0.0951361294
v 0.0184472716 0.0018623600 0.0952288556
v 0.0184472716 0.0018053447 0.0953188927
v 0.0184472716 0.0017439801 0.0954060238
v 0.0184472716 0.0016784141 0.0954900388
v 0.0184472716 0.0016088046 0.0955707355
v 0.0184472716 0.0015353194 0.0956479194
v 0.0184472716 0.0014581355 0.0957214046
v 0.0184472716 0.0013774388 0.0957910141
v 0.0184472716 0.0012934238 0.0958565801
v 0.0184472716 0.0012062927 0.0959179447
v 0.0184472716 0.0011162556 0.0959749600
v 0.0184472716 0.0010235294 0.0960274888
v 0.0184472716 0.0009283374 0.0960754044
v 0.0184472716 0.0008309089 0.0961185915
v 0.0184472716 0.0007314787 0.0961569460
v 0.0184472716 0.0006302863 0.0961903754
v 0.0184472716 0.0005275755 0.0962187993
v 0.0184472716 0.0004235937 0.0962421492
v 0.0184472716 0.0003185914 0.0962603689
v 0.0184472716 0.0002128216 0.0962734143
v 0.0184472716 0.0001065391 0.0962812542
v 0.0184472716 0.0000000000 0.0962838696
v 0.0184472716 -0.0001065391 0.0962812542
v 0.0184472716 -0.0002128216 0.0962734143
v 0.0184472716 -0.0003185914 0.0962603689
v 0.0184472716 -0.0004235937 0.0962421492
v 0.0184472716 -0.0005275755 0.0962187993
v 0.0184472716 -0.0006302863 0.0961903754
v 0.0184472716 -0.0007314787 0.0961569460
v 0.0184472716 -0.0008309089 0.0961185915
v 0.0184472716 -0.0009283374 0.0960754044
v 0.0184472716 -0.0010235294 0.0960274888
v 0.0184472716 -0.0011162556 0.0959749600
v 0.0184472716 -0.0012062927 0.0959179447
v 0.0184472716 -0.0012934238 0.0958565801
v 0.0184472716 -0.0013774388 0.0957910141
v 0.0184472716 -0.0014581355 0.0957214046
v 0.0184472716 -0.0015353194 0.0956479194
v 0.0184472716 -0.0016088046 0.0955707355
v 0.0184472716 -0.0016784141 0.0954900388
v 0.0184472716 -0.0017439801 0.0954060238
v 0.0184472716 -0.0018053447 0.0953188927
v 0.0184472716 -0.0018623600 0.0952288556
v 0.0184472716 -0.0019148888 0.0951361294
v 0.0184472716 -0.0019628044 0.0950409374
v 0.0184472716 -0.0020059915 0.0949435089
v 0.0184472716 -0.0020443460 0.0948440787
v 0.0184472716 -0.0020777754 0.0947428863
v 0.0184472716 -0.0021061993 0.0946401755
v 0.0184472716 -0.0021295492 0.0945361937
v 0.0184472716 -0.0021477689 0.0944311914
v 0.0184472716 -0.0021608143 0.0943254216
v 0.0184472716 -0.0021686542 0.0942191391
v 0.0184472716 -0.0021712696 0.0941126000
v 0.0184472716 -0.0021686542 0.0940060609
v 0.0184472716 -0.0021608143 0.0938997784
v 0.0184472716 -0.0021477689 0.0937940086
v 0.0184472716 -0.0021295492 0.0936890063
v 0.0184472716 -0.0021061993 0.0935850245
v 0.0184472716 -0.0020777754 0.0934823137
v 0.0184472716 -0.0020443460 0.0933811213
v 0.0184472716 -0.0020059915 0.0932816911
v 0.0184472716 -0.0019628044 0.0931842626
v 0.0184472716 -0.0019148888 0.0930890706
v 0.0184472716 -0.0018623600 0.0929963444
v 0.0184472716 -0.0018053447 0.0929063073
v 0.0184472716 -0.0017439801 0.0928191762
v 0.0184472716 -0.0016784141 0.0927351612
v 0.0184472716 -0.0016088046 0.0926544645
v 0.0184472716 -0.0015353194 0.0925772806
v 0.0184472716 -0.0014581355 0.0925037954
v 0.0184472716 -0.0013774388 0.0924341859
v 0.0184472716 -0.0012934238 0.0923686199
v 0.0184472716 -0.0012062927 0.0923072553
v 0.0184472716 -0.0011162556 0.0922502400
v 0.0184472716 -0.0010235294 0.0921977112
v 0.0184472716 -0.0009283374 0.0921497956
v 0.0184472716 -0.0008309089 0.0921066085
v 0.0184472716 -0.0007314787 0.0920682540
v 0.0184472716 -0.0006302863 0.0920348246
v 0.0184472716 -0.0005275755 0.0920064007
v 0.0184472716 -0.0004235937 0.0919830508
v 0.0184472716 -0.0003185914 0.0919648311
v 0.0184472716 -0.0002128216 0.0919517857
v 0.0184472716 -0.0001065391 0.0919439458
v 0.0184472716 -0.0000000000 0.0919413304
v 0.0184472716 0.0001065391 0.0919439458
v 0.0184472716 0.0002128216 0.0919517857
v 0.0184472716 0.0003185914 0.0919648311
v 0.0184472716 0.0004235937 0.0919830508
v 0.0184472716 0.0005275755 0.0920064007
v 0.0184472716 0.0006302863 0.0920348246
v 0.0184472716 0.0007314787 0.0920682540
v 0.0184472716 0.0008309089 0.0921066085
v 0.0184472716 0.0009283374 0.0921497956
v 0.0184472716 0.0010235294 0.0921977112
v 0.0184472716 0.0011162556 0.0922502400
v 0.0184472716 0.0012062927 0.0923072553
v 0.0184472716 0.0012934238 0.0923686199
v 0.0184472716 0.0013774388 0.0924341859
v 0.0184472716 0.0014581355 0.0925037954
v 0.0184472716 0.0015353194 0.0925772806
v 0.0184472716 0.0016088046 0.0926544645
v 0.0184472716 0.0016784141 0.0927351612
v 0.0184472716 0.0017439801 0.0928191762
v 0.0184472716 0.0018053447 0.0929063073
v 0.0184472716 0.0018623600 0.0929963444
v 0.0184472716 0.0019148888 0.0930890706
v 0.0184472716 0.0019628044 0.0931842626
v 0.0184472716 0.0020059915 0.0932816911
v 0.0184472716 0.0020443460 0.0933811213
v 0.0184472716 0.0020777754 0.0934823137
v 0.0184472716 0.0021061993 0.0935850245
v 0.0184472716 0.0021295492 0.0936890063
v 0.0184472716 0.0021477689 0.0937940086
v 0.0184472716 0.0021608143 0.0938997784
v 0.0184472716 0.0021686542 0.0940060609
v 0.0184541046 0.0020265183 0.0941126000
v 0.0184541046 0.0020240772 0.0942120365
v 0.0184541046 0.0020167600 0.0943112335
v 0.0184541046 0.0020045843 0.0944099520
v 0.0184541046 0.0019875793 0.0945079541
v 0.0184541046 0.0019657860 0.0946050038
v 0.0184541046 0.0019392571 0.0947008672
v 0.0184541046 0.0019080562 0.0947953134
v 0.0184541046 0.0018722587 0.0948881150
v 0.0184541046 0.0018319508 0.0949790482
v 0.0184541046 0.0017872295 0.0950678941
v 0.0184541046 0.0017382027 0.0951544386
v 0.0184541046 0.0016849884 0.0952384732
v 0.0184541046 0.0016277147 0.0953197955
v 0.0184541046 0.0015665198 0.0953982096
v 0.0184541046 0.0015015510 0.0954735265
v 0.0184541046 0.0014329648 0.0955455648
v 0.0184541046 0.0013609265 0.0956141510
v 0.0184541046 0.0012856096 0.0956791198
v 0.0184541046 0.0012071955 0.0957403147
v 0.0184541046 0.0011258732 0.0957975884
v 0.0184541046 0.0010418386 0.0958508027
v 0.0184541046 0.0009552941 0.0958998295
v 0.0184541046 0.0008664482 0.0959445508
v 0.0184541046 0.0007755150 0.0959848587
v 0.0184541046 0.0006827134 0.0960206562
v 0.0184541046 0.0005882672 0.0960518571
v 0.0184541046 0.0004924038 0.0960783860
v 0.0184541046 0.0003953541 0.0961001793
v 0.0184541046 0.0002973520 0.0961171843
v 0.0184541046 0.0001986335 0.0961293600
v 0.0184541046 0.0000994365 0.0961366772
v 0.0184541046 0.0000000000 0.0961391183
v 0.0184541046 -0.0000994365 0.0961366772
v 0.0184541046 -0.0001986335 0.0961293600
v 0.0184541046 -0.0002973520 0.0961171843
v 0.0184541046 -0.0003953541 0.0961001793
v 0.0184541046 -0.0004924038 0.0960783860
v 0.0184541046 -0.0005882672 0.0960518571
v 0.0184541046 -0.0006827134 0.0960206562
v 0.0184541046 -0.0007755150 0.0959848587
v 0.0184541046 -0.0008664482 0.0959445508
v 0.0184541046 -0.0009552941 0.0958998295
v 0.0184541046 -0.0010418386 0.0958508027
v 0.0184541046 -0.0011258732 0.0957975884
v 0.0184541046 -0.0012071955 0.0957403147
v 0.0184541046 -0.0012856096 0.0956791198
v 0.0184541046 -0.0013609265 0.0956141510
v 0.0184541046 -0.0014329648 0.0955455648
v 0.0184541046 -0.0015015510 0.0954735265
v 0.0184541046 -0.0015665198 0.0953982096
v 0.0184541046 -0.0016277147 0.0953197955
v 0.0184541046 -0.0016849884 0.0952384732
v 0.0184541046 -0.0017382027 0.0951544386
v 0.0184541046 -0.0017872295 0.0950678941
v 0.0184541046 -0.0018319508 0.0949790482
v 0.0184541046 -0.0018722587 0.0948881150
v 0.0184541046 -0.0019080562 0.0947953134
v 0.0184541046 -0.0019392571 0.0947008672
v 0.0184541046 -0.0019657860 0.0946050038
v 0.0184541046 -0.0019875793 0.0945079541
v 0.0184541046 -0.0020045843 0.0944099520
v 0.0184541046 -0.0020167600 0.0943112335
v 0.0184541046 -0.0020240772 0.0942120365
v 0.0184541046 -0.0020265183 0.0941126000
v 0.0184541046 -0.0020240772 0.0940131635
v 0.0184541046 -0.0020167600 0.0939139665
v 0.0184541046 -0.0020045843 0.0938152480
v 0.0184541046 -0.0019875793 0.0937172459
v 0.0184541046 -0.0019657860 0.0936201962
v 0.0184541046 -0.0019392571 0.0935243328
v 0.0184541046 -0.0019080562 0.0934298866
v 0.0184541046 -0.0018722587 0.0933370850
v 0.0184541046 -0.0018319508 0.0932461518
v 0.0184541046 -0.0017872295 0.0931573059
v 0.0184541046 -0.0017382027 0.0930707614
v 0.0184541046 -0.0016849884 0.0929867268
v 0.0184541046 -0.0016277147 0.0929054045
v 0.0184541046 -0.0015665198 0.0928269904
v 0.0184541046 -0.0015015510 0.0927516735
v 0.0184541046 -0.0014329648 0.0926796352
v 0.0184541046 -0.0013609265 0.0926110490
v 0.0184541046 -0.0012856096 0.0925460802
v 0.0184541046 -0.0012071955 0.0924848853
v 0.0184541046 -0.0011258732 0.0924276116
v 0.0184541046 -0.0010418386 0.0923743973
v 0.0184541046 -0.0009552941 0.0923253705
v 0.0184541046 -0.0008664482 0.0922806492
v 0.0184541046 -0.0007755150 0.0922403413
v 0.0184541046 -0.0006827134 0.0922045438
v 0.0184541046 -0.0005882672 0.0921733429
v 0.0184541046 -0.0004924038 0.0921468140
v 0.0184541046 -0.0003953541 0.0921250207
v 0.0184541046 -0.0002973520 0.0921080157
v 0.0184541046 -0.0001986335 0.0920958400
v 0.0184541046 -0.0000994365 0.0920885228
v 0.0184541046 -0.0000000000 0.0920860817
v 0.0184541046 0.0000994365 0.0920885228
v 0.0184541046 0.0001986335 0.0920958400
v 0.0184541046 0.0002973520 0.0921080157
v 0.0184541046 0.0003953541 0.0921250207
v 0.0184541046 0.0004924038 0.0921468140
v 0.0184541046 0.0005882672 0.0921733429
v 0.0184541046 0.0006827134 0.0922045438
v 0.0184541046 0.0007755150 0.0922403413
v 0.0184541046 0.0008664482 0.0922806492
v 0.0184541046 0.0009552941 0.0923253705
v 0.0184541046 0.0010418386 0.0923743973
v 0.0184541046 0.0011258732 0.0924276116
v 0.0184541046 0.0012071955 0.0924848853
v 0.0184541046 0.0012856096 0.0925460802
v 0.0184541046 0.0013609265 0.0926110490
v 0.0184541046 0.0014329648 0.0926796352
v 0.0184541046 0.0015015510 0.0927516735
v 0.0184541046 0.0015665198 0.0928269904
v 0.0184541046 0.0016277147 0.0929054045
v 0.0184541046 0.0016849884 0.0929867268
v 0.0184541046 0.0017382027 0.0930707614
v 0.0184541046 0.0017872295 0.0931573059
v 0.0184541046 0.0018319508 0.0932461518
v 0.0184541046 0.0018722587 0.0933370850
v 0.0184541046 0.0019080562 0.0934298866
v 0.0184541046 0.0019392571 0.0935243328
v 0.0184541046 0.0019657860 0.0936201962
v 0.0184541046 0.0019875793 0.0937172459
v 0.0184541046 0.0020045843 0.0938152480
v 0.0184541046 0.0020167600 0.0939139665
v 0.0184541046 0.0020240772 0.0940131635
v 0.0184604564 0.0018817670 0.0941126000
v 0.0184604564 0.0018795003 0.0942049339
v 0.0184604564 0.0018727057 0.0942970454
v 0.0184604564 0.0018613997 0.0943887126
v 0.0184604564 0.0018456093 0.0944797145
v 0.0184604564 0.0018253728 0.0945698321
v 0.0184604564 0.0018007387 0.0946588481
v 0.0184604564 0.0017717665 0.0947465482
v 0.0184604564 0.0017385260 0.0948327210
v 0.0184604564 0.0017010972 0.0949171590
v 0.0184604564 0.0016595703 0.0949996588
v 0.0184604564 0.0016140454 0.0950800216
v 0.0184604564 0.0015646320 0.0951580537
v 0.0184604564 0.0015114494 0.0952335673
v 0.0184604564 0.0014546255 0.0953063803
v 0.0184604564 0.0013942973 0.0953763175
v 0.0184604564 0.0013306102 0.0954432102
v 0.0184604564 0.0012637175 0.0955068973
v 0.0184604564 0.0011937803 0.0955672255
v 0.0184604564 0.0011209673 0.0956240494
v 0.0184604564 0.0010454537 0.0956772320
v 0.0184604564 0.0009674216 0.0957266454
v 0.0184604564 0.0008870588 0.0957721703
v 0.0184604564 0.0008045590 0.0958136972
v 0.0184604564 0.0007201210 0.0958511260
v 0.0184604564 0.0006339482 0.0958843665
v 0.0184604564 0.0005462481 0.0959133387
v 0.0184604564 0.0004572321 0.0959379728
v 0.0184604564 0.0003671145 0.0959582093
v 0.0184604564 0.0002761126 0.0959739997
v 0.0184604564 0.0001844454 0.0959853057
v 0.0184604564 0.0000923339 0.0959921003
v 0.0184604564 0.0000000000 0.0959943670
v 0.0184604564 -0.0000923339 0.0959921003
v 0.0184604564 -0.0001844454 0.0959853057
v 0.0184604564 -0.0002761126 0.0959739997
v 0.0184604564 -0.0003671145 0.0959582093
v 0.0184604564 -0.0004572321 0.0959379728
v 0.0184604564 -0.0005462481 0.0959133387
v 0.0184604564 -0.0006339482 0.0958843665
v 0.0184604564 -0.0007201210 0.0958511260
v 0.0184604564 -0.0008045590 0.0958136972
v 0.0184604564 -0.0008870588 0.0957721703
v 0.0184604564 -0.0009674216 0.0957266454
v 0.0184604564 -0.0010454537 0.0956772320
v 0.0184604564 -0.0011209673 0.0956240494
v 0.0184604564 -0.0011937803 0.0955672255
v 0.0184604564 -0.0012637175 0.0955068973
v 0.0184604564 -0.0013306102 0.0954432102
v 0.0184604564 -0.0013942973 0.0953763175
v 0.0184604564 -0.0014546255 0.0953063803
v 0.0184604564 -0.0015114494 0.0952335673
v 0.0184604564 -0.0015646320 0.0951580537
v 0.0184604564 -0.0016140454 0.0950800216
v 0.0184604564 -0.0016595703 0.0949996588
v 0.0184604564 -0.0017010972 0.0949171590
v 0.0184604564 -0.0017385260 0.0948327210
v 0.0184604564 -0.0017717665 0.0947465482
v 0.0184604564 -0.0018007387 0.0946588481
v 0.0184604564 -0.0018253728 0.0945698321
v 0.0184604564 -0.0018456093 0.0944797145
v 0.0184604564 -0.0018613997 0.0943887126
v 0.0184604564 -0.0018727057 0.0942970454
v 0.0184604564 -0.0018795003 0.0942049339
v 0.0184604564 -0.0018817670 0.0941126000
v 0.0184604564 -0.0018795003 0.0940202661
v 0.0184604564 -0.0018727057 0.0939281546
v 0.0184604564 -0.0018613997 0.0938364874
v 0.0184604564 -0.0018456093 0.0937454855
v 0.0184604564 -0.0018253728 0.0936553679
v 0.0184604564 -0.0018007387 0.0935663519
v 0.0184604564 -0.0017717665 0.0934786518
v 0.0184604564 -0.0017385260 0.0933924790
v 0.0184604564 -0.0017010972 0.0933080410
v 0.0184604564 -0.0016595703 0.0932255412
v 0.0184604564 -0.0016140454 0.0931451784
v 0.0184604564 -0.0015646320 0.0930671463
v 0.0184604564 -0.0015114494 0.0929916327
v 0.0184604564 -0.0014546255 0.0929188197
v 0.0184604564 -0.0013942973 0.0928488825
v 0.0184604564 -0.0013306102 0.0927819898
v 0.0184604564 -0.0012637175 0.0927183027
v 0.0184604564 -0.0011937803 0.0926579745
v 0.0184604564 -0.0011209673 0.0926011506
v 0.0184604564 -0.0010454537 0.0925479680
v 0.0184604564 -0.0009674216 0.0924985546
v 0.0184604564 -0.0008870588 0.0924530297
v 0.0184604564 -0.0008045590 0.0924115028
v 0.0184604564 -0.0007201210 0.0923740740
v 0.0184604564 -0.0006339482 0.0923408335
v 0.0184604564 -0.0005462481 0.0923118613
v 0.0184604564 -0.0004572321 0.0922872272
v 0.0184604564 -0.0003671145 0.0922669907
v 0.0184604564 -0.0002761126 0.0922512003
v 0.0184604564 -0.0001844454 0.0922398943
v 0.0184604564 -0.0000923339 0.0922330997
v 0.0184604564 -0.0000000000 0.0922308330
v 0.0184604564 0.0000923339 0.0922330997
v 0.0184604564 0.0001844454 0.0922398943
v 0.0184604564 0.0002761126 0.0922512003
v 0.0184604564 0.0003671145 0.0922669907
v 0.0184604564 0.0004572321 0.0922872272
v 0.0184604564 0.0005462481 0.0923118613
v 0.0184604564 0.0006339482 0.0923408335
v 0.0184604564 0.0007201210 0.0923740740
v 0.0184604564 0.0008045590 0.0924115028
v 0.0184604564 0.0008870588 0.0924530297
v 0.0184604564 0.0009674216 0.0924985546
v 0.0184604564 0.0010454537 0.0925479680
v 0.0184604564 0.0011209673 0.0926011506
v 0.0184604564 0.0011937803 0.0926579745
v 0.0184604564 0.0012637175 0.0927183027
v 0.0184604564 0.0013306102 0.0927819898
v 0.0184604564 0.0013942973 0.0928488825
v 0.0184604564 0.0014546255 0.0929188197
v 0.0184604564 0.0015114494 0.0929916327
v 0.0184604564 0.0015646320 0.0930671463
v 0.0184604564 0.0016140454 0.0931451784
v 0.0184604564 0.0016595703 0.0932255412
v 0.0184604564 0.0017010972 0.0933080410
v 0.0184604564 0.0017385260 0.0933924790
v 0.0184604564 0.0017717665 0.0934786518
v 0.0184604564 0.0018007387 0.0935663519
v 0.0184604564 0.0018253728 0.0936553679
v 0.0184604564 0.0018456093 0.0937454855
v 0.0184604564 0.0018613997 0.0938364874
v 0.0184604564 0.0018727057 0.0939281546
v 0.0184604564 0.0018795003 0.0940202661
v 0.0184663293 0.0017370157 0.0941126000
v 0.0184663293 0.0017349233 0.0941978313
v 0.0184663293 0.0017286514 0.0942828573
v 0.0184663293 0.0017182151 0.0943674731
v 0.0184663293 0.0017036394 0.0944514749
v 0.0184663293 0.0016849595 0.0945346604
v 0.0184663293 0.0016622203 0.0946168290
v 0.0184663293 0.0016354768 0.0946977829
v 0.0184663293 0.0016047932 0.0947773271
v 0.0184663293 0.0015702436 0.0948552699
v 0.0184663293 0.0015319110 0.0949314235
v 0.0184663293 0.0014898880 0.0950056045
v 0.0184663293 0.0014442757 0.0950776342
v 0.0184663293 0.0013951841 0.0951473390
v 0.0184663293 0.0013427313 0.0952145511
v 0.0184663293 0.0012870437 0.0952791084
v 0.0184663293 0.0012282555 0.0953408555
v 0.0184663293 0.0011665084 0.0953996437
v 0.0184663293 0.0011019511 0.0954553313
v 0.0184663293 0.0010347390 0.0955077841
v 0.0184663293 0.0009650342 0.0955568757
v 0.0184663293 0.0008930045 0.0956024880
v 0.0184663293 0.0008188235 0.0956445110
v 0.0184663293 0.0007426699 0.0956828436
v 0.0184663293 0.0006647271 0.0957173932
v 0.0184663293 0.0005851829 0.0957480768
v 0.0184663293 0.0005042290 0.0957748203
v 0.0184663293 0.0004220604 0.0957975595
v 0.0184663293 0.0003388749 0.0958162394
v 0.0184663293 0.0002548731 0.0958308151
v 0.0184663293 0.0001702573 0.0958412514
v 0.0184663293 0.0000852313 0.0958475233
v 0.0184663293 0.0000000000 0.0958496157
v 0.0184663293 -0.0000852313 0.0958475233
v 0.0184663293 -0.0001702573 0.0958412514
v 0.0184663293 -0.0002548731 0.0958308151
v 0.0184663293 -0.0003388749 0.0958162394
v 0.0184663293 -0.0004220604 0.0957975595
v 0.0184663293 -0.0005042290 0.0957748203
v 0.0184663293 -0.0005851829 0.0957480768
v 0.0184663293 -0.0006647271 0.0957173932
v 0.0184663293 -0.0007426699 0.0956828436
v 0.0184663293 -0.0008188235 0.0956445110
v 0.0184663293 -0.0008930045 0.0956024880
v 0.0184663293 -0.0009650342 0.0955568757
v 0.0184663293 -0.0010347390 0.0955077841
v 0.0184663293 -0.0011019511 0.0954553313
v 0.0184663293 -0.0011665084 0.0953996437
v 0.0184663293 -0.0012282555 0.0953408555
v 0.0184663293 -0.0012870437 0.0952791084
v 0.0184663293 -0.0013427313 0.0952145511
v 0.0184663293 -0.0013951841 0.0951473390
v 0.0184663293 -0.0014442757 0.0950776342
v 0.0184663293 -0.0014898880 0.0950056045
v 0.0184663293 -0.0015319110 0.0949314235
v 0.0184663293 -0.0015702436 0.0948552699
v 0.0184663293 -0.0016047932 0.0947773271
v 0.0184663293 -0.0016354768 0.0946977829
v 0.0184663293 -0.0016622203 0.0946168290
v 0.0184663293 -0.0016849595 0.0945346604
v 0.0184663293 -0.0017036394 0.0944514749
v 0.0184663293 -0.0017182151 0.0943674731
v 0.0184663293 -0.0017286514 0.0942828573
v 0.0184663293 -0.0017349233 0.0941978313
v 0.0184663293 -0.0017370157 0.0941126000
v 0.0184663293 -0.0017349233 0.0940273687
v 0.0184663293 -0.0017286514 0.0939423427
v 0.0184663293 -0.0017182151 0.0938577269
v 0.0184663293 -0.0017036394 0.0937737251
v 0.0184663293 -0.0016849595 0.0936905396
v 0.0184663293 -0.0016622203 0.0936083710
v 0.0184663293 -0.0016354768 0.0935274171
v 0.0184663293 -0.0016047932 0.0934478729
v 0.0184663293 -0.0015702436 0.0933699301
v 0.0184663293 -0.0015319110 0.0932937765
v 0.0184663293 -0.0014898880 0.0932195955
v 0.0184663293 -0.0014442757 0.0931475658
v 0.0184663293 -0.0013951841 0.0930778610
v 0.0184663293 -0.0013427313 0.0930106489
v 0.0184663293 -0.0012870437 0.0929460916
v 0.0184663293 -0.0012282555 0.0928843445
v 0.0184663293 -0.0011665084 0.0928255563
v 0.0184663293 -0.0011019511 0.0927698687
v 0.0184663293 -0.0010347390 0.0927174159
v 0.0184663293 -0.0009650342 0.0926683243
v 0.0184663293 -0.0008930045 0.0926227120
v 0.0184663293 -0.0008188235 0.0925806890
v 0.0184663293 -0.0007426699 0.0925423564
v 0.0184663293 -0.0006647271 0.0925078068
v 0.0184663293 -0.0005851829 0.0924771232
v 0.0184663293 -0.0005042290 0.0924503797
v 0.0184663293 -0.0004220604 0.0924276405
v 0.0184663293 -0.0003388749 0.0924089606
v 0.0184663293 -0.0002548731 0.0923943849
v 0.0184663293 -0.0001702573 0.0923839486
v 0.0184663293 -0.0000852313 0.0923776767
v 0.0184663293 -0.0000000000 0.0923755843
v 0.0184663293 0.0000852313 0.0923776767
v 0.0184663293 0.0001702573 0.0923839486
v 0.0184663293 0.0002548731 0.0923943849
v 0.0184663293 0.0003388749 0.0924089606
v 0.0184663293 0.0004220604 0.0924276405
v 0.0184663293 0.0005042290 0.0924503797
v 0.0184663293 0.0005851829 0.0924771232
v 0.0184663293 0.0006647271 0.0925078068
v 0.0184663293 0.0007426699 0.0925423564
v 0.0184663293 0.0008188235 0.0925806890
v 0.0184663293 0.0008930045 0.0926227120
v 0.0184663293 0.0009650342 0.0926683243
v 0.0184663293 0.0010347390 0.0927174159
v 0.0184663293 0.0011019511 0.0927698687
v 0.0184663293 0.0011665084 0.0928255563
v 0.0184663293 0.0012282555 0.0928843445
v 0.0184663293 0.0012870437 0.0929460916
v 0.0184663293 0.0013427313 0.0930106489
v 0.0184663293 0.0013951841 0.0930778610
v 0.0184663293 0.0014442757 0.0931475658
v 0.0184663293 0.0014898880 0.0932195955
v 0.0184663293 0.0015319110 0.0932937765
v 0.0184663293 0.0015702436 0.0933699301
v 0.0184663293 0.0016047932 0.0934478729
v 0.0184663293 0.0016354768 0.0935274171
v 0.0184663293 0.0016622203 0.0936083710
v 0.0184663293 0.0016849595 0.0936905396
v 0.0184663293 0.0017036394 0.0937737251
v 0.0184663293 0.0017182151 0.0938577269
v 0.0184663293 0.0017286514 0.0939423427
v 0.0184663293 0.0017349233 0.0940273687
v 0.0184717251 0.0015922643 0.0941126000
v 0.0184717251 0.0015903464 0.0941907287
v 0.0184717251 0.0015845972 0.0942686692
v 0.0184717251 0.0015750305 0.0943462337
v 0.0184717251 0.0015616694 0.0944232354
v 0.0184717251 0.0015445462 0.0944994887
v 0.0184717251 0.0015237020 0.0945748099
v 0.0184717251 0.0014991870 0.0946490177
v 0.0184717251 0.0014710604 0.0947219332
v 0.0184717251 0.0014393899 0.0947933807
v 0.0184717251 0.0014042518 0.0948631882
v 0.0184717251 0.0013657307 0.0949311875
v 0.0184717251 0.0013239194 0.0949972147
v 0.0184717251 0.0012789187 0.0950611108
v 0.0184717251 0.0012308370 0.0951227218
v 0.0184717251 0.0011797901 0.0951818994
v 0.0184717251 0.0011259009 0.0952385009
v 0.0184717251 0.0010692994 0.0952923901
v 0.0184717251 0.0010101218 0.0953434370
v 0.0184717251 0.0009485108 0.0953915187
v 0.0184717251 0.0008846147 0.0954365194
v 0.0184717251 0.0008185875 0.0954783307
v 0.0184717251 0.0007505882 0.0955168518
v 0.0184717251 0.0006807807 0.0955519899
v 0.0184717251 0.0006093332 0.0955836604
v 0.0184717251 0.0005364177 0.0956117870
v 0.0184717251 0.0004622099 0.0956363020
v 0.0184717251 0.0003868887 0.0956571462
v 0.0184717251 0.0003106354 0.0956742694
v 0.0184717251 0.0002336337 0.0956876305
v 0.0184717251 0.0001560692 0.0956971972
v 0.0184717251 0.0000781287 0.0957029464
v 0.0184717251 0.0000000000 0.0957048643
v 0.0184717251 -0.0000781287 0.0957029464
v 0.0184717251 -0.0001560692 0.0956971972
v 0.0184717251 -0.0002336337 0.0956876305
v 0.0184717251 -0.0003106354 0.0956742694
v 0.0184717251 -0.0003868887 0.0956571462
v 0.0184717251 -0.0004622099 0.0956363020
v 0.0184717251 -0.0005364177 0.0956117870
v 0.0184717251 -0.0006093332 0.0955836604
v 0.0184717251 -0.0006807807 0.0955519899
v 0.0184717251 -0.0007505882 0.0955168518
v 0.0184717251 -0.0008185875 0.0954783307
v 0.0184717251 -0.0008846147 0.0954365194
v 0.0184717251 -0.0009485108 0.0953915187
v 0.0184717251 -0.0010101218 0.0953434370
v 0.0184717251 -0.0010692994 0.0952923901
v 0.0184717251 -0.0011259009 0.0952385009
v 0.0184717251 -0.0011797901 0.0951818994
v 0.0184717251 -0.0012308370 0.0951227218
v 0.0184717251 -0.0012789187 0.0950611108
v 0.0184717251 -0.0013239194 0.0949972147
v 0.0184717251 -0.0013657307 0.0949311875
v 0.0184717251 -0.0014042518 0.0948631882
v 0.0184717251 -0.0014393899 0.0947933807
v 0.0184717251 -0.0014710604 0.0947219332
v 0.0184717251 -0.0014991870 0.0946490177
v 0.0184717251 -0.0015237020 0.0945748099
v 0.0184717251 -0.0015445462 0.0944994887
v 0.0184717251 -0.0015616694 0.0944232354
v 0.0184717251 -0.0015750305 0.0943462337
v 0.0184717251 -0.0015845972 0.0942686692
v 0.0184717251 -0.0015903464 0.0941907287
v 0.0184717251 -0.0015922643 0.0941126000
v 0.0184717251 -0.0015903464 0.0940344713
v 0.0184717251 -0.0015845972 0.0939565308
v 0.0184717251 -0.0015750305 0.0938789663
v 0.0184717251 -0.0015616694 0.0938019646
v 0.0184717251 -0.0015445462 0.0937257113
v 0.0184717251 -0.0015237020 0.0936503901
v 0.0184717251 -0.0014991870 0.0935761823
v 0.0184717251 -0.0014710604 0.0935032668
v 0.0184717251 -0.0014393899 0.0934318193
v 0.0184717251 -0.0014042518 0.0933620118
v 0.0184717251 -0.0013657307 0.0932940125
v 0.0184717251 -0.0013239194 0.0932279853
v 0.0184717251 -0.0012789187 0.0931640892
v 0.0184717251 -0.0012308370 0.0931024782
v 0.0184717251 -0.0011797901 0.0930433006
v 0.0184717251 -0.0011259009 0.0929866991
v 0.0184717251 -0.0010692994 0.0929328099
v 0.0184717251 -0.0010101218 0.0928817630
v 0.0184717251 -0.0009485108 0.0928336813
v 0.0184717251 -0.0008846147 0.0927886806
v 0.0184717251 -0.0008185875 0.0927468693
v 0.0184717251 -0.0007505882 0.0927083482
v 0.0184717251 -0.0006807807 0.0926732101
v 0.0184717251 -0.0006093332 0.0926415396
v 0.0184717251 -0.0005364177 0.0926134130
v 0.0184717251 -0.0004622099 0.0925888980
v 0.0184717251 -0.0003868887 0.0925680538
v 0.0184717251 -0.0003106354 0.0925509306
v 0.0184717251 -0.0002336337 0.0925375695
v 0.0184717251 -0.0001560692 0.0925280028
v 0.0184717251 -0.0000781287 0.0925222536
v 0.0184717251 -0.0000000000 0.0925203357
v 0.0184717251 0.0000781287 0.0925222536
v 0.0184717251 0.0001560692 0.0925280028
v 0.0184717251 0.0002336337 0.0925375695
v 0.0184717251 0.0003106354 0.0925509306
v 0.0184717251 0.0003868887 0.0925680538
v 0.0184717251 0.0004622099 0.0925888980
v 0.0184717251 0.0005364177 0.0926134130
v 0.0184717251 0.0006093332 0.0926415396
v 0.0184717251 0.0006807807 0.0926732101
v 0.0184717251 0.0007505882 0.0927083482
v 0.0184717251 0.0008185875 0.0927468693
v 0.0184717251 0.0008846147 0.0927886806
v 0.0184717251 0.0009485108 0.0928336813
v 0.0184717251 0.0010101218 0.0928817630
v 0.0184717251 0.0010692994 0.0929328099
v 0.0184717251 0.0011259009 0.0929866991
v 0.0184717251 0.0011797901 0.0930433006
v 0.0184717251 0.0012308370 0.0931024782
v 0.0184717251 0.0012789187 0.0931640892
v 0.0184717251 0.0013239194 0.0932279853
v 0.0184717251 0.0013657307 0.0932940125
v 0.0184717251 0.0014042518 0.0933620118
v 0.0184717251 0.0014393899 0.0934318193
v 0.0184717251 0.0014710604 0.0935032668
v 0.0184717251 0.0014991870 0.0935761823
v 0.0184717251 0.0015237020 0.0936503901
v 0.0184717251 0.0015445462 0.0937257113
v 0.0184717251 0.0015616694 0.0938019646
v 0.0184717251 0.0015750305 0.0938789663
v 0.0184717251 0.0015845972 0.0939565308
v 0.0184717251 0.0015903464 0.0940344713
v 0.0184766458 0.0014475130 0.0941126000
v 0.0184766458 0.0014457695 0.0941836261
v 0.0184766458 0.0014405429 0.0942544811
v 0.0184766458 0.0014318459 0.0943249943
v 0.0184766458 0.0014196995 0.0943949958
v 0.0184766458 0.0014041329 0.0944643170
v 0.0184766458 0.0013851836 0.0945327909
v 0.0184766458 0.0013628973 0.0946002525
v 0.0184766458 0.0013373277 0.0946665393
v 0.0184766458 0.0013085363 0.0947314916
v 0.0184766458 0.0012765925 0.0947949529
v 0.0184766458 0.0012415734 0.0948567704
v 0.0184766458 0.0012035631 0.0949167952
v 0.0184766458 0.0011626534 0.0949748825
v 0.0184766458 0.0011189427 0.0950308926
v 0.0184766458 0.0010725364 0.0950846903
v 0.0184766458 0.0010235463 0.0951361463
v 0.0184766458 0.0009720903 0.0951851364
v 0.0184766458 0.0009182926 0.0952315427
v 0.0184766458 0.0008622825 0.0952752534
v 0.0184766458 0.0008041952 0.0953161631
v 0.0184766458 0.0007441704 0.0953541734
v 0.0184766458 0.0006823529 0.0953891925
v 0.0184766458 0.0006188916 0.0954211363
v 0.0184766458 0.0005539393 0.0954499277
v 0.0184766458 0.0004876525 0.0954754973
v 0.0184766458 0.0004201909 0.0954977836
v 0.0184766458 0.0003517170 0.0955167329
v 0.0184766458 0.0002823958 0.0955322995
v 0.0184766458 0.0002123943 0.0955444459
v 0.0184766458 0.0001418811 0.0955531429
v 0.0184766458 0.0000710261 0.0955583695
v 0.0184766458 0.0000000000 0.0955601130
v 0.0184766458 -0.0000710261 0.0955583695
v 0.0184766458 -0.0001418811 0.0955531429
v 0.0184766458 -0.0002123943 0.0955444459
v 0.0184766458 -0.0002823958 0.0955322995
v 0.0184766458 -0.0003517170 0.0955167329
v 0.0184766458 -0.0004201909 0.0954977836
v 0.0184766458 -0.0004876525 0.0954754973
v 0.0184766458 -0.0005539393 0.0954499277
v 0.0184766458 -0.0006188916 0.0954211363
v 0.0184766458 -0.0006823529 0.0953891925
v 0.0184766458 -0.0007441704 0.0953541734
v 0.0184766458 -0.0008041952 0.0953161631
v 0.0184766458 -0.0008622825 0.0952752534
v 0.0184766458 -0.0009182926 0.0952315427
v 0.0184766458 -0.0009720903 0.0951851364
v 0.0184766458 -0.0010235463 0.0951361463
v 0.0184766458 -0.0010725364 0.0950846903
v 0.0184766458 -0.0011189427 0.0950308926
v 0.0184766458 -0.0011626534 0.0949748825
v 0.0184766458 -0.0012035631 0.0949167952
v 0.0184766458 -0.0012415734 0.0948567704
v 0.0184766458 -0.0012765925 0.0947949529
v 0.0184766458 -0.0013085363 0.0947314916
v 0.0184766458 -0.0013373277 0.0946665393
v 0.0184766458 -0.0013628973 0.0946002525
v 0.0184766458 -0.0013851836 0.0945327909
v 0.0184766458 -0.0014041329 0.0944643170
v 0.0184766458 -0.0014196995 0.0943949958
v 0.0184766458 -0.0014318459 0.0943249943
v 0.0184766458 -0.0014405429 0.0942544811
v 0.0184766458 -0.0014457695 0.0941836261
v 0.0184766458 -0.0014475130 0.0941126000
v 0.0184766458 -0.0014457695 0.0940415739
v 0.0184766458 -0.0014405429 0.0939707189
v 0.0184766458 -0.0014318459 0.0939002057
v 0.0184766458 -0.0014196995 0.0938302042
v 0.0184766458 -0.0014041329 0.0937608830
v 0.0184766458 -0.0013851836 0.0936924091
v 0.0184766458 -0.0013628973 0.0936249475
v 0.0184766458 -0.0013373277 0.0935586607
v 0.0184766458 -0.0013085363 0.0934937084
v 0.0184766458 -0.0012765925 0.0934302471
v 0.0184766458 -0.0012415734 0.0933684296
v 0.0184766458 -0.0012035631 0.0933084048
v 0.0184766458 -0.0011626534 0.0932503175
v 0.0184766458 -0.0011189427 0.0931943074
v 0.0184766458 -0.0010725364 0.0931405097
v 0.0184766458 -0.0010235463 0.0930890537
v 0.0184766458 -0.0009720903 0.0930400636
v 0.0184766458 -0.0009182926 0.0929936573
v 0.0184766458 -0.0008622825 0.0929499466
v 0.0184766458 -0.0008041952 0.0929090369
v 0.0184766458 -0.0007441704 0.0928710266
v 0.0184766458 -0.0006823529 0.0928360075
v 0.0184766458 -0.0006188916 0.0928040637
v 0.0184766458 -0.0005539393 0.0927752723
v 0.0184766458 -0.0004876525 0.0927497027
v 0.0184766458 -0.0004201909 0.0927274164
v 0.0184766458 -0.0003517170 0.0927084671
v 0.0184766458 -0.0002823958 0.0926929005
v 0.0184766458 -0.0002123943 0.0926807541
v 0.0184766458 -0.0001418811 0.0926720571
v 0.0184766458 -0.0000710261 0.0926668305
v 0.0184766458 -0.0000000000 0.0926650870
v 0.0184766458 0.0000710261 0.0926668305
v 0.0184766458 0.0001418811 0.0926720571
v 0.0184766458 0.0002123943 0.0926807541
v 0.0184766458 0.0002823958 0.0926929005
v 0.0184766458 0.0003517170 0.0927084671
v 0.0184766458 0.0004201909 0.0927274164
v 0.0184766458 0.0004876525 0.0927497027
v 0.0184766458 0.0005539393 0.0927752723
v 0.0184766458 0.0006188916 0.0928040637
v 0.0184766458 0.0006823529 0.0928360075
v 0.0184766458 0.0007441704 0.0928710266
v 0.0184766458 0.0008041952 0.0929090369
v 0.0184766458 0.0008622825 0.0929499466
v 0.0184766458 0.0009182926 0.0929936573
v 0.0184766458 0.0009720903 0.0930400636
v 0.0184766458 0.0010235463 0.0930890537
v 0.0184766458 0.0010725364 0.0931405097
v 0.0184766458 0.0011189427 0.0931943074
v 0.0184766458 0.0011626534 0.0932503175
v 0.0184766458 0.0012035631 0.0933084048
v 0.0184766458 0.0012415734 0.0933684296
v 0.0184766458 0.0012765925 0.0934302471
v 0.0184766458 0.0013085363 0.0934937084
v 0.0184766458 0.0013373277 0.0935586607
v 0.0184766458 0.0013628973 0.0936249475
v 0.0184766458 0.0013851836 0.0936924091
v 0.0184766458 0.0014041329 0.0937608830
v 0.0184766458 0.0014196995 0.0938302042
v 0.0184766458 0.0014318459 0.0939002057
v 0.0184766458 0.0014405429 0.0939707189
v 0.0184766458 0.0014457695 0.0940415739
v 0.0184810930 0.0013027617 0.0941126000
v 0.0184810930 0.0013011925 0.0941765235
v 0.0184810930 0.0012964886 0.0942402930
v 0.0184810930 0.0012886613 0.0943037548
v 0.0184810930 0.0012777295 0.0943667562
v 0.0184810930 0.0012637196 0.0944291453
v 0.0184810930 0.0012466653 0.0944907718
v 0.0184810930 0.0012266076 0.0945514872
v 0.0184810930 0.0012035949 0.0946111453
v 0.0184810930 0.0011776827 0.0946696024
v 0.0184810930 0.0011489333 0.0947267176
v 0.0184810930 0.0011174160 0.0947823534
v 0.0184810930 0.0010832068 0.0948363756
v 0.0184810930 0.0010463880 0.0948886543
v 0.0184810930 0.0010070484 0.0949390633
v 0.0184810930 0.0009652828 0.0949874813
v 0.0184810930 0.0009211917 0.0950337917
v 0.0184810930 0.0008748813 0.0950778828
v 0.0184810930 0.0008264633 0.0951196484
v 0.0184810930 0.0007760543 0.0951589880
v 0.0184810930 0.0007237756 0.0951958068
v 0.0184810930 0.0006697534 0.0952300160
v 0.0184810930 0.0006141176 0.0952615333
v 0.0184810930 0.0005570024 0.0952902827
v 0.0184810930 0.0004985453 0.0953161949
v 0.0184810930 0.0004388872 0.0953392076
v 0.0184810930 0.0003781718 0.0953592653
v 0.0184810930 0.0003165453 0.0953763196
v 0.0184810930 0.0002541562 0.0953903295
v 0.0184810930 0.0001911548 0.0954012613
v 0.0184810930 0.0001276930 0.0954090886
v 0.0184810930 0.0000639235 0.0954137925
v 0.0184810930 0.0000000000 0.0954153617
v 0.0184810930 -0.0000639235 0.0954137925
v 0.0184810930 -0.0001276930 0.0954090886
v 0.0184810930 -0.0001911548 0.0954012613
v 0.0184810930 -0.0002541562 0.0953903295
v 0.0184810930 -0.0003165453 0.0953763196
v 0.0184810930 -0.0003781718 0.0953592653
v 0.0184810930 -0.0004388872 0.0953392076
v 0.0184810930 -0.0004985453 0.0953161949
v 0.0184810930 -0.0005570024 0.0952902827
v 0.0184810930 -0.0006141176 0.0952615333
v 0.0184810930 -0.0006697534 0.0952300160
v 0.0184810930 -0.0007237756 0.0951958068
v 0.0184810930 -0.0007760543 0.0951589880
v 0.0184810930 -0.0008264633 0.0951196484
v 0.0184810930 -0.0008748813 0.0950778828
v 0.0184810930 -0.0009211917 0.0950337917
v 0.0184810930 -0.0009652828 0.0949874813
v 0.0184810930 -0.0010070484 0.0949390633
v 0.0184810930 -0.0010463880 0.0948886543
v 0.0184810930 -0.0010832068 0.0948363756
v 0.0184810930 -0.0011174160 0.0947823534
v 0.0184810930 -0.0011489333 0.0947267176
v 0.0184810930 -0.0011776827 0.0946696024
v 0.0184810930 -0.0012035949 0.0946111453
v 0.0184810930 -0.0012266076 0.0945514872
v 0.0184810930 -0.0012466653 0.0944907718
v 0.0184810930 -0.0012637196 0.0944291453
v 0.0184810930 -0.0012777295 0.0943667562
v 0.0184810930 -0.0012886613 0.0943037548
v 0.0184810930 -0.0012964886 0.0942402930
v 0.0184810930 -0.0013011925 0.0941765235
v 0.0184810930 -0.0013027617 0.0941126000
v 0.0184810930 -0.0013011925 0.0940486765
v 0.0184810930 -0.0012964886 0.0939849070
v 0.0184810930 -0.0012886613 0.0939214452
v 0.0184810930 -0.0012777295 0.0938584438
v 0.0184810930 -0.0012637196 0.0937960547
v 0.0184810930 -0.0012466653 0.0937344282
v 0.0184810930 -0.0012266076 0.0936737128
v 0.0184810930 -0.0012035949 0.0936140547
v 0.0184810930 -0.0011776827 0.0935555976
v 0.0184810930 -0.0011489333 0.0934984824
v 0.0184810930 -0.0011174160 0.0934428466
v 0.0184810930 -0.0010832068 0.0933888244
v 0.0184810930 -0.0010463880 0.0933365457
v 0.0184810930 -0.0010070484 0.0932861367
v 0.0184810930 -0.0009652828 0.0932377187
v 0.0184810930 -0.0009211917 0.0931914083
v 0.0184810930 -0.0008748813 0.0931473172
v 0.0184810930 -0.0008264633 0.0931055516
v 0.0184810930 -0.0007760543 0.0930662120
v 0.0184810930 -0.0007237756 0.0930293932
v 0.0184810930 -0.0006697534 0.0929951840
v 0.0184810930 -0.0006141176 0.0929636667
v 0.0184810930 -0.0005570024 0.0929349173
v 0.0184810930 -0.0004985453 0.0929090051
v 0.0184810930 -0.0004388872 0.0928859924
v 0.0184810930 -0.0003781718 0.0928659347
v 0.0184810930 -0.0003165453 0.0928488804
v 0.0184810930 -0.0002541562 0.0928348705
v 0.0184810930 -0.0001911548 0.0928239387
v 0.0184810930 -0.0001276930 0.0928161114
v 0.0184810930 -0.0000639235 0.0928114075
v 0.0184810930 -0.0000000000 0.0928098383
v 0.0184810930 0.0000639235 0.0928114075
v 0.0184810930 0.0001276930 0.0928161114
v 0.0184810930 0.0001911548 0.0928239387
v 0.0184810930 0.0002541562 0.0928348705
v 0.0184810930 0.0003165453 0.0928488804
v 0.0184810930 0.0003781718 0.0928659347
v 0.0184810930 0.0004388872 0.0928859924
v 0.0184810930 0.0004985453 0.0929090051
v 0.0184810930 0.0005570024 0.0929349173
v 0.0184810930 0.0006141176 0.0929636667
v 0.0184810930 0.0006697534 0.0929951840
v 0.0184810930 0.0007237756 0.0930293932
v 0.0184810930 0.0007760543 0.0930662120
v 0.0184810930 0.0008264633 0.0931055516
v 0.0184810930 0.0008748813 0.0931473172
v 0.0184810930 0.0009211917 0.0931914083
v 0.0184810930 0.0009652828 0.0932377187
v 0.0184810930 0.0010070484 0.0932861367
v 0.0184810930 0.0010463880 0.0933365457
v 0.0184810930 0.0010832068 0.0933888244
v 0.0184810930 0.0011174160 0.0934428466
v 0.0184810930 0.0011489333 0.0934984824
v 0.0184810930 0.0011776827 0.0935555976
v 0.0184810930 0.0012035949 0.0936140547
v 0.0184810930 0.0012266076 0.0936737128
v 0.0184810930 0.0012466653 0.0937344282
v 0.0184810930 0.0012637196 0.0937960547
v 0.0184810930 0.0012777295 0.0938584438
v 0.0184810930 0.0012886613 0.0939214452
v 0.0184810930 0.0012964886 0.0939849070
v 0.0184810930 0.0013011925 0.0940486765
v 0.0184850681 0.0011580104 0.0941126000
v 0.0184850681 0.0011566156 0.0941694209
v 0.0184850681 0.0011524343 0.0942261049
v 0.0184850681 0.0011454767 0.0942825154
v 0.0184850681 0.0011357596 0.0943385166
v 0.0184850681 0.0011233063 0.0943939736
v 0.0184850681 0.0011081469 0.0944487527
v 0.0184850681 0.0010903179 0.0945027220
v 0.0184850681 0.0010698621 0.0945557514
v 0.0184850681 0.0010468290 0.0946077133
v 0.0184850681 0.0010212740 0.0946584823
v 0.0184850681 0.0009932587 0.0947079363
v 0.0184850681 0.0009628505 0.0947559561
v 0.0184850681 0.0009301227 0.0948024260
v 0.0184850681 0.0008951542 0.0948472340
v 0.0184850681 0.0008580291 0.0948902723
v 0.0184850681 0.0008188370 0.0949314370
v 0.0184850681 0.0007776723 0.0949706291
v 0.0184850681 0.0007346340 0.0950077542
v 0.0184850681 0.0006898260 0.0950427227
v 0.0184850681 0.0006433561 0.0950754505
v 0.0184850681 0.0005953363 0.0951058587
v 0.0184850681 0.0005458823 0.0951338740
v 0.0184850681 0.0004951133 0.0951594290
v 0.0184850681 0.0004431514 0.0951824621
v 0.0184850681 0.0003901220 0.0952029179
v 0.0184850681 0.0003361527 0.0952207469
v 0.0184850681 0.0002813736 0.0952359063
v 0.0184850681 0.0002259166 0.0952483596
v 0.0184850681 0.0001699154 0.0952580767
v 0.0184850681 0.0001135049 0.0952650343
v 0.0184850681 0.0000568209 0.0952692156
v 0.0184850681 0.0000000000 0.0952706104
v 0.0184850681 -0.0000568209 0.0952692156
v 0.0184850681 -0.0001135049 0.0952650343
v 0.0184850681 -0.0001699154 0.0952580767
v 0.0184850681 -0.0002259166 0.0952483596
v 0.0184850681 -0.0002813736 0.0952359063
v 0.0184850681 -0.0003361527 0.0952207469
v 0.0184850681 -0.0003901220 0.0952029179
v 0.0184850681 -0.0004431514 0.0951824621
v 0.0184850681 -0.0004951133 0.0951594290
v 0.0184850681 -0.0005458823 0.0951338740
v 0.0184850681 -0.0005953363 0.0951058587
v 0.0184850681 -0.0006433561 0.0950754505
v 0.0184850681 -0.0006898260 0.0950427227
v 0.0184850681 -0.0007346340 0.0950077542
v 0.0184850681 -0.0007776723 0.0949706291
v 0.0184850681 -0.0008188370 0.0949314370
v 0.0184850681 -0.0008580291 0.0948902723
v 0.0184850681 -0.0008951542 0.0948472340
v 0.0184850681 -0.0009301227 0.0948024260
v 0.0184850681 -0.0009628505 0.0947559561
v 0.0184850681 -0.0009932587 0.0947079363
v 0.0184850681 -0.0010212740 0.0946584823
v 0.0184850681 -0.0010468290 0.0946077133
v 0.0184850681 -0.0010698621 0.0945557514
v 0.0184850681 -0.0010903179 0.0945027220
v 0.0184850681 -0.0011081469 0.0944487527
v 0.0184850681 -0.0011233063 0.0943939736
v 0.0184850681 -0.0011357596 0.0943385166
v 0.0184850681 -0.0011454767 0.0942825154
v 0.0184850681 -0.0011524343 0.0942261049
v 0.0184850681 -0.0011566156 0.0941694209
v 0.0184850681 -0.0011580104 0.0941126000
v 0.0184850681 -0.0011566156 0.0940557791
v 0.0184850681 -0.0011524343 0.0939990951
v 0.0184850681 -0.0011454767 0.0939426846
v 0.0184850681 -0.0011357596 0.0938866834
v 0.0184850681 -0.0011233063 0.0938312264
v 0.0184850681 -0.0011081469 0.0937764473
v 0.0184850681 -0.0010903179 0.0937224780
v 0.0184850681 -0.0010698621 0.0936694486
v 0.0184850681 -0.0010468290 0.0936174867
v 0.0184850681 -0.0010212740 0.0935667177
v 0.0184850681 -0.0009932587 0.0935172637
v 0.0184850681 -0.0009628505 0.0934692439
v 0.0184850681 -0.0009301227 0.0934227740
v 0.0184850681 -0.0008951542 0.0933779660
v 0.0184850681 -0.0008580291 0.0933349277
v 0.0184850681 -0.0008188370 0.0932937630
v 0.0184850681 -0.0007776723 0.0932545709
v 0.0184850681 -0.0007346340 0.0932174458
v 0.0184850681 -0.0006898260 0.0931824773
v 0.0184850681 -0.0006433561 0.0931497495
v 0.0184850681 -0.0005953363 0.0931193413
v 0.0184850681 -0.0005458823 0.0930913260
v 0.0184850681 -0.0004951133 0.0930657710
v 0.0184850681 -0.0004431514 0.0930427379
v 0.0184850681 -0.0003901220 0.0930222821
v 0.0184850681 -0.0003361527 0.0930044531
v 0.0184850681 -0.0002813736 0.0929892937
v 0.0184850681 -0.0002259166 0.0929768404
v 0.0184850681 -0.0001699154 0.0929671233
v 0.0184850681 -0.0001135049 0.0929601657
v 0.0184850681 -0.0000568209 0.0929559844
v 0.0184850681 -0.0000000000 0.0929545896
v 0.0184850681 0.0000568209 0.0929559844
v 0.0184850681 0.0001135049 0.0929601657
v 0.0184850681 0.0001699154 0.0929671233
v 0.0184850681 0.0002259166 0.0929768404
v 0.0184850681 0.0002813736 0.0929892937
v 0.0184850681 0.0003361527 0.0930044531
v 0.0184850681 0.0003901220 0.0930222821
v 0.0184850681 0.0004431514 0.0930427379
v 0.0184850681 0.0004951133 0.0930657710
v 0.0184850681 0.0005458823 0.0930913260
v 0.0184850681 0.0005953363 0.0931193413
v 0.0184850681 0.0006433561 0.0931497495
v 0.0184850681 0.0006898260 0.0931824773
v 0.0184850681 0.0007346340 0.0932174458
v 0.0184850681 0.0007776723 0.0932545709
v 0.0184850681 0.0008188370 0.0932937630
v 0.0184850681 0.0008580291 0.0933349277
v 0.0184850681 0.0008951542 0.0933779660
v 0.0184850681 0.0009301227 0.0934227740
v 0.0184850681 0.0009628505 0.0934692439
v 0.0184850681 0.0009932587 0.0935172637
v 0.0184850681 0.0010212740 0.0935667177
v 0.0184850681 0.0010468290 0.0936174867
v 0.0184850681 0.0010698621 0.0936694486
v 0.0184850681 0.0010903179 0.0937224780
v 0.0184850681 0.0011081469 0.0937764473
v 0.0184850681 0.0011233063 0.0938312264
v 0.0184850681 0.0011357596 0.0938866834
v 0.0184850681 0.0011454767 0.0939426846
v 0.0184850681 0.0011524343 0.0939990951
v 0.0184850681 0.0011566156 0.0940557791
v 0.0184885724 0.0010132591 0.0941126000
v 0.0184885724 0.0010120386 0.0941623183
v 0.0184885724 0.0010083800 0.0942119168
v 0.0184885724 0.0010022921 0.0942612760
v 0.0184885724 0.0009937896 0.0943102771
v 0.0184885724 0.0009828930 0.0943588019
v 0.0184885724 0.0009696285 0.0944067336
v 0.0184885724 0.0009540281 0.0944539567
v 0.0184885724 0.0009361294 0.0945003575
v 0.0184885724 0.0009159754 0.0945458241
v 0.0184885724 0.0008936148 0.0945902470
v 0.0184885724 0.0008691013 0.0946335193
v 0.0184885724 0.0008424942 0.0946755366
v 0.0184885724 0.0008138574 0.0947161978
v 0.0184885724 0.0007832599 0.0947554048
v 0.0184885724 0.0007507755 0.0947930632
v 0.0184885724 0.0007164824 0.0948290824
v 0.0184885724 0.0006804632 0.0948633755
v 0.0184885724 0.0006428048 0.0948958599
v 0.0184885724 0.0006035978 0.0949264574
v 0.0184885724 0.0005629366 0.0949550942
v 0.0184885724 0.0005209193 0.0949817013
v 0.0184885724 0.0004776470 0.0950062148
v 0.0184885724 0.0004332241 0.0950285754
v 0.0184885724 0.0003877575 0.0950487294
v 0.0184885724 0.0003413567 0.0950666281
v 0.0184885724 0.0002941336 0.0950822285
v 0.0184885724 0.0002462019 0.0950954930
v 0.0184885724 0.0001976771 0.0951063896
v 0.0184885724 0.0001486760 0.0951148921
v 0.0184885724 0.0000993168 0.0951209800
v 0.0184885724 0.0000497183 0.0951246386
v 0.0184885724 0.0000000000 0.0951258591
v 0.0184885724 -0.0000497183 0.0951246386
v 0.0184885724 -0.0000993168 0.0951209800
v 0.0184885724 -0.0001486760 0.0951148921
v 0.0184885724 -0.0001976771 0.0951063896
v 0.0184885724 -0.0002462019 0.0950954930
v 0.0184885724 -0.0002941336 0.0950822285
v 0.0184885724 -0.0003413567 0.0950666281
v 0.0184885724 -0.0003877575 0.0950487294
v 0.0184885724 -0.0004332241 0.0950285754
v 0.0184885724 -0.0004776470 0.0950062148
v 0.0184885724 -0.0005209193 0.0949817013
v 0.0184885724 -0.0005629366 0.0949550942
v 0.0184885724 -0.0006035978 0.0949264574
v 0.0184885724 -0.0006428048 0.0948958599
v 0.0184885724 -0.0006804632 0.0948633755
v 0.0184885724 -0.0007164824 0.0948290824
v 0.0184885724 -0.0007507755 0.0947930632
v 0.0184885724 -0.0007832599 0.0947554048
v 0.0184885724 -0.0008138574 0.0947161978
v 0.0184885724 -0.0008424942 0.0946755366
v 0.0184885724 -0.0008691013 0.0946335193
v 0.0184885724 -0.0008936148 0.0945902470
v 0.0184885724 -0.0009159754 0.0945458241
v 0.0184885724 -0.0009361294 0.0945003575
v 0.0184885724 -0.0009540281 0.0944539567
v 0.0184885724 -0.0009696285 0.0944067336
v 0.0184885724 -0.0009828930 0.0943588019
v 0.0184885724 -0.0009937896 0.0943102771
v 0.0184885724 -0.0010022921 0.0942612760
v 0.0184885724 -0.0010083800 0.0942119168
v 0.0184885724 -0.0010120386 0.0941623183
v 0.0184885724 -0.0010132591 0.0941126000
v 0.0184885724 -0.0010120386 0.0940628817
v 0.0184885724 -0.0010083800 0.0940132832
v 0.0184885724 -0.0010022921 0.0939639240
v 0.0184885724 -0.0009937896 0.0939149229
v 0.0184885724 -0.0009828930 0.0938663981
v 0.0184885724 -0.0009696285 0.0938184664
v 0.0184885724 -0.0009540281 0.0937712433
v 0.0184885724 -0.0009361294 0.0937248425
v 0.0184885724 -0.0009159754 0.0936793759
v 0.0184885724 -0.0008936148 0.0936349530
v 0.0184885724 -0.0008691013 0.0935916807
v 0.0184885724 -0.0008424942 0.0935496634
v 0.0184885724 -0.0008138574 0.0935090022
v 0.0184885724 -0.0007832599 0.0934697952
v 0.0184885724 -0.0007507755 0.0934321368
v 0.0184885724 -0.0007164824 0.0933961176
v 0.0184885724 -0.0006804632 0.0933618245
v 0.0184885724 -0.0006428048 0.0933293401
v 0.0184885724 -0.0006035978 0.0932987426
v 0.0184885724 -0.0005629366 0.0932701058
v 0.0184885724 -0.0005209193 0.0932434987
v 0.0184885724 -0.0004776470 0.0932189852
v 0.0184885724 -0.0004332241 0.0931966246
v 0.0184885724 -0.0003877575 0.0931764706
v 0.0184885724 -0.0003413567 0.0931585719
v 0.0184885724 -0.0002941336 0.0931429715
v 0.0184885724 -0.0002462019 0.0931297070
v 0.0184885724 -0.0001976771 0.0931188104
v 0.0184885724 -0.0001486760 0.0931103079
v 0.0184885724 -0.0000993168 0.0931042200
v 0.0184885724 -0.0000497183 0.0931005614
v 0.0184885724 -0.0000000000 0.0930993409
v 0.0184885724 0.0000497183 0.0931005614
v 0.0184885724 0.0000993168 0.0931042200
v 0.0184885724 0.0001486760 0.0931103079
v 0.0184885724 0.0001976771 0.0931188104
v 0.0184885724 0.0002462019 0.0931297070
v 0.0184885724 0.0002941336 0.0931429715
v 0.0184885724 0.0003413567 0.0931585719
v 0.0184885724 0.0003877575 0.0931764706
v 0.0184885724 0.0004332241 0.0931966246
v 0.0184885724 0.0004776470 0.0932189852
v 0.0184885724 0.0005209193 0.0932434987
v 0.0184885724 0.0005629366 0.0932701058
v 0.0184885724 0.0006035978 0.0932987426
v 0.0184885724 0.0006428048 0.0933293401
v 0.0184885724 0.0006804632 0.0933618245
v 0.0184885724 0.0007164824 0.0933961176
v 0.0184885724 0.0007507755 0.0934321368
v 0.0184885724 0.0007832599 0.0934697952
v 0.0184885724 0.0008138574 0.0935090022
v 0.0184885724 0.0008424942 0.0935496634
v 0.0184885724 0.0008691013 0.0935916807
v 0.0184885724 0.0008936148 0.0936349530
v 0.0184885724 0.0009159754 0.0936793759
v 0.0184885724 0.0009361294 0.0937248425
v 0.0184885724 0.0009540281 0.0937712433
v 0.0184885724 0.0009696285 0.0938184664
v 0.0184885724 0.0009828930 0.0938663981
v 0.0184885724 0.0009937896 0.0939149229
v 0.0184885724 0.0010022921 0.0939639240
v 0.0184885724 0.0010083800 0.0940132832
v 0.0184885724 0.0010120386 0.0940628817
v 0.0184916072 0.0008685078 0.0941126000
v 0.0184916072 0.0008674617 0.0941552157
v 0.0184916072 0.0008643257 0.0941977287
v 0.0184916072 0.0008591075 0.0942400366
v 0.0184916072 0.0008518197 0.0942820375
v 0.0184916072 0.0008424797 0.0943236302
v 0.0184916072 0.0008311102 0.0943647145
v 0.0184916072 0.0008177384 0.0944051915
v 0.0184916072 0.0008023966 0.0944449636
v 0.0184916072 0.0007851218 0.0944839349
v 0.0184916072 0.0007659555 0.0945220118
v 0.0184916072 0.0007449440 0.0945591023
v 0.0184916072 0.0007221379 0.0945951171
v 0.0184916072 0.0006975920 0.0946299695
v 0.0184916072 0.0006713656 0.0946635755
v 0.0184916072 0.0006435219 0.0946958542
v 0.0184916072 0.0006141278 0.0947267278
v 0.0184916072 0.0005832542 0.0947561219
v 0.0184916072 0.0005509755 0.0947839656
v 0.0184916072 0.0005173695 0.0948101920
v 0.0184916072 0.0004825171 0.0948347379
v 0.0184916072 0.0004465023 0.0948575440
v 0.0184916072 0.0004094118 0.0948785555
v 0.0184916072 0.0003713349 0.0948977218
v 0.0184916072 0.0003323636 0.0949149966
v 0.0184916072 0.0002925915 0.0949303384
v 0.0184916072 0.0002521145 0.0949437102
v 0.0184916072 0.0002110302 0.0949550797
v 0.0184916072 0.0001694375 0.0949644197
v 0.0184916072 0.0001274366 0.0949717075
v 0.0184916072 0.0000851287 0.0949769257
v 0.0184916072 0.0000426157 0.0949800617
v 0.0184916072 0.0000000000 0.0949811078
v 0.0184916072 -0.0000426157 0.0949800617
v 0.0184916072 -0.0000851287 0.0949769257
v 0.0184916072 -0.0001274366 0.0949717075
v 0.0184916072 -0.0001694375 0.0949644197
v 0.0184916072 -0.0002110302 0.0949550797
v 0.0184916072 -0.0002521145 0.0949437102
v 0.0184916072 -0.0002925915 0.0949303384
v 0.0184916072 -0.0003323636 0.0949149966
v 0.0184916072 -0.0003713349 0.0948977218
v 0.0184916072 -0.0004094118 0.0948785555
v 0.0184916072 -0.0004465023 0.0948575440
v 0.0184916072 -0.0004825171 0.0948347379
v 0.0184916072 -0.0005173695 0.0948101920
v 0.0184916072 -0.0005509755 0.0947839656
v 0.0184916072 -0.0005832542 0.0947561219
v 0.0184916072 -0.0006141278 0.0947267278
v 0.0184916072 -0.0006435219 0.0946958542
v 0.0184916072 -0.0006713656 0.0946635755
v 0.0184916072 -0.0006975920 0.0946299695
v 0.0184916072 -0.0007221379 0.0945951171
v 0.0184916072 -0.0007449440 0.0945591023
v 0.0184916072 -0.0007659555 0.0945220118
v 0.0184916072 -0.0007851218 0.0944839349
v 0.0184916072 -0.0008023966 0.0944449636
v 0.0184916072 -0.0008177384 0.0944051915
v 0.0184916072 -0.0008311102 0.0943647145
v 0.0184916072 -0.0008424797 0.0943236302
v 0.0184916072 -0.0008518197 0.0942820375
v 0.0184916072 -0.0008591075 0.0942400366
v 0.0184916072 -0.0008643257 0.0941977287
v 0.0184916072 -0.0008674617 0.0941552157
v 0.0184916072 -0.0008685078 0.0941126000
v 0.0184916072 -0.0008674617 0.0940699843
v 0.0184916072 -0.0008643257 0.0940274713
v 0.0184916072 -0.0008591075 0.0939851634
v 0.0184916072 -0.0008518197 0.0939431625
v 0.0184916072 -0.0008424797 0.0939015698
v 0.0184916072 -0.0008311102 0.0938604855
v 0.0184916072 -0.0008177384 0.0938200085
v 0.0184916072 -0.0008023966 0.0937802364
v 0.0184916072 -0.0007851218 0.0937412651
v 0.0184916072 -0.0007659555 0.0937031882
v 0.0184916072 -0.0007449440 0.0936660977
v 0.0184916072 -0.0007221379 0.0936300829
v 0.0184916072 -0.0006975920 0.0935952305
v 0.0184916072 -0.0006713656 0.0935616245
v 0.0184916072 -0.0006435219 0.0935293458
v 0.0184916072 -0.0006141278 0.0934984722
v 0.0184916072 -0.0005832542 0.0934690781
v 0.0184916072 -0.0005509755 0.0934412344
v 0.0184916072 -0.0005173695 0.0934150080
v 0.0184916072 -0.0004825171 0.0933904621
v 0.0184916072 -0.0004465023 0.0933676560
v 0.0184916072 -0.0004094118 0.0933466445
v 0.0184916072 -0.0003713349 0.0933274782
v 0.0184916072 -0.0003323636 0.0933102034
v 0.0184916072 -0.0002925915 0.0932948616
v 0.0184916072 -0.0002521145 0.0932814898
v 0.0184916072 -0.0002110302 0.0932701203
v 0.0184916072 -0.0001694375 0.0932607803
v 0.0184916072 -0.0001274366 0.0932534925
v 0.0184916072 -0.0000851287 0.0932482743
v 0.0184916072 -0.0000426157 0.0932451383
v 0.0184916072 -0.0000000000 0.0932440922
v 0.0184916072 0.0000426157 0.0932451383
v 0.0184916072 0.0000851287 0.0932482743
v 0.0184916072 0.0001274366 0.0932534925
v 0.0184916072 0.0001694375 0.0932607803
v 0.0184916072 0.0002110302 0.0932701203
v 0.0184916072 0.0002521145 0.0932814898
v 0.0184916072 0.0002925915 0.0932948616
v 0.0184916072 0.0003323636 0.0933102034
v 0.0184916072 0.0003713349 0.0933274782
v 0.0184916072 0.0004094118 0.0933466445
v 0.0184916072 0.0004465023 0.0933676560
v 0.0184916072 0.0004825171 0.0933904621
v 0.0184916072 0.0005173695 0.0934150080
v 0.0184916072 0.0005509755 0.0934412344
v 0.0184916072 0.0005832542 0.0934690781
v 0.0184916072 0.0006141278 0.0934984722
v 0.0184916072 0.0006435219 0.0935293458
v 0.0184916072 0.0006713656 0.0935616245
v 0.0184916072 0.0006975920 0.0935952305
v 0.0184916072 0.0007221379 0.0936300829
v 0.0184916072 0.0007449440 0.0936660977
v 0.0184916072 0.0007659555 0.0937031882
v 0.0184916072 0.0007851218 0.0937412651
v 0.0184916072 0.0008023966 0.0937802364
v 0.0184916072 0.0008177384 0.0938200085
v 0.0184916072 0.0008311102 0.0938604855
v 0.0184916072 0.0008424797 0.0939015698
v 0.0184916072 0.0008518197 0.0939431625
v 0.0184916072 0.0008591075 0.0939851634
v 0.0184916072 0.0008643257 0.0940274713
v 0.0184916072 0.0008674617 0.0940699843
v 0.0184941734 0.0007237565 0.0941126000
v 0.0184941734 0.0007228847 0.0941481130
v 0.0184941734 0.0007202714 0.0941835405
v 0.0184941734 0.0007159230 0.0942187971
v 0.0184941734 0.0007098497 0.0942537979
v 0.0184941734 0.0007020664 0.0942884585
v 0.0184941734 0.0006925918 0.0943226954
v 0.0184941734 0.0006814487 0.0943564262
v 0.0184941734 0.0006686638 0.0943895696
v 0.0184941734 0.0006542681 0.0944220458
v 0.0184941734 0.0006382963 0.0944537765
v 0.0184941734 0.0006207867 0.0944846852
v 0.0184941734 0.0006017816 0.0945146976
v 0.0184941734 0.0005813267 0.0945437413
v 0.0184941734 0.0005594714 0.0945717463
v 0.0184941734 0.0005362682 0.0945986452
v 0.0184941734 0.0005117731 0.0946243731
v 0.0184941734 0.0004860452 0.0946488682
v 0.0184941734 0.0004591463 0.0946720714
v 0.0184941734 0.0004311413 0.0946939267
v 0.0184941734 0.0004020976 0.0947143816
v 0.0184941734 0.0003720852 0.0947333867
v 0.0184941734 0.0003411765 0.0947508963
v 0.0184941734 0.0003094458 0.0947668681
v 0.0184941734 0.0002769696 0.0947812638
v 0.0184941734 0.0002438262 0.0947940487
v 0.0184941734 0.0002100954 0.0948051918
v 0.0184941734 0.0001758585 0.0948146664
v 0.0184941734 0.0001411979 0.0948224497
v 0.0184941734 0.0001061971 0.0948285230
v 0.0184941734 0.0000709405 0.0948328714
v 0.0184941734 0.0000355130 0.0948354847
v 0.0184941734 0.0000000000 0.0948363565
v 0.0184941734 -0.0000355130 0.0948354847
v 0.0184941734 -0.0000709405 0.0948328714
v 0.0184941734 -0.0001061971 0.0948285230
v 0.0184941734 -0.0001411979 0.0948224497
v 0.0184941734 -0.0001758585 0.0948146664
v 0.0184941734 -0.0002100954 0.0948051918
v 0.0184941734 -0.0002438262 0.0947940487
v 0.0184941734 -0.0002769696 0.0947812638
v 0.0184941734 -0.0003094458 0.0947668681
v 0.0184941734 -0.0003411765 0.0947508963
v 0.0184941734 -0.0003720852 0.0947333867
v 0.0184941734 -0.0004020976 0.0947143816
v 0.0184941734 -0.0004311413 0.0946939267
v 0.0184941734 -0.0004591463 0.0946720714
v 0.0184941734 -0.0004860452 0.0946488682
v 0.0184941734 -0.0005117731 0.0946243731
v 0.0184941734 -0.0005362682 0.0945986452
v 0.0184941734 -0.0005594714 0.0945717463
v 0.0184941734 -0.0005813267 0.0945437413
v 0.0184941734 -0.0006017816 0.0945146976
v 0.0184941734 -0.0006207867 0.0944846852
v 0.0184941734 -0.0006382963 0.0944537765
v 0.0184941734 -0.0006542681 0.0944220458
v 0.0184941734 -0.0006686638 0.0943895696
v 0.0184941734 -0.0006814487 0.0943564262
v 0.0184941734 -0.0006925918 0.0943226954
v 0.0184941734 -0.0007020664 0.0942884585
v 0.0184941734 -0.0007098497 0.0942537979
v 0.0184941734 -0.0007159230 0.0942187971
v 0.0184941734 -0.0007202714 0.0941835405
v 0.0184941734 -0.0007228847 0.0941481130
v 0.0184941734 -0.0007237565 0.0941126000
v 0.0184941734 -0.0007228847 0.0940770870
v 0.0184941734 -0.0007202714 0.0940416595
v 0.0184941734 -0.0007159230 0.0940064029
v 0.0184941734 -0.0007098497 0.0939714021
v 0.0184941734 -0.0007020664 0.0939367415
v 0.0184941734 -0.0006925918 0.0939025046
v 0.0184941734 -0.0006814487 0.0938687738
v 0.0184941734 -0.0006686638 0.0938356304
v 0.0184941734 -0.0006542681 0.0938031542
v 0.0184941734 -0.0006382963 0.0937714235
v 0.0184941734 -0.0006207867 0.0937405148
v 0.0184941734 -0.0006017816 0.0937105024
v 0.0184941734 -0.0005813267 0.0936814587
v 0.0184941734 -0.0005594714 0.0936534537
v 0.0184941734 -0.0005362682 0.0936265548
v 0.0184941734 -0.0005117731 0.0936008269
v 0.0184941734 -0.0004860452 0.0935763318
v 0.0184941734 -0.0004591463 0.0935531286
v 0.0184941734 -0.0004311413 0.0935312733
v 0.0184941734 -0.0004020976 0.0935108184
v 0.0184941734 -0.0003720852 0.0934918133
v 0.0184941734 -0.0003411765 0.0934743037
v 0.0184941734 -0.0003094458 0.0934583319
v 0.0184941734 -0.0002769696 0.0934439362
v 0.0184941734 -0.0002438262 0.0934311513
v 0.0184941734 -0.0002100954 0.0934200082
v 0.0184941734 -0.0001758585 0.0934105336
v 0.0184941734 -0.0001411979 0.0934027503
v 0.0184941734 -0.0001061971 0.0933966770
v 0.0184941734 -0.0000709405 0.0933923286
v 0.0184941734 -0.0000355130 0.0933897153
v 0.0184941734 -0.0000000000 0.0933888435
v 0.0184941734 0.0000355130 0.0933897153
v 0.0184941734 0.0000709405 0.0933923286
v 0.0184941734 0.0001061971 0.0933966770
v 0.0184941734 0.0001411979 0.0934027503
v 0.0184941734 0.0001758585 0.0934105336
v 0.0184941734 0.0002100954 0.0934200082
v 0.0184941734 0.0002438262 0.0934311513
v 0.0184941734 0.0002769696 0.0934439362
v 0.0184941734 0.0003094458 0.0934583319
v 0.0184941734 0.0003411765 0.0934743037
v 0.0184941734 0.0003720852 0.0934918133
v 0.0184941734 0.0004020976 0.0935108184
v 0.0184941734 0.0004311413 0.0935312733
v 0.0184941734 0.0004591463 0.0935531286
v 0.0184941734 0.0004860452 0.0935763318
v 0.0184941734 0.0005117731 0.0936008269
v 0.0184941734 0.0005362682 0.0936265548
v 0.0184941734 0.0005594714 0.0936534537
v 0.0184941734 0.0005813267 0.0936814587
v 0.0184941734 0.0006017816 0.0937105024
v 0.0184941734 0.0006207867 0.0937405148
v 0.0184941734 0.0006382963 0.0937714235
v 0.0184941734 0.0006542681 0.0938031542
v 0.0184941734 0.0006686638 0.0938356304
v 0.0184941734 0.0006814487 0.0938687738
v 0.0184941734 0.0006925918 0.0939025046
v 0.0184941734 0.0007020664 0.0939367415
v 0.0184941734 0.0007098497 0.0939714021
v 0.0184941734 0.0007159230 0.0940064029
v 0.0184941734 0.0007202714 0.0940416595
v 0.0184941734 0.0007228847 0.0940770870
v 0.0184962719 0.0005790052 0.0941126000
v 0.0184962719 0.0005783078 0.0941410104
v 0.0184962719 0.0005762171 0.0941693524
v 0.0184962719 0.0005727384 0.0941975577
v 0.0184962719 0.0005678798 0.0942255583
v 0.0184962719 0.0005616532 0.0942532868
v 0.0184962719 0.0005540734 0.0942806763
v 0.0184962719 0.0005451589 0.0943076610
v 0.0184962719 0.0005349311 0.0943341757
v 0.0184962719 0.0005234145 0.0943601566
v 0.0184962719 0.0005106370 0.0943855412
v 0.0184962719 0.0004966293 0.0944102682
v 0.0184962719 0.0004814252 0.0944342781
v 0.0184962719 0.0004650614 0.0944575130
v 0.0184962719 0.0004475771 0.0944799170
v 0.0184962719 0.0004290146 0.0945014361
v 0.0184962719 0.0004094185 0.0945220185
v 0.0184962719 0.0003888361 0.0945416146
v 0.0184962719 0.0003673170 0.0945601771
v 0.0184962719 0.0003449130 0.0945776614
v 0.0184962719 0.0003216781 0.0945940252
v 0.0184962719 0.0002976682 0.0946092293
v 0.0184962719 0.0002729412 0.0946232370
v 0.0184962719 0.0002475566 0.0946360145
v 0.0184962719 0.0002215757 0.0946475311
v 0.0184962719 0.0001950610 0.0946577589
v 0.0184962719 0.0001680763 0.0946666734
v 0.0184962719 0.0001406868 0.0946742532
v 0.0184962719 0.0001129583 0.0946804798
v 0.0184962719 0.0000849577 0.0946853384
v 0.0184962719 0.0000567524 0.0946888171
v 0.0184962719 0.0000284104 0.0946909078
v 0.0184962719 0.0000000000 0.0946916052
v 0.0184962719 -0.0000284104 0.0946909078
v 0.0184962719 -0.0000567524 0.0946888171
v 0.0184962719 -0.0000849577 0.0946853384
v 0.0184962719 -0.0001129583 0.0946804798
v 0.0184962719 -0.0001406868 0.0946742532
v 0.0184962719 -0.0001680763 0.0946666734
v 0.0184962719 -0.0001950610 0.0946577589
v 0.0184962719 -0.0002215757 0.0946475311
v 0.0184962719 -0.0002475566 0.0946360145
v 0.0184962719 -0.0002729412 0.0946232370
v 0.0184962719 -0.0002976682 0.0946092293
v 0.0184962719 -0.0003216781 0.0945940252
v 0.0184962719 -0.0003449130 0.0945776614
v 0.0184962719 -0.0003673170 0.0945601771
v 0.0184962719 -0.0003888361 0.0945416146
v 0.0184962719 -0.0004094185 0.0945220185
v 0.0184962719 -0.0004290146 0.0945014361
v 0.0184962719 -0.0004475771 0.0944799170
v 0.0184962719 -0.0004650614 0.0944575130
v 0.0184962719 -0.0004814252 0.0944342781
v 0.0184962719 -0.0004966293 0.0944102682
v 0.0184962719 -0.0005106370 0.0943855412
v 0.0184962719 -0.0005234145 0.0943601566
v 0.0184962719 -0.0005349311 0.0943341757
v 0.0184962719 -0.0005451589 0.0943076610
v 0.0184962719 -0.0005540734 0.0942806763
v 0.0184962719 -0.0005616532 0.0942532868
v 0.0184962719 -0.0005678798 0.0942255583
v 0.0184962719 -0.0005727384 0.0941975577
v 0.0184962719 -0.0005762171 0.0941693524
v 0.0184962719 -0.0005783078 0.0941410104
v 0.0184962719 -0.0005790052 0.0941126000
v 0.0184962719 -0.0005783078 0.0940841896
v 0.0184962719 -0.0005762171 0.0940558476
v 0.0184962719 -0.0005727384 0.0940276423
v 0.0184962719 -0.0005678798 0.0939996417
v 0.0184962719 -0.0005616532 0.0939719132
v 0.0184962719 -0.0005540734 0.0939445237
v 0.0184962719 -0.0005451589 0.0939175390
v 0.0184962719 -0.0005349311 0.0938910243
v 0.0184962719 -0.0005234145 0.0938650434
v 0.0184962719 -0.0005106370 0.0938396588
v 0.0184962719 -0.0004966293 0.0938149318
v 0.0184962719 -0.0004814252 0.0937909219
v 0.0184962719 -0.0004650614 0.0937676870
v 0.0184962719 -0.0004475771 0.0937452830
v 0.0184962719 -0.0004290146 0.0937237639
v 0.0184962719 -0.0004094185 0.0937031815
v 0.0184962719 -0.0003888361 0.0936835854
v 0.0184962719 -0.0003673170 0.0936650229
v 0.0184962719 -0.0003449130 0.0936475386
v 0.0184962719 -0.0003216781 0.0936311748
v 0.0184962719 -0.0002976682 0.0936159707
v 0.0184962719 -0.0002729412 0.0936019630
v 0.0184962719 -0.0002475566 0.0935891855
v 0.0184962719 -0.0002215757 0.0935776689
v 0.0184962719 -0.0001950610 0.0935674411
v 0.0184962719 -0.0001680763 0.0935585266
v 0.0184962719 -0.0001406868 0.0935509468
v 0.0184962719 -0.0001129583 0.0935447202
v 0.0184962719 -0.0000849577 0.0935398616
v 0.0184962719 -0.0000567524 0.0935363829
v 0.0184962719 -0.0000284104 0.0935342922
v 0.0184962719 -0.0000000000 0.0935335948
v 0.0184962719 0.0000284104 0.0935342922
v 0.0184962719 0.0000567524 0.0935363829
v 0.0184962719 0.0000849577 0.0935398616
v 0.0184962719 0.0001129583 0.0935447202
v 0.0184962719 0.0001406868 0.0935509468
v 0.0184962719 0.0001680763 0.0935585266
v 0.0184962719 0.0001950610 0.0935674411
v 0.0184962719 0.0002215757 0.0935776689
v 0.0184962719 0.0002475566 0.0935891855
v 0.0184962719 0.0002729412 0.0936019630
v 0.0184962719 0.0002976682 0.0936159707
v 0.0184962719 0.0003216781 0.0936311748
v 0.0184962719 0.0003449130 0.0936475386
v 0.0184962719 0.0003673170 0.0936650229
v 0.0184962719 0.0003888361 0.0936835854
v 0.0184962719 0.0004094185 0.0937031815
v 0.0184962719 0.0004290146 0.0937237639
v 0.0184962719 0.0004475771 0.0937452830
v 0.0184962719 0.0004650614 0.0937676870
v 0.0184962719 0.0004814252 0.0937909219
v 0.0184962719 0.0004966293 0.0938149318
v 0.0184962719 0.0005106370 0.0938396588
v 0.0184962719 0.0005234145 0.0938650434
v 0.0184962719 0.0005349311 0.0938910243
v 0.0184962719 0.0005451589 0.0939175390
v 0.0184962719 0.0005540734 0.0939445237
v 0.0184962719 0.0005616532 0.0939719132
v 0.0184962719 0.0005678798 0.0939996417
v 0.0184962719 0.0005727384 0.0940276423
v 0.0184962719 0.0005762171 0.0940558476
v 0.0184962719 0.0005783078 0.0940841896
v 0.0184979033 0.0004342539 0.0941126000
v 0.0184979033 0.0004337308 0.0941339078
v 0.0184979033 0.0004321629 0.0941551643
v 0.0184979033 0.0004295538 0.0941763183
v 0.0184979033 0.0004259098 0.0941973187
v 0.0184979033 0.0004212399 0.0942181151
v 0.0184979033 0.0004155551 0.0942386573
v 0.0184979033 0.0004088692 0.0942588957
v 0.0184979033 0.0004011983 0.0942787818
v 0.0184979033 0.0003925609 0.0942982675
v 0.0184979033 0.0003829778 0.0943173059
v 0.0184979033 0.0003724720 0.0943358511
v 0.0184979033 0.0003610689 0.0943538585
v 0.0184979033 0.0003487960 0.0943712848
v 0.0184979033 0.0003356828 0.0943880878
v 0.0184979033 0.0003217609 0.0944042271
v 0.0184979033 0.0003070639 0.0944196639
v 0.0184979033 0.0002916271 0.0944343609
v 0.0184979033 0.0002754878 0.0944482828
v 0.0184979033 0.0002586848 0.0944613960
v 0.0184979033 0.0002412585 0.0944736689
v 0.0184979033 0.0002232511 0.0944850720
v 0.0184979033 0.0002047059 0.0944955778
v 0.0184979033 0.0001856675 0.0945051609
v 0.0184979033 0.0001661818 0.0945137983
v 0.0184979033 0.0001462957 0.0945214692
v 0.0184979033 0.0001260573 0.0945281551
v 0.0184979033 0.0001055151 0.0945338399
v 0.0184979033 0.0000847187 0.0945385098
v 0.0184979033 0.0000637183 0.0945421538
v 0.0184979033 0.0000425643 0.0945447629
v 0.0184979033 0.0000213078 0.0945463308
v 0.0184979033 0.0000000000 0.0945468539
v 0.0184979033 -0.0000213078 0.0945463308
v 0.0184979033 -0.0000425643 0.0945447629
v 0.0184979033 -0.0000637183 0.0945421538
v 0.0184979033 -0.0000847187 0.0945385098
v 0.0184979033 -0.0001055151 0.0945338399
v 0.0184979033 -0.0001260573 0.0945281551
v 0.0184979033 -0.0001462957 0.0945214692
v 0.0184979033 -0.0001661818 0.0945137983
v 0.0184979033 -0.0001856675 0.0945051609
v 0.0184979033 -0.0002047059 0.0944955778
v 0.0184979033 -0.0002232511 0.0944850720
v 0.0184979033 -0.0002412585 0.0944736689
v 0.0184979033 -0.0002586848 0.0944613960
v 0.0184979033 -0.0002754878 0.0944482828
v 0.0184979033 -0.0002916271 0.0944343609
v 0.0184979033 -0.0003070639 0.0944196639
v 0.0184979033 -0.0003217609 0.0944042271
v 0.0184979033 -0.0003356828 0.0943880878
v 0.0184979033 -0.0003487960 0.0943712848
v 0.0184979033 -0.0003610689 0.0943538585
v 0.0184979033 -0.0003724720 0.0943358511
v 0.0184979033 -0.0003829778 0.0943173059
v 0.0184979033 -0.0003925609 0.0942982675
v 0.0184979033 -0.0004011983 0.0942787818
v 0.0184979033 -0.0004088692 0.0942588957
v 0.0184979033 -0.0004155551 0.0942386573
v 0.0184979033 -0.0004212399 0.0942181151
v 0.0184979033 -0.0004259098 0.0941973187
v 0.0184979033 -0.0004295538 0.0941763183
v 0.0184979033 -0.0004321629 0.0941551643
v 0.0184979033 -0.0004337308 0.0941339078
v 0.0184979033 -0.0004342539 0.0941126000
v 0.0184979033 -0.0004337308 0.0940912922
v 0.0184979033 -0.0004321629 0.0940700357
v 0.0184979033 -0.0004295538 0.0940488817
v 0.0184979033 -0.0004259098 0.0940278813
v 0.0184979033 -0.0004212399 0.0940070849
v 0.0184979033 -0.0004155551 0.0939865427
v 0.0184979033 -0.0004088692 0.0939663043
v 0.0184979033 -0.0004011983 0.0939464182
v 0.0184979033 -0.0003925609 0.0939269325
v 0.0184979033 -0.0003829778 0.0939078941
v 0.0184979033 -0.0003724720 0.0938893489
v 0.0184979033 -0.0003610689 0.0938713415
v 0.0184979033 -0.0003487960 0.0938539152
v 0.0184979033 -0.0003356828 0.0938371122
v 0.0184979033 -0.0003217609 0.0938209729
v 0.0184979033 -0.0003070639 0.0938055361
v 0.0184979033 -0.0002916271 0.0937908391
v 0.0184979033 -0.0002754878 0.0937769172
v 0.0184979033 -0.0002586848 0.0937638040
v 0.0184979033 -0.0002412585 0.0937515311
v 0.0184979033 -0.0002232511 0.0937401280
v 0.0184979033 -0.0002047059 0.0937296222
v 0.0184979033 -0.0001856675 0.0937200391
v 0.0184979033 -0.0001661818 0.0937114017
v 0.0184979033 -0.0001462957 0.0937037308
v 0.0184979033 -0.0001260573 0.0936970449
v 0.0184979033 -0.0001055151 0.0936913601
v 0.0184979033 -0.0000847187 0.0936866902
v 0.0184979033 -0.0000637183 0.0936830462
v 0.0184979033 -0.0000425643 0.0936804371
v 0.0184979033 -0.0000213078 0.0936788692
v 0.0184979033 -0.0000000000 0.0936783461
v 0.0184979033 0.0000213078 0.0936788692
v 0.0184979033 0.0000425643 0.0936804371
v 0.0184979033 0.0000637183 0.0936830462
v 0.0184979033 0.0000847187 0.0936866902
v 0.0184979033 0.0001055151 0.0936913601
v 0.0184979033 0.0001260573 0.0936970449
v 0.0184979033 0.0001462957 0.0937037308
v 0.0184979033 0.0001661818 0.0937114017
v 0.0184979033 0.0001856675 0.0937200391
v 0.0184979033 0.0002047059 0.0937296222
v 0.0184979033 0.0002232511 0.0937401280
v 0.0184979033 0.0002412585 0.0937515311
v 0.0184979033 0.0002586848 0.0937638040
v 0.0184979033 0.0002754878 0.0937769172
v 0.0184979033 0.0002916271 0.0937908391
v 0.0184979033 0.0003070639 0.0938055361
v 0.0184979033 0.0003217609 0.0938209729
v 0.0184979033 0.0003356828 0.0938371122
v 0.0184979033 0.0003487960 0.0938539152
v 0.0184979033 0.0003610689 0.0938713415
v 0.0184979033 0.0003724720 0.0938893489
v 0.0184979033 0.0003829778 0.0939078941
v 0.0184979033 0.0003925609 0.0939269325
v 0.0184979033 0.0004011983 0.0939464182
v 0.0184979033 0.0004088692 0.0939663043
v 0.0184979033 0.0004155551 0.0939865427
v 0.0184979033 0.0004212399 0.0940070849
v 0.0184979033 0.0004259098 0.0940278813
v 0.0184979033 0.0004295538 0.0940488817
v 0.0184979033 0.0004321629 0.0940700357
v 0.0184979033 0.0004337308 0.0940912922
v 0.0184990683 0.0002895026 0.0941126000
v 0.0184990683 0.0002891539 0.0941268052
v 0.0184990683 0.0002881086 0.0941409762
v 0.0184990683 0.0002863692 0.0941550789
v 0.0184990683 0.0002839399 0.0941690792
v 0.0184990683 0.0002808266 0.0941829434
v 0.0184990683 0.0002770367 0.0941966382
v 0.0184990683 0.0002725795 0.0942101305
v 0.0184990683 0.0002674655 0.0942233879
v 0.0184990683 0.0002617073 0.0942363783
v 0.0184990683 0.0002553185 0.0942490706
v 0.0184990683 0.0002483147 0.0942614341
v 0.0184990683 0.0002407126 0.0942734390
v 0.0184990683 0.0002325307 0.0942850565
v 0.0184990683 0.0002237885 0.0942962585
v 0.0184990683 0.0002145073 0.0943070181
v 0.0184990683 0.0002047093 0.0943173093
v 0.0184990683 0.0001944181 0.0943271073
v 0.0184990683 0.0001836585 0.0943363885
v 0.0184990683 0.0001724565 0.0943451307
v 0.0184990683 0.0001608390 0.0943533126
v 0.0184990683 0.0001488341 0.0943609147
v 0.0184990683 0.0001364706 0.0943679185
v 0.0184990683 0.0001237783 0.0943743073
v 0.0184990683 0.0001107879 0.0943800655
v 0.0184990683 0.0000975305 0.0943851795
v 0.0184990683 0.0000840382 0.0943896367
v 0.0184990683 0.0000703434 0.0943934266
v 0.0184990683 0.0000564792 0.0943965399
v 0.0184990683 0.0000424789 0.0943989692
v 0.0184990683 0.0000283762 0.0944007086
v 0.0184990683 0.0000142052 0.0944017539
v 0.0184990683 0.0000000000 0.0944021026
v 0.0184990683 -0.0000142052 0.0944017539
v 0.0184990683 -0.0000283762 0.0944007086
v 0.0184990683 -0.0000424789 0.0943989692
v 0.0184990683 -0.0000564792 0.0943965399
v 0.0184990683 -0.0000703434 0.0943934266
v 0.0184990683 -0.0000840382 0.0943896367
v 0.0184990683 -0.0000975305 0.0943851795
v 0.0184990683 -0.0001107879 0.0943800655
v 0.0184990683 -0.0001237783 0.0943743073
v 0.0184990683 -0.0001364706 0.0943679185
v 0.0184990683 -0.0001488341 0.0943609147
v 0.0184990683 -0.0001608390 0.0943533126
v 0.0184990683 -0.0001724565 0.0943451307
v 0.0184990683 -0.0001836585 0.0943363885
v 0.0184990683 -0.0001944181 0.0943271073
v 0.0184990683 -0.0002047093 0.0943173093
v 0.0184990683 -0.0002145073 0.0943070181
v 0.0184990683 -0.0002237885 0.0942962585
v 0.0184990683 -0.0002325307 0.0942850565
v 0.0184990683 -0.0002407126 0.0942734390
v 0.0184990683 -0.0002483147 0.0942614341
v 0.0184990683 -0.0002553185 0.0942490706
v 0.0184990683 -0.0002617073 0.0942363783
v 0.0184990683 -0.0002674655 0.0942233879
v 0.0184990683 -0.0002725795 0.0942101305
v 0.0184990683 -0.0002770367 0.0941966382
v 0.0184990683 -0.0002808266 0.0941829434
v 0.0184990683 -0.0002839399 0.0941690792
v 0.0184990683 -0.0002863692 0.0941550789
v 0.0184990683 -0.0002881086 0.0941409762
v 0.0184990683 -0.0002891539 0.0941268052
v 0.0184990683 -0.0002895026 0.0941126000
v 0.0184990683 -0.0002891539 0.0940983948
v 0.0184990683 -0.0002881086 0.0940842238
v 0.0184990683 -0.0002863692 0.0940701211
v 0.0184990683 -0.0002839399 0.0940561208
v 0.0184990683 -0.0002808266 0.0940422566
v 0.0184990683 -0.0002770367 0.0940285618
v 0.0184990683 -0.0002725795 0.0940150695
v 0.0184990683 -0.0002674655 0.0940018121
v 0.0184990683 -0.0002617073 0.0939888217
v 0.0184990683 -0.0002553185 0.0939761294
v 0.0184990683 -0.0002483147 0.0939637659
v 0.0184990683 -0.0002407126 0.0939517610
v 0.0184990683 -0.0002325307 0.0939401435
v 0.0184990683 -0.0002237885 0.0939289415
v 0.0184990683 -0.0002145073 0.0939181819
v 0.0184990683 -0.0002047093 0.0939078907
v 0.0184990683 -0.0001944181 0.0938980927
v 0.0184990683 -0.0001836585 0.0938888115
v 0.0184990683 -0.0001724565 0.0938800693
v 0.0184990683 -0.0001608390 0.0938718874
v 0.0184990683 -0.0001488341 0.0938642853
v 0.0184990683 -0.0001364706 0.0938572815
v 0.0184990683 -0.0001237783 0.0938508927
v 0.0184990683 -0.0001107879 0.0938451345
v 0.0184990683 -0.0000975305 0.0938400205
v 0.0184990683 -0.0000840382 0.0938355633
v 0.0184990683 -0.0000703434 0.0938317734
v 0.0184990683 -0.0000564792 0.0938286601
v 0.0184990683 -0.0000424789 0.0938262308
v 0.0184990683 -0.0000283762 0.0938244914
v 0.0184990683 -0.0000142052 0.0938234461
v 0.0184990683 -0.0000000000 0.0938230974
v 0.0184990683 0.0000142052 0.0938234461
v 0.0184990683 0.0000283762 0.0938244914
v 0.0184990683 0.0000424789 0.0938262308
v 0.0184990683 0.0000564792 0.0938286601
v 0.0184990683 0.0000703434 0.0938317734
v 0.0184990683 0.0000840382 0.0938355633
v 0.0184990683 0.0000975305 0.0938400205
v 0.0184990683 0.0001107879 0.0938451345
v 0.0184990683 0.0001237783 0.0938508927
v 0.0184990683 0.0001364706 0.0938572815
v 0.0184990683 0.0001488341 0.0938642853
v 0.0184990683 0.0001608390 0.0938718874
v 0.0184990683 0.0001724565 0.0938800693
v 0.0184990683 0.0001836585 0.0938888115
v 0.0184990683 0.0001944181 0.0938980927
v 0.0184990683 0.0002047093 0.0939078907
v 0.0184990683 0.0002145073 0.0939181819
v 0.0184990683 0.0002237885 0.0939289415
v 0.0184990683 0.0002325307 0.0939401435
v 0.0184990683 0.0002407126 0.0939517610
v 0.0184990683 0.0002483147 0.0939637659
v 0.0184990683 0.0002553185 0.0939761294
v 0.0184990683 0.0002617073 0.0939888217
v 0.0184990683 0.0002674655 0.0940018121
v 0.0184990683 0.0002725795 0.0940150695
v 0.0184990683 0.0002770367 0.0940285618
v 0.0184990683 0.0002808266 0.0940422566
v 0.0184990683 0.0002839399 0.0940561208
v 0.0184990683 0.0002863692 0.0940701211
v 0.0184990683 0.0002881086 0.0940842238
v 0.0184990683 0.0002891539 0.0940983948
v 0.0184997671 0.0001447513 0.0941126000
v 0.0184997671 0.0001445769 0.0941197026
v 0.0184997671 0.0001440543 0.0941267881
v 0.0184997671 0.0001431846 0.0941338394
v 0.0184997671 0.0001419699 0.0941408396
v 0.0184997671 0.0001404133 0.0941477717
v 0.0184997671 0.0001385184 0.0941546191
v 0.0184997671 0.0001362897 0.0941613652
v 0.0184997671 0.0001337328 0.0941679939
v 0.0184997671 0.0001308536 0.0941744892
v 0.0184997671 0.0001276593 0.0941808353
v 0.0184997671 0.0001241573 0.0941870170
v 0.0184997671 0.0001203563 0.0941930195
v 0.0184997671 0.0001162653 0.0941988283
v 0.0184997671 0.0001118943 0.0942044293
v 0.0184997671 0.0001072536 0.0942098090
v 0.0184997671 0.0001023546 0.0942149546
v 0.0184997671 0.0000972090 0.0942198536
v 0.0184997671 0.0000918293 0.0942244943
v 0.0184997671 0.0000862283 0.0942288653
v 0.0184997671 0.0000804195 0.0942329563
v 0.0184997671 0.0000744170 0.0942367573
v 0.0184997671 0.0000682353 0.0942402593
v 0.0184997671 0.0000618892 0.0942434536
v 0.0184997671 0.0000553939 0.0942463328
v 0.0184997671 0.0000487652 0.0942488897
v 0.0184997671 0.0000420191 0.0942511184
v 0.0184997671 0.0000351717 0.0942530133
v 0.0184997671 0.0000282396 0.0942545699
v 0.0184997671 0.0000212394 0.0942557846
v 0.0184997671 0.0000141881 0.0942566543
v 0.0184997671 0.0000071026 0.0942571769
v 0.0184997671 0.0000000000 0.0942573513
v 0.0184997671 -0.0000071026 0.0942571769
v 0.0184997671 -0.0000141881 0.0942566543
v 0.0184997671 -0.0000212394 0.0942557846
v 0.0184997671 -0.0000282396 0.0942545699
v 0.0184997671 -0.0000351717 0.0942530133
v 0.0184997671 -0.0000420191 0.0942511184
v 0.0184997671 -0.0000487652 0.0942488897
v 0.0184997671 -0.0000553939 0.0942463328
v 0.0184997671 -0.0000618892 0.0942434536
v 0.0184997671 -0.0000682353 0.0942402593
v 0.0184997671 -0.0000744170 0.0942367573
v 0.0184997671 -0.0000804195 0.0942329563
v 0.0184997671 -0.0000862283 0.0942288653
v 0.0184997671 -0.0000918293 0.0942244943
v 0.0184997671 -0.0000972090 0.0942198536
v 0.0184997671 -0.0001023546 0.0942149546
v 0.0184997671 -0.0001072536 0.0942098090
v 0.0184997671 -0.0001118943 0.0942044293
v 0.0184997671 -0.0001162653 0.0941988283
v 0.0184997671 -0.0001203563 0.0941930195
v 0.0184997671 -0.0001241573 0.0941870170
v 0.0184997671 -0.0001276593 0.0941808353
v 0.0184997671 -0.0001308536 0.0941744892
v 0.0184997671 -0.0001337328 0.0941679939
v 0.0184997671 -0.0001362897 0.0941613652
v 0.0184997671 -0.0001385184 0.0941546191
v 0.0184997671 -0.0001404133 0.0941477717
v 0.0184997671 -0.0001419699 0.0941408396
v 0.0184997671 -0.0001431846 0.0941338394
v 0.0184997671 -0.0001440543 0.0941267881
v 0.0184997671 -0.0001445769 0.0941197026
v 0.0184997671 -0.0001447513 0.0941126000
v 0.0184997671 -0.0001445769 0.0941054974
v 0.0184997671 -0.0001440543 0.0940984119
v 0.0184997671 -0.0001431846 0.0940913606
v 0.0184997671 -0.0001419699 0.0940843604
v 0.0184997671 -0.0001404133 0.0940774283
v 0.0184997671 -0.0001385184 0.0940705809
v 0.0184997671 -0.0001362897 0.0940638348
v 0.0184997671 -0.0001337328 0.0940572061
v 0.0184997671 -0.0001308536 0.0940507108
v 0.0184997671 -0.0001276593 0.0940443647
v 0.0184997671 -0.0001241573 0.0940381830
v 0.0184997671 -0.0001203563 0.0940321805
v 0.0184997671 -0.0001162653 0.0940263717
v 0.0184997671 -0.0001118943 0.0940207707
v 0.0184997671 -0.0001072536 0.0940153910
v 0.0184997671 -0.0001023546 0.0940102454
v 0.0184997671 -0.0000972090 0.0940053464
v 0.0184997671 -0.0000918293 0.0940007057
v 0.0184997671 -0.0000862283 0.0939963347
v 0.0184997671 -0.0000804195 0.0939922437
v 0.0184997671 -0.0000744170 0.0939884427
v 0.0184997671 -0.0000682353 0.0939849407
v 0.0184997671 -0.0000618892 0.0939817464
v 0.0184997671 -0.0000553939 0.0939788672
v 0.0184997671 -0.0000487652 0.0939763103
v 0.0184997671 -0.0000420191 0.0939740816
v 0.0184997671 -0.0000351717 0.0939721867
v 0.0184997671 -0.0000282396 0.0939706301
v 0.0184997671 -0.0000212394 0.0939694154
v 0.0184997671 -0.0000141881 0.0939685457
v 0.0184997671 -0.0000071026 0.0939680231
v 0.0184997671 -0.0000000000 0.0939678487
v 0.0184997671 0.0000071026 0.0939680231
v 0.0184997671 0.0000141881 0.0939685457
v 0.0184997671 0.0000212394 0.0939694154
v 0.0184997671 0.0000282396 0.0939706301
v 0.0184997671 0.0000351717 0.0939721867
v 0.0184997671 0.0000420191 0.0939740816
v 0.0184997671 0.0000487652 0.0939763103
v 0.0184997671 0.0000553939 0.0939788672
v 0.0184997671 0.0000618892 0.0939817464
v 0.0184997671 0.0000682353 0.0939849407
v 0.0184997671 0.0000744170 0.0939884427
v 0.0184997671 0.0000804195 0.0939922437
v 0.0184997671 0.0000862283 0.0939963347
v 0.0184997671 0.0000918293 0.0940007057
v 0.0184997671 0.0000972090 0.0940053464
v 0.0184997671 0.0001023546 0.0940102454
v 0.0184997671 0.0001072536 0.0940153910
v 0.0184997671 0.0001118943 0.0940207707
v 0.0184997671 0.0001162653 0.0940263717
v 0.0184997671 0.0001203563 0.0940321805
v 0.0184997671 0.0001241573 0.0940381830
v 0.0184997671 0.0001276593 0.0940443647
v 0.0184997671 0.0001308536 0.0940507108
v 0.0184997671 0.0001337328 0.0940572061
v 0.0184997671 0.0001362897 0.0940638348
v 0.0184997671 0.0001385184 0.0940705809
v 0.0184997671 0.0001404133 0.0940774283
v 0.0184997671 0.0001419699 0.0940843604
v 0.0184997671 0.0001431846 0.0940913606
v 0.0184997671 0.0001440543 0.0940984119
v 0.0184997671 0.0001445769 0.0941054974
v 0.0185000000 0.0000000000 0.0941126000
v 0.0183749664 0.0033292800 0.0941126000
v 0.0183749664 0.0033252697 0.0942759600
v 0.0183749664 0.0033132486 0.0944389265
v 0.0183749664 0.0032932456 0.0946011068
v 0.0183749664 0.0032653088 0.0947621103
v 0.0183749664 0.0032295057 0.0949215491
v 0.0183749664 0.0031859223 0.0950790390
v 0.0183749664 0.0031346638 0.0952342007
v 0.0183749664 0.0030758536 0.0953866603
v 0.0183749664 0.0030096335 0.0955360506
v 0.0183749664 0.0029361628 0.0956820117
v 0.0183749664 0.0028556187 0.0958241920
v 0.0183749664 0.0027681952 0.0959622489
v 0.0183749664 0.0026741028 0.0960958498
v 0.0183749664 0.0025735682 0.0962246729
v 0.0183749664 0.0024668338 0.0963484078
v 0.0183749664 0.0023541565 0.0964667565
v 0.0183749664 0.0022358078 0.0965794338
v 0.0183749664 0.0021120729 0.0966861682
v 0.0183749664 0.0019832498 0.0967867028
v 0.0183749664 0.0018496489 0.0968807952
v 0.0183749664 0.0017115920 0.0969682187
v 0.0183749664 0.0015694117 0.0970487628
v 0.0183749664 0.0014234506 0.0971222335
v 0.0183749664 0.0012740603 0.0971884536
v 0.0183749664 0.0011216007 0.0972472638
v 0.0183749664 0.0009664390 0.0972985223
v 0.0183749664 0.0008089491 0.0973421057
v 0.0183749664 0.0006495103 0.0973779088
v 0.0183749664 0.0004885068 0.0974058456
v 0.0183749664 0.0003263265 0.0974258486
v 0.0183749664 0.0001633600 0.0974378697
v 0.0183749664 0.0000000000 0.0974418800
v 0.0183749664 -0.0001633600 0.0974378697
v 0.0183749664 -0.0003263265 0.0974258486
v 0.0183749664 -0.0004885068 0.0974058456
v 0.0183749664 -0.0006495103 0.0973779088
v 0.0183749664 -0.0008089491 0.0973421057
v 0.0183749664 -0.0009664390 0.0972985223
v 0.0183749664 -0.0011216007 0.0972472638
v 0.0183749664 -0.0012740603 0.0971884536
v 0.0183749664 -0.0014234506 0.0971222335
v 0.0183749664 -0.0015694117 0.0970487628
v 0.0183749664 -0.0017115920 0.0969682187
v 0.0183749664 -0.0018496489 0.0968807952
v 0.0183749664 -0.0019832498 0.0967867028
v 0.0183749664 -0.0021120729 0.0966861682
v 0.0183749664 -0.0022358078 0.0965794338
v 0.0183749664 -0.0023541565 0.0964667565
v 0.0183749664 -0.0024668338 0.0963484078
v 0.0183749664 -0.0025735682 0.0962246729
v 0.0183749664 -0.0026741028 0.0960958498
v 0.0183749664 -0.0027681952 0.0959622489
v 0.0183749664 -0.0028556187 0.0958241920
v 0.0183749664 -0.0029361628 0.0956820117
v 0.0183749664 -0.0030096335 0.0955360506
v 0.0183749664 -0.0030758536 0.0953866603
v 0.0183749664 -0.0031346638 0.0952342007
v 0.0183749664 -0.0031859223 0.0950790390
v 0.0183749664 -0.0032295057 0.0949215491
v 0.0183749664 -0.0032653088 0.0947621103
v 0.0183749664 -0.0032932456 0.0946011068
v 0.0183749664 -0.0033132486 0.0944389265
v 0.0183749664 -0.0033252697 0.0942759600
v 0.0183749664 -0.0033292800 0.0941126000
v 0.0183749664 -0.0033252697 0.0939492400
v 0.0183749664 -0.0033132486 0.0937862735
v 0.0183749664 -0.0032932456 0.0936240932
v 0.0183749664 -0.0032653088 0.0934630897
v 0.0183749664 -0.0032295057 0.0933036509
v 0.0183749664 -0.0031859223 0.0931461610
v 0.0183749664 -0.0031346638 0.0929909993
v 0.0183749664 -0.0030758536 0.0928385397
v 0.0183749664 -0.0030096335 0.0926891494
v 0.0183749664 -0.0029361628 0.0925431883
v 0.0183749664 -0.0028556187 0.0924010080
v 0.0183749664 -0.0027681952 0.0922629511
v 0.0183749664 -0.0026741028 0.0921293502
v 0.0183749664 -0.0025735682 0.0920005271
v 0.0183749664 -0.0024668338 0.0918767922
v 0.0183749664 -0.0023541565 0.0917584435
v 0.0183749664 -0.0022358078 0.0916457662
v 0.0183749664 -0.0021120729 0.0915390318
v 0.0183749664 -0.0019832498 0.0914384972
v 0.0183749664 -0.0018496489 0.0913444048
v 0.0183749664 -0.0017115920 0.0912569813
v 0.0183749664 -0.0015694117 0.0911764372
v 0.0183749664 -0.0014234506 0.0911029665
v 0.0183749664 -0.0012740603 0.0910367464
v 0.0183749664 -0.0011216007 0.0909779362
v 0.0183749664 -0.0009664390 0.0909266777
v 0.0183749664 -0.0008089491 0.0908830943
v 0.0183749664 -0.0006495103 0.0908472912
v 0.0183749664 -0.0004885068 0.0908193544
v 0.0183749664 -0.0003263265 0.0907993514
v 0.0183749664 -0.0001633600 0.0907873303
v 0.0183749664 -0.0000000000 0.0907833200
v 0.0183749664 0.0001633600 0.0907873303
v 0.0183749664 0.0003263265 0.0907993514
v 0.0183749664 0.0004885068 0.0908193544
v 0.0183749664 0.0006495103 0.0908472912
v 0.0183749664 0.0008089491 0.0908830943
v 0.0183749664 0.0009664390 0.0909266777
v 0.0183749664 0.0011216007 0.0909779362
v 0.0183749664 0.0012740603 0.0910367464
v 0.0183749664 0.0014234506 0.0911029665
v 0.0183749664 0.0015694117 0.0911764372
v 0.0183749664 0.0017115920 0.0912569813
v 0.0183749664 0.0018496489 0.0913444048
v 0.0183749664 0.0019832498 0.0914384972
v 0.0183749664 0.0021120729 0.0915390318
v 0.0183749664 0.0022358078 0.0916457662
v 0.0183749664 0.0023541565 0.0917584435
v 0.0183749664 0.0024668338 0.0918767922
v 0.0183749664 0.0025735682 0.0920005271
v 0.0183749664 0.0026741028 0.0921293502
v 0.0183749664 0.0027681952 0.0922629511
v 0.0183749664 0.0028556187 0.0924010080
v 0.0183749664 0.0029361628 0.0925431883
v 0.0183749664 0.0030096335 0.0926891494
v 0.0183749664 0.0030758536 0.0928385397
v 0.0183749664 0.0031346638 0.0929909993
v 0.0183749664 0.0031859223 0.0931461610
v 0.0183749664 0.0032295057 0.0933036509
v 0.0183749664 0.0032653088 0.0934630897
v 0.0183749664 0.0032932456 0.0936240932
v 0.0183749664 0.0033132486 0.0937862735
v 0.0183749664 0.0033252697 0.0939492400
v 0.0183749664 -0.0000000000 0.0941126000
vn 0.99723726 0.07428225 0.00000000
vn 0.99723726 0.07419278 0.00364486
vn 0.99723726 0.07392456 0.00728093
vn 0.99723726 0.07347826 0.01089947
vn 0.99723726 0.07285494 0.01449175
vn 0.99723726 0.07205611 0.01804912
vn 0.99723726 0.07108368 0.02156300
vn 0.99723726 0.06994002 0.02502494
vn 0.99723726 0.06862785 0.02842659
vn 0.99723726 0.06715036 0.03175976
vn 0.99723726 0.06551110 0.03501641
vn 0.99723726 0.06371401 0.03818871
vn 0.99723726 0.06176344 0.04126901
vn 0.99723726 0.05966407 0.04424989
vn 0.99723726 0.05742096 0.04712416
vn 0.99723726 0.05503952 0.04988491
vn 0.99723726 0.05252549 0.05252549
vn 0.99723726 0.04988491 0.05503952
vn 0.99723726 0.04712416 0.05742096
vn 0.99723726 0.04424989 0.05966407
vn 0.99723726 0.04126901 0.06176344
vn 0.99723726 0.03818871 0.06371401
vn 0.99723726 0.03501641 0.06551110
vn 0.99723726 0.03175976 0.06715036
vn 0.99723726 0.02842659 0.06862785
vn 0.99723726 0.02502494 0.06994002
vn 0.99723726 0.02156300 0.07108368
vn 0.99723726 0.01804912 0.07205611
vn 0.99723726 0.01449175 0.07285494
vn 0.99723726 0.01089947 0.07347826
vn 0.99723726 0.00728093 0.07392456
vn 0.99723726 0.00364486 0.07419278
vn 0.99723726 -0.00000000 0.07428225
vn 0.99723726 -0.00364486 0.07419278
vn 0.99723726 -0.00728093 0.07392456
vn 0.99723726 -0.01089947 0.07347826
vn 0.99723726 -0.01449175 0.07285494
vn 0.99723726 -0.01804912 0.07205611
vn 0.99723726 -0.02156300 0.07108368
vn 0.99723726 -0.02502494 0.06994002
vn 0.99723726 -0.02842659 0.06862785
vn 0.99723726 -0.03175976 0.06715036
vn 0.99723726 -0.03501641 0.06551110
vn 0.99723726 -0.03818871 0.06371401
vn 0.99723726 -0.04126901 0.06176344
vn 0.99723726 -0.04424989 0.05966407
vn 0.99723726 -0.04712416 0.05742096
vn 0.99723726 -0.04988491 0.05503952
vn 0.99723726 -0.05252549 0.05252549
vn 0.99723726 -0.05503952 0.04988491
vn 0.99723726 -0.05742096 0.04712416
vn 0.99723726 -0.05966407 0.04424989
vn 0.99723726 -0.06176344 0.04126901
vn 0.99723726 -0.06371401 0.03818871
vn 0.99723726 -0.06551110 0.03501641
vn 0.99723726 -0.06715036 0.03175976
vn 0.99723726 -0.06862785 0.02842659
vn 0.99723726 -0.06994002 0.02502494
vn 0.99723726 -0.07108368 0.02156300
vn 0.99723726 -0.07205611 0.01804912
vn 0.99723726 -0.07285494 0.01449175
vn 0.99723726 -0.07347826 0.01089947
vn 0.99723726 -0.07392456 0.00728093
vn 0.99723726 -0.07419278 0.00364486
vn 0.99723726 -0.07428225 -0.00000000
vn 0.99723726 -0.07419278 -0.00364486
vn 0.99723726 -0.07392456 -0.00728093
vn 0.99723726 -0.07347826 -0.01089947
vn 0.99723726 -0.07285494 -0.01449175
vn 0.99723726 -0.07205611 -0.01804912
vn 0.99723726 -0.07108368 -0.02156300
vn 0.99723726 -0.06994002 -0.02502494
vn 0.99723726 -0.06862785 -0.02842659
vn 0.99723726 -0.06715036 -0.03175976
vn 0.99723726 -0.06551110 -0.03501641
vn 0.99723726 -0.06371401 -0.03818871
vn 0.99723726 -0.06176344 -0.04126901
vn 0.99723726 -0.05966407 -0.04424989
vn 0.99723726 -0.05742096 -0.04712416
vn 0.99723726 -0.05503952 -0.04988491
vn 0.99723726 -0.05252549 -0.05252549
vn 0.99723726 -0.04988491 -0.05503952
vn 0.99723726 -0.04712416 -0.05742096
vn 0.99723726 -0.04424989 -0.05966407
vn 0.99723726 -0.04126901 -0.06176344
vn 0.99723726 -0.03818871 -0.06371401
vn 0.99723726 -0.03501641 -0.06551110
vn 0.99723726 -0.03175976 -0.06715036
vn 0.99723726 -0.02842659 -0.06862785
vn 0.99723726 -0.02502494 -0.06994002
vn 0.99723726 -0.02156300 -0.07108368
vn 0.99723726 -0.01804912 -0.07205611
vn 0.99723726 -0.01449175 -0.07285494
vn 0.99723726 -0.01089947 -0.07347826
vn 0.99723726 -0.00728093 -0.07392456
vn 0.99723726 -0.00364486 -0.07419278
vn 0.99723726 0.00000000 -0.07428225
vn 0.99723726 0.00364486 -0.07419278
vn 0.99723726 0.00728093 -0.07392456
vn 0.99723726 0.01089947 -0.07347826
vn 0.99723726 0.01449175 -0.07285494
vn 0.99723726 0.01804912 -0.07205611
vn 0.99723726 0.02156300 -0.07108368
vn 0.99723726 0.02502494 -0.06994002
vn 0.99723726 0.02842659 -0.06862785
vn 0.99723726 0.03175976 -0.06715036
vn 0.99723726 0.03501641 -0.06551110
vn 0.99723726 0.03818871 -0.06371401
vn 0.99723726 0.04126901 -0.06176344
vn 0.99723726 0.04424989 -0.05966407
vn 0.99723726 0.04712416 -0.05742096
vn 0.99723726 0.04988491 -0.05503952
vn 0.99723726 0.05252549 -0.05252549
vn 0.99723726 0.05503952 -0.04988491
vn 0.99723726 0.05742096 -0.04712416
vn 0.99723726 0.05966407 -0.04424989
vn 0.99723726 0.06176344 -0.04126901
vn 0.99723726 0.06371401 -0.03818871
vn 0.99723726 0.06551110 -0.03501641
vn 0.99723726 0.06715036 -0.03175976
vn 0.99723726 0.06862785 -0.02842659
vn 0.99723726 0.06994002 -0.02502494
vn 0.99723726 0.07108368 -0.02156300
vn 0.99723726 0.07205611 -0.01804912
vn 0.99723726 0.07285494 -0.01449175
vn 0.99723726 0.07347826 -0.01089947
vn 0.99723726 0.07392456 -0.00728093
vn 0.99723726 0.07419278 -0.00364486
vn 0.99736274 0.07257793 0.00000000
vn 0.99736274 0.07249051 0.00356123
vn 0.99736274 0.07222845 0.00711388
vn 0.99736274 0.07179238 0.01064939
vn 0.99736274 0.07118337 0.01415925
vn 0.99736274 0.07040286 0.01763500
vn 0.99736274 0.06945275 0.02106826
vn 0.99736274 0.06833532 0.02445077
vn 0.99736274 0.06705326 0.02777437
vn 0.99736274 0.06560967 0.03103106
vn 0.99736274 0.06400802 0.03421300
vn 0.99736274 0.06225217 0.03731251
vn 0.99736274 0.06034634 0.04032214
vn 0.99736274 0.05829514 0.04323462
vn 0.99736274 0.05610350 0.04604295
vn 0.99736274 0.05377670 0.04874036
vn 0.99736274 0.05132035 0.05132035
vn 0.99736274 0.04874036 0.05377670
vn 0.99736274 0.04604295 0.05610350
vn 0.99736274 0.04323462 0.05829514
vn 0.99736274 0.04032214 0.06034634
vn 0.99736274 0.03731251 0.06225217
vn 0.99736274 0.03421300 0.06400802
vn 0.99736274 0.03103106 0.06560967
vn 0.99736274 0.02777437 0.06705326
vn 0.99736274 0.02445077 0.06833532
vn 0.99736274 0.02106826 0.06945275
vn 0.99736274 0.01763500 0.07040286
vn 0.99736274 0.01415925 0.07118337
vn 0.99736274 0.01064939 0.07179238
vn 0.99736274 0.00711388 0.07222845
vn 0.99736274 0.00356123 0.07249051
vn 0.99736274 -0.00000000 0.07257793
vn 0.99736274 -0.00356123 0.07249051
vn 0.99736274 -0.00711388 0.07222845
vn 0.99736274 -0.01064939 0.07179238
vn 0.99736274 -0.01415925 0.07118337
vn 0.99736274 -0.01763500 0.07040286
vn 0.99736274 -0.02106826 0.06945275
vn 0.99736274 -0.02445077 0.06833532
vn 0.99736274 -0.02777437 0.06705326
vn 0.99736274 -0.03103106 0.06560967
vn 0.99736274 -0.03421300 0.06400802
vn 0.99736274 -0.03731251 0.06225217
vn 0.99736274 -0.04032214 0.06034634
vn 0.99736274 -0.04323462 0.05829514
vn 0.99736274 -0.04604295 0.05610350
vn 0.99736274 -0.04874036 0.05377670
vn 0.99736274 -0.05132035 0.05132035
vn 0.99736274 -0.05377670 0.04874036
vn 0.99736274 -0.05610350 0.04604295
vn 0.99736274 -0.05829514 0.04323462
vn 0.99736274 -0.06034634 0.04032214
vn 0.99736274 -0.06225217 0.03731251
vn 0.99736274 -0.06400802 0.03421300
vn 0.99736274 -0.06560967 0.03103106
vn 0.99736274 -0.06705326 0.02777437
vn 0.99736274 -0.06833532 0.02445077
vn 0.99736274 -0.06945275 0.02106826
vn 0.99736274 -0.07040286 0.01763500
vn 0.99736274 -0.07118337 0.01415925
vn 0.99736274 -0.07179238 0.01064939
vn 0.99736274 -0.07222845 0.00711388
vn 0.99736274 -0.07249051 0.00356123
vn 0.99736274 -0.07257793 -0.00000000
vn 0.99736274 -0.07249051 -0.00356123
vn 0.99736274 -0.07222845 -0.00711388
vn 0.99736274 -0.07179238 -0.01064939
vn 0.99736274 -0.07118337 -0.01415925
vn 0.99736274 -0.07040286 -0.01763500
vn 0.99736274 -0.06945275 -0.02106826
vn 0.99736274 -0.06833532 -0.02445077
vn 0.99736274 -0.06705326 -0.02777437
vn 0.99736274 -0.06560967 -0.03103106
vn 0.99736274 -0.06400802 -0.03421300
vn 0.99736274 -0.06225217 -0.03731251
vn 0.99736274 -0.06034634 -0.04032214
vn 0.99736274 -0.05829514 -0.04323462
vn 0.99736274 -0.05610350 -0.04604295
vn 0.99736274 -0.05377670 -0.04874036
vn 0.99736274 -0.05132035 -0.05132035
vn 0.99736274 -0.04874036 -0.05377670
vn 0.99736274 -0.04604295 -0.05610350
vn 0.99736274 -0.04323462 -0.05829514
vn 0.99736274 -0.04032214 -0.06034634
vn 0.99736274 -0.03731251 -0.06225217
vn 0.99736274 -0.03421300 -0.06400802
vn 0.99736274 -0.03103106 -0.06560967
vn 0.99736274 -0.02777437 -0.06705326
vn 0.99736274 -0.02445077 -0.06833532
vn 0.99736274 -0.02106826 -0.06945275
vn 0.99736274 -0.01763500 -0.07040286
vn 0.99736274 -0.01415925 -0.07118337
vn 0.99736274 -0.01064939 -0.07179238
vn 0.99736274 -0.00711388 -0.07222845
vn 0.99736274 -0.00356123 -0.07249051
vn 0.99736274 0.00000000 -0.07257793
vn 0.99736274 0.00356123 -0.07249051
vn 0.99736274 0.00711388 -0.07222845
vn 0.99736274 0.01064939 -0.07179238
vn 0.99736274 0.01415925 -0.07118337
vn 0.99736274 0.01763500 -0.07040286
vn 0.99736274 0.02106826 -0.06945275
vn 0.99736274 0.02445077 -0.06833532
vn 0.99736274 0.02777437 -0.06705326
vn 0.99736274 0.03103106 -0.06560967
vn 0.99736274 0.03421300 -0.06400802
vn 0.99736274 0.03731251 -0.06225217
vn 0.99736274 0.04032214 -0.06034634
vn 0.99736274 0.04323462 -0.05829514
vn 0.99736274 0.04604295 -0.05610350
vn 0.99736274 0.04874036 -0.05377670
vn 0.99736274 0.05132035 -0.05132035
vn 0.99736274 0.05377670 -0.04874036
vn 0.99736274 0.05610350 -0.04604295
vn 0.99736274 0.05829514 -0.04323462
vn 0.99736274 0.06034634 -0.04032214
vn 0.99736274 0.06225217 -0.03731251
vn 0.99736274 0.06400802 -0.03421300
vn 0.99736274 0.06560967 -0.03103106
vn 0.99736274 0.06705326 -0.02777437
vn 0.99736274 0.06833532 -0.02445077
vn 0.99736274 0.06945275 -0.02106826
vn 0.99736274 0.07040286 -0.01763500
vn 0.99736274 0.07118337 -0.01415925
vn 0.99736274 0.07179238 -0.01064939
vn 0.99736274 0.07222845 -0.00711388
vn 0.99736274 0.07249051 -0.00356123
vn 0.99760791 0.06912641 -0.00000000
vn 0.99760791 0.06904315 0.00339187
vn 0.99760791 0.06879355 0.00677557
vn 0.99760791 0.06837822 0.01014295
vn 0.99760791 0.06779817 0.01348589
vn 0.99760791 0.06705478 0.01679635
vn 0.99760791 0.06614985 0.02006634
vn 0.99760791 0.06508556 0.02328799
vn 0.99760791 0.06386448 0.02645353
vn 0.99760791 0.06248954 0.02955535
vn 0.99760791 0.06096405 0.03258597
vn 0.99760791 0.05929170 0.03553808
vn 0.99760791 0.05747651 0.03840458
vn 0.99760791 0.05552286 0.04117856
vn 0.99760791 0.05343544 0.04385333
vn 0.99760791 0.05121929 0.04642246
vn 0.99760791 0.04887975 0.04887975
vn 0.99760791 0.04642246 0.05121929
vn 0.99760791 0.04385333 0.05343544
vn 0.99760791 0.04117856 0.05552286
vn 0.99760791 0.03840458 0.05747651
vn 0.99760791 0.03553808 0.05929170
vn 0.99760791 0.03258597 0.06096405
vn 0.99760791 0.02955535 0.06248954
vn 0.99760791 0.02645353 0.06386448
vn 0.99760791 0.02328799 0.06508556
vn 0.99760791 0.02006634 0.06614985
vn 0.99760791 0.01679635 0.06705478
vn 0.99760791 0.01348589 0.06779817
vn 0.99760791 0.01014295 0.06837822
vn 0.99760791 0.00677557 0.06879355
vn 0.99760791 0.00339187 0.06904315
vn 0.99760791 0.00000000 0.06912641
vn 0.99760791 -0.00339187 0.06904315
vn 0.99760791 -0.00677557 0.06879355
vn 0.99760791 -0.01014295 0.06837822
vn 0.99760791 -0.01348589 0.06779817
vn 0.99760791 -0.01679635 0.06705478
vn 0.99760791 -0.02006634 0.06614985
vn 0.99760791 -0.02328799 0.06508556
vn 0.99760791 -0.02645353 0.06386448
vn 0.99760791 -0.02955535 0.06248954
vn 0.99760791 -0.03258597 0.06096405
vn 0.99760791 -0.03553808 0.05929170
vn 0.99760791 -0.03840458 0.05747651
vn 0.99760791 -0.04117856 0.05552286
vn 0.99760791 -0.04385333 0.05343544
vn 0.99760791 -0.04642246 0.05121929
vn 0.99760791 -0.04887975 0.04887975
vn 0.99760791 -0.05121929 0.04642246
vn 0.99760791 -0.05343544 0.04385333
vn 0.99760791 -0.05552286 0.04117856
vn 0.99760791 -0.05747651 0.03840458
vn 0.99760791 -0.05929170 0.03553808
vn 0.99760791 -0.06096405 0.03258597
vn 0.99760791 -0.06248954 0.02955535
vn 0.99760791 -0.06386448 0.02645353
vn 0.99760791 -0.06508556 0.02328799
vn 0.99760791 -0.06614985 0.02006634
vn 0.99760791 -0.06705478 0.01679635
vn 0.99760791 -0.06779817 0.01348589
vn 0.99760791 -0.06837822 0.01014295
vn 0.99760791 -0.06879355 0.00677557
vn 0.99760791 -0.06904315 0.00339187
vn 0.99760791 -0.06912641 0.00000000
vn 0.99760791 -0.06904315 -0.00339187
vn 0.99760791 -0.06879355 -0.00677557
vn 0.99760791 -0.06837822 -0.01014295
vn 0.99760791 -0.06779817 -0.01348589
vn 0.99760791 -0.06705478 -0.01679635
vn 0.99760791 -0.06614985 -0.02006634
vn 0.99760791 -0.06508556 -0.02328799
vn 0.99760791 -0.06386448 -0.02645353
vn 0.99760791 -0.06248954 -0.02955535
vn 0.99760791 -0.06096405 -0.03258597
vn 0.99760791 -0.05929170 -0.03553808
vn 0.99760791 -0.05747651 -0.03840458
vn 0.99760791 -0.05552286 -0.04117856
vn 0.99760791 -0.05343544 -0.04385333
vn 0.99760791 -0.05121929 -0.04642246
vn 0.99760791 -0.04887975 -0.04887975
vn 0.99760791 -0.04642246 -0.05121929
vn 0.99760791 -0.04385333 -0.05343544
vn 0.99760791 -0.04117856 -0.05552286
vn 0.99760791 -0.03840458 -0.05747651
vn 0.99760791 -0.03553808 -0.05929170
vn 0.99760791 -0.03258597 -0.06096405
vn 0.99760791 -0.02955535 -0.06248954
vn 0.99760791 -0.02645353 -0.06386448
vn 0.99760791 -0.02328799 -0.06508556
vn 0.99760791 -0.02006634 -0.06614985
vn 0.99760791 -0.01679635 -0.06705478
vn 0.99760791 -0.01348589 -0.06779817
vn 0.99760791 -0.01014295 -0.06837822
vn 0.99760791 -0.00677557 -0.06879355
vn 0.99760791 -0.00339187 -0.06904315
vn 0.99760791 -0.00000000 -0.06912641
vn 0.99760791 0.00339187 -0.06904315
vn 0.99760791 0.00677557 -0.06879355
vn 0.99760791 0.01014295 -0.06837822
vn 0.99760791 0.01348589 -0.06779817
vn 0.99760791 0.01679635 -0.06705478
vn 0.99760791 0.02006634 -0.06614985
vn 0.99760791 0.02328799 -0.06508556
vn 0.99760791 0.02645353 -0.06386448
vn 0.99760791 0.02955535 -0.06248954
vn 0.99760791 0.03258597 -0.06096405
vn 0.99760791 0.03553808 -0.05929170
vn 0.99760791 0.03840458 -0.05747651
vn 0.99760791 0.04117856 -0.05552286
vn 0.99760791 0.04385333 -0.05343544
vn 0.99760791 0.04642246 -0.05121929
vn 0.99760791 0.04887975 -0.04887975
vn 0.99760791 0.05121929 -0.04642246
vn 0.99760791 0.05343544 -0.04385333
vn 0.99760791 0.05552286 -0.04117856
vn 0.99760791 0.05747651 -0.03840458
vn 0.99760791 0.05929170 -0.03553808
vn 0.99760791 0.06096405 -0.03258597
vn 0.99760791 0.06248954 -0.02955535
vn 0.99760791 0.06386448 -0.02645353
vn 0.99760791 0.06508556 -0.02328799
vn 0.99760791 0.06614985 -0.02006634
vn 0.99760791 0.06705478 -0.01679635
vn 0.99760791 0.06779817 -0.01348589
vn 0.99760791 0.06837822 -0.01014295
vn 0.99760791 0.06879355 -0.00677557
vn 0.99760791 0.06904315 -0.00339187
vn 0.99783960 0.06569724 0.00000000
vn 0.99783960 0.06561810 0.00322361
vn 0.99783960 0.06538089 0.00643946
vn 0.99783960 0.06498616 0.00963979
vn 0.99783960 0.06443488 0.01281689
vn 0.99783960 0.06372837 0.01596313
vn 0.99783960 0.06286834 0.01907090
vn 0.99783960 0.06185684 0.02213273
vn 0.99783960 0.06069633 0.02514124
vn 0.99783960 0.05938960 0.02808919
vn 0.99783960 0.05793979 0.03096946
vn 0.99783960 0.05635040 0.03377513
vn 0.99783960 0.05462526 0.03649943
vn 0.99783960 0.05276851 0.03913580
vn 0.99783960 0.05078465 0.04167789
vn 0.99783960 0.04867844 0.04411957
vn 0.99783960 0.04645496 0.04645496
vn 0.99783960 0.04411957 0.04867844
vn 0.99783960 0.04167789 0.05078465
vn 0.99783960 0.03913580 0.05276851
vn 0.99783960 0.03649943 0.05462526
vn 0.99783960 0.03377513 0.05635040
vn 0.99783960 0.03096946 0.05793979
vn 0.99783960 0.02808919 0.05938960
vn 0.99783960 0.02514124 0.06069633
vn 0.99783960 0.02213273 0.06185684
vn 0.99783960 0.01907090 0.06286834
vn 0.99783960 0.01596313 0.06372837
vn 0.99783960 0.01281689 0.06443488
vn 0.99783960 0.00963979 0.06498616
vn 0.99783960 0.00643946 0.06538089
vn 0.99783960 0.00322361 0.06561810
vn 0.99783960 -0.00000000 0.06569724
vn 0.99783960 -0.00322361 0.06561810
vn 0.99783960 -0.00643946 0.06538089
vn 0.99783960 -0.00963979 0.06498616
vn 0.99783960 -0.01281689 0.06443488
vn 0.99783960 -0.01596313 0.06372837
vn 0.99783960 -0.01907090 0.06286834
vn 0.99783960 -0.02213273 0.06185684
vn 0.99783960 -0.02514124 0.06069633
vn 0.99783960 -0.02808919 0.05938960
vn 0.99783960 -0.03096946 0.05793979
vn 0.99783960 -0.03377513 0.05635040
vn 0.99783960 -0.03649943 0.05462526
vn 0.99783960 -0.03913580 0.05276851
vn 0.99783960 -0.04167789 0.05078465
vn 0.99783960 -0.04411957 0.04867844
vn 0.99783960 -0.04645496 0.04645496
vn 0.99783960 -0.04867844 0.04411957
vn 0.99783960 -0.05078465 0.04167789
vn 0.99783960 -0.05276851 0.03913580
vn 0.99783960 -0.05462526 0.03649943
vn 0.99783960 -0.05635040 0.03377513
vn 0.99783960 -0.05793979 0.03096946
vn 0.99783960 -0.05938960 0.02808919
vn 0.99783960 -0.06069633 0.02514124
vn 0.99783960 -0.06185684 0.02213273
vn 0.99783960 -0.06286834 0.01907090
vn 0.99783960 -0.06372837 0.01596313
vn 0.99783960 -0.06443488 0.01281689
vn 0.99783960 -0.06498616 0.00963979
vn 0.99783960 -0.06538089 0.00643946
vn 0.99783960 -0.06561810 0.00322361
vn 0.99783960 -0.06569724 -0.00000000
vn 0.99783960 -0.06561810 -0.00322361
vn 0.99783960 -0.06538089 -0.00643946
vn 0.99783960 -0.06498616 -0.00963979
vn 0.99783960 -0.06443488 -0.01281689
vn 0.99783960 -0.06372837 -0.01596313
vn 0.99783960 -0.06286834 -0.01907090
vn 0.99783960 -0.06185684 -0.02213273
vn 0.99783960 -0.06069633 -0.02514124
vn 0.99783960 -0.05938960 -0.02808919
vn 0.99783960 -0.05793979 -0.03096946
vn 0.99783960 -0.05635040 -0.03377513
vn 0.99783960 -0.05462526 -0.03649943
vn 0.99783960 -0.05276851 -0.03913580
vn 0.99783960 -0.05078465 -0.04167789
vn 0.99783960 -0.04867844 -0.04411957
vn 0.99783960 -0.04645496 -0.04645496
vn 0.99783960 -0.04411957 -0.04867844
vn 0.99783960 -0.04167789 -0.05078465
vn 0.99783960 -0.03913580 -0.05276851
vn 0.99783960 -0.03649943 -0.05462526
vn 0.99783960 -0.03377513 -0.05635040
vn 0.99783960 -0.03096946 -0.05793979
vn 0.99783960 -0.02808919 -0.05938960
vn 0.99783960 -0.02514124 -0.06069633
vn 0.99783960 -0.02213273 -0.06185684
vn 0.99783960 -0.01907090 -0.06286834
vn 0.99783960 -0.01596313 -0.06372837
vn 0.99783960 -0.01281689 -0.06443488
vn 0.99783960 -0.00963979 -0.06498616
vn 0.99783960 -0.00643946 -0.06538089
vn 0.99783960 -0.00322361 -0.06561810
vn 0.99783960 0.00000000 -0.06569724
vn 0.99783960 0.00322361 -0.06561810
vn 0.99783960 0.00643946 -0.06538089
vn 0.99783960 0.00963979 -0.06498616
vn 0.99783960 0.01281689 -0.06443488
vn 0.99783960 0.01596313 -0.06372837
vn 0.99783960 0.01907090 -0.06286834
vn 0.99783960 0.02213273 -0.06185684
vn 0.99783960 0.02514124 -0.06069633
vn 0.99783960 0.02808919 -0.05938960
vn 0.99783960 0.03096946 -0.05793979
vn 0.99783960 0.03377513 -0.05635040
vn 0.99783960 0.03649943 -0.05462526
vn 0.99783960 0.03913580 -0.05276851
vn 0.99783960 0.04167789 -0.05078465
vn 0.99783960 0.04411957 -0.04867844
vn 0.99783960 0.04645496 -0.04645496
vn 0.99783960 0.04867844 -0.04411957
vn 0.99783960 0.05078465 -0.04167789
vn 0.99783960 0.05276851 -0.03913580
vn 0.99783960 0.05462526 -0.03649943
vn 0.99783960 0.05635040 -0.03377513
vn 0.99783960 0.05793979 -0.03096946
vn 0.99783960 0.05938960 -0.02808919
vn 0.99783960 0.06069633 -0.02514124
vn 0.99783960 0.06185684 -0.02213273
vn 0.99783960 0.06286834 -0.01907090
vn 0.99783960 0.06372837 -0.01596313
vn 0.99783960 0.06443488 -0.01281689
vn 0.99783960 0.06498616 -0.00963979
vn 0.99783960 0.06538089 -0.00643946
vn 0.99783960 0.06561810 -0.00322361
vn 0.99805815 0.06228911 0.00000000
vn 0.99805815 0.06221408 0.00305638
vn 0.99805815 0.06198918 0.00610540
vn 0.99805815 0.06161493 0.00913971
vn 0.99805815 0.06109225 0.01215200
vn 0.99805815 0.06042239 0.01513502
vn 0.99805815 0.05960697 0.01808158
vn 0.99805815 0.05864795 0.02098457
vn 0.99805815 0.05754764 0.02383701
vn 0.99805815 0.05630869 0.02663203
vn 0.99805815 0.05493409 0.02936289
vn 0.99805815 0.05342716 0.03202300
vn 0.99805815 0.05179151 0.03460598
vn 0.99805815 0.05003109 0.03710558
vn 0.99805815 0.04815014 0.03951580
vn 0.99805815 0.04615319 0.04183081
vn 0.99805815 0.04404506 0.04404506
vn 0.99805815 0.04183081 0.04615319
vn 0.99805815 0.03951580 0.04815014
vn 0.99805815 0.03710558 0.05003109
vn 0.99805815 0.03460598 0.05179151
vn 0.99805815 0.03202300 0.05342716
vn 0.99805815 0.02936289 0.05493409
vn 0.99805815 0.02663203 0.05630869
vn 0.99805815 0.02383701 0.05754764
vn 0.99805815 0.02098457 0.05864795
vn 0.99805815 0.01808158 0.05960697
vn 0.99805815 0.01513502 0.06042239
vn 0.99805815 0.01215200 0.06109225
vn 0.99805815 0.00913971 0.06161493
vn 0.99805815 0.00610540 0.06198918
vn 0.99805815 0.00305638 0.06221408
vn 0.99805815 -0.00000000 0.06228911
vn 0.99805815 -0.00305638 0.06221408
vn 0.99805815 -0.00610540 0.06198918
vn 0.99805815 -0.00913971 0.06161493
vn 0.99805815 -0.01215200 0.06109225
vn 0.99805815 -0.01513502 0.06042239
vn 0.99805815 -0.01808158 0.05960697
vn 0.99805815 -0.02098457 0.05864795
vn 0.99805815 -0.02383701 0.05754764
vn 0.99805815 -0.02663203 0.05630869
vn 0.99805815 -0.02936289 0.05493409
vn 0.99805815 -0.03202300 0.05342716
vn 0.99805815 -0.03460598 0.05179151
vn 0.99805815 -0.03710558 0.05003109
vn 0.99805815 -0.03951580 0.04815014
vn 0.99805815 -0.04183081 0.04615319
vn 0.99805815 -0.04404506 0.04404506
vn 0.99805815 -0.04615319 0.04183081
vn 0.99805815 -0.04815014 0.03951580
vn 0.99805815 -0.05003109 0.03710558
vn 0.99805815 -0.05179151 0.03460598
vn 0.99805815 -0.05342716 0.03202300
vn 0.99805815 -0.05493409 0.02936289
vn 0.99805815 -0.05630869 0.02663203
vn 0.99805815 -0.05754764 0.02383701
vn 0.99805815 -0.05864795 0.02098457
vn 0.99805815 -0.05960697 0.01808158
vn 0.99805815 -0.06042239 0.01513502
vn 0.99805815 -0.06109225 0.01215200
vn 0.99805815 -0.06161493 0.00913971
vn 0.99805815 -0.06198918 0.00610540
vn 0.99805815 -0.06221408 0.00305638
vn 0.99805815 -0.06228911 -0.00000000
vn 0.99805815 -0.06221408 -0.00305638
vn 0.99805815 -0.06198918 -0.00610540
vn 0.99805815 -0.06161493 -0.00913971
vn 0.99805815 -0.06109225 -0.01215200
vn 0.99805815 -0.06042239 -0.01513502
vn 0.99805815 -0.05960697 -0.01808158
vn 0.99805815 -0.05864795 -0.02098457
vn 0.99805815 -0.05754764 -0.02383701
vn 0.99805815 -0.05630869 -0.02663203
vn 0.99805815 -0.05493409 -0.02936289
vn 0.99805815 -0.05342716 -0.03202300
vn 0.99805815 -0.05179151 -0.03460598
vn 0.99805815 -0.05003109 -0.03710558
vn 0.99805815 -0.04815014 -0.03951580
vn 0.99805815 -0.04615319 -0.04183081
vn 0.99805815 -0.04404506 -0.04404506
vn 0.99805815 -0.04183081 -0.04615319
vn 0.99805815 -0.03951580 -0.04815014
vn 0.99805815 -0.03710558 -0.05003109
vn 0.99805815 -0.03460598 -0.05179151
vn 0.99805815 -0.03202300 -0.05342716
vn 0.99805815 -0.02936289 -0.05493409
vn 0.99805815 -0.02663203 -0.05630869
vn 0.99805815 -0.02383701 -0.05754764
vn 0.99805815 -0.02098457 -0.05864795
vn 0.99805815 -0.01808158 -0.05960697
vn 0.99805815 -0.01513502 -0.06042239
vn 0.99805815 -0.01215200 -0.06109225
vn 0.99805815 -0.00913971 -0.06161493
vn 0.99805815 -0.00610540 -0.06198918
vn 0.99805815 -0.00305638 -0.06221408
vn 0.99805815 0.00000000 -0.06228911
vn 0.99805815 0.00305638 -0.06221408
vn 0.99805815 0.00610540 -0.06198918
vn 0.99805815 0.00913971 -0.06161493
vn 0.99805815 0.01215200 -0.06109225
vn 0.99805815 0.01513502 -0.06042239
vn 0.99805815 0.01808158 -0.05960697
vn 0.99805815 0.02098457 -0.05864795
vn 0.99805815 0.02383701 -0.05754764
vn 0.99805815 0.02663203 -0.05630869
vn 0.99805815 0.02936289 -0.05493409
vn 0.99805815 0.03202300 -0.05342716
vn 0.99805815 0.03460598 -0.05179151
vn 0.99805815 0.03710558 -0.05003109
vn 0.99805815 0.03951580 -0.04815014
vn 0.99805815 0.04183081 -0.04615319
vn 0.99805815 0.04404506 -0.04404506
vn 0.99805815 0.04615319 -0.04183081
vn 0.99805815 0.04815014 -0.03951580
vn 0.99805815 0.05003109 -0.03710558
vn 0.99805815 0.05179151 -0.03460598
vn 0.99805815 0.05342716 -0.03202300
vn 0.99805815 0.05493409 -0.02936289
vn 0.99805815 0.05630869 -0.02663203
vn 0.99805815 0.05754764 -0.02383701
vn 0.99805815 0.05864795 -0.02098457
vn 0.99805815 0.05960697 -0.01808158
vn 0.99805815 0.06042239 -0.01513502
vn 0.99805815 0.06109225 -0.01215200
vn 0.99805815 0.06161493 -0.00913971
vn 0.99805815 0.06198918 -0.00610540
vn 0.99805815 0.06221408 -0.00305638
vn 0.99826384 0.05890080 -0.00000000
vn 0.99826384 0.05882985 0.00289013
vn 0.99826384 0.05861717 0.00577329
vn 0.99826384 0.05826328 0.00864254
vn 0.99826384 0.05776903 0.01149098
vn 0.99826384 0.05713561 0.01431173
vn 0.99826384 0.05636455 0.01709800
vn 0.99826384 0.05545769 0.01984308
vn 0.99826384 0.05441724 0.02254036
vn 0.99826384 0.05324569 0.02518334
vn 0.99826384 0.05194586 0.02776564
vn 0.99826384 0.05052090 0.03028106
vn 0.99826384 0.04897422 0.03272353
vn 0.99826384 0.04730956 0.03508716
vn 0.99826384 0.04553093 0.03736627
vn 0.99826384 0.04364261 0.03955536
vn 0.99826384 0.04164915 0.04164915
vn 0.99826384 0.03955536 0.04364261
vn 0.99826384 0.03736627 0.04553093
vn 0.99826384 0.03508716 0.04730956
vn 0.99826384 0.03272353 0.04897422
vn 0.99826384 0.03028106 0.05052090
vn 0.99826384 0.02776564 0.05194586
vn 0.99826384 0.02518334 0.05324569
vn 0.99826384 0.02254036 0.05441724
vn 0.99826384 0.01984308 0.05545769
vn 0.99826384 0.01709800 0.05636455
vn 0.99826384 0.01431173 0.05713561
vn 0.99826384 0.01149098 0.05776903
vn 0.99826384 0.00864254 0.05826328
vn 0.99826384 0.00577329 0.05861717
vn 0.99826384 0.00289013 0.05882985
vn 0.99826384 0.00000000 0.05890080
vn 0.99826384 -0.00289013 0.05882985
vn 0.99826384 -0.00577329 0.05861717
vn 0.99826384 -0.00864254 0.05826328
vn 0.99826384 -0.01149098 0.05776903
vn 0.99826384 -0.01431173 0.05713561
vn 0.99826384 -0.01709800 0.05636455
vn 0.99826384 -0.01984308 0.05545769
vn 0.99826384 -0.02254036 0.05441724
vn 0.99826384 -0.02518334 0.05324569
vn 0.99826384 -0.02776564 0.05194586
vn 0.99826384 -0.03028106 0.05052090
vn 0.99826384 -0.03272353 0.04897422
vn 0.99826384 -0.03508716 0.04730956
vn 0.99826384 -0.03736627 0.04553093
vn 0.99826384 -0.03955536 0.04364261
vn 0.99826384 -0.04164915 0.04164915
vn 0.99826384 -0.04364261 0.03955536
vn 0.99826384 -0.04553093 0.03736627
vn 0.99826384 -0.04730956 0.03508716
vn 0.99826384 -0.04897422 0.03272353
vn 0.99826384 -0.05052090 0.03028106
vn 0.99826384 -0.05194586 0.02776564
vn 0.99826384 -0.05324569 0.02518334
vn 0.99826384 -0.05441724 0.02254036
vn 0.99826384 -0.05545769 0.01984308
vn 0.99826384 -0.05636455 0.01709800
vn 0.99826384 -0.05713561 0.01431173
vn 0.99826384 -0.05776903 0.01149098
vn 0.99826384 -0.05826328 0.00864254
vn 0.99826384 -0.05861717 0.00577329
vn 0.99826384 -0.05882985 0.00289013
vn 0.99826384 -0.05890080 0.00000000
vn 0.99826384 -0.05882985 -0.00289013
vn 0.99826384 -0.05861717 -0.00577329
vn 0.99826384 -0.05826328 -0.00864254
vn 0.99826384 -0.05776903 -0.01149098
vn 0.99826384 -0.05713561 -0.01431173
vn 0.99826384 -0.05636455 -0.01709800
vn 0.99826384 -0.05545769 -0.01984308
vn 0.99826384 -0.05441724 -0.02254036
vn 0.99826384 -0.05324569 -0.02518334
vn 0.99826384 -0.05194586 -0.02776564
vn 0.99826384 -0.05052090 -0.03028106
vn 0.99826384 -0.04897422 -0.03272353
vn 0.99826384 -0.04730956 -0.03508716
vn 0.99826384 -0.04553093 -0.03736627
vn 0.99826384 -0.04364261 -0.03955536
vn 0.99826384 -0.04164915 -0.04164915
vn 0.99826384 -0.03955536 -0.04364261
vn 0.99826384 -0.03736627 -0.04553093
vn 0.99826384 -0.03508716 -0.04730956
vn 0.99826384 -0.03272353 -0.04897422
vn 0.99826384 -0.03028106 -0.05052090
vn 0.99826384 -0.02776564 -0.05194586
vn 0.99826384 -0.02518334 -0.05324569
vn 0.99826384 -0.02254036 -0.05441724
vn 0.99826384 -0.01984308 -0.05545769
vn 0.99826384 -0.01709800 -0.05636455
vn 0.99826384 -0.01431173 -0.05713561
vn 0.99826384 -0.01149098 -0.05776903
vn 0.99826384 -0.00864254 -0.05826328
vn 0.99826384 -0.00577329 -0.05861717
vn 0.99826384 -0.00289013 -0.05882985
vn 0.99826384 -0.00000000 -0.05890080
vn 0.99826384 0.00289013 -0.05882985
vn 0.99826384 0.00577329 -0.05861717
vn 0.99826384 0.00864254 -0.05826328
vn 0.99826384 0.01149098 -0.05776903
vn 0.99826384 0.01431173 -0.05713561
vn 0.99826384 0.01709800 -0.05636455
vn 0.99826384 0.01984308 -0.05545769
vn 0.99826384 0.02254036 -0.05441724
vn 0.99826384 0.02518334 -0.05324569
vn 0.99826384 0.02776564 -0.05194586
vn 0.99826384 0.03028106 -0.05052090
vn 0.99826384 0.03272353 -0.04897422
vn 0.99826384 0.03508716 -0.04730956
vn 0.99826384 0.03736627 -0.04553093
vn 0.99826384 0.03955536 -0.04364261
vn 0.99826384 0.04164915 -0.04164915
vn 0.99826384 0.04364261 -0.03955536
vn 0.99826384 0.04553093 -0.03736627
vn 0.99826384 0.04730956 -0.03508716
vn 0.99826384 0.04897422 -0.03272353
vn 0.99826384 0.05052090 -0.03028106
vn 0.99826384 0.05194586 -0.02776564
vn 0.99826384 0.05324569 -0.02518334
vn 0.99826384 0.05441724 -0.02254036
vn 0.99826384 0.05545769 -0.01984308
vn 0.99826384 0.05636455 -0.01709800
vn 0.99826384 0.05713561 -0.01431173
vn 0.99826384 0.05776903 -0.01149098
vn 0.99826384 0.05826328 -0.00864254
vn 0.99826384 0.05861717 -0.00577329
vn 0.99826384 0.05882985 -0.00289013
vn 0.99845696 0.05553106 0.00000000
vn 0.99845696 0.05546417 0.00272478
vn 0.99845696 0.05526367 0.00544300
vn 0.99845696 0.05493002 0.00814810
vn 0.99845696 0.05446405 0.01083357
vn 0.99845696 0.05386687 0.01349295
vn 0.99845696 0.05313991 0.01611982
vn 0.99845696 0.05228494 0.01870785
vn 0.99845696 0.05130401 0.02125082
vn 0.99845696 0.05019949 0.02374259
vn 0.99845696 0.04897403 0.02617716
vn 0.99845696 0.04763058 0.02854867
vn 0.99845696 0.04617239 0.03085141
vn 0.99845696 0.04460297 0.03307982
vn 0.99845696 0.04292609 0.03522853
vn 0.99845696 0.04114580 0.03729238
vn 0.99845696 0.03926639 0.03926639
vn 0.99845696 0.03729238 0.04114580
vn 0.99845696 0.03522853 0.04292609
vn 0.99845696 0.03307982 0.04460297
vn 0.99845696 0.03085141 0.04617239
vn 0.99845696 0.02854867 0.04763058
vn 0.99845696 0.02617716 0.04897403
vn 0.99845696 0.02374259 0.05019949
vn 0.99845696 0.02125082 0.05130401
vn 0.99845696 0.01870785 0.05228494
vn 0.99845696 0.01611982 0.05313991
vn 0.99845696 0.01349295 0.05386687
vn 0.99845696 0.01083357 0.05446405
vn 0.99845696 0.00814810 0.05493002
vn 0.99845696 0.00544300 0.05526367
vn 0.99845696 0.00272478 0.05546417
vn 0.99845696 -0.00000000 0.05553106
vn 0.99845696 -0.00272478 0.05546417
vn 0.99845696 -0.00544300 0.05526367
vn 0.99845696 -0.00814810 0.05493002
vn 0.99845696 -0.01083357 0.05446405
vn 0.99845696 -0.01349295 0.05386687
vn 0.99845696 -0.01611982 0.05313991
vn 0.99845696 -0.01870785 0.05228494
vn 0.99845696 -0.02125082 0.05130401
vn 0.99845696 -0.02374259 0.05019949
vn 0.99845696 -0.02617716 0.04897403
vn 0.99845696 -0.02854867 0.04763058
vn 0.99845696 -0.03085141 0.04617239
vn 0.99845696 -0.03307982 0.04460297
vn 0.99845696 -0.03522853 0.04292609
vn 0.99845696 -0.03729238 0.04114580
vn 0.99845696 -0.03926639 0.03926639
vn 0.99845696 -0.04114580 0.03729238
vn 0.99845696 -0.04292609 0.03522853
vn 0.99845696 -0.04460297 0.03307982
vn 0.99845696 -0.04617239 0.03085141
vn 0.99845696 -0.04763058 0.02854867
vn 0.99845696 -0.04897403 0.02617716
vn 0.99845696 -0.05019949 0.02374259
vn 0.99845696 -0.05130401 0.02125082
vn 0.99845696 -0.05228494 0.01870785
vn 0.99845696 -0.05313991 0.01611982
vn 0.99845696 -0.05386687 0.01349295
vn 0.99845696 -0.05446405 0.01083357
vn 0.99845696 -0.05493002 0.00814810
vn 0.99845696 -0.05526367 0.00544300
vn 0.99845696 -0.05546417 0.00272478
vn 0.99845696 -0.05553106 -0.00000000
vn 0.99845696 -0.05546417 -0.00272478
vn 0.99845696 -0.05526367 -0.00544300
vn 0.99845696 -0.05493002 -0.00814810
vn 0.99845696 -0.05446405 -0.01083357
vn 0.99845696 -0.05386687 -0.01349295
vn 0.99845696 -0.05313991 -0.01611982
vn 0.99845696 -0.05228494 -0.01870785
vn 0.99845696 -0.05130401 -0.02125082
vn 0.99845696 -0.05019949 -0.02374259
vn 0.99845696 -0.04897403 -0.02617716
vn 0.99845696 -0.04763058 -0.02854867
vn 0.99845696 -0.04617239 -0.03085141
vn 0.99845696 -0.04460297 -0.03307982
vn 0.99845696 -0.04292609 -0.03522853
vn 0.99845696 -0.04114580 -0.03729238
vn 0.99845696 -0.03926639 -0.03926639
vn 0.99845696 -0.03729238 -0.04114580
vn 0.99845696 -0.03522853 -0.04292609
vn 0.99845696 -0.03307982 -0.04460297
vn 0.99845696 -0.03085141 -0.04617239
vn 0.99845696 -0.02854867 -0.04763058
vn 0.99845696 -0.02617716 -0.04897403
vn 0.99845696 -0.02374259 -0.05019949
vn 0.99845696 -0.02125082 -0.05130401
vn 0.99845696 -0.01870785 -0.05228494
vn 0.99845696 -0.01611982 -0.05313991
vn 0.99845696 -0.01349295 -0.05386687
vn 0.99845696 -0.01083357 -0.05446405
vn 0.99845696 -0.00814810 -0.05493002
vn 0.99845696 -0.00544300 -0.05526367
vn 0.99845696 -0.00272478 -0.05546417
vn 0.99845696 0.00000000 -0.05553106
vn 0.99845696 0.00272478 -0.05546417
vn 0.99845696 0.00544300 -0.05526367
vn 0.99845696 0.00814810 -0.05493002
vn 0.99845696 0.01083357 -0.05446405
vn 0.99845696 0.01349295 -0.05386687
vn 0.99845696 0.01611982 -0.05313991
vn 0.99845696 0.01870785 -0.05228494
vn 0.99845696 0.02125082 -0.05130401
vn 0.99845696 0.02374259 -0.05019949
vn 0.99845696 0.02617716 -0.04897403
vn 0.99845696 0.02854867 -0.04763058
vn 0.99845696 0.03085141 -0.04617239
vn 0.99845696 0.03307982 -0.04460297
vn 0.99845696 0.03522853 -0.04292609
vn 0.99845696 0.03729238 -0.04114580
vn 0.99845696 0.03926639 -0.03926639
vn 0.99845696 0.04114580 -0.03729238
vn 0.99845696 0.04292609 -0.03522853
vn 0.99845696 0.04460297 -0.03307982
vn 0.99845696 0.04617239 -0.03085141
vn 0.99845696 0.04763058 -0.02854867
vn 0.99845696 0.04897403 -0.02617716
vn 0.99845696 0.05019949 -0.02374259
vn 0.99845696 0.05130401 -0.02125082
vn 0.99845696 0.05228494 -0.01870785
vn 0.99845696 0.05313991 -0.01611982
vn 0.99845696 0.05386687 -0.01349295
vn 0.99845696 0.05446405 -0.01083357
vn 0.99845696 0.05493002 -0.00814810
vn 0.99845696 0.05526367 -0.00544300
vn 0.99845696 0.05546417 -0.00272478
vn 0.99863776 0.05217873 -0.00000000
vn 0.99863776 0.05211588 0.00256029
vn 0.99863776 0.05192747 0.00511441
vn 0.99863776 0.05161397 0.00765621
vn 0.99863776 0.05117613 0.01017956
vn 0.99863776 0.05061500 0.01267840
vn 0.99863776 0.04993193 0.01514669
vn 0.99863776 0.04912857 0.01757848
vn 0.99863776 0.04820686 0.01996793
vn 0.99863776 0.04716901 0.02230928
vn 0.99863776 0.04601753 0.02459688
vn 0.99863776 0.04475519 0.02682523
vn 0.99863776 0.04338503 0.02898895
vn 0.99863776 0.04191035 0.03108283
vn 0.99863776 0.04033470 0.03310183
vn 0.99863776 0.03866189 0.03504109
vn 0.99863776 0.03689593 0.03689593
vn 0.99863776 0.03504109 0.03866189
vn 0.99863776 0.03310183 0.04033470
vn 0.99863776 0.03108283 0.04191035
vn 0.99863776 0.02898895 0.04338503
vn 0.99863776 0.02682523 0.04475519
vn 0.99863776 0.02459688 0.04601753
vn 0.99863776 0.02230928 0.04716901
vn 0.99863776 0.01996793 0.04820686
vn 0.99863776 0.01757848 0.04912857
vn 0.99863776 0.01514669 0.04993193
vn 0.99863776 0.01267840 0.05061500
vn 0.99863776 0.01017956 0.05117613
vn 0.99863776 0.00765621 0.05161397
vn 0.99863776 0.00511441 0.05192747
vn 0.99863776 0.00256029 0.05211588
vn 0.99863776 0.00000000 0.05217873
vn 0.99863776 -0.00256029 0.05211588
vn 0.99863776 -0.00511441 0.05192747
vn 0.99863776 -0.00765621 0.05161397
vn 0.99863776 -0.01017956 0.05117613
vn 0.99863776 -0.01267840 0.05061500
vn 0.99863776 -0.01514669 0.04993193
vn 0.99863776 -0.01757848 0.04912857
vn 0.99863776 -0.01996793 0.04820686
vn 0.99863776 -0.02230928 0.04716901
vn 0.99863776 -0.02459688 0.04601753
vn 0.99863776 -0.02682523 0.04475519
vn 0.99863776 -0.02898895 0.04338503
vn 0.99863776 -0.03108283 0.04191035
vn 0.99863776 -0.03310183 0.04033470
vn 0.99863776 -0.03504109 0.03866189
vn 0.99863776 -0.03689593 0.03689593
vn 0.99863776 -0.03866189 0.03504109
vn 0.99863776 -0.04033470 0.03310183
vn 0.99863776 -0.04191035 0.03108283
vn 0.99863776 -0.04338503 0.02898895
vn 0.99863776 -0.04475519 0.02682523
vn 0.99863776 -0.04601753 0.02459688
vn 0.99863776 -0.04716901 0.02230928
vn 0.99863776 -0.04820686 0.01996793
vn 0.99863776 -0.04912857 0.01757848
vn 0.99863776 -0.04993193 0.01514669
vn 0.99863776 -0.05061500 0.01267840
vn 0.99863776 -0.05117613 0.01017956
vn 0.99863776 -0.05161397 0.00765621
vn 0.99863776 -0.05192747 0.00511441
vn 0.99863776 -0.05211588 0.00256029
vn 0.99863776 -0.05217873 0.00000000
vn 0.99863776 -0.05211588 -0.00256029
vn 0.99863776 -0.05192747 -0.00511441
vn 0.99863776 -0.05161397 -0.00765621
vn 0.99863776 -0.05117613 -0.01017956
vn 0.99863776 -0.05061500 -0.01267840
vn 0.99863776 -0.04993193 -0.01514669
vn 0.99863776 -0.04912857 -0.01757848
vn 0.99863776 -0.04820686 -0.01996793
vn 0.99863776 -0.04716901 -0.02230928
vn 0.99863776 -0.04601753 -0.02459688
vn 0.99863776 -0.04475519 -0.02682523
vn 0.99863776 -0.04338503 -0.02898895
vn 0.99863776 -0.04191035 -0.03108283
vn 0.99863776 -0.04033470 -0.03310183
vn 0.99863776 -0.03866189 -0.03504109
vn 0.99863776 -0.03689593 -0.03689593
vn 0.99863776 -0.03504109 -0.03866189
vn 0.99863776 -0.03310183 -0.04033470
vn 0.99863776 -0.03108283 -0.04191035
vn 0.99863776 -0.02898895 -0.04338503
vn 0.99863776 -0.02682523 -0.04475519
vn 0.99863776 -0.02459688 -0.04601753
vn 0.99863776 -0.02230928 -0.04716901
vn 0.99863776 -0.01996793 -0.04820686
vn 0.99863776 -0.01757848 -0.04912857
vn 0.99863776 -0.01514669 -0.04993193
vn 0.99863776 -0.01267840 -0.05061500
vn 0.99863776 -0.01017956 -0.05117613
vn 0.99863776 -0.00765621 -0.05161397
vn 0.99863776 -0.00511441 -0.05192747
vn 0.99863776 -0.00256029 -0.05211588
vn 0.99863776 -0.00000000 -0.05217873
vn 0.99863776 0.00256029 -0.05211588
vn 0.99863776 0.00511441 -0.05192747
vn 0.99863776 0.00765621 -0.05161397
vn 0.99863776 0.01017956 -0.05117613
vn 0.99863776 0.01267840 -0.05061500
vn 0.99863776 0.01514669 -0.04993193
vn 0.99863776 0.01757848 -0.04912857
vn 0.99863776 0.01996793 -0.04820686
vn 0.99863776 0.02230928 -0.04716901
vn 0.99863776 0.02459688 -0.04601753
vn 0.99863776 0.02682523 -0.04475519
vn 0.99863776 0.02898895 -0.04338503
vn 0.99863776 0.03108283 -0.04191035
vn 0.99863776 0.03310183 -0.04033470
vn 0.99863776 0.03504109 -0.03866189
vn 0.99863776 0.03689593 -0.03689593
vn 0.99863776 0.03866189 -0.03504109
vn 0.99863776 0.04033470 -0.03310183
vn 0.99863776 0.04191035 -0.03108283
vn 0.99863776 0.04338503 -0.02898895
vn 0.99863776 0.04475519 -0.02682523
vn 0.99863776 0.04601753 -0.02459688
vn 0.99863776 0.04716901 -0.02230928
vn 0.99863776 0.04820686 -0.01996793
vn 0.99863776 0.04912857 -0.01757848
vn 0.99863776 0.04993193 -0.01514669
vn 0.99863776 0.05061500 -0.01267840
vn 0.99863776 0.05117613 -0.01017956
vn 0.99863776 0.05161397 -0.00765621
vn 0.99863776 0.05192747 -0.00511441
vn 0.99863776 0.05211588 -0.00256029
vn 0.99880649 0.04884263 -0.00000000
vn 0.99880649 0.04878380 0.00239659
vn 0.99880649 0.04860744 0.00478741
vn 0.99880649 0.04831398 0.00716670
vn 0.99880649 0.04790413 0.00952872
vn 0.99880649 0.04737888 0.01186779
vn 0.99880649 0.04673948 0.01417827
vn 0.99880649 0.04598749 0.01645459
vn 0.99880649 0.04512471 0.01869127
vn 0.99880649 0.04415321 0.02088292
vn 0.99880649 0.04307535 0.02302426
vn 0.99880649 0.04189372 0.02511013
vn 0.99880649 0.04061116 0.02713551
vn 0.99880649 0.03923077 0.02909552
vn 0.99880649 0.03775586 0.03098544
vn 0.99880649 0.03619000 0.03280071
vn 0.99880649 0.03453696 0.03453696
vn 0.99880649 0.03280071 0.03619000
vn 0.99880649 0.03098544 0.03775586
vn 0.99880649 0.02909552 0.03923077
vn 0.99880649 0.02713551 0.04061116
vn 0.99880649 0.02511013 0.04189372
vn 0.99880649 0.02302426 0.04307535
vn 0.99880649 0.02088292 0.04415321
vn 0.99880649 0.01869127 0.04512471
vn 0.99880649 0.01645459 0.04598749
vn 0.99880649 0.01417827 0.04673948
vn 0.99880649 0.01186779 0.04737888
vn 0.99880649 0.00952872 0.04790413
vn 0.99880649 0.00716670 0.04831398
vn 0.99880649 0.00478741 0.04860744
vn 0.99880649 0.00239659 0.04878380
vn 0.99880649 0.00000000 0.04884263
vn 0.99880649 -0.00239659 0.04878380
vn 0.99880649 -0.00478741 0.04860744
vn 0.99880649 -0.00716670 0.04831398
vn 0.99880649 -0.00952872 0.04790413
vn 0.99880649 -0.01186779 0.04737888
vn 0.99880649 -0.01417827 0.04673948
vn 0.99880649 -0.01645459 0.04598749
vn 0.99880649 -0.01869127 0.04512471
vn 0.99880649 -0.02088292 0.04415321
vn 0.99880649 -0.02302426 0.04307535
vn 0.99880649 -0.02511013 0.04189372
vn 0.99880649 -0.02713551 0.04061116
vn 0.99880649 -0.02909552 0.03923077
vn 0.99880649 -0.03098544 0.03775586
vn 0.99880649 -0.03280071 0.03619000
vn 0.99880649 -0.03453696 0.03453696
vn 0.99880649 -0.03619000 0.03280071
vn 0.99880649 -0.03775586 0.03098544
vn 0.99880649 -0.03923077 0.02909552
vn 0.99880649 -0.04061116 0.02713551
vn 0.99880649 -0.04189372 0.02511013
vn 0.99880649 -0.04307535 0.02302426
vn 0.99880649 -0.04415321 0.02088292
vn 0.99880649 -0.04512471 0.01869127
vn 0.99880649 -0.04598749 0.01645459
vn 0.99880649 -0.04673948 0.01417827
vn 0.99880649 -0.04737888 0.01186779
vn 0.99880649 -0.04790413 0.00952872
vn 0.99880649 -0.04831398 0.00716670
vn 0.99880649 -0.04860744 0.00478741
vn 0.99880649 -0.04878380 0.00239659
vn 0.99880649 -0.04884263 0.00000000
vn 0.99880649 -0.04878380 -0.00239659
vn 0.99880649 -0.04860744 -0.00478741
vn 0.99880649 -0.04831398 -0.00716670
vn 0.99880649 -0.04790413 -0.00952872
vn 0.99880649 -0.04737888 -0.01186779
vn 0.99880649 -0.04673948 -0.01417827
vn 0.99880649 -0.04598749 -0.01645459
vn 0.99880649 -0.04512471 -0.01869127
vn 0.99880649 -0.04415321 -0.02088292
vn 0.99880649 -0.04307535 -0.02302426
vn 0.99880649 -0.04189372 -0.02511013
vn 0.99880649 -0.04061116 -0.02713551
vn 0.99880649 -0.03923077 -0.02909552
vn 0.99880649 -0.03775586 -0.03098544
vn 0.99880649 -0.03619000 -0.03280071
vn 0.99880649 -0.03453696 -0.03453696
vn 0.99880649 -0.03280071 -0.03619000
vn 0.99880649 -0.03098544 -0.03775586
vn 0.99880649 -0.02909552 -0.03923077
vn 0.99880649 -0.02713551 -0.04061116
vn 0.99880649 -0.02511013 -0.04189372
vn 0.99880649 -0.02302426 -0.04307535
vn 0.99880649 -0.02088292 -0.04415321
vn 0.99880649 -0.01869127 -0.04512471
vn 0.99880649 -0.01645459 -0.04598749
vn 0.99880649 -0.01417827 -0.04673948
vn 0.99880649 -0.01186779 -0.04737888
vn 0.99880649 -0.00952872 -0.04790413
vn 0.99880649 -0.00716670 -0.04831398
vn 0.99880649 -0.00478741 -0.04860744
vn 0.99880649 -0.00239659 -0.04878380
vn 0.99880649 -0.00000000 -0.04884263
vn 0.99880649 0.00239659 -0.04878380
vn 0.99880649 0.00478741 -0.04860744
vn 0.99880649 0.00716670 -0.04831398
vn 0.99880649 0.00952872 -0.04790413
vn 0.99880649 0.01186779 -0.04737888
vn 0.99880649 0.01417827 -0.04673948
vn 0.99880649 0.01645459 -0.04598749
vn 0.99880649 0.01869127 -0.04512471
vn 0.99880649 0.02088292 -0.04415321
vn 0.99880649 0.02302426 -0.04307535
vn 0.99880649 0.02511013 -0.04189372
vn 0.99880649 0.02713551 -0.04061116
vn 0.99880649 0.02909552 -0.03923077
vn 0.99880649 0.03098544 -0.03775586
vn 0.99880649 0.03280071 -0.03619000
vn 0.99880649 0.03453696 -0.03453696
vn 0.99880649 0.03619000 -0.03280071
vn 0.99880649 0.03775586 -0.03098544
vn 0.99880649 0.03923077 -0.02909552
vn 0.99880649 0.04061116 -0.02713551
vn 0.99880649 0.04189372 -0.02511013
vn 0.99880649 0.04307535 -0.02302426
vn 0.99880649 0.04415321 -0.02088292
vn 0.99880649 0.04512471 -0.01869127
vn 0.99880649 0.04598749 -0.01645459
vn 0.99880649 0.04673948 -0.01417827
vn 0.99880649 0.04737888 -0.01186779
vn 0.99880649 0.04790413 -0.00952872
vn 0.99880649 0.04831398 -0.00716670
vn 0.99880649 0.04860744 -0.00478741
vn 0.99880649 0.04878380 -0.00239659
vn 0.99896335 0.04552164 0.00000000
vn 0.99896335 0.04546681 0.00223364
vn 0.99896335 0.04530244 0.00446190
vn 0.99896335 0.04502894 0.00667941
vn 0.99896335 0.04464695 0.00888083
vn 0.99896335 0.04415741 0.01106086
vn 0.99896335 0.04356149 0.01321423
vn 0.99896335 0.04286063 0.01533578
vn 0.99896335 0.04205651 0.01742038
vn 0.99896335 0.04115107 0.01946301
vn 0.99896335 0.04014650 0.02145875
vn 0.99896335 0.03904521 0.02340280
vn 0.99896335 0.03784986 0.02529047
vn 0.99896335 0.03656332 0.02711721
vn 0.99896335 0.03518870 0.02887862
vn 0.99896335 0.03372931 0.03057046
vn 0.99896335 0.03218866 0.03218866
vn 0.99896335 0.03057046 0.03372931
vn 0.99896335 0.02887862 0.03518870
vn 0.99896335 0.02711721 0.03656332
vn 0.99896335 0.02529047 0.03784986
vn 0.99896335 0.02340280 0.03904521
vn 0.99896335 0.02145875 0.04014650
vn 0.99896335 0.01946301 0.04115107
vn 0.99896335 0.01742038 0.04205651
vn 0.99896335 0.01533578 0.04286063
vn 0.99896335 0.01321423 0.04356149
vn 0.99896335 0.01106086 0.04415741
vn 0.99896335 0.00888083 0.04464695
vn 0.99896335 0.00667941 0.04502894
vn 0.99896335 0.00446190 0.04530244
vn 0.99896335 0.00223364 0.04546681
vn 0.99896335 -0.00000000 0.04552164
vn 0.99896335 -0.00223364 0.04546681
vn 0.99896335 -0.00446190 0.04530244
vn 0.99896335 -0.00667941 0.04502894
vn 0.99896335 -0.00888083 0.04464695
vn 0.99896335 -0.01106086 0.04415741
vn 0.99896335 -0.01321423 0.04356149
vn 0.99896335 -0.01533578 0.04286063
vn 0.99896335 -0.01742038 0.04205651
vn 0.99896335 -0.01946301 0.04115107
vn 0.99896335 -0.02145875 0.04014650
vn 0.99896335 -0.02340280 0.03904521
vn 0.99896335 -0.02529047 0.03784986
vn 0.99896335 -0.02711721 0.03656332
vn 0.99896335 -0.02887862 0.03518870
vn 0.99896335 -0.03057046 0.03372931
vn 0.99896335 -0.03218866 0.03218866
vn 0.99896335 -0.03372931 0.03057046
vn 0.99896335 -0.03518870 0.02887862
vn 0.99896335 -0.03656332 0.02711721
vn 0.99896335 -0.03784986 0.02529047
vn 0.99896335 -0.03904521 0.02340280
vn 0.99896335 -0.04014650 0.02145875
vn 0.99896335 -0.04115107 0.01946301
vn 0.99896335 -0.04205651 0.01742038
vn 0.99896335 -0.04286063 0.01533578
vn 0.99896335 -0.04356149 0.01321423
vn 0.99896335 -0.04415741 0.01106086
vn 0.99896335 -0.04464695 0.00888083
vn 0.99896335 -0.04502894 0.00667941
vn 0.99896335 -0.04530244 0.00446190
vn 0.99896335 -0.04546681 0.00223364
vn 0.99896335 -0.04552164 -0.00000000
vn 0.99896335 -0.04546681 -0.00223364
vn 0.99896335 -0.04530244 -0.00446190
vn 0.99896335 -0.04502894 -0.00667941
vn 0.99896335 -0.04464695 -0.00888083
vn 0.99896335 -0.04415741 -0.01106086
vn 0.99896335 -0.04356149 -0.01321423
vn 0.99896335 -0.04286063 -0.01533578
vn 0.99896335 -0.04205651 -0.01742038
vn 0.99896335 -0.04115107 -0.01946301
vn 0.99896335 -0.04014650 -0.02145875
vn 0.99896335 -0.03904521 -0.02340280
vn 0.99896335 -0.03784986 -0.02529047
vn 0.99896335 -0.03656332 -0.02711721
vn 0.99896335 -0.03518870 -0.02887862
vn 0.99896335 -0.03372931 -0.03057046
vn 0.99896335 -0.03218866 -0.03218866
vn 0.99896335 -0.03057046 -0.03372931
vn 0.99896335 -0.02887862 -0.03518870
vn 0.99896335 -0.02711721 -0.03656332
vn 0.99896335 -0.02529047 -0.03784986
vn 0.99896335 -0.02340280 -0.03904521
vn 0.99896335 -0.02145875 -0.04014650
vn 0.99896335 -0.01946301 -0.04115107
vn 0.99896335 -0.01742038 -0.04205651
vn 0.99896335 -0.01533578 -0.04286063
vn 0.99896335 -0.01321423 -0.04356149
vn 0.99896335 -0.01106086 -0.04415741
vn 0.99896335 -0.00888083 -0.04464695
vn 0.99896335 -0.00667941 -0.04502894
vn 0.99896335 -0.00446190 -0.04530244
vn 0.99896335 -0.00223364 -0.04546681
vn 0.99896335 0.00000000 -0.04552164
vn 0.99896335 0.00223364 -0.04546681
vn 0.99896335 0.00446190 -0.04530244
vn 0.99896335 0.00667941 -0.04502894
vn 0.99896335 0.00888083 -0.04464695
vn 0.99896335 0.01106086 -0.04415741
vn 0.99896335 0.01321423 -0.04356149
vn 0.99896335 0.01533578 -0.04286063
vn 0.99896335 0.01742038 -0.04205651
vn 0.99896335 0.01946301 -0.04115107
vn 0.99896335 0.02145875 -0.04014650
vn 0.99896335 0.02340280 -0.03904521
vn 0.99896335 0.02529047 -0.03784986
vn 0.99896335 0.02711721 -0.03656332
vn 0.99896335 0.02887862 -0.03518870
vn 0.99896335 0.03057046 -0.03372931
vn 0.99896335 0.03218866 -0.03218866
vn 0.99896335 0.03372931 -0.03057046
vn 0.99896335 0.03518870 -0.02887862
vn 0.99896335 0.03656332 -0.02711721
vn 0.99896335 0.03784986 -0.02529047
vn 0.99896335 0.03904521 -0.02340280
vn 0.99896335 0.04014650 -0.02145875
vn 0.99896335 0.04115107 -0.01946301
vn 0.99896335 0.04205651 -0.01742038
vn 0.99896335 0.04286063 -0.01533578
vn 0.99896335 0.04356149 -0.01321423
vn 0.99896335 0.04415741 -0.01106086
vn 0.99896335 0.04464695 -0.00888083
vn 0.99896335 0.04502894 -0.00667941
vn 0.99896335 0.04530244 -0.00446190
vn 0.99896335 0.04546681 -0.00223364
vn 0.99910856 0.04221464 -0.00000000
vn 0.99910856 0.04216379 0.00207137
vn 0.99910856 0.04201137 0.00413776
vn 0.99910856 0.04175773 0.00619417
vn 0.99910856 0.04140350 0.00823567
vn 0.99910856 0.04094952 0.01025732
vn 0.99910856 0.04039689 0.01225426
vn 0.99910856 0.03974695 0.01422168
vn 0.99910856 0.03900124 0.01615484
vn 0.99910856 0.03816158 0.01804909
vn 0.99910856 0.03722999 0.01989984
vn 0.99910856 0.03620871 0.02170266
vn 0.99910856 0.03510019 0.02345320
vn 0.99910856 0.03390712 0.02514723
vn 0.99910856 0.03263236 0.02678069
vn 0.99910856 0.03127899 0.02834962
vn 0.99910856 0.02985026 0.02985026
vn 0.99910856 0.02834962 0.03127899
vn 0.99910856 0.02678069 0.03263236
vn 0.99910856 0.02514723 0.03390712
vn 0.99910856 0.02345320 0.03510019
vn 0.99910856 0.02170266 0.03620871
vn 0.99910856 0.01989984 0.03722999
vn 0.99910856 0.01804909 0.03816158
vn 0.99910856 0.01615484 0.03900124
vn 0.99910856 0.01422168 0.03974695
vn 0.99910856 0.01225426 0.04039689
vn 0.99910856 0.01025732 0.04094952
vn 0.99910856 0.00823567 0.04140350
vn 0.99910856 0.00619417 0.04175773
vn 0.99910856 0.00413776 0.04201137
vn 0.99910856 0.00207137 0.04216379
vn 0.99910856 0.00000000 0.04221464
vn 0.99910856 -0.00207137 0.04216379
vn 0.99910856 -0.00413776 0.04201137
vn 0.99910856 -0.00619417 0.04175773
vn 0.99910856 -0.00823567 0.04140350
vn 0.99910856 -0.01025732 0.04094952
vn 0.99910856 -0.01225426 0.04039689
vn 0.99910856 -0.01422168 0.03974695
vn 0.99910856 -0.01615484 0.03900124
vn 0.99910856 -0.01804909 0.03816158
vn 0.99910856 -0.01989984 0.03722999
vn 0.99910856 -0.02170266 0.03620871
vn 0.99910856 -0.02345320 0.03510019
vn 0.99910856 -0.02514723 0.03390712
vn 0.99910856 -0.02678069 0.03263236
vn 0.99910856 -0.02834962 0.03127899
vn 0.99910856 -0.02985026 0.02985026
vn 0.99910856 -0.03127899 0.02834962
vn 0.99910856 -0.03263236 0.02678069
vn 0.99910856 -0.03390712 0.02514723
vn 0.99910856 -0.03510019 0.02345320
vn 0.99910856 -0.03620871 0.02170266
vn 0.99910856 -0.03722999 0.01989984
vn 0.99910856 -0.03816158 0.01804909
vn 0.99910856 -0.03900124 0.01615484
vn 0.99910856 -0.03974695 0.01422168
vn 0.99910856 -0.04039689 0.01225426
vn 0.99910856 -0.04094952 0.01025732
vn 0.99910856 -0.04140350 0.00823567
vn 0.99910856 -0.04175773 0.00619417
vn 0.99910856 -0.04201137 0.00413776
vn 0.99910856 -0.04216379 0.00207137
vn 0.99910856 -0.04221464 0.00000000
vn 0.99910856 -0.04216379 -0.00207137
vn 0.99910856 -0.04201137 -0.00413776
vn 0.99910856 -0.04175773 -0.00619417
vn 0.99910856 -0.04140350 -0.00823567
vn 0.99910856 -0.04094952 -0.01025732
vn 0.99910856 -0.04039689 -0.01225426
vn 0.99910856 -0.03974695 -0.01422168
vn 0.99910856 -0.03900124 -0.01615484
vn 0.99910856 -0.03816158 -0.01804909
vn 0.99910856 -0.03722999 -0.01989984
vn 0.99910856 -0.03620871 -0.02170266
vn 0.99910856 -0.03510019 -0.02345320
vn 0.99910856 -0.03390712 -0.02514723
vn 0.99910856 -0.03263236 -0.02678069
vn 0.99910856 -0.03127899 -0.02834962
vn 0.99910856 -0.02985026 -0.02985026
vn 0.99910856 -0.02834962 -0.03127899
vn 0.99910856 -0.02678069 -0.03263236
vn 0.99910856 -0.02514723 -0.03390712
vn 0.99910856 -0.02345320 -0.03510019
vn 0.99910856 -0.02170266 -0.03620871
vn 0.99910856 -0.01989984 -0.03722999
vn 0.99910856 -0.01804909 -0.03816158
vn 0.99910856 -0.01615484 -0.03900124
vn 0.99910856 -0.01422168 -0.03974695
vn 0.99910856 -0.01225426 -0.04039689
vn 0.99910856 -0.01025732 -0.04094952
vn 0.99910856 -0.00823567 -0.04140350
vn 0.99910856 -0.00619417 -0.04175773
vn 0.99910856 -0.00413776 -0.04201137
vn 0.99910856 -0.00207137 -0.04216379
vn 0.99910856 -0.00000000 -0.04221464
vn 0.99910856 0.00207137 -0.04216379
vn 0.99910856 0.00413776 -0.04201137
vn 0.99910856 0.00619417 -0.04175773
vn 0.99910856 0.00823567 -0.04140350
vn 0.99910856 0.01025732 -0.04094952
vn 0.99910856 0.01225426 -0.04039689
vn 0.99910856 0.01422168 -0.03974695
vn 0.99910856 0.01615484 -0.03900124
vn 0.99910856 0.01804909 -0.03816158
vn 0.99910856 0.01989984 -0.03722999
vn 0.99910856 0.02170266 -0.03620871
vn 0.99910856 0.02345320 -0.03510019
vn 0.99910856 0.02514723 -0.03390712
vn 0.99910856 0.02678069 -0.03263236
vn 0.99910856 0.02834962 -0.03127899
vn 0.99910856 0.02985026 -0.02985026
vn 0.99910856 0.03127899 -0.02834962
vn 0.99910856 0.03263236 -0.02678069
vn 0.99910856 0.03390712 -0.02514723
vn 0.99910856 0.03510019 -0.02345320
vn 0.99910856 0.03620871 -0.02170266
vn 0.99910856 0.03722999 -0.01989984
vn 0.99910856 0.03816158 -0.01804909
vn 0.99910856 0.03900124 -0.01615484
vn 0.99910856 0.03974695 -0.01422168
vn 0.99910856 0.04039689 -0.01225426
vn 0.99910856 0.04094952 -0.01025732
vn 0.99910856 0.04140350 -0.00823567
vn 0.99910856 0.04175773 -0.00619417
vn 0.99910856 0.04201137 -0.00413776
vn 0.99910856 0.04216379 -0.00207137
vn 0.99924231 0.03892056 0.00000000
vn 0.99924231 0.03887367 0.00190974
vn 0.99924231 0.03873314 0.00381488
vn 0.99924231 0.03849930 0.00571083
vn 0.99924231 0.03817271 0.00759302
vn 0.99924231 0.03775416 0.00945692
vn 0.99924231 0.03724465 0.01129804
vn 0.99924231 0.03664542 0.01311194
vn 0.99924231 0.03595790 0.01489425
vn 0.99924231 0.03518377 0.01664068
vn 0.99924231 0.03432487 0.01834702
vn 0.99924231 0.03338327 0.02000916
vn 0.99924231 0.03236126 0.02162310
vn 0.99924231 0.03126128 0.02318495
vn 0.99924231 0.03008600 0.02469094
vn 0.99924231 0.02883823 0.02613745
vn 0.99924231 0.02752099 0.02752099
vn 0.99924231 0.02613745 0.02883823
vn 0.99924231 0.02469094 0.03008600
vn 0.99924231 0.02318495 0.03126128
vn 0.99924231 0.02162310 0.03236126
vn 0.99924231 0.02000916 0.03338327
vn 0.99924231 0.01834702 0.03432487
vn 0.99924231 0.01664068 0.03518377
vn 0.99924231 0.01489425 0.03595790
vn 0.99924231 0.01311194 0.03664542
vn 0.99924231 0.01129804 0.03724465
vn 0.99924231 0.00945692 0.03775416
vn 0.99924231 0.00759302 0.03817271
vn 0.99924231 0.00571083 0.03849930
vn 0.99924231 0.00381488 0.03873314
vn 0.99924231 0.00190974 0.03887367
vn 0.99924231 -0.00000000 0.03892056
vn 0.99924231 -0.00190974 0.03887367
vn 0.99924231 -0.00381488 0.03873314
vn 0.99924231 -0.00571083 0.03849930
vn 0.99924231 -0.00759302 0.03817271
vn 0.99924231 -0.00945692 0.03775416
vn 0.99924231 -0.01129804 0.03724465
vn 0.99924231 -0.01311194 0.03664542
vn 0.99924231 -0.01489425 0.03595790
vn 0.99924231 -0.01664068 0.03518377
vn 0.99924231 -0.01834702 0.03432487
vn 0.99924231 -0.02000916 0.03338327
vn 0.99924231 -0.02162310 0.03236126
vn 0.99924231 -0.02318495 0.03126128
vn 0.99924231 -0.02469094 0.03008600
vn 0.99924231 -0.02613745 0.02883823
vn 0.99924231 -0.02752099 0.02752099
vn 0.99924231 -0.02883823 0.02613745
vn 0.99924231 -0.03008600 0.02469094
vn 0.99924231 -0.03126128 0.02318495
vn 0.99924231 -0.03236126 0.02162310
vn 0.99924231 -0.03338327 0.02000916
vn 0.99924231 -0.03432487 0.01834702
vn 0.99924231 -0.03518377 0.01664068
vn 0.99924231 -0.03595790 0.01489425
vn 0.99924231 -0.03664542 0.01311194
vn 0.99924231 -0.03724465 0.01129804
vn 0.99924231 -0.03775416 0.00945692
vn 0.99924231 -0.03817271 0.00759302
vn 0.99924231 -0.03849930 0.00571083
vn 0.99924231 -0.03873314 0.00381488
vn 0.99924231 -0.03887367 0.00190974
vn 0.99924231 -0.03892056 -0.00000000
vn 0.99924231 -0.03887367 -0.00190974
vn 0.99924231 -0.03873314 -0.00381488
vn 0.99924231 -0.03849930 -0.00571083
vn 0.99924231 -0.03817271 -0.00759302
vn 0.99924231 -0.03775416 -0.00945692
vn 0.99924231 -0.03724465 -0.01129804
vn 0.99924231 -0.03664542 -0.01311194
vn 0.99924231 -0.03595790 -0.01489425
vn 0.99924231 -0.03518377 -0.01664068
vn 0.99924231 -0.03432487 -0.01834702
vn 0.99924231 -0.03338327 -0.02000916
vn 0.99924231 -0.03236126 -0.02162310
vn 0.99924231 -0.03126128 -0.02318495
vn 0.99924231 -0.03008600 -0.02469094
vn 0.99924231 -0.02883823 -0.02613745
vn 0.99924231 -0.02752099 -0.02752099
vn 0.99924231 -0.02613745 -0.02883823
vn 0.99924231 -0.02469094 -0.03008600
vn 0.99924231 -0.02318495 -0.03126128
vn 0.99924231 -0.02162310 -0.03236126
vn 0.99924231 -0.02000916 -0.03338327
vn 0.99924231 -0.01834702 -0.03432487
vn 0.99924231 -0.01664068 -0.03518377
vn 0.99924231 -0.01489425 -0.03595790
vn 0.99924231 -0.01311194 -0.03664542
vn 0.99924231 -0.01129804 -0.03724465
vn 0.99924231 -0.00945692 -0.03775416
vn 0.99924231 -0.00759302 -0.03817271
vn 0.99924231 -0.00571083 -0.03849930
vn 0.99924231 -0.00381488 -0.03873314
vn 0.99924231 -0.00190974 -0.03887367
vn 0.99924231 0.00000000 -0.03892056
vn 0.99924231 0.00190974 -0.03887367
vn 0.99924231 0.00381488 -0.03873314
vn 0.99924231 0.00571083 -0.03849930
vn 0.99924231 0.00759302 -0.03817271
vn 0.99924231 0.00945692 -0.03775416
vn 0.99924231 0.01129804 -0.03724465
vn 0.99924231 0.01311194 -0.03664542
vn 0.99924231 0.01489425 -0.03595790
vn 0.99924231 0.01664068 -0.03518377
vn 0.99924231 0.01834702 -0.03432487
vn 0.99924231 0.02000916 -0.03338327
vn 0.99924231 0.02162310 -0.03236126
vn 0.99924231 0.02318495 -0.03126128
vn 0.99924231 0.02469094 -0.03008600
vn 0.99924231 0.02613745 -0.02883823
vn 0.99924231 0.02752099 -0.02752099
vn 0.99924231 0.02883823 -0.02613745
vn 0.99924231 0.03008600 -0.02469094
vn 0.99924231 0.03126128 -0.02318495
vn 0.99924231 0.03236126 -0.02162310
vn 0.99924231 0.03338327 -0.02000916
vn 0.99924231 0.03432487 -0.01834702
vn 0.99924231 0.03518377 -0.01664068
vn 0.99924231 0.03595790 -0.01489425
vn 0.99924231 0.03664542 -0.01311194
vn 0.99924231 0.03724465 -0.01129804
vn 0.99924231 0.03775416 -0.00945692
vn 0.99924231 0.03817271 -0.00759302
vn 0.99924231 0.03849930 -0.00571083
vn 0.99924231 0.03873314 -0.00381488
vn 0.99924231 0.03887367 -0.00190974
vn 0.99936475 0.03563831 0.00000000
vn 0.99936475 0.03559538 0.00174869
vn 0.99936475 0.03546670 0.00349317
vn 0.99936475 0.03525258 0.00522923
vn 0.99936475 0.03495353 0.00695269
vn 0.99936475 0.03457028 0.00865940
vn 0.99936475 0.03410374 0.01034526
vn 0.99936475 0.03355504 0.01200619
vn 0.99936475 0.03292551 0.01363819
vn 0.99936475 0.03221665 0.01523734
vn 0.99936475 0.03143018 0.01679978
vn 0.99936475 0.03056800 0.01832175
vn 0.99936475 0.02963217 0.01979958
vn 0.99936475 0.02862496 0.02122972
vn 0.99936475 0.02754879 0.02260871
vn 0.99936475 0.02640625 0.02393323
vn 0.99936475 0.02520009 0.02520009
vn 0.99936475 0.02393323 0.02640625
vn 0.99936475 0.02260871 0.02754879
vn 0.99936475 0.02122972 0.02862496
vn 0.99936475 0.01979958 0.02963217
vn 0.99936475 0.01832175 0.03056800
vn 0.99936475 0.01679978 0.03143018
vn 0.99936475 0.01523734 0.03221665
vn 0.99936475 0.01363819 0.03292551
vn 0.99936475 0.01200619 0.03355504
vn 0.99936475 0.01034526 0.03410374
vn 0.99936475 0.00865940 0.03457028
vn 0.99936475 0.00695269 0.03495353
vn 0.99936475 0.00522923 0.03525258
vn 0.99936475 0.00349317 0.03546670
vn 0.99936475 0.00174869 0.03559538
vn 0.99936475 -0.00000000 0.03563831
vn 0.99936475 -0.00174869 0.03559538
vn 0.99936475 -0.00349317 0.03546670
vn 0.99936475 -0.00522923 0.03525258
vn 0.99936475 -0.00695269 0.03495353
vn 0.99936475 -0.00865940 0.03457028
vn 0.99936475 -0.01034526 0.03410374
vn 0.99936475 -0.01200619 0.03355504
vn 0.99936475 -0.01363819 0.03292551
vn 0.99936475 -0.01523734 0.03221665
vn 0.99936475 -0.01679978 0.03143018
vn 0.99936475 -0.01832175 0.03056800
vn 0.99936475 -0.01979958 0.02963217
vn 0.99936475 -0.02122972 0.02862496
vn 0.99936475 -0.02260871 0.02754879
vn 0.99936475 -0.02393323 0.02640625
vn 0.99936475 -0.02520009 0.02520009
vn 0.99936475 -0.02640625 0.02393323
vn 0.99936475 -0.02754879 0.02260871
vn 0.99936475 -0.02862496 0.02122972
vn 0.99936475 -0.02963217 0.01979958
vn 0.99936475 -0.03056800 0.01832175
vn 0.99936475 -0.03143018 0.01679978
vn 0.99936475 -0.03221665 0.01523734
vn 0.99936475 -0.03292551 0.01363819
vn 0.99936475 -0.03355504 0.01200619
vn 0.99936475 -0.03410374 0.01034526
vn 0.99936475 -0.03457028 0.00865940
vn 0.99936475 -0.03495353 0.00695269
vn 0.99936475 -0.03525258 0.00522923
vn 0.99936475 -0.03546670 0.00349317
vn 0.99936475 -0.03559538 0.00174869
vn 0.99936475 -0.03563831 -0.00000000
vn 0.99936475 -0.03559538 -0.00174869
vn 0.99936475 -0.03546670 -0.00349317
vn 0.99936475 -0.03525258 -0.00522923
vn 0.99936475 -0.03495353 -0.00695269
vn 0.99936475 -0.03457028 -0.00865940
vn 0.99936475 -0.03410374 -0.01034526
vn 0.99936475 -0.03355504 -0.01200619
vn 0.99936475 -0.03292551 -0.01363819
vn 0.99936475 -0.03221665 -0.01523734
vn 0.99936475 -0.03143018 -0.01679978
vn 0.99936475 -0.03056800 -0.01832175
vn 0.99936475 -0.02963217 -0.01979958
vn 0.99936475 -0.02862496 -0.02122972
vn 0.99936475 -0.02754879 -0.02260871
vn 0.99936475 -0.02640625 -0.02393323
vn 0.99936475 -0.02520009 -0.02520009
vn 0.99936475 -0.02393323 -0.02640625
vn 0.99936475 -0.02260871 -0.02754879
vn 0.99936475 -0.02122972 -0.02862496
vn 0.99936475 -0.01979958 -0.02963217
vn 0.99936475 -0.01832175 -0.03056800
vn 0.99936475 -0.01679978 -0.03143018
vn 0.99936475 -0.01523734 -0.03221665
vn 0.99936475 -0.01363819 -0.03292551
vn 0.99936475 -0.01200619 -0.03355504
vn 0.99936475 -0.01034526 -0.03410374
vn 0.99936475 -0.00865940 -0.03457028
vn 0.99936475 -0.00695269 -0.03495353
vn 0.99936475 -0.00522923 -0.03525258
vn 0.99936475 -0.00349317 -0.03546670
vn 0.99936475 -0.00174869 -0.03559538
vn 0.99936475 0.00000000 -0.03563831
vn 0.99936475 0.00174869 -0.03559538
vn 0.99936475 0.00349317 -0.03546670
vn 0.99936475 0.00522923 -0.03525258
vn 0.99936475 0.00695269 -0.03495353
vn 0.99936475 0.00865940 -0.03457028
vn 0.99936475 0.01034526 -0.03410374
vn 0.99936475 0.01200619 -0.03355504
vn 0.99936475 0.01363819 -0.03292551
vn 0.99936475 0.01523734 -0.03221665
vn 0.99936475 0.01679978 -0.03143018
vn 0.99936475 0.01832175 -0.03056800
vn 0.99936475 0.01979958 -0.02963217
vn 0.99936475 0.02122972 -0.02862496
vn 0.99936475 0.02260871 -0.02754879
vn 0.99936475 0.02393323 -0.02640625
vn 0.99936475 0.02520009 -0.02520009
vn 0.99936475 0.02640625 -0.02393323
vn 0.99936475 0.02754879 -0.02260871
vn 0.99936475 0.02862496 -0.02122972
vn 0.99936475 0.02963217 -0.01979958
vn 0.99936475 0.03056800 -0.01832175
vn 0.99936475 0.03143018 -0.01679978
vn 0.99936475 0.03221665 -0.01523734
vn 0.99936475 0.03292551 -0.01363819
vn 0.99936475 0.03355504 -0.01200619
vn 0.99936475 0.03410374 -0.01034526
vn 0.99936475 0.03457028 -0.00865940
vn 0.99936475 0.03495353 -0.00695269
vn 0.99936475 0.03525258 -0.00522923
vn 0.99936475 0.03546670 -0.00349317
vn 0.99936475 0.03559538 -0.00174869
vn 0.99947606 0.03236686 -0.00000000
vn 0.99947606 0.03232787 0.00158817
vn 0.99947606 0.03221101 0.00317251
vn 0.99947606 0.03201654 0.00474920
vn 0.99947606 0.03174494 0.00631446
vn 0.99947606 0.03139687 0.00786451
vn 0.99947606 0.03097315 0.00939560
vn 0.99947606 0.03047483 0.01090407
vn 0.99947606 0.02990308 0.01238626
vn 0.99947606 0.02925930 0.01383862
vn 0.99947606 0.02854502 0.01525763
vn 0.99947606 0.02776198 0.01663989
vn 0.99947606 0.02691206 0.01798206
vn 0.99947606 0.02599731 0.01928092
vn 0.99947606 0.02501992 0.02053332
vn 0.99947606 0.02398226 0.02173626
vn 0.99947606 0.02288683 0.02288683
vn 0.99947606 0.02173626 0.02398226
vn 0.99947606 0.02053332 0.02501992
vn 0.99947606 0.01928092 0.02599731
vn 0.99947606 0.01798206 0.02691206
vn 0.99947606 0.01663989 0.02776198
vn 0.99947606 0.01525763 0.02854502
vn 0.99947606 0.01383862 0.02925930
vn 0.99947606 0.01238626 0.02990308
vn 0.99947606 0.01090407 0.03047483
vn 0.99947606 0.00939560 0.03097315
vn 0.99947606 0.00786451 0.03139687
vn 0.99947606 0.00631446 0.03174494
vn 0.99947606 0.00474920 0.03201654
vn 0.99947606 0.00317251 0.03221101
vn 0.99947606 0.00158817 0.03232787
vn 0.99947606 0.00000000 0.03236686
vn 0.99947606 -0.00158817 0.03232787
vn 0.99947606 -0.00317251 0.03221101
vn 0.99947606 -0.00474920 0.03201654
vn 0.99947606 -0.00631446 0.03174494
vn 0.99947606 -0.00786451 0.03139687
vn 0.99947606 -0.00939560 0.03097315
vn 0.99947606 -0.01090407 0.03047483
vn 0.99947606 -0.01238626 0.02990308
vn 0.99947606 -0.01383862 0.02925930
vn 0.99947606 -0.01525763 0.02854502
vn 0.99947606 -0.01663989 0.02776198
vn 0.99947606 -0.01798206 0.02691206
vn 0.99947606 -0.01928092 0.02599731
vn 0.99947606 -0.02053332 0.02501992
vn 0.99947606 -0.02173626 0.02398226
vn 0.99947606 -0.02288683 0.02288683
vn 0.99947606 -0.02398226 0.02173626
vn 0.99947606 -0.02501992 0.02053332
vn 0.99947606 -0.02599731 0.01928092
vn 0.99947606 -0.02691206 0.01798206
vn 0.99947606 -0.02776198 0.01663989
vn 0.99947606 -0.02854502 0.01525763
vn 0.99947606 -0.02925930 0.01383862
vn 0.99947606 -0.02990308 0.01238626
vn 0.99947606 -0.03047483 0.01090407
vn 0.99947606 -0.03097315 0.00939560
vn 0.99947606 -0.03139687 0.00786451
vn 0.99947606 -0.03174494 0.00631446
vn 0.99947606 -0.03201654 0.00474920
vn 0.99947606 -0.03221101 0.00317251
vn 0.99947606 -0.03232787 0.00158817
vn 0.99947606 -0.03236686 0.00000000
vn 0.99947606 -0.03232787 -0.00158817
vn 0.99947606 -0.03221101 -0.00317251
vn 0.99947606 -0.03201654 -0.00474920
vn 0.99947606 -0.03174494 -0.00631446
vn 0.99947606 -0.03139687 -0.00786451
vn 0.99947606 -0.03097315 -0.00939560
vn 0.99947606 -0.03047483 -0.01090407
vn 0.99947606 -0.02990308 -0.01238626
vn 0.99947606 -0.02925930 -0.01383862
vn 0.99947606 -0.02854502 -0.01525763
vn 0.99947606 -0.02776198 -0.01663989
vn 0.99947606 -0.02691206 -0.01798206
vn 0.99947606 -0.02599731 -0.01928092
vn 0.99947606 -0.02501992 -0.02053332
vn 0.99947606 -0.02398226 -0.02173626
vn 0.99947606 -0.02288683 -0.02288683
vn 0.99947606 -0.02173626 -0.02398226
vn 0.99947606 -0.02053332 -0.02501992
vn 0.99947606 -0.01928092 -0.02599731
vn 0.99947606 -0.01798206 -0.02691206
vn 0.99947606 -0.01663989 -0.02776198
vn 0.99947606 -0.01525763 -0.02854502
vn 0.99947606 -0.01383862 -0.02925930
vn 0.99947606 -0.01238626 -0.02990308
vn 0.99947606 -0.01090407 -0.03047483
vn 0.99947606 -0.00939560 -0.03097315
vn 0.99947606 -0.00786451 -0.03139687
vn 0.99947606 -0.00631446 -0.03174494
vn 0.99947606 -0.00474920 -0.03201654
vn 0.99947606 -0.00317251 -0.03221101
vn 0.99947606 -0.00158817 -0.03232787
vn 0.99947606 -0.00000000 -0.03236686
vn 0.99947606 0.00158817 -0.03232787
vn 0.99947606 0.00317251 -0.03221101
vn 0.99947606 0.00474920 -0.03201654
vn 0.99947606 0.00631446 -0.03174494
vn 0.99947606 0.00786451 -0.03139687
vn 0.99947606 0.00939560 -0.03097315
vn 0.99947606 0.01090407 -0.03047483
vn 0.99947606 0.01238626 -0.02990308
vn 0.99947606 0.01383862 -0.02925930
vn 0.99947606 0.01525763 -0.02854502
vn 0.99947606 0.01663989 -0.02776198
vn 0.99947606 0.01798206 -0.02691206
vn 0.99947606 0.01928092 -0.02599731
vn 0.99947606 0.02053332 -0.02501992
vn 0.99947606 0.02173626 -0.02398226
vn 0.99947606 0.02288683 -0.02288683
vn 0.99947606 0.02398226 -0.02173626
vn 0.99947606 0.02501992 -0.02053332
vn 0.99947606 0.02599731 -0.01928092
vn 0.99947606 0.02691206 -0.01798206
vn 0.99947606 0.02776198 -0.01663989
vn 0.99947606 0.02854502 -0.01525763
vn 0.99947606 0.02925930 -0.01383862
vn 0.99947606 0.02990308 -0.01238626
vn 0.99947606 0.03047483 -0.01090407
vn 0.99947606 0.03097315 -0.00939560
vn 0.99947606 0.03139687 -0.00786451
vn 0.99947606 0.03174494 -0.00631446
vn 0.99947606 0.03201654 -0.00474920
vn 0.99947606 0.03221101 -0.00317251
vn 0.99947606 0.03232787 -0.00158817
vn 0.99957635 0.02910517 0.00000000
vn 0.99957635 0.02907011 0.00142812
vn 0.99957635 0.02896502 0.00285281
vn 0.99957635 0.02879015 0.00427062
vn 0.99957635 0.02854592 0.00567814
vn 0.99957635 0.02823293 0.00707198
vn 0.99957635 0.02785191 0.00844879
vn 0.99957635 0.02740380 0.00980524
vn 0.99957635 0.02688967 0.01113807
vn 0.99957635 0.02631076 0.01244406
vn 0.99957635 0.02566847 0.01372008
vn 0.99957635 0.02496434 0.01496305
vn 0.99957635 0.02420007 0.01616997
vn 0.99957635 0.02337749 0.01733793
vn 0.99957635 0.02249860 0.01846413
vn 0.99957635 0.02156551 0.01954584
vn 0.99957635 0.02058046 0.02058046
vn 0.99957635 0.01954584 0.02156551
vn 0.99957635 0.01846413 0.02249860
vn 0.99957635 0.01733793 0.02337749
vn 0.99957635 0.01616997 0.02420007
vn 0.99957635 0.01496305 0.02496434
vn 0.99957635 0.01372008 0.02566847
vn 0.99957635 0.01244406 0.02631076
vn 0.99957635 0.01113807 0.02688967
vn 0.99957635 0.00980524 0.02740380
vn 0.99957635 0.00844879 0.02785191
vn 0.99957635 0.00707198 0.02823293
vn 0.99957635 0.00567814 0.02854592
vn 0.99957635 0.00427062 0.02879015
vn 0.99957635 0.00285281 0.02896502
vn 0.99957635 0.00142812 0.02907011
vn 0.99957635 -0.00000000 0.02910517
vn 0.99957635 -0.00142812 0.02907011
vn 0.99957635 -0.00285281 0.02896502
vn 0.99957635 -0.00427062 0.02879015
vn 0.99957635 -0.00567814 0.02854592
vn 0.99957635 -0.00707198 0.02823293
vn 0.99957635 -0.00844879 0.02785191
vn 0.99957635 -0.00980524 0.02740380
vn 0.99957635 -0.01113807 0.02688967
vn 0.99957635 -0.01244406 0.02631076
vn 0.99957635 -0.01372008 0.02566847
vn 0.99957635 -0.01496305 0.02496434
vn 0.99957635 -0.01616997 0.02420007
vn 0.99957635 -0.01733793 0.02337749
vn 0.99957635 -0.01846413 0.02249860
vn 0.99957635 -0.01954584 0.02156551
vn 0.99957635 -0.02058046 0.02058046
vn 0.99957635 -0.02156551 0.01954584
vn 0.99957635 -0.02249860 0.01846413
vn 0.99957635 -0.02337749 0.01733793
vn 0.99957635 -0.02420007 0.01616997
vn 0.99957635 -0.02496434 0.01496305
vn 0.99957635 -0.02566847 0.01372008
vn 0.99957635 -0.02631076 0.01244406
vn 0.99957635 -0.02688967 0.01113807
vn 0.99957635 -0.02740380 0.00980524
vn 0.99957635 -0.02785191 0.00844879
vn 0.99957635 -0.02823293 0.00707198
vn 0.99957635 -0.02854592 0.00567814
vn 0.99957635 -0.02879015 0.00427062
vn 0.99957635 -0.02896502 0.00285281
vn 0.99957635 -0.02907011 0.00142812
vn 0.99957635 -0.02910517 -0.00000000
vn 0.99957635 -0.02907011 -0.00142812
vn 0.99957635 -0.02896502 -0.00285281
vn 0.99957635 -0.02879015 -0.00427062
vn 0.99957635 -0.02854592 -0.00567814
vn 0.99957635 -0.02823293 -0.00707198
vn 0.99957635 -0.02785191 -0.00844879
vn 0.99957635 -0.02740380 -0.00980524
vn 0.99957635 -0.02688967 -0.01113807
vn 0.99957635 -0.02631076 -0.01244406
vn 0.99957635 -0.02566847 -0.01372008
vn 0.99957635 -0.02496434 -0.01496305
vn 0.99957635 -0.02420007 -0.01616997
vn 0.99957635 -0.02337749 -0.01733793
vn 0.99957635 -0.02249860 -0.01846413
vn 0.99957635 -0.02156551 -0.01954584
vn 0.99957635 -0.02058046 -0.02058046
vn 0.99957635 -0.01954584 -0.02156551
vn 0.99957635 -0.01846413 -0.02249860
vn 0.99957635 -0.01733793 -0.02337749
vn 0.99957635 -0.01616997 -0.02420007
vn 0.99957635 -0.01496305 -0.02496434
vn 0.99957635 -0.01372008 -0.02566847
vn 0.99957635 -0.01244406 -0.02631076
vn 0.99957635 -0.01113807 -0.02688967
vn 0.99957635 -0.00980524 -0.02740380
vn 0.99957635 -0.00844879 -0.02785191
vn 0.99957635 -0.00707198 -0.02823293
vn 0.99957635 -0.00567814 -0.02854592
vn 0.99957635 -0.00427062 -0.02879015
vn 0.99957635 -0.00285281 -0.02896502
vn 0.99957635 -0.00142812 -0.02907011
vn 0.99957635 0.00000000 -0.02910517
vn 0.99957635 0.00142812 -0.02907011
vn 0.99957635 0.00285281 -0.02896502
vn 0.99957635 0.00427062 -0.02879015
vn 0.99957635 0.00567814 -0.02854592
vn 0.99957635 0.00707198 -0.02823293
vn 0.99957635 0.00844879 -0.02785191
vn 0.99957635 0.00980524 -0.02740380
vn 0.99957635 0.01113807 -0.02688967
vn 0.99957635 0.01244406 -0.02631076
vn 0.99957635 0.01372008 -0.02566847
vn 0.99957635 0.01496305 -0.02496434
vn 0.99957635 0.01616997 -0.02420007
vn 0.99957635 0.01733793 -0.02337749
vn 0.99957635 0.01846413 -0.02249860
vn 0.99957635 0.01954584 -0.02156551
vn 0.99957635 0.02058046 -0.02058046
vn 0.99957635 0.02156551 -0.01954584
vn 0.99957635 0.02249860 -0.01846413
vn 0.99957635 0.02337749 -0.01733793
vn 0.99957635 0.02420007 -0.01616997
vn 0.99957635 0.02496434 -0.01496305
vn 0.99957635 0.02566847 -0.01372008
vn 0.99957635 0.02631076 -0.01244406
vn 0.99957635 0.02688967 -0.01113807
vn 0.99957635 0.02740380 -0.00980524
vn 0.99957635 0.02785191 -0.00844879
vn 0.99957635 0.02823293 -0.00707198
vn 0.99957635 0.02854592 -0.00567814
vn 0.99957635 0.02879015 -0.00427062
vn 0.99957635 0.02896502 -0.00285281
vn 0.99957635 0.02907011 -0.00142812
vn 0.99966578 0.02585223 0.00000000
vn 0.99966578 0.02582109 0.00126851
vn 0.99966578 0.02572774 0.00253396
vn 0.99966578 0.02557242 0.00379331
vn 0.99966578 0.02535549 0.00504352
vn 0.99966578 0.02507747 0.00628158
vn 0.99966578 0.02473904 0.00750451
vn 0.99966578 0.02434101 0.00870935
vn 0.99966578 0.02388435 0.00989322
vn 0.99966578 0.02337014 0.01105325
vn 0.99966578 0.02279963 0.01218666
vn 0.99966578 0.02217420 0.01329070
vn 0.99966578 0.02149534 0.01436273
vn 0.99966578 0.02076470 0.01540015
vn 0.99966578 0.01998404 0.01640048
vn 0.99966578 0.01915524 0.01736130
vn 0.99966578 0.01828029 0.01828029
vn 0.99966578 0.01736130 0.01915524
vn 0.99966578 0.01640048 0.01998404
vn 0.99966578 0.01540015 0.02076470
vn 0.99966578 0.01436273 0.02149534
vn 0.99966578 0.01329070 0.02217420
vn 0.99966578 0.01218666 0.02279963
vn 0.99966578 0.01105325 0.02337014
vn 0.99966578 0.00989322 0.02388435
vn 0.99966578 0.00870935 0.02434101
vn 0.99966578 0.00750451 0.02473904
vn 0.99966578 0.00628158 0.02507747
vn 0.99966578 0.00504352 0.02535549
vn 0.99966578 0.00379331 0.02557242
vn 0.99966578 0.00253396 0.02572774
vn 0.99966578 0.00126851 0.02582109
vn 0.99966578 -0.00000000 0.02585223
vn 0.99966578 -0.00126851 0.02582109
vn 0.99966578 -0.00253396 0.02572774
vn 0.99966578 -0.00379331 0.02557242
vn 0.99966578 -0.00504352 0.02535549
vn 0.99966578 -0.00628158 0.02507747
vn 0.99966578 -0.00750451 0.02473904
vn 0.99966578 -0.00870935 0.02434101
vn 0.99966578 -0.00989322 0.02388435
vn 0.99966578 -0.01105325 0.02337014
vn 0.99966578 -0.01218666 0.02279963
vn 0.99966578 -0.01329070 0.02217420
vn 0.99966578 -0.01436273 0.02149534
vn 0.99966578 -0.01540015 0.02076470
vn 0.99966578 -0.01640048 0.01998404
vn 0.99966578 -0.01736130 0.01915524
vn 0.99966578 -0.01828029 0.01828029
vn 0.99966578 -0.01915524 0.01736130
vn 0.99966578 -0.01998404 0.01640048
vn 0.99966578 -0.02076470 0.01540015
vn 0.99966578 -0.02149534 0.01436273
vn 0.99966578 -0.02217420 0.01329070
vn 0.99966578 -0.02279963 0.01218666
vn 0.99966578 -0.02337014 0.01105325
vn 0.99966578 -0.02388435 0.00989322
vn 0.99966578 -0.02434101 0.00870935
vn 0.99966578 -0.02473904 0.00750451
vn 0.99966578 -0.02507747 0.00628158
vn 0.99966578 -0.02535549 0.00504352
vn 0.99966578 -0.02557242 0.00379331
vn 0.99966578 -0.02572774 0.00253396
vn 0.99966578 -0.02582109 0.00126851
vn 0.99966578 -0.02585223 -0.00000000
vn 0.99966578 -0.02582109 -0.00126851
vn 0.99966578 -0.02572774 -0.00253396
vn 0.99966578 -0.02557242 -0.00379331
vn 0.99966578 -0.02535549 -0.00504352
vn 0.99966578 -0.02507747 -0.00628158
vn 0.99966578 -0.02473904 -0.00750451
vn 0.99966578 -0.02434101 -0.00870935
vn 0.99966578 -0.02388435 -0.00989322
vn 0.99966578 -0.02337014 -0.01105325
vn 0.99966578 -0.02279963 -0.01218666
vn 0.99966578 -0.02217420 -0.01329070
vn 0.99966578 -0.02149534 -0.01436273
vn 0.99966578 -0.02076470 -0.01540015
vn 0.99966578 -0.01998404 -0.01640048
vn 0.99966578 -0.01915524 -0.01736130
vn 0.99966578 -0.01828029 -0.01828029
vn 0.99966578 -0.01736130 -0.01915524
vn 0.99966578 -0.01640048 -0.01998404
vn 0.99966578 -0.01540015 -0.02076470
vn 0.99966578 -0.01436273 -0.02149534
vn 0.99966578 -0.01329070 -0.02217420
vn 0.99966578 -0.01218666 -0.02279963
vn 0.99966578 -0.01105325 -0.02337014
vn 0.99966578 -0.00989322 -0.02388435
vn 0.99966578 -0.00870935 -0.02434101
vn 0.99966578 -0.00750451 -0.02473904
vn 0.99966578 -0.00628158 -0.02507747
vn 0.99966578 -0.00504352 -0.02535549
vn 0.99966578 -0.00379331 -0.02557242
vn 0.99966578 -0.00253396 -0.02572774
vn 0.99966578 -0.00126851 -0.02582109
vn 0.99966578 0.00000000 -0.02585223
vn 0.99966578 0.00126851 -0.02582109
vn 0.99966578 0.00253396 -0.02572774
vn 0.99966578 0.00379331 -0.02557242
vn 0.99966578 0.00504352 -0.02535549
vn 0.99966578 0.00628158 -0.02507747
vn 0.99966578 0.00750451 -0.02473904
vn 0.99966578 0.00870935 -0.02434101
vn 0.99966578 0.00989322 -0.02388435
vn 0.99966578 0.01105325 -0.02337014
vn 0.99966578 0.01218666 -0.02279963
vn 0.99966578 0.01329070 -0.02217420
vn 0.99966578 0.01436273 -0.02149534
vn 0.99966578 0.01540015 -0.02076470
vn 0.99966578 0.01640048 -0.01998404
vn 0.99966578 0.01736130 -0.01915524
vn 0.99966578 0.01828029 -0.01828029
vn 0.99966578 0.01915524 -0.01736130
vn 0.99966578 0.01998404 -0.01640048
vn 0.99966578 0.02076470 -0.01540015
vn 0.99966578 0.02149534 -0.01436273
vn 0.99966578 0.02217420 -0.01329070
vn 0.99966578 0.02279963 -0.01218666
vn 0.99966578 0.02337014 -0.01105325
vn 0.99966578 0.02388435 -0.00989322
vn 0.99966578 0.02434101 -0.00870935
vn 0.99966578 0.02473904 -0.00750451
vn 0.99966578 0.02507747 -0.00628158
vn 0.99966578 0.02535549 -0.00504352
vn 0.99966578 0.02557242 -0.00379331
vn 0.99966578 0.02572774 -0.00253396
vn 0.99966578 0.02582109 -0.00126851
vn 0.99974443 0.02260703 -0.00000000
vn 0.99974443 0.02257980 0.00110927
vn 0.99974443 0.02249817 0.00221588
vn 0.99974443 0.02236234 0.00331714
vn 0.99974443 0.02217264 0.00441041
vn 0.99974443 0.02192952 0.00549306
vn 0.99974443 0.02163358 0.00656247
vn 0.99974443 0.02128551 0.00761608
vn 0.99974443 0.02088617 0.00865133
vn 0.99974443 0.02043651 0.00966575
vn 0.99974443 0.01993762 0.01065688
vn 0.99974443 0.01939069 0.01162233
vn 0.99974443 0.01879706 0.01255979
vn 0.99974443 0.01815813 0.01346699
vn 0.99974443 0.01747547 0.01434175
vn 0.99974443 0.01675070 0.01518195
vn 0.99974443 0.01598558 0.01598558
vn 0.99974443 0.01518195 0.01675070
vn 0.99974443 0.01434175 0.01747547
vn 0.99974443 0.01346699 0.01815813
vn 0.99974443 0.01255979 0.01879706
vn 0.99974443 0.01162233 0.01939069
vn 0.99974443 0.01065688 0.01993762
vn 0.99974443 0.00966575 0.02043651
vn 0.99974443 0.00865133 0.02088617
vn 0.99974443 0.00761608 0.02128551
vn 0.99974443 0.00656247 0.02163358
vn 0.99974443 0.00549306 0.02192952
vn 0.99974443 0.00441041 0.02217264
vn 0.99974443 0.00331714 0.02236234
vn 0.99974443 0.00221588 0.02249817
vn 0.99974443 0.00110927 0.02257980
vn 0.99974443 0.00000000 0.02260703
vn 0.99974443 -0.00110927 0.02257980
vn 0.99974443 -0.00221588 0.02249817
vn 0.99974443 -0.00331714 0.02236234
vn 0.99974443 -0.00441041 0.02217264
vn 0.99974443 -0.00549306 0.02192952
vn 0.99974443 -0.00656247 0.02163358
vn 0.99974443 -0.00761608 0.02128551
vn 0.99974443 -0.00865133 0.02088617
vn 0.99974443 -0.00966575 0.02043651
vn 0.99974443 -0.01065688 0.01993762
vn 0.99974443 -0.01162233 0.01939069
vn 0.99974443 -0.01255979 0.01879706
vn 0.99974443 -0.01346699 0.01815813
vn 0.99974443 -0.01434175 0.01747547
vn 0.99974443 -0.01518195 0.01675070
vn 0.99974443 -0.01598558 0.01598558
vn 0.99974443 -0.01675070 0.01518195
vn 0.99974443 -0.01747547 0.01434175
vn 0.99974443 -0.01815813 0.01346699
vn 0.99974443 -0.01879706 0.01255979
vn 0.99974443 -0.01939069 0.01162233
vn 0.99974443 -0.01993762 0.01065688
vn 0.99974443 -0.02043651 0.00966575
vn 0.99974443 -0.02088617 0.00865133
vn 0.99974443 -0.02128551 0.00761608
vn 0.99974443 -0.02163358 0.00656247
vn 0.99974443 -0.02192952 0.00549306
vn 0.99974443 -0.02217264 0.00441041
vn 0.99974443 -0.02236234 0.00331714
vn 0.99974443 -0.02249817 0.00221588
vn 0.99974443 -0.02257980 0.00110927
vn 0.99974443 -0.02260703 0.00000000
vn 0.99974443 -0.02257980 -0.00110927
vn 0.99974443 -0.02249817 -0.00221588
vn 0.99974443 -0.02236234 -0.00331714
vn 0.99974443 -0.02217264 -0.00441041
vn 0.99974443 -0.02192952 -0.00549306
vn 0.99974443 -0.02163358 -0.00656247
vn 0.99974443 -0.02128551 -0.00761608
vn 0.99974443 -0.02088617 -0.00865133
vn 0.99974443 -0.02043651 -0.00966575
vn 0.99974443 -0.01993762 -0.01065688
vn 0.99974443 -0.01939069 -0.01162233
vn 0.99974443 -0.01879706 -0.01255979
vn 0.99974443 -0.01815813 -0.01346699
vn 0.99974443 -0.01747547 -0.01434175
vn 0.99974443 -0.01675070 -0.01518195
vn 0.99974443 -0.01598558 -0.01598558
vn 0.99974443 -0.01518195 -0.01675070
vn 0.99974443 -0.01434175 -0.01747547
vn 0.99974443 -0.01346699 -0.01815813
vn 0.99974443 -0.01255979 -0.01879706
vn 0.99974443 -0.01162233 -0.01939069
vn 0.99974443 -0.01065688 -0.01993762
vn 0.99974443 -0.00966575 -0.02043651
vn 0.99974443 -0.00865133 -0.02088617
vn 0.99974443 -0.00761608 -0.02128551
vn 0.99974443 -0.00656247 -0.02163358
vn 0.99974443 -0.00549306 -0.02192952
vn 0.99974443 -0.00441041 -0.02217264
vn 0.99974443 -0.00331714 -0.02236234
vn 0.99974443 -0.00221588 -0.02249817
vn 0.99974443 -0.00110927 -0.02257980
vn 0.99974443 -0.00000000 -0.02260703
vn 0.99974443 0.00110927 -0.02257980
vn 0.99974443 0.00221588 -0.02249817
vn 0.99974443 0.00331714 -0.02236234
vn 0.99974443 0.00441041 -0.02217264
vn 0.99974443 0.00549306 -0.02192952
vn 0.99974443 0.00656247 -0.02163358
vn 0.99974443 0.00761608 -0.02128551
vn 0.99974443 0.00865133 -0.02088617
vn 0.99974443 0.00966575 -0.02043651
vn 0.99974443 0.01065688 -0.01993762
vn 0.99974443 0.01162233 -0.01939069
vn 0.99974443 0.01255979 -0.01879706
vn 0.99974443 0.01346699 -0.01815813
vn 0.99974443 0.01434175 -0.01747547
vn 0.99974443 0.01518195 -0.01675070
vn 0.99974443 0.01598558 -0.01598558
vn 0.99974443 0.01675070 -0.01518195
vn 0.99974443 0.01747547 -0.01434175
vn 0.99974443 0.01815813 -0.01346699
vn 0.99974443 0.01879706 -0.01255979
vn 0.99974443 0.01939069 -0.01162233
vn 0.99974443 0.01993762 -0.01065688
vn 0.99974443 0.02043651 -0.00966575
vn 0.99974443 0.02088617 -0.00865133
vn 0.99974443 0.02128551 -0.00761608
vn 0.99974443 0.02163358 -0.00656247
vn 0.99974443 0.02192952 -0.00549306
vn 0.99974443 0.02217264 -0.00441041
vn 0.99974443 0.02236234 -0.00331714
vn 0.99974443 0.02249817 -0.00221588
vn 0.99974443 0.02257980 -0.00110927
vn 0.99981241 0.01936857 0.00000000
vn 0.99981241 0.01934524 0.00095037
vn 0.99981241 0.01927531 0.00189845
vn 0.99981241 0.01915894 0.00284196
vn 0.99981241 0.01899641 0.00377862
vn 0.99981241 0.01878812 0.00470618
vn 0.99981241 0.01853457 0.00562240
vn 0.99981241 0.01823637 0.00652508
vn 0.99981241 0.01789423 0.00741203
vn 0.99981241 0.01750898 0.00828113
vn 0.99981241 0.01708156 0.00913028
vn 0.99981241 0.01661298 0.00995744
vn 0.99981241 0.01610438 0.01076060
vn 0.99981241 0.01555698 0.01153785
vn 0.99981241 0.01497211 0.01228729
vn 0.99981241 0.01435117 0.01300714
vn 0.99981241 0.01369565 0.01369565
vn 0.99981241 0.01300714 0.01435117
vn 0.99981241 0.01228729 0.01497211
vn 0.99981241 0.01153785 0.01555698
vn 0.99981241 0.01076060 0.01610438
vn 0.99981241 0.00995744 0.01661298
vn 0.99981241 0.00913028 0.01708156
vn 0.99981241 0.00828113 0.01750898
vn 0.99981241 0.00741203 0.01789423
vn 0.99981241 0.00652508 0.01823637
vn 0.99981241 0.00562240 0.01853457
vn 0.99981241 0.00470618 0.01878812
vn 0.99981241 0.00377862 0.01899641
vn 0.99981241 0.00284196 0.01915894
vn 0.99981241 0.00189845 0.01927531
vn 0.99981241 0.00095037 0.01934524
vn 0.99981241 -0.00000000 0.01936857
vn 0.99981241 -0.00095037 0.01934524
vn 0.99981241 -0.00189845 0.01927531
vn 0.99981241 -0.00284196 0.01915894
vn 0.99981241 -0.00377862 0.01899641
vn 0.99981241 -0.00470618 0.01878812
vn 0.99981241 -0.00562240 0.01853457
vn 0.99981241 -0.00652508 0.01823637
vn 0.99981241 -0.00741203 0.01789423
vn 0.99981241 -0.00828113 0.01750898
vn 0.99981241 -0.00913028 0.01708156
vn 0.99981241 -0.00995744 0.01661298
vn 0.99981241 -0.01076060 0.01610438
vn 0.99981241 -0.01153785 0.01555698
vn 0.99981241 -0.01228729 0.01497211
vn 0.99981241 -0.01300714 0.01435117
vn 0.99981241 -0.01369565 0.01369565
vn 0.99981241 -0.01435117 0.01300714
vn 0.99981241 -0.01497211 0.01228729
vn 0.99981241 -0.01555698 0.01153785
vn 0.99981241 -0.01610438 0.01076060
vn 0.99981241 -0.01661298 0.00995744
vn 0.99981241 -0.01708156 0.00913028
vn 0.99981241 -0.01750898 0.00828113
vn 0.99981241 -0.01789423 0.00741203
vn 0.99981241 -0.01823637 0.00652508
vn 0.99981241 -0.01853457 0.00562240
vn 0.99981241 -0.01878812 0.00470618
vn 0.99981241 -0.01899641 0.00377862
vn 0.99981241 -0.01915894 0.00284196
vn 0.99981241 -0.01927531 0.00189845
vn 0.99981241 -0.01934524 0.00095037
vn 0.99981241 -0.01936857 -0.00000000
vn 0.99981241 -0.01934524 -0.00095037
vn 0.99981241 -0.01927531 -0.00189845
vn 0.99981241 -0.01915894 -0.00284196
vn 0.99981241 -0.01899641 -0.00377862
vn 0.99981241 -0.01878812 -0.00470618
vn 0.99981241 -0.01853457 -0.00562240
vn 0.99981241 -0.01823637 -0.00652508
vn 0.99981241 -0.01789423 -0.00741203
vn 0.99981241 -0.01750898 -0.00828113
vn 0.99981241 -0.01708156 -0.00913028
vn 0.99981241 -0.01661298 -0.00995744
vn 0.99981241 -0.01610438 -0.01076060
vn 0.99981241 -0.01555698 -0.01153785
vn 0.99981241 -0.01497211 -0.01228729
vn 0.99981241 -0.01435117 -0.01300714
vn 0.99981241 -0.01369565 -0.01369565
vn 0.99981241 -0.01300714 -0.01435117
vn 0.99981241 -0.01228729 -0.01497211
vn 0.99981241 -0.01153785 -0.01555698
vn 0.99981241 -0.01076060 -0.01610438
vn 0.99981241 -0.00995744 -0.01661298
vn 0.99981241 -0.00913028 -0.01708156
vn 0.99981241 -0.00828113 -0.01750898
vn 0.99981241 -0.00741203 -0.01789423
vn 0.99981241 -0.00652508 -0.01823637
vn 0.99981241 -0.00562240 -0.01853457
vn 0.99981241 -0.00470618 -0.01878812
vn 0.99981241 -0.00377862 -0.01899641
vn 0.99981241 -0.00284196 -0.01915894
vn 0.99981241 -0.00189845 -0.01927531
vn 0.99981241 -0.00095037 -0.01934524
vn 0.99981241 0.00000000 -0.01936857
vn 0.99981241 0.00095037 -0.01934524
vn 0.99981241 0.00189845 -0.01927531
vn 0.99981241 0.00284196 -0.01915894
vn 0.99981241 0.00377862 -0.01899641
vn 0.99981241 0.00470618 -0.01878812
vn 0.99981241 0.00562240 -0.01853457
vn 0.99981241 0.00652508 -0.01823637
vn 0.99981241 0.00741203 -0.01789423
vn 0.99981241 0.00828113 -0.01750898
vn 0.99981241 0.00913028 -0.01708156
vn 0.99981241 0.00995744 -0.01661298
vn 0.99981241 0.01076060 -0.01610438
vn 0.99981241 0.01153785 -0.01555698
vn 0.99981241 0.01228729 -0.01497211
vn 0.99981241 0.01300714 -0.01435117
vn 0.99981241 0.01369565 -0.01369565
vn 0.99981241 0.01435117 -0.01300714
vn 0.99981241 0.01497211 -0.01228729
vn 0.99981241 0.01555698 -0.01153785
vn 0.99981241 0.01610438 -0.01076060
vn 0.99981241 0.01661298 -0.00995744
vn 0.99981241 0.01708156 -0.00913028
vn 0.99981241 0.01750898 -0.00828113
vn 0.99981241 0.01789423 -0.00741203
vn 0.99981241 0.01823637 -0.00652508
vn 0.99981241 0.01853457 -0.00562240
vn 0.99981241 0.01878812 -0.00470618
vn 0.99981241 0.01899641 -0.00377862
vn 0.99981241 0.01915894 -0.00284196
vn 0.99981241 0.01927531 -0.00189845
vn 0.99981241 0.01934524 -0.00095037
vn 0.99986981 0.01613589 -0.00000000
vn 0.99986981 0.01611645 0.00079175
vn 0.99986981 0.01605819 0.00158159
vn 0.99986981 0.01596124 0.00236763
vn 0.99986981 0.01582584 0.00314796
vn 0.99986981 0.01565232 0.00392070
vn 0.99986981 0.01544108 0.00468400
vn 0.99986981 0.01519265 0.00543602
vn 0.99986981 0.01490762 0.00617494
vn 0.99986981 0.01458667 0.00689898
vn 0.99986981 0.01423058 0.00760641
vn 0.99986981 0.01384021 0.00829551
vn 0.99986981 0.01341650 0.00896462
vn 0.99986981 0.01296047 0.00961214
vn 0.99986981 0.01247321 0.01023650
vn 0.99986981 0.01195591 0.01083620
vn 0.99986981 0.01140980 0.01140980
vn 0.99986981 0.01083620 0.01195591
vn 0.99986981 0.01023650 0.01247321
vn 0.99986981 0.00961214 0.01296047
vn 0.99986981 0.00896462 0.01341650
vn 0.99986981 0.00829551 0.01384021
vn 0.99986981 0.00760641 0.01423058
vn 0.99986981 0.00689898 0.01458667
vn 0.99986981 0.00617494 0.01490762
vn 0.99986981 0.00543602 0.01519265
vn 0.99986981 0.00468400 0.01544108
vn 0.99986981 0.00392070 0.01565232
vn 0.99986981 0.00314796 0.01582584
vn 0.99986981 0.00236763 0.01596124
vn 0.99986981 0.00158159 0.01605819
vn 0.99986981 0.00079175 0.01611645
vn 0.99986981 0.00000000 0.01613589
vn 0.99986981 -0.00079175 0.01611645
vn 0.99986981 -0.00158159 0.01605819
vn 0.99986981 -0.00236763 0.01596124
vn 0.99986981 -0.00314796 0.01582584
vn 0.99986981 -0.00392070 0.01565232
vn 0.99986981 -0.00468400 0.01544108
vn 0.99986981 -0.00543602 0.01519265
vn 0.99986981 -0.00617494 0.01490762
vn 0.99986981 -0.00689898 0.01458667
vn 0.99986981 -0.00760641 0.01423058
vn 0.99986981 -0.00829551 0.01384021
vn 0.99986981 -0.00896462 0.01341650
vn 0.99986981 -0.00961214 0.01296047
vn 0.99986981 -0.01023650 0.01247321
vn 0.99986981 -0.01083620 0.01195591
vn 0.99986981 -0.01140980 0.01140980
vn 0.99986981 -0.01195591 0.01083620
vn 0.99986981 -0.01247321 0.01023650
vn 0.99986981 -0.01296047 0.00961214
vn 0.99986981 -0.01341650 0.00896462
vn 0.99986981 -0.01384021 0.00829551
vn 0.99986981 -0.01423058 0.00760641
vn 0.99986981 -0.01458667 0.00689898
vn 0.99986981 -0.01490762 0.00617494
vn 0.99986981 -0.01519265 0.00543602
vn 0.99986981 -0.01544108 0.00468400
vn 0.99986981 -0.01565232 0.00392070
vn 0.99986981 -0.01582584 0.00314796
vn 0.99986981 -0.01596124 0.00236763
vn 0.99986981 -0.01605819 0.00158159
vn 0.99986981 -0.01611645 0.00079175
vn 0.99986981 -0.01613589 0.00000000
vn 0.99986981 -0.01611645 -0.00079175
vn 0.99986981 -0.01605819 -0.00158159
vn 0.99986981 -0.01596124 -0.00236763
vn 0.99986981 -0.01582584 -0.00314796
vn 0.99986981 -0.01565232 -0.00392070
vn 0.99986981 -0.01544108 -0.00468400
vn 0.99986981 -0.01519265 -0.00543602
vn 0.99986981 -0.01490762 -0.00617494
vn 0.99986981 -0.01458667 -0.00689898
vn 0.99986981 -0.01423058 -0.00760641
vn 0.99986981 -0.01384021 -0.00829551
vn 0.99986981 -0.01341650 -0.00896462
vn 0.99986981 -0.01296047 -0.00961214
vn 0.99986981 -0.01247321 -0.01023650
vn 0.99986981 -0.01195591 -0.01083620
vn 0.99986981 -0.01140980 -0.01140980
vn 0.99986981 -0.01083620 -0.01195591
vn 0.99986981 -0.01023650 -0.01247321
vn 0.99986981 -0.00961214 -0.01296047
vn 0.99986981 -0.00896462 -0.01341650
vn 0.99986981 -0.00829551 -0.01384021
vn 0.99986981 -0.00760641 -0.01423058
vn 0.99986981 -0.00689898 -0.01458667
vn 0.99986981 -0.00617494 -0.01490762
vn 0.99986981 -0.00543602 -0.01519265
vn 0.99986981 -0.00468400 -0.01544108
vn 0.99986981 -0.00392070 -0.01565232
vn 0.99986981 -0.00314796 -0.01582584
vn 0.99986981 -0.00236763 -0.01596124
vn 0.99986981 -0.00158159 -0.01605819
vn 0.99986981 -0.00079175 -0.01611645
vn 0.99986981 -0.00000000 -0.01613589
vn 0.99986981 0.00079175 -0.01611645
vn 0.99986981 0.00158159 -0.01605819
vn 0.99986981 0.00236763 -0.01596124
vn 0.99986981 0.00314796 -0.01582584
vn 0.99986981 0.00392070 -0.01565232
vn 0.99986981 0.00468400 -0.01544108
vn 0.99986981 0.00543602 -0.01519265
vn 0.99986981 0.00617494 -0.01490762
vn 0.99986981 0.00689898 -0.01458667
vn 0.99986981 0.00760641 -0.01423058
vn 0.99986981 0.00829551 -0.01384021
vn 0.99986981 0.00896462 -0.01341650
vn 0.99986981 0.00961214 -0.01296047
vn 0.99986981 0.01023650 -0.01247321
vn 0.99986981 0.01083620 -0.01195591
vn 0.99986981 0.01140980 -0.01140980
vn 0.99986981 0.01195591 -0.01083620
vn 0.99986981 0.01247321 -0.01023650
vn 0.99986981 0.01296047 -0.00961214
vn 0.99986981 0.01341650 -0.00896462
vn 0.99986981 0.01384021 -0.00829551
vn 0.99986981 0.01423058 -0.00760641
vn 0.99986981 0.01458667 -0.00689898
vn 0.99986981 0.01490762 -0.00617494
vn 0.99986981 0.01519265 -0.00543602
vn 0.99986981 0.01544108 -0.00468400
vn 0.99986981 0.01565232 -0.00392070
vn 0.99986981 0.01582584 -0.00314796
vn 0.99986981 0.01596124 -0.00236763
vn 0.99986981 0.01605819 -0.00158159
vn 0.99986981 0.01611645 -0.00079175
vn 0.99991669 0.01290800 0.00000000
vn 0.99991669 0.01289245 0.00063337
vn 0.99991669 0.01284584 0.00126521
vn 0.99991669 0.01276829 0.00189400
vn 0.99991669 0.01265998 0.00251823
vn 0.99991669 0.01252116 0.00313639
vn 0.99991669 0.01235219 0.00374699
vn 0.99991669 0.01215345 0.00434857
vn 0.99991669 0.01192544 0.00493968
vn 0.99991669 0.01166869 0.00551888
vn 0.99991669 0.01138384 0.00608479
vn 0.99991669 0.01107156 0.00663604
vn 0.99991669 0.01073261 0.00717130
vn 0.99991669 0.01036780 0.00768929
vn 0.99991669 0.00997802 0.00818875
vn 0.99991669 0.00956420 0.00866848
vn 0.99991669 0.00912733 0.00912733
vn 0.99991669 0.00866848 0.00956420
vn 0.99991669 0.00818875 0.00997802
vn 0.99991669 0.00768929 0.01036780
vn 0.99991669 0.00717130 0.01073261
vn 0.99991669 0.00663604 0.01107156
vn 0.99991669 0.00608479 0.01138384
vn 0.99991669 0.00551888 0.01166869
vn 0.99991669 0.00493968 0.01192544
vn 0.99991669 0.00434857 0.01215345
vn 0.99991669 0.00374699 0.01235219
vn 0.99991669 0.00313639 0.01252116
vn 0.99991669 0.00251823 0.01265998
vn 0.99991669 0.00189400 0.01276829
vn 0.99991669 0.00126521 0.01284584
vn 0.99991669 0.00063337 0.01289245
vn 0.99991669 -0.00000000 0.01290800
vn 0.99991669 -0.00063337 0.01289245
vn 0.99991669 -0.00126521 0.01284584
vn 0.99991669 -0.00189400 0.01276829
vn 0.99991669 -0.00251823 0.01265998
vn 0.99991669 -0.00313639 0.01252116
vn 0.99991669 -0.00374699 0.01235219
vn 0.99991669 -0.00434857 0.01215345
vn 0.99991669 -0.00493968 0.01192544
vn 0.99991669 -0.00551888 0.01166869
vn 0.99991669 -0.00608479 0.01138384
vn 0.99991669 -0.00663604 0.01107156
vn 0.99991669 -0.00717130 0.01073261
vn 0.99991669 -0.00768929 0.01036780
vn 0.99991669 -0.00818875 0.00997802
vn 0.99991669 -0.00866848 0.00956420
vn 0.99991669 -0.00912733 0.00912733
vn 0.99991669 -0.00956420 0.00866848
vn 0.99991669 -0.00997802 0.00818875
vn 0.99991669 -0.01036780 0.00768929
vn 0.99991669 -0.01073261 0.00717130
vn 0.99991669 -0.01107156 0.00663604
vn 0.99991669 -0.01138384 0.00608479
vn 0.99991669 -0.01166869 0.00551888
vn 0.99991669 -0.01192544 0.00493968
vn 0.99991669 -0.01215345 0.00434857
vn 0.99991669 -0.01235219 0.00374699
vn 0.99991669 -0.01252116 0.00313639
vn 0.99991669 -0.01265998 0.00251823
vn 0.99991669 -0.01276829 0.00189400
vn 0.99991669 -0.01284584 0.00126521
vn 0.99991669 -0.01289245 0.00063337
vn 0.99991669 -0.01290800 -0.00000000
vn 0.99991669 -0.01289245 -0.00063337
vn 0.99991669 -0.01284584 -0.00126521
vn 0.99991669 -0.01276829 -0.00189400
vn 0.99991669 -0.01265998 -0.00251823
vn 0.99991669 -0.01252116 -0.00313639
vn 0.99991669 -0.01235219 -0.00374699
vn 0.99991669 -0.01215345 -0.00434857
vn 0.99991669 -0.01192544 -0.00493968
vn 0.99991669 -0.01166869 -0.00551888
vn 0.99991669 -0.01138384 -0.00608479
vn 0.99991669 -0.01107156 -0.00663604
vn 0.99991669 -0.01073261 -0.00717130
vn 0.99991669 -0.01036780 -0.00768929
vn 0.99991669 -0.00997802 -0.00818875
vn 0.99991669 -0.00956420 -0.00866848
vn 0.99991669 -0.00912733 -0.00912733
vn 0.99991669 -0.00866848 -0.00956420
vn 0.99991669 -0.00818875 -0.00997802
vn 0.99991669 -0.00768929 -0.01036780
vn 0.99991669 -0.00717130 -0.01073261
vn 0.99991669 -0.00663604 -0.01107156
vn 0.99991669 -0.00608479 -0.01138384
vn 0.99991669 -0.00551888 -0.01166869
vn 0.99991669 -0.00493968 -0.01192544
vn 0.99991669 -0.00434857 -0.01215345
vn 0.99991669 -0.00374699 -0.01235219
vn 0.99991669 -0.00313639 -0.01252116
vn 0.99991669 -0.00251823 -0.01265998
vn 0.99991669 -0.00189400 -0.01276829
vn 0.99991669 -0.00126521 -0.01284584
vn 0.99991669 -0.00063337 -0.01289245
vn 0.99991669 0.00000000 -0.01290800
vn 0.99991669 0.00063337 -0.01289245
vn 0.99991669 0.00126521 -0.01284584
vn 0.99991669 0.00189400 -0.01276829
vn 0.99991669 0.00251823 -0.01265998
vn 0.99991669 0.00313639 -0.01252116
vn 0.99991669 0.00374699 -0.01235219
vn 0.99991669 0.00434857 -0.01215345
vn 0.99991669 0.00493968 -0.01192544
vn 0.99991669 0.00551888 -0.01166869
vn 0.99991669 0.00608479 -0.01138384
vn 0.99991669 0.00663604 -0.01107156
vn 0.99991669 0.00717130 -0.01073261
vn 0.99991669 0.00768929 -0.01036780
vn 0.99991669 0.00818875 -0.00997802
vn 0.99991669 0.00866848 -0.00956420
vn 0.99991669 0.00912733 -0.00912733
vn 0.99991669 0.00956420 -0.00866848
vn 0.99991669 0.00997802 -0.00818875
vn 0.99991669 0.01036780 -0.00768929
vn 0.99991669 0.01073261 -0.00717130
vn 0.99991669 0.01107156 -0.00663604
vn 0.99991669 0.01138384 -0.00608479
vn 0.99991669 0.01166869 -0.00551888
vn 0.99991669 0.01192544 -0.00493968
vn 0.99991669 0.01215345 -0.00434857
vn 0.99991669 0.01235219 -0.00374699
vn 0.99991669 0.01252116 -0.00313639
vn 0.99991669 0.01265998 -0.00251823
vn 0.99991669 0.01276829 -0.00189400
vn 0.99991669 0.01284584 -0.00126521
vn 0.99991669 0.01289245 -0.00063337
vn 0.99995311 0.00968394 -0.00000000
vn 0.99995311 0.00967227 0.00047517
vn 0.99995311 0.00963731 0.00094919
vn 0.99995311 0.00957912 0.00142093
vn 0.99995311 0.00949786 0.00188924
vn 0.99995311 0.00939372 0.00235300
vn 0.99995311 0.00926695 0.00281110
vn 0.99995311 0.00911785 0.00326242
vn 0.99995311 0.00894679 0.00370588
vn 0.99995311 0.00875418 0.00414042
vn 0.99995311 0.00854047 0.00456498
vn 0.99995311 0.00830619 0.00497854
vn 0.99995311 0.00805190 0.00538011
vn 0.99995311 0.00777821 0.00576871
vn 0.99995311 0.00748579 0.00614343
vn 0.99995311 0.00717532 0.00650334
vn 0.99995311 0.00684758 0.00684758
vn 0.99995311 0.00650334 0.00717532
vn 0.99995311 0.00614343 0.00748579
vn 0.99995311 0.00576871 0.00777821
vn 0.99995311 0.00538011 0.00805190
vn 0.99995311 0.00497854 0.00830619
vn 0.99995311 0.00456498 0.00854047
vn 0.99995311 0.00414042 0.00875418
vn 0.99995311 0.00370588 0.00894679
vn 0.99995311 0.00326242 0.00911785
vn 0.99995311 0.00281110 0.00926695
vn 0.99995311 0.00235300 0.00939372
vn 0.99995311 0.00188924 0.00949786
vn 0.99995311 0.00142093 0.00957912
vn 0.99995311 0.00094919 0.00963731
vn 0.99995311 0.00047517 0.00967227
vn 0.99995311 0.00000000 0.00968394
vn 0.99995311 -0.00047517 0.00967227
vn 0.99995311 -0.00094919 0.00963731
vn 0.99995311 -0.00142093 0.00957912
vn 0.99995311 -0.00188924 0.00949786
vn 0.99995311 -0.00235300 0.00939372
vn 0.99995311 -0.00281110 0.00926695
vn 0.99995311 -0.00326242 0.00911785
vn 0.99995311 -0.00370588 0.00894679
vn 0.99995311 -0.00414042 0.00875418
vn 0.99995311 -0.00456498 0.00854047
vn 0.99995311 -0.00497854 0.00830619
vn 0.99995311 -0.00538011 0.00805190
vn 0.99995311 -0.00576871 0.00777821
vn 0.99995311 -0.00614343 0.00748579
vn 0.99995311 -0.00650334 0.00717532
vn 0.99995311 -0.00684758 0.00684758
vn 0.99995311 -0.00717532 0.00650334
vn 0.99995311 -0.00748579 0.00614343
vn 0.99995311 -0.00777821 0.00576871
vn 0.99995311 -0.00805190 0.00538011
vn 0.99995311 -0.00830619 0.00497854
vn 0.99995311 -0.00854047 0.00456498
vn 0.99995311 -0.00875418 0.00414042
vn 0.99995311 -0.00894679 0.00370588
vn 0.99995311 -0.00911785 0.00326242
vn 0.99995311 -0.00926695 0.00281110
vn 0.99995311 -0.00939372 0.00235300
vn 0.99995311 -0.00949786 0.00188924
vn 0.99995311 -0.00957912 0.00142093
vn 0.99995311 -0.00963731 0.00094919
vn 0.99995311 -0.00967227 0.00047517
vn 0.99995311 -0.00968394 0.00000000
vn 0.99995311 -0.00967227 -0.00047517
vn 0.99995311 -0.00963731 -0.00094919
vn 0.99995311 -0.00957912 -0.00142093
vn 0.99995311 -0.00949786 -0.00188924
vn 0.99995311 -0.00939372 -0.00235300
vn 0.99995311 -0.00926695 -0.00281110
vn 0.99995311 -0.00911785 -0.00326242
vn 0.99995311 -0.00894679 -0.00370588
vn 0.99995311 -0.00875418 -0.00414042
vn 0.99995311 -0.00854047 -0.00456498
vn 0.99995311 -0.00830619 -0.00497854
vn 0.99995311 -0.00805190 -0.00538011
vn 0.99995311 -0.00777821 -0.00576871
vn 0.99995311 -0.00748579 -0.00614343
vn 0.99995311 -0.00717532 -0.00650334
vn 0.99995311 -0.00684758 -0.00684758
vn 0.99995311 -0.00650334 -0.00717532
vn 0.99995311 -0.00614343 -0.00748579
vn 0.99995311 -0.00576871 -0.00777821
vn 0.99995311 -0.00538011 -0.00805190
vn 0.99995311 -0.00497854 -0.00830619
vn 0.99995311 -0.00456498 -0.00854047
vn 0.99995311 -0.00414042 -0.00875418
vn 0.99995311 -0.00370588 -0.00894679
vn 0.99995311 -0.00326242 -0.00911785
vn 0.99995311 -0.00281110 -0.00926695
vn 0.99995311 -0.00235300 -0.00939372
vn 0.99995311 -0.00188924 -0.00949786
vn 0.99995311 -0.00142093 -0.00957912
vn 0.99995311 -0.00094919 -0.00963731
vn 0.99995311 -0.00047517 -0.00967227
vn 0.99995311 -0.00000000 -0.00968394
vn 0.99995311 0.00047517 -0.00967227
vn 0.99995311 0.00094919 -0.00963731
vn 0.99995311 0.00142093 -0.00957912
vn 0.99995311 0.00188924 -0.00949786
vn 0.99995311 0.00235300 -0.00939372
vn 0.99995311 0.00281110 -0.00926695
vn 0.99995311 0.00326242 -0.00911785
vn 0.99995311 0.00370588 -0.00894679
vn 0.99995311 0.00414042 -0.00875418
vn 0.99995311 0.00456498 -0.00854047
vn 0.99995311 0.00497854 -0.00830619
vn 0.99995311 0.00538011 -0.00805190
vn 0.99995311 0.00576871 -0.00777821
vn 0.99995311 0.00614343 -0.00748579
vn 0.99995311 0.00650334 -0.00717532
vn 0.99995311 0.00684758 -0.00684758
vn 0.99995311 0.00717532 -0.00650334
vn 0.99995311 0.00748579 -0.00614343
vn 0.99995311 0.00777821 -0.00576871
vn 0.99995311 0.00805190 -0.00538011
vn 0.99995311 0.00830619 -0.00497854
vn 0.99995311 0.00854047 -0.00456498
vn 0.99995311 0.00875418 -0.00414042
vn 0.99995311 0.00894679 -0.00370588
vn 0.99995311 0.00911785 -0.00326242
vn 0.99995311 0.00926695 -0.00281110
vn 0.99995311 0.00939372 -0.00235300
vn 0.99995311 0.00949786 -0.00188924
vn 0.99995311 0.00957912 -0.00142093
vn 0.99995311 0.00963731 -0.00094919
vn 0.99995311 0.00967227 -0.00047517
vn 0.99997912 0.00646274 0.00000000
vn 0.99997912 0.00645496 0.00031711
vn 0.99997912 0.00643162 0.00063346
vn 0.99997912 0.00639280 0.00094828
vn 0.99997912 0.00633856 0.00126082
vn 0.99997912 0.00626906 0.00157032
vn 0.99997912 0.00618446 0.00187604
vn 0.99997912 0.00608496 0.00217723
vn 0.99997912 0.00597080 0.00247319
vn 0.99997912 0.00584225 0.00276318
vn 0.99997912 0.00569963 0.00304652
vn 0.99997912 0.00554328 0.00332251
vn 0.99997912 0.00537358 0.00359051
vn 0.99997912 0.00519093 0.00384985
vn 0.99997912 0.00499577 0.00409992
vn 0.99997912 0.00478858 0.00434011
vn 0.99997912 0.00456985 0.00456985
vn 0.99997912 0.00434011 0.00478858
vn 0.99997912 0.00409992 0.00499577
vn 0.99997912 0.00384985 0.00519093
vn 0.99997912 0.00359051 0.00537358
vn 0.99997912 0.00332251 0.00554328
vn 0.99997912 0.00304652 0.00569963
vn 0.99997912 0.00276318 0.00584225
vn 0.99997912 0.00247319 0.00597080
vn 0.99997912 0.00217723 0.00608496
vn 0.99997912 0.00187604 0.00618446
vn 0.99997912 0.00157032 0.00626906
vn 0.99997912 0.00126082 0.00633856
vn 0.99997912 0.00094828 0.00639280
vn 0.99997912 0.00063346 0.00643162
vn 0.99997912 0.00031711 0.00645496
vn 0.99997912 -0.00000000 0.00646274
vn 0.99997912 -0.00031711 0.00645496
vn 0.99997912 -0.00063346 0.00643162
vn 0.99997912 -0.00094828 0.00639280
vn 0.99997912 -0.00126082 0.00633856
vn 0.99997912 -0.00157032 0.00626906
vn 0.99997912 -0.00187604 0.00618446
vn 0.99997912 -0.00217723 0.00608496
vn 0.99997912 -0.00247319 0.00597080
vn 0.99997912 -0.00276318 0.00584225
vn 0.99997912 -0.00304652 0.00569963
vn 0.99997912 -0.00332251 0.00554328
vn 0.99997912 -0.00359051 0.00537358
vn 0.99997912 -0.00384985 0.00519093
vn 0.99997912 -0.00409992 0.00499577
vn 0.99997912 -0.00434011 0.00478858
vn 0.99997912 -0.00456985 0.00456985
vn 0.99997912 -0.00478858 0.00434011
vn 0.99997912 -0.00499577 0.00409992
vn 0.99997912 -0.00519093 0.00384985
vn 0.99997912 -0.00537358 0.00359051
vn 0.99997912 -0.00554328 0.00332251
vn 0.99997912 -0.00569963 0.00304652
vn 0.99997912 -0.00584225 0.00276318
vn 0.99997912 -0.00597080 0.00247319
vn 0.99997912 -0.00608496 0.00217723
vn 0.99997912 -0.00618446 0.00187604
vn 0.99997912 -0.00626906 0.00157032
vn 0.99997912 -0.00633856 0.00126082
vn 0.99997912 -0.00639280 0.00094828
vn 0.99997912 -0.00643162 0.00063346
vn 0.99997912 -0.00645496 0.00031711
vn 0.99997912 -0.00646274 -0.00000000
vn 0.99997912 -0.00645496 -0.00031711
vn 0.99997912 -0.00643162 -0.00063346
vn 0.99997912 -0.00639280 -0.00094828
vn 0.99997912 -0.00633856 -0.00126082
vn 0.99997912 -0.00626906 -0.00157032
vn 0.99997912 -0.00618446 -0.00187604
vn 0.99997912 -0.00608496 -0.00217723
vn 0.99997912 -0.00597080 -0.00247319
vn 0.99997912 -0.00584225 -0.00276318
vn 0.99997912 -0.00569963 -0.00304652
vn 0.99997912 -0.00554328 -0.00332251
vn 0.99997912 -0.00537358 -0.00359051
vn 0.99997912 -0.00519093 -0.00384985
vn 0.99997912 -0.00499577 -0.00409992
vn 0.99997912 -0.00478858 -0.00434011
vn 0.99997912 -0.00456985 -0.00456985
vn 0.99997912 -0.00434011 -0.00478858
vn 0.99997912 -0.00409992 -0.00499577
vn 0.99997912 -0.00384985 -0.00519093
vn 0.99997912 -0.00359051 -0.00537358
vn 0.99997912 -0.00332251 -0.00554328
vn 0.99997912 -0.00304652 -0.00569963
vn 0.99997912 -0.00276318 -0.00584225
vn 0.99997912 -0.00247319 -0.00597080
vn 0.99997912 -0.00217723 -0.00608496
vn 0.99997912 -0.00187604 -0.00618446
vn 0.99997912 -0.00157032 -0.00626906
vn 0.99997912 -0.00126082 -0.00633856
vn 0.99997912 -0.00094828 -0.00639280
vn 0.99997912 -0.00063346 -0.00643162
vn 0.99997912 -0.00031711 -0.00645496
vn 0.99997912 0.00000000 -0.00646274
vn 0.99997912 0.00031711 -0.00645496
vn 0.99997912 0.00063346 -0.00643162
vn 0.99997912 0.00094828 -0.00639280
vn 0.99997912 0.00126082 -0.00633856
vn 0.99997912 0.00157032 -0.00626906
vn 0.99997912 0.00187604 -0.00618446
vn 0.99997912 0.00217723 -0.00608496
vn 0.99997912 0.00247319 -0.00597080
vn 0.99997912 0.00276318 -0.00584225
vn 0.99997912 0.00304652 -0.00569963
vn 0.99997912 0.00332251 -0.00554328
vn 0.99997912 0.00359051 -0.00537358
vn 0.99997912 0.00384985 -0.00519093
vn 0.99997912 0.00409992 -0.00499577
vn 0.99997912 0.00434011 -0.00478858
vn 0.99997912 0.00456985 -0.00456985
vn 0.99997912 0.00478858 -0.00434011
vn 0.99997912 0.00499577 -0.00409992
vn 0.99997912 0.00519093 -0.00384985
vn 0.99997912 0.00537358 -0.00359051
vn 0.99997912 0.00554328 -0.00332251
vn 0.99997912 0.00569963 -0.00304652
vn 0.99997912 0.00584225 -0.00276318
vn 0.99997912 0.00597080 -0.00247319
vn 0.99997912 0.00608496 -0.00217723
vn 0.99997912 0.00618446 -0.00187604
vn 0.99997912 0.00626906 -0.00157032
vn 0.99997912 0.00633856 -0.00126082
vn 0.99997912 0.00639280 -0.00094828
vn 0.99997912 0.00643162 -0.00063346
vn 0.99997912 0.00645496 -0.00031711
vn 0.99999474 0.00324346 0.00000000
vn 0.99999474 0.00323956 0.00015915
vn 0.99999474 0.00322785 0.00031792
vn 0.99999474 0.00320836 0.00047591
vn 0.99999474 0.00318114 0.00063277
vn 0.99999474 0.00314626 0.00078810
vn 0.99999474 0.00310380 0.00094153
vn 0.99999474 0.00305386 0.00109269
vn 0.99999474 0.00299657 0.00124122
vn 0.99999474 0.00293206 0.00138676
vn 0.99999474 0.00286048 0.00152896
vn 0.99999474 0.00278201 0.00166747
vn 0.99999474 0.00269684 0.00180197
vn 0.99999474 0.00260517 0.00193213
vn 0.99999474 0.00250723 0.00205763
vn 0.99999474 0.00240325 0.00217818
vn 0.99999474 0.00229347 0.00229347
vn 0.99999474 0.00217818 0.00240325
vn 0.99999474 0.00205763 0.00250723
vn 0.99999474 0.00193213 0.00260517
vn 0.99999474 0.00180197 0.00269684
vn 0.99999474 0.00166747 0.00278201
vn 0.99999474 0.00152896 0.00286048
vn 0.99999474 0.00138676 0.00293206
vn 0.99999474 0.00124122 0.00299657
vn 0.99999474 0.00109269 0.00305386
vn 0.99999474 0.00094153 0.00310380
vn 0.99999474 0.00078810 0.00314626
vn 0.99999474 0.00063277 0.00318114
vn 0.99999474 0.00047591 0.00320836
vn 0.99999474 0.00031792 0.00322785
vn 0.99999474 0.00015915 0.00323956
vn 0.99999474 -0.00000000 0.00324346
vn 0.99999474 -0.00015915 0.00323956
vn 0.99999474 -0.00031792 0.00322785
vn 0.99999474 -0.00047591 0.00320836
vn 0.99999474 -0.00063277 0.00318114
vn 0.99999474 -0.00078810 0.00314626
vn 0.99999474 -0.00094153 0.00310380
vn 0.99999474 -0.00109269 0.00305386
vn 0.99999474 -0.00124122 0.00299657
vn 0.99999474 -0.00138676 0.00293206
vn 0.99999474 -0.00152896 0.00286048
vn 0.99999474 -0.00166747 0.00278201
vn 0.99999474 -0.00180197 0.00269684
vn 0.99999474 -0.00193213 0.00260517
vn 0.99999474 -0.00205763 0.00250723
vn 0.99999474 -0.00217818 0.00240325
vn 0.99999474 -0.00229347 0.00229347
vn 0.99999474 -0.00240325 0.00217818
vn 0.99999474 -0.00250723 0.00205763
vn 0.99999474 -0.00260517 0.00193213
vn 0.99999474 -0.00269684 0.00180197
vn 0.99999474 -0.00278201 0.00166747
vn 0.99999474 -0.00286048 0.00152896
vn 0.99999474 -0.00293206 0.00138676
vn 0.99999474 -0.00299657 0.00124122
vn 0.99999474 -0.00305386 0.00109269
vn 0.99999474 -0.00310380 0.00094153
vn 0.99999474 -0.00314626 0.00078810
vn 0.99999474 -0.00318114 0.00063277
vn 0.99999474 -0.00320836 0.00047591
vn 0.99999474 -0.00322785 0.00031792
vn 0.99999474 -0.00323956 0.00015915
vn 0.99999474 -0.00324346 -0.00000000
vn 0.99999474 -0.00323956 -0.00015915
vn 0.99999474 -0.00322785 -0.00031792
vn 0.99999474 -0.00320836 -0.00047591
vn 0.99999474 -0.00318114 -0.00063277
vn 0.99999474 -0.00314626 -0.00078810
vn 0.99999474 -0.00310380 -0.00094153
vn 0.99999474 -0.00305386 -0.00109269
vn 0.99999474 -0.00299657 -0.00124122
vn 0.99999474 -0.00293206 -0.00138676
vn 0.99999474 -0.00286048 -0.00152896
vn 0.99999474 -0.00278201 -0.00166747
vn 0.99999474 -0.00269684 -0.00180197
vn 0.99999474 -0.00260517 -0.00193213
vn 0.99999474 -0.00250723 -0.00205763
vn 0.99999474 -0.00240325 -0.00217818
vn 0.99999474 -0.00229347 -0.00229347
vn 0.99999474 -0.00217818 -0.00240325
vn 0.99999474 -0.00205763 -0.00250723
vn 0.99999474 -0.00193213 -0.00260517
vn 0.99999474 -0.00180197 -0.00269684
vn 0.99999474 -0.00166747 -0.00278201
vn 0.99999474 -0.00152896 -0.00286048
vn 0.99999474 -0.00138676 -0.00293206
vn 0.99999474 -0.00124122 -0.00299657
vn 0.99999474 -0.00109269 -0.00305386
vn 0.99999474 -0.00094153 -0.00310380
vn 0.99999474 -0.00078810 -0.00314626
vn 0.99999474 -0.00063277 -0.00318114
vn 0.99999474 -0.00047591 -0.00320836
vn 0.99999474 -0.00031792 -0.00322785
vn 0.99999474 -0.00015915 -0.00323956
vn 0.99999474 0.00000000 -0.00324346
vn 0.99999474 0.00015915 -0.00323956
vn 0.99999474 0.00031792 -0.00322785
vn 0.99999474 0.00047591 -0.00320836
vn 0.99999474 0.00063277 -0.00318114
vn 0.99999474 0.00078810 -0.00314626
vn 0.99999474 0.00094153 -0.00310380
vn 0.99999474 0.00109269 -0.00305386
vn 0.99999474 0.00124122 -0.00299657
vn 0.99999474 0.00138676 -0.00293206
vn 0.99999474 0.00152896 -0.00286048
vn 0.99999474 0.00166747 -0.00278201
vn 0.99999474 0.00180197 -0.00269684
vn 0.99999474 0.00193213 -0.00260517
vn 0.99999474 0.00205763 -0.00250723
vn 0.99999474 0.00217818 -0.00240325
vn 0.99999474 0.00229347 -0.00229347
vn 0.99999474 0.00240325 -0.00217818
vn 0.99999474 0.00250723 -0.00205763
vn 0.99999474 0.00260517 -0.00193213
vn 0.99999474 0.00269684 -0.00180197
vn 0.99999474 0.00278201 -0.00166747
vn 0.99999474 0.00286048 -0.00152896
vn 0.99999474 0.00293206 -0.00138676
vn 0.99999474 0.00299657 -0.00124122
vn 0.99999474 0.00305386 -0.00109269
vn 0.99999474 0.00310380 -0.00094153
vn 0.99999474 0.00314626 -0.00078810
vn 0.99999474 0.00318114 -0.00063277
vn 0.99999474 0.00320836 -0.00047591
vn 0.99999474 0.00322785 -0.00031792
vn 0.99999474 0.00323956 -0.00015915
vn 1.00000000 -0.00000000 0.00000000
vn -1.00000000 -0.00000000 0.00000000
vn -1.00000000 -0.00000000 -0.00000000
vn -1.00000000 -0.00000000 -0.00000000
vn -1.00000000 -0.00000000 -0.00000000
vn -1.00000000 -0.00000000 -0.00000000
vn -1.00000000 -0.00000000 -0.00000000
vn -1.00000000 -0.00000000 -0.00000000
vn -1.00000000 -0.00000000 -0.00000000
vn -1.00000000 -0.00000000 -0.00000000
vn -1.00000000 -0.00000000 -0.00000000
vn -1.00000000 -0.00000000 -0.00000000
vn -1.00000000 -0.00000000 -0.00000000
vn -1.00000000 -0.00000000 -0.00000000
vn -1.00000000 -0.00000000 -0.00000000
vn -1.00000000 -0.00000000 -0.00000000
vn -1.00000000 -0.00000000 -0.00000000
vn -1.00000000 -0.00000000 -0.00000000
vn -1.00000000 -0.00000000 -0.00000000
vn -1.00000000 -0.00000000 -0.00000000
vn -1.00000000 -0.00000000 -0.00000000
vn -1.00000000 -0.00000000 -0.00000000
vn -1.00000000 -0.00000000 -0.00000000
vn -1.00000000 -0.00000000 -0.00000000
vn -1.00000000 -0.00000000 -0.00000000
vn -1.00000000 -0.00000000 -0.00000000
vn -1.00000000 -0.00000000 -0.00000000
vn -1.00000000 -0.00000000 -0.00000000
vn -1.00000000 -0.00000000 -0.00000000
vn -1.00000000 -0.00000000 -0.00000000
vn -1.00000000 -0.00000000 -0.00000000
vn -1.00000000 -0.00000000 -0.00000000
vn -1.00000000 -0.00000000 -0.00000000
vn -1.00000000 -0.00000000 -0.00000000
vn -1.00000000 0.00000000 -0.00000000
vn -1.00000000 0.00000000 -0.00000000
vn -1.00000000 0.00000000 -0.00000000
vn -1.00000000 0.00000000 -0.00000000
vn -1.00000000 0.00000000 -0.00000000
vn -1.00000000 0.00000000 -0.00000000
vn -1.00000000 0.00000000 -0.00000000
vn -1.00000000 0.00000000 -0.00000000
vn -1.00000000 0.00000000 -0.00000000
vn -1.00000000 0.00000000 -0.00000000
vn -1.00000000 0.00000000 -0.00000000
vn -1.00000000 0.00000000 -0.00000000
vn -1.00000000 0.00000000 -0.00000000
vn -1.00000000 0.00000000 -0.00000000
vn -1.00000000 0.00000000 -0.00000000
vn -1.00000000 0.00000000 -0.00000000
vn -1.00000000 0.00000000 -0.00000000
vn -1.00000000 0.00000000 -0.00000000
vn -1.00000000 0.00000000 -0.00000000
vn -1.00000000 0.00000000 -0.00000000
vn -1.00000000 0.00000000 -0.00000000
vn -1.00000000 0.00000000 -0.00000000
vn -1.00000000 0.00000000 -0.00000000
vn -1.00000000 0.00000000 -0.00000000
vn -1.00000000 0.00000000 -0.00000000
vn -1.00000000 0.00000000 -0.00000000
vn -1.00000000 0.00000000 -0.00000000
vn -1.00000000 0.00000000 -0.00000000
vn -1.00000000 0.00000000 -0.00000000
vn -1.00000000 0.00000000 -0.00000000
vn -1.00000000 0.00000000 -0.00000000
vn -1.00000000 0.00000000 -0.00000000
vn -1.00000000 0.00000000 0.00000000
vn -1.00000000 0.00000000 0.00000000
vn -1.00000000 0.00000000 0.00000000
vn -1.00000000 0.00000000 0.00000000
vn -1.00000000 0.00000000 0.00000000
vn -1.00000000 0.00000000 0.00000000
vn -1.00000000 0.00000000 0.00000000
vn -1.00000000 0.00000000 0.00000000
vn -1.00000000 0.00000000 0.00000000
vn -1.00000000 0.00000000 0.00000000
vn -1.00000000 0.00000000 0.00000000
vn -1.00000000 0.00000000 0.00000000
vn -1.00000000 0.00000000 0.00000000
vn -1.00000000 0.00000000 0.00000000
vn -1.00000000 0.00000000 0.00000000
vn -1.00000000 0.00000000 0.00000000
vn -1.00000000 0.00000000 0.00000000
vn -1.00000000 0.00000000 0.00000000
vn -1.00000000 0.00000000 0.00000000
vn -1.00000000 0.00000000 0.00000000
vn -1.00000000 0.00000000 0.00000000
vn -1.00000000 0.00000000 0.00000000
vn -1.00000000 0.00000000 0.00000000
vn -1.00000000 0.00000000 0.00000000
vn -1.00000000 0.00000000 0.00000000
vn -1.00000000 0.00000000 0.00000000
vn -1.00000000 0.00000000 0.00000000
vn -1.00000000 0.00000000 0.00000000
vn -1.00000000 0.00000000 0.00000000
vn -1.00000000 0.00000000 0.00000000
vn -1.00000000 0.00000000 0.00000000
vn -1.00000000 0.00000000 0.00000000
vn -1.00000000 -0.00000000 0.00000000
vn -1.00000000 -0.00000000 0.00000000
vn -1.00000000 -0.00000000 0.00000000
vn -1.00000000 -0.00000000 0.00000000
vn -1.00000000 -0.00000000 0.00000000
vn -1.00000000 -0.00000000 0.00000000
vn -1.00000000 -0.00000000 0.00000000
vn -1.00000000 -0.00000000 0.00000000
vn -1.00000000 -0.00000000 0.00000000
vn -1.00000000 -0.00000000 0.00000000
vn -1.00000000 -0.00000000 0.00000000
vn -1.00000000 -0.00000000 0.00000000
vn -1.00000000 -0.00000000 0.00000000
vn -1.00000000 -0.00000000 0.00000000
vn -1.00000000 -0.00000000 0.00000000
vn -1.00000000 -0.00000000 0.00000000
vn -1.00000000 -0.00000000 0.00000000
vn -1.00000000 -0.00000000 0.00000000
vn -1.00000000 -0.00000000 0.00000000
vn -1.00000000 -0.00000000 0.00000000
vn -1.00000000 -0.00000000 0.00000000
vn -1.00000000 -0.00000000 0.00000000
vn -1.00000000 -0.00000000 0.00000000
vn -1.00000000 -0.00000000 0.00000000
vn -1.00000000 -0.00000000 0.00000000
vn -1.00000000 -0.00000000 0.00000000
vn -1.00000000 -0.00000000 0.00000000
vn -1.00000000 -0.00000000 0.00000000
vn -1.00000000 -0.00000000 0.00000000
vn -1.00000000 -0.00000000 0.00000000
vn -1.00000000 -0.00000000 0.00000000
vn -1.00000000 0.00000000 0.00000000
f 3204//3204 3203//3203 3075//3075
f 4998//4998 5126//5126 4997//4997
f 5126//5126 5125//5125 4997//4997
f 4997//4997 5125//5125 4996//4996
f 5125//5125 5124//5124 4996//4996
f 4996//4996 5124//5124 4995//4995
f 5124//5124 5123//5123 4995//4995
f 4867//4867 4995//4995 4994//4994
f 4995//4995 5122//5122 4994//4994
f 5127//5127 5126//5126 4998//4998
f 4994//4994 5122//5122 4993//4993
f 4993//4993 5121//5121 4992//4992
f 5121//5121 5120//5120 4992//4992
f 4992//4992 5120//5120 4991//4991
f 5120//5120 5119//5119 4991//4991
f 4991//4991 5119//5119 4990//4990
f 5119//5119 5118//5118 4990//4990
f 4990//4990 5118//5118 4989//4989
f 5118//5118 5117//5117 4989//4989
f 5122//5122 5121//5121 4993//4993
f 4999//4999 5127//5127 4998//4998
f 5128//5128 5127//5127 4999//4999
f 5000//5000 5128//5128 4999//4999
f 5138//5138 5137//5137 5009//5009
f 5009//5009 5137//5137 5008//5008
f 5137//5137 5136//5136 5008//5008
f 5008//5008 5136//5136 5007//5007
f 5136//5136 5135//5135 5007//5007
f 5007//5007 5135//5135 5006//5006
f 5135//5135 5134//5134 5006//5006
f 5006//5006 5134//5134 5005//5005
f 5134//5134 5133//5133 5005//5005
f 5005//5005 5133//5133 5004//5004
f 5133//5133 5132//5132 5004//5004
f 5004//5004 5132//5132 5003//5003
f 5132//5132 5131//5131 5003//5003
f 5003//5003 5131//5131 5002//5002
f 5131//5131 5130//5130 5002//5002
f 5002//5002 5130//5130 5001//5001
f 5130//5130 5129//5129 5001//5001
f 5001//5001 5129//5129 5000//5000
f 5129//5129 5128//5128 5000//5000
f 4989//4989 5117//5117 4988//4988
f 5010//5010 5138//5138 5009//5009
f 5117//5117 5116//5116 4988//4988
f 5116//5116 5115//5115 4987//4987
f 5104//5104 5103//5103 4975//4975
f 4975//4975 5103//5103 4974//4974
f 5103//5103 5102//5102 4974//4974
f 4974//4974 5102//5102 4973//4973
f 5102//5102 5101//5101 4973//4973
f 4973//4973 5101//5101 4972//4972
f 5101//5101 5100//5100 4972//4972
f 4972//4972 5100//5100 4971//4971
f 4976//4976 5104//5104 4975//4975
f 5100//5100 5099//5099 4971//4971
f 5099//5099 5098//5098 4970//4970
f 4970//4970 5098//5098 4969//4969
f 5098//5098 5097//5097 4969//4969
f 4969//4969 5097//5097 4968//4968
f 5097//5097 5096//5096 4968//4968
f 4968//4968 5096//5096 4967//4967
f 5096//5096 5095//5095 4967//4967
f 4967//4967 5095//5095 4966//4966
f 4971//4971 5099//5099 4970//4970
f 5105//5105 5104//5104 4976//4976
f 4977//4977 5105//5105 4976//4976
f 5106//5106 5105//5105 4977//4977
f 4987//4987 5115//5115 4986//4986
f 5115//5115 5114//5114 4986//4986
f 4986//4986 5114//5114 4985//4985
f 5114//5114 5113//5113 4985//4985
f 4985//4985 5113//5113 4984//4984
f 5113//5113 5112//5112 4984//4984
f 4984//4984 5112//5112 4983//4983
f 5112//5112 5111//5111 4983//4983
f 4983//4983 5111//5111 4982//4982
f 5111//5111 5110//5110 4982//4982
f 4982//4982 5110//5110 4981//4981
f 5110//5110 5109//5109 4981//4981
f 4981//4981 5109//5109 4980//4980
f 5109//5109 5108//5108 4980//4980
f 4980//4980 5108//5108 4979//4979
f 5108//5108 5107//5107 4979//4979
f 4979//4979 5107//5107 4978//4978
f 5107//5107 5106//5106 4978//4978
f 4978//4978 5106//5106 4977//4977
f 4988//4988 5116//5116 4987//4987
f 5095//5095 5094//5094 4966//4966
f 5139//5139 5138//5138 5010//5010
f 5140//5140 5139//5139 5011//5011
f 5043//5043 5171//5171 5042//5042
f 5171//5171 5170//5170 5042//5042
f 5042//5042 5170//5170 5041//5041
f 5170//5170 5169//5169 5041//5041
f 5041//5041 5169//5169 5040//5040
f 5169//5169 5168//5168 5040//5040
f 5040//5040 5168//5168 5039//5039
f 5168//5168 5167//5167 5039//5039
f 5172//5172 5171//5171 5043//5043
f 5039//5039 5167//5167 5038//5038
f 5038//5038 5166//5166 5037//5037
f 5166//5166 5165//5165 5037//5037
f 5037//5037 5165//5165 5036//5036
f 5165//5165 5164//5164 5036//5036
f 5036//5036 5164//5164 5035//5035
f 5164//5164 5163//5163 5035//5035
f 5035//5035 5163//5163 5034//5034
f 5163//5163 5162//5162 5034//5034
f 5167//5167 5166//5166 5038//5038
f 5044//5044 5172//5172 5043//5043
f 5173//5173 5172//5172 5044//5044
f 5045//5045 5173//5173 5044//5044
f 5183//5183 5182//5182 5054//5054
f 5054//5054 5182//5182 5053//5053
f 5182//5182 5181//5181 5053//5053
f 5053//5053 5181//5181 5052//5052
f 5181//5181 5180//5180 5052//5052
f 5052//5052 5180//5180 5051//5051
f 5180//5180 5179//5179 5051//5051
f 5051//5051 5179//5179 5050//5050
f 5179//5179 5178//5178 5050//5050
f 5050//5050 5178//5178 5049//5049
f 5178//5178 5177//5177 5049//5049
f 5049//5049 5177//5177 5048//5048
f 5177//5177 5176//5176 5048//5048
f 5048//5048 5176//5176 5047//5047
f 5176//5176 5175//5175 5047//5047
f 5047//5047 5175//5175 5046//5046
f 5175//5175 5174//5174 5046//5046
f 5046//5046 5174//5174 5045//5045
f 5174//5174 5173//5173 5045//5045
f 5034//5034 5162//5162 5033//5033
f 5011//5011 5139//5139 5010//5010
f 5162//5162 5161//5161 5033//5033
f 5161//5161 5160//5160 5032//5032
f 5149//5149 5148//5148 5020//5020
f 5020//5020 5148//5148 5019//5019
f 5148//5148 5147//5147 5019//5019
f 5019//5019 5147//5147 5018//5018
f 5147//5147 5146//5146 5018//5018
f 5018//5018 5146//5146 5017//5017
f 5146//5146 5145//5145 5017//5017
f 5017//5017 5145//5145 5016//5016
f 5021//5021 5149//5149 5020//5020
f 5145//5145 5144//5144 5016//5016
f 5144//5144 5143//5143 5015//5015
f 5015//5015 5143//5143 5014//5014
f 5143//5143 5142//5142 5014//5014
f 5014//5014 5142//5142 5013//5013
f 5142//5142 5141//5141 5013//5013
f 5013//5013 5141//5141 5012//5012
f 5141//5141 5140//5140 5012//5012
f 5012//5012 5140//5140 5011//5011
f 5016//5016 5144//5144 5015//5015
f 5150//5150 5149//5149 5021//5021
f 5022//5022 5150//5150 5021//5021
f 5151//5151 5150//5150 5022//5022
f 5032//5032 5160//5160 5031//5031
f 5160//5160 5159//5159 5031//5031
f 5031//5031 5159//5159 5030//5030
f 5159//5159 5158//5158 5030//5030
f 5030//5030 5158//5158 5029//5029
f 5158//5158 5157//5157 5029//5029
f 5029//5029 5157//5157 5028//5028
f 5157//5157 5156//5156 5028//5028
f 5028//5028 5156//5156 5027//5027
f 5156//5156 5155//5155 5027//5027
f 5027//5027 5155//5155 5026//5026
f 5155//5155 5154//5154 5026//5026
f 5026//5026 5154//5154 5025//5025
f 5154//5154 5153//5153 5025//5025
f 5025//5025 5153//5153 5024//5024
f 5153//5153 5152//5152 5024//5024
f 5024//5024 5152//5152 5023//5023
f 5152//5152 5151//5151 5023//5023
f 5023//5023 5151//5151 5022//5022
f 5033//5033 5161//5161 5032//5032
f 5055//5055 5183//5183 5054//5054
f 4966//4966 5094//5094 4965//4965
f 4965//4965 5093//5093 4964//4964
f 4908//4908 5036//5036 4907//4907
f 5036//5036 5035//5035 4907//4907
f 4907//4907 5035//5035 4906//4906
f 5035//5035 5034//5034 4906//4906
f 4906//4906 5034//5034 4905//4905
f 5034//5034 5033//5033 4905//4905
f 4905//4905 5033//5033 4904//4904
f 5033//5033 5032//5032 4904//4904
f 5037//5037 5036//5036 4908//4908
f 4904//4904 5032//5032 4903//4903
f 4903//4903 5031//5031 4902//4902
f 5031//5031 5030//5030 4902//4902
f 4902//4902 5030//5030 4901//4901
f 5030//5030 5029//5029 4901//4901
f 4901//4901 5029//5029 4900//4900
f 5029//5029 5028//5028 4900//4900
f 4900//4900 5028//5028 4899//4899
f 5028//5028 5027//5027 4899//4899
f 5032//5032 5031//5031 4903//4903
f 4909//4909 5037//5037 4908//4908
f 5038//5038 5037//5037 4909//4909
f 4910//4910 5038//5038 4909//4909
f 5048//5048 5047//5047 4919//4919
f 4919//4919 5047//5047 4918//4918
f 5047//5047 5046//5046 4918//4918
f 4918//4918 5046//5046 4917//4917
f 5046//5046 5045//5045 4917//4917
f 4917//4917 5045//5045 4916//4916
f 5045//5045 5044//5044 4916//4916
f 4916//4916 5044//5044 4915//4915
f 5044//5044 5043//5043 4915//4915
f 4915//4915 5043//5043 4914//4914
f 5043//5043 5042//5042 4914//4914
f 4914//4914 5042//5042 4913//4913
f 5042//5042 5041//5041 4913//4913
f 4913//4913 5041//5041 4912//4912
f 5041//5041 5040//5040 4912//4912
f 4912//4912 5040//5040 4911//4911
f 5040//5040 5039//5039 4911//4911
f 4911//4911 5039//5039 4910//4910
f 5039//5039 5038//5038 4910//4910
f 4899//4899 5027//5027 4898//4898
f 4920//4920 5048//5048 4919//4919
f 5027//5027 5026//5026 4898//4898
f 5026//5026 5025//5025 4897//4897
f 5014//5014 5013//5013 4885//4885
f 4885//4885 5013//5013 4884//4884
f 5013//5013 5012//5012 4884//4884
f 4884//4884 5012//5012 4883//4883
f 5012//5012 5011//5011 4883//4883
f 4883//4883 5011//5011 4882//4882
f 5011//5011 5010//5010 4882//4882
f 4882//4882 5010//5010 4881//4881
f 4886//4886 5014//5014 4885//4885
f 5010//5010 5009//5009 4881//4881
f 5009//5009 5008//5008 4880//4880
f 4880//4880 5008//5008 4879//4879
f 5008//5008 5007//5007 4879//4879
f 4879//4879 5007//5007 4878//4878
f 5007//5007 5006//5006 4878//4878
f 4878//4878 5006//5006 4877//4877
f 5006//5006 5005//5005 4877//4877
f 4877//4877 5005//5005 4876//4876
f 4881//4881 5009//5009 4880//4880
f 5015//5015 5014//5014 4886//4886
f 4887//4887 5015//5015 4886//4886
f 5016//5016 5015//5015 4887//4887
f 4897//4897 5025//5025 4896//4896
f 5025//5025 5024//5024 4896//4896
f 4896//4896 5024//5024 4895//4895
f 5024//5024 5023//5023 4895//4895
f 4895//4895 5023//5023 4894//4894
f 5023//5023 5022//5022 4894//4894
f 4894//4894 5022//5022 4893//4893
f 5022//5022 5021//5021 4893//4893
f 4893//4893 5021//5021 4892//4892
f 5021//5021 5020//5020 4892//4892
f 4892//4892 5020//5020 4891//4891
f 5020//5020 5019//5019 4891//4891
f 4891//4891 5019//5019 4890//4890
f 5019//5019 5018//5018 4890//4890
f 4890//4890 5018//5018 4889//4889
f 5018//5018 5017//5017 4889//4889
f 4889//4889 5017//5017 4888//4888
f 5017//5017 5016//5016 4888//4888
f 4888//4888 5016//5016 4887//4887
f 4898//4898 5026//5026 4897//4897
f 5094//5094 5093//5093 4965//4965
f 5049//5049 5048//5048 4920//4920
f 5050//5050 5049//5049 4921//4921
f 4953//4953 5081//5081 4952//4952
f 5081//5081 5080//5080 4952//4952
f 4952//4952 5080//5080 4951//4951
f 5080//5080 5079//5079 4951//4951
f 4951//4951 5079//5079 4950//4950
f 5079//5079 5078//5078 4950//4950
f 4950//4950 5078//5078 4949//4949
f 5078//5078 5077//5077 4949//4949
f 5082//5082 5081//5081 4953//4953
f 4949//4949 5077//5077 4948//4948
f 4948//4948 5076//5076 4947//4947
f 5076//5076 5075//5075 4947//4947
f 4947//4947 5075//5075 4946//4946
f 5075//5075 5074//5074 4946//4946
f 4946//4946 5074//5074 4945//4945
f 5074//5074 5073//5073 4945//4945
f 4945//4945 5073//5073 4944//4944
f 5073//5073 5072//5072 4944//4944
f 5077//5077 5076//5076 4948//4948
f 4954//4954 5082//5082 4953//4953
f 5083//5083 5082//5082 4954//4954
f 4955//4955 5083//5083 4954//4954
f 5093//5093 5092//5092 4964//4964
f 4964//4964 5092//5092 4963//4963
f 5092//5092 5091//5091 4963//4963
f 4963//4963 5091//5091 4962//4962
f 5091//5091 5090//5090 4962//4962
f 4962//4962 5090//5090 4961//4961
f 5090//5090 5089//5089 4961//4961
f 4961//4961 5089//5089 4960//4960
f 5089//5089 5088//5088 4960//4960
f 4960//4960 5088//5088 4959//4959
f 5088//5088 5087//5087 4959//4959
f 4959//4959 5087//5087 4958//4958
f 5087//5087 5086//5086 4958//4958
f 4958//4958 5086//5086 4957//4957
f 5086//5086 5085//5085 4957//4957
f 4957//4957 5085//5085 4956//4956
f 5085//5085 5084//5084 4956//4956
f 4956//4956 5084//5084 4955//4955
f 5084//5084 5083//5083 4955//4955
f 4944//4944 5072//5072 4943//4943
f 4921//4921 5049//5049 4920//4920
f 5072//5072 5071//5071 4943//4943
f 5071//5071 5070//5070 4942//4942
f 5059//5059 5058//5058 4930//4930
f 4930//4930 5058//5058 4929//4929
f 5058//5058 5057//5057 4929//4929
f 4929//4929 5057//5057 4928//4928
f 5057//5057 5056//5056 4928//4928
f 4928//4928 5056//5056 4927//4927
f 5056//5056 5055//5055 4927//4927
f 4927//4927 5055//5055 4926//4926
f 4931//4931 5059//5059 4930//4930
f 5055//5055 5054//5054 4926//4926
f 5054//5054 5053//5053 4925//4925
f 4925//4925 5053//5053 4924//4924
f 5053//5053 5052//5052 4924//4924
f 4924//4924 5052//5052 4923//4923
f 5052//5052 5051//5051 4923//4923
f 4923//4923 5051//5051 4922//4922
f 5051//5051 5050//5050 4922//4922
f 4922//4922 5050//5050 4921//4921
f 4926//4926 5054//5054 4925//4925
f 5060//5060 5059//5059 4931//4931
f 4932//4932 5060//5060 4931//4931
f 5061//5061 5060//5060 4932//4932
f 4942//4942 5070//5070 4941//4941
f 5070//5070 5069//5069 4941//4941
f 4941//4941 5069//5069 4940//4940
f 5069//5069 5068//5068 4940//4940
f 4940//4940 5068//5068 4939//4939
f 5068//5068 5067//5067 4939//4939
f 4939//4939 5067//5067 4938//4938
f 5067//5067 5066//5066 4938//4938
f 4938//4938 5066//5066 4937//4937
f 5066//5066 5065//5065 4937//4937
f 4937//4937 5065//5065 4936//4936
f 5065//5065 5064//5064 4936//4936
f 4936//4936 5064//5064 4935//4935
f 5064//5064 5063//5063 4935//4935
f 4935//4935 5063//5063 4934//4934
f 5063//5063 5062//5062 4934//4934
f 4934//4934 5062//5062 4933//4933
f 5062//5062 5061//5061 4933//4933
f 4933//4933 5061//5061 4932//4932
f 4943//4943 5071//5071 4942//4942
f 5005//5005 5004//5004 4876//4876
f 5184//5184 5183//5183 5055//5055
f 5185//5185 5184//5184 5056//5056
f 5178//5178 5306//5306 5177//5177
f 5306//5306 5305//5305 5177//5177
f 5177//5177 5305//5305 5176//5176
f 5305//5305 5304//5304 5176//5176
f 5176//5176 5304//5304 5175//5175
f 5304//5304 5303//5303 5175//5175
f 5175//5175 5303//5303 5174//5174
f 5303//5303 5302//5302 5174//5174
f 5307//5307 5306//5306 5178//5178
f 5174//5174 5302//5302 5173//5173
f 5173//5173 5301//5301 5172//5172
f 5301//5301 5300//5300 5172//5172
f 5172//5172 5300//5300 5171//5171
f 5300//5300 5299//5299 5171//5171
f 5171//5171 5299//5299 5170//5170
f 5299//5299 5298//5298 5170//5170
f 5170//5170 5298//5298 5169//5169
f 5298//5298 5297//5297 5169//5169
f 5302//5302 5301//5301 5173//5173
f 5179//5179 5307//5307 5178//5178
f 5308//5308 5307//5307 5179//5179
f 5180//5180 5308//5308 5179//5179
f 5318//5318 5317//5317 5189//5189
f 5189//5189 5317//5317 5188//5188
f 5317//5317 5316//5316 5188//5188
f 5188//5188 5316//5316 5187//5187
f 5316//5316 5315//5315 5187//5187
f 5187//5187 5315//5315 5186//5186
f 5315//5315 5314//5314 5186//5186
f 5186//5186 5314//5314 5185//5185
f 5314//5314 5313//5313 5185//5185
f 5185//5185 5313//5313 5184//5184
f 5313//5313 5312//5312 5184//5184
f 5184//5184 5312//5312 5183//5183
f 5312//5312 5311//5311 5183//5183
f 5183//5183 5311//5311 5182//5182
f 5311//5311 5310//5310 5182//5182
f 5182//5182 5310//5310 5181//5181
f 5310//5310 5309//5309 5181//5181
f 5181//5181 5309//5309 5180//5180
f 5309//5309 5308//5308 5180//5180
f 5169//5169 5297//5297 5168//5168
f 5190//5190 5318//5318 5189//5189
f 5297//5297 5296//5296 5168//5168
f 5296//5296 5295//5295 5167//5167
f 5284//5284 5283//5283 5155//5155
f 5155//5155 5283//5283 5154//5154
f 5283//5283 5282//5282 5154//5154
f 5154//5154 5282//5282 5153//5153
f 5282//5282 5281//5281 5153//5153
f 5153//5153 5281//5281 5152//5152
f 5281//5281 5280//5280 5152//5152
f 5152//5152 5280//5280 5151//5151
f 5156//5156 5284//5284 5155//5155
f 5280//5280 5279//5279 5151//5151
f 5279//5279 5278//5278 5150//5150
f 5150//5150 5278//5278 5149//5149
f 5278//5278 5277//5277 5149//5149
f 5149//5149 5277//5277 5148//5148
f 5277//5277 5276//5276 5148//5148
f 5148//5148 5276//5276 5147//5147
f 5276//5276 5275//5275 5147//5147
f 5147//5147 5275//5275 5146//5146
f 5151//5151 5279//5279 5150//5150
f 5285//5285 5284//5284 5156//5156
f 5157//5157 5285//5285 5156//5156
f 5286//5286 5285//5285 5157//5157
f 5167//5167 5295//5295 5166//5166
f 5295//5295 5294//5294 5166//5166
f 5166//5166 5294//5294 5165//5165
f 5294//5294 5293//5293 5165//5165
f 5165//5165 5293//5293 5164//5164
f 5293//5293 5292//5292 5164//5164
f 5164//5164 5292//5292 5163//5163
f 5292//5292 5291//5291 5163//5163
f 5163//5163 5291//5291 5162//5162
f 5291//5291 5290//5290 5162//5162
f 5162//5162 5290//5290 5161//5161
f 5290//5290 5289//5289 5161//5161
f 5161//5161 5289//5289 5160//5160
f 5289//5289 5288//5288 5160//5160
f 5160//5160 5288//5288 5159//5159
f 5288//5288 5287//5287 5159//5159
f 5159//5159 5287//5287 5158//5158
f 5287//5287 5286//5286 5158//5158
f 5158//5158 5286//5286 5157//5157
f 5168//5168 5296//5296 5167//5167
f 5275//5275 5274//5274 5146//5146
f 5319//5319 5318//5318 5190//5190
f 5320//5320 5319//5319 5191//5191
f 5223//5223 5351//5351 5222//5222
f 5351//5351 5350//5350 5222//5222
f 5222//5222 5350//5350 5221//5221
f 5350//5350 5349//5349 5221//5221
f 5221//5221 5349//5349 5220//5220
f 5349//5349 5348//5348 5220//5220
f 5220//5220 5348//5348 5219//5219
f 5348//5348 5347//5347 5219//5219
f 5352//5352 5351//5351 5223//5223
f 5219//5219 5347//5347 5218//5218
f 5218//5218 5346//5346 5217//5217
f 5346//5346 5345//5345 5217//5217
f 5217//5217 5345//5345 5216//5216
f 5345//5345 5344//5344 5216//5216
f 5216//5216 5344//5344 5215//5215
f 5344//5344 5343//5343 5215//5215
f 5215//5215 5343//5343 5214//5214
f 5343//5343 5342//5342 5214//5214
f 5347//5347 5346//5346 5218//5218
f 5224//5224 5352//5352 5223//5223
f 5353//5353 5352//5352 5224//5224
f 5225//5225 5353//5353 5224//5224
f 5363//5363 5362//5362 5234//5234
f 5234//5234 5362//5362 5233//5233
f 5362//5362 5361//5361 5233//5233
f 5233//5233 5361//5361 5232//5232
f 5361//5361 5360//5360 5232//5232
f 5232//5232 5360//5360 5231//5231
f 5360//5360 5359//5359 5231//5231
f 5231//5231 5359//5359 5230//5230
f 5359//5359 5358//5358 5230//5230
f 5230//5230 5358//5358 5229//5229
f 5358//5358 5357//5357 5229//5229
f 5229//5229 5357//5357 5228//5228
f 5357//5357 5356//5356 5228//5228
f 5228//5228 5356//5356 5227//5227
f 5356//5356 5355//5355 5227//5227
f 5227//5227 5355//5355 5226//5226
f 5355//5355 5354//5354 5226//5226
f 5226//5226 5354//5354 5225//5225
f 5354//5354 5353//5353 5225//5225
f 5214//5214 5342//5342 5213//5213
f 5191//5191 5319//5319 5190//5190
f 5342//5342 5341//5341 5213//5213
f 5341//5341 5340//5340 5212//5212
f 5329//5329 5328//5328 5200//5200
f 5200//5200 5328//5328 5199//5199
f 5328//5328 5327//5327 5199//5199
f 5199//5199 5327//5327 5198//5198
f 5327//5327 5326//5326 5198//5198
f 5198//5198 5326//5326 5197//5197
f 5326//5326 5325//5325 5197//5197
f 5197//5197 5325//5325 5196//5196
f 5201//5201 5329//5329 5200//5200
f 5325//5325 5324//5324 5196//5196
f 5324//5324 5323//5323 5195//5195
f 5195//5195 5323//5323 5194//5194
f 5323//5323 5322//5322 5194//5194
f 5194//5194 5322//5322 5193//5193
f 5322//5322 5321//5321 5193//5193
f 5193//5193 5321//5321 5192//5192
f 5321//5321 5320//5320 5192//5192
f 5192//5192 5320//5320 5191//5191
f 5196//5196 5324//5324 5195//5195
f 5330//5330 5329//5329 5201//5201
f 5202//5202 5330//5330 5201//5201
f 5331//5331 5330//5330 5202//5202
f 5212//5212 5340//5340 5211//5211
f 5340//5340 5339//5339 5211//5211
f 5211//5211 5339//5339 5210//5210
f 5339//5339 5338//5338 5210//5210
f 5210//5210 5338//5338 5209//5209
f 5338//5338 5337//5337 5209//5209
f 5209//5209 5337//5337 5208//5208
f 5337//5337 5336//5336 5208//5208
f 5208//5208 5336//5336 5207//5207
f 5336//5336 5335//5335 5207//5207
f 5207//5207 5335//5335 5206//5206
f 5335//5335 5334//5334 5206//5206
f 5206//5206 5334//5334 5205//5205
f 5334//5334 5333//5333 5205//5205
f 5205//5205 5333//5333 5204//5204
f 5333//5333 5332//5332 5204//5204
f 5204//5204 5332//5332 5203//5203
f 5332//5332 5331//5331 5203//5203
f 5203//5203 5331//5331 5202//5202
f 5213//5213 5341//5341 5212//5212
f 5056//5056 5184//5184 5055//5055
f 5146//5146 5274//5274 5145//5145
f 5145//5145 5273//5273 5144//5144
f 5088//5088 5216//5216 5087//5087
f 5216//5216 5215//5215 5087//5087
f 5087//5087 5215//5215 5086//5086
f 5215//5215 5214//5214 5086//5086
f 5086//5086 5214//5214 5085//5085
f 5214//5214 5213//5213 5085//5085
f 5085//5085 5213//5213 5084//5084
f 5213//5213 5212//5212 5084//5084
f 5217//5217 5216//5216 5088//5088
f 5084//5084 5212//5212 5083//5083
f 5083//5083 5211//5211 5082//5082
f 5211//5211 5210//5210 5082//5082
f 5082//5082 5210//5210 5081//5081
f 5210//5210 5209//5209 5081//5081
f 5081//5081 5209//5209 5080//5080
f 5209//5209 5208//5208 5080//5080
f 5080//5080 5208//5208 5079//5079
f 5208//5208 5207//5207 5079//5079
f 5212//5212 5211//5211 5083//5083
f 5089//5089 5217//5217 5088//5088
f 5218//5218 5217//5217 5089//5089
f 5090//5090 5218//5218 5089//5089
f 5228//5228 5227//5227 5099//5099
f 5099//5099 5227//5227 5098//5098
f 5227//5227 5226//5226 5098//5098
f 5098//5098 5226//5226 5097//5097
f 5226//5226 5225//5225 5097//5097
f 5097//5097 5225//5225 5096//5096
f 5225//5225 5224//5224 5096//5096
f 5096//5096 5224//5224 5095//5095
f 5224//5224 5223//5223 5095//5095
f 5095//5095 5223//5223 5094//5094
f 5223//5223 5222//5222 5094//5094
f 5094//5094 5222//5222 5093//5093
f 5222//5222 5221//5221 5093//5093
f 5093//5093 5221//5221 5092//5092
f 5221//5221 5220//5220 5092//5092
f 5092//5092 5220//5220 5091//5091
f 5220//5220 5219//5219 5091//5091
f 5091//5091 5219//5219 5090//5090
f 5219//5219 5218//5218 5090//5090
f 5079//5079 5207//5207 5078//5078
f 5100//5100 5228//5228 5099//5099
f 5207//5207 5206//5206 5078//5078
f 5206//5206 5205//5205 5077//5077
f 5194//5194 5193//5193 5065//5065
f 5065//5065 5193//5193 5064//5064
f 5193//5193 5192//5192 5064//5064
f 5064//5064 5192//5192 5063//5063
f 5192//5192 5191//5191 5063//5063
f 5063//5063 5191//5191 5062//5062
f 5191//5191 5190//5190 5062//5062
f 5062//5062 5190//5190 5061//5061
f 5066//5066 5194//5194 5065//5065
f 5190//5190 5189//5189 5061//5061
f 5189//5189 5188//5188 5060//5060
f 5060//5060 5188//5188 5059//5059
f 5188//5188 5187//5187 5059//5059
f 5059//5059 5187//5187 5058//5058
f 5187//5187 5186//5186 5058//5058
f 5058//5058 5186//5186 5057//5057
f 5186//5186 5185//5185 5057//5057
f 5057//5057 5185//5185 5056//5056
f 5061//5061 5189//5189 5060//5060
f 5195//5195 5194//5194 5066//5066
f 5067//5067 5195//5195 5066//5066
f 5196//5196 5195//5195 5067//5067
f 5077//5077 5205//5205 5076//5076
f 5205//5205 5204//5204 5076//5076
f 5076//5076 5204//5204 5075//5075
f 5204//5204 5203//5203 5075//5075
f 5075//5075 5203//5203 5074//5074
f 5203//5203 5202//5202 5074//5074
f 5074//5074 5202//5202 5073//5073
f 5202//5202 5201//5201 5073//5073
f 5073//5073 5201//5201 5072//5072
f 5201//5201 5200//5200 5072//5072
f 5072//5072 5200//5200 5071//5071
f 5200//5200 5199//5199 5071//5071
f 5071//5071 5199//5199 5070//5070
f 5199//5199 5198//5198 5070//5070
f 5070//5070 5198//5198 5069//5069
f 5198//5198 5197//5197 5069//5069
f 5069//5069 5197//5197 5068//5068
f 5197//5197 5196//5196 5068//5068
f 5068//5068 5196//5196 5067//5067
f 5078//5078 5206//5206 5077//5077
f 5274//5274 5273//5273 5145//5145
f 5229//5229 5228//5228 5100//5100
f 5230//5230 5229//5229 5101//5101
f 5133//5133 5261//5261 5132//5132
f 5261//5261 5260//5260 5132//5132
f 5132//5132 5260//5260 5131//5131
f 5260//5260 5259//5259 5131//5131
f 5131//5131 5259//5259 5130//5130
f 5259//5259 5258//5258 5130//5130
f 5130//5130 5258//5258 5129//5129
f 5258//5258 5257//5257 5129//5129
f 5262//5262 5261//5261 5133//5133
f 5129//5129 5257//5257 5128//5128
f 5128//5128 5256//5256 5127//5127
f 5256//5256 5255//5255 5127//5127
f 5127//5127 5255//5255 5126//5126
f 5255//5255 5254//5254 5126//5126
f 5126//5126 5254//5254 5125//5125
f 5254//5254 5253//5253 5125//5125
f 5125//5125 5253//5253 5124//5124
f 5253//5253 5252//5252 5124//5124
f 5257//5257 5256//5256 5128//5128
f 5134//5134 5262//5262 5133//5133
f 5263//5263 5262//5262 5134//5134
f 5135//5135 5263//5263 5134//5134
f 5273//5273 5272//5272 5144//5144
f 5144//5144 5272//5272 5143//5143
f 5272//5272 5271//5271 5143//5143
f 5143//5143 5271//5271 5142//5142
f 5271//5271 5270//5270 5142//5142
f 5142//5142 5270//5270 5141//5141
f 5270//5270 5269//5269 5141//5141
f 5141//5141 5269//5269 5140//5140
f 5269//5269 5268//5268 5140//5140
f 5140//5140 5268//5268 5139//5139
f 5268//5268 5267//5267 5139//5139
f 5139//5139 5267//5267 5138//5138
f 5267//5267 5266//5266 5138//5138
f 5138//5138 5266//5266 5137//5137
f 5266//5266 5265//5265 5137//5137
f 5137//5137 5265//5265 5136//5136
f 5265//5265 5264//5264 5136//5136
f 5136//5136 5264//5264 5135//5135
f 5264//5264 5263//5263 5135//5135
f 5124//5124 5252//5252 5123//5123
f 5101//5101 5229//5229 5100//5100
f 5252//5252 5251//5251 5123//5123
f 5123//5123 5250//5250 5122//5122
f 5239//5239 5238//5238 5110//5110
f 5110//5110 5238//5238 5109//5109
f 5238//5238 5237//5237 5109//5109
f 5109//5109 5237//5237 5108//5108
f 5237//5237 5236//5236 5108//5108
f 5108//5108 5236//5236 5107//5107
f 5236//5236 5235//5235 5107//5107
f 5107//5107 5235//5235 5106//5106
f 5111//5111 5239//5239 5110//5110
f 5235//5235 5234//5234 5106//5106
f 5234//5234 5233//5233 5105//5105
f 5105//5105 5233//5233 5104//5104
f 5233//5233 5232//5232 5104//5104
f 5104//5104 5232//5232 5103//5103
f 5232//5232 5231//5231 5103//5103
f 5103//5103 5231//5231 5102//5102
f 5231//5231 5230//5230 5102//5102
f 5102//5102 5230//5230 5101//5101
f 5106//5106 5234//5234 5105//5105
f 5240//5240 5239//5239 5111//5111
f 5112//5112 5240//5240 5111//5111
f 5241//5241 5240//5240 5112//5112
f 5122//5122 5250//5250 5121//5121
f 5250//5250 5249//5249 5121//5121
f 5121//5121 5249//5249 5120//5120
f 5249//5249 5248//5248 5120//5120
f 5120//5120 5248//5248 5119//5119
f 5248//5248 5247//5247 5119//5119
f 5119//5119 5247//5247 5118//5118
f 5247//5247 5246//5246 5118//5118
f 5118//5118 5246//5246 5117//5117
f 5246//5246 5245//5245 5117//5117
f 5117//5117 5245//5245 5116//5116
f 5245//5245 5244//5244 5116//5116
f 5116//5116 5244//5244 5115//5115
f 5244//5244 5243//5243 5115//5115
f 5115//5115 5243//5243 5114//5114
f 5243//5243 5242//5242 5114//5114
f 5114//5114 5242//5242 5113//5113
f 5242//5242 5241//5241 5113//5113
f 5113//5113 5241//5241 5112//5112
f 4995//4995 5123//5123 5122//5122
f 5235//5235 5363//5363 5234//5234
f 4876//4876 5004//5004 4875//4875
f 4875//4875 5003//5003 4874//4874
f 4638//4638 4766//4766 4637//4637
f 4766//4766 4765//4765 4637//4637
f 4637//4637 4765//4765 4636//4636
f 4765//4765 4764//4764 4636//4636
f 4636//4636 4764//4764 4635//4635
f 4764//4764 4763//4763 4635//4635
f 4635//4635 4763//4763 4634//4634
f 4763//4763 4762//4762 4634//4634
f 4767//4767 4766//4766 4638//4638
f 4634//4634 4762//4762 4633//4633
f 4633//4633 4761//4761 4632//4632
f 4761//4761 4760//4760 4632//4632
f 4632//4632 4760//4760 4631//4631
f 4760//4760 4759//4759 4631//4631
f 4631//4631 4759//4759 4630//4630
f 4759//4759 4758//4758 4630//4630
f 4630//4630 4758//4758 4629//4629
f 4758//4758 4757//4757 4629//4629
f 4762//4762 4761//4761 4633//4633
f 4639//4639 4767//4767 4638//4638
f 4768//4768 4767//4767 4639//4639
f 4640//4640 4768//4768 4639//4639
f 4778//4778 4777//4777 4649//4649
f 4649//4649 4777//4777 4648//4648
f 4777//4777 4776//4776 4648//4648
f 4648//4648 4776//4776 4647//4647
f 4776//4776 4775//4775 4647//4647
f 4647//4647 4775//4775 4646//4646
f 4775//4775 4774//4774 4646//4646
f 4646//4646 4774//4774 4645//4645
f 4774//4774 4773//4773 4645//4645
f 4645//4645 4773//4773 4644//4644
f 4773//4773 4772//4772 4644//4644
f 4644//4644 4772//4772 4643//4643
f 4772//4772 4771//4771 4643//4643
f 4643//4643 4771//4771 4642//4642
f 4771//4771 4770//4770 4642//4642
f 4642//4642 4770//4770 4641//4641
f 4770//4770 4769//4769 4641//4641
f 4641//4641 4769//4769 4640//4640
f 4769//4769 4768//4768 4640//4640
f 4629//4629 4757//4757 4628//4628
f 4650//4650 4778//4778 4649//4649
f 4757//4757 4756//4756 4628//4628
f 4756//4756 4755//4755 4627//4627
f 4744//4744 4743//4743 4615//4615
f 4615//4615 4743//4743 4614//4614
f 4743//4743 4742//4742 4614//4614
f 4614//4614 4742//4742 4613//4613
f 4742//4742 4741//4741 4613//4613
f 4613//4613 4741//4741 4612//4612
f 4741//4741 4740//4740 4612//4612
f 4612//4612 4740//4740 4611//4611
f 4616//4616 4744//4744 4615//4615
f 4740//4740 4739//4739 4611//4611
f 4611//4611 4738//4738 4610//4610
f 4610//4610 4738//4738 4609//4609
f 4738//4738 4737//4737 4609//4609
f 4609//4609 4737//4737 4608//4608
f 4737//4737 4736//4736 4608//4608
f 4608//4608 4736//4736 4607//4607
f 4736//4736 4735//4735 4607//4607
f 4607//4607 4735//4735 4606//4606
f 4483//4483 4611//4611 4610//4610
f 4745//4745 4744//4744 4616//4616
f 4617//4617 4745//4745 4616//4616
f 4746//4746 4745//4745 4617//4617
f 4627//4627 4755//4755 4626//4626
f 4755//4755 4754//4754 4626//4626
f 4626//4626 4754//4754 4625//4625
f 4754//4754 4753//4753 4625//4625
f 4625//4625 4753//4753 4624//4624
f 4753//4753 4752//4752 4624//4624
f 4624//4624 4752//4752 4623//4623
f 4752//4752 4751//4751 4623//4623
f 4623//4623 4751//4751 4622//4622
f 4751//4751 4750//4750 4622//4622
f 4622//4622 4750//4750 4621//4621
f 4750//4750 4749//4749 4621//4621
f 4621//4621 4749//4749 4620//4620
f 4749//4749 4748//4748 4620//4620
f 4620//4620 4748//4748 4619//4619
f 4748//4748 4747//4747 4619//4619
f 4619//4619 4747//4747 4618//4618
f 4747//4747 4746//4746 4618//4618
f 4618//4618 4746//4746 4617//4617
f 4628//4628 4756//4756 4627//4627
f 4735//4735 4734//4734 4606//4606
f 4779//4779 4778//4778 4650//4650
f 4780//4780 4779//4779 4651//4651
f 4683//4683 4811//4811 4682//4682
f 4811//4811 4810//4810 4682//4682
f 4682//4682 4810//4810 4681//4681
f 4810//4810 4809//4809 4681//4681
f 4681//4681 4809//4809 4680//4680
f 4809//4809 4808//4808 4680//4680
f 4680//4680 4808//4808 4679//4679
f 4808//4808 4807//4807 4679//4679
f 4812//4812 4811//4811 4683//4683
f 4679//4679 4807//4807 4678//4678
f 4678//4678 4806//4806 4677//4677
f 4806//4806 4805//4805 4677//4677
f 4677//4677 4805//4805 4676//4676
f 4805//4805 4804//4804 4676//4676
f 4676//4676 4804//4804 4675//4675
f 4804//4804 4803//4803 4675//4675
f 4675//4675 4803//4803 4674//4674
f 4803//4803 4802//4802 4674//4674
f 4807//4807 4806//4806 4678//4678
f 4684//4684 4812//4812 4683//4683
f 4813//4813 4812//4812 4684//4684
f 4685//4685 4813//4813 4684//4684
f 4823//4823 4822//4822 4694//4694
f 4694//4694 4822//4822 4693//4693
f 4822//4822 4821//4821 4693//4693
f 4693//4693 4821//4821 4692//4692
f 4821//4821 4820//4820 4692//4692
f 4692//4692 4820//4820 4691//4691
f 4820//4820 4819//4819 4691//4691
f 4691//4691 4819//4819 4690//4690
f 4819//4819 4818//4818 4690//4690
f 4690//4690 4818//4818 4689//4689
f 4818//4818 4817//4817 4689//4689
f 4689//4689 4817//4817 4688//4688
f 4817//4817 4816//4816 4688//4688
f 4688//4688 4816//4816 4687//4687
f 4816//4816 4815//4815 4687//4687
f 4687//4687 4815//4815 4686//4686
f 4815//4815 4814//4814 4686//4686
f 4686//4686 4814//4814 4685//4685
f 4814//4814 4813//4813 4685//4685
f 4674//4674 4802//4802 4673//4673
f 4651//4651 4779//4779 4650//4650
f 4802//4802 4801//4801 4673//4673
f 4801//4801 4800//4800 4672//4672
f 4789//4789 4788//4788 4660//4660
f 4660//4660 4788//4788 4659//4659
f 4788//4788 4787//4787 4659//4659
f 4659//4659 4787//4787 4658//4658
f 4787//4787 4786//4786 4658//4658
f 4658//4658 4786//4786 4657//4657
f 4786//4786 4785//4785 4657//4657
f 4657//4657 4785//4785 4656//4656
f 4661//4661 4789//4789 4660//4660
f 4785//4785 4784//4784 4656//4656
f 4784//4784 4783//4783 4655//4655
f 4655//4655 4783//4783 4654//4654
f 4783//4783 4782//4782 4654//4654
f 4654//4654 4782//4782 4653//4653
f 4782//4782 4781//4781 4653//4653
f 4653//4653 4781//4781 4652//4652
f 4781//4781 4780//4780 4652//4652
f 4652//4652 4780//4780 4651//4651
f 4656//4656 4784//4784 4655//4655
f 4790//4790 4789//4789 4661//4661
f 4662//4662 4790//4790 4661//4661
f 4791//4791 4790//4790 4662//4662
f 4672//4672 4800//4800 4671//4671
f 4800//4800 4799//4799 4671//4671
f 4671//4671 4799//4799 4670//4670
f 4799//4799 4798//4798 4670//4670
f 4670//4670 4798//4798 4669//4669
f 4798//4798 4797//4797 4669//4669
f 4669//4669 4797//4797 4668//4668
f 4797//4797 4796//4796 4668//4668
f 4668//4668 4796//4796 4667//4667
f 4796//4796 4795//4795 4667//4667
f 4667//4667 4795//4795 4666//4666
f 4795//4795 4794//4794 4666//4666
f 4666//4666 4794//4794 4665//4665
f 4794//4794 4793//4793 4665//4665
f 4665//4665 4793//4793 4664//4664
f 4793//4793 4792//4792 4664//4664
f 4664//4664 4792//4792 4663//4663
f 4792//4792 4791//4791 4663//4663
f 4663//4663 4791//4791 4662//4662
f 4673//4673 4801//4801 4672//4672
f 4695//4695 4823//4823 4694//4694
f 4606//4606 4734//4734 4605//4605
f 4605//4605 4733//4733 4604//4604
f 4548//4548 4676//4676 4547//4547
f 4676//4676 4675//4675 4547//4547
f 4675//4675 4674//4674 4546//4546
f 4546//4546 4674//4674 4545//4545
f 4674//4674 4673//4673 4545//4545
f 4545//4545 4673//4673 4544//4544
f 4673//4673 4672//4672 4544//4544
f 4544//4544 4672//4672 4543//4543
f 4677//4677 4676//4676 4548//4548
f 4672//4672 4671//4671 4543//4543
f 4671//4671 4670//4670 4542//4542
f 4542//4542 4670//4670 4541//4541
f 4670//4670 4669//4669 4541//4541
f 4541//4541 4669//4669 4540//4540
f 4669//4669 4668//4668 4540//4540
f 4540//4540 4668//4668 4539//4539
f 4668//4668 4667//4667 4539//4539
f 4539//4539 4667//4667 4538//4538
f 4543//4543 4671//4671 4542//4542
f 4549//4549 4677//4677 4548//4548
f 4678//4678 4677//4677 4549//4549
f 4550//4550 4678//4678 4549//4549
f 4688//4688 4687//4687 4559//4559
f 4559//4559 4687//4687 4558//4558
f 4687//4687 4686//4686 4558//4558
f 4558//4558 4686//4686 4557//4557
f 4686//4686 4685//4685 4557//4557
f 4557//4557 4685//4685 4556//4556
f 4685//4685 4684//4684 4556//4556
f 4556//4556 4684//4684 4555//4555
f 4684//4684 4683//4683 4555//4555
f 4555//4555 4683//4683 4554//4554
f 4683//4683 4682//4682 4554//4554
f 4554//4554 4682//4682 4553//4553
f 4682//4682 4681//4681 4553//4553
f 4553//4553 4681//4681 4552//4552
f 4681//4681 4680//4680 4552//4552
f 4552//4552 4680//4680 4551//4551
f 4680//4680 4679//4679 4551//4551
f 4551//4551 4679//4679 4550//4550
f 4679//4679 4678//4678 4550//4550
f 4667//4667 4666//4666 4538//4538
f 4560//4560 4688//4688 4559//4559
f 4538//4538 4666//4666 4537//4537
f 4537//4537 4665//4665 4536//4536
f 4525//4525 4653//4653 4524//4524
f 4653//4653 4652//4652 4524//4524
f 4524//4524 4652//4652 4523//4523
f 4652//4652 4651//4651 4523//4523
f 4523//4523 4651//4651 4522//4522
f 4651//4651 4650//4650 4522//4522
f 4522//4522 4650//4650 4521//4521
f 4650//4650 4649//4649 4521//4521
f 4654//4654 4653//4653 4525//4525
f 4521//4521 4649//4649 4520//4520
f 4520//4520 4648//4648 4519//4519
f 4648//4648 4647//4647 4519//4519
f 4519//4519 4647//4647 4518//4518
f 4647//4647 4646//4646 4518//4518
f 4518//4518 4646//4646 4517//4517
f 4646//4646 4645//4645 4517//4517
f 4517//4517 4645//4645 4516//4516
f 4645//4645 4644//4644 4516//4516
f 4649//4649 4648//4648 4520//4520
f 4526//4526 4654//4654 4525//4525
f 4655//4655 4654//4654 4526//4526
f 4527//4527 4655//4655 4526//4526
f 4665//4665 4664//4664 4536//4536
f 4536//4536 4664//4664 4535//4535
f 4664//4664 4663//4663 4535//4535
f 4535//4535 4663//4663 4534//4534
f 4663//4663 4662//4662 4534//4534
f 4534//4534 4662//4662 4533//4533
f 4662//4662 4661//4661 4533//4533
f 4533//4533 4661//4661 4532//4532
f 4661//4661 4660//4660 4532//4532
f 4532//4532 4660//4660 4531//4531
f 4660//4660 4659//4659 4531//4531
f 4531//4531 4659//4659 4530//4530
f 4659//4659 4658//4658 4530//4530
f 4530//4530 4658//4658 4529//4529
f 4658//4658 4657//4657 4529//4529
f 4529//4529 4657//4657 4528//4528
f 4657//4657 4656//4656 4528//4528
f 4528//4528 4656//4656 4527//4527
f 4656//4656 4655//4655 4527//4527
f 4666//4666 4665//4665 4537//4537
f 4734//4734 4733//4733 4605//4605
f 4689//4689 4688//4688 4560//4560
f 4690//4690 4689//4689 4561//4561
f 4593//4593 4721//4721 4592//4592
f 4721//4721 4720//4720 4592//4592
f 4592//4592 4720//4720 4591//4591
f 4720//4720 4719//4719 4591//4591
f 4591//4591 4719//4719 4590//4590
f 4719//4719 4718//4718 4590//4590
f 4590//4590 4718//4718 4589//4589
f 4718//4718 4717//4717 4589//4589
f 4722//4722 4721//4721 4593//4593
f 4589//4589 4717//4717 4588//4588
f 4588//4588 4716//4716 4587//4587
f 4716//4716 4715//4715 4587//4587
f 4587//4587 4715//4715 4586//4586
f 4715//4715 4714//4714 4586//4586
f 4586//4586 4714//4714 4585//4585
f 4714//4714 4713//4713 4585//4585
f 4585//4585 4713//4713 4584//4584
f 4713//4713 4712//4712 4584//4584
f 4717//4717 4716//4716 4588//4588
f 4594//4594 4722//4722 4593//4593
f 4723//4723 4722//4722 4594//4594
f 4595//4595 4723//4723 4594//4594
f 4733//4733 4732//4732 4604//4604
f 4604//4604 4732//4732 4603//4603
f 4732//4732 4731//4731 4603//4603
f 4603//4603 4731//4731 4602//4602
f 4731//4731 4730//4730 4602//4602
f 4602//4602 4730//4730 4601//4601
f 4730//4730 4729//4729 4601//4601
f 4601//4601 4729//4729 4600//4600
f 4729//4729 4728//4728 4600//4600
f 4600//4600 4728//4728 4599//4599
f 4728//4728 4727//4727 4599//4599
f 4599//4599 4727//4727 4598//4598
f 4727//4727 4726//4726 4598//4598
f 4598//4598 4726//4726 4597//4597
f 4726//4726 4725//4725 4597//4597
f 4597//4597 4725//4725 4596//4596
f 4725//4725 4724//4724 4596//4596
f 4596//4596 4724//4724 4595//4595
f 4724//4724 4723//4723 4595//4595
f 4584//4584 4712//4712 4583//4583
f 4561//4561 4689//4689 4560//4560
f 4712//4712 4711//4711 4583//4583
f 4711//4711 4710//4710 4582//4582
f 4699//4699 4698//4698 4570//4570
f 4570//4570 4698//4698 4569//4569
f 4698//4698 4697//4697 4569//4569
f 4569//4569 4697//4697 4568//4568
f 4697//4697 4696//4696 4568//4568
f 4568//4568 4696//4696 4567//4567
f 4696//4696 4695//4695 4567//4567
f 4567//4567 4695//4695 4566//4566
f 4571//4571 4699//4699 4570//4570
f 4695//4695 4694//4694 4566//4566
f 4694//4694 4693//4693 4565//4565
f 4565//4565 4693//4693 4564//4564
f 4693//4693 4692//4692 4564//4564
f 4564//4564 4692//4692 4563//4563
f 4692//4692 4691//4691 4563//4563
f 4563//4563 4691//4691 4562//4562
f 4691//4691 4690//4690 4562//4562
f 4562//4562 4690//4690 4561//4561
f 4566//4566 4694//4694 4565//4565
f 4700//4700 4699//4699 4571//4571
f 4572//4572 4700//4700 4571//4571
f 4701//4701 4700//4700 4572//4572
f 4582//4582 4710//4710 4581//4581
f 4710//4710 4709//4709 4581//4581
f 4581//4581 4709//4709 4580//4580
f 4709//4709 4708//4708 4580//4580
f 4580//4580 4708//4708 4579//4579
f 4708//4708 4707//4707 4579//4579
f 4579//4579 4707//4707 4578//4578
f 4707//4707 4706//4706 4578//4578
f 4578//4578 4706//4706 4577//4577
f 4706//4706 4705//4705 4577//4577
f 4577//4577 4705//4705 4576//4576
f 4705//4705 4704//4704 4576//4576
f 4576//4576 4704//4704 4575//4575
f 4704//4704 4703//4703 4575//4575
f 4575//4575 4703//4703 4574//4574
f 4703//4703 4702//4702 4574//4574
f 4574//4574 4702//4702 4573//4573
f 4702//4702 4701//4701 4573//4573
f 4573//4573 4701//4701 4572//4572
f 4583//4583 4711//4711 4582//4582
f 5004//5004 5003//5003 4875//4875
f 4824//4824 4823//4823 4695//4695
f 4825//4825 4824//4824 4696//4696
f 4818//4818 4946//4946 4817//4817
f 4946//4946 4945//4945 4817//4817
f 4817//4817 4945//4945 4816//4816
f 4945//4945 4944//4944 4816//4816
f 4816//4816 4944//4944 4815//4815
f 4944//4944 4943//4943 4815//4815
f 4815//4815 4943//4943 4814//4814
f 4943//4943 4942//4942 4814//4814
f 4947//4947 4946//4946 4818//4818
f 4814//4814 4942//4942 4813//4813
f 4813//4813 4941//4941 4812//4812
f 4941//4941 4940//4940 4812//4812
f 4812//4812 4940//4940 4811//4811
f 4940//4940 4939//4939 4811//4811
f 4811//4811 4939//4939 4810//4810
f 4939//4939 4938//4938 4810//4810
f 4810//4810 4938//4938 4809//4809
f 4938//4938 4937//4937 4809//4809
f 4942//4942 4941//4941 4813//4813
f 4819//4819 4947//4947 4818//4818
f 4948//4948 4947//4947 4819//4819
f 4820//4820 4948//4948 4819//4819
f 4958//4958 4957//4957 4829//4829
f 4829//4829 4957//4957 4828//4828
f 4957//4957 4956//4956 4828//4828
f 4828//4828 4956//4956 4827//4827
f 4956//4956 4955//4955 4827//4827
f 4827//4827 4955//4955 4826//4826
f 4955//4955 4954//4954 4826//4826
f 4826//4826 4954//4954 4825//4825
f 4954//4954 4953//4953 4825//4825
f 4825//4825 4953//4953 4824//4824
f 4953//4953 4952//4952 4824//4824
f 4824//4824 4952//4952 4823//4823
f 4952//4952 4951//4951 4823//4823
f 4823//4823 4951//4951 4822//4822
f 4951//4951 4950//4950 4822//4822
f 4822//4822 4950//4950 4821//4821
f 4950//4950 4949//4949 4821//4821
f 4821//4821 4949//4949 4820//4820
f 4949//4949 4948//4948 4820//4820
f 4809//4809 4937//4937 4808//4808
f 4830//4830 4958//4958 4829//4829
f 4937//4937 4936//4936 4808//4808
f 4936//4936 4935//4935 4807//4807
f 4924//4924 4923//4923 4795//4795
f 4795//4795 4923//4923 4794//4794
f 4923//4923 4922//4922 4794//4794
f 4794//4794 4922//4922 4793//4793
f 4922//4922 4921//4921 4793//4793
f 4793//4793 4921//4921 4792//4792
f 4921//4921 4920//4920 4792//4792
f 4792//4792 4920//4920 4791//4791
f 4796//4796 4924//4924 4795//4795
f 4920//4920 4919//4919 4791//4791
f 4919//4919 4918//4918 4790//4790
f 4790//4790 4918//4918 4789//4789
f 4918//4918 4917//4917 4789//4789
f 4789//4789 4917//4917 4788//4788
f 4917//4917 4916//4916 4788//4788
f 4788//4788 4916//4916 4787//4787
f 4916//4916 4915//4915 4787//4787
f 4787//4787 4915//4915 4786//4786
f 4791//4791 4919//4919 4790//4790
f 4925//4925 4924//4924 4796//4796
f 4797//4797 4925//4925 4796//4796
f 4926//4926 4925//4925 4797//4797
f 4807//4807 4935//4935 4806//4806
f 4935//4935 4934//4934 4806//4806
f 4806//4806 4934//4934 4805//4805
f 4934//4934 4933//4933 4805//4805
f 4805//4805 4933//4933 4804//4804
f 4933//4933 4932//4932 4804//4804
f 4804//4804 4932//4932 4803//4803
f 4932//4932 4931//4931 4803//4803
f 4803//4803 4931//4931 4802//4802
f 4931//4931 4930//4930 4802//4802
f 4802//4802 4930//4930 4801//4801
f 4930//4930 4929//4929 4801//4801
f 4801//4801 4929//4929 4800//4800
f 4929//4929 4928//4928 4800//4800
f 4800//4800 4928//4928 4799//4799
f 4928//4928 4927//4927 4799//4799
f 4799//4799 4927//4927 4798//4798
f 4927//4927 4926//4926 4798//4798
f 4798//4798 4926//4926 4797//4797
f 4808//4808 4936//4936 4807//4807
f 4915//4915 4914//4914 4786//4786
f 4959//4959 4958//4958 4830//4830
f 4960//4960 4959//4959 4831//4831
f 4863//4863 4991//4991 4862//4862
f 4991//4991 4990//4990 4862//4862
f 4862//4862 4990//4990 4861//4861
f 4990//4990 4989//4989 4861//4861
f 4861//4861 4989//4989 4860//4860
f 4989//4989 4988//4988 4860//4860
f 4860//4860 4988//4988 4859//4859
f 4988//4988 4987//4987 4859//4859
f 4992//4992 4991//4991 4863//4863
f 4859//4859 4987//4987 4858//4858
f 4858//4858 4986//4986 4857//4857
f 4986//4986 4985//4985 4857//4857
f 4857//4857 4985//4985 4856//4856
f 4985//4985 4984//4984 4856//4856
f 4856//4856 4984//4984 4855//4855
f 4984//4984 4983//4983 4855//4855
f 4855//4855 4983//4983 4854//4854
f 4983//4983 4982//4982 4854//4854
f 4987//4987 4986//4986 4858//4858
f 4864//4864 4992//4992 4863//4863
f 4993//4993 4992//4992 4864//4864
f 4865//4865 4993//4993 4864//4864
f 5003//5003 5002//5002 4874//4874
f 4874//4874 5002//5002 4873//4873
f 5002//5002 5001//5001 4873//4873
f 4873//4873 5001//5001 4872//4872
f 5001//5001 5000//5000 4872//4872
f 4872//4872 5000//5000 4871//4871
f 5000//5000 4999//4999 4871//4871
f 4871//4871 4999//4999 4870//4870
f 4999//4999 4998//4998 4870//4870
f 4870//4870 4998//4998 4869//4869
f 4998//4998 4997//4997 4869//4869
f 4869//4869 4997//4997 4868//4868
f 4997//4997 4996//4996 4868//4868
f 4868//4868 4996//4996 4867//4867
f 4996//4996 4995//4995 4867//4867
f 4739//4739 4867//4867 4866//4866
f 4867//4867 4994//4994 4866//4866
f 4866//4866 4994//4994 4865//4865
f 4994//4994 4993//4993 4865//4865
f 4854//4854 4982//4982 4853//4853
f 4831//4831 4959//4959 4830//4830
f 4982//4982 4981//4981 4853//4853
f 4981//4981 4980//4980 4852//4852
f 4969//4969 4968//4968 4840//4840
f 4840//4840 4968//4968 4839//4839
f 4968//4968 4967//4967 4839//4839
f 4839//4839 4967//4967 4838//4838
f 4967//4967 4966//4966 4838//4838
f 4838//4838 4966//4966 4837//4837
f 4966//4966 4965//4965 4837//4837
f 4837//4837 4965//4965 4836//4836
f 4841//4841 4969//4969 4840//4840
f 4965//4965 4964//4964 4836//4836
f 4964//4964 4963//4963 4835//4835
f 4835//4835 4963//4963 4834//4834
f 4963//4963 4962//4962 4834//4834
f 4834//4834 4962//4962 4833//4833
f 4962//4962 4961//4961 4833//4833
f 4833//4833 4961//4961 4832//4832
f 4961//4961 4960//4960 4832//4832
f 4832//4832 4960//4960 4831//4831
f 4836//4836 4964//4964 4835//4835
f 4970//4970 4969//4969 4841//4841
f 4842//4842 4970//4970 4841//4841
f 4971//4971 4970//4970 4842//4842
f 4852//4852 4980//4980 4851//4851
f 4980//4980 4979//4979 4851//4851
f 4851//4851 4979//4979 4850//4850
f 4979//4979 4978//4978 4850//4850
f 4850//4850 4978//4978 4849//4849
f 4978//4978 4977//4977 4849//4849
f 4849//4849 4977//4977 4848//4848
f 4977//4977 4976//4976 4848//4848
f 4848//4848 4976//4976 4847//4847
f 4976//4976 4975//4975 4847//4847
f 4847//4847 4975//4975 4846//4846
f 4975//4975 4974//4974 4846//4846
f 4846//4846 4974//4974 4845//4845
f 4974//4974 4973//4973 4845//4845
f 4845//4845 4973//4973 4844//4844
f 4973//4973 4972//4972 4844//4844
f 4844//4844 4972//4972 4843//4843
f 4972//4972 4971//4971 4843//4843
f 4843//4843 4971//4971 4842//4842
f 4853//4853 4981//4981 4852//4852
f 4696//4696 4824//4824 4695//4695
f 4786//4786 4914//4914 4785//4785
f 4785//4785 4913//4913 4784//4784
f 4728//4728 4856//4856 4727//4727
f 4856//4856 4855//4855 4727//4727
f 4727//4727 4855//4855 4726//4726
f 4855//4855 4854//4854 4726//4726
f 4726//4726 4854//4854 4725//4725
f 4854//4854 4853//4853 4725//4725
f 4725//4725 4853//4853 4724//4724
f 4853//4853 4852//4852 4724//4724
f 4857//4857 4856//4856 4728//4728
f 4724//4724 4852//4852 4723//4723
f 4723//4723 4851//4851 4722//4722
f 4851//4851 4850//4850 4722//4722
f 4722//4722 4850//4850 4721//4721
f 4850//4850 4849//4849 4721//4721
f 4721//4721 4849//4849 4720//4720
f 4849//4849 4848//4848 4720//4720
f 4720//4720 4848//4848 4719//4719
f 4848//4848 4847//4847 4719//4719
f 4852//4852 4851//4851 4723//4723
f 4729//4729 4857//4857 4728//4728
f 4858//4858 4857//4857 4729//4729
f 4730//4730 4858//4858 4729//4729
f 4868//4868 4867//4867 4739//4739
f 4611//4611 4739//4739 4738//4738
f 4739//4739 4866//4866 4738//4738
f 4738//4738 4866//4866 4737//4737
f 4866//4866 4865//4865 4737//4737
f 4737//4737 4865//4865 4736//4736
f 4865//4865 4864//4864 4736//4736
f 4736//4736 4864//4864 4735//4735
f 4864//4864 4863//4863 4735//4735
f 4735//4735 4863//4863 4734//4734
f 4863//4863 4862//4862 4734//4734
f 4734//4734 4862//4862 4733//4733
f 4862//4862 4861//4861 4733//4733
f 4733//4733 4861//4861 4732//4732
f 4861//4861 4860//4860 4732//4732
f 4732//4732 4860//4860 4731//4731
f 4860//4860 4859//4859 4731//4731
f 4731//4731 4859//4859 4730//4730
f 4859//4859 4858//4858 4730//4730
f 4719//4719 4847//4847 4718//4718
f 4740//4740 4868//4868 4739//4739
f 4847//4847 4846//4846 4718//4718
f 4846//4846 4845//4845 4717//4717
f 4834//4834 4833//4833 4705//4705
f 4705//4705 4833//4833 4704//4704
f 4833//4833 4832//4832 4704//4704
f 4704//4704 4832//4832 4703//4703
f 4832//4832 4831//4831 4703//4703
f 4703//4703 4831//4831 4702//4702
f 4831//4831 4830//4830 4702//4702
f 4702//4702 4830//4830 4701//4701
f 4706//4706 4834//4834 4705//4705
f 4830//4830 4829//4829 4701//4701
f 4829//4829 4828//4828 4700//4700
f 4700//4700 4828//4828 4699//4699
f 4828//4828 4827//4827 4699//4699
f 4699//4699 4827//4827 4698//4698
f 4827//4827 4826//4826 4698//4698
f 4698//4698 4826//4826 4697//4697
f 4826//4826 4825//4825 4697//4697
f 4697//4697 4825//4825 4696//4696
f 4701//4701 4829//4829 4700//4700
f 4835//4835 4834//4834 4706//4706
f 4707//4707 4835//4835 4706//4706
f 4836//4836 4835//4835 4707//4707
f 4717//4717 4845//4845 4716//4716
f 4845//4845 4844//4844 4716//4716
f 4716//4716 4844//4844 4715//4715
f 4844//4844 4843//4843 4715//4715
f 4715//4715 4843//4843 4714//4714
f 4843//4843 4842//4842 4714//4714
f 4714//4714 4842//4842 4713//4713
f 4842//4842 4841//4841 4713//4713
f 4713//4713 4841//4841 4712//4712
f 4841//4841 4840//4840 4712//4712
f 4712//4712 4840//4840 4711//4711
f 4840//4840 4839//4839 4711//4711
f 4711//4711 4839//4839 4710//4710
f 4839//4839 4838//4838 4710//4710
f 4710//4710 4838//4838 4709//4709
f 4838//4838 4837//4837 4709//4709
f 4709//4709 4837//4837 4708//4708
f 4837//4837 4836//4836 4708//4708
f 4708//4708 4836//4836 4707//4707
f 4718//4718 4846//4846 4717//4717
f 4914//4914 4913//4913 4785//4785
f 4869//4869 4868//4868 4740//4740
f 4870//4870 4869//4869 4741//4741
f 4773//4773 4901//4901 4772//4772
f 4901//4901 4900//4900 4772//4772
f 4772//4772 4900//4900 4771//4771
f 4900//4900 4899//4899 4771//4771
f 4771//4771 4899//4899 4770//4770
f 4899//4899 4898//4898 4770//4770
f 4770//4770 4898//4898 4769//4769
f 4898//4898 4897//4897 4769//4769
f 4902//4902 4901//4901 4773//4773
f 4769//4769 4897//4897 4768//4768
f 4768//4768 4896//4896 4767//4767
f 4896//4896 4895//4895 4767//4767
f 4767//4767 4895//4895 4766//4766
f 4895//4895 4894//4894 4766//4766
f 4766//4766 4894//4894 4765//4765
f 4894//4894 4893//4893 4765//4765
f 4765//4765 4893//4893 4764//4764
f 4893//4893 4892//4892 4764//4764
f 4897//4897 4896//4896 4768//4768
f 4774//4774 4902//4902 4773//4773
f 4903//4903 4902//4902 4774//4774
f 4775//4775 4903//4903 4774//4774
f 4913//4913 4912//4912 4784//4784
f 4784//4784 4912//4912 4783//4783
f 4912//4912 4911//4911 4783//4783
f 4783//4783 4911//4911 4782//4782
f 4911//4911 4910//4910 4782//4782
f 4782//4782 4910//4910 4781//4781
f 4910//4910 4909//4909 4781//4781
f 4781//4781 4909//4909 4780//4780
f 4909//4909 4908//4908 4780//4780
f 4780//4780 4908//4908 4779//4779
f 4908//4908 4907//4907 4779//4779
f 4779//4779 4907//4907 4778//4778
f 4907//4907 4906//4906 4778//4778
f 4778//4778 4906//4906 4777//4777
f 4906//4906 4905//4905 4777//4777
f 4777//4777 4905//4905 4776//4776
f 4905//4905 4904//4904 4776//4776
f 4776//4776 4904//4904 4775//4775
f 4904//4904 4903//4903 4775//4775
f 4764//4764 4892//4892 4763//4763
f 4741//4741 4869//4869 4740//4740
f 4892//4892 4891//4891 4763//4763
f 4891//4891 4890//4890 4762//4762
f 4879//4879 4878//4878 4750//4750
f 4750//4750 4878//4878 4749//4749
f 4878//4878 4877//4877 4749//4749
f 4749//4749 4877//4877 4748//4748
f 4877//4877 4876//4876 4748//4748
f 4748//4748 4876//4876 4747//4747
f 4876//4876 4875//4875 4747//4747
f 4747//4747 4875//4875 4746//4746
f 4751//4751 4879//4879 4750//4750
f 4875//4875 4874//4874 4746//4746
f 4874//4874 4873//4873 4745//4745
f 4745//4745 4873//4873 4744//4744
f 4873//4873 4872//4872 4744//4744
f 4744//4744 4872//4872 4743//4743
f 4872//4872 4871//4871 4743//4743
f 4743//4743 4871//4871 4742//4742
f 4871//4871 4870//4870 4742//4742
f 4742//4742 4870//4870 4741//4741
f 4746//4746 4874//4874 4745//4745
f 4880//4880 4879//4879 4751//4751
f 4752//4752 4880//4880 4751//4751
f 4881//4881 4880//4880 4752//4752
f 4762//4762 4890//4890 4761//4761
f 4890//4890 4889//4889 4761//4761
f 4761//4761 4889//4889 4760//4760
f 4889//4889 4888//4888 4760//4760
f 4760//4760 4888//4888 4759//4759
f 4888//4888 4887//4887 4759//4759
f 4759//4759 4887//4887 4758//4758
f 4887//4887 4886//4886 4758//4758
f 4758//4758 4886//4886 4757//4757
f 4886//4886 4885//4885 4757//4757
f 4757//4757 4885//4885 4756//4756
f 4885//4885 4884//4884 4756//4756
f 4756//4756 4884//4884 4755//4755
f 4884//4884 4883//4883 4755//4755
f 4755//4755 4883//4883 4754//4754
f 4883//4883 4882//4882 4754//4754
f 4754//4754 4882//4882 4753//4753
f 4882//4882 4881//4881 4753//4753
f 4753//4753 4881//4881 4752//4752
f 4763//4763 4891//4891 4762//4762
f 5364//5364 5363//5363 5235//5235
f 5236//5236 5364//5364 5235//5235
f 5365//5365 5364//5364 5236//5236
f 5847//5847 5846//5846 5718//5718
f 5718//5718 5846//5846 5717//5717
f 5846//5846 5845//5845 5717//5717
f 5717//5717 5845//5845 5716//5716
f 5845//5845 5844//5844 5716//5716
f 5716//5716 5844//5844 5715//5715
f 5844//5844 5843//5843 5715//5715
f 5715//5715 5843//5843 5714//5714
f 5719//5719 5847//5847 5718//5718
f 5843//5843 5842//5842 5714//5714
f 5842//5842 5841//5841 5713//5713
f 5713//5713 5841//5841 5712//5712
f 5841//5841 5840//5840 5712//5712
f 5712//5712 5840//5840 5711//5711
f 5840//5840 5839//5839 5711//5711
f 5711//5711 5839//5839 5710//5710
f 5839//5839 5838//5838 5710//5710
f 5710//5710 5838//5838 5709//5709
f 5714//5714 5842//5842 5713//5713
f 5848//5848 5847//5847 5719//5719
f 5720//5720 5848//5848 5719//5719
f 5849//5849 5848//5848 5720//5720
f 5730//5730 5858//5858 5729//5729
f 5858//5858 5857//5857 5729//5729
f 5729//5729 5857//5857 5728//5728
f 5857//5857 5856//5856 5728//5728
f 5728//5728 5856//5856 5727//5727
f 5856//5856 5855//5855 5727//5727
f 5727//5727 5855//5855 5726//5726
f 5855//5855 5854//5854 5726//5726
f 5726//5726 5854//5854 5725//5725
f 5854//5854 5853//5853 5725//5725
f 5725//5725 5853//5853 5724//5724
f 5853//5853 5852//5852 5724//5724
f 5724//5724 5852//5852 5723//5723
f 5852//5852 5851//5851 5723//5723
f 5723//5723 5851//5851 5722//5722
f 5851//5851 5850//5850 5722//5722
f 5722//5722 5850//5850 5721//5721
f 5850//5850 5849//5849 5721//5721
f 5721//5721 5849//5849 5720//5720
f 5838//5838 5837//5837 5709//5709
f 5859//5859 5858//5858 5730//5730
f 5709//5709 5837//5837 5708//5708
f 5708//5708 5836//5836 5707//5707
f 5696//5696 5824//5824 5695//5695
f 5824//5824 5823//5823 5695//5695
f 5695//5695 5823//5823 5694//5694
f 5823//5823 5822//5822 5694//5694
f 5694//5694 5822//5822 5693//5693
f 5822//5822 5821//5821 5693//5693
f 5693//5693 5821//5821 5692//5692
f 5821//5821 5820//5820 5692//5692
f 5825//5825 5824//5824 5696//5696
f 5692//5692 5820//5820 5691//5691
f 5691//5691 5819//5819 5690//5690
f 5819//5819 5818//5818 5690//5690
f 5690//5690 5818//5818 5689//5689
f 5818//5818 5817//5817 5689//5689
f 5689//5689 5817//5817 5688//5688
f 5817//5817 5816//5816 5688//5688
f 5688//5688 5816//5816 5687//5687
f 5816//5816 5815//5815 5687//5687
f 5820//5820 5819//5819 5691//5691
f 5697//5697 5825//5825 5696//5696
f 5826//5826 5825//5825 5697//5697
f 5698//5698 5826//5826 5697//5697
f 5836//5836 5835//5835 5707//5707
f 5707//5707 5835//5835 5706//5706
f 5835//5835 5834//5834 5706//5706
f 5706//5706 5834//5834 5705//5705
f 5834//5834 5833//5833 5705//5705
f 5705//5705 5833//5833 5704//5704
f 5833//5833 5832//5832 5704//5704
f 5704//5704 5832//5832 5703//5703
f 5832//5832 5831//5831 5703//5703
f 5703//5703 5831//5831 5702//5702
f 5831//5831 5830//5830 5702//5702
f 5702//5702 5830//5830 5701//5701
f 5830//5830 5829//5829 5701//5701
f 5701//5701 5829//5829 5700//5700
f 5829//5829 5828//5828 5700//5700
f 5700//5700 5828//5828 5699//5699
f 5828//5828 5827//5827 5699//5699
f 5699//5699 5827//5827 5698//5698
f 5827//5827 5826//5826 5698//5698
f 5837//5837 5836//5836 5708//5708
f 5687//5687 5815//5815 5686//5686
f 5731//5731 5859//5859 5730//5730
f 5732//5732 5860//5860 5731//5731
f 5892//5892 5891//5891 5763//5763
f 5635//5635 5763//5763 5762//5762
f 5763//5763 5890//5890 5762//5762
f 5762//5762 5890//5890 5761//5761
f 5890//5890 5889//5889 5761//5761
f 5761//5761 5889//5889 5760//5760
f 5889//5889 5888//5888 5760//5760
f 5760//5760 5888//5888 5759//5759
f 5764//5764 5892//5892 5763//5763
f 5888//5888 5887//5887 5759//5759
f 5887//5887 5886//5886 5758//5758
f 5758//5758 5886//5886 5757//5757
f 5886//5886 5885//5885 5757//5757
f 5757//5757 5885//5885 5756//5756
f 5885//5885 5884//5884 5756//5756
f 5756//5756 5884//5884 5755//5755
f 5884//5884 5883//5883 5755//5755
f 5755//5755 5883//5883 5754//5754
f 5759//5759 5887//5887 5758//5758
f 5893//5893 5892//5892 5764//5764
f 5765//5765 5893//5893 5764//5764
f 5894//5894 5893//5893 5765//5765
f 5775//5775 5903//5903 5774//5774
f 5903//5903 5902//5902 5774//5774
f 5774//5774 5902//5902 5773//5773
f 5902//5902 5901//5901 5773//5773
f 5773//5773 5901//5901 5772//5772
f 5901//5901 5900//5900 5772//5772
f 5772//5772 5900//5900 5771//5771
f 5900//5900 5899//5899 5771//5771
f 5771//5771 5899//5899 5770//5770
f 5899//5899 5898//5898 5770//5770
f 5770//5770 5898//5898 5769//5769
f 5898//5898 5897//5897 5769//5769
f 5769//5769 5897//5897 5768//5768
f 5897//5897 5896//5896 5768//5768
f 5768//5768 5896//5896 5767//5767
f 5896//5896 5895//5895 5767//5767
f 5767//5767 5895//5895 5766//5766
f 5895//5895 5894//5894 5766//5766
f 5766//5766 5894//5894 5765//5765
f 5883//5883 5882//5882 5754//5754
f 5860//5860 5859//5859 5731//5731
f 5754//5754 5882//5882 5753//5753
f 5753//5753 5881//5881 5752//5752
f 5741//5741 5869//5869 5740//5740
f 5869//5869 5868//5868 5740//5740
f 5740//5740 5868//5868 5739//5739
f 5868//5868 5867//5867 5739//5739
f 5739//5739 5867//5867 5738//5738
f 5867//5867 5866//5866 5738//5738
f 5738//5738 5866//5866 5737//5737
f 5866//5866 5865//5865 5737//5737
f 5870//5870 5869//5869 5741//5741
f 5737//5737 5865//5865 5736//5736
f 5736//5736 5864//5864 5735//5735
f 5864//5864 5863//5863 5735//5735
f 5735//5735 5863//5863 5734//5734
f 5863//5863 5862//5862 5734//5734
f 5734//5734 5862//5862 5733//5733
f 5862//5862 5861//5861 5733//5733
f 5733//5733 5861//5861 5732//5732
f 5861//5861 5860//5860 5732//5732
f 5865//5865 5864//5864 5736//5736
f 5742//5742 5870//5870 5741//5741
f 5871//5871 5870//5870 5742//5742
f 5743//5743 5871//5871 5742//5742
f 5881//5881 5880//5880 5752//5752
f 5752//5752 5880//5880 5751//5751
f 5880//5880 5879//5879 5751//5751
f 5751//5751 5879//5879 5750//5750
f 5879//5879 5878//5878 5750//5750
f 5750//5750 5878//5878 5749//5749
f 5878//5878 5877//5877 5749//5749
f 5749//5749 5877//5877 5748//5748
f 5877//5877 5876//5876 5748//5748
f 5748//5748 5876//5876 5747//5747
f 5876//5876 5875//5875 5747//5747
f 5747//5747 5875//5875 5746//5746
f 5875//5875 5874//5874 5746//5746
f 5746//5746 5874//5874 5745//5745
f 5874//5874 5873//5873 5745//5745
f 5745//5745 5873//5873 5744//5744
f 5873//5873 5872//5872 5744//5744
f 5744//5744 5872//5872 5743//5743
f 5872//5872 5871//5871 5743//5743
f 5882//5882 5881//5881 5753//5753
f 5904//5904 5903//5903 5775//5775
f 5815//5815 5814//5814 5686//5686
f 5814//5814 5813//5813 5685//5685
f 5757//5757 5756//5756 5628//5628
f 5628//5628 5756//5756 5627//5627
f 5756//5756 5755//5755 5627//5627
f 5627//5627 5755//5755 5626//5626
f 5755//5755 5754//5754 5626//5626
f 5626//5626 5754//5754 5625//5625
f 5754//5754 5753//5753 5625//5625
f 5625//5625 5753//5753 5624//5624
f 5629//5629 5757//5757 5628//5628
f 5753//5753 5752//5752 5624//5624
f 5752//5752 5751//5751 5623//5623
f 5623//5623 5751//5751 5622//5622
f 5751//5751 5750//5750 5622//5622
f 5622//5622 5750//5750 5621//5621
f 5750//5750 5749//5749 5621//5621
f 5621//5621 5749//5749 5620//5620
f 5749//5749 5748//5748 5620//5620
f 5620//5620 5748//5748 5619//5619
f 5624//5624 5752//5752 5623//5623
f 5758//5758 5757//5757 5629//5629
f 5630//5630 5758//5758 5629//5629
f 5759//5759 5758//5758 5630//5630
f 5640//5640 5768//5768 5639//5639
f 5768//5768 5767//5767 5639//5639
f 5639//5639 5767//5767 5638//5638
f 5767//5767 5766//5766 5638//5638
f 5638//5638 5766//5766 5637//5637
f 5766//5766 5765//5765 5637//5637
f 5637//5637 5765//5765 5636//5636
f 5765//5765 5764//5764 5636//5636
f 5636//5636 5764//5764 5635//5635
f 5764//5764 5763//5763 5635//5635
f 5507//5507 5635//5635 5634//5634
f 5635//5635 5762//5762 5634//5634
f 5634//5634 5762//5762 5633//5633
f 5762//5762 5761//5761 5633//5633
f 5633//5633 5761//5761 5632//5632
f 5761//5761 5760//5760 5632//5632
f 5632//5632 5760//5760 5631//5631
f 5760//5760 5759//5759 5631//5631
f 5631//5631 5759//5759 5630//5630
f 5748//5748 5747//5747 5619//5619
f 5769//5769 5768//5768 5640//5640
f 5619//5619 5747//5747 5618//5618
f 5618//5618 5746//5746 5617//5617
f 5606//5606 5734//5734 5605//5605
f 5734//5734 5733//5733 5605//5605
f 5605//5605 5733//5733 5604//5604
f 5733//5733 5732//5732 5604//5604
f 5604//5604 5732//5732 5603//5603
f 5732//5732 5731//5731 5603//5603
f 5603//5603 5731//5731 5602//5602
f 5731//5731 5730//5730 5602//5602
f 5735//5735 5734//5734 5606//5606
f 5602//5602 5730//5730 5601//5601
f 5601//5601 5729//5729 5600//5600
f 5729//5729 5728//5728 5600//5600
f 5600//5600 5728//5728 5599//5599
f 5728//5728 5727//5727 5599//5599
f 5599//5599 5727//5727 5598//5598
f 5727//5727 5726//5726 5598//5598
f 5598//5598 5726//5726 5597//5597
f 5726//5726 5725//5725 5597//5597
f 5730//5730 5729//5729 5601//5601
f 5607//5607 5735//5735 5606//5606
f 5736//5736 5735//5735 5607//5607
f 5608//5608 5736//5736 5607//5607
f 5746//5746 5745//5745 5617//5617
f 5617//5617 5745//5745 5616//5616
f 5745//5745 5744//5744 5616//5616
f 5616//5616 5744//5744 5615//5615
f 5744//5744 5743//5743 5615//5615
f 5615//5615 5743//5743 5614//5614
f 5743//5743 5742//5742 5614//5614
f 5614//5614 5742//5742 5613//5613
f 5742//5742 5741//5741 5613//5613
f 5613//5613 5741//5741 5612//5612
f 5741//5741 5740//5740 5612//5612
f 5612//5612 5740//5740 5611//5611
f 5740//5740 5739//5739 5611//5611
f 5611//5611 5739//5739 5610//5610
f 5739//5739 5738//5738 5610//5610
f 5610//5610 5738//5738 5609//5609
f 5738//5738 5737//5737 5609//5609
f 5609//5609 5737//5737 5608//5608
f 5737//5737 5736//5736 5608//5608
f 5747//5747 5746//5746 5618//5618
f 5686//5686 5814//5814 5685//5685
f 5641//5641 5769//5769 5640//5640
f 5642//5642 5770//5770 5641//5641
f 5802//5802 5801//5801 5673//5673
f 5673//5673 5801//5801 5672//5672
f 5801//5801 5800//5800 5672//5672
f 5672//5672 5800//5800 5671//5671
f 5800//5800 5799//5799 5671//5671
f 5671//5671 5799//5799 5670//5670
f 5799//5799 5798//5798 5670//5670
f 5670//5670 5798//5798 5669//5669
f 5674//5674 5802//5802 5673//5673
f 5798//5798 5797//5797 5669//5669
f 5797//5797 5796//5796 5668//5668
f 5668//5668 5796//5796 5667//5667
f 5796//5796 5795//5795 5667//5667
f 5667//5667 5795//5795 5666//5666
f 5795//5795 5794//5794 5666//5666
f 5666//5666 5794//5794 5665//5665
f 5794//5794 5793//5793 5665//5665
f 5665//5665 5793//5793 5664//5664
f 5669//5669 5797//5797 5668//5668
f 5803//5803 5802//5802 5674//5674
f 5675//5675 5803//5803 5674//5674
f 5804//5804 5803//5803 5675//5675
f 5685//5685 5813//5813 5684//5684
f 5813//5813 5812//5812 5684//5684
f 5684//5684 5812//5812 5683//5683
f 5812//5812 5811//5811 5683//5683
f 5683//5683 5811//5811 5682//5682
f 5811//5811 5810//5810 5682//5682
f 5682//5682 5810//5810 5681//5681
f 5810//5810 5809//5809 5681//5681
f 5681//5681 5809//5809 5680//5680
f 5809//5809 5808//5808 5680//5680
f 5680//5680 5808//5808 5679//5679
f 5808//5808 5807//5807 5679//5679
f 5679//5679 5807//5807 5678//5678
f 5807//5807 5806//5806 5678//5678
f 5678//5678 5806//5806 5677//5677
f 5806//5806 5805//5805 5677//5677
f 5677//5677 5805//5805 5676//5676
f 5805//5805 5804//5804 5676//5676
f 5676//5676 5804//5804 5675//5675
f 5793//5793 5792//5792 5664//5664
f 5770//5770 5769//5769 5641//5641
f 5664//5664 5792//5792 5663//5663
f 5663//5663 5791//5791 5662//5662
f 5651//5651 5779//5779 5650//5650
f 5779//5779 5778//5778 5650//5650
f 5650//5650 5778//5778 5649//5649
f 5778//5778 5777//5777 5649//5649
f 5649//5649 5777//5777 5648//5648
f 5777//5777 5776//5776 5648//5648
f 5648//5648 5776//5776 5647//5647
f 5776//5776 5775//5775 5647//5647
f 5780//5780 5779//5779 5651//5651
f 5647//5647 5775//5775 5646//5646
f 5646//5646 5774//5774 5645//5645
f 5774//5774 5773//5773 5645//5645
f 5645//5645 5773//5773 5644//5644
f 5773//5773 5772//5772 5644//5644
f 5644//5644 5772//5772 5643//5643
f 5772//5772 5771//5771 5643//5643
f 5643//5643 5771//5771 5642//5642
f 5771//5771 5770//5770 5642//5642
f 5775//5775 5774//5774 5646//5646
f 5652//5652 5780//5780 5651//5651
f 5781//5781 5780//5780 5652//5652
f 5653//5653 5781//5781 5652//5652
f 5791//5791 5790//5790 5662//5662
f 5662//5662 5790//5790 5661//5661
f 5790//5790 5789//5789 5661//5661
f 5661//5661 5789//5789 5660//5660
f 5789//5789 5788//5788 5660//5660
f 5660//5660 5788//5788 5659//5659
f 5788//5788 5787//5787 5659//5659
f 5659//5659 5787//5787 5658//5658
f 5787//5787 5786//5786 5658//5658
f 5658//5658 5786//5786 5657//5657
f 5786//5786 5785//5785 5657//5657
f 5657//5657 5785//5785 5656//5656
f 5785//5785 5784//5784 5656//5656
f 5656//5656 5784//5784 5655//5655
f 5784//5784 5783//5783 5655//5655
f 5655//5655 5783//5783 5654//5654
f 5783//5783 5782//5782 5654//5654
f 5654//5654 5782//5782 5653//5653
f 5782//5782 5781//5781 5653//5653
f 5792//5792 5791//5791 5663//5663
f 5597//5597 5725//5725 5596//5596
f 5776//5776 5904//5904 5775//5775
f 5777//5777 5905//5905 5776//5776
f 5906//5906 6019//6019 5905//5905
f 5905//5905 6019//6019 5904//5904
f 5904//5904 6019//6019 5903//5903
f 5903//5903 6019//6019 5902//5902
f 5902//5902 6019//6019 5901//5901
f 5901//5901 6019//6019 5900//5900
f 5900//5900 6019//6019 5899//5899
f 5899//5899 6019//6019 5898//5898
f 5907//5907 6019//6019 5906//5906
f 5898//5898 6019//6019 5897//5897
f 5896//5896 6019//6019 5895//5895
f 5895//5895 6019//6019 5894//5894
f 5894//5894 6019//6019 5893//5893
f 5893//5893 6019//6019 5892//5892
f 5892//5892 6019//6019 5891//5891
f 5763//5763 5891//5891 5890//5890
f 5891//5891 6018//6018 5890//5890
f 5890//5890 6018//6018 5889//5889
f 5897//5897 6019//6019 5896//5896
f 5908//5908 6019//6019 5907//5907
f 5909//5909 6019//6019 5908//5908
f 5910//5910 6019//6019 5909//5909
f 5929//5929 6019//6019 5928//5928
f 5928//5928 6019//6019 5927//5927
f 5927//5927 6019//6019 5926//5926
f 5926//5926 6019//6019 5925//5925
f 5925//5925 6019//6019 5924//5924
f 5924//5924 6019//6019 5923//5923
f 5923//5923 6019//6019 5922//5922
f 5922//5922 6019//6019 5921//5921
f 5921//5921 6019//6019 5920//5920
f 5920//5920 6019//6019 5919//5919
f 5919//5919 6019//6019 5918//5918
f 5918//5918 6019//6019 5917//5917
f 5917//5917 6019//6019 5916//5916
f 5916//5916 6019//6019 5915//5915
f 5915//5915 6019//6019 5914//5914
f 5914//5914 6019//6019 5913//5913
f 5913//5913 6019//6019 5912//5912
f 5912//5912 6019//6019 5911//5911
f 5911//5911 6019//6019 5910//5910
f 6018//6018 6017//6017 5889//5889
f 5930//5930 6019//6019 5929//5929
f 5889//5889 6017//6017 5888//5888
f 5888//5888 6016//6016 5887//5887
f 5876//5876 6004//6004 5875//5875
f 6004//6004 6003//6003 5875//5875
f 5875//5875 6003//6003 5874//5874
f 6003//6003 6002//6002 5874//5874
f 5874//5874 6002//6002 5873//5873
f 6002//6002 6001//6001 5873//5873
f 5873//5873 6001//6001 5872//5872
f 6001//6001 6000//6000 5872//5872
f 6005//6005 6004//6004 5876//5876
f 5872//5872 6000//6000 5871//5871
f 5871//5871 5999//5999 5870//5870
f 5999//5999 5998//5998 5870//5870
f 5870//5870 5998//5998 5869//5869
f 5998//5998 5997//5997 5869//5869
f 5869//5869 5997//5997 5868//5868
f 5997//5997 5996//5996 5868//5868
f 5868//5868 5996//5996 5867//5867
f 5996//5996 5995//5995 5867//5867
f 6000//6000 5999//5999 5871//5871
f 5877//5877 6005//6005 5876//5876
f 6006//6006 6005//6005 5877//5877
f 5878//5878 6006//6006 5877//5877
f 6016//6016 6015//6015 5887//5887
f 5887//5887 6015//6015 5886//5886
f 6015//6015 6014//6014 5886//5886
f 5886//5886 6014//6014 5885//5885
f 6014//6014 6013//6013 5885//5885
f 5885//5885 6013//6013 5884//5884
f 6013//6013 6012//6012 5884//5884
f 5884//5884 6012//6012 5883//5883
f 6012//6012 6011//6011 5883//5883
f 5883//5883 6011//6011 5882//5882
f 6011//6011 6010//6010 5882//5882
f 5882//5882 6010//6010 5881//5881
f 6010//6010 6009//6009 5881//5881
f 5881//5881 6009//6009 5880//5880
f 6009//6009 6008//6008 5880//5880
f 5880//5880 6008//6008 5879//5879
f 6008//6008 6007//6007 5879//5879
f 5879//5879 6007//6007 5878//5878
f 6007//6007 6006//6006 5878//5878
f 6017//6017 6016//6016 5888//5888
f 5867//5867 5995//5995 5866//5866
f 5931//5931 6019//6019 5930//5930
f 5933//5933 6019//6019 5932//5932
f 5996//5996 6019//6019 5995//5995
f 5995//5995 6019//6019 5994//5994
f 5994//5994 6019//6019 5993//5993
f 5993//5993 6019//6019 5992//5992
f 5992//5992 6019//6019 5991//5991
f 5991//5991 6019//6019 5990//5990
f 5990//5990 6019//6019 5989//5989
f 5989//5989 6019//6019 5988//5988
f 5997//5997 6019//6019 5996//5996
f 5988//5988 6019//6019 5987//5987
f 5986//5986 6019//6019 5985//5985
f 5985//5985 6019//6019 5984//5984
f 5984//5984 6019//6019 5983//5983
f 5983//5983 6019//6019 5982//5982
f 5982//5982 6019//6019 5981//5981
f 5981//5981 6019//6019 5980//5980
f 5980//5980 6019//6019 5979//5979
f 5979//5979 6019//6019 5978//5978
f 5987//5987 6019//6019 5986//5986
f 5998//5998 6019//6019 5997//5997
f 5999//5999 6019//6019 5998//5998
f 6000//6000 6019//6019 5999//5999
f 5891//5891 6019//6019 6018//6018
f 6018//6018 6019//6019 6017//6017
f 6017//6017 6019//6019 6016//6016
f 6016//6016 6019//6019 6015//6015
f 6015//6015 6019//6019 6014//6014
f 6014//6014 6019//6019 6013//6013
f 6013//6013 6019//6019 6012//6012
f 6012//6012 6019//6019 6011//6011
f 6011//6011 6019//6019 6010//6010
f 6010//6010 6019//6019 6009//6009
f 6009//6009 6019//6019 6008//6008
f 6008//6008 6019//6019 6007//6007
f 6007//6007 6019//6019 6006//6006
f 6006//6006 6019//6019 6005//6005
f 6005//6005 6019//6019 6004//6004
f 6004//6004 6019//6019 6003//6003
f 6003//6003 6019//6019 6002//6002
f 6002//6002 6019//6019 6001//6001
f 6001//6001 6019//6019 6000//6000
f 5978//5978 6019//6019 5977//5977
f 5932//5932 6019//6019 5931//5931
f 5977//5977 6019//6019 5976//5976
f 5975//5975 6019//6019 5974//5974
f 5951//5951 6019//6019 5950//5950
f 5950//5950 6019//6019 5949//5949
f 5949//5949 6019//6019 5948//5948
f 5948//5948 6019//6019 5947//5947
f 5947//5947 6019//6019 5946//5946
f 5946//5946 6019//6019 5945//5945
f 5945//5945 6019//6019 5944//5944
f 5944//5944 6019//6019 5943//5943
f 5952//5952 6019//6019 5951//5951
f 5943//5943 6019//6019 5942//5942
f 5941//5941 6019//6019 5940//5940
f 5940//5940 6019//6019 5939//5939
f 5939//5939 6019//6019 5938//5938
f 5938//5938 6019//6019 5937//5937
f 5937//5937 6019//6019 5936//5936
f 5936//5936 6019//6019 5935//5935
f 5935//5935 6019//6019 5934//5934
f 5934//5934 6019//6019 5933//5933
f 5942//5942 6019//6019 5941//5941
f 5953//5953 6019//6019 5952//5952
f 5954//5954 6019//6019 5953//5953
f 5955//5955 6019//6019 5954//5954
f 5974//5974 6019//6019 5973//5973
f 5973//5973 6019//6019 5972//5972
f 5972//5972 6019//6019 5971//5971
f 5971//5971 6019//6019 5970//5970
f 5970//5970 6019//6019 5969//5969
f 5969//5969 6019//6019 5968//5968
f 5968//5968 6019//6019 5967//5967
f 5967//5967 6019//6019 5966//5966
f 5966//5966 6019//6019 5965//5965
f 5965//5965 6019//6019 5964//5964
f 5964//5964 6019//6019 5963//5963
f 5963//5963 6019//6019 5962//5962
f 5962//5962 6019//6019 5961//5961
f 5961//5961 6019//6019 5960//5960
f 5960//5960 6019//6019 5959//5959
f 5959//5959 6019//6019 5958//5958
f 5958//5958 6019//6019 5957//5957
f 5957//5957 6019//6019 5956//5956
f 5956//5956 6019//6019 5955//5955
f 5976//5976 6019//6019 5975//5975
f 5905//5905 5904//5904 5776//5776
f 5995//5995 5994//5994 5866//5866
f 5994//5994 5993//5993 5865//5865
f 5937//5937 5936//5936 5808//5808
f 5808//5808 5936//5936 5807//5807
f 5936//5936 5935//5935 5807//5807
f 5807//5807 5935//5935 5806//5806
f 5935//5935 5934//5934 5806//5806
f 5806//5806 5934//5934 5805//5805
f 5934//5934 5933//5933 5805//5805
f 5805//5805 5933//5933 5804//5804
f 5809//5809 5937//5937 5808//5808
f 5933//5933 5932//5932 5804//5804
f 5932//5932 5931//5931 5803//5803
f 5803//5803 5931//5931 5802//5802
f 5931//5931 5930//5930 5802//5802
f 5802//5802 5930//5930 5801//5801
f 5930//5930 5929//5929 5801//5801
f 5801//5801 5929//5929 5800//5800
f 5929//5929 5928//5928 5800//5800
f 5800//5800 5928//5928 5799//5799
f 5804//5804 5932//5932 5803//5803
f 5938//5938 5937//5937 5809//5809
f 5810//5810 5938//5938 5809//5809
f 5939//5939 5938//5938 5810//5810
f 5820//5820 5948//5948 5819//5819
f 5948//5948 5947//5947 5819//5819
f 5819//5819 5947//5947 5818//5818
f 5947//5947 5946//5946 5818//5818
f 5818//5818 5946//5946 5817//5817
f 5946//5946 5945//5945 5817//5817
f 5817//5817 5945//5945 5816//5816
f 5945//5945 5944//5944 5816//5816
f 5816//5816 5944//5944 5815//5815
f 5944//5944 5943//5943 5815//5815
f 5815//5815 5943//5943 5814//5814
f 5943//5943 5942//5942 5814//5814
f 5814//5814 5942//5942 5813//5813
f 5942//5942 5941//5941 5813//5813
f 5813//5813 5941//5941 5812//5812
f 5941//5941 5940//5940 5812//5812
f 5812//5812 5940//5940 5811//5811
f 5940//5940 5939//5939 5811//5811
f 5811//5811 5939//5939 5810//5810
f 5928//5928 5927//5927 5799//5799
f 5949//5949 5948//5948 5820//5820
f 5799//5799 5927//5927 5798//5798
f 5798//5798 5926//5926 5797//5797
f 5786//5786 5914//5914 5785//5785
f 5914//5914 5913//5913 5785//5785
f 5785//5785 5913//5913 5784//5784
f 5913//5913 5912//5912 5784//5784
f 5784//5784 5912//5912 5783//5783
f 5912//5912 5911//5911 5783//5783
f 5783//5783 5911//5911 5782//5782
f 5911//5911 5910//5910 5782//5782
f 5915//5915 5914//5914 5786//5786
f 5782//5782 5910//5910 5781//5781
f 5781//5781 5909//5909 5780//5780
f 5909//5909 5908//5908 5780//5780
f 5780//5780 5908//5908 5779//5779
f 5908//5908 5907//5907 5779//5779
f 5779//5779 5907//5907 5778//5778
f 5907//5907 5906//5906 5778//5778
f 5778//5778 5906//5906 5777//5777
f 5906//5906 5905//5905 5777//5777
f 5910//5910 5909//5909 5781//5781
f 5787//5787 5915//5915 5786//5786
f 5916//5916 5915//5915 5787//5787
f 5788//5788 5916//5916 5787//5787
f 5926//5926 5925//5925 5797//5797
f 5797//5797 5925//5925 5796//5796
f 5925//5925 5924//5924 5796//5796
f 5796//5796 5924//5924 5795//5795
f 5924//5924 5923//5923 5795//5795
f 5795//5795 5923//5923 5794//5794
f 5923//5923 5922//5922 5794//5794
f 5794//5794 5922//5922 5793//5793
f 5922//5922 5921//5921 5793//5793
f 5793//5793 5921//5921 5792//5792
f 5921//5921 5920//5920 5792//5792
f 5792//5792 5920//5920 5791//5791
f 5920//5920 5919//5919 5791//5791
f 5791//5791 5919//5919 5790//5790
f 5919//5919 5918//5918 5790//5790
f 5790//5790 5918//5918 5789//5789
f 5918//5918 5917//5917 5789//5789
f 5789//5789 5917//5917 5788//5788
f 5917//5917 5916//5916 5788//5788
f 5927//5927 5926//5926 5798//5798
f 5866//5866 5994//5994 5865//5865
f 5821//5821 5949//5949 5820//5820
f 5822//5822 5950//5950 5821//5821
f 5982//5982 5981//5981 5853//5853
f 5853//5853 5981//5981 5852//5852
f 5981//5981 5980//5980 5852//5852
f 5852//5852 5980//5980 5851//5851
f 5980//5980 5979//5979 5851//5851
f 5851//5851 5979//5979 5850//5850
f 5979//5979 5978//5978 5850//5850
f 5850//5850 5978//5978 5849//5849
f 5854//5854 5982//5982 5853//5853
f 5978//5978 5977//5977 5849//5849
f 5977//5977 5976//5976 5848//5848
f 5848//5848 5976//5976 5847//5847
f 5976//5976 5975//5975 5847//5847
f 5847//5847 5975//5975 5846//5846
f 5975//5975 5974//5974 5846//5846
f 5846//5846 5974//5974 5845//5845
f 5974//5974 5973//5973 5845//5845
f 5845//5845 5973//5973 5844//5844
f 5849//5849 5977//5977 5848//5848
f 5983//5983 5982//5982 5854//5854
f 5855//5855 5983//5983 5854//5854
f 5984//5984 5983//5983 5855//5855
f 5865//5865 5993//5993 5864//5864
f 5993//5993 5992//5992 5864//5864
f 5864//5864 5992//5992 5863//5863
f 5992//5992 5991//5991 5863//5863
f 5863//5863 5991//5991 5862//5862
f 5991//5991 5990//5990 5862//5862
f 5862//5862 5990//5990 5861//5861
f 5990//5990 5989//5989 5861//5861
f 5861//5861 5989//5989 5860//5860
f 5989//5989 5988//5988 5860//5860
f 5860//5860 5988//5988 5859//5859
f 5988//5988 5987//5987 5859//5859
f 5859//5859 5987//5987 5858//5858
f 5987//5987 5986//5986 5858//5858
f 5858//5858 5986//5986 5857//5857
f 5986//5986 5985//5985 5857//5857
f 5857//5857 5985//5985 5856//5856
f 5985//5985 5984//5984 5856//5856
f 5856//5856 5984//5984 5855//5855
f 5973//5973 5972//5972 5844//5844
f 5950//5950 5949//5949 5821//5821
f 5844//5844 5972//5972 5843//5843
f 5843//5843 5971//5971 5842//5842
f 5831//5831 5959//5959 5830//5830
f 5959//5959 5958//5958 5830//5830
f 5830//5830 5958//5958 5829//5829
f 5958//5958 5957//5957 5829//5829
f 5829//5829 5957//5957 5828//5828
f 5957//5957 5956//5956 5828//5828
f 5828//5828 5956//5956 5827//5827
f 5956//5956 5955//5955 5827//5827
f 5960//5960 5959//5959 5831//5831
f 5827//5827 5955//5955 5826//5826
f 5826//5826 5954//5954 5825//5825
f 5954//5954 5953//5953 5825//5825
f 5825//5825 5953//5953 5824//5824
f 5953//5953 5952//5952 5824//5824
f 5824//5824 5952//5952 5823//5823
f 5952//5952 5951//5951 5823//5823
f 5823//5823 5951//5951 5822//5822
f 5951//5951 5950//5950 5822//5822
f 5955//5955 5954//5954 5826//5826
f 5832//5832 5960//5960 5831//5831
f 5961//5961 5960//5960 5832//5832
f 5833//5833 5961//5961 5832//5832
f 5971//5971 5970//5970 5842//5842
f 5842//5842 5970//5970 5841//5841
f 5970//5970 5969//5969 5841//5841
f 5841//5841 5969//5969 5840//5840
f 5969//5969 5968//5968 5840//5840
f 5840//5840 5968//5968 5839//5839
f 5968//5968 5967//5967 5839//5839
f 5839//5839 5967//5967 5838//5838
f 5967//5967 5966//5966 5838//5838
f 5838//5838 5966//5966 5837//5837
f 5966//5966 5965//5965 5837//5837
f 5837//5837 5965//5965 5836//5836
f 5965//5965 5964//5964 5836//5836
f 5836//5836 5964//5964 5835//5835
f 5964//5964 5963//5963 5835//5835
f 5835//5835 5963//5963 5834//5834
f 5963//5963 5962//5962 5834//5834
f 5834//5834 5962//5962 5833//5833
f 5962//5962 5961//5961 5833//5833
f 5972//5972 5971//5971 5843//5843
f 5725//5725 5724//5724 5596//5596
f 5596//5596 5724//5724 5595//5595
f 5724//5724 5723//5723 5595//5595
f 5358//5358 5486//5486 5357//5357
f 5486//5486 5485//5485 5357//5357
f 5357//5357 5485//5485 5356//5356
f 5485//5485 5484//5484 5356//5356
f 5356//5356 5484//5484 5355//5355
f 5484//5484 5483//5483 5355//5355
f 5355//5355 5483//5483 5354//5354
f 5483//5483 5482//5482 5354//5354
f 5487//5487 5486//5486 5358//5358
f 5354//5354 5482//5482 5353//5353
f 5353//5353 5481//5481 5352//5352
f 5481//5481 5480//5480 5352//5352
f 5352//5352 5480//5480 5351//5351
f 5480//5480 5479//5479 5351//5351
f 5351//5351 5479//5479 5350//5350
f 5479//5479 5478//5478 5350//5350
f 5350//5350 5478//5478 5349//5349
f 5478//5478 5477//5477 5349//5349
f 5482//5482 5481//5481 5353//5353
f 5359//5359 5487//5487 5358//5358
f 5488//5488 5487//5487 5359//5359
f 5360//5360 5488//5488 5359//5359
f 5498//5498 5497//5497 5369//5369
f 5369//5369 5497//5497 5368//5368
f 5497//5497 5496//5496 5368//5368
f 5368//5368 5496//5496 5367//5367
f 5496//5496 5495//5495 5367//5367
f 5367//5367 5495//5495 5366//5366
f 5495//5495 5494//5494 5366//5366
f 5366//5366 5494//5494 5365//5365
f 5494//5494 5493//5493 5365//5365
f 5365//5365 5493//5493 5364//5364
f 5493//5493 5492//5492 5364//5364
f 5364//5364 5492//5492 5363//5363
f 5492//5492 5491//5491 5363//5363
f 5363//5363 5491//5491 5362//5362
f 5491//5491 5490//5490 5362//5362
f 5362//5362 5490//5490 5361//5361
f 5490//5490 5489//5489 5361//5361
f 5361//5361 5489//5489 5360//5360
f 5489//5489 5488//5488 5360//5360
f 5349//5349 5477//5477 5348//5348
f 5370//5370 5498//5498 5369//5369
f 5477//5477 5476//5476 5348//5348
f 5476//5476 5475//5475 5347//5347
f 5464//5464 5463//5463 5335//5335
f 5335//5335 5463//5463 5334//5334
f 5463//5463 5462//5462 5334//5334
f 5334//5334 5462//5462 5333//5333
f 5462//5462 5461//5461 5333//5333
f 5333//5333 5461//5461 5332//5332
f 5461//5461 5460//5460 5332//5332
f 5332//5332 5460//5460 5331//5331
f 5336//5336 5464//5464 5335//5335
f 5460//5460 5459//5459 5331//5331
f 5459//5459 5458//5458 5330//5330
f 5330//5330 5458//5458 5329//5329
f 5458//5458 5457//5457 5329//5329
f 5329//5329 5457//5457 5328//5328
f 5457//5457 5456//5456 5328//5328
f 5328//5328 5456//5456 5327//5327
f 5456//5456 5455//5455 5327//5327
f 5327//5327 5455//5455 5326//5326
f 5331//5331 5459//5459 5330//5330
f 5465//5465 5464//5464 5336//5336
f 5337//5337 5465//5465 5336//5336
f 5466//5466 5465//5465 5337//5337
f 5347//5347 5475//5475 5346//5346
f 5475//5475 5474//5474 5346//5346
f 5346//5346 5474//5474 5345//5345
f 5474//5474 5473//5473 5345//5345
f 5345//5345 5473//5473 5344//5344
f 5473//5473 5472//5472 5344//5344
f 5344//5344 5472//5472 5343//5343
f 5472//5472 5471//5471 5343//5343
f 5343//5343 5471//5471 5342//5342
f 5471//5471 5470//5470 5342//5342
f 5342//5342 5470//5470 5341//5341
f 5470//5470 5469//5469 5341//5341
f 5341//5341 5469//5469 5340//5340
f 5469//5469 5468//5468 5340//5340
f 5340//5340 5468//5468 5339//5339
f 5468//5468 5467//5467 5339//5339
f 5339//5339 5467//5467 5338//5338
f 5467//5467 5466//5466 5338//5338
f 5338//5338 5466//5466 5337//5337
f 5348//5348 5476//5476 5347//5347
f 5455//5455 5454//5454 5326//5326
f 5499//5499 5498//5498 5370//5370
f 5500//5500 5499//5499 5371//5371
f 5403//5403 5531//5531 5402//5402
f 5531//5531 5530//5530 5402//5402
f 5402//5402 5530//5530 5401//5401
f 5530//5530 5529//5529 5401//5401
f 5401//5401 5529//5529 5400//5400
f 5529//5529 5528//5528 5400//5400
f 5400//5400 5528//5528 5399//5399
f 5528//5528 5527//5527 5399//5399
f 5532//5532 5531//5531 5403//5403
f 5399//5399 5527//5527 5398//5398
f 5398//5398 5526//5526 5397//5397
f 5526//5526 5525//5525 5397//5397
f 5397//5397 5525//5525 5396//5396
f 5525//5525 5524//5524 5396//5396
f 5396//5396 5524//5524 5395//5395
f 5524//5524 5523//5523 5395//5395
f 5395//5395 5523//5523 5394//5394
f 5523//5523 5522//5522 5394//5394
f 5527//5527 5526//5526 5398//5398
f 5404//5404 5532//5532 5403//5403
f 5533//5533 5532//5532 5404//5404
f 5405//5405 5533//5533 5404//5404
f 5543//5543 5542//5542 5414//5414
f 5414//5414 5542//5542 5413//5413
f 5542//5542 5541//5541 5413//5413
f 5413//5413 5541//5541 5412//5412
f 5541//5541 5540//5540 5412//5412
f 5412//5412 5540//5540 5411//5411
f 5540//5540 5539//5539 5411//5411
f 5411//5411 5539//5539 5410//5410
f 5539//5539 5538//5538 5410//5410
f 5410//5410 5538//5538 5409//5409
f 5538//5538 5537//5537 5409//5409
f 5409//5409 5537//5537 5408//5408
f 5537//5537 5536//5536 5408//5408
f 5408//5408 5536//5536 5407//5407
f 5536//5536 5535//5535 5407//5407
f 5407//5407 5535//5535 5406//5406
f 5535//5535 5534//5534 5406//5406
f 5406//5406 5534//5534 5405//5405
f 5534//5534 5533//5533 5405//5405
f 5394//5394 5522//5522 5393//5393
f 5371//5371 5499//5499 5370//5370
f 5522//5522 5521//5521 5393//5393
f 5521//5521 5520//5520 5392//5392
f 5509//5509 5508//5508 5380//5380
f 5380//5380 5508//5508 5379//5379
f 5508//5508 5507//5507 5379//5379
f 5251//5251 5379//5379 5378//5378
f 5379//5379 5506//5506 5378//5378
f 5378//5378 5506//5506 5377//5377
f 5506//5506 5505//5505 5377//5377
f 5377//5377 5505//5505 5376//5376
f 5381//5381 5509//5509 5380//5380
f 5505//5505 5504//5504 5376//5376
f 5504//5504 5503//5503 5375//5375
f 5375//5375 5503//5503 5374//5374
f 5503//5503 5502//5502 5374//5374
f 5374//5374 5502//5502 5373//5373
f 5502//5502 5501//5501 5373//5373
f 5373//5373 5501//5501 5372//5372
f 5501//5501 5500//5500 5372//5372
f 5372//5372 5500//5500 5371//5371
f 5376//5376 5504//5504 5375//5375
f 5510//5510 5509//5509 5381//5381
f 5382//5382 5510//5510 5381//5381
f 5511//5511 5510//5510 5382//5382
f 5392//5392 5520//5520 5391//5391
f 5520//5520 5519//5519 5391//5391
f 5391//5391 5519//5519 5390//5390
f 5519//5519 5518//5518 5390//5390
f 5390//5390 5518//5518 5389//5389
f 5518//5518 5517//5517 5389//5389
f 5389//5389 5517//5517 5388//5388
f 5517//5517 5516//5516 5388//5388
f 5388//5388 5516//5516 5387//5387
f 5516//5516 5515//5515 5387//5387
f 5387//5387 5515//5515 5386//5386
f 5515//5515 5514//5514 5386//5386
f 5386//5386 5514//5514 5385//5385
f 5514//5514 5513//5513 5385//5385
f 5385//5385 5513//5513 5384//5384
f 5513//5513 5512//5512 5384//5384
f 5384//5384 5512//5512 5383//5383
f 5512//5512 5511//5511 5383//5383
f 5383//5383 5511//5511 5382//5382
f 5393//5393 5521//5521 5392//5392
f 5415//5415 5543//5543 5414//5414
f 5326//5326 5454//5454 5325//5325
f 5325//5325 5453//5453 5324//5324
f 5268//5268 5396//5396 5267//5267
f 5396//5396 5395//5395 5267//5267
f 5267//5267 5395//5395 5266//5266
f 5395//5395 5394//5394 5266//5266
f 5266//5266 5394//5394 5265//5265
f 5394//5394 5393//5393 5265//5265
f 5265//5265 5393//5393 5264//5264
f 5393//5393 5392//5392 5264//5264
f 5397//5397 5396//5396 5268//5268
f 5264//5264 5392//5392 5263//5263
f 5263//5263 5391//5391 5262//5262
f 5391//5391 5390//5390 5262//5262
f 5262//5262 5390//5390 5261//5261
f 5390//5390 5389//5389 5261//5261
f 5261//5261 5389//5389 5260//5260
f 5389//5389 5388//5388 5260//5260
f 5260//5260 5388//5388 5259//5259
f 5388//5388 5387//5387 5259//5259
f 5392//5392 5391//5391 5263//5263
f 5269//5269 5397//5397 5268//5268
f 5398//5398 5397//5397 5269//5269
f 5270//5270 5398//5398 5269//5269
f 5408//5408 5407//5407 5279//5279
f 5279//5279 5407//5407 5278//5278
f 5407//5407 5406//5406 5278//5278
f 5278//5278 5406//5406 5277//5277
f 5406//5406 5405//5405 5277//5277
f 5277//5277 5405//5405 5276//5276
f 5405//5405 5404//5404 5276//5276
f 5276//5276 5404//5404 5275//5275
f 5404//5404 5403//5403 5275//5275
f 5275//5275 5403//5403 5274//5274
f 5403//5403 5402//5402 5274//5274
f 5274//5274 5402//5402 5273//5273
f 5402//5402 5401//5401 5273//5273
f 5273//5273 5401//5401 5272//5272
f 5401//5401 5400//5400 5272//5272
f 5272//5272 5400//5400 5271//5271
f 5400//5400 5399//5399 5271//5271
f 5271//5271 5399//5399 5270//5270
f 5399//5399 5398//5398 5270//5270
f 5259//5259 5387//5387 5258//5258
f 5280//5280 5408//5408 5279//5279
f 5387//5387 5386//5386 5258//5258
f 5386//5386 5385//5385 5257//5257
f 5374//5374 5373//5373 5245//5245
f 5245//5245 5373//5373 5244//5244
f 5373//5373 5372//5372 5244//5244
f 5244//5244 5372//5372 5243//5243
f 5372//5372 5371//5371 5243//5243
f 5243//5243 5371//5371 5242//5242
f 5371//5371 5370//5370 5242//5242
f 5242//5242 5370//5370 5241//5241
f 5246//5246 5374//5374 5245//5245
f 5370//5370 5369//5369 5241//5241
f 5369//5369 5368//5368 5240//5240
f 5240//5240 5368//5368 5239//5239
f 5368//5368 5367//5367 5239//5239
f 5239//5239 5367//5367 5238//5238
f 5367//5367 5366//5366 5238//5238
f 5238//5238 5366//5366 5237//5237
f 5366//5366 5365//5365 5237//5237
f 5237//5237 5365//5365 5236//5236
f 5241//5241 5369//5369 5240//5240
f 5375//5375 5374//5374 5246//5246
f 5247//5247 5375//5375 5246//5246
f 5376//5376 5375//5375 5247//5247
f 5257//5257 5385//5385 5256//5256
f 5385//5385 5384//5384 5256//5256
f 5256//5256 5384//5384 5255//5255
f 5384//5384 5383//5383 5255//5255
f 5255//5255 5383//5383 5254//5254
f 5383//5383 5382//5382 5254//5254
f 5254//5254 5382//5382 5253//5253
f 5382//5382 5381//5381 5253//5253
f 5253//5253 5381//5381 5252//5252
f 5381//5381 5380//5380 5252//5252
f 5252//5252 5380//5380 5251//5251
f 5380//5380 5379//5379 5251//5251
f 5123//5123 5251//5251 5250//5250
f 5251//5251 5378//5378 5250//5250
f 5250//5250 5378//5378 5249//5249
f 5378//5378 5377//5377 5249//5249
f 5249//5249 5377//5377 5248//5248
f 5377//5377 5376//5376 5248//5248
f 5248//5248 5376//5376 5247//5247
f 5258//5258 5386//5386 5257//5257
f 5454//5454 5453//5453 5325//5325
f 5409//5409 5408//5408 5280//5280
f 5410//5410 5409//5409 5281//5281
f 5313//5313 5441//5441 5312//5312
f 5441//5441 5440//5440 5312//5312
f 5312//5312 5440//5440 5311//5311
f 5440//5440 5439//5439 5311//5311
f 5311//5311 5439//5439 5310//5310
f 5439//5439 5438//5438 5310//5310
f 5310//5310 5438//5438 5309//5309
f 5438//5438 5437//5437 5309//5309
f 5442//5442 5441//5441 5313//5313
f 5309//5309 5437//5437 5308//5308
f 5308//5308 5436//5436 5307//5307
f 5436//5436 5435//5435 5307//5307
f 5307//5307 5435//5435 5306//5306
f 5435//5435 5434//5434 5306//5306
f 5306//5306 5434//5434 5305//5305
f 5434//5434 5433//5433 5305//5305
f 5305//5305 5433//5433 5304//5304
f 5433//5433 5432//5432 5304//5304
f 5437//5437 5436//5436 5308//5308
f 5314//5314 5442//5442 5313//5313
f 5443//5443 5442//5442 5314//5314
f 5315//5315 5443//5443 5314//5314
f 5453//5453 5452//5452 5324//5324
f 5324//5324 5452//5452 5323//5323
f 5452//5452 5451//5451 5323//5323
f 5323//5323 5451//5451 5322//5322
f 5451//5451 5450//5450 5322//5322
f 5322//5322 5450//5450 5321//5321
f 5450//5450 5449//5449 5321//5321
f 5321//5321 5449//5449 5320//5320
f 5449//5449 5448//5448 5320//5320
f 5320//5320 5448//5448 5319//5319
f 5448//5448 5447//5447 5319//5319
f 5319//5319 5447//5447 5318//5318
f 5447//5447 5446//5446 5318//5318
f 5318//5318 5446//5446 5317//5317
f 5446//5446 5445//5445 5317//5317
f 5317//5317 5445//5445 5316//5316
f 5445//5445 5444//5444 5316//5316
f 5316//5316 5444//5444 5315//5315
f 5444//5444 5443//5443 5315//5315
f 5304//5304 5432//5432 5303//5303
f 5281//5281 5409//5409 5280//5280
f 5432//5432 5431//5431 5303//5303
f 5431//5431 5430//5430 5302//5302
f 5419//5419 5418//5418 5290//5290
f 5290//5290 5418//5418 5289//5289
f 5418//5418 5417//5417 5289//5289
f 5289//5289 5417//5417 5288//5288
f 5417//5417 5416//5416 5288//5288
f 5288//5288 5416//5416 5287//5287
f 5416//5416 5415//5415 5287//5287
f 5287//5287 5415//5415 5286//5286
f 5291//5291 5419//5419 5290//5290
f 5415//5415 5414//5414 5286//5286
f 5414//5414 5413//5413 5285//5285
f 5285//5285 5413//5413 5284//5284
f 5413//5413 5412//5412 5284//5284
f 5284//5284 5412//5412 5283//5283
f 5412//5412 5411//5411 5283//5283
f 5283//5283 5411//5411 5282//5282
f 5411//5411 5410//5410 5282//5282
f 5282//5282 5410//5410 5281//5281
f 5286//5286 5414//5414 5285//5285
f 5420//5420 5419//5419 5291//5291
f 5292//5292 5420//5420 5291//5291
f 5421//5421 5420//5420 5292//5292
f 5302//5302 5430//5430 5301//5301
f 5430//5430 5429//5429 5301//5301
f 5301//5301 5429//5429 5300//5300
f 5429//5429 5428//5428 5300//5300
f 5300//5300 5428//5428 5299//5299
f 5428//5428 5427//5427 5299//5299
f 5299//5299 5427//5427 5298//5298
f 5427//5427 5426//5426 5298//5298
f 5298//5298 5426//5426 5297//5297
f 5426//5426 5425//5425 5297//5297
f 5297//5297 5425//5425 5296//5296
f 5425//5425 5424//5424 5296//5296
f 5296//5296 5424//5424 5295//5295
f 5424//5424 5423//5423 5295//5295
f 5295//5295 5423//5423 5294//5294
f 5423//5423 5422//5422 5294//5294
f 5294//5294 5422//5422 5293//5293
f 5422//5422 5421//5421 5293//5293
f 5293//5293 5421//5421 5292//5292
f 5303//5303 5431//5431 5302//5302
f 5544//5544 5543//5543 5415//5415
f 5416//5416 5544//5544 5415//5415
f 5545//5545 5544//5544 5416//5416
f 5667//5667 5666//5666 5538//5538
f 5538//5538 5666//5666 5537//5537
f 5666//5666 5665//5665 5537//5537
f 5537//5537 5665//5665 5536//5536
f 5665//5665 5664//5664 5536//5536
f 5536//5536 5664//5664 5535//5535
f 5664//5664 5663//5663 5535//5535
f 5535//5535 5663//5663 5534//5534
f 5539//5539 5667//5667 5538//5538
f 5663//5663 5662//5662 5534//5534
f 5662//5662 5661//5661 5533//5533
f 5533//5533 5661//5661 5532//5532
f 5661//5661 5660//5660 5532//5532
f 5532//5532 5660//5660 5531//5531
f 5660//5660 5659//5659 5531//5531
f 5531//5531 5659//5659 5530//5530
f 5659//5659 5658//5658 5530//5530
f 5530//5530 5658//5658 5529//5529
f 5534//5534 5662//5662 5533//5533
f 5668//5668 5667//5667 5539//5539
f 5540//5540 5668//5668 5539//5539
f 5669//5669 5668//5668 5540//5540
f 5550//5550 5678//5678 5549//5549
f 5678//5678 5677//5677 5549//5549
f 5549//5549 5677//5677 5548//5548
f 5677//5677 5676//5676 5548//5548
f 5548//5548 5676//5676 5547//5547
f 5676//5676 5675//5675 5547//5547
f 5547//5547 5675//5675 5546//5546
f 5675//5675 5674//5674 5546//5546
f 5546//5546 5674//5674 5545//5545
f 5674//5674 5673//5673 5545//5545
f 5545//5545 5673//5673 5544//5544
f 5673//5673 5672//5672 5544//5544
f 5544//5544 5672//5672 5543//5543
f 5672//5672 5671//5671 5543//5543
f 5543//5543 5671//5671 5542//5542
f 5671//5671 5670//5670 5542//5542
f 5542//5542 5670//5670 5541//5541
f 5670//5670 5669//5669 5541//5541
f 5541//5541 5669//5669 5540//5540
f 5658//5658 5657//5657 5529//5529
f 5679//5679 5678//5678 5550//5550
f 5529//5529 5657//5657 5528//5528
f 5528//5528 5656//5656 5527//5527
f 5516//5516 5644//5644 5515//5515
f 5644//5644 5643//5643 5515//5515
f 5515//5515 5643//5643 5514//5514
f 5643//5643 5642//5642 5514//5514
f 5514//5514 5642//5642 5513//5513
f 5642//5642 5641//5641 5513//5513
f 5513//5513 5641//5641 5512//5512
f 5641//5641 5640//5640 5512//5512
f 5645//5645 5644//5644 5516//5516
f 5512//5512 5640//5640 5511//5511
f 5511//5511 5639//5639 5510//5510
f 5639//5639 5638//5638 5510//5510
f 5510//5510 5638//5638 5509//5509
f 5638//5638 5637//5637 5509//5509
f 5509//5509 5637//5637 5508//5508
f 5637//5637 5636//5636 5508//5508
f 5508//5508 5636//5636 5507//5507
f 5636//5636 5635//5635 5507//5507
f 5640//5640 5639//5639 5511//5511
f 5517//5517 5645//5645 5516//5516
f 5646//5646 5645//5645 5517//5517
f 5518//5518 5646//5646 5517//5517
f 5656//5656 5655//5655 5527//5527
f 5527//5527 5655//5655 5526//5526
f 5655//5655 5654//5654 5526//5526
f 5526//5526 5654//5654 5525//5525
f 5654//5654 5653//5653 5525//5525
f 5525//5525 5653//5653 5524//5524
f 5653//5653 5652//5652 5524//5524
f 5524//5524 5652//5652 5523//5523
f 5652//5652 5651//5651 5523//5523
f 5523//5523 5651//5651 5522//5522
f 5651//5651 5650//5650 5522//5522
f 5522//5522 5650//5650 5521//5521
f 5650//5650 5649//5649 5521//5521
f 5521//5521 5649//5649 5520//5520
f 5649//5649 5648//5648 5520//5520
f 5520//5520 5648//5648 5519//5519
f 5648//5648 5647//5647 5519//5519
f 5519//5519 5647//5647 5518//5518
f 5647//5647 5646//5646 5518//5518
f 5657//5657 5656//5656 5528//5528
f 5379//5379 5507//5507 5506//5506
f 5551//5551 5679//5679 5550//5550
f 5552//5552 5680//5680 5551//5551
f 5712//5712 5711//5711 5583//5583
f 5583//5583 5711//5711 5582//5582
f 5711//5711 5710//5710 5582//5582
f 5582//5582 5710//5710 5581//5581
f 5710//5710 5709//5709 5581//5581
f 5581//5581 5709//5709 5580//5580
f 5709//5709 5708//5708 5580//5580
f 5580//5580 5708//5708 5579//5579
f 5584//5584 5712//5712 5583//5583
f 5708//5708 5707//5707 5579//5579
f 5707//5707 5706//5706 5578//5578
f 5578//5578 5706//5706 5577//5577
f 5706//5706 5705//5705 5577//5577
f 5577//5577 5705//5705 5576//5576
f 5705//5705 5704//5704 5576//5576
f 5576//5576 5704//5704 5575//5575
f 5704//5704 5703//5703 5575//5575
f 5575//5575 5703//5703 5574//5574
f 5579//5579 5707//5707 5578//5578
f 5713//5713 5712//5712 5584//5584
f 5585//5585 5713//5713 5584//5584
f 5714//5714 5713//5713 5585//5585
f 5595//5595 5723//5723 5594//5594
f 5723//5723 5722//5722 5594//5594
f 5594//5594 5722//5722 5593//5593
f 5722//5722 5721//5721 5593//5593
f 5593//5593 5721//5721 5592//5592
f 5721//5721 5720//5720 5592//5592
f 5592//5592 5720//5720 5591//5591
f 5720//5720 5719//5719 5591//5591
f 5591//5591 5719//5719 5590//5590
f 5719//5719 5718//5718 5590//5590
f 5590//5590 5718//5718 5589//5589
f 5718//5718 5717//5717 5589//5589
f 5589//5589 5717//5717 5588//5588
f 5717//5717 5716//5716 5588//5588
f 5588//5588 5716//5716 5587//5587
f 5716//5716 5715//5715 5587//5587
f 5587//5587 5715//5715 5586//5586
f 5715//5715 5714//5714 5586//5586
f 5586//5586 5714//5714 5585//5585
f 5703//5703 5702//5702 5574//5574
f 5680//5680 5679//5679 5551//5551
f 5574//5574 5702//5702 5573//5573
f 5573//5573 5701//5701 5572//5572
f 5561//5561 5689//5689 5560//5560
f 5689//5689 5688//5688 5560//5560
f 5560//5560 5688//5688 5559//5559
f 5688//5688 5687//5687 5559//5559
f 5559//5559 5687//5687 5558//5558
f 5687//5687 5686//5686 5558//5558
f 5558//5558 5686//5686 5557//5557
f 5686//5686 5685//5685 5557//5557
f 5690//5690 5689//5689 5561//5561
f 5557//5557 5685//5685 5556//5556
f 5556//5556 5684//5684 5555//5555
f 5684//5684 5683//5683 5555//5555
f 5555//5555 5683//5683 5554//5554
f 5683//5683 5682//5682 5554//5554
f 5554//5554 5682//5682 5553//5553
f 5682//5682 5681//5681 5553//5553
f 5553//5553 5681//5681 5552//5552
f 5681//5681 5680//5680 5552//5552
f 5685//5685 5684//5684 5556//5556
f 5562//5562 5690//5690 5561//5561
f 5691//5691 5690//5690 5562//5562
f 5563//5563 5691//5691 5562//5562
f 5701//5701 5700//5700 5572//5572
f 5572//5572 5700//5700 5571//5571
f 5700//5700 5699//5699 5571//5571
f 5571//5571 5699//5699 5570//5570
f 5699//5699 5698//5698 5570//5570
f 5570//5570 5698//5698 5569//5569
f 5698//5698 5697//5697 5569//5569
f 5569//5569 5697//5697 5568//5568
f 5697//5697 5696//5696 5568//5568
f 5568//5568 5696//5696 5567//5567
f 5696//5696 5695//5695 5567//5567
f 5567//5567 5695//5695 5566//5566
f 5695//5695 5694//5694 5566//5566
f 5566//5566 5694//5694 5565//5565
f 5694//5694 5693//5693 5565//5565
f 5565//5565 5693//5693 5564//5564
f 5693//5693 5692//5692 5564//5564
f 5564//5564 5692//5692 5563//5563
f 5692//5692 5691//5691 5563//5563
f 5702//5702 5701//5701 5573//5573
f 5507//5507 5634//5634 5506//5506
f 5506//5506 5634//5634 5505//5505
f 5634//5634 5633//5633 5505//5505
f 5448//5448 5576//5576 5447//5447
f 5576//5576 5575//5575 5447//5447
f 5447//5447 5575//5575 5446//5446
f 5575//5575 5574//5574 5446//5446
f 5446//5446 5574//5574 5445//5445
f 5574//5574 5573//5573 5445//5445
f 5445//5445 5573//5573 5444//5444
f 5573//5573 5572//5572 5444//5444
f 5577//5577 5576//5576 5448//5448
f 5444//5444 5572//5572 5443//5443
f 5443//5443 5571//5571 5442//5442
f 5571//5571 5570//5570 5442//5442
f 5442//5442 5570//5570 5441//5441
f 5570//5570 5569//5569 5441//5441
f 5441//5441 5569//5569 5440//5440
f 5569//5569 5568//5568 5440//5440
f 5440//5440 5568//5568 5439//5439
f 5568//5568 5567//5567 5439//5439
f 5572//5572 5571//5571 5443//5443
f 5449//5449 5577//5577 5448//5448
f 5578//5578 5577//5577 5449//5449
f 5450//5450 5578//5578 5449//5449
f 5588//5588 5587//5587 5459//5459
f 5459//5459 5587//5587 5458//5458
f 5587//5587 5586//5586 5458//5458
f 5458//5458 5586//5586 5457//5457
f 5586//5586 5585//5585 5457//5457
f 5457//5457 5585//5585 5456//5456
f 5585//5585 5584//5584 5456//5456
f 5456//5456 5584//5584 5455//5455
f 5584//5584 5583//5583 5455//5455
f 5455//5455 5583//5583 5454//5454
f 5583//5583 5582//5582 5454//5454
f 5454//5454 5582//5582 5453//5453
f 5582//5582 5581//5581 5453//5453
f 5453//5453 5581//5581 5452//5452
f 5581//5581 5580//5580 5452//5452
f 5452//5452 5580//5580 5451//5451
f 5580//5580 5579//5579 5451//5451
f 5451//5451 5579//5579 5450//5450
f 5579//5579 5578//5578 5450//5450
f 5439//5439 5567//5567 5438//5438
f 5460//5460 5588//5588 5459//5459
f 5567//5567 5566//5566 5438//5438
f 5566//5566 5565//5565 5437//5437
f 5554//5554 5553//5553 5425//5425
f 5425//5425 5553//5553 5424//5424
f 5553//5553 5552//5552 5424//5424
f 5424//5424 5552//5552 5423//5423
f 5552//5552 5551//5551 5423//5423
f 5423//5423 5551//5551 5422//5422
f 5551//5551 5550//5550 5422//5422
f 5422//5422 5550//5550 5421//5421
f 5426//5426 5554//5554 5425//5425
f 5550//5550 5549//5549 5421//5421
f 5549//5549 5548//5548 5420//5420
f 5420//5420 5548//5548 5419//5419
f 5548//5548 5547//5547 5419//5419
f 5419//5419 5547//5547 5418//5418
f 5547//5547 5546//5546 5418//5418
f 5418//5418 5546//5546 5417//5417
f 5546//5546 5545//5545 5417//5417
f 5417//5417 5545//5545 5416//5416
f 5421//5421 5549//5549 5420//5420
f 5555//5555 5554//5554 5426//5426
f 5427//5427 5555//5555 5426//5426
f 5556//5556 5555//5555 5427//5427
f 5437//5437 5565//5565 5436//5436
f 5565//5565 5564//5564 5436//5436
f 5436//5436 5564//5564 5435//5435
f 5564//5564 5563//5563 5435//5435
f 5435//5435 5563//5563 5434//5434
f 5563//5563 5562//5562 5434//5434
f 5434//5434 5562//5562 5433//5433
f 5562//5562 5561//5561 5433//5433
f 5433//5433 5561//5561 5432//5432
f 5561//5561 5560//5560 5432//5432
f 5432//5432 5560//5560 5431//5431
f 5560//5560 5559//5559 5431//5431
f 5431//5431 5559//5559 5430//5430
f 5559//5559 5558//5558 5430//5430
f 5430//5430 5558//5558 5429//5429
f 5558//5558 5557//5557 5429//5429
f 5429//5429 5557//5557 5428//5428
f 5557//5557 5556//5556 5428//5428
f 5428//5428 5556//5556 5427//5427
f 5438//5438 5566//5566 5437//5437
f 5589//5589 5588//5588 5460//5460
f 5461//5461 5589//5589 5460//5460
f 5590//5590 5589//5589 5461//5461
f 5622//5622 5621//5621 5493//5493
f 5493//5493 5621//5621 5492//5492
f 5621//5621 5620//5620 5492//5492
f 5492//5492 5620//5620 5491//5491
f 5620//5620 5619//5619 5491//5491
f 5491//5491 5619//5619 5490//5490
f 5619//5619 5618//5618 5490//5490
f 5490//5490 5618//5618 5489//5489
f 5494//5494 5622//5622 5493//5493
f 5618//5618 5617//5617 5489//5489
f 5617//5617 5616//5616 5488//5488
f 5488//5488 5616//5616 5487//5487
f 5616//5616 5615//5615 5487//5487
f 5487//5487 5615//5615 5486//5486
f 5615//5615 5614//5614 5486//5486
f 5486//5486 5614//5614 5485//5485
f 5614//5614 5613//5613 5485//5485
f 5485//5485 5613//5613 5484//5484
f 5489//5489 5617//5617 5488//5488
f 5623//5623 5622//5622 5494//5494
f 5495//5495 5623//5623 5494//5494
f 5624//5624 5623//5623 5495//5495
f 5505//5505 5633//5633 5504//5504
f 5633//5633 5632//5632 5504//5504
f 5504//5504 5632//5632 5503//5503
f 5632//5632 5631//5631 5503//5503
f 5503//5503 5631//5631 5502//5502
f 5631//5631 5630//5630 5502//5502
f 5502//5502 5630//5630 5501//5501
f 5630//5630 5629//5629 5501//5501
f 5501//5501 5629//5629 5500//5500
f 5629//5629 5628//5628 5500//5500
f 5500//5500 5628//5628 5499//5499
f 5628//5628 5627//5627 5499//5499
f 5499//5499 5627//5627 5498//5498
f 5627//5627 5626//5626 5498//5498
f 5498//5498 5626//5626 5497//5497
f 5626//5626 5625//5625 5497//5497
f 5497//5497 5625//5625 5496//5496
f 5625//5625 5624//5624 5496//5496
f 5496//5496 5624//5624 5495//5495
f 5613//5613 5612//5612 5484//5484
f 5484//5484 5612//5612 5483//5483
f 5612//5612 5611//5611 5483//5483
f 5483//5483 5611//5611 5482//5482
f 5471//5471 5599//5599 5470//5470
f 5599//5599 5598//5598 5470//5470
f 5470//5470 5598//5598 5469//5469
f 5598//5598 5597//5597 5469//5469
f 5469//5469 5597//5597 5468//5468
f 5597//5597 5596//5596 5468//5468
f 5468//5468 5596//5596 5467//5467
f 5596//5596 5595//5595 5467//5467
f 5467//5467 5595//5595 5466//5466
f 5595//5595 5594//5594 5466//5466
f 5466//5466 5594//5594 5465//5465
f 5594//5594 5593//5593 5465//5465
f 5465//5465 5593//5593 5464//5464
f 5593//5593 5592//5592 5464//5464
f 5464//5464 5592//5592 5463//5463
f 5592//5592 5591//5591 5463//5463
f 5463//5463 5591//5591 5462//5462
f 5591//5591 5590//5590 5462//5462
f 5462//5462 5590//5590 5461//5461
f 5600//5600 5599//5599 5471//5471
f 4516//4516 4644//4644 4515//4515
f 5472//5472 5600//5600 5471//5471
f 5473//5473 5601//5601 5472//5472
f 5611//5611 5610//5610 5482//5482
f 5482//5482 5610//5610 5481//5481
f 5610//5610 5609//5609 5481//5481
f 5481//5481 5609//5609 5480//5480
f 5609//5609 5608//5608 5480//5480
f 5480//5480 5608//5608 5479//5479
f 5608//5608 5607//5607 5479//5479
f 5479//5479 5607//5607 5478//5478
f 5607//5607 5606//5606 5478//5478
f 5478//5478 5606//5606 5477//5477
f 5606//5606 5605//5605 5477//5477
f 5477//5477 5605//5605 5476//5476
f 5605//5605 5604//5604 5476//5476
f 5476//5476 5604//5604 5475//5475
f 5604//5604 5603//5603 5475//5475
f 5475//5475 5603//5603 5474//5474
f 5603//5603 5602//5602 5474//5474
f 5474//5474 5602//5602 5473//5473
f 5602//5602 5601//5601 5473//5473
f 5601//5601 5600//5600 5472//5472
f 4644//4644 4643//4643 4515//4515
f 4547//4547 4675//4675 4546//4546
f 4643//4643 4642//4642 4514//4514
f 3686//3686 3685//3685 3557//3557
f 3557//3557 3685//3685 3556//3556
f 3685//3685 3684//3684 3556//3556
f 3556//3556 3684//3684 3555//3555
f 3684//3684 3683//3683 3555//3555
f 3555//3555 3683//3683 3554//3554
f 3683//3683 3682//3682 3554//3554
f 3554//3554 3682//3682 3553//3553
f 3558//3558 3686//3686 3557//3557
f 3682//3682 3681//3681 3553//3553
f 3681//3681 3680//3680 3552//3552
f 3552//3552 3680//3680 3551//3551
f 3680//3680 3679//3679 3551//3551
f 3551//3551 3679//3679 3550//3550
f 3679//3679 3678//3678 3550//3550
f 3550//3550 3678//3678 3549//3549
f 3678//3678 3677//3677 3549//3549
f 3549//3549 3677//3677 3548//3548
f 3553//3553 3681//3681 3552//3552
f 3687//3687 3686//3686 3558//3558
f 3559//3559 3687//3687 3558//3558
f 3688//3688 3687//3687 3559//3559
f 3569//3569 3697//3697 3568//3568
f 3697//3697 3696//3696 3568//3568
f 3568//3568 3696//3696 3567//3567
f 3696//3696 3695//3695 3567//3567
f 3567//3567 3695//3695 3566//3566
f 3695//3695 3694//3694 3566//3566
f 3566//3566 3694//3694 3565//3565
f 3694//3694 3693//3693 3565//3565
f 3565//3565 3693//3693 3564//3564
f 3693//3693 3692//3692 3564//3564
f 3564//3564 3692//3692 3563//3563
f 3692//3692 3691//3691 3563//3563
f 3563//3563 3691//3691 3562//3562
f 3691//3691 3690//3690 3562//3562
f 3562//3562 3690//3690 3561//3561
f 3690//3690 3689//3689 3561//3561
f 3561//3561 3689//3689 3560//3560
f 3689//3689 3688//3688 3560//3560
f 3560//3560 3688//3688 3559//3559
f 3677//3677 3676//3676 3548//3548
f 3698//3698 3697//3697 3569//3569
f 3548//3548 3676//3676 3547//3547
f 3547//3547 3675//3675 3546//3546
f 3535//3535 3663//3663 3534//3534
f 3663//3663 3662//3662 3534//3534
f 3534//3534 3662//3662 3533//3533
f 3662//3662 3661//3661 3533//3533
f 3533//3533 3661//3661 3532//3532
f 3661//3661 3660//3660 3532//3532
f 3532//3532 3660//3660 3531//3531
f 3660//3660 3659//3659 3531//3531
f 3664//3664 3663//3663 3535//3535
f 3531//3531 3659//3659 3530//3530
f 3530//3530 3658//3658 3529//3529
f 3658//3658 3657//3657 3529//3529
f 3529//3529 3657//3657 3528//3528
f 3657//3657 3656//3656 3528//3528
f 3528//3528 3656//3656 3527//3527
f 3656//3656 3655//3655 3527//3527
f 3527//3527 3655//3655 3526//3526
f 3655//3655 3654//3654 3526//3526
f 3659//3659 3658//3658 3530//3530
f 3536//3536 3664//3664 3535//3535
f 3665//3665 3664//3664 3536//3536
f 3537//3537 3665//3665 3536//3536
f 3675//3675 3674//3674 3546//3546
f 3546//3546 3674//3674 3545//3545
f 3674//3674 3673//3673 3545//3545
f 3545//3545 3673//3673 3544//3544
f 3673//3673 3672//3672 3544//3544
f 3544//3544 3672//3672 3543//3543
f 3672//3672 3671//3671 3543//3543
f 3543//3543 3671//3671 3542//3542
f 3671//3671 3670//3670 3542//3542
f 3542//3542 3670//3670 3541//3541
f 3670//3670 3669//3669 3541//3541
f 3541//3541 3669//3669 3540//3540
f 3669//3669 3668//3668 3540//3540
f 3540//3540 3668//3668 3539//3539
f 3668//3668 3667//3667 3539//3539
f 3539//3539 3667//3667 3538//3538
f 3667//3667 3666//3666 3538//3538
f 3538//3538 3666//3666 3537//3537
f 3666//3666 3665//3665 3537//3537
f 3676//3676 3675//3675 3547//3547
f 3526//3526 3654//3654 3525//3525
f 3570//3570 3698//3698 3569//3569
f 3571//3571 3699//3699 3570//3570
f 3731//3731 3730//3730 3602//3602
f 3602//3602 3730//3730 3601//3601
f 3730//3730 3729//3729 3601//3601
f 3601//3601 3729//3729 3600//3600
f 3729//3729 3728//3728 3600//3600
f 3600//3600 3728//3728 3599//3599
f 3728//3728 3727//3727 3599//3599
f 3599//3599 3727//3727 3598//3598
f 3603//3603 3731//3731 3602//3602
f 3727//3727 3726//3726 3598//3598
f 3726//3726 3725//3725 3597//3597
f 3597//3597 3725//3725 3596//3596
f 3725//3725 3724//3724 3596//3596
f 3596//3596 3724//3724 3595//3595
f 3724//3724 3723//3723 3595//3595
f 3595//3595 3723//3723 3594//3594
f 3723//3723 3722//3722 3594//3594
f 3594//3594 3722//3722 3593//3593
f 3598//3598 3726//3726 3597//3597
f 3732//3732 3731//3731 3603//3603
f 3604//3604 3732//3732 3603//3603
f 3733//3733 3732//3732 3604//3604
f 3614//3614 3742//3742 3613//3613
f 3742//3742 3741//3741 3613//3613
f 3613//3613 3741//3741 3612//3612
f 3741//3741 3740//3740 3612//3612
f 3612//3612 3740//3740 3611//3611
f 3740//3740 3739//3739 3611//3611
f 3611//3611 3739//3739 3610//3610
f 3739//3739 3738//3738 3610//3610
f 3610//3610 3738//3738 3609//3609
f 3738//3738 3737//3737 3609//3609
f 3609//3609 3737//3737 3608//3608
f 3737//3737 3736//3736 3608//3608
f 3608//3608 3736//3736 3607//3607
f 3736//3736 3735//3735 3607//3607
f 3607//3607 3735//3735 3606//3606
f 3735//3735 3734//3734 3606//3606
f 3606//3606 3734//3734 3605//3605
f 3734//3734 3733//3733 3605//3605
f 3605//3605 3733//3733 3604//3604
f 3722//3722 3721//3721 3593//3593
f 3699//3699 3698//3698 3570//3570
f 3593//3593 3721//3721 3592//3592
f 3592//3592 3720//3720 3591//3591
f 3580//3580 3708//3708 3579//3579
f 3708//3708 3707//3707 3579//3579
f 3579//3579 3707//3707 3578//3578
f 3707//3707 3706//3706 3578//3578
f 3578//3578 3706//3706 3577//3577
f 3706//3706 3705//3705 3577//3577
f 3577//3577 3705//3705 3576//3576
f 3705//3705 3704//3704 3576//3576
f 3709//3709 3708//3708 3580//3580
f 3576//3576 3704//3704 3575//3575
f 3575//3575 3703//3703 3574//3574
f 3703//3703 3702//3702 3574//3574
f 3574//3574 3702//3702 3573//3573
f 3702//3702 3701//3701 3573//3573
f 3573//3573 3701//3701 3572//3572
f 3701//3701 3700//3700 3572//3572
f 3572//3572 3700//3700 3571//3571
f 3700//3700 3699//3699 3571//3571
f 3704//3704 3703//3703 3575//3575
f 3581//3581 3709//3709 3580//3580
f 3710//3710 3709//3709 3581//3581
f 3582//3582 3710//3710 3581//3581
f 3720//3720 3719//3719 3591//3591
f 3591//3591 3719//3719 3590//3590
f 3719//3719 3718//3718 3590//3590
f 3590//3590 3718//3718 3589//3589
f 3718//3718 3717//3717 3589//3589
f 3589//3589 3717//3717 3588//3588
f 3717//3717 3716//3716 3588//3588
f 3588//3588 3716//3716 3587//3587
f 3716//3716 3715//3715 3587//3587
f 3459//3459 3587//3587 3586//3586
f 3587//3587 3714//3714 3586//3586
f 3586//3586 3714//3714 3585//3585
f 3714//3714 3713//3713 3585//3585
f 3585//3585 3713//3713 3584//3584
f 3713//3713 3712//3712 3584//3584
f 3584//3584 3712//3712 3583//3583
f 3712//3712 3711//3711 3583//3583
f 3583//3583 3711//3711 3582//3582
f 3711//3711 3710//3710 3582//3582
f 3721//3721 3720//3720 3592//3592
f 3743//3743 3742//3742 3614//3614
f 3654//3654 3653//3653 3525//3525
f 3653//3653 3652//3652 3524//3524
f 3596//3596 3595//3595 3467//3467
f 3467//3467 3595//3595 3466//3466
f 3595//3595 3594//3594 3466//3466
f 3466//3466 3594//3594 3465//3465
f 3594//3594 3593//3593 3465//3465
f 3465//3465 3593//3593 3464//3464
f 3593//3593 3592//3592 3464//3464
f 3464//3464 3592//3592 3463//3463
f 3468//3468 3596//3596 3467//3467
f 3592//3592 3591//3591 3463//3463
f 3591//3591 3590//3590 3462//3462
f 3462//3462 3590//3590 3461//3461
f 3590//3590 3589//3589 3461//3461
f 3461//3461 3589//3589 3460//3460
f 3589//3589 3588//3588 3460//3460
f 3460//3460 3588//3588 3459//3459
f 3588//3588 3587//3587 3459//3459
f 3331//3331 3459//3459 3458//3458
f 3463//3463 3591//3591 3462//3462
f 3597//3597 3596//3596 3468//3468
f 3469//3469 3597//3597 3468//3468
f 3598//3598 3597//3597 3469//3469
f 3479//3479 3607//3607 3478//3478
f 3607//3607 3606//3606 3478//3478
f 3478//3478 3606//3606 3477//3477
f 3606//3606 3605//3605 3477//3477
f 3477//3477 3605//3605 3476//3476
f 3605//3605 3604//3604 3476//3476
f 3476//3476 3604//3604 3475//3475
f 3604//3604 3603//3603 3475//3475
f 3475//3475 3603//3603 3474//3474
f 3603//3603 3602//3602 3474//3474
f 3474//3474 3602//3602 3473//3473
f 3602//3602 3601//3601 3473//3473
f 3473//3473 3601//3601 3472//3472
f 3601//3601 3600//3600 3472//3472
f 3472//3472 3600//3600 3471//3471
f 3600//3600 3599//3599 3471//3471
f 3471//3471 3599//3599 3470//3470
f 3599//3599 3598//3598 3470//3470
f 3470//3470 3598//3598 3469//3469
f 3459//3459 3586//3586 3458//3458
f 3608//3608 3607//3607 3479//3479
f 3458//3458 3586//3586 3457//3457
f 3457//3457 3585//3585 3456//3456
f 3445//3445 3573//3573 3444//3444
f 3573//3573 3572//3572 3444//3444
f 3444//3444 3572//3572 3443//3443
f 3572//3572 3571//3571 3443//3443
f 3443//3443 3571//3571 3442//3442
f 3571//3571 3570//3570 3442//3442
f 3442//3442 3570//3570 3441//3441
f 3570//3570 3569//3569 3441//3441
f 3574//3574 3573//3573 3445//3445
f 3441//3441 3569//3569 3440//3440
f 3440//3440 3568//3568 3439//3439
f 3568//3568 3567//3567 3439//3439
f 3439//3439 3567//3567 3438//3438
f 3567//3567 3566//3566 3438//3438
f 3438//3438 3566//3566 3437//3437
f 3566//3566 3565//3565 3437//3437
f 3437//3437 3565//3565 3436//3436
f 3565//3565 3564//3564 3436//3436
f 3569//3569 3568//3568 3440//3440
f 3446//3446 3574//3574 3445//3445
f 3575//3575 3574//3574 3446//3446
f 3447//3447 3575//3575 3446//3446
f 3585//3585 3584//3584 3456//3456
f 3456//3456 3584//3584 3455//3455
f 3584//3584 3583//3583 3455//3455
f 3455//3455 3583//3583 3454//3454
f 3583//3583 3582//3582 3454//3454
f 3454//3454 3582//3582 3453//3453
f 3582//3582 3581//3581 3453//3453
f 3453//3453 3581//3581 3452//3452
f 3581//3581 3580//3580 3452//3452
f 3452//3452 3580//3580 3451//3451
f 3580//3580 3579//3579 3451//3451
f 3451//3451 3579//3579 3450//3450
f 3579//3579 3578//3578 3450//3450
f 3450//3450 3578//3578 3449//3449
f 3578//3578 3577//3577 3449//3449
f 3449//3449 3577//3577 3448//3448
f 3577//3577 3576//3576 3448//3448
f 3448//3448 3576//3576 3447//3447
f 3576//3576 3575//3575 3447//3447
f 3586//3586 3585//3585 3457//3457
f 3525//3525 3653//3653 3524//3524
f 3480//3480 3608//3608 3479//3479
f 3481//3481 3609//3609 3480//3480
f 3641//3641 3640//3640 3512//3512
f 3512//3512 3640//3640 3511//3511
f 3640//3640 3639//3639 3511//3511
f 3511//3511 3639//3639 3510//3510
f 3639//3639 3638//3638 3510//3510
f 3510//3510 3638//3638 3509//3509
f 3638//3638 3637//3637 3509//3509
f 3509//3509 3637//3637 3508//3508
f 3513//3513 3641//3641 3512//3512
f 3637//3637 3636//3636 3508//3508
f 3636//3636 3635//3635 3507//3507
f 3507//3507 3635//3635 3506//3506
f 3635//3635 3634//3634 3506//3506
f 3506//3506 3634//3634 3505//3505
f 3634//3634 3633//3633 3505//3505
f 3505//3505 3633//3633 3504//3504
f 3633//3633 3632//3632 3504//3504
f 3504//3504 3632//3632 3503//3503
f 3508//3508 3636//3636 3507//3507
f 3642//3642 3641//3641 3513//3513
f 3514//3514 3642//3642 3513//3513
f 3643//3643 3642//3642 3514//3514
f 3524//3524 3652//3652 3523//3523
f 3652//3652 3651//3651 3523//3523
f 3523//3523 3651//3651 3522//3522
f 3651//3651 3650//3650 3522//3522
f 3522//3522 3650//3650 3521//3521
f 3650//3650 3649//3649 3521//3521
f 3521//3521 3649//3649 3520//3520
f 3649//3649 3648//3648 3520//3520
f 3520//3520 3648//3648 3519//3519
f 3648//3648 3647//3647 3519//3519
f 3519//3519 3647//3647 3518//3518
f 3647//3647 3646//3646 3518//3518
f 3518//3518 3646//3646 3517//3517
f 3646//3646 3645//3645 3517//3517
f 3517//3517 3645//3645 3516//3516
f 3645//3645 3644//3644 3516//3516
f 3516//3516 3644//3644 3515//3515
f 3644//3644 3643//3643 3515//3515
f 3515//3515 3643//3643 3514//3514
f 3632//3632 3631//3631 3503//3503
f 3609//3609 3608//3608 3480//3480
f 3503//3503 3631//3631 3502//3502
f 3502//3502 3630//3630 3501//3501
f 3490//3490 3618//3618 3489//3489
f 3618//3618 3617//3617 3489//3489
f 3489//3489 3617//3617 3488//3488
f 3617//3617 3616//3616 3488//3488
f 3488//3488 3616//3616 3487//3487
f 3616//3616 3615//3615 3487//3487
f 3487//3487 3615//3615 3486//3486
f 3615//3615 3614//3614 3486//3486
f 3619//3619 3618//3618 3490//3490
f 3486//3486 3614//3614 3485//3485
f 3485//3485 3613//3613 3484//3484
f 3613//3613 3612//3612 3484//3484
f 3484//3484 3612//3612 3483//3483
f 3612//3612 3611//3611 3483//3483
f 3483//3483 3611//3611 3482//3482
f 3611//3611 3610//3610 3482//3482
f 3482//3482 3610//3610 3481//3481
f 3610//3610 3609//3609 3481//3481
f 3614//3614 3613//3613 3485//3485
f 3491//3491 3619//3619 3490//3490
f 3620//3620 3619//3619 3491//3491
f 3492//3492 3620//3620 3491//3491
f 3630//3630 3629//3629 3501//3501
f 3501//3501 3629//3629 3500//3500
f 3629//3629 3628//3628 3500//3500
f 3500//3500 3628//3628 3499//3499
f 3628//3628 3627//3627 3499//3499
f 3499//3499 3627//3627 3498//3498
f 3627//3627 3626//3626 3498//3498
f 3498//3498 3626//3626 3497//3497
f 3626//3626 3625//3625 3497//3497
f 3497//3497 3625//3625 3496//3496
f 3625//3625 3624//3624 3496//3496
f 3496//3496 3624//3624 3495//3495
f 3624//3624 3623//3623 3495//3495
f 3495//3495 3623//3623 3494//3494
f 3623//3623 3622//3622 3494//3494
f 3494//3494 3622//3622 3493//3493
f 3622//3622 3621//3621 3493//3493
f 3493//3493 3621//3621 3492//3492
f 3621//3621 3620//3620 3492//3492
f 3631//3631 3630//3630 3502//3502
f 3436//3436 3564//3564 3435//3435
f 3615//3615 3743//3743 3614//3614
f 3616//3616 3744//3744 3615//3615
f 3866//3866 3865//3865 3737//3737
f 3737//3737 3865//3865 3736//3736
f 3865//3865 3864//3864 3736//3736
f 3736//3736 3864//3864 3735//3735
f 3864//3864 3863//3863 3735//3735
f 3735//3735 3863//3863 3734//3734
f 3863//3863 3862//3862 3734//3734
f 3734//3734 3862//3862 3733//3733
f 3738//3738 3866//3866 3737//3737
f 3862//3862 3861//3861 3733//3733
f 3861//3861 3860//3860 3732//3732
f 3732//3732 3860//3860 3731//3731
f 3860//3860 3859//3859 3731//3731
f 3731//3731 3859//3859 3730//3730
f 3859//3859 3858//3858 3730//3730
f 3730//3730 3858//3858 3729//3729
f 3858//3858 3857//3857 3729//3729
f 3729//3729 3857//3857 3728//3728
f 3733//3733 3861//3861 3732//3732
f 3867//3867 3866//3866 3738//3738
f 3739//3739 3867//3867 3738//3738
f 3868//3868 3867//3867 3739//3739
f 3749//3749 3877//3877 3748//3748
f 3877//3877 3876//3876 3748//3748
f 3748//3748 3876//3876 3747//3747
f 3876//3876 3875//3875 3747//3747
f 3747//3747 3875//3875 3746//3746
f 3875//3875 3874//3874 3746//3746
f 3746//3746 3874//3874 3745//3745
f 3874//3874 3873//3873 3745//3745
f 3745//3745 3873//3873 3744//3744
f 3873//3873 3872//3872 3744//3744
f 3744//3744 3872//3872 3743//3743
f 3872//3872 3871//3871 3743//3743
f 3743//3743 3871//3871 3742//3742
f 3871//3871 3870//3870 3742//3742
f 3742//3742 3870//3870 3741//3741
f 3870//3870 3869//3869 3741//3741
f 3741//3741 3869//3869 3740//3740
f 3869//3869 3868//3868 3740//3740
f 3740//3740 3868//3868 3739//3739
f 3857//3857 3856//3856 3728//3728
f 3878//3878 3877//3877 3749//3749
f 3728//3728 3856//3856 3727//3727
f 3727//3727 3855//3855 3726//3726
f 3587//3587 3715//3715 3714//3714
f 3715//3715 3842//3842 3714//3714
f 3714//3714 3842//3842 3713//3713
f 3842//3842 3841//3841 3713//3713
f 3713//3713 3841//3841 3712//3712
f 3841//3841 3840//3840 3712//3712
f 3712//3712 3840//3840 3711//3711
f 3840//3840 3839//3839 3711//3711
f 3844//3844 3843//3843 3715//3715
f 3711//3711 3839//3839 3710//3710
f 3710//3710 3838//3838 3709//3709
f 3838//3838 3837//3837 3709//3709
f 3709//3709 3837//3837 3708//3708
f 3837//3837 3836//3836 3708//3708
f 3708//3708 3836//3836 3707//3707
f 3836//3836 3835//3835 3707//3707
f 3707//3707 3835//3835 3706//3706
f 3835//3835 3834//3834 3706//3706
f 3839//3839 3838//3838 3710//3710
f 3716//3716 3844//3844 3715//3715
f 3845//3845 3844//3844 3716//3716
f 3717//3717 3845//3845 3716//3716
f 3855//3855 3854//3854 3726//3726
f 3726//3726 3854//3854 3725//3725
f 3854//3854 3853//3853 3725//3725
f 3725//3725 3853//3853 3724//3724
f 3853//3853 3852//3852 3724//3724
f 3724//3724 3852//3852 3723//3723
f 3852//3852 3851//3851 3723//3723
f 3723//3723 3851//3851 3722//3722
f 3851//3851 3850//3850 3722//3722
f 3722//3722 3850//3850 3721//3721
f 3850//3850 3849//3849 3721//3721
f 3721//3721 3849//3849 3720//3720
f 3849//3849 3848//3848 3720//3720
f 3720//3720 3848//3848 3719//3719
f 3848//3848 3847//3847 3719//3719
f 3719//3719 3847//3847 3718//3718
f 3847//3847 3846//3846 3718//3718
f 3718//3718 3846//3846 3717//3717
f 3846//3846 3845//3845 3717//3717
f 3856//3856 3855//3855 3727//3727
f 3706//3706 3834//3834 3705//3705
f 3750//3750 3878//3878 3749//3749
f 3751//3751 3879//3879 3750//3750
f 3911//3911 3910//3910 3782//3782
f 3782//3782 3910//3910 3781//3781
f 3910//3910 3909//3909 3781//3781
f 3781//3781 3909//3909 3780//3780
f 3909//3909 3908//3908 3780//3780
f 3780//3780 3908//3908 3779//3779
f 3908//3908 3907//3907 3779//3779
f 3779//3779 3907//3907 3778//3778
f 3783//3783 3911//3911 3782//3782
f 3907//3907 3906//3906 3778//3778
f 3906//3906 3905//3905 3777//3777
f 3777//3777 3905//3905 3776//3776
f 3905//3905 3904//3904 3776//3776
f 3776//3776 3904//3904 3775//3775
f 3904//3904 3903//3903 3775//3775
f 3775//3775 3903//3903 3774//3774
f 3903//3903 3902//3902 3774//3774
f 3774//3774 3902//3902 3773//3773
f 3778//3778 3906//3906 3777//3777
f 3912//3912 3911//3911 3783//3783
f 3784//3784 3912//3912 3783//3783
f 3913//3913 3912//3912 3784//3784
f 3794//3794 3922//3922 3793//3793
f 3922//3922 3921//3921 3793//3793
f 3793//3793 3921//3921 3792//3792
f 3921//3921 3920//3920 3792//3792
f 3792//3792 3920//3920 3791//3791
f 3920//3920 3919//3919 3791//3791
f 3791//3791 3919//3919 3790//3790
f 3919//3919 3918//3918 3790//3790
f 3790//3790 3918//3918 3789//3789
f 3918//3918 3917//3917 3789//3789
f 3789//3789 3917//3917 3788//3788
f 3917//3917 3916//3916 3788//3788
f 3788//3788 3916//3916 3787//3787
f 3916//3916 3915//3915 3787//3787
f 3787//3787 3915//3915 3786//3786
f 3915//3915 3914//3914 3786//3786
f 3786//3786 3914//3914 3785//3785
f 3914//3914 3913//3913 3785//3785
f 3785//3785 3913//3913 3784//3784
f 3902//3902 3901//3901 3773//3773
f 3879//3879 3878//3878 3750//3750
f 3773//3773 3901//3901 3772//3772
f 3772//3772 3900//3900 3771//3771
f 3760//3760 3888//3888 3759//3759
f 3888//3888 3887//3887 3759//3759
f 3759//3759 3887//3887 3758//3758
f 3887//3887 3886//3886 3758//3758
f 3758//3758 3886//3886 3757//3757
f 3886//3886 3885//3885 3757//3757
f 3757//3757 3885//3885 3756//3756
f 3885//3885 3884//3884 3756//3756
f 3889//3889 3888//3888 3760//3760
f 3756//3756 3884//3884 3755//3755
f 3755//3755 3883//3883 3754//3754
f 3883//3883 3882//3882 3754//3754
f 3754//3754 3882//3882 3753//3753
f 3882//3882 3881//3881 3753//3753
f 3753//3753 3881//3881 3752//3752
f 3881//3881 3880//3880 3752//3752
f 3752//3752 3880//3880 3751//3751
f 3880//3880 3879//3879 3751//3751
f 3884//3884 3883//3883 3755//3755
f 3761//3761 3889//3889 3760//3760
f 3890//3890 3889//3889 3761//3761
f 3762//3762 3890//3890 3761//3761
f 3900//3900 3899//3899 3771//3771
f 3771//3771 3899//3899 3770//3770
f 3899//3899 3898//3898 3770//3770
f 3770//3770 3898//3898 3769//3769
f 3898//3898 3897//3897 3769//3769
f 3769//3769 3897//3897 3768//3768
f 3897//3897 3896//3896 3768//3768
f 3768//3768 3896//3896 3767//3767
f 3896//3896 3895//3895 3767//3767
f 3767//3767 3895//3895 3766//3766
f 3895//3895 3894//3894 3766//3766
f 3766//3766 3894//3894 3765//3765
f 3894//3894 3893//3893 3765//3765
f 3765//3765 3893//3893 3764//3764
f 3893//3893 3892//3892 3764//3764
f 3764//3764 3892//3892 3763//3763
f 4515//4515 4643//4643 4514//4514
f 3763//3763 3891//3891 3762//3762
f 3891//3891 3890//3890 3762//3762
f 3901//3901 3900//3900 3772//3772
f 3744//3744 3743//3743 3615//3615
f 3834//3834 3833//3833 3705//3705
f 3833//3833 3832//3832 3704//3704
f 3776//3776 3775//3775 3647//3647
f 3647//3647 3775//3775 3646//3646
f 3775//3775 3774//3774 3646//3646
f 3646//3646 3774//3774 3645//3645
f 3774//3774 3773//3773 3645//3645
f 3645//3645 3773//3773 3644//3644
f 3773//3773 3772//3772 3644//3644
f 3644//3644 3772//3772 3643//3643
f 3648//3648 3776//3776 3647//3647
f 3772//3772 3771//3771 3643//3643
f 3771//3771 3770//3770 3642//3642
f 3642//3642 3770//3770 3641//3641
f 3770//3770 3769//3769 3641//3641
f 3641//3641 3769//3769 3640//3640
f 3769//3769 3768//3768 3640//3640
f 3640//3640 3768//3768 3639//3639
f 3768//3768 3767//3767 3639//3639
f 3639//3639 3767//3767 3638//3638
f 3643//3643 3771//3771 3642//3642
f 3777//3777 3776//3776 3648//3648
f 3649//3649 3777//3777 3648//3648
f 3778//3778 3777//3777 3649//3649
f 3659//3659 3787//3787 3658//3658
f 3787//3787 3786//3786 3658//3658
f 3658//3658 3786//3786 3657//3657
f 3786//3786 3785//3785 3657//3657
f 3657//3657 3785//3785 3656//3656
f 3785//3785 3784//3784 3656//3656
f 3656//3656 3784//3784 3655//3655
f 3784//3784 3783//3783 3655//3655
f 3655//3655 3783//3783 3654//3654
f 3783//3783 3782//3782 3654//3654
f 3654//3654 3782//3782 3653//3653
f 3782//3782 3781//3781 3653//3653
f 3653//3653 3781//3781 3652//3652
f 3781//3781 3780//3780 3652//3652
f 3652//3652 3780//3780 3651//3651
f 3780//3780 3779//3779 3651//3651
f 3651//3651 3779//3779 3650//3650
f 3779//3779 3778//3778 3650//3650
f 3650//3650 3778//3778 3649//3649
f 3767//3767 3766//3766 3638//3638
f 3788//3788 3787//3787 3659//3659
f 3638//3638 3766//3766 3637//3637
f 3637//3637 3765//3765 3636//3636
f 3625//3625 3753//3753 3624//3624
f 3753//3753 3752//3752 3624//3624
f 3624//3624 3752//3752 3623//3623
f 3752//3752 3751//3751 3623//3623
f 3623//3623 3751//3751 3622//3622
f 3751//3751 3750//3750 3622//3622
f 3622//3622 3750//3750 3621//3621
f 3750//3750 3749//3749 3621//3621
f 3754//3754 3753//3753 3625//3625
f 3621//3621 3749//3749 3620//3620
f 3620//3620 3748//3748 3619//3619
f 3748//3748 3747//3747 3619//3619
f 3619//3619 3747//3747 3618//3618
f 3747//3747 3746//3746 3618//3618
f 3618//3618 3746//3746 3617//3617
f 3746//3746 3745//3745 3617//3617
f 3617//3617 3745//3745 3616//3616
f 3745//3745 3744//3744 3616//3616
f 3749//3749 3748//3748 3620//3620
f 3626//3626 3754//3754 3625//3625
f 3755//3755 3754//3754 3626//3626
f 3627//3627 3755//3755 3626//3626
f 3765//3765 3764//3764 3636//3636
f 3636//3636 3764//3764 3635//3635
f 3764//3764 3763//3763 3635//3635
f 3635//3635 3763//3763 3634//3634
f 3763//3763 3762//3762 3634//3634
f 3634//3634 3762//3762 3633//3633
f 3762//3762 3761//3761 3633//3633
f 3633//3633 3761//3761 3632//3632
f 3761//3761 3760//3760 3632//3632
f 3632//3632 3760//3760 3631//3631
f 3760//3760 3759//3759 3631//3631
f 3631//3631 3759//3759 3630//3630
f 3759//3759 3758//3758 3630//3630
f 3630//3630 3758//3758 3629//3629
f 3758//3758 3757//3757 3629//3629
f 3629//3629 3757//3757 3628//3628
f 3757//3757 3756//3756 3628//3628
f 3628//3628 3756//3756 3627//3627
f 3756//3756 3755//3755 3627//3627
f 3766//3766 3765//3765 3637//3637
f 3705//3705 3833//3833 3704//3704
f 3660//3660 3788//3788 3659//3659
f 3661//3661 3789//3789 3660//3660
f 3821//3821 3820//3820 3692//3692
f 3692//3692 3820//3820 3691//3691
f 3820//3820 3819//3819 3691//3691
f 3691//3691 3819//3819 3690//3690
f 3819//3819 3818//3818 3690//3690
f 3690//3690 3818//3818 3689//3689
f 3818//3818 3817//3817 3689//3689
f 3689//3689 3817//3817 3688//3688
f 3693//3693 3821//3821 3692//3692
f 3817//3817 3816//3816 3688//3688
f 3816//3816 3815//3815 3687//3687
f 3687//3687 3815//3815 3686//3686
f 3815//3815 3814//3814 3686//3686
f 3686//3686 3814//3814 3685//3685
f 3814//3814 3813//3813 3685//3685
f 3685//3685 3813//3813 3684//3684
f 3813//3813 3812//3812 3684//3684
f 3684//3684 3812//3812 3683//3683
f 3688//3688 3816//3816 3687//3687
f 3822//3822 3821//3821 3693//3693
f 3694//3694 3822//3822 3693//3693
f 3823//3823 3822//3822 3694//3694
f 3704//3704 3832//3832 3703//3703
f 3832//3832 3831//3831 3703//3703
f 3703//3703 3831//3831 3702//3702
f 3831//3831 3830//3830 3702//3702
f 3702//3702 3830//3830 3701//3701
f 3830//3830 3829//3829 3701//3701
f 3701//3701 3829//3829 3700//3700
f 3829//3829 3828//3828 3700//3700
f 3700//3700 3828//3828 3699//3699
f 3828//3828 3827//3827 3699//3699
f 3699//3699 3827//3827 3698//3698
f 3827//3827 3826//3826 3698//3698
f 3698//3698 3826//3826 3697//3697
f 3826//3826 3825//3825 3697//3697
f 3697//3697 3825//3825 3696//3696
f 3825//3825 3824//3824 3696//3696
f 3696//3696 3824//3824 3695//3695
f 3824//3824 3823//3823 3695//3695
f 3695//3695 3823//3823 3694//3694
f 3812//3812 3811//3811 3683//3683
f 3789//3789 3788//3788 3660//3660
f 3683//3683 3811//3811 3682//3682
f 3682//3682 3810//3810 3681//3681
f 3670//3670 3798//3798 3669//3669
f 3798//3798 3797//3797 3669//3669
f 3669//3669 3797//3797 3668//3668
f 3797//3797 3796//3796 3668//3668
f 3668//3668 3796//3796 3667//3667
f 3796//3796 3795//3795 3667//3667
f 3667//3667 3795//3795 3666//3666
f 3795//3795 3794//3794 3666//3666
f 3799//3799 3798//3798 3670//3670
f 3666//3666 3794//3794 3665//3665
f 3665//3665 3793//3793 3664//3664
f 3793//3793 3792//3792 3664//3664
f 3664//3664 3792//3792 3663//3663
f 3792//3792 3791//3791 3663//3663
f 3663//3663 3791//3791 3662//3662
f 3791//3791 3790//3790 3662//3662
f 3662//3662 3790//3790 3661//3661
f 3790//3790 3789//3789 3661//3661
f 3794//3794 3793//3793 3665//3665
f 3671//3671 3799//3799 3670//3670
f 3800//3800 3799//3799 3671//3671
f 3672//3672 3800//3800 3671//3671
f 3810//3810 3809//3809 3681//3681
f 3681//3681 3809//3809 3680//3680
f 3809//3809 3808//3808 3680//3680
f 3680//3680 3808//3808 3679//3679
f 3808//3808 3807//3807 3679//3679
f 3679//3679 3807//3807 3678//3678
f 3807//3807 3806//3806 3678//3678
f 3678//3678 3806//3806 3677//3677
f 3806//3806 3805//3805 3677//3677
f 3677//3677 3805//3805 3676//3676
f 3805//3805 3804//3804 3676//3676
f 3676//3676 3804//3804 3675//3675
f 3804//3804 3803//3803 3675//3675
f 3675//3675 3803//3803 3674//3674
f 3803//3803 3802//3802 3674//3674
f 3674//3674 3802//3802 3673//3673
f 3802//3802 3801//3801 3673//3673
f 3673//3673 3801//3801 3672//3672
f 3801//3801 3800//3800 3672//3672
f 3811//3811 3810//3810 3682//3682
f 3564//3564 3563//3563 3435//3435
f 3435//3435 3563//3563 3434//3434
f 3563//3563 3562//3562 3434//3434
f 3197//3197 3325//3325 3196//3196
f 3325//3325 3324//3324 3196//3196
f 3196//3196 3324//3324 3195//3195
f 3324//3324 3323//3323 3195//3195
f 3195//3195 3323//3323 3194//3194
f 3323//3323 3322//3322 3194//3194
f 3194//3194 3322//3322 3193//3193
f 3322//3322 3321//3321 3193//3193
f 3326//3326 3325//3325 3197//3197
f 3193//3193 3321//3321 3192//3192
f 3192//3192 3320//3320 3191//3191
f 3320//3320 3319//3319 3191//3191
f 3191//3191 3319//3319 3190//3190
f 3319//3319 3318//3318 3190//3190
f 3190//3190 3318//3318 3189//3189
f 3318//3318 3317//3317 3189//3189
f 3189//3189 3317//3317 3188//3188
f 3317//3317 3316//3316 3188//3188
f 3321//3321 3320//3320 3192//3192
f 3198//3198 3326//3326 3197//3197
f 3327//3327 3326//3326 3198//3198
f 3199//3199 3327//3327 3198//3198
f 3337//3337 3336//3336 3208//3208
f 3208//3208 3336//3336 3207//3207
f 3336//3336 3335//3335 3207//3207
f 3207//3207 3335//3335 3206//3206
f 3335//3335 3334//3334 3206//3206
f 3206//3206 3334//3334 3205//3205
f 3334//3334 3333//3333 3205//3205
f 3205//3205 3333//3333 3204//3204
f 3333//3333 3332//3332 3204//3204
f 3204//3204 3332//3332 3203//3203
f 3332//3332 3331//3331 3203//3203
f 3075//3075 3203//3203 3202//3202
f 3203//3203 3330//3330 3202//3202
f 3202//3202 3330//3330 3201//3201
f 3330//3330 3329//3329 3201//3201
f 3201//3201 3329//3329 3200//3200
f 3329//3329 3328//3328 3200//3200
f 3200//3200 3328//3328 3199//3199
f 3328//3328 3327//3327 3199//3199
f 3188//3188 3316//3316 3187//3187
f 3209//3209 3337//3337 3208//3208
f 3316//3316 3315//3315 3187//3187
f 3315//3315 3314//3314 3186//3186
f 3303//3303 3302//3302 3174//3174
f 3174//3174 3302//3302 3173//3173
f 3302//3302 3301//3301 3173//3173
f 3173//3173 3301//3301 3172//3172
f 3301//3301 3300//3300 3172//3172
f 3172//3172 3300//3300 3171//3171
f 3300//3300 3299//3299 3171//3171
f 3171//3171 3299//3299 3170//3170
f 3175//3175 3303//3303 3174//3174
f 3299//3299 3298//3298 3170//3170
f 3298//3298 3297//3297 3169//3169
f 3169//3169 3297//3297 3168//3168
f 3297//3297 3296//3296 3168//3168
f 3168//3168 3296//3296 3167//3167
f 3296//3296 3295//3295 3167//3167
f 3167//3167 3295//3295 3166//3166
f 3295//3295 3294//3294 3166//3166
f 3166//3166 3294//3294 3165//3165
f 3170//3170 3298//3298 3169//3169
f 3304//3304 3303//3303 3175//3175
f 3176//3176 3304//3304 3175//3175
f 3305//3305 3304//3304 3176//3176
f 3186//3186 3314//3314 3185//3185
f 3314//3314 3313//3313 3185//3185
f 3185//3185 3313//3313 3184//3184
f 3313//3313 3312//3312 3184//3184
f 3184//3184 3312//3312 3183//3183
f 3312//3312 3311//3311 3183//3183
f 3183//3183 3311//3311 3182//3182
f 3311//3311 3310//3310 3182//3182
f 3182//3182 3310//3310 3181//3181
f 3310//3310 3309//3309 3181//3181
f 3181//3181 3309//3309 3180//3180
f 3309//3309 3308//3308 3180//3180
f 3180//3180 3308//3308 3179//3179
f 3308//3308 3307//3307 3179//3179
f 3179//3179 3307//3307 3178//3178
f 3307//3307 3306//3306 3178//3178
f 3178//3178 3306//3306 3177//3177
f 3306//3306 3305//3305 3177//3177
f 3177//3177 3305//3305 3176//3176
f 3187//3187 3315//3315 3186//3186
f 3294//3294 3293//3293 3165//3165
f 3338//3338 3337//3337 3209//3209
f 3339//3339 3338//3338 3210//3210
f 3242//3242 3370//3370 3241//3241
f 3370//3370 3369//3369 3241//3241
f 3241//3241 3369//3369 3240//3240
f 3369//3369 3368//3368 3240//3240
f 3240//3240 3368//3368 3239//3239
f 3368//3368 3367//3367 3239//3239
f 3239//3239 3367//3367 3238//3238
f 3367//3367 3366//3366 3238//3238
f 3371//3371 3370//3370 3242//3242
f 3238//3238 3366//3366 3237//3237
f 3237//3237 3365//3365 3236//3236
f 3365//3365 3364//3364 3236//3236
f 3236//3236 3364//3364 3235//3235
f 3364//3364 3363//3363 3235//3235
f 3235//3235 3363//3363 3234//3234
f 3363//3363 3362//3362 3234//3234
f 3234//3234 3362//3362 3233//3233
f 3362//3362 3361//3361 3233//3233
f 3366//3366 3365//3365 3237//3237
f 3243//3243 3371//3371 3242//3242
f 3372//3372 3371//3371 3243//3243
f 3244//3244 3372//3372 3243//3243
f 3382//3382 3381//3381 3253//3253
f 3253//3253 3381//3381 3252//3252
f 3381//3381 3380//3380 3252//3252
f 3252//3252 3380//3380 3251//3251
f 3380//3380 3379//3379 3251//3251
f 3251//3251 3379//3379 3250//3250
f 3379//3379 3378//3378 3250//3250
f 3250//3250 3378//3378 3249//3249
f 3378//3378 3377//3377 3249//3249
f 3249//3249 3377//3377 3248//3248
f 3377//3377 3376//3376 3248//3248
f 3248//3248 3376//3376 3247//3247
f 3376//3376 3375//3375 3247//3247
f 3247//3247 3375//3375 3246//3246
f 3375//3375 3374//3374 3246//3246
f 3246//3246 3374//3374 3245//3245
f 3374//3374 3373//3373 3245//3245
f 3245//3245 3373//3373 3244//3244
f 3373//3373 3372//3372 3244//3244
f 3233//3233 3361//3361 3232//3232
f 3210//3210 3338//3338 3209//3209
f 3361//3361 3360//3360 3232//3232
f 3360//3360 3359//3359 3231//3231
f 3348//3348 3347//3347 3219//3219
f 3219//3219 3347//3347 3218//3218
f 3347//3347 3346//3346 3218//3218
f 3218//3218 3346//3346 3217//3217
f 3346//3346 3345//3345 3217//3217
f 3217//3217 3345//3345 3216//3216
f 3345//3345 3344//3344 3216//3216
f 3216//3216 3344//3344 3215//3215
f 3220//3220 3348//3348 3219//3219
f 3344//3344 3343//3343 3215//3215
f 3343//3343 3342//3342 3214//3214
f 3214//3214 3342//3342 3213//3213
f 3342//3342 3341//3341 3213//3213
f 3213//3213 3341//3341 3212//3212
f 3341//3341 3340//3340 3212//3212
f 3212//3212 3340//3340 3211//3211
f 3340//3340 3339//3339 3211//3211
f 3211//3211 3339//3339 3210//3210
f 3215//3215 3343//3343 3214//3214
f 3349//3349 3348//3348 3220//3220
f 3221//3221 3349//3349 3220//3220
f 3350//3350 3349//3349 3221//3221
f 3231//3231 3359//3359 3230//3230
f 3359//3359 3358//3358 3230//3230
f 3230//3230 3358//3358 3229//3229
f 3358//3358 3357//3357 3229//3229
f 3229//3229 3357//3357 3228//3228
f 3357//3357 3356//3356 3228//3228
f 3228//3228 3356//3356 3227//3227
f 3356//3356 3355//3355 3227//3227
f 3227//3227 3355//3355 3226//3226
f 3355//3355 3354//3354 3226//3226
f 3226//3226 3354//3354 3225//3225
f 3354//3354 3353//3353 3225//3225
f 3225//3225 3353//3353 3224//3224
f 3353//3353 3352//3352 3224//3224
f 3224//3224 3352//3352 3223//3223
f 3352//3352 3351//3351 3223//3223
f 3223//3223 3351//3351 3222//3222
f 3351//3351 3350//3350 3222//3222
f 3222//3222 3350//3350 3221//3221
f 3232//3232 3360//3360 3231//3231
f 3254//3254 3382//3382 3253//3253
f 3165//3165 3293//3293 3164//3164
f 3164//3164 3292//3292 3163//3163
f 3107//3107 3235//3235 3106//3106
f 3235//3235 3234//3234 3106//3106
f 3106//3106 3234//3234 3105//3105
f 3234//3234 3233//3233 3105//3105
f 3105//3105 3233//3233 3104//3104
f 3233//3233 3232//3232 3104//3104
f 3104//3104 3232//3232 3103//3103
f 3232//3232 3231//3231 3103//3103
f 3236//3236 3235//3235 3107//3107
f 3103//3103 3231//3231 3102//3102
f 3102//3102 3230//3230 3101//3101
f 3230//3230 3229//3229 3101//3101
f 3101//3101 3229//3229 3100//3100
f 3229//3229 3228//3228 3100//3100
f 3100//3100 3228//3228 3099//3099
f 3228//3228 3227//3227 3099//3099
f 3099//3099 3227//3227 3098//3098
f 3227//3227 3226//3226 3098//3098
f 3231//3231 3230//3230 3102//3102
f 3108//3108 3236//3236 3107//3107
f 3237//3237 3236//3236 3108//3108
f 3109//3109 3237//3237 3108//3108
f 3247//3247 3246//3246 3118//3118
f 3118//3118 3246//3246 3117//3117
f 3246//3246 3245//3245 3117//3117
f 3117//3117 3245//3245 3116//3116
f 3245//3245 3244//3244 3116//3116
f 3116//3116 3244//3244 3115//3115
f 3244//3244 3243//3243 3115//3115
f 3115//3115 3243//3243 3114//3114
f 3243//3243 3242//3242 3114//3114
f 3114//3114 3242//3242 3113//3113
f 3242//3242 3241//3241 3113//3113
f 3113//3113 3241//3241 3112//3112
f 3241//3241 3240//3240 3112//3112
f 3112//3112 3240//3240 3111//3111
f 3240//3240 3239//3239 3111//3111
f 3111//3111 3239//3239 3110//3110
f 3239//3239 3238//3238 3110//3110
f 3110//3110 3238//3238 3109//3109
f 3238//3238 3237//3237 3109//3109
f 3098//3098 3226//3226 3097//3097
f 3119//3119 3247//3247 3118//3118
f 3226//3226 3225//3225 3097//3097
f 3225//3225 3224//3224 3096//3096
f 3213//3213 3212//3212 3084//3084
f 3084//3084 3212//3212 3083//3083
f 3212//3212 3211//3211 3083//3083
f 3083//3083 3211//3211 3082//3082
f 3211//3211 3210//3210 3082//3082
f 3082//3082 3210//3210 3081//3081
f 3210//3210 3209//3209 3081//3081
f 3081//3081 3209//3209 3080//3080
f 3085//3085 3213//3213 3084//3084
f 3209//3209 3208//3208 3080//3080
f 3208//3208 3207//3207 3079//3079
f 3079//3079 3207//3207 3078//3078
f 3207//3207 3206//3206 3078//3078
f 3078//3078 3206//3206 3077//3077
f 3206//3206 3205//3205 3077//3077
f 3077//3077 3205//3205 3076//3076
f 3205//3205 3204//3204 3076//3076
f 3076//3076 3204//3204 3075//3075
f 3080//3080 3208//3208 3079//3079
f 3214//3214 3213//3213 3085//3085
f 3086//3086 3214//3214 3085//3085
f 3215//3215 3214//3214 3086//3086
f 3096//3096 3224//3224 3095//3095
f 3224//3224 3223//3223 3095//3095
f 3095//3095 3223//3223 3094//3094
f 3223//3223 3222//3222 3094//3094
f 3094//3094 3222//3222 3093//3093
f 3222//3222 3221//3221 3093//3093
f 3093//3093 3221//3221 3092//3092
f 3221//3221 3220//3220 3092//3092
f 3092//3092 3220//3220 3091//3091
f 3220//3220 3219//3219 3091//3091
f 3091//3091 3219//3219 3090//3090
f 3219//3219 3218//3218 3090//3090
f 3090//3090 3218//3218 3089//3089
f 3218//3218 3217//3217 3089//3089
f 3089//3089 3217//3217 3088//3088
f 3217//3217 3216//3216 3088//3088
f 3088//3088 3216//3216 3087//3087
f 3216//3216 3215//3215 3087//3087
f 3087//3087 3215//3215 3086//3086
f 3097//3097 3225//3225 3096//3096
f 3293//3293 3292//3292 3164//3164
f 3248//3248 3247//3247 3119//3119
f 3249//3249 3248//3248 3120//3120
f 3152//3152 3280//3280 3151//3151
f 3280//3280 3279//3279 3151//3151
f 3151//3151 3279//3279 3150//3150
f 3279//3279 3278//3278 3150//3150
f 3150//3150 3278//3278 3149//3149
f 3278//3278 3277//3277 3149//3149
f 3149//3149 3277//3277 3148//3148
f 3277//3277 3276//3276 3148//3148
f 3281//3281 3280//3280 3152//3152
f 3148//3148 3276//3276 3147//3147
f 3147//3147 3275//3275 3146//3146
f 3275//3275 3274//3274 3146//3146
f 3146//3146 3274//3274 3145//3145
f 3274//3274 3273//3273 3145//3145
f 3145//3145 3273//3273 3144//3144
f 3273//3273 3272//3272 3144//3144
f 3144//3144 3272//3272 3143//3143
f 3272//3272 3271//3271 3143//3143
f 3276//3276 3275//3275 3147//3147
f 3153//3153 3281//3281 3152//3152
f 3282//3282 3281//3281 3153//3153
f 3154//3154 3282//3282 3153//3153
f 3292//3292 3291//3291 3163//3163
f 3163//3163 3291//3291 3162//3162
f 3291//3291 3290//3290 3162//3162
f 3162//3162 3290//3290 3161//3161
f 3290//3290 3289//3289 3161//3161
f 3161//3161 3289//3289 3160//3160
f 3289//3289 3288//3288 3160//3160
f 3160//3160 3288//3288 3159//3159
f 3288//3288 3287//3287 3159//3159
f 3159//3159 3287//3287 3158//3158
f 3287//3287 3286//3286 3158//3158
f 3158//3158 3286//3286 3157//3157
f 3286//3286 3285//3285 3157//3157
f 3157//3157 3285//3285 3156//3156
f 3285//3285 3284//3284 3156//3156
f 3156//3156 3284//3284 3155//3155
f 3284//3284 3283//3283 3155//3155
f 3155//3155 3283//3283 3154//3154
f 3283//3283 3282//3282 3154//3154
f 3143//3143 3271//3271 3142//3142
f 3120//3120 3248//3248 3119//3119
f 3271//3271 3270//3270 3142//3142
f 3270//3270 3269//3269 3141//3141
f 3258//3258 3257//3257 3129//3129
f 3129//3129 3257//3257 3128//3128
f 3257//3257 3256//3256 3128//3128
f 3128//3128 3256//3256 3127//3127
f 3256//3256 3255//3255 3127//3127
f 3127//3127 3255//3255 3126//3126
f 3255//3255 3254//3254 3126//3126
f 3126//3126 3254//3254 3125//3125
f 3130//3130 3258//3258 3129//3129
f 3254//3254 3253//3253 3125//3125
f 3253//3253 3252//3252 3124//3124
f 3124//3124 3252//3252 3123//3123
f 3252//3252 3251//3251 3123//3123
f 3123//3123 3251//3251 3122//3122
f 3251//3251 3250//3250 3122//3122
f 3122//3122 3250//3250 3121//3121
f 3250//3250 3249//3249 3121//3121
f 3121//3121 3249//3249 3120//3120
f 3125//3125 3253//3253 3124//3124
f 3259//3259 3258//3258 3130//3130
f 3131//3131 3259//3259 3130//3130
f 3260//3260 3259//3259 3131//3131
f 3141//3141 3269//3269 3140//3140
f 3269//3269 3268//3268 3140//3140
f 3140//3140 3268//3268 3139//3139
f 3268//3268 3267//3267 3139//3139
f 3139//3139 3267//3267 3138//3138
f 3267//3267 3266//3266 3138//3138
f 3138//3138 3266//3266 3137//3137
f 3266//3266 3265//3265 3137//3137
f 3137//3137 3265//3265 3136//3136
f 3265//3265 3264//3264 3136//3136
f 3136//3136 3264//3264 3135//3135
f 3264//3264 3263//3263 3135//3135
f 3135//3135 3263//3263 3134//3134
f 3263//3263 3262//3262 3134//3134
f 3134//3134 3262//3262 3133//3133
f 3262//3262 3261//3261 3133//3133
f 3133//3133 3261//3261 3132//3132
f 3261//3261 3260//3260 3132//3132
f 3132//3132 3260//3260 3131//3131
f 3142//3142 3270//3270 3141//3141
f 3383//3383 3382//3382 3254//3254
f 3255//3255 3383//3383 3254//3254
f 3384//3384 3383//3383 3255//3255
f 3506//3506 3505//3505 3377//3377
f 3377//3377 3505//3505 3376//3376
f 3505//3505 3504//3504 3376//3376
f 3376//3376 3504//3504 3375//3375
f 3504//3504 3503//3503 3375//3375
f 3375//3375 3503//3503 3374//3374
f 3503//3503 3502//3502 3374//3374
f 3374//3374 3502//3502 3373//3373
f 3378//3378 3506//3506 3377//3377
f 3502//3502 3501//3501 3373//3373
f 3501//3501 3500//3500 3372//3372
f 3372//3372 3500//3500 3371//3371
f 3500//3500 3499//3499 3371//3371
f 3371//3371 3499//3499 3370//3370
f 3499//3499 3498//3498 3370//3370
f 3370//3370 3498//3498 3369//3369
f 3498//3498 3497//3497 3369//3369
f 3369//3369 3497//3497 3368//3368
f 3373//3373 3501//3501 3372//3372
f 3507//3507 3506//3506 3378//3378
f 3379//3379 3507//3507 3378//3378
f 3508//3508 3507//3507 3379//3379
f 3389//3389 3517//3517 3388//3388
f 3517//3517 3516//3516 3388//3388
f 3388//3388 3516//3516 3387//3387
f 3516//3516 3515//3515 3387//3387
f 3387//3387 3515//3515 3386//3386
f 3515//3515 3514//3514 3386//3386
f 3386//3386 3514//3514 3385//3385
f 3514//3514 3513//3513 3385//3385
f 3385//3385 3513//3513 3384//3384
f 3513//3513 3512//3512 3384//3384
f 3384//3384 3512//3512 3383//3383
f 3512//3512 3511//3511 3383//3383
f 3383//3383 3511//3511 3382//3382
f 3511//3511 3510//3510 3382//3382
f 3382//3382 3510//3510 3381//3381
f 3510//3510 3509//3509 3381//3381
f 3381//3381 3509//3509 3380//3380
f 3509//3509 3508//3508 3380//3380
f 3380//3380 3508//3508 3379//3379
f 3497//3497 3496//3496 3368//3368
f 3518//3518 3517//3517 3389//3389
f 3368//3368 3496//3496 3367//3367
f 3367//3367 3495//3495 3366//3366
f 3355//3355 3483//3483 3354//3354
f 3483//3483 3482//3482 3354//3354
f 3354//3354 3482//3482 3353//3353
f 3482//3482 3481//3481 3353//3353
f 3353//3353 3481//3481 3352//3352
f 3481//3481 3480//3480 3352//3352
f 3352//3352 3480//3480 3351//3351
f 3480//3480 3479//3479 3351//3351
f 3484//3484 3483//3483 3355//3355
f 3351//3351 3479//3479 3350//3350
f 3350//3350 3478//3478 3349//3349
f 3478//3478 3477//3477 3349//3349
f 3349//3349 3477//3477 3348//3348
f 3477//3477 3476//3476 3348//3348
f 3348//3348 3476//3476 3347//3347
f 3476//3476 3475//3475 3347//3347
f 3347//3347 3475//3475 3346//3346
f 3475//3475 3474//3474 3346//3346
f 3479//3479 3478//3478 3350//3350
f 3356//3356 3484//3484 3355//3355
f 3485//3485 3484//3484 3356//3356
f 3357//3357 3485//3485 3356//3356
f 3495//3495 3494//3494 3366//3366
f 3366//3366 3494//3494 3365//3365
f 3494//3494 3493//3493 3365//3365
f 3365//3365 3493//3493 3364//3364
f 3493//3493 3492//3492 3364//3364
f 3364//3364 3492//3492 3363//3363
f 3492//3492 3491//3491 3363//3363
f 3363//3363 3491//3491 3362//3362
f 3491//3491 3490//3490 3362//3362
f 3362//3362 3490//3490 3361//3361
f 3490//3490 3489//3489 3361//3361
f 3361//3361 3489//3489 3360//3360
f 3489//3489 3488//3488 3360//3360
f 3360//3360 3488//3488 3359//3359
f 3488//3488 3487//3487 3359//3359
f 3359//3359 3487//3487 3358//3358
f 3487//3487 3486//3486 3358//3358
f 3358//3358 3486//3486 3357//3357
f 3486//3486 3485//3485 3357//3357
f 3496//3496 3495//3495 3367//3367
f 3346//3346 3474//3474 3345//3345
f 3390//3390 3518//3518 3389//3389
f 3391//3391 3519//3519 3390//3390
f 3551//3551 3550//3550 3422//3422
f 3422//3422 3550//3550 3421//3421
f 3550//3550 3549//3549 3421//3421
f 3421//3421 3549//3549 3420//3420
f 3549//3549 3548//3548 3420//3420
f 3420//3420 3548//3548 3419//3419
f 3548//3548 3547//3547 3419//3419
f 3419//3419 3547//3547 3418//3418
f 3423//3423 3551//3551 3422//3422
f 3547//3547 3546//3546 3418//3418
f 3546//3546 3545//3545 3417//3417
f 3417//3417 3545//3545 3416//3416
f 3545//3545 3544//3544 3416//3416
f 3416//3416 3544//3544 3415//3415
f 3544//3544 3543//3543 3415//3415
f 3415//3415 3543//3543 3414//3414
f 3543//3543 3542//3542 3414//3414
f 3414//3414 3542//3542 3413//3413
f 3418//3418 3546//3546 3417//3417
f 3552//3552 3551//3551 3423//3423
f 3424//3424 3552//3552 3423//3423
f 3553//3553 3552//3552 3424//3424
f 3434//3434 3562//3562 3433//3433
f 3562//3562 3561//3561 3433//3433
f 3433//3433 3561//3561 3432//3432
f 3561//3561 3560//3560 3432//3432
f 3432//3432 3560//3560 3431//3431
f 3560//3560 3559//3559 3431//3431
f 3431//3431 3559//3559 3430//3430
f 3559//3559 3558//3558 3430//3430
f 3430//3430 3558//3558 3429//3429
f 3558//3558 3557//3557 3429//3429
f 3429//3429 3557//3557 3428//3428
f 3557//3557 3556//3556 3428//3428
f 3428//3428 3556//3556 3427//3427
f 3556//3556 3555//3555 3427//3427
f 3427//3427 3555//3555 3426//3426
f 3555//3555 3554//3554 3426//3426
f 3426//3426 3554//3554 3425//3425
f 3554//3554 3553//3553 3425//3425
f 3425//3425 3553//3553 3424//3424
f 3542//3542 3541//3541 3413//3413
f 3519//3519 3518//3518 3390//3390
f 3413//3413 3541//3541 3412//3412
f 3412//3412 3540//3540 3411//3411
f 3400//3400 3528//3528 3399//3399
f 3528//3528 3527//3527 3399//3399
f 3399//3399 3527//3527 3398//3398
f 3527//3527 3526//3526 3398//3398
f 3398//3398 3526//3526 3397//3397
f 3526//3526 3525//3525 3397//3397
f 3397//3397 3525//3525 3396//3396
f 3525//3525 3524//3524 3396//3396
f 3529//3529 3528//3528 3400//3400
f 3396//3396 3524//3524 3395//3395
f 3395//3395 3523//3523 3394//3394
f 3523//3523 3522//3522 3394//3394
f 3394//3394 3522//3522 3393//3393
f 3522//3522 3521//3521 3393//3393
f 3393//3393 3521//3521 3392//3392
f 3521//3521 3520//3520 3392//3392
f 3392//3392 3520//3520 3391//3391
f 3520//3520 3519//3519 3391//3391
f 3524//3524 3523//3523 3395//3395
f 3401//3401 3529//3529 3400//3400
f 3530//3530 3529//3529 3401//3401
f 3402//3402 3530//3530 3401//3401
f 3540//3540 3539//3539 3411//3411
f 3411//3411 3539//3539 3410//3410
f 3539//3539 3538//3538 3410//3410
f 3410//3410 3538//3538 3409//3409
f 3538//3538 3537//3537 3409//3409
f 3409//3409 3537//3537 3408//3408
f 3537//3537 3536//3536 3408//3408
f 3408//3408 3536//3536 3407//3407
f 3536//3536 3535//3535 3407//3407
f 3407//3407 3535//3535 3406//3406
f 3535//3535 3534//3534 3406//3406
f 3406//3406 3534//3534 3405//3405
f 3534//3534 3533//3533 3405//3405
f 3405//3405 3533//3533 3404//3404
f 3533//3533 3532//3532 3404//3404
f 3404//3404 3532//3532 3403//3403
f 3532//3532 3531//3531 3403//3403
f 3403//3403 3531//3531 3402//3402
f 3531//3531 3530//3530 3402//3402
f 3541//3541 3540//3540 3412//3412
f 3474//3474 3473//3473 3345//3345
f 3345//3345 3473//3473 3344//3344
f 3473//3473 3472//3472 3344//3344
f 3287//3287 3415//3415 3286//3286
f 3415//3415 3414//3414 3286//3286
f 3286//3286 3414//3414 3285//3285
f 3414//3414 3413//3413 3285//3285
f 3285//3285 3413//3413 3284//3284
f 3413//3413 3412//3412 3284//3284
f 3284//3284 3412//3412 3283//3283
f 3412//3412 3411//3411 3283//3283
f 3416//3416 3415//3415 3287//3287
f 3283//3283 3411//3411 3282//3282
f 3282//3282 3410//3410 3281//3281
f 3410//3410 3409//3409 3281//3281
f 3281//3281 3409//3409 3280//3280
f 3409//3409 3408//3408 3280//3280
f 3280//3280 3408//3408 3279//3279
f 3408//3408 3407//3407 3279//3279
f 3279//3279 3407//3407 3278//3278
f 3407//3407 3406//3406 3278//3278
f 3411//3411 3410//3410 3282//3282
f 3288//3288 3416//3416 3287//3287
f 3417//3417 3416//3416 3288//3288
f 3289//3289 3417//3417 3288//3288
f 3427//3427 3426//3426 3298//3298
f 3298//3298 3426//3426 3297//3297
f 3426//3426 3425//3425 3297//3297
f 3297//3297 3425//3425 3296//3296
f 3425//3425 3424//3424 3296//3296
f 3296//3296 3424//3424 3295//3295
f 3424//3424 3423//3423 3295//3295
f 3295//3295 3423//3423 3294//3294
f 3423//3423 3422//3422 3294//3294
f 3294//3294 3422//3422 3293//3293
f 3422//3422 3421//3421 3293//3293
f 3293//3293 3421//3421 3292//3292
f 3421//3421 3420//3420 3292//3292
f 3292//3292 3420//3420 3291//3291
f 3420//3420 3419//3419 3291//3291
f 3291//3291 3419//3419 3290//3290
f 3419//3419 3418//3418 3290//3290
f 3290//3290 3418//3418 3289//3289
f 3418//3418 3417//3417 3289//3289
f 3278//3278 3406//3406 3277//3277
f 3299//3299 3427//3427 3298//3298
f 3406//3406 3405//3405 3277//3277
f 3405//3405 3404//3404 3276//3276
f 3393//3393 3392//3392 3264//3264
f 3264//3264 3392//3392 3263//3263
f 3392//3392 3391//3391 3263//3263
f 3263//3263 3391//3391 3262//3262
f 3391//3391 3390//3390 3262//3262
f 3262//3262 3390//3390 3261//3261
f 3390//3390 3389//3389 3261//3261
f 3261//3261 3389//3389 3260//3260
f 3265//3265 3393//3393 3264//3264
f 3389//3389 3388//3388 3260//3260
f 3388//3388 3387//3387 3259//3259
f 3259//3259 3387//3387 3258//3258
f 3387//3387 3386//3386 3258//3258
f 3258//3258 3386//3386 3257//3257
f 3386//3386 3385//3385 3257//3257
f 3257//3257 3385//3385 3256//3256
f 3385//3385 3384//3384 3256//3256
f 3256//3256 3384//3384 3255//3255
f 3260//3260 3388//3388 3259//3259
f 3394//3394 3393//3393 3265//3265
f 3266//3266 3394//3394 3265//3265
f 3395//3395 3394//3394 3266//3266
f 3276//3276 3404//3404 3275//3275
f 3404//3404 3403//3403 3275//3275
f 3275//3275 3403//3403 3274//3274
f 3403//3403 3402//3402 3274//3274
f 3274//3274 3402//3402 3273//3273
f 3402//3402 3401//3401 3273//3273
f 3273//3273 3401//3401 3272//3272
f 3401//3401 3400//3400 3272//3272
f 3272//3272 3400//3400 3271//3271
f 3400//3400 3399//3399 3271//3271
f 3271//3271 3399//3399 3270//3270
f 3399//3399 3398//3398 3270//3270
f 3270//3270 3398//3398 3269//3269
f 3398//3398 3397//3397 3269//3269
f 3269//3269 3397//3397 3268//3268
f 3397//3397 3396//3396 3268//3268
f 3268//3268 3396//3396 3267//3267
f 3396//3396 3395//3395 3267//3267
f 3267//3267 3395//3395 3266//3266
f 3277//3277 3405//3405 3276//3276
f 3428//3428 3427//3427 3299//3299
f 3300//3300 3428//3428 3299//3299
f 3429//3429 3428//3428 3300//3300
f 3461//3461 3460//3460 3332//3332
f 3332//3332 3460//3460 3331//3331
f 3460//3460 3459//3459 3331//3331
f 3203//3203 3331//3331 3330//3330
f 3331//3331 3458//3458 3330//3330
f 3330//3330 3458//3458 3329//3329
f 3458//3458 3457//3457 3329//3329
f 3329//3329 3457//3457 3328//3328
f 3333//3333 3461//3461 3332//3332
f 3457//3457 3456//3456 3328//3328
f 3456//3456 3455//3455 3327//3327
f 3327//3327 3455//3455 3326//3326
f 3455//3455 3454//3454 3326//3326
f 3326//3326 3454//3454 3325//3325
f 3454//3454 3453//3453 3325//3325
f 3325//3325 3453//3453 3324//3324
f 3453//3453 3452//3452 3324//3324
f 3324//3324 3452//3452 3323//3323
f 3328//3328 3456//3456 3327//3327
f 3462//3462 3461//3461 3333//3333
f 3334//3334 3462//3462 3333//3333
f 3463//3463 3462//3462 3334//3334
f 3344//3344 3472//3472 3343//3343
f 3472//3472 3471//3471 3343//3343
f 3343//3343 3471//3471 3342//3342
f 3471//3471 3470//3470 3342//3342
f 3342//3342 3470//3470 3341//3341
f 3470//3470 3469//3469 3341//3341
f 3341//3341 3469//3469 3340//3340
f 3469//3469 3468//3468 3340//3340
f 3340//3340 3468//3468 3339//3339
f 3468//3468 3467//3467 3339//3339
f 3339//3339 3467//3467 3338//3338
f 3467//3467 3466//3466 3338//3338
f 3338//3338 3466//3466 3337//3337
f 3466//3466 3465//3465 3337//3337
f 3337//3337 3465//3465 3336//3336
f 3465//3465 3464//3464 3336//3336
f 3336//3336 3464//3464 3335//3335
f 3464//3464 3463//3463 3335//3335
f 3335//3335 3463//3463 3334//3334
f 3452//3452 3451//3451 3323//3323
f 3323//3323 3451//3451 3322//3322
f 3451//3451 3450//3450 3322//3322
f 3322//3322 3450//3450 3321//3321
f 3310//3310 3438//3438 3309//3309
f 3438//3438 3437//3437 3309//3309
f 3309//3309 3437//3437 3308//3308
f 3437//3437 3436//3436 3308//3308
f 3308//3308 3436//3436 3307//3307
f 3436//3436 3435//3435 3307//3307
f 3307//3307 3435//3435 3306//3306
f 3435//3435 3434//3434 3306//3306
f 3306//3306 3434//3434 3305//3305
f 3434//3434 3433//3433 3305//3305
f 3305//3305 3433//3433 3304//3304
f 3433//3433 3432//3432 3304//3304
f 3304//3304 3432//3432 3303//3303
f 3432//3432 3431//3431 3303//3303
f 3303//3303 3431//3431 3302//3302
f 3431//3431 3430//3430 3302//3302
f 3302//3302 3430//3430 3301//3301
f 3430//3430 3429//3429 3301//3301
f 3301//3301 3429//3429 3300//3300
f 3439//3439 3438//3438 3310//3310
f 3923//3923 3922//3922 3794//3794
f 3311//3311 3439//3439 3310//3310
f 3312//3312 3440//3440 3311//3311
f 3450//3450 3449//3449 3321//3321
f 3321//3321 3449//3449 3320//3320
f 3449//3449 3448//3448 3320//3320
f 3320//3320 3448//3448 3319//3319
f 3448//3448 3447//3447 3319//3319
f 3319//3319 3447//3447 3318//3318
f 3447//3447 3446//3446 3318//3318
f 3318//3318 3446//3446 3317//3317
f 3446//3446 3445//3445 3317//3317
f 3317//3317 3445//3445 3316//3316
f 3445//3445 3444//3444 3316//3316
f 3316//3316 3444//3444 3315//3315
f 3444//3444 3443//3443 3315//3315
f 3315//3315 3443//3443 3314//3314
f 3443//3443 3442//3442 3314//3314
f 3314//3314 3442//3442 3313//3313
f 3442//3442 3441//3441 3313//3313
f 3313//3313 3441//3441 3312//3312
f 3441//3441 3440//3440 3312//3312
f 3440//3440 3439//3439 3311//3311
f 3795//3795 3923//3923 3794//3794
f 3892//3892 3891//3891 3763//3763
f 3796//3796 3924//3924 3795//3795
f 4406//4406 4405//4405 4277//4277
f 4277//4277 4405//4405 4276//4276
f 4405//4405 4404//4404 4276//4276
f 4276//4276 4404//4404 4275//4275
f 4404//4404 4403//4403 4275//4275
f 4275//4275 4403//4403 4274//4274
f 4403//4403 4402//4402 4274//4274
f 4274//4274 4402//4402 4273//4273
f 4278//4278 4406//4406 4277//4277
f 4402//4402 4401//4401 4273//4273
f 4401//4401 4400//4400 4272//4272
f 4272//4272 4400//4400 4271//4271
f 4400//4400 4399//4399 4271//4271
f 4271//4271 4399//4399 4270//4270
f 4399//4399 4398//4398 4270//4270
f 4270//4270 4398//4398 4269//4269
f 4398//4398 4397//4397 4269//4269
f 4269//4269 4397//4397 4268//4268
f 4273//4273 4401//4401 4272//4272
f 4407//4407 4406//4406 4278//4278
f 4279//4279 4407//4407 4278//4278
f 4408//4408 4407//4407 4279//4279
f 4289//4289 4417//4417 4288//4288
f 4417//4417 4416//4416 4288//4288
f 4288//4288 4416//4416 4287//4287
f 4416//4416 4415//4415 4287//4287
f 4287//4287 4415//4415 4286//4286
f 4415//4415 4414//4414 4286//4286
f 4286//4286 4414//4414 4285//4285
f 4414//4414 4413//4413 4285//4285
f 4285//4285 4413//4413 4284//4284
f 4413//4413 4412//4412 4284//4284
f 4284//4284 4412//4412 4283//4283
f 4412//4412 4411//4411 4283//4283
f 4283//4283 4411//4411 4282//4282
f 4411//4411 4410//4410 4282//4282
f 4282//4282 4410//4410 4281//4281
f 4410//4410 4409//4409 4281//4281
f 4281//4281 4409//4409 4280//4280
f 4409//4409 4408//4408 4280//4280
f 4280//4280 4408//4408 4279//4279
f 4397//4397 4396//4396 4268//4268
f 4418//4418 4417//4417 4289//4289
f 4268//4268 4396//4396 4267//4267
f 4267//4267 4395//4395 4266//4266
f 4255//4255 4383//4383 4254//4254
f 4383//4383 4382//4382 4254//4254
f 4254//4254 4382//4382 4253//4253
f 4382//4382 4381//4381 4253//4253
f 4253//4253 4381//4381 4252//4252
f 4381//4381 4380//4380 4252//4252
f 4252//4252 4380//4380 4251//4251
f 4380//4380 4379//4379 4251//4251
f 4384//4384 4383//4383 4255//4255
f 4251//4251 4379//4379 4250//4250
f 4250//4250 4378//4378 4249//4249
f 4378//4378 4377//4377 4249//4249
f 4249//4249 4377//4377 4248//4248
f 4377//4377 4376//4376 4248//4248
f 4248//4248 4376//4376 4247//4247
f 4376//4376 4375//4375 4247//4247
f 4247//4247 4375//4375 4246//4246
f 4375//4375 4374//4374 4246//4246
f 4379//4379 4378//4378 4250//4250
f 4256//4256 4384//4384 4255//4255
f 4385//4385 4384//4384 4256//4256
f 4257//4257 4385//4385 4256//4256
f 4395//4395 4394//4394 4266//4266
f 4266//4266 4394//4394 4265//4265
f 4394//4394 4393//4393 4265//4265
f 4265//4265 4393//4393 4264//4264
f 4393//4393 4392//4392 4264//4264
f 4264//4264 4392//4392 4263//4263
f 4392//4392 4391//4391 4263//4263
f 4263//4263 4391//4391 4262//4262
f 4391//4391 4390//4390 4262//4262
f 4262//4262 4390//4390 4261//4261
f 4390//4390 4389//4389 4261//4261
f 4261//4261 4389//4389 4260//4260
f 4389//4389 4388//4388 4260//4260
f 4260//4260 4388//4388 4259//4259
f 4388//4388 4387//4387 4259//4259
f 4259//4259 4387//4387 4258//4258
f 4387//4387 4386//4386 4258//4258
f 4258//4258 4386//4386 4257//4257
f 4386//4386 4385//4385 4257//4257
f 4396//4396 4395//4395 4267//4267
f 4246//4246 4374//4374 4245//4245
f 4290//4290 4418//4418 4289//4289
f 4291//4291 4419//4419 4290//4290
f 4451//4451 4450//4450 4322//4322
f 4322//4322 4450//4450 4321//4321
f 4450//4450 4449//4449 4321//4321
f 4321//4321 4449//4449 4320//4320
f 4449//4449 4448//4448 4320//4320
f 4320//4320 4448//4448 4319//4319
f 4448//4448 4447//4447 4319//4319
f 4319//4319 4447//4447 4318//4318
f 4323//4323 4451//4451 4322//4322
f 4447//4447 4446//4446 4318//4318
f 4446//4446 4445//4445 4317//4317
f 4317//4317 4445//4445 4316//4316
f 4445//4445 4444//4444 4316//4316
f 4316//4316 4444//4444 4315//4315
f 4444//4444 4443//4443 4315//4315
f 4315//4315 4443//4443 4314//4314
f 4443//4443 4442//4442 4314//4314
f 4314//4314 4442//4442 4313//4313
f 4318//4318 4446//4446 4317//4317
f 4452//4452 4451//4451 4323//4323
f 4324//4324 4452//4452 4323//4323
f 4453//4453 4452//4452 4324//4324
f 4334//4334 4462//4462 4333//4333
f 4462//4462 4461//4461 4333//4333
f 4333//4333 4461//4461 4332//4332
f 4461//4461 4460//4460 4332//4332
f 4332//4332 4460//4460 4331//4331
f 4460//4460 4459//4459 4331//4331
f 4331//4331 4459//4459 4330//4330
f 4459//4459 4458//4458 4330//4330
f 4330//4330 4458//4458 4329//4329
f 4458//4458 4457//4457 4329//4329
f 4329//4329 4457//4457 4328//4328
f 4457//4457 4456//4456 4328//4328
f 4328//4328 4456//4456 4327//4327
f 4456//4456 4455//4455 4327//4327
f 4327//4327 4455//4455 4326//4326
f 4455//4455 4454//4454 4326//4326
f 4326//4326 4454//4454 4325//4325
f 4454//4454 4453//4453 4325//4325
f 4325//4325 4453//4453 4324//4324
f 4442//4442 4441//4441 4313//4313
f 4419//4419 4418//4418 4290//4290
f 4313//4313 4441//4441 4312//4312
f 4312//4312 4440//4440 4311//4311
f 4300//4300 4428//4428 4299//4299
f 4428//4428 4427//4427 4299//4299
f 4299//4299 4427//4427 4298//4298
f 4427//4427 4426//4426 4298//4298
f 4298//4298 4426//4426 4297//4297
f 4426//4426 4425//4425 4297//4297
f 4297//4297 4425//4425 4296//4296
f 4425//4425 4424//4424 4296//4296
f 4429//4429 4428//4428 4300//4300
f 4296//4296 4424//4424 4295//4295
f 4295//4295 4423//4423 4294//4294
f 4423//4423 4422//4422 4294//4294
f 4294//4294 4422//4422 4293//4293
f 4422//4422 4421//4421 4293//4293
f 4293//4293 4421//4421 4292//4292
f 4421//4421 4420//4420 4292//4292
f 4292//4292 4420//4420 4291//4291
f 4420//4420 4419//4419 4291//4291
f 4424//4424 4423//4423 4295//4295
f 4301//4301 4429//4429 4300//4300
f 4430//4430 4429//4429 4301//4301
f 4302//4302 4430//4430 4301//4301
f 4440//4440 4439//4439 4311//4311
f 4311//4311 4439//4439 4310//4310
f 4439//4439 4438//4438 4310//4310
f 4310//4310 4438//4438 4309//4309
f 4438//4438 4437//4437 4309//4309
f 4309//4309 4437//4437 4308//4308
f 4437//4437 4436//4436 4308//4308
f 4308//4308 4436//4436 4307//4307
f 4436//4436 4435//4435 4307//4307
f 4307//4307 4435//4435 4306//4306
f 4435//4435 4434//4434 4306//4306
f 4306//4306 4434//4434 4305//4305
f 4434//4434 4433//4433 4305//4305
f 4305//4305 4433//4433 4304//4304
f 4433//4433 4432//4432 4304//4304
f 4304//4304 4432//4432 4303//4303
f 4432//4432 4431//4431 4303//4303
f 4303//4303 4431//4431 4302//4302
f 4431//4431 4430//4430 4302//4302
f 4441//4441 4440//4440 4312//4312
f 4463//4463 4462//4462 4334//4334
f 4374//4374 4373//4373 4245//4245
f 4373//4373 4372//4372 4244//4244
f 4316//4316 4315//4315 4187//4187
f 3924//3924 3923//3923 3795//3795
f 4315//4315 4314//4314 4186//4186
f 4186//4186 4314//4314 4185//4185
f 4314//4314 4313//4313 4185//4185
f 4185//4185 4313//4313 4184//4184
f 4313//4313 4312//4312 4184//4184
f 4184//4184 4312//4312 4183//4183
f 4188//4188 4316//4316 4187//4187
f 4312//4312 4311//4311 4183//4183
f 4311//4311 4310//4310 4182//4182
f 4182//4182 4310//4310 4181//4181
f 4310//4310 4309//4309 4181//4181
f 4181//4181 4309//4309 4180//4180
f 4309//4309 4308//4308 4180//4180
f 4180//4180 4308//4308 4179//4179
f 4308//4308 4307//4307 4179//4179
f 4179//4179 4307//4307 4178//4178
f 4183//4183 4311//4311 4182//4182
f 4317//4317 4316//4316 4188//4188
f 4189//4189 4317//4317 4188//4188
f 4318//4318 4317//4317 4189//4189
f 4199//4199 4327//4327 4198//4198
f 4327//4327 4326//4326 4198//4198
f 4198//4198 4326//4326 4197//4197
f 4326//4326 4325//4325 4197//4197
f 4197//4197 4325//4325 4196//4196
f 4325//4325 4324//4324 4196//4196
f 4196//4196 4324//4324 4195//4195
f 4324//4324 4323//4323 4195//4195
f 4195//4195 4323//4323 4194//4194
f 4323//4323 4322//4322 4194//4194
f 4194//4194 4322//4322 4193//4193
f 4322//4322 4321//4321 4193//4193
f 4193//4193 4321//4321 4192//4192
f 4321//4321 4320//4320 4192//4192
f 4192//4192 4320//4320 4191//4191
f 4320//4320 4319//4319 4191//4191
f 4191//4191 4319//4319 4190//4190
f 4319//4319 4318//4318 4190//4190
f 4190//4190 4318//4318 4189//4189
f 4307//4307 4306//4306 4178//4178
f 4328//4328 4327//4327 4199//4199
f 4178//4178 4306//4306 4177//4177
f 4177//4177 4305//4305 4176//4176
f 4165//4165 4293//4293 4164//4164
f 4293//4293 4292//4292 4164//4164
f 4164//4164 4292//4292 4163//4163
f 4292//4292 4291//4291 4163//4163
f 4163//4163 4291//4291 4162//4162
f 4291//4291 4290//4290 4162//4162
f 4162//4162 4290//4290 4161//4161
f 4290//4290 4289//4289 4161//4161
f 4294//4294 4293//4293 4165//4165
f 4161//4161 4289//4289 4160//4160
f 4160//4160 4288//4288 4159//4159
f 4288//4288 4287//4287 4159//4159
f 4159//4159 4287//4287 4158//4158
f 4287//4287 4286//4286 4158//4158
f 4158//4158 4286//4286 4157//4157
f 4286//4286 4285//4285 4157//4157
f 4157//4157 4285//4285 4156//4156
f 4285//4285 4284//4284 4156//4156
f 4289//4289 4288//4288 4160//4160
f 4166//4166 4294//4294 4165//4165
f 4295//4295 4294//4294 4166//4166
f 4167//4167 4295//4295 4166//4166
f 4305//4305 4304//4304 4176//4176
f 4176//4176 4304//4304 4175//4175
f 4304//4304 4303//4303 4175//4175
f 4175//4175 4303//4303 4174//4174
f 4303//4303 4302//4302 4174//4174
f 4174//4174 4302//4302 4173//4173
f 4302//4302 4301//4301 4173//4173
f 4173//4173 4301//4301 4172//4172
f 4301//4301 4300//4300 4172//4172
f 4172//4172 4300//4300 4171//4171
f 4300//4300 4299//4299 4171//4171
f 4171//4171 4299//4299 4170//4170
f 4299//4299 4298//4298 4170//4170
f 4170//4170 4298//4298 4169//4169
f 4298//4298 4297//4297 4169//4169
f 4169//4169 4297//4297 4168//4168
f 4297//4297 4296//4296 4168//4168
f 4168//4168 4296//4296 4167//4167
f 4296//4296 4295//4295 4167//4167
f 4306//4306 4305//4305 4177//4177
f 4245//4245 4373//4373 4244//4244
f 4200//4200 4328//4328 4199//4199
f 4201//4201 4329//4329 4200//4200
f 4361//4361 4360//4360 4232//4232
f 4232//4232 4360//4360 4231//4231
f 4360//4360 4359//4359 4231//4231
f 4231//4231 4359//4359 4230//4230
f 4359//4359 4358//4358 4230//4230
f 4230//4230 4358//4358 4229//4229
f 4358//4358 4357//4357 4229//4229
f 4229//4229 4357//4357 4228//4228
f 4233//4233 4361//4361 4232//4232
f 4357//4357 4356//4356 4228//4228
f 4356//4356 4355//4355 4227//4227
f 4099//4099 4227//4227 4226//4226
f 4227//4227 4354//4354 4226//4226
f 4226//4226 4354//4354 4225//4225
f 4354//4354 4353//4353 4225//4225
f 4225//4225 4353//4353 4224//4224
f 4353//4353 4352//4352 4224//4224
f 4224//4224 4352//4352 4223//4223
f 4228//4228 4356//4356 4227//4227
f 4362//4362 4361//4361 4233//4233
f 4234//4234 4362//4362 4233//4233
f 4363//4363 4362//4362 4234//4234
f 4244//4244 4372//4372 4243//4243
f 4372//4372 4371//4371 4243//4243
f 4243//4243 4371//4371 4242//4242
f 4371//4371 4370//4370 4242//4242
f 4242//4242 4370//4370 4241//4241
f 4370//4370 4369//4369 4241//4241
f 4241//4241 4369//4369 4240//4240
f 4369//4369 4368//4368 4240//4240
f 4240//4240 4368//4368 4239//4239
f 4368//4368 4367//4367 4239//4239
f 4239//4239 4367//4367 4238//4238
f 4367//4367 4366//4366 4238//4238
f 4238//4238 4366//4366 4237//4237
f 4366//4366 4365//4365 4237//4237
f 4237//4237 4365//4365 4236//4236
f 4365//4365 4364//4364 4236//4236
f 4236//4236 4364//4364 4235//4235
f 4364//4364 4363//4363 4235//4235
f 4235//4235 4363//4363 4234//4234
f 4352//4352 4351//4351 4223//4223
f 4329//4329 4328//4328 4200//4200
f 4223//4223 4351//4351 4222//4222
f 4222//4222 4350//4350 4221//4221
f 4210//4210 4338//4338 4209//4209
f 4338//4338 4337//4337 4209//4209
f 4209//4209 4337//4337 4208//4208
f 4337//4337 4336//4336 4208//4208
f 4208//4208 4336//4336 4207//4207
f 4336//4336 4335//4335 4207//4207
f 4207//4207 4335//4335 4206//4206
f 4335//4335 4334//4334 4206//4206
f 4339//4339 4338//4338 4210//4210
f 4206//4206 4334//4334 4205//4205
f 4205//4205 4333//4333 4204//4204
f 4333//4333 4332//4332 4204//4204
f 4204//4204 4332//4332 4203//4203
f 4332//4332 4331//4331 4203//4203
f 4203//4203 4331//4331 4202//4202
f 4331//4331 4330//4330 4202//4202
f 4202//4202 4330//4330 4201//4201
f 4330//4330 4329//4329 4201//4201
f 4334//4334 4333//4333 4205//4205
f 4211//4211 4339//4339 4210//4210
f 4340//4340 4339//4339 4211//4211
f 4212//4212 4340//4340 4211//4211
f 4350//4350 4349//4349 4221//4221
f 4221//4221 4349//4349 4220//4220
f 4349//4349 4348//4348 4220//4220
f 4220//4220 4348//4348 4219//4219
f 4348//4348 4347//4347 4219//4219
f 4219//4219 4347//4347 4218//4218
f 4347//4347 4346//4346 4218//4218
f 4218//4218 4346//4346 4217//4217
f 4346//4346 4345//4345 4217//4217
f 4217//4217 4345//4345 4216//4216
f 4345//4345 4344//4344 4216//4216
f 4216//4216 4344//4344 4215//4215
f 4344//4344 4343//4343 4215//4215
f 4215//4215 4343//4343 4214//4214
f 4343//4343 4342//4342 4214//4214
f 4214//4214 4342//4342 4213//4213
f 4342//4342 4341//4341 4213//4213
f 4213//4213 4341//4341 4212//4212
f 4341//4341 4340//4340 4212//4212
f 4351//4351 4350//4350 4222//4222
f 4156//4156 4284//4284 4155//4155
f 4335//4335 4463//4463 4334//4334
f 4336//4336 4464//4464 4335//4335
f 4586//4586 4585//4585 4457//4457
f 4457//4457 4585//4585 4456//4456
f 4585//4585 4584//4584 4456//4456
f 4456//4456 4584//4584 4455//4455
f 4584//4584 4583//4583 4455//4455
f 4455//4455 4583//4583 4454//4454
f 4583//4583 4582//4582 4454//4454
f 4454//4454 4582//4582 4453//4453
f 4458//4458 4586//4586 4457//4457
f 4582//4582 4581//4581 4453//4453
f 4581//4581 4580//4580 4452//4452
f 4452//4452 4580//4580 4451//4451
f 4580//4580 4579//4579 4451//4451
f 4451//4451 4579//4579 4450//4450
f 4579//4579 4578//4578 4450//4450
f 4450//4450 4578//4578 4449//4449
f 4578//4578 4577//4577 4449//4449
f 4449//4449 4577//4577 4448//4448
f 4453//4453 4581//4581 4452//4452
f 4587//4587 4586//4586 4458//4458
f 4459//4459 4587//4587 4458//4458
f 4588//4588 4587//4587 4459//4459
f 4469//4469 4597//4597 4468//4468
f 4597//4597 4596//4596 4468//4468
f 4468//4468 4596//4596 4467//4467
f 4596//4596 4595//4595 4467//4467
f 4467//4467 4595//4595 4466//4466
f 4595//4595 4594//4594 4466//4466
f 4466//4466 4594//4594 4465//4465
f 4594//4594 4593//4593 4465//4465
f 4465//4465 4593//4593 4464//4464
f 4593//4593 4592//4592 4464//4464
f 4464//4464 4592//4592 4463//4463
f 4592//4592 4591//4591 4463//4463
f 4463//4463 4591//4591 4462//4462
f 4591//4591 4590//4590 4462//4462
f 4462//4462 4590//4590 4461//4461
f 4590//4590 4589//4589 4461//4461
f 4461//4461 4589//4589 4460//4460
f 4589//4589 4588//4588 4460//4460
f 4460//4460 4588//4588 4459//4459
f 4577//4577 4576//4576 4448//4448
f 4598//4598 4597//4597 4469//4469
f 4448//4448 4576//4576 4447//4447
f 4447//4447 4575//4575 4446//4446
f 4435//4435 4563//4563 4434//4434
f 4563//4563 4562//4562 4434//4434
f 4434//4434 4562//4562 4433//4433
f 4562//4562 4561//4561 4433//4433
f 4433//4433 4561//4561 4432//4432
f 4561//4561 4560//4560 4432//4432
f 4432//4432 4560//4560 4431//4431
f 4560//4560 4559//4559 4431//4431
f 4564//4564 4563//4563 4435//4435
f 4431//4431 4559//4559 4430//4430
f 4430//4430 4558//4558 4429//4429
f 4558//4558 4557//4557 4429//4429
f 4429//4429 4557//4557 4428//4428
f 4557//4557 4556//4556 4428//4428
f 4428//4428 4556//4556 4427//4427
f 4556//4556 4555//4555 4427//4427
f 4427//4427 4555//4555 4426//4426
f 4555//4555 4554//4554 4426//4426
f 4559//4559 4558//4558 4430//4430
f 4436//4436 4564//4564 4435//4435
f 4565//4565 4564//4564 4436//4436
f 4437//4437 4565//4565 4436//4436
f 4575//4575 4574//4574 4446//4446
f 4446//4446 4574//4574 4445//4445
f 4574//4574 4573//4573 4445//4445
f 4445//4445 4573//4573 4444//4444
f 4573//4573 4572//4572 4444//4444
f 4444//4444 4572//4572 4443//4443
f 4572//4572 4571//4571 4443//4443
f 4443//4443 4571//4571 4442//4442
f 4571//4571 4570//4570 4442//4442
f 4442//4442 4570//4570 4441//4441
f 4570//4570 4569//4569 4441//4441
f 4441//4441 4569//4569 4440//4440
f 4569//4569 4568//4568 4440//4440
f 4440//4440 4568//4568 4439//4439
f 4568//4568 4567//4567 4439//4439
f 4439//4439 4567//4567 4438//4438
f 4567//4567 4566//4566 4438//4438
f 4438//4438 4566//4566 4437//4437
f 4566//4566 4565//4565 4437//4437
f 4576//4576 4575//4575 4447//4447
f 4426//4426 4554//4554 4425//4425
f 4470//4470 4598//4598 4469//4469
f 4471//4471 4599//4599 4470//4470
f 4631//4631 4630//4630 4502//4502
f 4502//4502 4630//4630 4501//4501
f 4630//4630 4629//4629 4501//4501
f 4501//4501 4629//4629 4500//4500
f 4629//4629 4628//4628 4500//4500
f 4500//4500 4628//4628 4499//4499
f 4628//4628 4627//4627 4499//4499
f 4499//4499 4627//4627 4498//4498
f 4503//4503 4631//4631 4502//4502
f 4627//4627 4626//4626 4498//4498
f 4626//4626 4625//4625 4497//4497
f 4497//4497 4625//4625 4496//4496
f 4625//4625 4624//4624 4496//4496
f 4496//4496 4624//4624 4495//4495
f 4624//4624 4623//4623 4495//4495
f 4495//4495 4623//4623 4494//4494
f 4623//4623 4622//4622 4494//4494
f 4494//4494 4622//4622 4493//4493
f 4498//4498 4626//4626 4497//4497
f 4632//4632 4631//4631 4503//4503
f 4504//4504 4632//4632 4503//4503
f 4633//4633 4632//4632 4504//4504
f 4514//4514 4642//4642 4513//4513
f 4642//4642 4641//4641 4513//4513
f 4513//4513 4641//4641 4512//4512
f 4641//4641 4640//4640 4512//4512
f 4512//4512 4640//4640 4511//4511
f 4640//4640 4639//4639 4511//4511
f 4511//4511 4639//4639 4510//4510
f 4639//4639 4638//4638 4510//4510
f 4510//4510 4638//4638 4509//4509
f 4638//4638 4637//4637 4509//4509
f 4509//4509 4637//4637 4508//4508
f 4637//4637 4636//4636 4508//4508
f 4508//4508 4636//4636 4507//4507
f 4636//4636 4635//4635 4507//4507
f 4507//4507 4635//4635 4506//4506
f 4635//4635 4634//4634 4506//4506
f 4506//4506 4634//4634 4505//4505
f 4634//4634 4633//4633 4505//4505
f 4505//4505 4633//4633 4504//4504
f 4622//4622 4621//4621 4493//4493
f 4599//4599 4598//4598 4470//4470
f 4493//4493 4621//4621 4492//4492
f 4492//4492 4620//4620 4491//4491
f 4480//4480 4608//4608 4479//4479
f 4608//4608 4607//4607 4479//4479
f 4479//4479 4607//4607 4478//4478
f 4607//4607 4606//4606 4478//4478
f 4478//4478 4606//4606 4477//4477
f 4606//4606 4605//4605 4477//4477
f 4477//4477 4605//4605 4476//4476
f 4605//4605 4604//4604 4476//4476
f 4609//4609 4608//4608 4480//4480
f 4476//4476 4604//4604 4475//4475
f 4475//4475 4603//4603 4474//4474
f 4603//4603 4602//4602 4474//4474
f 4474//4474 4602//4602 4473//4473
f 4602//4602 4601//4601 4473//4473
f 4473//4473 4601//4601 4472//4472
f 4601//4601 4600//4600 4472//4472
f 4472//4472 4600//4600 4471//4471
f 4600//4600 4599//4599 4471//4471
f 4604//4604 4603//4603 4475//4475
f 4481//4481 4609//4609 4480//4480
f 4610//4610 4609//4609 4481//4481
f 4482//4482 4610//4610 4481//4481
f 4620//4620 4619//4619 4491//4491
f 4491//4491 4619//4619 4490//4490
f 4619//4619 4618//4618 4490//4490
f 4490//4490 4618//4618 4489//4489
f 4618//4618 4617//4617 4489//4489
f 4489//4489 4617//4617 4488//4488
f 4617//4617 4616//4616 4488//4488
f 4488//4488 4616//4616 4487//4487
f 4616//4616 4615//4615 4487//4487
f 4487//4487 4615//4615 4486//4486
f 4615//4615 4614//4614 4486//4486
f 4486//4486 4614//4614 4485//4485
f 4614//4614 4613//4613 4485//4485
f 4485//4485 4613//4613 4484//4484
f 4613//4613 4612//4612 4484//4484
f 4484//4484 4612//4612 4483//4483
f 4612//4612 4611//4611 4483//4483
f 4355//4355 4483//4483 4482//4482
f 4483//4483 4610//4610 4482//4482
f 4621//4621 4620//4620 4492//4492
f 4464//4464 4463//4463 4335//4335
f 4554//4554 4553//4553 4425//4425
f 4553//4553 4552//4552 4424//4424
f 4496//4496 4495//4495 4367//4367
f 4367//4367 4495//4495 4366//4366
f 4495//4495 4494//4494 4366//4366
f 4366//4366 4494//4494 4365//4365
f 4494//4494 4493//4493 4365//4365
f 4365//4365 4493//4493 4364//4364
f 4493//4493 4492//4492 4364//4364
f 4364//4364 4492//4492 4363//4363
f 4368//4368 4496//4496 4367//4367
f 4492//4492 4491//4491 4363//4363
f 4491//4491 4490//4490 4362//4362
f 4362//4362 4490//4490 4361//4361
f 4490//4490 4489//4489 4361//4361
f 4361//4361 4489//4489 4360//4360
f 4489//4489 4488//4488 4360//4360
f 4360//4360 4488//4488 4359//4359
f 4488//4488 4487//4487 4359//4359
f 4359//4359 4487//4487 4358//4358
f 4363//4363 4491//4491 4362//4362
f 4497//4497 4496//4496 4368//4368
f 4369//4369 4497//4497 4368//4368
f 4498//4498 4497//4497 4369//4369
f 4379//4379 4507//4507 4378//4378
f 4507//4507 4506//4506 4378//4378
f 4378//4378 4506//4506 4377//4377
f 4506//4506 4505//4505 4377//4377
f 4377//4377 4505//4505 4376//4376
f 4505//4505 4504//4504 4376//4376
f 4376//4376 4504//4504 4375//4375
f 4504//4504 4503//4503 4375//4375
f 4375//4375 4503//4503 4374//4374
f 4503//4503 4502//4502 4374//4374
f 4374//4374 4502//4502 4373//4373
f 4502//4502 4501//4501 4373//4373
f 4373//4373 4501//4501 4372//4372
f 4501//4501 4500//4500 4372//4372
f 4372//4372 4500//4500 4371//4371
f 4500//4500 4499//4499 4371//4371
f 4371//4371 4499//4499 4370//4370
f 4499//4499 4498//4498 4370//4370
f 4370//4370 4498//4498 4369//4369
f 4487//4487 4486//4486 4358//4358
f 4508//4508 4507//4507 4379//4379
f 4358//4358 4486//4486 4357//4357
f 4357//4357 4485//4485 4356//4356
f 4345//4345 4473//4473 4344//4344
f 4473//4473 4472//4472 4344//4344
f 4344//4344 4472//4472 4343//4343
f 4472//4472 4471//4471 4343//4343
f 4343//4343 4471//4471 4342//4342
f 4471//4471 4470//4470 4342//4342
f 4342//4342 4470//4470 4341//4341
f 4470//4470 4469//4469 4341//4341
f 4474//4474 4473//4473 4345//4345
f 4341//4341 4469//4469 4340//4340
f 4340//4340 4468//4468 4339//4339
f 4468//4468 4467//4467 4339//4339
f 4339//4339 4467//4467 4338//4338
f 4467//4467 4466//4466 4338//4338
f 4338//4338 4466//4466 4337//4337
f 4466//4466 4465//4465 4337//4337
f 4337//4337 4465//4465 4336//4336
f 4465//4465 4464//4464 4336//4336
f 4469//4469 4468//4468 4340//4340
f 4346//4346 4474//4474 4345//4345
f 4475//4475 4474//4474 4346//4346
f 4347//4347 4475//4475 4346//4346
f 4485//4485 4484//4484 4356//4356
f 4356//4356 4484//4484 4355//4355
f 4484//4484 4483//4483 4355//4355
f 4227//4227 4355//4355 4354//4354
f 4355//4355 4482//4482 4354//4354
f 4354//4354 4482//4482 4353//4353
f 4482//4482 4481//4481 4353//4353
f 4353//4353 4481//4481 4352//4352
f 4481//4481 4480//4480 4352//4352
f 4352//4352 4480//4480 4351//4351
f 4480//4480 4479//4479 4351//4351
f 4351//4351 4479//4479 4350//4350
f 4479//4479 4478//4478 4350//4350
f 4350//4350 4478//4478 4349//4349
f 4478//4478 4477//4477 4349//4349
f 4349//4349 4477//4477 4348//4348
f 4477//4477 4476//4476 4348//4348
f 4348//4348 4476//4476 4347//4347
f 4476//4476 4475//4475 4347//4347
f 4486//4486 4485//4485 4357//4357
f 4425//4425 4553//4553 4424//4424
f 4380//4380 4508//4508 4379//4379
f 4381//4381 4509//4509 4380//4380
f 4541//4541 4540//4540 4412//4412
f 4412//4412 4540//4540 4411//4411
f 4540//4540 4539//4539 4411//4411
f 4411//4411 4539//4539 4410//4410
f 4539//4539 4538//4538 4410//4410
f 4410//4410 4538//4538 4409//4409
f 4538//4538 4537//4537 4409//4409
f 4409//4409 4537//4537 4408//4408
f 4413//4413 4541//4541 4412//4412
f 4537//4537 4536//4536 4408//4408
f 4536//4536 4535//4535 4407//4407
f 4407//4407 4535//4535 4406//4406
f 4535//4535 4534//4534 4406//4406
f 4406//4406 4534//4534 4405//4405
f 4534//4534 4533//4533 4405//4405
f 4405//4405 4533//4533 4404//4404
f 4533//4533 4532//4532 4404//4404
f 4404//4404 4532//4532 4403//4403
f 4408//4408 4536//4536 4407//4407
f 4542//4542 4541//4541 4413//4413
f 4414//4414 4542//4542 4413//4413
f 4543//4543 4542//4542 4414//4414
f 4424//4424 4552//4552 4423//4423
f 4552//4552 4551//4551 4423//4423
f 4423//4423 4551//4551 4422//4422
f 4551//4551 4550//4550 4422//4422
f 4422//4422 4550//4550 4421//4421
f 4550//4550 4549//4549 4421//4421
f 4421//4421 4549//4549 4420//4420
f 4549//4549 4548//4548 4420//4420
f 4420//4420 4548//4548 4419//4419
f 4548//4548 4547//4547 4419//4419
f 4419//4419 4547//4547 4418//4418
f 4547//4547 4546//4546 4418//4418
f 4418//4418 4546//4546 4417//4417
f 4546//4546 4545//4545 4417//4417
f 4417//4417 4545//4545 4416//4416
f 4545//4545 4544//4544 4416//4416
f 4416//4416 4544//4544 4415//4415
f 4544//4544 4543//4543 4415//4415
f 4415//4415 4543//4543 4414//4414
f 4532//4532 4531//4531 4403//4403
f 4509//4509 4508//4508 4380//4380
f 4403//4403 4531//4531 4402//4402
f 4402//4402 4530//4530 4401//4401
f 4390//4390 4518//4518 4389//4389
f 4518//4518 4517//4517 4389//4389
f 4389//4389 4517//4517 4388//4388
f 4517//4517 4516//4516 4388//4388
f 4388//4388 4516//4516 4387//4387
f 4516//4516 4515//4515 4387//4387
f 4387//4387 4515//4515 4386//4386
f 4515//4515 4514//4514 4386//4386
f 4519//4519 4518//4518 4390//4390
f 4386//4386 4514//4514 4385//4385
f 4385//4385 4513//4513 4384//4384
f 4513//4513 4512//4512 4384//4384
f 4384//4384 4512//4512 4383//4383
f 4512//4512 4511//4511 4383//4383
f 4383//4383 4511//4511 4382//4382
f 4511//4511 4510//4510 4382//4382
f 4382//4382 4510//4510 4381//4381
f 4510//4510 4509//4509 4381//4381
f 4514//4514 4513//4513 4385//4385
f 4391//4391 4519//4519 4390//4390
f 4520//4520 4519//4519 4391//4391
f 4392//4392 4520//4520 4391//4391
f 4530//4530 4529//4529 4401//4401
f 4401//4401 4529//4529 4400//4400
f 4529//4529 4528//4528 4400//4400
f 4400//4400 4528//4528 4399//4399
f 4528//4528 4527//4527 4399//4399
f 4399//4399 4527//4527 4398//4398
f 4527//4527 4526//4526 4398//4398
f 4398//4398 4526//4526 4397//4397
f 4526//4526 4525//4525 4397//4397
f 4397//4397 4525//4525 4396//4396
f 4525//4525 4524//4524 4396//4396
f 4396//4396 4524//4524 4395//4395
f 4524//4524 4523//4523 4395//4395
f 4395//4395 4523//4523 4394//4394
f 4523//4523 4522//4522 4394//4394
f 4394//4394 4522//4522 4393//4393
f 4522//4522 4521//4521 4393//4393
f 4393//4393 4521//4521 4392//4392
f 4521//4521 4520//4520 4392//4392
f 4531//4531 4530//4530 4402//4402
f 4284//4284 4283//4283 4155//4155
f 4187//4187 4315//4315 4186//4186
f 4283//4283 4282//4282 4154//4154
f 4046//4046 4045//4045 3917//3917
f 3917//3917 4045//4045 3916//3916
f 4045//4045 4044//4044 3916//3916
f 3916//3916 4044//4044 3915//3915
f 4044//4044 4043//4043 3915//3915
f 3915//3915 4043//4043 3914//3914
f 4043//4043 4042//4042 3914//3914
f 3914//3914 4042//4042 3913//3913
f 3918//3918 4046//4046 3917//3917
f 4042//4042 4041//4041 3913//3913
f 4041//4041 4040//4040 3912//3912
f 3912//3912 4040//4040 3911//3911
f 4040//4040 4039//4039 3911//3911
f 3911//3911 4039//4039 3910//3910
f 4039//4039 4038//4038 3910//3910
f 3910//3910 4038//4038 3909//3909
f 4038//4038 4037//4037 3909//3909
f 3909//3909 4037//4037 3908//3908
f 3913//3913 4041//4041 3912//3912
f 4047//4047 4046//4046 3918//3918
f 3919//3919 4047//4047 3918//3918
f 4048//4048 4047//4047 3919//3919
f 3929//3929 4057//4057 3928//3928
f 4057//4057 4056//4056 3928//3928
f 3928//3928 4056//4056 3927//3927
f 4056//4056 4055//4055 3927//3927
f 3927//3927 4055//4055 3926//3926
f 4055//4055 4054//4054 3926//3926
f 3926//3926 4054//4054 3925//3925
f 4054//4054 4053//4053 3925//3925
f 3925//3925 4053//4053 3924//3924
f 4053//4053 4052//4052 3924//3924
f 3924//3924 4052//4052 3923//3923
f 4052//4052 4051//4051 3923//3923
f 3923//3923 4051//4051 3922//3922
f 4051//4051 4050//4050 3922//3922
f 3922//3922 4050//4050 3921//3921
f 4050//4050 4049//4049 3921//3921
f 3921//3921 4049//4049 3920//3920
f 4049//4049 4048//4048 3920//3920
f 3920//3920 4048//4048 3919//3919
f 4037//4037 4036//4036 3908//3908
f 4058//4058 4057//4057 3929//3929
f 3908//3908 4036//4036 3907//3907
f 3907//3907 4035//4035 3906//3906
f 3895//3895 4023//4023 3894//3894
f 4023//4023 4022//4022 3894//3894
f 3894//3894 4022//4022 3893//3893
f 4022//4022 4021//4021 3893//3893
f 3893//3893 4021//4021 3892//3892
f 4021//4021 4020//4020 3892//3892
f 3892//3892 4020//4020 3891//3891
f 4020//4020 4019//4019 3891//3891
f 4024//4024 4023//4023 3895//3895
f 3891//3891 4019//4019 3890//3890
f 3890//3890 4018//4018 3889//3889
f 4018//4018 4017//4017 3889//3889
f 3889//3889 4017//4017 3888//3888
f 4017//4017 4016//4016 3888//3888
f 3888//3888 4016//4016 3887//3887
f 4016//4016 4015//4015 3887//3887
f 3887//3887 4015//4015 3886//3886
f 4015//4015 4014//4014 3886//3886
f 4019//4019 4018//4018 3890//3890
f 3896//3896 4024//4024 3895//3895
f 4025//4025 4024//4024 3896//3896
f 3897//3897 4025//4025 3896//3896
f 4035//4035 4034//4034 3906//3906
f 3906//3906 4034//4034 3905//3905
f 4034//4034 4033//4033 3905//3905
f 3905//3905 4033//4033 3904//3904
f 4033//4033 4032//4032 3904//3904
f 3904//3904 4032//4032 3903//3903
f 4032//4032 4031//4031 3903//3903
f 3903//3903 4031//4031 3902//3902
f 4031//4031 4030//4030 3902//3902
f 3902//3902 4030//4030 3901//3901
f 4030//4030 4029//4029 3901//3901
f 3901//3901 4029//4029 3900//3900
f 4029//4029 4028//4028 3900//3900
f 3900//3900 4028//4028 3899//3899
f 4028//4028 4027//4027 3899//3899
f 3899//3899 4027//4027 3898//3898
f 4027//4027 4026//4026 3898//3898
f 3898//3898 4026//4026 3897//3897
f 4026//4026 4025//4025 3897//3897
f 4036//4036 4035//4035 3907//3907
f 3886//3886 4014//4014 3885//3885
f 3930//3930 4058//4058 3929//3929
f 3931//3931 4059//4059 3930//3930
f 4091//4091 4090//4090 3962//3962
f 3962//3962 4090//4090 3961//3961
f 4090//4090 4089//4089 3961//3961
f 3961//3961 4089//4089 3960//3960
f 4089//4089 4088//4088 3960//3960
f 3960//3960 4088//4088 3959//3959
f 4088//4088 4087//4087 3959//3959
f 3959//3959 4087//4087 3958//3958
f 3963//3963 4091//4091 3962//3962
f 4087//4087 4086//4086 3958//3958
f 4086//4086 4085//4085 3957//3957
f 3957//3957 4085//4085 3956//3956
f 4085//4085 4084//4084 3956//3956
f 3956//3956 4084//4084 3955//3955
f 4084//4084 4083//4083 3955//3955
f 3955//3955 4083//4083 3954//3954
f 4083//4083 4082//4082 3954//3954
f 3954//3954 4082//4082 3953//3953
f 3958//3958 4086//4086 3957//3957
f 4092//4092 4091//4091 3963//3963
f 3964//3964 4092//4092 3963//3963
f 4093//4093 4092//4092 3964//3964
f 3974//3974 4102//4102 3973//3973
f 4102//4102 4101//4101 3973//3973
f 3973//3973 4101//4101 3972//3972
f 4101//4101 4100//4100 3972//3972
f 3972//3972 4100//4100 3971//3971
f 4100//4100 4099//4099 3971//3971
f 3843//3843 3971//3971 3970//3970
f 3971//3971 4098//4098 3970//3970
f 3970//3970 4098//4098 3969//3969
f 4098//4098 4097//4097 3969//3969
f 3969//3969 4097//4097 3968//3968
f 4097//4097 4096//4096 3968//3968
f 3968//3968 4096//4096 3967//3967
f 4096//4096 4095//4095 3967//3967
f 3967//3967 4095//4095 3966//3966
f 4095//4095 4094//4094 3966//3966
f 3966//3966 4094//4094 3965//3965
f 4094//4094 4093//4093 3965//3965
f 3965//3965 4093//4093 3964//3964
f 4082//4082 4081//4081 3953//3953
f 4059//4059 4058//4058 3930//3930
f 3953//3953 4081//4081 3952//3952
f 3952//3952 4080//4080 3951//3951
f 3940//3940 4068//4068 3939//3939
f 4068//4068 4067//4067 3939//3939
f 3939//3939 4067//4067 3938//3938
f 4067//4067 4066//4066 3938//3938
f 3938//3938 4066//4066 3937//3937
f 4066//4066 4065//4065 3937//3937
f 3937//3937 4065//4065 3936//3936
f 4065//4065 4064//4064 3936//3936
f 4069//4069 4068//4068 3940//3940
f 3936//3936 4064//4064 3935//3935
f 3935//3935 4063//4063 3934//3934
f 4063//4063 4062//4062 3934//3934
f 3934//3934 4062//4062 3933//3933
f 4062//4062 4061//4061 3933//3933
f 3933//3933 4061//4061 3932//3932
f 4061//4061 4060//4060 3932//3932
f 3932//3932 4060//4060 3931//3931
f 4060//4060 4059//4059 3931//3931
f 4064//4064 4063//4063 3935//3935
f 3941//3941 4069//4069 3940//3940
f 4070//4070 4069//4069 3941//3941
f 3942//3942 4070//4070 3941//3941
f 4080//4080 4079//4079 3951//3951
f 3951//3951 4079//4079 3950//3950
f 4079//4079 4078//4078 3950//3950
f 3950//3950 4078//4078 3949//3949
f 4078//4078 4077//4077 3949//3949
f 3949//3949 4077//4077 3948//3948
f 4077//4077 4076//4076 3948//3948
f 3948//3948 4076//4076 3947//3947
f 4076//4076 4075//4075 3947//3947
f 3947//3947 4075//4075 3946//3946
f 4075//4075 4074//4074 3946//3946
f 3946//3946 4074//4074 3945//3945
f 4074//4074 4073//4073 3945//3945
f 3945//3945 4073//4073 3944//3944
f 4073//4073 4072//4072 3944//3944
f 3944//3944 4072//4072 3943//3943
f 4155//4155 4283//4283 4154//4154
f 3943//3943 4071//4071 3942//3942
f 4071//4071 4070//4070 3942//3942
f 4081//4081 4080//4080 3952//3952
f 4103//4103 4102//4102 3974//3974
f 4014//4014 4013//4013 3885//3885
f 4013//4013 4012//4012 3884//3884
f 3956//3956 3955//3955 3827//3827
f 3827//3827 3955//3955 3826//3826
f 3955//3955 3954//3954 3826//3826
f 3826//3826 3954//3954 3825//3825
f 3954//3954 3953//3953 3825//3825
f 3825//3825 3953//3953 3824//3824
f 3953//3953 3952//3952 3824//3824
f 3824//3824 3952//3952 3823//3823
f 3828//3828 3956//3956 3827//3827
f 3952//3952 3951//3951 3823//3823
f 3951//3951 3950//3950 3822//3822
f 3822//3822 3950//3950 3821//3821
f 3950//3950 3949//3949 3821//3821
f 3821//3821 3949//3949 3820//3820
f 3949//3949 3948//3948 3820//3820
f 3820//3820 3948//3948 3819//3819
f 3948//3948 3947//3947 3819//3819
f 3819//3819 3947//3947 3818//3818
f 3823//3823 3951//3951 3822//3822
f 3957//3957 3956//3956 3828//3828
f 3829//3829 3957//3957 3828//3828
f 3958//3958 3957//3957 3829//3829
f 3839//3839 3967//3967 3838//3838
f 3967//3967 3966//3966 3838//3838
f 3838//3838 3966//3966 3837//3837
f 3966//3966 3965//3965 3837//3837
f 3837//3837 3965//3965 3836//3836
f 3965//3965 3964//3964 3836//3836
f 3836//3836 3964//3964 3835//3835
f 3964//3964 3963//3963 3835//3835
f 3835//3835 3963//3963 3834//3834
f 3963//3963 3962//3962 3834//3834
f 3834//3834 3962//3962 3833//3833
f 3962//3962 3961//3961 3833//3833
f 3833//3833 3961//3961 3832//3832
f 3961//3961 3960//3960 3832//3832
f 3832//3832 3960//3960 3831//3831
f 3960//3960 3959//3959 3831//3831
f 3831//3831 3959//3959 3830//3830
f 3959//3959 3958//3958 3830//3830
f 3830//3830 3958//3958 3829//3829
f 3947//3947 3946//3946 3818//3818
f 3968//3968 3967//3967 3839//3839
f 3818//3818 3946//3946 3817//3817
f 3817//3817 3945//3945 3816//3816
f 3805//3805 3933//3933 3804//3804
f 3933//3933 3932//3932 3804//3804
f 3804//3804 3932//3932 3803//3803
f 3932//3932 3931//3931 3803//3803
f 3803//3803 3931//3931 3802//3802
f 3931//3931 3930//3930 3802//3802
f 3802//3802 3930//3930 3801//3801
f 3930//3930 3929//3929 3801//3801
f 3934//3934 3933//3933 3805//3805
f 3801//3801 3929//3929 3800//3800
f 3800//3800 3928//3928 3799//3799
f 3928//3928 3927//3927 3799//3799
f 3799//3799 3927//3927 3798//3798
f 3927//3927 3926//3926 3798//3798
f 3798//3798 3926//3926 3797//3797
f 3926//3926 3925//3925 3797//3797
f 3797//3797 3925//3925 3796//3796
f 3925//3925 3924//3924 3796//3796
f 3929//3929 3928//3928 3800//3800
f 3806//3806 3934//3934 3805//3805
f 3935//3935 3934//3934 3806//3806
f 3807//3807 3935//3935 3806//3806
f 3945//3945 3944//3944 3816//3816
f 3816//3816 3944//3944 3815//3815
f 3944//3944 3943//3943 3815//3815
f 3815//3815 3943//3943 3814//3814
f 3943//3943 3942//3942 3814//3814
f 3814//3814 3942//3942 3813//3813
f 3942//3942 3941//3941 3813//3813
f 3813//3813 3941//3941 3812//3812
f 3941//3941 3940//3940 3812//3812
f 3812//3812 3940//3940 3811//3811
f 3940//3940 3939//3939 3811//3811
f 3811//3811 3939//3939 3810//3810
f 3939//3939 3938//3938 3810//3810
f 3810//3810 3938//3938 3809//3809
f 3938//3938 3937//3937 3809//3809
f 3809//3809 3937//3937 3808//3808
f 3937//3937 3936//3936 3808//3808
f 3808//3808 3936//3936 3807//3807
f 3936//3936 3935//3935 3807//3807
f 3946//3946 3945//3945 3817//3817
f 3885//3885 4013//4013 3884//3884
f 3840//3840 3968//3968 3839//3839
f 3841//3841 3969//3969 3840//3840
f 4001//4001 4000//4000 3872//3872
f 3872//3872 4000//4000 3871//3871
f 4000//4000 3999//3999 3871//3871
f 3871//3871 3999//3999 3870//3870
f 3999//3999 3998//3998 3870//3870
f 3870//3870 3998//3998 3869//3869
f 3998//3998 3997//3997 3869//3869
f 3869//3869 3997//3997 3868//3868
f 3873//3873 4001//4001 3872//3872
f 3997//3997 3996//3996 3868//3868
f 3996//3996 3995//3995 3867//3867
f 3867//3867 3995//3995 3866//3866
f 3995//3995 3994//3994 3866//3866
f 3866//3866 3994//3994 3865//3865
f 3994//3994 3993//3993 3865//3865
f 3865//3865 3993//3993 3864//3864
f 3993//3993 3992//3992 3864//3864
f 3864//3864 3992//3992 3863//3863
f 3868//3868 3996//3996 3867//3867
f 4002//4002 4001//4001 3873//3873
f 3874//3874 4002//4002 3873//3873
f 4003//4003 4002//4002 3874//3874
f 3884//3884 4012//4012 3883//3883
f 4012//4012 4011//4011 3883//3883
f 3883//3883 4011//4011 3882//3882
f 4011//4011 4010//4010 3882//3882
f 3882//3882 4010//4010 3881//3881
f 4010//4010 4009//4009 3881//3881
f 3881//3881 4009//4009 3880//3880
f 4009//4009 4008//4008 3880//3880
f 3880//3880 4008//4008 3879//3879
f 4008//4008 4007//4007 3879//3879
f 3879//3879 4007//4007 3878//3878
f 4007//4007 4006//4006 3878//3878
f 3878//3878 4006//4006 3877//3877
f 4006//4006 4005//4005 3877//3877
f 3877//3877 4005//4005 3876//3876
f 4005//4005 4004//4004 3876//3876
f 3876//3876 4004//4004 3875//3875
f 4004//4004 4003//4003 3875//3875
f 3875//3875 4003//4003 3874//3874
f 3992//3992 3991//3991 3863//3863
f 3969//3969 3968//3968 3840//3840
f 3863//3863 3991//3991 3862//3862
f 3862//3862 3990//3990 3861//3861
f 3850//3850 3978//3978 3849//3849
f 3978//3978 3977//3977 3849//3849
f 3849//3849 3977//3977 3848//3848
f 3977//3977 3976//3976 3848//3848
f 3848//3848 3976//3976 3847//3847
f 3976//3976 3975//3975 3847//3847
f 3847//3847 3975//3975 3846//3846
f 3975//3975 3974//3974 3846//3846
f 3979//3979 3978//3978 3850//3850
f 3846//3846 3974//3974 3845//3845
f 3845//3845 3973//3973 3844//3844
f 3973//3973 3972//3972 3844//3844
f 3844//3844 3972//3972 3843//3843
f 3972//3972 3971//3971 3843//3843
f 3715//3715 3843//3843 3842//3842
f 3843//3843 3970//3970 3842//3842
f 3842//3842 3970//3970 3841//3841
f 3970//3970 3969//3969 3841//3841
f 3974//3974 3973//3973 3845//3845
f 3851//3851 3979//3979 3850//3850
f 3980//3980 3979//3979 3851//3851
f 3852//3852 3980//3980 3851//3851
f 3990//3990 3989//3989 3861//3861
f 3861//3861 3989//3989 3860//3860
f 3989//3989 3988//3988 3860//3860
f 3860//3860 3988//3988 3859//3859
f 3988//3988 3987//3987 3859//3859
f 3859//3859 3987//3987 3858//3858
f 3987//3987 3986//3986 3858//3858
f 3858//3858 3986//3986 3857//3857
f 3986//3986 3985//3985 3857//3857
f 3857//3857 3985//3985 3856//3856
f 3985//3985 3984//3984 3856//3856
f 3856//3856 3984//3984 3855//3855
f 3984//3984 3983//3983 3855//3855
f 3855//3855 3983//3983 3854//3854
f 3983//3983 3982//3982 3854//3854
f 3854//3854 3982//3982 3853//3853
f 3982//3982 3981//3981 3853//3853
f 3853//3853 3981//3981 3852//3852
f 3981//3981 3980//3980 3852//3852
f 3991//3991 3990//3990 3862//3862
f 3975//3975 4103//4103 3974//3974
f 4072//4072 4071//4071 3943//3943
f 3976//3976 4104//4104 3975//3975
f 4226//4226 4225//4225 4097//4097
f 4104//4104 4103//4103 3975//3975
f 4225//4225 4224//4224 4096//4096
f 4096//4096 4224//4224 4095//4095
f 4224//4224 4223//4223 4095//4095
f 4095//4095 4223//4223 4094//4094
f 4223//4223 4222//4222 4094//4094
f 4094//4094 4222//4222 4093//4093
f 4098//4098 4226//4226 4097//4097
f 4222//4222 4221//4221 4093//4093
f 4221//4221 4220//4220 4092//4092
f 4092//4092 4220//4220 4091//4091
f 4220//4220 4219//4219 4091//4091
f 4091//4091 4219//4219 4090//4090
f 4219//4219 4218//4218 4090//4090
f 4090//4090 4218//4218 4089//4089
f 4218//4218 4217//4217 4089//4089
f 4089//4089 4217//4217 4088//4088
f 4093//4093 4221//4221 4092//4092
f 4099//4099 4226//4226 4098//4098
f 3971//3971 4099//4099 4098//4098
f 4228//4228 4227//4227 4099//4099
f 4109//4109 4237//4237 4108//4108
f 4237//4237 4236//4236 4108//4108
f 4108//4108 4236//4236 4107//4107
f 4236//4236 4235//4235 4107//4107
f 4107//4107 4235//4235 4106//4106
f 4235//4235 4234//4234 4106//4106
f 4106//4106 4234//4234 4105//4105
f 4234//4234 4233//4233 4105//4105
f 4105//4105 4233//4233 4104//4104
f 4233//4233 4232//4232 4104//4104
f 4104//4104 4232//4232 4103//4103
f 4232//4232 4231//4231 4103//4103
f 4103//4103 4231//4231 4102//4102
f 4231//4231 4230//4230 4102//4102
f 4102//4102 4230//4230 4101//4101
f 4230//4230 4229//4229 4101//4101
f 4101//4101 4229//4229 4100//4100
f 4229//4229 4228//4228 4100//4100
f 4100//4100 4228//4228 4099//4099
f 4217//4217 4216//4216 4088//4088
f 4238//4238 4237//4237 4109//4109
f 4088//4088 4216//4216 4087//4087
f 4087//4087 4215//4215 4086//4086
f 4075//4075 4203//4203 4074//4074
f 4203//4203 4202//4202 4074//4074
f 4074//4074 4202//4202 4073//4073
f 4202//4202 4201//4201 4073//4073
f 4073//4073 4201//4201 4072//4072
f 4201//4201 4200//4200 4072//4072
f 4072//4072 4200//4200 4071//4071
f 4200//4200 4199//4199 4071//4071
f 4204//4204 4203//4203 4075//4075
f 4071//4071 4199//4199 4070//4070
f 4070//4070 4198//4198 4069//4069
f 4198//4198 4197//4197 4069//4069
f 4069//4069 4197//4197 4068//4068
f 4197//4197 4196//4196 4068//4068
f 4068//4068 4196//4196 4067//4067
f 4196//4196 4195//4195 4067//4067
f 4067//4067 4195//4195 4066//4066
f 4195//4195 4194//4194 4066//4066
f 4199//4199 4198//4198 4070//4070
f 4076//4076 4204//4204 4075//4075
f 4205//4205 4204//4204 4076//4076
f 4077//4077 4205//4205 4076//4076
f 4215//4215 4214//4214 4086//4086
f 4086//4086 4214//4214 4085//4085
f 4214//4214 4213//4213 4085//4085
f 4085//4085 4213//4213 4084//4084
f 4213//4213 4212//4212 4084//4084
f 4084//4084 4212//4212 4083//4083
f 4212//4212 4211//4211 4083//4083
f 4083//4083 4211//4211 4082//4082
f 4211//4211 4210//4210 4082//4082
f 4082//4082 4210//4210 4081//4081
f 4210//4210 4209//4209 4081//4081
f 4081//4081 4209//4209 4080//4080
f 4209//4209 4208//4208 4080//4080
f 4080//4080 4208//4208 4079//4079
f 4208//4208 4207//4207 4079//4079
f 4079//4079 4207//4207 4078//4078
f 4207//4207 4206//4206 4078//4078
f 4078//4078 4206//4206 4077//4077
f 4206//4206 4205//4205 4077//4077
f 4216//4216 4215//4215 4087//4087
f 4066//4066 4194//4194 4065//4065
f 4110//4110 4238//4238 4109//4109
f 4111//4111 4239//4239 4110//4110
f 4271//4271 4270//4270 4142//4142
f 4142//4142 4270//4270 4141//4141
f 4270//4270 4269//4269 4141//4141
f 4141//4141 4269//4269 4140//4140
f 4269//4269 4268//4268 4140//4140
f 4140//4140 4268//4268 4139//4139
f 4268//4268 4267//4267 4139//4139
f 4139//4139 4267//4267 4138//4138
f 4143//4143 4271//4271 4142//4142
f 4267//4267 4266//4266 4138//4138
f 4266//4266 4265//4265 4137//4137
f 4137//4137 4265//4265 4136//4136
f 4265//4265 4264//4264 4136//4136
f 4136//4136 4264//4264 4135//4135
f 4264//4264 4263//4263 4135//4135
f 4135//4135 4263//4263 4134//4134
f 4263//4263 4262//4262 4134//4134
f 4134//4134 4262//4262 4133//4133
f 4138//4138 4266//4266 4137//4137
f 4272//4272 4271//4271 4143//4143
f 4144//4144 4272//4272 4143//4143
f 4273//4273 4272//4272 4144//4144
f 4154//4154 4282//4282 4153//4153
f 4282//4282 4281//4281 4153//4153
f 4153//4153 4281//4281 4152//4152
f 4281//4281 4280//4280 4152//4152
f 4152//4152 4280//4280 4151//4151
f 4280//4280 4279//4279 4151//4151
f 4151//4151 4279//4279 4150//4150
f 4279//4279 4278//4278 4150//4150
f 4150//4150 4278//4278 4149//4149
f 4278//4278 4277//4277 4149//4149
f 4149//4149 4277//4277 4148//4148
f 4277//4277 4276//4276 4148//4148
f 4148//4148 4276//4276 4147//4147
f 4276//4276 4275//4275 4147//4147
f 4147//4147 4275//4275 4146//4146
f 4275//4275 4274//4274 4146//4146
f 4146//4146 4274//4274 4145//4145
f 4274//4274 4273//4273 4145//4145
f 4145//4145 4273//4273 4144//4144
f 4262//4262 4261//4261 4133//4133
f 4239//4239 4238//4238 4110//4110
f 4133//4133 4261//4261 4132//4132
f 4132//4132 4260//4260 4131//4131
f 4120//4120 4248//4248 4119//4119
f 4248//4248 4247//4247 4119//4119
f 4119//4119 4247//4247 4118//4118
f 4247//4247 4246//4246 4118//4118
f 4118//4118 4246//4246 4117//4117
f 4246//4246 4245//4245 4117//4117
f 4117//4117 4245//4245 4116//4116
f 4245//4245 4244//4244 4116//4116
f 4249//4249 4248//4248 4120//4120
f 4116//4116 4244//4244 4115//4115
f 4115//4115 4243//4243 4114//4114
f 4243//4243 4242//4242 4114//4114
f 4114//4114 4242//4242 4113//4113
f 4242//4242 4241//4241 4113//4113
f 4113//4113 4241//4241 4112//4112
f 4241//4241 4240//4240 4112//4112
f 4112//4112 4240//4240 4111//4111
f 4240//4240 4239//4239 4111//4111
f 4244//4244 4243//4243 4115//4115
f 4121//4121 4249//4249 4120//4120
f 4250//4250 4249//4249 4121//4121
f 4122//4122 4250//4250 4121//4121
f 4260//4260 4259//4259 4131//4131
f 4131//4131 4259//4259 4130//4130
f 4259//4259 4258//4258 4130//4130
f 4130//4130 4258//4258 4129//4129
f 4258//4258 4257//4257 4129//4129
f 4129//4129 4257//4257 4128//4128
f 4257//4257 4256//4256 4128//4128
f 4128//4128 4256//4256 4127//4127
f 4256//4256 4255//4255 4127//4127
f 4127//4127 4255//4255 4126//4126
f 4255//4255 4254//4254 4126//4126
f 4126//4126 4254//4254 4125//4125
f 4254//4254 4253//4253 4125//4125
f 4125//4125 4253//4253 4124//4124
f 4253//4253 4252//4252 4124//4124
f 4124//4124 4252//4252 4123//4123
f 4252//4252 4251//4251 4123//4123
f 4123//4123 4251//4251 4122//4122
f 4251//4251 4250//4250 4122//4122
f 4261//4261 4260//4260 4132//4132
f 4194//4194 4193//4193 4065//4065
f 4097//4097 4225//4225 4096//4096
f 4193//4193 4192//4192 4064//4064
f 4136//4136 4135//4135 4007//4007
f 4007//4007 4135//4135 4006//4006
f 4135//4135 4134//4134 4006//4006
f 4006//4006 4134//4134 4005//4005
f 4134//4134 4133//4133 4005//4005
f 4005//4005 4133//4133 4004//4004
f 4133//4133 4132//4132 4004//4004
f 4004//4004 4132//4132 4003//4003
f 4008//4008 4136//4136 4007//4007
f 4132//4132 4131//4131 4003//4003
f 4131//4131 4130//4130 4002//4002
f 4002//4002 4130//4130 4001//4001
f 4130//4130 4129//4129 4001//4001
f 4001//4001 4129//4129 4000//4000
f 4129//4129 4128//4128 4000//4000
f 4000//4000 4128//4128 3999//3999
f 4128//4128 4127//4127 3999//3999
f 3999//3999 4127//4127 3998//3998
f 4003//4003 4131//4131 4002//4002
f 4137//4137 4136//4136 4008//4008
f 4009//4009 4137//4137 4008//4008
f 4138//4138 4137//4137 4009//4009
f 4019//4019 4147//4147 4018//4018
f 4147//4147 4146//4146 4018//4018
f 4018//4018 4146//4146 4017//4017
f 4146//4146 4145//4145 4017//4017
f 4017//4017 4145//4145 4016//4016
f 4145//4145 4144//4144 4016//4016
f 4016//4016 4144//4144 4015//4015
f 4144//4144 4143//4143 4015//4015
f 4015//4015 4143//4143 4014//4014
f 4143//4143 4142//4142 4014//4014
f 4014//4014 4142//4142 4013//4013
f 4142//4142 4141//4141 4013//4013
f 4013//4013 4141//4141 4012//4012
f 4141//4141 4140//4140 4012//4012
f 4012//4012 4140//4140 4011//4011
f 4140//4140 4139//4139 4011//4011
f 4011//4011 4139//4139 4010//4010
f 4139//4139 4138//4138 4010//4010
f 4010//4010 4138//4138 4009//4009
f 4127//4127 4126//4126 3998//3998
f 4148//4148 4147//4147 4019//4019
f 3998//3998 4126//4126 3997//3997
f 3997//3997 4125//4125 3996//3996
f 3985//3985 4113//4113 3984//3984
f 4113//4113 4112//4112 3984//3984
f 3984//3984 4112//4112 3983//3983
f 4112//4112 4111//4111 3983//3983
f 3983//3983 4111//4111 3982//3982
f 4111//4111 4110//4110 3982//3982
f 3982//3982 4110//4110 3981//3981
f 4110//4110 4109//4109 3981//3981
f 4114//4114 4113//4113 3985//3985
f 3981//3981 4109//4109 3980//3980
f 3980//3980 4108//4108 3979//3979
f 4108//4108 4107//4107 3979//3979
f 3979//3979 4107//4107 3978//3978
f 4107//4107 4106//4106 3978//3978
f 3978//3978 4106//4106 3977//3977
f 4106//4106 4105//4105 3977//3977
f 3977//3977 4105//4105 3976//3976
f 4105//4105 4104//4104 3976//3976
f 4109//4109 4108//4108 3980//3980
f 3986//3986 4114//4114 3985//3985
f 4115//4115 4114//4114 3986//3986
f 3987//3987 4115//4115 3986//3986
f 4125//4125 4124//4124 3996//3996
f 3996//3996 4124//4124 3995//3995
f 4124//4124 4123//4123 3995//3995
f 3995//3995 4123//4123 3994//3994
f 4123//4123 4122//4122 3994//3994
f 3994//3994 4122//4122 3993//3993
f 4122//4122 4121//4121 3993//3993
f 3993//3993 4121//4121 3992//3992
f 4121//4121 4120//4120 3992//3992
f 3992//3992 4120//4120 3991//3991
f 4120//4120 4119//4119 3991//3991
f 3991//3991 4119//4119 3990//3990
f 4119//4119 4118//4118 3990//3990
f 3990//3990 4118//4118 3989//3989
f 4118//4118 4117//4117 3989//3989
f 4065//4065 4193//4193 4064//4064
f 4117//4117 4116//4116 3988//3988
f 3988//3988 4116//4116 3987//3987
f 4116//4116 4115//4115 3987//3987
f 4126//4126 4125//4125 3997//3997
f 4020//4020 4148//4148 4019//4019
f 3989//3989 4117//4117 3988//3988
f 4021//4021 4149//4149 4020//4020
f 4181//4181 4180//4180 4052//4052
f 4052//4052 4180//4180 4051//4051
f 4180//4180 4179//4179 4051//4051
f 4051//4051 4179//4179 4050//4050
f 4179//4179 4178//4178 4050//4050
f 4050//4050 4178//4178 4049//4049
f 4178//4178 4177//4177 4049//4049
f 4049//4049 4177//4177 4048//4048
f 4053//4053 4181//4181 4052//4052
f 4177//4177 4176//4176 4048//4048
f 4176//4176 4175//4175 4047//4047
f 4047//4047 4175//4175 4046//4046
f 4175//4175 4174//4174 4046//4046
f 4046//4046 4174//4174 4045//4045
f 4174//4174 4173//4173 4045//4045
f 4045//4045 4173//4173 4044//4044
f 4173//4173 4172//4172 4044//4044
f 4044//4044 4172//4172 4043//4043
f 4048//4048 4176//4176 4047//4047
f 4182//4182 4181//4181 4053//4053
f 4054//4054 4182//4182 4053//4053
f 4183//4183 4182//4182 4054//4054
f 4149//4149 4148//4148 4020//4020
f 4064//4064 4192//4192 4063//4063
f 4192//4192 4191//4191 4063//4063
f 4063//4063 4191//4191 4062//4062
f 4191//4191 4190//4190 4062//4062
f 4062//4062 4190//4190 4061//4061
f 4190//4190 4189//4189 4061//4061
f 4061//4061 4189//4189 4060//4060
f 4189//4189 4188//4188 4060//4060
f 4060//4060 4188//4188 4059//4059
f 4188//4188 4187//4187 4059//4059
f 4059//4059 4187//4187 4058//4058
f 4187//4187 4186//4186 4058//4058
f 4186//4186 4185//4185 4057//4057
f 4057//4057 4185//4185 4056//4056
f 4185//4185 4184//4184 4056//4056
f 4056//4056 4184//4184 4055//4055
f 4184//4184 4183//4183 4055//4055
f 4055//4055 4183//4183 4054//4054
f 4172//4172 4171//4171 4043//4043
f 4043//4043 4171//4171 4042//4042
f 4058//4058 4186//4186 4057//4057
f 4042//4042 4170//4170 4041//4041
f 4159//4159 4158//4158 4030//4030
f 4030//4030 4158//4158 4029//4029
f 4158//4158 4157//4157 4029//4029
f 4029//4029 4157//4157 4028//4028
f 4157//4157 4156//4156 4028//4028
f 4028//4028 4156//4156 4027//4027
f 4156//4156 4155//4155 4027//4027
f 4027//4027 4155//4155 4026//4026
f 4155//4155 4154//4154 4026//4026
f 4026//4026 4154//4154 4025//4025
f 4154//4154 4153//4153 4025//4025
f 4153//4153 4152//4152 4024//4024
f 4024//4024 4152//4152 4023//4023
f 4152//4152 4151//4151 4023//4023
f 4023//4023 4151//4151 4022//4022
f 4151//4151 4150//4150 4022//4022
f 4022//4022 4150//4150 4021//4021
f 4171//4171 4170//4170 4042//4042
f 4150//4150 4149//4149 4021//4021
f 4031//4031 4159//4159 4030//4030
f 4160//4160 4159//4159 4031//4031
f 4025//4025 4153//4153 4024//4024
f 4161//4161 4160//4160 4032//4032
f 4041//4041 4169//4169 4040//4040
f 4170//4170 4169//4169 4041//4041
f 4032//4032 4160//4160 4031//4031
f 4169//4169 4168//4168 4040//4040
f 4040//4040 4168//4168 4039//4039
f 4168//4168 4167//4167 4039//4039
f 4167//4167 4166//4166 4038//4038
f 4038//4038 4166//4166 4037//4037
f 4166//4166 4165//4165 4037//4037
f 4037//4037 4165//4165 4036//4036
f 4039//4039 4167//4167 4038//4038
f 4036//4036 4164//4164 4035//4035
f 4164//4164 4163//4163 4035//4035
f 4033//4033 4161//4161 4032//4032
f 4035//4035 4163//4163 4034//4034
f 4163//4163 4162//4162 4034//4034
f 4034//4034 4162//4162 4033//4033
f 4162//4162 4161//4161 4033//4033
f 4165//4165 4164//4164 4036//4036
f 6148//6148 6103//6103 6102//6102
f 6148//6148 6104//6104 6103//6103
f 6148//6148 6105//6105 6104//6104
f 6148//6148 6106//6106 6105//6105
f 6148//6148 6108//6108 6107//6107
f 6148//6148 6107//6107 6106//6106
f 6148//6148 6109//6109 6108//6108
f 6148//6148 6110//6110 6109//6109
f 6148//6148 6102//6102 6101//6101
f 6148//6148 6112//6112 6111//6111
f 6148//6148 6111//6111 6110//6110
f 6148//6148 6113//6113 6112//6112
f 6148//6148 6101//6101 6100//6100
f 6148//6148 6092//6092 6091//6091
f 6148//6148 6099//6099 6098//6098
f 6148//6148 6098//6098 6097//6097
f 6148//6148 6097//6097 6096//6096
f 6148//6148 6096//6096 6095//6095
f 6148//6148 6095//6095 6094//6094
f 6148//6148 6094//6094 6093//6093
f 6148//6148 6093//6093 6092//6092
f 6148//6148 6091//6091 6090//6090
f 6148//6148 6090//6090 6089//6089
f 6148//6148 6089//6089 6088//6088
f 6148//6148 6088//6088 6087//6087
f 6148//6148 6114//6114 6113//6113
f 6148//6148 6087//6087 6086//6086
f 6148//6148 6086//6086 6085//6085
f 6148//6148 6100//6100 6099//6099
f 6148//6148 6115//6115 6114//6114
f 6148//6148 6136//6136 6135//6135
f 6148//6148 6117//6117 6116//6116
f 6148//6148 6146//6146 6145//6145
f 6148//6148 6085//6085 6084//6084
f 6148//6148 6145//6145 6144//6144
f 6148//6148 6144//6144 6143//6143
f 6148//6148 6143//6143 6142//6142
f 6148//6148 6142//6142 6141//6141
f 6148//6148 6141//6141 6140//6140
f 6148//6148 6140//6140 6139//6139
f 6148//6148 6139//6139 6138//6138
f 6148//6148 6138//6138 6137//6137
f 6148//6148 6137//6137 6136//6136
f 6148//6148 6135//6135 6134//6134
f 6148//6148 6134//6134 6133//6133
f 6148//6148 6133//6133 6132//6132
f 6148//6148 6132//6132 6131//6131
f 6148//6148 6131//6131 6130//6130
f 6148//6148 6130//6130 6129//6129
f 6148//6148 6129//6129 6128//6128
f 6148//6148 6128//6128 6127//6127
f 6148//6148 6127//6127 6126//6126
f 6148//6148 6126//6126 6125//6125
f 6148//6148 6125//6125 6124//6124
f 6148//6148 6124//6124 6123//6123
f 6148//6148 6123//6123 6122//6122
f 6148//6148 6122//6122 6121//6121
f 6148//6148 6121//6121 6120//6120
f 6148//6148 6120//6120 6119//6119
f 6148//6148 6119//6119 6118//6118
f 6148//6148 6118//6118 6117//6117
f 6148//6148 6116//6116 6115//6115
f 6148//6148 6084//6084 6083//6083
f 6148//6148 6040//6040 6039//6039
f 6148//6148 6082//6082 6081//6081
f 6148//6148 6048//6048 6047//6047
f 6148//6148 6047//6047 6046//6046
f 6148//6148 6046//6046 6045//6045
f 6148//6148 6045//6045 6044//6044
f 6148//6148 6044//6044 6043//6043
f 6148//6148 6043//6043 6042//6042
f 6148//6148 6042//6042 6041//6041
f 6148//6148 6041//6041 6040//6040
f 6148//6148 6039//6039 6038//6038
f 6148//6148 6038//6038 6037//6037
f 6148//6148 6037//6037 6036//6036
f 6148//6148 6036//6036 6035//6035
f 6148//6148 6035//6035 6034//6034
f 6148//6148 6049//6049 6048//6048
f 6148//6148 6034//6034 6033//6033
f 6148//6148 6032//6032 6031//6031
f 6148//6148 6031//6031 6030//6030
f 6148//6148 6030//6030 6029//6029
f 6148//6148 6029//6029 6028//6028
f 6148//6148 6028//6028 6027//6027
f 6148//6148 6027//6027 6026//6026
f 6148//6148 6026//6026 6025//6025
f 6148//6148 6025//6025 6024//6024
f 6148//6148 6024//6024 6023//6023
f 6148//6148 6023//6023 6022//6022
f 6148//6148 6022//6022 6021//6021
f 6148//6148 6021//6021 6020//6020
f 6148//6148 6147//6147 6146//6146
f 6148//6148 6033//6033 6032//6032
f 6148//6148 6050//6050 6049//6049
f 6148//6148 6051//6051 6050//6050
f 6148//6148 6052//6052 6051//6051
f 6148//6148 6081//6081 6080//6080
f 6148//6148 6080//6080 6079//6079
f 6148//6148 6079//6079 6078//6078
f 6148//6148 6078//6078 6077//6077
f 6148//6148 6077//6077 6076//6076
f 6148//6148 6076//6076 6075//6075
f 6148//6148 6075//6075 6074//6074
f 6148//6148 6074//6074 6073//6073
f 6148//6148 6073//6073 6072//6072
f 6148//6148 6072//6072 6071//6071
f 6148//6148 6071//6071 6070//6070
f 6148//6148 6070//6070 6069//6069
f 6148//6148 6069//6069 6068//6068
f 6148//6148 6068//6068 6067//6067
f 6148//6148 6067//6067 6066//6066
f 6148//6148 6066//6066 6065//6065
f 6148//6148 6065//6065 6064//6064
f 6148//6148 6064//6064 6063//6063
f 6148//6148 6063//6063 6062//6062
f 6148//6148 6062//6062 6061//6061
f 6148//6148 6061//6061 6060//6060
f 6148//6148 6060//6060 6059//6059
f 6148//6148 6059//6059 6058//6058
f 6148//6148 6058//6058 6057//6057
f 6148//6148 6057//6057 6056//6056
f 6148//6148 6056//6056 6055//6055
f 6148//6148 6055//6055 6054//6054
f 6148//6148 6054//6054 6053//6053
f 6148//6148 6053//6053 6052//6052
f 6148//6148 6083//6083 6082//6082
f 6148//6148 6020//6020 6147//6147
