# Independent procedural camera geometry; meters; Z up
o rear_lens_alignment_dot
v -0.0148052444 0.0130439246 0.0680132539
v -0.0148236198 0.0130039246 0.0680132539
v -0.0148250520 0.0130041172 0.0680171746
v -0.0148262931 0.0130046932 0.0680210575
v -0.0148273311 0.0130056470 0.0680248653
v -0.0148281561 0.0130069694 0.0680285612
v -0.0148287599 0.0130086477 0.0680321097
v -0.0148291367 0.0130106658 0.0680354767
v -0.0148292829 0.0130130042 0.0680386296
v -0.0148291970 0.0130156403 0.0680415381
v -0.0148288800 0.0130185489 0.0680441743
v -0.0148283348 0.0130217018 0.0680465127
v -0.0148275667 0.0130250687 0.0680485307
v -0.0148265833 0.0130286173 0.0680502091
v -0.0148253939 0.0130323132 0.0680515315
v -0.0148240102 0.0130361210 0.0680524853
v -0.0148224456 0.0130400039 0.0680530613
v -0.0148207152 0.0130439246 0.0680532539
v -0.0148188357 0.0130478453 0.0680530613
v -0.0148168253 0.0130517282 0.0680524853
v -0.0148147035 0.0130555360 0.0680515315
v -0.0148124907 0.0130592319 0.0680502091
v -0.0148102084 0.0130627805 0.0680485307
v -0.0148078784 0.0130661474 0.0680465127
v -0.0148055234 0.0130693003 0.0680441743
v -0.0148031660 0.0130722089 0.0680415381
v -0.0148008288 0.0130748450 0.0680386296
v -0.0147985344 0.0130771834 0.0680354767
v -0.0147963048 0.0130792014 0.0680321097
v -0.0147941615 0.0130808798 0.0680285612
v -0.0147921250 0.0130822022 0.0680248653
v -0.0147902149 0.0130831560 0.0680210575
v -0.0147884495 0.0130837320 0.0680171746
v -0.0147868456 0.0130839246 0.0680132539
v -0.0147854188 0.0130837320 0.0680093332
v -0.0147841827 0.0130831560 0.0680054503
v -0.0147831490 0.0130822022 0.0680016425
v -0.0147823277 0.0130808798 0.0679979465
v -0.0147817266 0.0130792014 0.0679943980
v -0.0147813515 0.0130771834 0.0679910311
v -0.0147812060 0.0130748450 0.0679878781
v -0.0147812914 0.0130722089 0.0679849696
v -0.0147816070 0.0130693003 0.0679823335
v -0.0147821498 0.0130661474 0.0679799951
v -0.0147829144 0.0130627805 0.0679779770
v -0.0147838937 0.0130592319 0.0679762987
v -0.0147850782 0.0130555360 0.0679749763
v -0.0147864567 0.0130517282 0.0679740225
v -0.0147880158 0.0130478453 0.0679734465
v -0.0147897407 0.0130439246 0.0679732539
v -0.0147916149 0.0130400039 0.0679734465
v -0.0147936203 0.0130361210 0.0679740225
v -0.0147957378 0.0130323132 0.0679749763
v -0.0147979469 0.0130286173 0.0679762987
v -0.0148002266 0.0130250687 0.0679779770
v -0.0148025548 0.0130217018 0.0679799951
v -0.0148049091 0.0130185489 0.0679823335
v -0.0148072670 0.0130156403 0.0679849696
v -0.0148096056 0.0130130042 0.0679878781
v -0.0148119025 0.0130106658 0.0679910311
v -0.0148141355 0.0130086477 0.0679943980
v -0.0148162830 0.0130069694 0.0679979465
v -0.0148183243 0.0130056470 0.0680016425
v -0.0148202396 0.0130046932 0.0680054503
v -0.0148220105 0.0130041172 0.0680093332
v -0.0148419717 0.0129639246 0.0680132539
v -0.0148448413 0.0129643098 0.0680210952
v -0.0148473285 0.0129654618 0.0680288611
v -0.0148494090 0.0129673694 0.0680364766
v -0.0148510625 0.0129700142 0.0680438685
v -0.0148522728 0.0129733709 0.0680509656
v -0.0148530282 0.0129774070 0.0680576995
v -0.0148533213 0.0129820838 0.0680640053
v -0.0148531492 0.0129873561 0.0680698224
v -0.0148525136 0.0129931731 0.0680750947
v -0.0148514207 0.0129994790 0.0680797714
v -0.0148498812 0.0130062129 0.0680838076
v -0.0148479101 0.0130133099 0.0680871642
v -0.0148455266 0.0130207018 0.0680898091
v -0.0148427539 0.0130283174 0.0680917167
v -0.0148396192 0.0130360832 0.0680928687
v -0.0148361528 0.0130439246 0.0680932539
v -0.0148323885 0.0130517660 0.0680928687
v -0.0148283628 0.0130595318 0.0680917167
v -0.0148241148 0.0130671474 0.0680898091
v -0.0148196857 0.0130745393 0.0680871642
v -0.0148151183 0.0130816363 0.0680838076
v -0.0148104567 0.0130883702 0.0680797714
v -0.0148057460 0.0130946761 0.0680750947
v -0.0148010315 0.0131004931 0.0680698224
v -0.0147963587 0.0131057654 0.0680640053
v -0.0147917724 0.0131104422 0.0680576995
v -0.0147873167 0.0131144783 0.0680509656
v -0.0147830342 0.0131178350 0.0680438685
v -0.0147789660 0.0131204798 0.0680364766
v -0.0147751511 0.0131223874 0.0680288611
v -0.0147716257 0.0131235394 0.0680210952
v -0.0147684236 0.0131239246 0.0680132539
v -0.0147655753 0.0131235394 0.0680054125
v -0.0147631078 0.0131223874 0.0679976466
v -0.0147610448 0.0131204798 0.0679900311
v -0.0147594058 0.0131178350 0.0679826392
v -0.0147582063 0.0131144783 0.0679755421
v -0.0147574579 0.0131104422 0.0679688083
v -0.0147571675 0.0131057654 0.0679625024
v -0.0147573380 0.0131004931 0.0679566853
v -0.0147579678 0.0130946761 0.0679514130
v -0.0147590507 0.0130883702 0.0679467363
v -0.0147605767 0.0130816363 0.0679427002
v -0.0147625311 0.0130745393 0.0679393435
v -0.0147648953 0.0130671474 0.0679366986
v -0.0147676470 0.0130595318 0.0679347911
v -0.0147707598 0.0130517660 0.0679336391
v -0.0147742042 0.0130439246 0.0679332539
v -0.0147779472 0.0130360832 0.0679336391
v -0.0147819531 0.0130283174 0.0679347911
v -0.0147861836 0.0130207018 0.0679366986
v -0.0147905983 0.0130133099 0.0679393435
v -0.0147951548 0.0130062129 0.0679427002
v -0.0147998094 0.0129994790 0.0679467363
v -0.0148045174 0.0129931731 0.0679514130
v -0.0148092335 0.0129873561 0.0679566853
v -0.0148139122 0.0129820838 0.0679625024
v -0.0148185084 0.0129774070 0.0679688083
v -0.0148229777 0.0129733709 0.0679755421
v -0.0148272769 0.0129700142 0.0679826392
v -0.0148313643 0.0129673694 0.0679900311
v -0.0148352002 0.0129654618 0.0679976466
v -0.0148387475 0.0129643098 0.0680054125
v -0.0148602999 0.0129239246 0.0680132539
v -0.0148646124 0.0129245024 0.0680250159
v -0.0148683507 0.0129262304 0.0680366647
v -0.0148714780 0.0129290918 0.0680480880
v -0.0148739637 0.0129330591 0.0680591759
v -0.0148757833 0.0129380940 0.0680698215
v -0.0148769191 0.0129441482 0.0680799223
v -0.0148773597 0.0129511633 0.0680893811
v -0.0148771010 0.0129590718 0.0680981067
v -0.0148761453 0.0129677974 0.0681060151
v -0.0148745022 0.0129772562 0.0681130302
v -0.0148721878 0.0129873570 0.0681190844
v -0.0148692248 0.0129980026 0.0681241194
v -0.0148656423 0.0130090904 0.0681280867
v -0.0148614754 0.0130205138 0.0681309481
v -0.0148567650 0.0130321625 0.0681326760
v -0.0148515571 0.0130439246 0.0681332539
v -0.0148459026 0.0130556867 0.0681326760
v -0.0148398567 0.0130673354 0.0681309481
v -0.0148334782 0.0130787588 0.0681280867
v -0.0148268292 0.0130898466 0.0681241194
v -0.0148199740 0.0131004922 0.0681190844
v -0.0148129792 0.0131105930 0.0681130302
v -0.0148059122 0.0131200518 0.0681060151
v -0.0147988412 0.0131287774 0.0680981067
v -0.0147918342 0.0131366859 0.0680893811
v -0.0147849586 0.0131437010 0.0680799223
v -0.0147782801 0.0131497552 0.0680698215
v -0.0147718628 0.0131547901 0.0680591759
v -0.0147657678 0.0131587574 0.0680480880
v -0.0147600531 0.0131616188 0.0680366647
v -0.0147547733 0.0131633468 0.0680250159
v -0.0147499784 0.0131639246 0.0680132539
v -0.0147457138 0.0131633468 0.0680014918
v -0.0147420200 0.0131616188 0.0679898430
v -0.0147389320 0.0131587574 0.0679784197
v -0.0147364788 0.0131547901 0.0679673319
v -0.0147346837 0.0131497552 0.0679566863
v -0.0147335636 0.0131437010 0.0679465854
v -0.0147331291 0.0131366859 0.0679371267
v -0.0147333842 0.0131287774 0.0679284011
v -0.0147343266 0.0131200518 0.0679204926
v -0.0147359474 0.0131105930 0.0679134775
v -0.0147382313 0.0131004922 0.0679074233
v -0.0147411567 0.0130898466 0.0679023883
v -0.0147446959 0.0130787588 0.0678984210
v -0.0147488156 0.0130673354 0.0678955596
v -0.0147534766 0.0130556867 0.0678938317
v -0.0147586349 0.0130439246 0.0678932539
v -0.0147642414 0.0130321625 0.0678938317
v -0.0147702429 0.0130205138 0.0678955596
v -0.0147765821 0.0130090904 0.0678984210
v -0.0147831987 0.0129980026 0.0679023883
v -0.0147900293 0.0129873570 0.0679074233
v -0.0147970085 0.0129772562 0.0679134775
v -0.0148040693 0.0129677974 0.0679204926
v -0.0148111439 0.0129590718 0.0679284011
v -0.0148181641 0.0129511633 0.0679371267
v -0.0148250621 0.0129441482 0.0679465854
v -0.0148317711 0.0129380940 0.0679566863
v -0.0148382261 0.0129330591 0.0679673319
v -0.0148443643 0.0129290918 0.0679784197
v -0.0148501262 0.0129262304 0.0679898430
v -0.0148554554 0.0129245024 0.0680014918
v -0.0148786043 0.0128839246 0.0680132539
v -0.0148843651 0.0128846950 0.0680289366
v -0.0148893594 0.0128869990 0.0680444683
v -0.0148935380 0.0128908141 0.0680596994
v -0.0148968596 0.0128961039 0.0680744832
v -0.0148992913 0.0129028172 0.0680886774
v -0.0149008092 0.0129108895 0.0681021451
v -0.0149013981 0.0129202429 0.0681147568
v -0.0149010523 0.0129307875 0.0681263910
v -0.0148997752 0.0129424217 0.0681369355
v -0.0148975793 0.0129550334 0.0681462890
v -0.0148944865 0.0129685011 0.0681543613
v -0.0148905274 0.0129826952 0.0681610746
v -0.0148857410 0.0129974791 0.0681663643
v -0.0148801745 0.0130127101 0.0681701795
v -0.0148738829 0.0130282419 0.0681724834
v -0.0148669280 0.0130439246 0.0681732539
v -0.0148593780 0.0130596073 0.0681724834
v -0.0148513070 0.0130751391 0.0681701795
v -0.0148427937 0.0130903701 0.0681663643
v -0.0148339211 0.0131051539 0.0681610746
v -0.0148247756 0.0131193481 0.0681543613
v -0.0148154458 0.0131328158 0.0681462890
v -0.0148060220 0.0131454275 0.0681369355
v -0.0147965950 0.0131570617 0.0681263910
v -0.0147872555 0.0131676063 0.0681147568
v -0.0147780930 0.0131769597 0.0681021451
v -0.0147691954 0.0131850320 0.0680886774
v -0.0147606473 0.0131917453 0.0680744832
v -0.0147525303 0.0131970351 0.0680596994
v -0.0147449213 0.0132008502 0.0680444683
v -0.0147378924 0.0132031542 0.0680289366
v -0.0147315101 0.0132039246 0.0680132539
v -0.0147258346 0.0132031542 0.0679975711
v -0.0147209193 0.0132008502 0.0679820394
v -0.0147168105 0.0131970351 0.0679668083
v -0.0147135468 0.0131917453 0.0679520245
v -0.0147111587 0.0131850320 0.0679378304
v -0.0147096686 0.0131769597 0.0679243626
v -0.0147090906 0.0131676063 0.0679117509
v -0.0147094300 0.0131570617 0.0679001168
v -0.0147106837 0.0131454275 0.0678895722
v -0.0147128398 0.0131328158 0.0678802187
v -0.0147158783 0.0131193481 0.0678721465
v -0.0147197705 0.0131051539 0.0678654331
v -0.0147244801 0.0130903701 0.0678601434
v -0.0147299625 0.0130751391 0.0678563282
v -0.0147361664 0.0130596073 0.0678540243
v -0.0147430331 0.0130439246 0.0678532539
v -0.0147504979 0.0130282419 0.0678540243
v -0.0147584899 0.0130127101 0.0678563282
v -0.0147669334 0.0129974791 0.0678601434
v -0.0147757482 0.0129826952 0.0678654331
v -0.0147848500 0.0129685011 0.0678721465
v -0.0147941520 0.0129550334 0.0678802187
v -0.0148035649 0.0129424217 0.0678895722
v -0.0148129983 0.0129307875 0.0679001168
v -0.0148223613 0.0129202429 0.0679117509
v -0.0148315634 0.0129108895 0.0679243626
v -0.0148405154 0.0129028172 0.0679378304
v -0.0148491304 0.0128961039 0.0679520245
v -0.0148573243 0.0128908141 0.0679668083
v -0.0148650172 0.0128869990 0.0679820394
v -0.0148721339 0.0128846950 0.0679975711
v -0.0148968849 0.0128439246 0.0680132539
v -0.0149040993 0.0128448877 0.0680328573
v -0.0149103547 0.0128477675 0.0680522719
v -0.0149155890 0.0128525365 0.0680713108
v -0.0149197502 0.0128591487 0.0680897906
v -0.0149227969 0.0128675403 0.0681075332
v -0.0149246986 0.0128776307 0.0681243679
v -0.0149254365 0.0128893225 0.0681401325
v -0.0149250032 0.0129025032 0.0681546752
v -0.0149234030 0.0129170459 0.0681678560
v -0.0149206519 0.0129328106 0.0681795478
v -0.0149167773 0.0129496453 0.0681896381
v -0.0149118177 0.0129673879 0.0681980298
v -0.0149058225 0.0129858677 0.0682046419
v -0.0148988512 0.0130049065 0.0682094109
v -0.0148909728 0.0130243212 0.0682122908
v -0.0148822653 0.0130439246 0.0682132539
v -0.0148728145 0.0130635280 0.0682122908
v -0.0148627133 0.0130829427 0.0682094109
v -0.0148520609 0.0131019815 0.0682046419
v -0.0148409614 0.0131204613 0.0681980298
v -0.0148295229 0.0131382039 0.0681896381
v -0.0148178566 0.0131550386 0.0681795478
v -0.0148060754 0.0131708033 0.0681678560
v -0.0147942929 0.0131853460 0.0681546752
v -0.0147826225 0.0131985267 0.0681401325
v -0.0147711759 0.0132102185 0.0681243679
v -0.0147600625 0.0132203089 0.0681075332
v -0.0147493880 0.0132287005 0.0680897906
v -0.0147392538 0.0132353127 0.0680713108
v -0.0147297556 0.0132400817 0.0680522719
v -0.0147209832 0.0132429615 0.0680328573
v -0.0147130190 0.0132439246 0.0680132539
v -0.0147059377 0.0132429615 0.0679936504
v -0.0146998058 0.0132400817 0.0679742358
v -0.0146946805 0.0132353127 0.0679551969
v -0.0146906097 0.0132287005 0.0679367172
v -0.0146876313 0.0132203089 0.0679189745
v -0.0146857730 0.0132102185 0.0679021398
v -0.0146850521 0.0131985267 0.0678863752
v -0.0146854754 0.0131853460 0.0678718325
v -0.0146870389 0.0131708033 0.0678586518
v -0.0146897280 0.0131550386 0.0678469600
v -0.0146935177 0.0131382039 0.0678368696
v -0.0146983728 0.0131204613 0.0678284780
v -0.0147042478 0.0131019815 0.0678218658
v -0.0147110880 0.0130829427 0.0678170968
v -0.0147188293 0.0130635280 0.0678142169
v -0.0147273990 0.0130439246 0.0678132539
v -0.0147367166 0.0130243212 0.0678142169
v -0.0147466942 0.0130049065 0.0678170968
v -0.0147572377 0.0129858677 0.0678218658
v -0.0147682468 0.0129673879 0.0678284780
v -0.0147796171 0.0129496453 0.0678368696
v -0.0147912400 0.0129328106 0.0678469600
v -0.0148030041 0.0129170459 0.0678586518
v -0.0148147966 0.0129025032 0.0678718325
v -0.0148265038 0.0128893225 0.0678863752
v -0.0148380124 0.0128776307 0.0679021398
v -0.0148492107 0.0128675403 0.0679189745
v -0.0148599896 0.0128591487 0.0679367172
v -0.0148702440 0.0128525365 0.0679551969
v -0.0148798733 0.0128477675 0.0679742358
v -0.0148887829 0.0128448877 0.0679936504
v -0.0149151413 0.0128039246 0.0680132539
v -0.0149238149 0.0128050803 0.0680367780
v -0.0149313364 0.0128085361 0.0680600756
v -0.0149376310 0.0128142589 0.0680829222
v -0.0149426355 0.0128221935 0.0681050979
v -0.0149462999 0.0128322635 0.0681263891
v -0.0149485873 0.0128443719 0.0681465907
v -0.0149494749 0.0128584021 0.0681655083
v -0.0149489537 0.0128742190 0.0681829595
v -0.0149470290 0.0128916702 0.0681987764
v -0.0149437200 0.0129105877 0.0682128066
v -0.0149390600 0.0129307894 0.0682249150
v -0.0149330957 0.0129520806 0.0682349850
v -0.0149258868 0.0129742563 0.0682429196
v -0.0149175052 0.0129971029 0.0682486423
v -0.0149080345 0.0130204005 0.0682520982
v -0.0148975688 0.0130439246 0.0682532539
v -0.0148862119 0.0130674487 0.0682520982
v -0.0148740758 0.0130907463 0.0682486423
v -0.0148612800 0.0131135929 0.0682429196
v -0.0148479499 0.0131357686 0.0682349850
v -0.0148342159 0.0131570598 0.0682249150
v -0.0148202115 0.0131772615 0.0682128066
v -0.0148060724 0.0131961790 0.0681987764
v -0.0147919351 0.0132136302 0.0681829595
v -0.0147779354 0.0132294471 0.0681655083
v -0.0147642072 0.0132434773 0.0681465907
v -0.0147508816 0.0132555857 0.0681263891
v -0.0147380849 0.0132656557 0.0681050979
v -0.0147259384 0.0132735903 0.0680829222
v -0.0147145563 0.0132793131 0.0680600756
v -0.0147040457 0.0132827689 0.0680367780
v -0.0146945050 0.0132839246 0.0680132539
v -0.0146860233 0.0132827689 0.0679897298
v -0.0146786796 0.0132793131 0.0679664322
v -0.0146725420 0.0132735903 0.0679435856
v -0.0146676676 0.0132656557 0.0679214099
v -0.0146641015 0.0132555857 0.0679001187
v -0.0146618767 0.0132434773 0.0678799170
v -0.0146610136 0.0132294471 0.0678609995
v -0.0146615204 0.0132136302 0.0678435482
v -0.0146633923 0.0131961790 0.0678277314
v -0.0146666119 0.0131772615 0.0678137012
v -0.0146711497 0.0131570598 0.0678015928
v -0.0146769634 0.0131357686 0.0677915228
v -0.0146839994 0.0131135929 0.0677835882
v -0.0146921921 0.0130907463 0.0677778654
v -0.0147014653 0.0130674487 0.0677744095
v -0.0147117326 0.0130439246 0.0677732539
v -0.0147228977 0.0130204005 0.0677744095
v -0.0147348561 0.0129971029 0.0677778654
v -0.0147474949 0.0129742563 0.0677835882
v -0.0147606949 0.0129520806 0.0677915228
v -0.0147743307 0.0129307894 0.0678015928
v -0.0147882725 0.0129105877 0.0678137012
v -0.0148023870 0.0128916702 0.0678277314
v -0.0148165388 0.0128742190 0.0678435482
v -0.0148305914 0.0128584021 0.0678609995
v -0.0148444088 0.0128443719 0.0678799170
v -0.0148578566 0.0128322635 0.0679001187
v -0.0148708038 0.0128221935 0.0679214099
v -0.0148831233 0.0128142589 0.0679435856
v -0.0148946942 0.0128085361 0.0679664322
v -0.0149054022 0.0128050803 0.0679897298
v -0.0149333737 0.0127639246 0.0680132539
v -0.0149435117 0.0127652729 0.0680406987
v -0.0149523046 0.0127693047 0.0680678792
v -0.0149596638 0.0127759813 0.0680945336
v -0.0149655154 0.0127852383 0.0681204052
v -0.0149698003 0.0127969866 0.0681452450
v -0.0149724753 0.0128111131 0.0681688135
v -0.0149735133 0.0128274817 0.0681908840
v -0.0149729038 0.0128459347 0.0682112438
v -0.0149706530 0.0128662945 0.0682296968
v -0.0149667835 0.0128883649 0.0682460654
v -0.0149613347 0.0129119335 0.0682601918
v -0.0149543613 0.0129367732 0.0682719401
v -0.0149459337 0.0129626449 0.0682811972
v -0.0149361365 0.0129892993 0.0682878738
v -0.0149250679 0.0130164798 0.0682919056
v -0.0149128385 0.0130439246 0.0682932539
v -0.0148995700 0.0130713694 0.0682919056
v -0.0148853940 0.0130985499 0.0682878738
v -0.0148704506 0.0131252043 0.0682811972
v -0.0148548866 0.0131510760 0.0682719401
v -0.0148388545 0.0131759157 0.0682601918
v -0.0148225105 0.0131994843 0.0682460654
v -0.0148060131 0.0132215547 0.0682296968
v -0.0147895215 0.0132419145 0.0682112438
v -0.0147731942 0.0132603675 0.0681908840
v -0.0147571872 0.0132767361 0.0681688135
v -0.0147416528 0.0132908626 0.0681452450
v -0.0147267383 0.0133026109 0.0681204052
v -0.0147125842 0.0133118679 0.0680945336
v -0.0146993235 0.0133185445 0.0680678792
v -0.0146870802 0.0133225763 0.0680406987
v -0.0146759684 0.0133239246 0.0680132539
v -0.0146660914 0.0133225763 0.0679858091
v -0.0146575407 0.0133185445 0.0679586286
v -0.0146503951 0.0133118679 0.0679319742
v -0.0146447206 0.0133026109 0.0679061025
v -0.0146405694 0.0132908626 0.0678812628
v -0.0146379797 0.0132767361 0.0678576942
v -0.0146369751 0.0132603675 0.0678356238
v -0.0146375650 0.0132419145 0.0678152640
v -0.0146397438 0.0132215547 0.0677968109
v -0.0146434917 0.0131994843 0.0677804424
v -0.0146487742 0.0131759157 0.0677663159
v -0.0146555426 0.0131510760 0.0677545676
v -0.0146637347 0.0131252043 0.0677453106
v -0.0146732748 0.0130985499 0.0677386340
v -0.0146840747 0.0130713694 0.0677346022
v -0.0146960340 0.0130439246 0.0677332539
v -0.0147090415 0.0130164798 0.0677346022
v -0.0147229755 0.0129892993 0.0677386340
v -0.0147377054 0.0129626449 0.0677453106
v -0.0147530923 0.0129367732 0.0677545676
v -0.0147689907 0.0129119335 0.0677663159
v -0.0147852496 0.0128883649 0.0677804424
v -0.0148017136 0.0128662945 0.0677968109
v -0.0148182248 0.0128459347 0.0678152640
v -0.0148346241 0.0128274817 0.0678356238
v -0.0148507525 0.0128111131 0.0678576942
v -0.0148664532 0.0127969866 0.0678812628
v -0.0148815726 0.0127852383 0.0679061025
v -0.0148959621 0.0127759813 0.0679319742
v -0.0149094798 0.0127693047 0.0679586286
v -0.0149219918 0.0127652729 0.0679858091
v -0.0149515817 0.0127239246 0.0680132539
v -0.0149631898 0.0127254655 0.0680446194
v -0.0149732590 0.0127300733 0.0680756828
v -0.0149816875 0.0127377037 0.0681061450
v -0.0149883899 0.0127482831 0.0681357126
v -0.0149932983 0.0127617098 0.0681641008
v -0.0149963626 0.0127778543 0.0681910363
v -0.0149975517 0.0127965613 0.0682162597
v -0.0149968534 0.0128176504 0.0682395280
v -0.0149942750 0.0128409187 0.0682606172
v -0.0149898425 0.0128661421 0.0682793242
v -0.0149836012 0.0128930776 0.0682954687
v -0.0149756144 0.0129214659 0.0683088953
v -0.0149659632 0.0129510335 0.0683194748
v -0.0149547449 0.0129814957 0.0683271052
v -0.0149420728 0.0130125591 0.0683317130
v -0.0149280741 0.0130439246 0.0683332539
v -0.0149128888 0.0130752901 0.0683317130
v -0.0148966680 0.0131063535 0.0683271052
v -0.0148795727 0.0131368157 0.0683194748
v -0.0148617713 0.0131663833 0.0683088953
v -0.0148434386 0.0131947716 0.0682954687
v -0.0148247535 0.0132217071 0.0682793242
v -0.0148058973 0.0132469304 0.0682606172
v -0.0147870522 0.0132701988 0.0682395280
v -0.0147683990 0.0132912879 0.0682162597
v -0.0147501158 0.0133099949 0.0681910363
v -0.0147323764 0.0133261394 0.0681641008
v -0.0147153482 0.0133395660 0.0681357126
v -0.0146991915 0.0133501455 0.0681061450
v -0.0146840573 0.0133577759 0.0680756828
v -0.0146700868 0.0133623837 0.0680446194
v -0.0146574093 0.0133639246 0.0680132539
v -0.0146461422 0.0133623837 0.0679818884
v -0.0146363892 0.0133577759 0.0679508250
v -0.0146127194 0.0133501455 0.0679203628
v -0.0145933061 0.0133395660 0.0678907952
v -0.0145791052 0.0133261394 0.0678624069
v -0.0145702462 0.0133099949 0.0678354714
v -0.0145668099 0.0132912879 0.0678102480
v -0.0145688276 0.0132701988 0.0677869797
v -0.0145762809 0.0132469304 0.0677658905
v -0.0145891020 0.0132217071 0.0677471836
v -0.0146071737 0.0131947716 0.0677310391
v -0.0146303311 0.0131663833 0.0677176124
v -0.0146434540 0.0131368157 0.0677070330
v -0.0146543365 0.0131063535 0.0676994026
v -0.0146666576 0.0130752901 0.0676947948
v -0.0146803036 0.0130439246 0.0676932539
v -0.0146951480 0.0130125591 0.0676947948
v -0.0147110527 0.0129814957 0.0676994026
v -0.0147278691 0.0129510335 0.0677070330
v -0.0147454393 0.0129214659 0.0677176124
v -0.0147635974 0.0128930776 0.0677310391
v -0.0147821713 0.0128661421 0.0677471836
v -0.0148009838 0.0128409187 0.0677658905
v -0.0148198546 0.0128176504 0.0677869797
v -0.0148386018 0.0127965613 0.0678102480
v -0.0148570436 0.0127778543 0.0678354714
v -0.0148750003 0.0127617098 0.0678624069
v -0.0148922959 0.0127482831 0.0678907952
v -0.0149087601 0.0127377037 0.0679203628
v -0.0149242299 0.0127300733 0.0679508250
v -0.0149385515 0.0127254655 0.0679818884
v -0.0149697652 0.0126839246 0.0680132539
v -0.0149828489 0.0126856581 0.0680485400
v -0.0149941996 0.0126908419 0.0680834864
v -0.0150037019 0.0126994261 0.0681177564
v -0.0150112590 0.0127113280 0.0681510199
v -0.0150167936 0.0127264329 0.0681829567
v -0.0150202491 0.0127445955 0.0682132592
v -0.0150215900 0.0127656408 0.0682416355
v -0.0150208026 0.0127893662 0.0682678123
v -0.0150178950 0.0128155430 0.0682915376
v -0.0150128969 0.0128439193 0.0683125829
v -0.0150058596 0.0128742218 0.0683307455
v -0.0149968550 0.0129061586 0.0683458505
v -0.0149859751 0.0129394221 0.0683577524
v -0.0149733304 0.0129736921 0.0683663366
v -0.0149590492 0.0130086384 0.0683715204
v -0.0149432755 0.0130439246 0.0683732539
v -0.0149261680 0.0130792108 0.0683715204
v -0.0149078976 0.0131141571 0.0683663366
v -0.0148886461 0.0131484271 0.0683577524
v -0.0148686039 0.0131816906 0.0683458505
v -0.0148479681 0.0132136274 0.0683307455
v -0.0148269404 0.0132439299 0.0683125829
v -0.0148057252 0.0132723062 0.0682915376
v -0.0147845272 0.0132984830 0.0682678123
v -0.0147635498 0.0133222084 0.0682416355
v -0.0147429932 0.0133432537 0.0682132592
v -0.0147230523 0.0133614163 0.0681829567
v -0.0147039148 0.0133765212 0.0681510199
v -0.0146857603 0.0133884231 0.0681177564
v -0.0146687580 0.0133970073 0.0680834864
v -0.0146530655 0.0134021911 0.0680485400
v -0.0146388278 0.0134039246 0.0680132539
v -0.0146065271 0.0134021911 0.0679779677
v -0.0145736755 0.0133970073 0.0679430214
v -0.0145462284 0.0133884231 0.0679087514
v -0.0145244356 0.0133765212 0.0678754878
v -0.0145084951 0.0133614163 0.0678435510
v -0.0144985513 0.0133432537 0.0678132486
v -0.0144946943 0.0133222084 0.0677848723
v -0.0144969590 0.0132984830 0.0677586954
v -0.0145053250 0.0132723062 0.0677349701
v -0.0145197164 0.0132439299 0.0677139248
v -0.0145400028 0.0132136274 0.0676957622
v -0.0145660002 0.0131816906 0.0676806572
v -0.0145974720 0.0131484271 0.0676687554
v -0.0146341312 0.0131141571 0.0676601712
v -0.0146492141 0.0130792108 0.0676549874
v -0.0146645413 0.0130439246 0.0676532539
v -0.0146812174 0.0130086384 0.0676549874
v -0.0146990879 0.0129736921 0.0676601712
v -0.0147179863 0.0129394221 0.0676687554
v -0.0147377359 0.0129061586 0.0676806572
v -0.0147581508 0.0128742218 0.0676957622
v -0.0147790377 0.0128439193 0.0677139248
v -0.0148001978 0.0128155430 0.0677349701
v -0.0148214282 0.0127893662 0.0677586954
v -0.0148425244 0.0127656408 0.0677848723
v -0.0148632818 0.0127445955 0.0678132486
v -0.0148834977 0.0127264329 0.0678435510
v -0.0149029736 0.0127113280 0.0678754878
v -0.0149215173 0.0126994261 0.0679087514
v -0.0149389444 0.0126908419 0.0679430214
v -0.0149550811 0.0126856581 0.0679779677
v -0.0149879243 0.0126439246 0.0680132539
v -0.0150024890 0.0126458507 0.0680524607
v -0.0150151263 0.0126516105 0.0680912900
v -0.0150257070 0.0126611485 0.0681293677
v -0.0150341225 0.0126743728 0.0681663272
v -0.0150402864 0.0126911561 0.0682018126
v -0.0150441349 0.0127113368 0.0682354820
v -0.0150456284 0.0127347204 0.0682670112
v -0.0150447514 0.0127610819 0.0682960966
v -0.0150415130 0.0127901673 0.0683224581
v -0.0150359466 0.0128216965 0.0683458417
v -0.0150281097 0.0128553659 0.0683660224
v -0.0150180830 0.0128908512 0.0683828057
v -0.0150059694 0.0129278107 0.0683960300
v -0.0149918928 0.0129658885 0.0684055680
v -0.0149759968 0.0130047177 0.0684113278
v -0.0149584426 0.0130439246 0.0684132539
v -0.0149394075 0.0130831315 0.0684113278
v -0.0149190826 0.0131219607 0.0684055680
v -0.0148976707 0.0131600385 0.0683960300
v -0.0148753843 0.0131969980 0.0683828057
v -0.0148524430 0.0132324833 0.0683660224
v -0.0148290713 0.0132661527 0.0683458417
v -0.0148054967 0.0132976819 0.0683224581
v -0.0147819465 0.0133267673 0.0682960966
v -0.0147586469 0.0133531288 0.0682670112
v -0.0147358196 0.0133765124 0.0682354820
v -0.0147136807 0.0133966931 0.0682018126
v -0.0146924383 0.0134134764 0.0681663272
v -0.0146722909 0.0134267007 0.0681293677
v -0.0146534256 0.0134362387 0.0680912900
v -0.0146360166 0.0134419985 0.0680524607
v -0.0145886718 0.0134439246 0.0680132539
v -0.0145465762 0.0134419985 0.0679740470
v -0.0145101462 0.0134362387 0.0679352177
v -0.0144797126 0.0134267007 0.0678971400
v -0.0144555505 0.0134134764 0.0678601805
v -0.0144378781 0.0133966931 0.0678246952
v -0.0144268545 0.0133765124 0.0677910258
v -0.0144225787 0.0133531288 0.0677594966
v -0.0144250893 0.0133267673 0.0677304112
v -0.0144343637 0.0132976819 0.0677040497
v -0.0144503185 0.0132661527 0.0676806660
v -0.0144728100 0.0132324833 0.0676604854
v -0.0145016355 0.0131969980 0.0676437021
v -0.0145365343 0.0131600385 0.0676304777
v -0.0145771901 0.0131219607 0.0676209398
v -0.0146232329 0.0130831315 0.0676151800
v -0.0146487474 0.0130439246 0.0676132539
v -0.0146672498 0.0130047177 0.0676151800
v -0.0146870811 0.0129658885 0.0676209398
v -0.0147080571 0.0129278107 0.0676304777
v -0.0147299824 0.0128908512 0.0676437021
v -0.0147526510 0.0128553659 0.0676604854
v -0.0147758489 0.0128216965 0.0676806660
v -0.0147993554 0.0127901673 0.0677040497
v -0.0148229456 0.0127610819 0.0677304112
v -0.0148463920 0.0127347204 0.0677594966
v -0.0148694671 0.0127113368 0.0677910258
v -0.0148919453 0.0126911561 0.0678246952
v -0.0149136056 0.0126743728 0.0678601805
v -0.0149342334 0.0126611485 0.0678971400
v -0.0149536231 0.0126516105 0.0679352177
v -0.0149715804 0.0126458507 0.0679740470
v -0.0150060586 0.0126039246 0.0680132539
v -0.0150221099 0.0126060433 0.0680563814
v -0.0150360390 0.0126123791 0.0680990936
v -0.0150477027 0.0126228709 0.0681409791
v -0.0150569806 0.0126374176 0.0681816346
v -0.0150637765 0.0126558792 0.0682206684
v -0.0150680200 0.0126780780 0.0682577048
v -0.0150696667 0.0127038000 0.0682923869
v -0.0150686997 0.0127327976 0.0683243809
v -0.0150651290 0.0127647916 0.0683533785
v -0.0150589917 0.0127994737 0.0683791005
v -0.0150503516 0.0128365100 0.0684012992
v -0.0150392982 0.0128755439 0.0684197609
v -0.0150259459 0.0129161993 0.0684343076
v -0.0150104319 0.0129580849 0.0684447994
v -0.0149929155 0.0130007971 0.0684511352
v -0.0149735752 0.0130439246 0.0684532539
v -0.0149526071 0.0130870521 0.0684511352
v -0.0149302228 0.0131297643 0.0684447994
v -0.0149066464 0.0131716499 0.0684343076
v -0.0148821124 0.0132123053 0.0684197609
v -0.0148568631 0.0132513392 0.0684012992
v -0.0148311462 0.0132883755 0.0683791005
v -0.0148052117 0.0133230576 0.0683533785
v -0.0147793103 0.0133550516 0.0683243809
v -0.0147536901 0.0133840492 0.0682923869
v -0.0147285950 0.0134097712 0.0682577048
v -0.0147042618 0.0134319700 0.0682206684
v -0.0146809187 0.0134504316 0.0681816346
v -0.0146587833 0.0134649783 0.0681409791
v -0.0146380602 0.0134754701 0.0680990936
v -0.0145848204 0.0134818059 0.0680563814
v -0.0145327938 0.0134839246 0.0680132539
v -0.0144865740 0.0134818059 0.0679701263
v -0.0144465799 0.0134754701 0.0679274141
v -0.0144131721 0.0134649783 0.0678855286
v -0.0143866510 0.0134504316 0.0678448732
v -0.0143672544 0.0134319700 0.0678058393
v -0.0143551557 0.0134097712 0.0677688030
v -0.0143504631 0.0133840492 0.0677341208
v -0.0143532185 0.0133550516 0.0677021269
v -0.0143633972 0.0133230576 0.0676731293
v -0.0143809084 0.0132883755 0.0676474072
v -0.0144055954 0.0132513392 0.0676252085
v -0.0144372371 0.0132123053 0.0676067469
v -0.0144755493 0.0131716499 0.0675922001
v -0.0145201866 0.0131297643 0.0675817084
v -0.0145707452 0.0130870521 0.0675753726
v -0.0146267657 0.0130439246 0.0675732539
v -0.0146532455 0.0130007971 0.0675753726
v -0.0146750325 0.0129580849 0.0675817084
v -0.0146980817 0.0129161993 0.0675922001
v -0.0147221787 0.0128755439 0.0676067469
v -0.0147470980 0.0128365100 0.0676252085
v -0.0147726048 0.0127994737 0.0676474072
v -0.0147984568 0.0127647916 0.0676731293
v -0.0148244067 0.0127327976 0.0677021269
v -0.0148502044 0.0127038000 0.0677341208
v -0.0148755994 0.0126780780 0.0677688030
v -0.0149003431 0.0126558792 0.0678058393
v -0.0149241917 0.0126374176 0.0678448732
v -0.0149469084 0.0126228709 0.0678855286
v -0.0149682659 0.0126123791 0.0679274141
v -0.0149880494 0.0126060433 0.0679701263
v -0.0150241681 0.0125639246 0.0680132539
v -0.0150417115 0.0125662359 0.0680603021
v -0.0150569377 0.0125731477 0.0681068972
v -0.0150696890 0.0125845932 0.0681525905
v -0.0150798331 0.0126004624 0.0681969419
v -0.0150872641 0.0126206024 0.0682395243
v -0.0150919043 0.0126448192 0.0682799276
v -0.0150937051 0.0126728796 0.0683177627
v -0.0150926476 0.0127045133 0.0683526651
v -0.0150887430 0.0127394158 0.0683842989
v -0.0150820321 0.0127772509 0.0684123593
v -0.0150725851 0.0128176542 0.0684365761
v -0.0150605007 0.0128602366 0.0684567161
v -0.0150459045 0.0129045880 0.0684725852
v -0.0150289477 0.0129502812 0.0684840308
v -0.0150098051 0.0129968764 0.0684909425
v -0.0149886730 0.0130439246 0.0684932539
v -0.0149657668 0.0130909728 0.0684909425
v -0.0149413182 0.0131375680 0.0684840308
v -0.0149155730 0.0131832612 0.0684725852
v -0.0148887881 0.0132276126 0.0684567161
v -0.0148612285 0.0132701950 0.0684365761
v -0.0148331649 0.0133105983 0.0684123593
v -0.0148048705 0.0133484334 0.0683842989
v -0.0147766185 0.0133833359 0.0683526651
v -0.0147486797 0.0134149696 0.0683177627
v -0.0147213194 0.0134430300 0.0682799276
v -0.0146947956 0.0134672468 0.0682395243
v -0.0146693563 0.0134873868 0.0681969419
v -0.0146452377 0.0135032560 0.0681525905
v -0.0145959863 0.0135147015 0.0681068972
v -0.0145335089 0.0135216133 0.0680603021
v -0.0144768495 0.0135239246 0.0680132539
v -0.0144265210 0.0135216133 0.0679662056
v -0.0143829767 0.0135147015 0.0679196105
v -0.0143466071 0.0135032560 0.0678739172
v -0.0143177371 0.0134873868 0.0678295658
v -0.0142966238 0.0134672468 0.0677869834
v -0.0142834550 0.0134430300 0.0677465802
v -0.0142783475 0.0134149696 0.0677087451
v -0.0142813465 0.0133833359 0.0676738426
v -0.0142924255 0.0133484334 0.0676422089
v -0.0143114861 0.0133105983 0.0676141485
v -0.0143383591 0.0132701950 0.0675899317
v -0.0143728053 0.0132276126 0.0675697917
v -0.0144145172 0.0131832612 0.0675539225
v -0.0144631210 0.0131375680 0.0675424769
v -0.0145181796 0.0130909728 0.0675355652
v -0.0145791952 0.0130439246 0.0675332539
v -0.0146392045 0.0129968764 0.0675355652
v -0.0146629423 0.0129502812 0.0675424769
v -0.0146880600 0.0129045880 0.0675539225
v -0.0147143250 0.0128602366 0.0675697917
v -0.0147414920 0.0128176542 0.0675899317
v -0.0147693056 0.0127772509 0.0676141485
v -0.0147975019 0.0127394158 0.0676422089
v -0.0148258115 0.0127045133 0.0676738426
v -0.0148539616 0.0126728796 0.0677087451
v -0.0148816785 0.0126448192 0.0677465802
v -0.0149086909 0.0126206024 0.0677869834
v -0.0149347318 0.0126004624 0.0678295658
v -0.0149595420 0.0125845932 0.0678739172
v -0.0149828726 0.0125731477 0.0679196105
v -0.0150044879 0.0125662359 0.0679662056
v -0.0150641681 0.0125639246 0.0680132539
v -0.0150817115 0.0125662359 0.0680603021
v -0.0150969377 0.0125731477 0.0681068972
v -0.0151096890 0.0125845932 0.0681525905
v -0.0151198331 0.0126004624 0.0681969419
v -0.0151272641 0.0126206024 0.0682395243
v -0.0151319043 0.0126448192 0.0682799276
v -0.0151337051 0.0126728796 0.0683177627
v -0.0151326476 0.0127045133 0.0683526651
v -0.0151287430 0.0127394158 0.0683842989
v -0.0151220321 0.0127772509 0.0684123593
v -0.0151125851 0.0128176542 0.0684365761
v -0.0151005007 0.0128602366 0.0684567161
v -0.0150859045 0.0129045880 0.0684725852
v -0.0150689477 0.0129502812 0.0684840308
v -0.0150498051 0.0129968764 0.0684909425
v -0.0150286730 0.0130439246 0.0684932539
v -0.0150057668 0.0130909728 0.0684909425
v -0.0149813182 0.0131375680 0.0684840308
v -0.0149555730 0.0131832612 0.0684725852
v -0.0149287881 0.0132276126 0.0684567161
v -0.0149012285 0.0132701950 0.0684365761
v -0.0148731649 0.0133105983 0.0684123593
v -0.0148448705 0.0133484334 0.0683842989
v -0.0148166185 0.0133833359 0.0683526651
v -0.0147886797 0.0134149696 0.0683177627
v -0.0147613194 0.0134430300 0.0682799276
v -0.0147347956 0.0134672468 0.0682395243
v -0.0147093563 0.0134873868 0.0681969419
v -0.0146852377 0.0135032560 0.0681525905
v -0.0146359863 0.0135147015 0.0681068972
v -0.0145735089 0.0135216133 0.0680603021
v -0.0145168495 0.0135239246 0.0680132539
v -0.0144665210 0.0135216133 0.0679662056
v -0.0144229767 0.0135147015 0.0679196105
v -0.0143866071 0.0135032560 0.0678739172
v -0.0143577371 0.0134873868 0.0678295658
v -0.0143366238 0.0134672468 0.0677869834
v -0.0143234550 0.0134430300 0.0677465802
v -0.0143183475 0.0134149696 0.0677087451
v -0.0143213465 0.0133833359 0.0676738426
v -0.0143324255 0.0133484334 0.0676422089
v -0.0143514861 0.0133105983 0.0676141485
v -0.0143783591 0.0132701950 0.0675899317
v -0.0144128053 0.0132276126 0.0675697917
v -0.0144545172 0.0131832612 0.0675539225
v -0.0145031210 0.0131375680 0.0675424769
v -0.0145581796 0.0130909728 0.0675355652
v -0.0146191952 0.0130439246 0.0675332539
v -0.0146792045 0.0129968764 0.0675355652
v -0.0147029423 0.0129502812 0.0675424769
v -0.0147280600 0.0129045880 0.0675539225
v -0.0147543250 0.0128602366 0.0675697917
v -0.0147814920 0.0128176542 0.0675899317
v -0.0148093056 0.0127772509 0.0676141485
v -0.0148375019 0.0127394158 0.0676422089
v -0.0148658115 0.0127045133 0.0676738426
v -0.0148939616 0.0126728796 0.0677087451
v -0.0149216785 0.0126448192 0.0677465802
v -0.0149486909 0.0126206024 0.0677869834
v -0.0149747318 0.0126004624 0.0678295658
v -0.0149995420 0.0125845932 0.0678739172
v -0.0150228726 0.0125731477 0.0679196105
v -0.0150444879 0.0125662359 0.0679662056
v -0.0150460586 0.0126039246 0.0680132539
v -0.0150621099 0.0126060433 0.0680563814
v -0.0150760390 0.0126123791 0.0680990936
v -0.0150877027 0.0126228709 0.0681409791
v -0.0150969806 0.0126374176 0.0681816346
v -0.0151037765 0.0126558792 0.0682206684
v -0.0151080200 0.0126780780 0.0682577048
v -0.0151096667 0.0127038000 0.0682923869
v -0.0151086997 0.0127327976 0.0683243809
v -0.0151051290 0.0127647916 0.0683533785
v -0.0150989917 0.0127994737 0.0683791005
v -0.0150903516 0.0128365100 0.0684012992
v -0.0150792982 0.0128755439 0.0684197609
v -0.0150659459 0.0129161993 0.0684343076
v -0.0150504319 0.0129580849 0.0684447994
v -0.0150329155 0.0130007971 0.0684511352
v -0.0150135752 0.0130439246 0.0684532539
v -0.0149926071 0.0130870521 0.0684511352
v -0.0149702228 0.0131297643 0.0684447994
v -0.0149466464 0.0131716499 0.0684343076
v -0.0149221124 0.0132123053 0.0684197609
v -0.0148968631 0.0132513392 0.0684012992
v -0.0148711462 0.0132883755 0.0683791005
v -0.0148452117 0.0133230576 0.0683533785
v -0.0148193103 0.0133550516 0.0683243809
v -0.0147936901 0.0133840492 0.0682923869
v -0.0147685950 0.0134097712 0.0682577048
v -0.0147442618 0.0134319700 0.0682206684
v -0.0147209187 0.0134504316 0.0681816346
v -0.0146987833 0.0134649783 0.0681409791
v -0.0146780602 0.0134754701 0.0680990936
v -0.0146248204 0.0134818059 0.0680563814
v -0.0145727938 0.0134839246 0.0680132539
v -0.0145265740 0.0134818059 0.0679701263
v -0.0144865799 0.0134754701 0.0679274141
v -0.0144531721 0.0134649783 0.0678855286
v -0.0144266510 0.0134504316 0.0678448732
v -0.0144072544 0.0134319700 0.0678058393
v -0.0143951557 0.0134097712 0.0677688030
v -0.0143904631 0.0133840492 0.0677341208
v -0.0143932185 0.0133550516 0.0677021269
v -0.0144033972 0.0133230576 0.0676731293
v -0.0144209084 0.0132883755 0.0676474072
v -0.0144455954 0.0132513392 0.0676252085
v -0.0144772371 0.0132123053 0.0676067469
v -0.0145155493 0.0131716499 0.0675922001
v -0.0145601866 0.0131297643 0.0675817084
v -0.0146107452 0.0130870521 0.0675753726
v -0.0146667657 0.0130439246 0.0675732539
v -0.0146932455 0.0130007971 0.0675753726
v -0.0147150325 0.0129580849 0.0675817084
v -0.0147380817 0.0129161993 0.0675922001
v -0.0147621787 0.0128755439 0.0676067469
v -0.0147870980 0.0128365100 0.0676252085
v -0.0148126048 0.0127994737 0.0676474072
v -0.0148384568 0.0127647916 0.0676731293
v -0.0148644067 0.0127327976 0.0677021269
v -0.0148902044 0.0127038000 0.0677341208
v -0.0149155994 0.0126780780 0.0677688030
v -0.0149403431 0.0126558792 0.0678058393
v -0.0149641917 0.0126374176 0.0678448732
v -0.0149869084 0.0126228709 0.0678855286
v -0.0150082659 0.0126123791 0.0679274141
v -0.0150280494 0.0126060433 0.0679701263
v -0.0150279243 0.0126439246 0.0680132539
v -0.0150424890 0.0126458507 0.0680524607
v -0.0150551263 0.0126516105 0.0680912900
v -0.0150657070 0.0126611485 0.0681293677
v -0.0150741225 0.0126743728 0.0681663272
v -0.0150802864 0.0126911561 0.0682018126
v -0.0150841349 0.0127113368 0.0682354820
v -0.0150856284 0.0127347204 0.0682670112
v -0.0150847514 0.0127610819 0.0682960966
v -0.0150815130 0.0127901673 0.0683224581
v -0.0150759466 0.0128216965 0.0683458417
v -0.0150681097 0.0128553659 0.0683660224
v -0.0150580830 0.0128908512 0.0683828057
v -0.0150459694 0.0129278107 0.0683960300
v -0.0150318928 0.0129658885 0.0684055680
v -0.0150159968 0.0130047177 0.0684113278
v -0.0149984426 0.0130439246 0.0684132539
v -0.0149794075 0.0130831315 0.0684113278
v -0.0149590826 0.0131219607 0.0684055680
v -0.0149376707 0.0131600385 0.0683960300
v -0.0149153843 0.0131969980 0.0683828057
v -0.0148924430 0.0132324833 0.0683660224
v -0.0148690713 0.0132661527 0.0683458417
v -0.0148454967 0.0132976819 0.0683224581
v -0.0148219465 0.0133267673 0.0682960966
v -0.0147986469 0.0133531288 0.0682670112
v -0.0147758196 0.0133765124 0.0682354820
v -0.0147536807 0.0133966931 0.0682018126
v -0.0147324383 0.0134134764 0.0681663272
v -0.0147122909 0.0134267007 0.0681293677
v -0.0146934256 0.0134362387 0.0680912900
v -0.0146760166 0.0134419985 0.0680524607
v -0.0146286718 0.0134439246 0.0680132539
v -0.0145865762 0.0134419985 0.0679740470
v -0.0145501462 0.0134362387 0.0679352177
v -0.0145197126 0.0134267007 0.0678971400
v -0.0144955505 0.0134134764 0.0678601805
v -0.0144778781 0.0133966931 0.0678246952
v -0.0144668545 0.0133765124 0.0677910258
v -0.0144625787 0.0133531288 0.0677594966
v -0.0144650893 0.0133267673 0.0677304112
v -0.0144743637 0.0132976819 0.0677040497
v -0.0144903185 0.0132661527 0.0676806660
v -0.0145128100 0.0132324833 0.0676604854
v -0.0145416355 0.0131969980 0.0676437021
v -0.0145765343 0.0131600385 0.0676304777
v -0.0146171901 0.0131219607 0.0676209398
v -0.0146632329 0.0130831315 0.0676151800
v -0.0146887474 0.0130439246 0.0676132539
v -0.0147072498 0.0130047177 0.0676151800
v -0.0147270811 0.0129658885 0.0676209398
v -0.0147480571 0.0129278107 0.0676304777
v -0.0147699824 0.0128908512 0.0676437021
v -0.0147926510 0.0128553659 0.0676604854
v -0.0148158489 0.0128216965 0.0676806660
v -0.0148393554 0.0127901673 0.0677040497
v -0.0148629456 0.0127610819 0.0677304112
v -0.0148863920 0.0127347204 0.0677594966
v -0.0149094671 0.0127113368 0.0677910258
v -0.0149319453 0.0126911561 0.0678246952
v -0.0149536056 0.0126743728 0.0678601805
v -0.0149742334 0.0126611485 0.0678971400
v -0.0149936231 0.0126516105 0.0679352177
v -0.0150115804 0.0126458507 0.0679740470
v -0.0150097652 0.0126839246 0.0680132539
v -0.0150228489 0.0126856581 0.0680485400
v -0.0150341996 0.0126908419 0.0680834864
v -0.0150437019 0.0126994261 0.0681177564
v -0.0150512590 0.0127113280 0.0681510199
v -0.0150567936 0.0127264329 0.0681829567
v -0.0150602491 0.0127445955 0.0682132592
v -0.0150615900 0.0127656408 0.0682416355
v -0.0150608026 0.0127893662 0.0682678123
v -0.0150578950 0.0128155430 0.0682915376
v -0.0150528969 0.0128439193 0.0683125829
v -0.0150458596 0.0128742218 0.0683307455
v -0.0150368550 0.0129061586 0.0683458505
v -0.0150259751 0.0129394221 0.0683577524
v -0.0150133304 0.0129736921 0.0683663366
v -0.0149990492 0.0130086384 0.0683715204
v -0.0149832755 0.0130439246 0.0683732539
v -0.0149661680 0.0130792108 0.0683715204
v -0.0149478976 0.0131141571 0.0683663366
v -0.0149286461 0.0131484271 0.0683577524
v -0.0149086039 0.0131816906 0.0683458505
v -0.0148879681 0.0132136274 0.0683307455
v -0.0148669404 0.0132439299 0.0683125829
v -0.0148457252 0.0132723062 0.0682915376
v -0.0148245272 0.0132984830 0.0682678123
v -0.0148035498 0.0133222084 0.0682416355
v -0.0147829932 0.0133432537 0.0682132592
v -0.0147630523 0.0133614163 0.0681829567
v -0.0147439148 0.0133765212 0.0681510199
v -0.0147257603 0.0133884231 0.0681177564
v -0.0147087580 0.0133970073 0.0680834864
v -0.0146930655 0.0134021911 0.0680485400
v -0.0146788278 0.0134039246 0.0680132539
v -0.0146465271 0.0134021911 0.0679779677
v -0.0146136755 0.0133970073 0.0679430214
v -0.0145862284 0.0133884231 0.0679087514
v -0.0145644356 0.0133765212 0.0678754878
v -0.0145484951 0.0133614163 0.0678435510
v -0.0145385513 0.0133432537 0.0678132486
v -0.0145346943 0.0133222084 0.0677848723
v -0.0145369590 0.0132984830 0.0677586954
v -0.0145453250 0.0132723062 0.0677349701
v -0.0145597164 0.0132439299 0.0677139248
v -0.0145800028 0.0132136274 0.0676957622
v -0.0146060002 0.0131816906 0.0676806572
v -0.0146374720 0.0131484271 0.0676687554
v -0.0146741312 0.0131141571 0.0676601712
v -0.0146892141 0.0130792108 0.0676549874
v -0.0147045413 0.0130439246 0.0676532539
v -0.0147212174 0.0130086384 0.0676549874
v -0.0147390879 0.0129736921 0.0676601712
v -0.0147579863 0.0129394221 0.0676687554
v -0.0147777359 0.0129061586 0.0676806572
v -0.0147981508 0.0128742218 0.0676957622
v -0.0148190377 0.0128439193 0.0677139248
v -0.0148401978 0.0128155430 0.0677349701
v -0.0148614282 0.0127893662 0.0677586954
v -0.0148825244 0.0127656408 0.0677848723
v -0.0149032818 0.0127445955 0.0678132486
v -0.0149234977 0.0127264329 0.0678435510
v -0.0149429736 0.0127113280 0.0678754878
v -0.0149615173 0.0126994261 0.0679087514
v -0.0149789444 0.0126908419 0.0679430214
v -0.0149950811 0.0126856581 0.0679779677
v -0.0149915817 0.0127239246 0.0680132539
v -0.0150031898 0.0127254655 0.0680446194
v -0.0150132590 0.0127300733 0.0680756828
v -0.0150216875 0.0127377037 0.0681061450
v -0.0150283899 0.0127482831 0.0681357126
v -0.0150332983 0.0127617098 0.0681641008
v -0.0150363626 0.0127778543 0.0681910363
v -0.0150375517 0.0127965613 0.0682162597
v -0.0150368534 0.0128176504 0.0682395280
v -0.0150342750 0.0128409187 0.0682606172
v -0.0150298425 0.0128661421 0.0682793242
v -0.0150236012 0.0128930776 0.0682954687
v -0.0150156144 0.0129214659 0.0683088953
v -0.0150059632 0.0129510335 0.0683194748
v -0.0149947449 0.0129814957 0.0683271052
v -0.0149820728 0.0130125591 0.0683317130
v -0.0149680741 0.0130439246 0.0683332539
v -0.0149528888 0.0130752901 0.0683317130
v -0.0149366680 0.0131063535 0.0683271052
v -0.0149195727 0.0131368157 0.0683194748
v -0.0149017713 0.0131663833 0.0683088953
v -0.0148834386 0.0131947716 0.0682954687
v -0.0148647535 0.0132217071 0.0682793242
v -0.0148458973 0.0132469304 0.0682606172
v -0.0148270522 0.0132701988 0.0682395280
v -0.0148083990 0.0132912879 0.0682162597
v -0.0147901158 0.0133099949 0.0681910363
v -0.0147723764 0.0133261394 0.0681641008
v -0.0147553482 0.0133395660 0.0681357126
v -0.0147391915 0.0133501455 0.0681061450
v -0.0147240573 0.0133577759 0.0680756828
v -0.0147100868 0.0133623837 0.0680446194
v -0.0146974093 0.0133639246 0.0680132539
v -0.0146861422 0.0133623837 0.0679818884
v -0.0146763892 0.0133577759 0.0679508250
v -0.0146527194 0.0133501455 0.0679203628
v -0.0146333061 0.0133395660 0.0678907952
v -0.0146191052 0.0133261394 0.0678624069
v -0.0146102462 0.0133099949 0.0678354714
v -0.0146068099 0.0132912879 0.0678102480
v -0.0146088276 0.0132701988 0.0677869797
v -0.0146162809 0.0132469304 0.0677658905
v -0.0146291020 0.0132217071 0.0677471836
v -0.0146471737 0.0131947716 0.0677310391
v -0.0146703311 0.0131663833 0.0677176124
v -0.0146834540 0.0131368157 0.0677070330
v -0.0146943365 0.0131063535 0.0676994026
v -0.0147066576 0.0130752901 0.0676947948
v -0.0147203036 0.0130439246 0.0676932539
v -0.0147351480 0.0130125591 0.0676947948
v -0.0147510527 0.0129814957 0.0676994026
v -0.0147678691 0.0129510335 0.0677070330
v -0.0147854393 0.0129214659 0.0677176124
v -0.0148035974 0.0128930776 0.0677310391
v -0.0148221713 0.0128661421 0.0677471836
v -0.0148409838 0.0128409187 0.0677658905
v -0.0148598546 0.0128176504 0.0677869797
v -0.0148786018 0.0127965613 0.0678102480
v -0.0148970436 0.0127778543 0.0678354714
v -0.0149150003 0.0127617098 0.0678624069
v -0.0149322959 0.0127482831 0.0678907952
v -0.0149487601 0.0127377037 0.0679203628
v -0.0149642299 0.0127300733 0.0679508250
v -0.0149785515 0.0127254655 0.0679818884
v -0.0149733737 0.0127639246 0.0680132539
v -0.0149835117 0.0127652729 0.0680406987
v -0.0149923046 0.0127693047 0.0680678792
v -0.0149996638 0.0127759813 0.0680945336
v -0.0150055154 0.0127852383 0.0681204052
v -0.0150098003 0.0127969866 0.0681452450
v -0.0150124753 0.0128111131 0.0681688135
v -0.0150135133 0.0128274817 0.0681908840
v -0.0150129038 0.0128459347 0.0682112438
v -0.0150106530 0.0128662945 0.0682296968
v -0.0150067835 0.0128883649 0.0682460654
v -0.0150013347 0.0129119335 0.0682601918
v -0.0149943613 0.0129367732 0.0682719401
v -0.0149859337 0.0129626449 0.0682811972
v -0.0149761365 0.0129892993 0.0682878738
v -0.0149650679 0.0130164798 0.0682919056
v -0.0149528385 0.0130439246 0.0682932539
v -0.0149395700 0.0130713694 0.0682919056
v -0.0149253940 0.0130985499 0.0682878738
v -0.0149104506 0.0131252043 0.0682811972
v -0.0148948866 0.0131510760 0.0682719401
v -0.0148788545 0.0131759157 0.0682601918
v -0.0148625105 0.0131994843 0.0682460654
v -0.0148460131 0.0132215547 0.0682296968
v -0.0148295215 0.0132419145 0.0682112438
v -0.0148131942 0.0132603675 0.0681908840
v -0.0147971872 0.0132767361 0.0681688135
v -0.0147816528 0.0132908626 0.0681452450
v -0.0147667383 0.0133026109 0.0681204052
v -0.0147525842 0.0133118679 0.0680945336
v -0.0147393235 0.0133185445 0.0680678792
v -0.0147270802 0.0133225763 0.0680406987
v -0.0147159684 0.0133239246 0.0680132539
v -0.0147060914 0.0133225763 0.0679858091
v -0.0146975407 0.0133185445 0.0679586286
v -0.0146903951 0.0133118679 0.0679319742
v -0.0146847206 0.0133026109 0.0679061025
v -0.0146805694 0.0132908626 0.0678812628
v -0.0146779797 0.0132767361 0.0678576942
v -0.0146769751 0.0132603675 0.0678356238
v -0.0146775650 0.0132419145 0.0678152640
v -0.0146797438 0.0132215547 0.0677968109
v -0.0146834917 0.0131994843 0.0677804424
v -0.0146887742 0.0131759157 0.0677663159
v -0.0146955426 0.0131510760 0.0677545676
v -0.0147037347 0.0131252043 0.0677453106
v -0.0147132748 0.0130985499 0.0677386340
v -0.0147240747 0.0130713694 0.0677346022
v -0.0147360340 0.0130439246 0.0677332539
v -0.0147490415 0.0130164798 0.0677346022
v -0.0147629755 0.0129892993 0.0677386340
v -0.0147777054 0.0129626449 0.0677453106
v -0.0147930923 0.0129367732 0.0677545676
v -0.0148089907 0.0129119335 0.0677663159
v -0.0148252496 0.0128883649 0.0677804424
v -0.0148417136 0.0128662945 0.0677968109
v -0.0148582248 0.0128459347 0.0678152640
v -0.0148746241 0.0128274817 0.0678356238
v -0.0148907525 0.0128111131 0.0678576942
v -0.0149064532 0.0127969866 0.0678812628
v -0.0149215726 0.0127852383 0.0679061025
v -0.0149359621 0.0127759813 0.0679319742
v -0.0149494798 0.0127693047 0.0679586286
v -0.0149619918 0.0127652729 0.0679858091
v -0.0149551413 0.0128039246 0.0680132539
v -0.0149638149 0.0128050803 0.0680367780
v -0.0149713364 0.0128085361 0.0680600756
v -0.0149776310 0.0128142589 0.0680829222
v -0.0149826355 0.0128221935 0.0681050979
v -0.0149862999 0.0128322635 0.0681263891
v -0.0149885873 0.0128443719 0.0681465907
v -0.0149894749 0.0128584021 0.0681655083
v -0.0149889537 0.0128742190 0.0681829595
v -0.0149870290 0.0128916702 0.0681987764
v -0.0149837200 0.0129105877 0.0682128066
v -0.0149790600 0.0129307894 0.0682249150
v -0.0149730957 0.0129520806 0.0682349850
v -0.0149658868 0.0129742563 0.0682429196
v -0.0149575052 0.0129971029 0.0682486423
v -0.0149480345 0.0130204005 0.0682520982
v -0.0149375688 0.0130439246 0.0682532539
v -0.0149262119 0.0130674487 0.0682520982
v -0.0149140758 0.0130907463 0.0682486423
v -0.0149012800 0.0131135929 0.0682429196
v -0.0148879499 0.0131357686 0.0682349850
v -0.0148742159 0.0131570598 0.0682249150
v -0.0148602115 0.0131772615 0.0682128066
v -0.0148460724 0.0131961790 0.0681987764
v -0.0148319351 0.0132136302 0.0681829595
v -0.0148179354 0.0132294471 0.0681655083
v -0.0148042072 0.0132434773 0.0681465907
v -0.0147908816 0.0132555857 0.0681263891
v -0.0147780849 0.0132656557 0.0681050979
v -0.0147659384 0.0132735903 0.0680829222
v -0.0147545563 0.0132793131 0.0680600756
v -0.0147440457 0.0132827689 0.0680367780
v -0.0147345050 0.0132839246 0.0680132539
v -0.0147260233 0.0132827689 0.0679897298
v -0.0147186796 0.0132793131 0.0679664322
v -0.0147125420 0.0132735903 0.0679435856
v -0.0147076676 0.0132656557 0.0679214099
v -0.0147041015 0.0132555857 0.0679001187
v -0.0147018767 0.0132434773 0.0678799170
v -0.0147010136 0.0132294471 0.0678609995
v -0.0147015204 0.0132136302 0.0678435482
v -0.0147033923 0.0131961790 0.0678277314
v -0.0147066119 0.0131772615 0.0678137012
v -0.0147111497 0.0131570598 0.0678015928
v -0.0147169634 0.0131357686 0.0677915228
v -0.0147239994 0.0131135929 0.0677835882
v -0.0147321921 0.0130907463 0.0677778654
v -0.0147414653 0.0130674487 0.0677744095
v -0.0147517326 0.0130439246 0.0677732539
v -0.0147628977 0.0130204005 0.0677744095
v -0.0147748561 0.0129971029 0.0677778654
v -0.0147874949 0.0129742563 0.0677835882
v -0.0148006949 0.0129520806 0.0677915228
v -0.0148143307 0.0129307894 0.0678015928
v -0.0148282725 0.0129105877 0.0678137012
v -0.0148423870 0.0128916702 0.0678277314
v -0.0148565388 0.0128742190 0.0678435482
v -0.0148705914 0.0128584021 0.0678609995
v -0.0148844088 0.0128443719 0.0678799170
v -0.0148978566 0.0128322635 0.0679001187
v -0.0149108038 0.0128221935 0.0679214099
v -0.0149231233 0.0128142589 0.0679435856
v -0.0149346942 0.0128085361 0.0679664322
v -0.0149454022 0.0128050803 0.0679897298
v -0.0149368849 0.0128439246 0.0680132539
v -0.0149440993 0.0128448877 0.0680328573
v -0.0149503547 0.0128477675 0.0680522719
v -0.0149555890 0.0128525365 0.0680713108
v -0.0149597502 0.0128591487 0.0680897906
v -0.0149627969 0.0128675403 0.0681075332
v -0.0149646986 0.0128776307 0.0681243679
v -0.0149654365 0.0128893225 0.0681401325
v -0.0149650032 0.0129025032 0.0681546752
v -0.0149634030 0.0129170459 0.0681678560
v -0.0149606519 0.0129328106 0.0681795478
v -0.0149567773 0.0129496453 0.0681896381
v -0.0149518177 0.0129673879 0.0681980298
v -0.0149458225 0.0129858677 0.0682046419
v -0.0149388512 0.0130049065 0.0682094109
v -0.0149309728 0.0130243212 0.0682122908
v -0.0149222653 0.0130439246 0.0682132539
v -0.0149128145 0.0130635280 0.0682122908
v -0.0149027133 0.0130829427 0.0682094109
v -0.0148920609 0.0131019815 0.0682046419
v -0.0148809614 0.0131204613 0.0681980298
v -0.0148695229 0.0131382039 0.0681896381
v -0.0148578566 0.0131550386 0.0681795478
v -0.0148460754 0.0131708033 0.0681678560
v -0.0148342929 0.0131853460 0.0681546752
v -0.0148226225 0.0131985267 0.0681401325
v -0.0148111759 0.0132102185 0.0681243679
v -0.0148000625 0.0132203089 0.0681075332
v -0.0147893880 0.0132287005 0.0680897906
v -0.0147792538 0.0132353127 0.0680713108
v -0.0147697556 0.0132400817 0.0680522719
v -0.0147609832 0.0132429615 0.0680328573
v -0.0147530190 0.0132439246 0.0680132539
v -0.0147459377 0.0132429615 0.0679936504
v -0.0147398058 0.0132400817 0.0679742358
v -0.0147346805 0.0132353127 0.0679551969
v -0.0147306097 0.0132287005 0.0679367172
v -0.0147276313 0.0132203089 0.0679189745
v -0.0147257730 0.0132102185 0.0679021398
v -0.0147250521 0.0131985267 0.0678863752
v -0.0147254754 0.0131853460 0.0678718325
v -0.0147270389 0.0131708033 0.0678586518
v -0.0147297280 0.0131550386 0.0678469600
v -0.0147335177 0.0131382039 0.0678368696
v -0.0147383728 0.0131204613 0.0678284780
v -0.0147442478 0.0131019815 0.0678218658
v -0.0147510880 0.0130829427 0.0678170968
v -0.0147588293 0.0130635280 0.0678142169
v -0.0147673990 0.0130439246 0.0678132539
v -0.0147767166 0.0130243212 0.0678142169
v -0.0147866942 0.0130049065 0.0678170968
v -0.0147972377 0.0129858677 0.0678218658
v -0.0148082468 0.0129673879 0.0678284780
v -0.0148196171 0.0129496453 0.0678368696
v -0.0148312400 0.0129328106 0.0678469600
v -0.0148430041 0.0129170459 0.0678586518
v -0.0148547966 0.0129025032 0.0678718325
v -0.0148665038 0.0128893225 0.0678863752
v -0.0148780124 0.0128776307 0.0679021398
v -0.0148892107 0.0128675403 0.0679189745
v -0.0148999896 0.0128591487 0.0679367172
v -0.0149102440 0.0128525365 0.0679551969
v -0.0149198733 0.0128477675 0.0679742358
v -0.0149287829 0.0128448877 0.0679936504
v -0.0149186043 0.0128839246 0.0680132539
v -0.0149243651 0.0128846950 0.0680289366
v -0.0149293594 0.0128869990 0.0680444683
v -0.0149335380 0.0128908141 0.0680596994
v -0.0149368596 0.0128961039 0.0680744832
v -0.0149392913 0.0129028172 0.0680886774
v -0.0149408092 0.0129108895 0.0681021451
v -0.0149413981 0.0129202429 0.0681147568
v -0.0149410523 0.0129307875 0.0681263910
v -0.0149397752 0.0129424217 0.0681369355
v -0.0149375793 0.0129550334 0.0681462890
v -0.0149344865 0.0129685011 0.0681543613
v -0.0149305274 0.0129826952 0.0681610746
v -0.0149257410 0.0129974791 0.0681663643
v -0.0149201745 0.0130127101 0.0681701795
v -0.0149138829 0.0130282419 0.0681724834
v -0.0149069280 0.0130439246 0.0681732539
v -0.0148993780 0.0130596073 0.0681724834
v -0.0148913070 0.0130751391 0.0681701795
v -0.0148827937 0.0130903701 0.0681663643
v -0.0148739211 0.0131051539 0.0681610746
v -0.0148647756 0.0131193481 0.0681543613
v -0.0148554458 0.0131328158 0.0681462890
v -0.0148460220 0.0131454275 0.0681369355
v -0.0148365950 0.0131570617 0.0681263910
v -0.0148272555 0.0131676063 0.0681147568
v -0.0148180930 0.0131769597 0.0681021451
v -0.0148091954 0.0131850320 0.0680886774
v -0.0148006473 0.0131917453 0.0680744832
v -0.0147925303 0.0131970351 0.0680596994
v -0.0147849213 0.0132008502 0.0680444683
v -0.0147778924 0.0132031542 0.0680289366
v -0.0147715101 0.0132039246 0.0680132539
v -0.0147658346 0.0132031542 0.0679975711
v -0.0147609193 0.0132008502 0.0679820394
v -0.0147568105 0.0131970351 0.0679668083
v -0.0147535468 0.0131917453 0.0679520245
v -0.0147511587 0.0131850320 0.0679378304
v -0.0147496686 0.0131769597 0.0679243626
v -0.0147490906 0.0131676063 0.0679117509
v -0.0147494300 0.0131570617 0.0679001168
v -0.0147506837 0.0131454275 0.0678895722
v -0.0147528398 0.0131328158 0.0678802187
v -0.0147558783 0.0131193481 0.0678721465
v -0.0147597705 0.0131051539 0.0678654331
v -0.0147644801 0.0130903701 0.0678601434
v -0.0147699625 0.0130751391 0.0678563282
v -0.0147761664 0.0130596073 0.0678540243
v -0.0147830331 0.0130439246 0.0678532539
v -0.0147904979 0.0130282419 0.0678540243
v -0.0147984899 0.0130127101 0.0678563282
v -0.0148069334 0.0129974791 0.0678601434
v -0.0148157482 0.0129826952 0.0678654331
v -0.0148248500 0.0129685011 0.0678721465
v -0.0148341520 0.0129550334 0.0678802187
v -0.0148435649 0.0129424217 0.0678895722
v -0.0148529983 0.0129307875 0.0679001168
v -0.0148623613 0.0129202429 0.0679117509
v -0.0148715634 0.0129108895 0.0679243626
v -0.0148805154 0.0129028172 0.0679378304
v -0.0148891304 0.0128961039 0.0679520245
v -0.0148973243 0.0128908141 0.0679668083
v -0.0149050172 0.0128869990 0.0679820394
v -0.0149121339 0.0128846950 0.0679975711
v -0.0149002999 0.0129239246 0.0680132539
v -0.0149046124 0.0129245024 0.0680250159
v -0.0149083507 0.0129262304 0.0680366647
v -0.0149114780 0.0129290918 0.0680480880
v -0.0149139637 0.0129330591 0.0680591759
v -0.0149157833 0.0129380940 0.0680698215
v -0.0149169191 0.0129441482 0.0680799223
v -0.0149173597 0.0129511633 0.0680893811
v -0.0149171010 0.0129590718 0.0680981067
v -0.0149161453 0.0129677974 0.0681060151
v -0.0149145022 0.0129772562 0.0681130302
v -0.0149121878 0.0129873570 0.0681190844
v -0.0149092248 0.0129980026 0.0681241194
v -0.0149056423 0.0130090904 0.0681280867
v -0.0149014754 0.0130205138 0.0681309481
v -0.0148967650 0.0130321625 0.0681326760
v -0.0148915571 0.0130439246 0.0681332539
v -0.0148859026 0.0130556867 0.0681326760
v -0.0148798567 0.0130673354 0.0681309481
v -0.0148734782 0.0130787588 0.0681280867
v -0.0148668292 0.0130898466 0.0681241194
v -0.0148599740 0.0131004922 0.0681190844
v -0.0148529792 0.0131105930 0.0681130302
v -0.0148459122 0.0131200518 0.0681060151
v -0.0148388412 0.0131287774 0.0680981067
v -0.0148318342 0.0131366859 0.0680893811
v -0.0148249586 0.0131437010 0.0680799223
v -0.0148182801 0.0131497552 0.0680698215
v -0.0148118628 0.0131547901 0.0680591759
v -0.0148057678 0.0131587574 0.0680480880
v -0.0148000531 0.0131616188 0.0680366647
v -0.0147947733 0.0131633468 0.0680250159
v -0.0147899784 0.0131639246 0.0680132539
v -0.0147857138 0.0131633468 0.0680014918
v -0.0147820200 0.0131616188 0.0679898430
v -0.0147789320 0.0131587574 0.0679784197
v -0.0147764788 0.0131547901 0.0679673319
v -0.0147746837 0.0131497552 0.0679566863
v -0.0147735636 0.0131437010 0.0679465854
v -0.0147731291 0.0131366859 0.0679371267
v -0.0147733842 0.0131287774 0.0679284011
v -0.0147743266 0.0131200518 0.0679204926
v -0.0147759474 0.0131105930 0.0679134775
v -0.0147782313 0.0131004922 0.0679074233
v -0.0147811567 0.0130898466 0.0679023883
v -0.0147846959 0.0130787588 0.0678984210
v -0.0147888156 0.0130673354 0.0678955596
v -0.0147934766 0.0130556867 0.0678938317
v -0.0147986349 0.0130439246 0.0678932539
v -0.0148042414 0.0130321625 0.0678938317
v -0.0148102429 0.0130205138 0.0678955596
v -0.0148165821 0.0130090904 0.0678984210
v -0.0148231987 0.0129980026 0.0679023883
v -0.0148300293 0.0129873570 0.0679074233
v -0.0148370085 0.0129772562 0.0679134775
v -0.0148440693 0.0129677974 0.0679204926
v -0.0148511439 0.0129590718 0.0679284011
v -0.0148581641 0.0129511633 0.0679371267
v -0.0148650621 0.0129441482 0.0679465854
v -0.0148717711 0.0129380940 0.0679566863
v -0.0148782261 0.0129330591 0.0679673319
v -0.0148843643 0.0129290918 0.0679784197
v -0.0148901262 0.0129262304 0.0679898430
v -0.0148954554 0.0129245024 0.0680014918
v -0.0148819717 0.0129639246 0.0680132539
v -0.0148848413 0.0129643098 0.0680210952
v -0.0148873285 0.0129654618 0.0680288611
v -0.0148894090 0.0129673694 0.0680364766
v -0.0148910625 0.0129700142 0.0680438685
v -0.0148922728 0.0129733709 0.0680509656
v -0.0148930282 0.0129774070 0.0680576995
v -0.0148933213 0.0129820838 0.0680640053
v -0.0148931492 0.0129873561 0.0680698224
v -0.0148925136 0.0129931731 0.0680750947
v -0.0148914207 0.0129994790 0.0680797714
v -0.0148898812 0.0130062129 0.0680838076
v -0.0148879101 0.0130133099 0.0680871642
v -0.0148855266 0.0130207018 0.0680898091
v -0.0148827539 0.0130283174 0.0680917167
v -0.0148796192 0.0130360832 0.0680928687
v -0.0148761528 0.0130439246 0.0680932539
v -0.0148723885 0.0130517660 0.0680928687
v -0.0148683628 0.0130595318 0.0680917167
v -0.0148641148 0.0130671474 0.0680898091
v -0.0148596857 0.0130745393 0.0680871642
v -0.0148551183 0.0130816363 0.0680838076
v -0.0148504567 0.0130883702 0.0680797714
v -0.0148457460 0.0130946761 0.0680750947
v -0.0148410315 0.0131004931 0.0680698224
v -0.0148363587 0.0131057654 0.0680640053
v -0.0148317724 0.0131104422 0.0680576995
v -0.0148273167 0.0131144783 0.0680509656
v -0.0148230342 0.0131178350 0.0680438685
v -0.0148189660 0.0131204798 0.0680364766
v -0.0148151511 0.0131223874 0.0680288611
v -0.0148116257 0.0131235394 0.0680210952
v -0.0148084236 0.0131239246 0.0680132539
v -0.0148055753 0.0131235394 0.0680054125
v -0.0148031078 0.0131223874 0.0679976466
v -0.0148010448 0.0131204798 0.0679900311
v -0.0147994058 0.0131178350 0.0679826392
v -0.0147982063 0.0131144783 0.0679755421
v -0.0147974579 0.0131104422 0.0679688083
v -0.0147971675 0.0131057654 0.0679625024
v -0.0147973380 0.0131004931 0.0679566853
v -0.0147979678 0.0130946761 0.0679514130
v -0.0147990507 0.0130883702 0.0679467363
v -0.0148005767 0.0130816363 0.0679427002
v -0.0148025311 0.0130745393 0.0679393435
v -0.0148048953 0.0130671474 0.0679366986
v -0.0148076470 0.0130595318 0.0679347911
v -0.0148107598 0.0130517660 0.0679336391
v -0.0148142042 0.0130439246 0.0679332539
v -0.0148179472 0.0130360832 0.0679336391
v -0.0148219531 0.0130283174 0.0679347911
v -0.0148261836 0.0130207018 0.0679366986
v -0.0148305983 0.0130133099 0.0679393435
v -0.0148351548 0.0130062129 0.0679427002
v -0.0148398094 0.0129994790 0.0679467363
v -0.0148445174 0.0129931731 0.0679514130
v -0.0148492335 0.0129873561 0.0679566853
v -0.0148539122 0.0129820838 0.0679625024
v -0.0148585084 0.0129774070 0.0679688083
v -0.0148629777 0.0129733709 0.0679755421
v -0.0148672769 0.0129700142 0.0679826392
v -0.0148713643 0.0129673694 0.0679900311
v -0.0148752002 0.0129654618 0.0679976466
v -0.0148787475 0.0129643098 0.0680054125
v -0.0148636198 0.0130039246 0.0680132539
v -0.0148650520 0.0130041172 0.0680171746
v -0.0148662931 0.0130046932 0.0680210575
v -0.0148673311 0.0130056470 0.0680248653
v -0.0148681561 0.0130069694 0.0680285612
v -0.0148687599 0.0130086477 0.0680321097
v -0.0148691367 0.0130106658 0.0680354767
v -0.0148692829 0.0130130042 0.0680386296
v -0.0148691970 0.0130156403 0.0680415381
v -0.0148688800 0.0130185489 0.0680441743
v -0.0148683348 0.0130217018 0.0680465127
v -0.0148675667 0.0130250687 0.0680485307
v -0.0148665833 0.0130286173 0.0680502091
v -0.0148653939 0.0130323132 0.0680515315
v -0.0148640102 0.0130361210 0.0680524853
v -0.0148624456 0.0130400039 0.0680530613
v -0.0148607152 0.0130439246 0.0680532539
v -0.0148588357 0.0130478453 0.0680530613
v -0.0148568253 0.0130517282 0.0680524853
v -0.0148547035 0.0130555360 0.0680515315
v -0.0148524907 0.0130592319 0.0680502091
v -0.0148502084 0.0130627805 0.0680485307
v -0.0148478784 0.0130661474 0.0680465127
v -0.0148455234 0.0130693003 0.0680441743
v -0.0148431660 0.0130722089 0.0680415381
v -0.0148408288 0.0130748450 0.0680386296
v -0.0148385344 0.0130771834 0.0680354767
v -0.0148363048 0.0130792014 0.0680321097
v -0.0148341615 0.0130808798 0.0680285612
v -0.0148321250 0.0130822022 0.0680248653
v -0.0148302149 0.0130831560 0.0680210575
v -0.0148284495 0.0130837320 0.0680171746
v -0.0148268456 0.0130839246 0.0680132539
v -0.0148254188 0.0130837320 0.0680093332
v -0.0148241827 0.0130831560 0.0680054503
v -0.0148231490 0.0130822022 0.0680016425
v -0.0148223277 0.0130808798 0.0679979465
v -0.0148217266 0.0130792014 0.0679943980
v -0.0148213515 0.0130771834 0.0679910311
v -0.0148212060 0.0130748450 0.0679878781
v -0.0148212914 0.0130722089 0.0679849696
v -0.0148216070 0.0130693003 0.0679823335
v -0.0148221498 0.0130661474 0.0679799951
v -0.0148229144 0.0130627805 0.0679779770
v -0.0148238937 0.0130592319 0.0679762987
v -0.0148250782 0.0130555360 0.0679749763
v -0.0148264567 0.0130517282 0.0679740225
v -0.0148280158 0.0130478453 0.0679734465
v -0.0148297407 0.0130439246 0.0679732539
v -0.0148316149 0.0130400039 0.0679734465
v -0.0148336203 0.0130361210 0.0679740225
v -0.0148357378 0.0130323132 0.0679749763
v -0.0148379469 0.0130286173 0.0679762987
v -0.0148402266 0.0130250687 0.0679779770
v -0.0148425548 0.0130217018 0.0679799951
v -0.0148449091 0.0130185489 0.0679823335
v -0.0148472670 0.0130156403 0.0679849696
v -0.0148496056 0.0130130042 0.0679878781
v -0.0148519025 0.0130106658 0.0679910311
v -0.0148541355 0.0130086477 0.0679943980
v -0.0148562830 0.0130069694 0.0679979465
v -0.0148583243 0.0130056470 0.0680016425
v -0.0148602396 0.0130046932 0.0680054503
v -0.0148620105 0.0130041172 0.0680093332
v -0.0148452444 0.0130439246 0.0680132539
vn 0.85711090 -0.39399463 0.33185710
vn 0.85710097 -0.39350258 0.33246602
vn 0.85710152 -0.39356249 0.33239368
vn 0.85710242 -0.39362630 0.33231578
vn 0.85710367 -0.39369347 0.33223299
vn 0.85710526 -0.39376341 0.33214598
vn 0.85710716 -0.39383559 0.33205548
vn 0.85710932 -0.39390949 0.33196225
vn 0.85711163 -0.39398459 0.33186714
vn 0.85711394 -0.39406043 0.33177111
vn 0.85711609 -0.39413647 0.33167522
vn 0.85711787 -0.39421215 0.33158068
vn 0.85711911 -0.39428676 0.33148875
vn 0.85711968 -0.39435949 0.33140074
vn 0.85711953 -0.39442941 0.33131791
vn 0.85711869 -0.39449547 0.33124142
vn 0.85711728 -0.39455661 0.33117222
vn 0.85711552 -0.39461179 0.33111104
vn 0.85711366 -0.39466007 0.33105832
vn 0.85711196 -0.39470070 0.33101427
vn 0.85711066 -0.39473318 0.33097890
vn 0.85710994 -0.39475726 0.33095204
vn 0.85710988 -0.39477293 0.33093349
vn 0.85711047 -0.39478040 0.33092306
vn 0.85711161 -0.39478001 0.33092059
vn 0.85711313 -0.39477216 0.33092601
vn 0.85711483 -0.39475728 0.33093935
vn 0.85711654 -0.39473574 0.33096063
vn 0.85711808 -0.39470787 0.33098987
vn 0.85711935 -0.39467396 0.33102702
vn 0.85712027 -0.39463428 0.33107194
vn 0.85712081 -0.39458912 0.33112437
vn 0.85712096 -0.39453879 0.33118393
vn 0.85712074 -0.39448369 0.33125015
vn 0.85712014 -0.39442424 0.33132247
vn 0.85711918 -0.39436095 0.33140028
vn 0.85711788 -0.39429432 0.33148293
vn 0.85711624 -0.39422490 0.33156972
vn 0.85711431 -0.39415322 0.33165993
vn 0.85711214 -0.39407977 0.33175279
vn 0.85710985 -0.39400504 0.33184745
vn 0.85710757 -0.39392953 0.33194296
vn 0.85710549 -0.39385375 0.33203826
vn 0.85710377 -0.39377828 0.33213219
vn 0.85710259 -0.39370382 0.33222349
vn 0.85710207 -0.39363118 0.33231090
vn 0.85710225 -0.39356130 0.33239319
vn 0.85710310 -0.39349521 0.33246924
vn 0.85710449 -0.39343397 0.33253813
vn 0.85710622 -0.39337861 0.33259915
vn 0.85710804 -0.39333007 0.33265187
vn 0.85710970 -0.39328907 0.33269607
vn 0.85711095 -0.39325615 0.33273174
vn 0.85711164 -0.39323157 0.33275901
vn 0.85711168 -0.39321536 0.33277807
vn 0.85711109 -0.39320732 0.33278909
vn 0.85710997 -0.39320716 0.33279218
vn 0.85710847 -0.39321449 0.33278737
vn 0.85710680 -0.39322891 0.33277464
vn 0.85710513 -0.39325009 0.33275391
vn 0.85710362 -0.39327771 0.33272516
vn 0.85710238 -0.39331149 0.33268841
vn 0.85710148 -0.39335119 0.33264381
vn 0.85710094 -0.39339650 0.33259160
vn 0.85710077 -0.39344710 0.33253218
vn 0.85710261 -0.39299524 0.33306133
vn 0.85710323 -0.39311650 0.33291662
vn 0.85710414 -0.39324603 0.33276126
vn 0.85710534 -0.39338262 0.33259667
vn 0.85710685 -0.39352500 0.33242432
vn 0.85710863 -0.39367189 0.33224576
vn 0.85711063 -0.39382204 0.33206261
vn 0.85711275 -0.39397417 0.33187662
vn 0.85711485 -0.39412706 0.33168962
vn 0.85711674 -0.39427939 0.33150361
vn 0.85711826 -0.39442984 0.33132068
vn 0.85711923 -0.39457694 0.33114296
vn 0.85711955 -0.39471915 0.33097261
vn 0.85711919 -0.39485482 0.33081167
vn 0.85711822 -0.39498228 0.33066200
vn 0.85711678 -0.39509987 0.33052522
vn 0.85711509 -0.39520606 0.33040263
vn 0.85711341 -0.39529948 0.33029521
vn 0.85711197 -0.39537906 0.33020367
vn 0.85711098 -0.39544401 0.33012845
vn 0.85711057 -0.39549388 0.33006980
vn 0.85711075 -0.39552847 0.33002788
vn 0.85711146 -0.39554783 0.33000280
vn 0.85711259 -0.39555220 0.32999466
vn 0.85711395 -0.39554187 0.33000351
vn 0.85711537 -0.39551720 0.33002937
vn 0.85711671 -0.39547860 0.33007216
vn 0.85711784 -0.39542648 0.33013165
vn 0.85711870 -0.39536133 0.33020744
vn 0.85711925 -0.39528370 0.33029895
vn 0.85711948 -0.39519423 0.33040538
vn 0.85711940 -0.39509371 0.33052578
vn 0.85711902 -0.39498300 0.33065905
vn 0.85711835 -0.39486312 0.33080393
vn 0.85711739 -0.39473515 0.33095911
vn 0.85711614 -0.39460025 0.33112318
vn 0.85711461 -0.39445961 0.33129468
vn 0.85711282 -0.39431444 0.33147208
vn 0.85711083 -0.39416594 0.33165377
vn 0.85710876 -0.39401532 0.33183808
vn 0.85710673 -0.39386377 0.33202318
vn 0.85710490 -0.39371256 0.33220718
vn 0.85710346 -0.39356301 0.33238806
vn 0.85710255 -0.39341653 0.33256377
vn 0.85710226 -0.39327466 0.33273226
vn 0.85710262 -0.39313902 0.33289159
vn 0.85710357 -0.39301127 0.33303995
vn 0.85710497 -0.39289305 0.33317581
vn 0.85710661 -0.39278592 0.33329788
vn 0.85710825 -0.39269126 0.33340519
vn 0.85710966 -0.39261019 0.33349704
vn 0.85711063 -0.39254355 0.33357297
vn 0.85711105 -0.39249190 0.33363267
vn 0.85711088 -0.39245547 0.33367594
vn 0.85711019 -0.39243431 0.33370261
vn 0.85710909 -0.39242827 0.33371254
vn 0.85710775 -0.39243710 0.33370559
vn 0.85710634 -0.39246051 0.33368168
vn 0.85710502 -0.39249814 0.33364082
vn 0.85710389 -0.39254961 0.33358315
vn 0.85710304 -0.39261447 0.33350901
vn 0.85710248 -0.39269219 0.33341893
vn 0.85710223 -0.39278210 0.33331365
vn 0.85710228 -0.39288343 0.33319409
vn 0.85710422 -0.39248544 0.33365783
vn 0.85710488 -0.39266835 0.33344084
vn 0.85710577 -0.39286396 0.33320804
vn 0.85710692 -0.39307037 0.33296159
vn 0.85710832 -0.39328557 0.33270375
vn 0.85710997 -0.39350757 0.33243690
vn 0.85711181 -0.39373434 0.33216354
vn 0.85711375 -0.39396385 0.33188629
vn 0.85711563 -0.39419407 0.33160794
vn 0.85711730 -0.39442294 0.33133138
vn 0.85711857 -0.39464831 0.33105962
vn 0.85711930 -0.39486799 0.33079569
vn 0.85711940 -0.39507966 0.33054258
vn 0.85711888 -0.39528101 0.33030313
vn 0.85711782 -0.39546971 0.33007992
vn 0.85711640 -0.39564354 0.32987524
vn 0.85711483 -0.39580048 0.32969099
vn 0.85711336 -0.39593878 0.32952871
vn 0.85711221 -0.39605703 0.32938958
vn 0.85711152 -0.39615418 0.32927453
vn 0.85711136 -0.39622955 0.32918423
vn 0.85711172 -0.39628278 0.32911922
vn 0.85711248 -0.39631377 0.32907992
vn 0.85711352 -0.39632258 0.32906661
vn 0.85711466 -0.39630944 0.32907945
vn 0.85711577 -0.39627468 0.32911843
vn 0.85711672 -0.39621872 0.32918331
vn 0.85711746 -0.39614211 0.32927358
vn 0.85711793 -0.39604555 0.32938848
vn 0.85711815 -0.39592987 0.32952695
vn 0.85711812 -0.39579612 0.32968767
vn 0.85711786 -0.39564549 0.32986910
vn 0.85711737 -0.39547939 0.33006950
vn 0.85711666 -0.39529935 0.33028694
vn 0.85711572 -0.39510705 0.33051940
vn 0.85711453 -0.39490427 0.33076472
vn 0.85711311 -0.39469283 0.33102066
vn 0.85711147 -0.39447462 0.33128492
vn 0.85710967 -0.39425151 0.33155506
vn 0.85710780 -0.39402539 0.33182857
vn 0.85710600 -0.39379820 0.33210281
vn 0.85710443 -0.39357191 0.33237502
vn 0.85710323 -0.39334856 0.33264239
vn 0.85710255 -0.39313029 0.33290207
vn 0.85710246 -0.39291933 0.33315127
vn 0.85710297 -0.39271798 0.33338731
vn 0.85710398 -0.39252853 0.33360775
vn 0.85710534 -0.39235320 0.33381042
vn 0.85710685 -0.39219407 0.33399349
vn 0.85710828 -0.39205297 0.33415544
vn 0.85710943 -0.39193141 0.33429508
vn 0.85711013 -0.39183059 0.33441145
vn 0.85711031 -0.39175134 0.33450382
vn 0.85710999 -0.39169418 0.33457156
vn 0.85710925 -0.39165939 0.33461417
vn 0.85710824 -0.39164704 0.33463124
vn 0.85710710 -0.39165702 0.33462247
vn 0.85710599 -0.39168914 0.33458772
vn 0.85710502 -0.39174305 0.33452707
vn 0.85710427 -0.39181830 0.33444085
vn 0.85710378 -0.39191425 0.33432968
vn 0.85710354 -0.39203007 0.33419447
vn 0.85710354 -0.39216475 0.33403642
vn 0.85710377 -0.39231702 0.33385698
vn 0.85710577 -0.39197314 0.33425554
vn 0.85710645 -0.39221803 0.33396639
vn 0.85710731 -0.39248008 0.33365617
vn 0.85710838 -0.39275667 0.33332779
vn 0.85710968 -0.39304510 0.33298430
vn 0.85711119 -0.39334260 0.33262892
vn 0.85711288 -0.39364637 0.33226503
vn 0.85711463 -0.39395360 0.33189618
vn 0.85711631 -0.39426146 0.33152606
vn 0.85711776 -0.39456708 0.33115851
vn 0.85711881 -0.39486755 0.33079747
vn 0.85711932 -0.39515987 0.33044688
vn 0.85711925 -0.39544102 0.33011058
vn 0.85711861 -0.39570796 0.32979221
vn 0.85711752 -0.39595775 0.32949510
vn 0.85711616 -0.39618762 0.32922219
vn 0.85711476 -0.39639509 0.32897602
vn 0.85711353 -0.39657801 0.32875869
vn 0.85711266 -0.39673466 0.32857192
vn 0.85711224 -0.39686374 0.32841709
vn 0.85711229 -0.39696435 0.32829533
vn 0.85711275 -0.39703593 0.32820756
vn 0.85711350 -0.39707821 0.32815445
vn 0.85711438 -0.39709114 0.32813650
vn 0.85711527 -0.39707484 0.32815391
vn 0.85711603 -0.39702965 0.32820659
vn 0.85711661 -0.39695603 0.32829411
vn 0.85711696 -0.39685470 0.32841568
vn 0.85711709 -0.39672656 0.32857012
vn 0.85711702 -0.39657277 0.32875591
vn 0.85711677 -0.39639475 0.32897120
vn 0.85711635 -0.39619415 0.32921384
vn 0.85711578 -0.39597286 0.32948146
vn 0.85711506 -0.39573294 0.32977146
vn 0.85711416 -0.39547666 0.33008110
vn 0.85711306 -0.39520639 0.33040749
vn 0.85711176 -0.39492459 0.33074764
vn 0.85711027 -0.39463377 0.33109843
vn 0.85710865 -0.39433648 0.33145665
vn 0.85710698 -0.39403530 0.33181894
vn 0.85710540 -0.39373286 0.33218185
vn 0.85710405 -0.39343182 0.33254182
vn 0.85710307 -0.39313495 0.33289523
vn 0.85710260 -0.39284510 0.33323846
vn 0.85710266 -0.39256519 0.33356797
vn 0.85710326 -0.39229818 0.33388042
vn 0.85710429 -0.39204699 0.33417271
vn 0.85710558 -0.39181441 0.33444207
vn 0.85710693 -0.39160304 0.33468608
vn 0.85710813 -0.39141515 0.33490271
vn 0.85710901 -0.39125269 0.33509024
vn 0.85710947 -0.39111720 0.33524722
vn 0.85710946 -0.39100984 0.33537246
vn 0.85710903 -0.39093145 0.33546491
vn 0.85710831 -0.39088256 0.33552372
vn 0.85710743 -0.39086347 0.33554822
vn 0.85710653 -0.39087427 0.33553793
vn 0.85710573 -0.39091485 0.33549269
vn 0.85710512 -0.39098489 0.33541262
vn 0.85710473 -0.39108383 0.33529824
vn 0.85710458 -0.39121086 0.33515043
vn 0.85710463 -0.39136486 0.33497045
vn 0.85710485 -0.39154443 0.33475995
vn 0.85710524 -0.39174786 0.33452090
vn 0.85710725 -0.39145832 0.33485451
vn 0.85710794 -0.39176549 0.33449331
vn 0.85710876 -0.39209433 0.33410568
vn 0.85710975 -0.39244150 0.33369529
vn 0.85711093 -0.39280356 0.33326599
vn 0.85711230 -0.39317696 0.33282184
vn 0.85711383 -0.39355811 0.33236711
vn 0.85711541 -0.39394340 0.33190627
vn 0.85711690 -0.39432920 0.33144397
vn 0.85711815 -0.39471182 0.33098499
vn 0.85711899 -0.39508754 0.33053422
vn 0.85711933 -0.39545259 0.33009650
vn 0.85711912 -0.39580321 0.32967656
vn 0.85711841 -0.39613567 0.32927884
vn 0.85711734 -0.39644642 0.32890744
vn 0.85711609 -0.39673215 0.32856599
vn 0.85711488 -0.39698992 0.32825764
vn 0.85711391 -0.39721723 0.32798510
vn 0.85711330 -0.39741203 0.32775063
vn 0.85711311 -0.39757276 0.32755611
vn 0.85711332 -0.39769831 0.32740312
vn 0.85711382 -0.39778792 0.32729293
vn 0.85711449 -0.39784115 0.32722648
vn 0.85711517 -0.39785783 0.32720441
vn 0.85711576 -0.39783803 0.32722694
vn 0.85711618 -0.39778206 0.32729388
vn 0.85711639 -0.39769050 0.32740459
vn 0.85711639 -0.39756421 0.32755793
vn 0.85711620 -0.39740435 0.32775234
vn 0.85711587 -0.39721241 0.32798580
vn 0.85711543 -0.39699017 0.32825591
vn 0.85711490 -0.39673972 0.32855995
vn 0.85711428 -0.39646345 0.32889488
vn 0.85711356 -0.39616395 0.32925744
vn 0.85711272 -0.39584404 0.32964418
vn 0.85711171 -0.39550668 0.33005148
vn 0.85711054 -0.39515492 0.33047559
vn 0.85710920 -0.39479193 0.33091260
vn 0.85710775 -0.39442090 0.33135851
vn 0.85710627 -0.39404507 0.33180917
vn 0.85710489 -0.39366774 0.33226032
vn 0.85710374 -0.39329230 0.33270759
vn 0.85710297 -0.39292219 0.33314660
vn 0.85710265 -0.39256098 0.33357296
vn 0.85710284 -0.39221225 0.33398244
vn 0.85710349 -0.39187962 0.33437100
vn 0.85710449 -0.39156663 0.33473492
vn 0.85710567 -0.39127665 0.33507082
vn 0.85710683 -0.39101278 0.33537573
vn 0.85710780 -0.39077777 0.33564706
vn 0.85710844 -0.39057398 0.33588256
vn 0.85710867 -0.39040334 0.33608029
vn 0.85710851 -0.39026738 0.33623857
vn 0.85710804 -0.39016726 0.33635595
vn 0.85710737 -0.39010382 0.33643121
vn 0.85710666 -0.39007761 0.33646342
vn 0.85710602 -0.39008891 0.33645195
vn 0.85710555 -0.39013770 0.33639658
vn 0.85710529 -0.39022369 0.33629748
vn 0.85710525 -0.39034623 0.33615534
vn 0.85710541 -0.39050432 0.33597128
vn 0.85710572 -0.39069656 0.33574691
vn 0.85710615 -0.39092115 0.33548429
vn 0.85710666 -0.39117592 0.33518589
vn 0.85710867 -0.39094093 0.33545478
vn 0.85710935 -0.39131071 0.33502162
vn 0.85711012 -0.39170668 0.33455660
vn 0.85711101 -0.39212482 0.33406412
vn 0.85711207 -0.39256091 0.33354884
vn 0.85711331 -0.39301061 0.33301567
vn 0.85711468 -0.39346953 0.33246978
vn 0.85711609 -0.39393324 0.33191658
vn 0.85711740 -0.39439727 0.33136166
vn 0.85711847 -0.39485713 0.33081079
vn 0.85711915 -0.39530827 0.33026981
vn 0.85711934 -0.39574614 0.32974450
vn 0.85711903 -0.39616623 0.32924045
vn 0.85711830 -0.39656416 0.32876296
vn 0.85711729 -0.39693574 0.32831687
vn 0.85711618 -0.39727717 0.32790654
vn 0.85711519 -0.39758504 0.32753578
vn 0.85711447 -0.39785649 0.32720789
vn 0.85711410 -0.39808919 0.32692570
vn 0.85711411 -0.39828130 0.32669162
vn 0.85711441 -0.39843148 0.32650765
vn 0.85711490 -0.39853877 0.32637540
vn 0.85711543 -0.39860258 0.32629607
vn 0.85711588 -0.39862263 0.32627039
vn 0.85711616 -0.39859894 0.32629859
vn 0.85711623 -0.39853186 0.32638034
vn 0.85711608 -0.39842207 0.32651474
vn 0.85711575 -0.39827061 0.32670033
vn 0.85711529 -0.39807891 0.32693511
vn 0.85711473 -0.39784878 0.32721658
vn 0.85711413 -0.39758237 0.32754178
vn 0.85711351 -0.39728223 0.32790739
vn 0.85711286 -0.39695121 0.32830973
vn 0.85711217 -0.39659242 0.32874486
vn 0.85711139 -0.39620923 0.32920862
vn 0.85711049 -0.39580516 0.32969667
vn 0.85710944 -0.39538387 0.33020448
vn 0.85710825 -0.39494914 0.33072741
vn 0.85710697 -0.39450478 0.33126066
vn 0.85710567 -0.39405471 0.33179928
vn 0.85710447 -0.39360288 0.33233823
vn 0.85710350 -0.39315336 0.33287237
vn 0.85710289 -0.39271030 0.33339654
vn 0.85710271 -0.39227792 0.33390564
vn 0.85710298 -0.39186049 0.33439473
vn 0.85710364 -0.39146228 0.33485912
vn 0.85710458 -0.39108743 0.33529444
vn 0.85710562 -0.39073988 0.33569675
vn 0.85710659 -0.39042324 0.33606249
vn 0.85710732 -0.39014075 0.33638851
vn 0.85710773 -0.38989521 0.33667205
vn 0.85710778 -0.38968896 0.33691064
vn 0.85710751 -0.38952392 0.33710212
vn 0.85710702 -0.38940161 0.33724462
vn 0.85710646 -0.38932319 0.33733658
vn 0.85710594 -0.38928948 0.33737679
vn 0.85710558 -0.38930095 0.33736448
vn 0.85710543 -0.38935771 0.33729935
vn 0.85710551 -0.38945947 0.33718164
vn 0.85710580 -0.38960551 0.33701216
vn 0.85710625 -0.38979463 0.33679226
vn 0.85710680 -0.39002514 0.33652388
vn 0.85710741 -0.39029487 0.33620947
vn 0.85710803 -0.39060116 0.33585198
vn 0.85711003 -0.39042095 0.33605636
vn 0.85711069 -0.39085362 0.33555135
vn 0.85711139 -0.39131710 0.33500895
vn 0.85711218 -0.39180659 0.33443430
vn 0.85711312 -0.39231711 0.33383286
vn 0.85711422 -0.39284352 0.33321042
vn 0.85711543 -0.39338061 0.33257304
vn 0.85711668 -0.39392309 0.33192708
vn 0.85711784 -0.39446567 0.33127911
vn 0.85711874 -0.39500300 0.33063589
vn 0.85711927 -0.39552973 0.33000422
vn 0.85711936 -0.39604052 0.32939082
vn 0.85711900 -0.39653012 0.32880221
vn 0.85711828 -0.39699345 0.32824450
vn 0.85711736 -0.39742576 0.32772334
vn 0.85711643 -0.39782272 0.32724380
vn 0.85711566 -0.39818049 0.32681039
vn 0.85711518 -0.39849587 0.32642704
vn 0.85711503 -0.39876619 0.32609715
vn 0.85711518 -0.39898937 0.32582365
vn 0.85711553 -0.39916383 0.32560896
vn 0.85711595 -0.39928844 0.32545504
vn 0.85711631 -0.39936244 0.32536328
vn 0.85711650 -0.39938547 0.32533451
vn 0.85711647 -0.39935753 0.32536890
vn 0.85711620 -0.39927901 0.32546597
vn 0.85711571 -0.39915072 0.32562457
vn 0.85711507 -0.39897391 0.32584286
vn 0.85711435 -0.39875026 0.32611842
vn 0.85711360 -0.39848190 0.32644823
vn 0.85711287 -0.39817141 0.32682878
vn 0.85711218 -0.39782172 0.32725614
vn 0.85711153 -0.39743617 0.32772598
vn 0.85711087 -0.39701839 0.32823369
vn 0.83222871 -0.41864630 0.36349780
vn 0.77463136 -0.51467725 0.36749637
vn 0.73358240 -0.55917009 0.38624561
vn 0.70886530 -0.57287035 0.41149673
vn 0.69634750 -0.56905807 0.43734776
vn 0.69375361 -0.55433371 0.45980438
vn 0.70056745 -0.53249492 0.47503095
vn 0.71783216 -0.50638440 0.47779894
vn 0.74808804 -0.47907330 0.45918739
vn 0.79419812 -0.45479020 0.40300771
vn 0.84399237 -0.40626428 0.35018025
vn 0.85710371 -0.39104613 0.33534481
vn 0.85710456 -0.39060935 0.33585133
vn 0.85710544 -0.39020405 0.33631989
vn 0.85710620 -0.38983438 0.33674638
vn 0.85710671 -0.38950406 0.33712708
vn 0.85710691 -0.38921635 0.33745869
vn 0.85710681 -0.38897405 0.33773823
vn 0.85710647 -0.38877947 0.33796305
vn 0.85710602 -0.38863452 0.33813087
vn 0.85710558 -0.38854071 0.33823977
vn 0.85710528 -0.38849913 0.33828829
vn 0.85710520 -0.38851046 0.33827549
vn 0.85710536 -0.38857493 0.33820101
vn 0.85710577 -0.38869227 0.33806510
vn 0.85710638 -0.38886168 0.33786870
vn 0.85710710 -0.38908177 0.33761338
vn 0.85710788 -0.38935059 0.33730137
vn 0.85710864 -0.38966556 0.33693551
vn 0.85710936 -0.39002356 0.33651920
vn 0.85711133 -0.38989831 0.33665928
vn 0.85711196 -0.39039420 0.33608252
vn 0.85711258 -0.39092553 0.33546275
vn 0.85711327 -0.39148677 0.33480584
vn 0.85711408 -0.39207214 0.33411807
vn 0.85711504 -0.39267568 0.33340609
vn 0.85711611 -0.39329132 0.33267689
vn 0.85711721 -0.39391295 0.33193778
vn 0.85711821 -0.39453438 0.33119632
vn 0.85711897 -0.39514944 0.33046026
vn 0.85711939 -0.39575194 0.32973741
vn 0.85711939 -0.39633575 0.32903544
vn 0.85711902 -0.39689487 0.32836177
vn 0.85711835 -0.39742358 0.32772341
vn 0.85711756 -0.39791651 0.32712679
vn 0.85711682 -0.39836884 0.32657774
vn 0.85711628 -0.39877633 0.32608147
vn 0.85711602 -0.39913538 0.32564256
vn 0.85711605 -0.39944305 0.32526501
vn 0.85711630 -0.39969698 0.32495225
vn 0.85711666 -0.39989538 0.32470713
vn 0.85711697 -0.40003691 0.32453191
vn 0.85711713 -0.40012071 0.32442818
vn 0.85711705 -0.40014632 0.32439680
vn 0.85711669 -0.40011376 0.32443790
vn 0.85711609 -0.40002348 0.32455081
vn 0.85711528 -0.39987644 0.32473408
vn 0.85711436 -0.39967409 0.32498552
vn 0.85711341 -0.39941839 0.32530225
vn 0.85711249 -0.39911182 0.32568073
vn 0.85711165 -0.39875730 0.32611690
vn 0.85711092 -0.39835823 0.32660618
vn 0.82772556 -0.42997960 0.36053840
vn 0.75809719 -0.55651524 0.33996977
vn 0.68957704 -0.55364285 0.46686518
vn 0.59057191 -0.57107004 0.57017877
vn 0.54586944 -0.62436702 0.55874178
vn 0.51703426 -0.65219168 0.55436594
vn 0.49986222 -0.66402104 0.55606998
vn 0.49177647 -0.66701419 0.55968561
vn 0.49151828 -0.66532538 0.56191807
vn 0.49921345 -0.66179385 0.55929851
vn 0.51646687 -0.65898045 0.54681508
vn 0.54662186 -0.65985692 0.51555154
vn 0.65492811 -0.58342363 0.48029786
vn 0.76806457 -0.48245007 0.42109233
vn 0.85270920 -0.39381720 0.34321282
vn 0.85710515 -0.38966911 0.33694027
vn 0.85710570 -0.38924614 0.33742741
vn 0.85710601 -0.38886766 0.33786276
vn 0.85710602 -0.38853739 0.33824245
vn 0.85710580 -0.38825860 0.33856301
vn 0.85710542 -0.38803404 0.33882131
vn 0.85710503 -0.38786602 0.33901463
vn 0.85710474 -0.38775641 0.33914073
vn 0.85710466 -0.38770658 0.33919788
vn 0.85710486 -0.38771745 0.33918496
vn 0.85710534 -0.38778936 0.33910152
vn 0.85710607 -0.38792208 0.33894785
vn 0.85710697 -0.38811473 0.33872497
vn 0.85710795 -0.38836574 0.33843465
vn 0.85710893 -0.38867287 0.33807940
vn 0.85710984 -0.38903318 0.33766242
vn 0.85711064 -0.38944306 0.33718757
vn 0.85711258 -0.38937299 0.33726354
vn 0.85711317 -0.38993239 0.33661513
vn 0.85711371 -0.39053193 0.33591800
vn 0.85711429 -0.39116532 0.33517874
vn 0.85711497 -0.39182596 0.33440447
vn 0.85711578 -0.39250704 0.33360269
vn 0.85711671 -0.39320165 0.33278132
vn 0.85711766 -0.39390278 0.33194866
vn 0.85711853 -0.39460340 0.33111326
vn 0.85711917 -0.39529645 0.33028389
vn 0.85711950 -0.39597490 0.32946934
vn 0.85711946 -0.39663183 0.32867830
vn 0.85711909 -0.39726052 0.32791911
vn 0.85711851 -0.39785456 0.32719965
vn 0.85711787 -0.39840802 0.32652719
vn 0.85711733 -0.39891558 0.32590834
vn 0.85711701 -0.39937257 0.32534902
vn 0.85711695 -0.39977506 0.32485448
vn 0.85711713 -0.40011978 0.32442932
vn 0.85711745 -0.40040413 0.32407747
vn 0.85711777 -0.40062608 0.32380221
vn 0.85711795 -0.40078415 0.32360607
vn 0.85711789 -0.40087733 0.32349080
vn 0.85711752 -0.40090514 0.32345730
vn 0.85711685 -0.40086760 0.32350561
vn 0.85711592 -0.40076525 0.32363485
vn 0.85711481 -0.40059921 0.32384328
vn 0.85711363 -0.40037116 0.32412831
vn 0.85711246 -0.40008333 0.32448660
vn 0.85711139 -0.39973854 0.32491408
vn 0.85711047 -0.39934009 0.32540611
vn 0.81531854 -0.44727148 0.36770083
vn 0.70191715 -0.56034381 0.43968981
vn 0.56690714 -0.60906422 0.55466844
vn 0.50044142 -0.66812289 0.55060892
vn 0.48550615 -0.67330456 0.55762420
vn 0.48501543 -0.67236101 0.55918754
vn 0.48501368 -0.67126304 0.56050661
vn 0.48501048 -0.67014086 0.56185056
vn 0.48500606 -0.66900349 0.56320818
vn 0.48500132 -0.66786003 0.56456771
vn 0.48499760 -0.66672019 0.56591653
vn 0.48499612 -0.66559458 0.56724123
vn 0.48499761 -0.66449456 0.56852818
vn 0.48500205 -0.66343193 0.56976407
vn 0.50962974 -0.65570365 0.55707293
vn 0.68014683 -0.56072015 0.47222155
vn 0.82377619 -0.41606897 0.38507064
vn 0.85710512 -0.38865852 0.33810557
vn 0.85710522 -0.38823153 0.33859551
vn 0.85710508 -0.38785832 0.33902330
vn 0.85710477 -0.38754262 0.33938495
vn 0.85710438 -0.38728765 0.33967685
vn 0.85710406 -0.38709614 0.33989587
vn 0.85710393 -0.38697032 0.34003943
vn 0.85710409 -0.38691189 0.34010552
vn 0.85710457 -0.38692197 0.34009286
vn 0.85710535 -0.38700105 0.34000089
vn 0.85710639 -0.38714893 0.33982989
vn 0.85710757 -0.38736466 0.33958097
vn 0.85710880 -0.38764652 0.33925607
vn 0.85710997 -0.38799198 0.33885797
vn 0.85711101 -0.38839771 0.33839022
vn 0.85711188 -0.38885963 0.33785709
vn 0.85711379 -0.38884494 0.33786915
vn 0.85711433 -0.38946815 0.33714920
vn 0.85711478 -0.39013627 0.33637470
vn 0.85711524 -0.39084221 0.33555302
vn 0.85711579 -0.39157854 0.33469206
vn 0.85711646 -0.39233760 0.33380021
vn 0.85711724 -0.39311158 0.33288634
vn 0.85711806 -0.39389260 0.33195971
vn 0.85711880 -0.39467272 0.33102991
vn 0.85711935 -0.39544402 0.33010673
vn 0.85711960 -0.39619862 0.32920000
vn 0.85711954 -0.39692879 0.32831939
vn 0.85711922 -0.39762708 0.32747419
vn 0.85711875 -0.39828643 0.32667319
vn 0.85711827 -0.39890033 0.32592452
vn 0.85711794 -0.39946296 0.32523558
vn 0.85711783 -0.39996925 0.32461303
vn 0.85711796 -0.40041491 0.32406281
vn 0.85711826 -0.40079637 0.32359011
vn 0.85711861 -0.40111078 0.32319937
vn 0.85711886 -0.40135591 0.32289425
vn 0.85711888 -0.40153010 0.32267756
vn 0.85711858 -0.40163226 0.32255119
vn 0.85711792 -0.40166188 0.32251605
vn 0.85711693 -0.40161901 0.32257206
vn 0.85711569 -0.40150430 0.32271812
vn 0.85711430 -0.40131903 0.32295218
vn 0.85711287 -0.40106512 0.32327124
vn 0.85711152 -0.40074510 0.32367146
vn 0.85711032 -0.40036209 0.32414827
vn 0.81433242 -0.45326816 0.36250612
vn 0.68113311 -0.57687487 0.45085814
vn 0.51779615 -0.64918336 0.55717871
vn 0.48817692 -0.67501692 0.55320471
vn 0.48501485 -0.67505180 0.55593675
vn 0.48501510 -0.67391954 0.55730853
vn 0.48501460 -0.67274006 0.55873218
vn 0.48501286 -0.67152349 0.56019525
vn 0.48500961 -0.67027991 0.56168542
vn 0.48500515 -0.66901926 0.56319023
vn 0.48500048 -0.66775165 0.56469662
vn 0.48499700 -0.66648788 0.56619062
vn 0.48499600 -0.66523972 0.56765747
vn 0.48499811 -0.66401979 0.56908220
vn 0.48500318 -0.66284113 0.57045031
vn 0.48501020 -0.66171668 0.57174832
vn 0.48501742 -0.66065873 0.57296435
vn 0.61865396 -0.58830777 0.52073145
vn 0.80820090 -0.44515332 0.38555133
vn 0.85710439 -0.38759566 0.33932532
vn 0.85710411 -0.38717913 0.33980120
vn 0.85710372 -0.38682613 0.34020399
vn 0.85710335 -0.38654033 0.34052962
vn 0.85710312 -0.38632492 0.34077454
vn 0.85710317 -0.38618250 0.34093583
vn 0.85710356 -0.38611509 0.34101120
vn 0.85710431 -0.38612404 0.34099916
vn 0.85710539 -0.38621000 0.34089908
vn 0.85710672 -0.38637281 0.34071120
vn 0.85710818 -0.38661147 0.34043669
vn 0.85710964 -0.38692409 0.34007765
vn 0.85711099 -0.38730787 0.33963710
vn 0.85711215 -0.38775910 0.33911890
vn 0.85711308 -0.38827324 0.33852777
vn 0.85711496 -0.38831412 0.33847612
vn 0.85711545 -0.38900146 0.33768473
vn 0.85711580 -0.38973852 0.33683287
vn 0.85711614 -0.39051741 0.33592867
vn 0.85711655 -0.39132986 0.33498083
vn 0.85711708 -0.39216732 0.33399865
vn 0.85711773 -0.39302110 0.33299192
vn 0.85711842 -0.39388238 0.33197092
vn 0.85711905 -0.39474234 0.33094626
vn 0.85711950 -0.39559215 0.32992879
vn 0.85711971 -0.39642310 0.32892936
vn 0.85711966 -0.39722664 0.32795866
vn 0.85711940 -0.39799458 0.32702698
vn 0.85711906 -0.39871921 0.32614401
vn 0.85711876 -0.39939345 0.32531877
vn 0.85711863 -0.40001100 0.32455947
vn 0.85711873 -0.40056637 0.32387354
vn 0.85711902 -0.40105493 0.32326759
vn 0.85711941 -0.40147282 0.32274742
vn 0.85711976 -0.40181692 0.32231798
vn 0.85711992 -0.40208482 0.32198329
vn 0.85711976 -0.40227473 0.32174643
vn 0.85711921 -0.40238547 0.32160938
vn 0.85711826 -0.40241651 0.32157307
vn 0.85711697 -0.40236796 0.32163726
vn 0.85711542 -0.40224061 0.32180064
vn 0.85711376 -0.40203590 0.32206078
vn 0.85711210 -0.40175598 0.32241429
vn 0.85711057 -0.40140369 0.32285684
vn 0.82343584 -0.44685073 0.34968248
vn 0.69563556 -0.57031373 0.43684484
vn 0.51340114 -0.67661406 0.52783774
vn 0.48502915 -0.67793129 0.55240916
vn 0.48501318 -0.67683193 0.55376959
vn 0.48501386 -0.67565275 0.55520710
vn 0.48501425 -0.67441085 0.55671463
vn 0.48501383 -0.67311713 0.55827852
vn 0.48501210 -0.67178262 0.55988514
vn 0.48500881 -0.67041828 0.56152096
vn 0.48500433 -0.66903495 0.56317229
vn 0.48499973 -0.66764375 0.56482482
vn 0.48499652 -0.66625654 0.56646324
vn 0.48499598 -0.66488626 0.56807144
vn 0.48499868 -0.66354676 0.56963319
vn 0.48500428 -0.66225232 0.57113284
vn 0.48501148 -0.66101701 0.57255600
vn 0.48501828 -0.65985403 0.57389018
vn 0.48502260 -0.65877482 0.57512504
vn 0.63953861 -0.57670805 0.50832882
vn 0.83735384 -0.41885870 0.35127757
vn 0.85710313 -0.38649986 0.34057612
vn 0.85710268 -0.38610916 0.34102010
vn 0.85710233 -0.38579213 0.34137958
vn 0.85710221 -0.38555240 0.34165061
vn 0.85710243 -0.38539298 0.34182989
vn 0.85710305 -0.38531620 0.34191487
vn 0.85710408 -0.38532368 0.34190386
vn 0.85710545 -0.38541623 0.34179610
vn 0.85710707 -0.38559373 0.34159178
vn 0.85710879 -0.38585515 0.34129213
vn 0.85711048 -0.38619844 0.34089939
vn 0.85711200 -0.38662053 0.34041677
vn 0.85711328 -0.38711734 0.33984848
vn 0.85711426 -0.38768384 0.33919961
vn 0.50396181 -0.84208717 0.19212418
vn 0.49745455 -0.83083436 0.24950598
vn 0.49189902 -0.81521169 0.30572088
vn 0.48730024 -0.79534784 0.36050006
vn 0.48366874 -0.77137713 0.41357208
vn 0.48101829 -0.74344556 0.46466128
vn 0.47936279 -0.71171634 0.51348921
vn 0.47871308 -0.67637365 0.55977896
vn 0.47907425 -0.63762337 0.60326139
vn 0.48044451 -0.59569043 0.64368159
vn 0.48281576 -0.55081358 0.68080345
vn 0.48617579 -0.50323909 0.71441131
vn 0.49051136 -0.45321528 0.74430808
vn 0.49581131 -0.40098933 0.77031078
vn 0.50206906 -0.34680675 0.79224475
vn 0.50928407 -0.29091352 0.80993769
vn 0.51746232 -0.23356020 0.82321466
vn 0.52661577 -0.17500733 0.83189438
vn 0.53676119 -0.11553160 0.83578698
vn 0.54791839 -0.05543245 0.83469316
vn 0.56010800 0.00496112 0.82840474
vn 0.57334864 0.06528337 0.81670645
vn 0.58765359 0.12512453 0.79937920
vn 0.60302674 0.18402308 0.77620503
vn 0.61945760 0.24145789 0.74697414
vn 0.63691533 0.29684043 0.71149464
vn 0.65534159 0.34950746 0.66960580
vn 0.67464220 0.39871528 0.62119564
vn 0.69467778 0.44363674 0.56622365
vn 0.59344755 0.51084520 0.62197845
vn 0.58092438 0.39207428 0.71330542
vn 0.57214981 0.38458088 0.72439088
vn 0.61633477 0.41909950 0.66669862
vn 0.66984849 0.44671286 0.59308568
vn 0.72869504 0.46285925 0.50474237
vn 0.79100259 0.46314681 0.39976236
vn 0.85283173 0.44238273 0.27744468
vn 0.90772565 0.39559144 0.13979114
vn 0.94738505 0.32001983 -0.00699141
vn 0.96410988 0.21745447 -0.15233417
vn 0.95419135 0.09511453 -0.28367604
vn 0.91985526 -0.03619590 -0.39058437
vn 0.86807429 -0.16576393 -0.46794161
vn 0.80729750 -0.28597263 -0.51622707
vn 0.74459811 -0.39309874 -0.53948775
vn 0.68456168 -0.48640099 -0.54294510
vn 0.62953318 -0.56677298 -0.53146625
vn 0.58034098 -0.63572489 -0.50897760
vn 0.54639239 -0.68627363 -0.48008735
vn 0.64189839 -0.48794776 -0.59150100
vn 0.69991044 -0.46558652 -0.54162216
vn 0.67972078 -0.52886362 -0.50821544
vn 0.66022422 -0.58644382 -0.46924155
vn 0.64157294 -0.63819996 -0.42554080
vn 0.62387133 -0.68409638 -0.37788451
vn 0.60718563 -0.72416462 -0.32697280
vn 0.59155260 -0.75848399 -0.27343658
vn 0.57698698 -0.78716636 -0.21784204
vn 0.56348771 -0.81034451 -0.16069653
vn 0.55104312 -0.82816331 -0.10245491
vn 0.53963509 -0.84077312 -0.04352614
vn 0.52924259 -0.84832491 0.01572023
vn 0.51984457 -0.85096679 0.07494757
vn 0.51142238 -0.84884185 0.13384568
vn -0.77007794 -0.56639885 -0.29355120
vn -0.79074930 -0.57503402 -0.20988429
vn -0.81005999 -0.57343933 -0.12235258
vn -0.82733041 -0.56078471 -0.03232488
vn -0.84185947 -0.53651633 0.05850518
vn -0.85298419 -0.50046327 0.14817045
vn -0.86014908 -0.45292217 0.23453160
vn -0.86297335 -0.39469710 0.31542224
vn -0.86130155 -0.32707841 0.38881788
vn -0.85522534 -0.25175712 0.45299886
vn -0.84507069 -0.17068843 0.50667642
vn -0.83135394 -0.08593020 0.54905977
vn -0.81471751 0.00051290 0.57985784
vn -0.79585974 0.08681470 0.59922491
vn -0.77547164 0.17140855 0.60767002
vn -0.75418900 0.25302291 0.60595244
vn -0.73256258 0.33067946 0.59498165
vn -0.71104500 0.40366563 0.57573350
vn -0.68999045 0.47149377 0.54918741
vn -0.66966277 0.53385622 0.51628414
vn -0.65024797 0.59058288 0.47790107
vn -0.63186827 0.64160433 0.43484063
vn -0.61459570 0.68692186 0.38782791
vn -0.59846425 0.72658433 0.33751407
vn -0.58348027 0.76067094 0.28448286
vn -0.56963079 0.78927893 0.22925868
vn -0.55689027 0.81251510 0.17231494
vn -0.54522579 0.83049029 0.11408211
vn -0.53460111 0.84331582 0.05495523
vn -0.50608248 0.86072591 -0.05505846
vn -0.30404838 0.93661496 -0.17408905
vn -0.26547630 0.93628171 -0.22999760
vn -0.25983953 0.92381277 -0.28116434
vn -0.25472985 0.90830839 -0.33179598
vn -0.25007510 0.88975328 -0.38183970
vn -0.24584391 0.86808488 -0.43126489
vn -0.24208176 0.84318634 -0.48003460
vn -0.23895526 0.81491000 -0.52803606
vn -0.23676220 0.78316602 -0.57497361
vn -0.23583814 0.74807009 -0.62029954
vn -0.23636224 0.71003595 -0.66331127
vn -0.23822659 0.66967219 -0.70341115
vn -0.24111812 0.62754286 -0.74030535
vn -0.24471702 0.58401135 -0.77397953
vn -0.24882273 0.53925219 -0.80454603
vn -0.25336389 0.49333938 -0.83211958
vn -0.25835648 0.44632001 -0.85676740
vn -0.26386337 0.39825050 -0.87850592
vn -0.29875077 0.33929725 -0.89197834
vn -0.49412075 0.33931432 -0.80044393
vn -0.53192478 0.10479599 -0.84028200
vn -0.54229857 0.04440671 -0.83901151
vn -0.55370419 -0.01606291 -0.83255850
vn -0.56617768 -0.07625102 -0.82074881
vn -0.57975274 -0.13576296 -0.80340225
vn -0.59445691 -0.19416340 -0.78033426
vn -0.61030660 -0.25096751 -0.75135954
vn -0.62730078 -0.30563148 -0.71629822
vn -0.64541296 -0.35754242 -0.67498557
vn -0.66458143 -0.40600884 -0.62728649
vn -0.68469754 -0.45025263 -0.57311591
vn -0.70559254 -0.48940493 -0.51246656
vn -0.72702363 -0.52250874 -0.44544500
vn -0.74866093 -0.54853246 -0.37231566
vn -0.85711871 0.38829602 -0.33848740
vn -0.85711897 0.38898090 -0.33769947
vn -0.85711932 0.38971599 -0.33685000
vn -0.85711961 0.39049379 -0.33594728
vn -0.85711972 0.39130618 -0.33500038
vn -0.85711958 0.39214454 -0.33401898
vn -0.85711919 0.39299986 -0.33301323
vn -0.85711859 0.39386294 -0.33199354
vn -0.85711791 0.39472457 -0.33097041
vn -0.85711724 0.39557571 -0.32995438
vn -0.85711668 0.39640764 -0.32895590
vn -0.85711624 0.39721206 -0.32798526
vn -0.85711589 0.39798114 -0.32705254
vn -0.85711555 0.39870756 -0.32616747
vn -0.85711511 0.39938453 -0.32533934
vn -0.85711447 0.40000582 -0.32457685
vn -0.85711356 0.40056577 -0.32388795
vn -0.85711236 0.40105937 -0.32327973
vn -0.85711090 0.40148225 -0.32275830
vn -0.85710924 0.40183079 -0.32232867
vn -0.85710751 0.40210211 -0.32199473
vn -0.85710586 0.40229416 -0.32175917
vn -0.85710441 0.40240568 -0.32162354
vn -0.85710328 0.40243629 -0.32158824
vn -0.85710255 0.40238638 -0.32165263
vn -0.85710223 0.40225716 -0.32181506
vn -0.85710228 0.40205056 -0.32207302
vn -0.85710258 0.40176917 -0.32242318
vn -0.85710301 0.40141612 -0.32286147
vn -0.85710343 0.40099506 -0.32338317
vn -0.70532387 0.56589203 -0.42694784
vn -0.49166525 0.67837486 -0.54596046
vn -0.48501971 0.67797076 -0.55236901
vn -0.48501338 0.67687471 -0.55371712
vn -0.48500607 0.67570095 -0.55515524
vn -0.48499990 0.67445906 -0.55666873
vn -0.48499637 0.67316043 -0.55824148
vn -0.48499608 0.67181779 -0.55985682
vn -0.48499870 0.67044467 -0.56149818
vn -0.48500309 0.66905479 -0.56314979
vn -0.48500773 0.66766144 -0.56479705
vn -0.48501139 0.66627704 -0.56642639
vn -0.48501353 0.66491334 -0.56802476
vn -0.48501424 0.66358184 -0.56957908
vn -0.48501401 0.66229404 -0.57107620
vn -0.48501335 0.66106157 -0.57250297
vn -0.48501276 0.65989602 -0.57384656
vn -0.50037060 0.65222863 -0.56940941
vn -0.64498899 0.55720719 -0.52298122
vn -0.80014956 0.46749703 -0.37577548
vn -0.85711021 0.38649439 -0.34056450
vn -0.85711169 0.38609923 -0.34100871
vn -0.85711332 0.38577841 -0.34136751
vn -0.85711499 0.38553590 -0.34163717
vn -0.85711658 0.38537491 -0.34181478
vn -0.85711795 0.38529779 -0.34189826
vn -0.85711900 0.38530598 -0.34188641
vn -0.85711965 0.38539994 -0.34177885
vn -0.85711991 0.38557911 -0.34157606
vn -0.85711982 0.38584198 -0.34127932
vn -0.85711951 0.38618606 -0.34089070
vn -0.85711911 0.38660801 -0.34041308
vn -0.85711879 0.38710369 -0.33985014
vn -0.85711864 0.38766821 -0.33920643
vn -0.85711817 0.38882529 -0.33788066
vn -0.85711862 0.38944626 -0.33716359
vn -0.85711911 0.39011276 -0.33639095
vn -0.85711948 0.39081806 -0.33557032
vn -0.85711962 0.39155483 -0.33470999
vn -0.85711944 0.39231527 -0.33381880
vn -0.85711897 0.39309124 -0.33290592
vn -0.85711827 0.39387441 -0.33198076
vn -0.85711746 0.39465645 -0.33105279
vn -0.85711666 0.39542920 -0.33013146
vn -0.85711595 0.39618477 -0.32922617
vn -0.85711537 0.39691566 -0.32834615
vn -0.85711490 0.39761478 -0.32750044
vn -0.85711445 0.39827548 -0.32669780
vn -0.85711395 0.39889159 -0.32594659
vn -0.85711329 0.39945742 -0.32525464
vn -0.85711242 0.39996778 -0.32462913
vn -0.85711132 0.40041806 -0.32407648
vn -0.85711001 0.40080424 -0.32360222
vn -0.85710856 0.40112295 -0.32321090
vn -0.85710709 0.40137151 -0.32290609
vn -0.85710572 0.40154798 -0.32269027
vn -0.85710456 0.40165116 -0.32256490
vn -0.85710372 0.40168065 -0.32253042
vn -0.85710323 0.40163679 -0.32258633
vn -0.85710311 0.40152062 -0.32273125
vn -0.85710327 0.40133388 -0.32296300
vn -0.85710362 0.40107889 -0.32327869
vn -0.85710402 0.40075847 -0.32367476
vn -0.85710433 0.40037590 -0.32414704
vn -0.85710446 0.39993483 -0.32469073
vn -0.69069822 0.55907073 -0.45866751
vn -0.49449592 0.67042436 -0.55317716
vn -0.48501214 0.67617146 -0.55457675
vn -0.48500488 0.67510069 -0.55588608
vn -0.48499917 0.67396739 -0.55726454
vn -0.48499624 0.67278229 -0.55869726
vn -0.48499646 0.67155729 -0.56016894
vn -0.48499940 0.67030488 -0.56166445
vn -0.48500390 0.66903769 -0.56316941
vn -0.48500854 0.66776784 -0.56467054
vn -0.48501216 0.66650669 -0.56615549
vn -0.48501429 0.66526492 -0.56761230
vn -0.48501507 0.66405298 -0.56902902
vn -0.48501496 0.66288137 -0.57039353
vn -0.48501448 0.66176068 -0.57169376
vn -0.50223170 0.65252453 -0.56742846
vn -0.62859173 0.58134689 -0.51663162
vn -0.77992251 0.47543610 -0.40703978
vn -0.84796441 0.39739119 -0.35076574
vn -0.85711119 0.38717475 -0.33978836
vn -0.85711251 0.38681748 -0.34019169
vn -0.85711393 0.38652797 -0.34051702
vn -0.85711534 0.38630976 -0.34076100
vn -0.85711663 0.38616566 -0.34092104
vn -0.85711769 0.38609771 -0.34099534
vn -0.85711844 0.38610709 -0.34098284
vn -0.85711883 0.38619411 -0.34088329
vn -0.85711889 0.38635819 -0.34069717
vn -0.85711869 0.38659786 -0.34042568
vn -0.85711835 0.38691086 -0.34007075
vn -0.85711803 0.38729414 -0.33963500
vn -0.85711784 0.38774398 -0.33912182
vn -0.85711789 0.38825602 -0.33853537
vn -0.85711771 0.38935158 -0.33727522
vn -0.85711834 0.38990898 -0.33662908
vn -0.85711895 0.39050732 -0.33593323
vn -0.85711939 0.39114057 -0.33519458
vn -0.85711952 0.39180219 -0.33442065
vn -0.85711929 0.39248519 -0.33361939
vn -0.85711872 0.39318226 -0.33279905
vn -0.85711790 0.39388593 -0.33196804
vn -0.85711696 0.39458875 -0.33113478
vn -0.85711602 0.39528339 -0.33030770
vn -0.85711517 0.39596282 -0.32949511
vn -0.85711445 0.39662031 -0.32870525
vn -0.85711385 0.39724951 -0.32794613
vn -0.85711331 0.39784445 -0.32722556
vn -0.85711275 0.39839957 -0.32655096
vn -0.85711208 0.39890972 -0.32592932
vn -0.85711125 0.39937021 -0.32536707
vn -0.85711025 0.39977685 -0.32486995
vn -0.85710911 0.40012595 -0.32444290
vn -0.85710789 0.40041442 -0.32409005
vn -0.85710668 0.40063979 -0.32381459
vn -0.85710560 0.40080027 -0.32361880
vn -0.85710474 0.40089474 -0.32350404
vn -0.85710418 0.40092278 -0.32347077
vn -0.85710395 0.40088467 -0.32351863
vn -0.85710401 0.40078134 -0.32364648
vn -0.85710429 0.40061431 -0.32385246
vn -0.85710467 0.40038564 -0.32413412
vn -0.85710502 0.40009785 -0.32448837
vn -0.85710521 0.39975383 -0.32491158
vn -0.85710517 0.39935682 -0.32539954
vn -0.85710488 0.39891036 -0.32594747
vn -0.71405021 0.52544768 -0.46264136
vn -0.53705179 0.65281520 -0.53423562
vn -0.48605923 0.67395130 -0.55635966
vn -0.48499850 0.67347284 -0.55786270
vn -0.48499621 0.67240199 -0.55915494
vn -0.48499696 0.67129532 -0.56048242
vn -0.48500020 0.67016431 -0.56183147
vn -0.48500481 0.66902043 -0.56318913
vn -0.48500943 0.66787466 -0.56454343
vn -0.48501299 0.66673724 -0.56588325
vn -0.48501510 0.66561776 -0.56719780
vn -0.48501594 0.66452565 -0.56847620
vn -0.49506180 0.65773191 -0.56771696
vn -0.54074416 0.66863321 -0.51041686
vn -0.67354731 0.55971487 -0.48275592
vn -0.78899199 0.43259014 -0.43629969
vn -0.84402665 0.40390597 -0.35281580
vn -0.85711114 0.38823241 -0.33857951
vn -0.85711217 0.38785517 -0.33900899
vn -0.85711332 0.38753543 -0.33937155
vn -0.85711451 0.38727685 -0.33966360
vn -0.85711564 0.38708253 -0.33988218
vn -0.85711663 0.38695489 -0.34002500
vn -0.85711737 0.38689567 -0.34009051
vn -0.85711782 0.38690583 -0.34007782
vn -0.85711796 0.38698555 -0.33998675
vn -0.85711783 0.38713422 -0.33981777
vn -0.85711754 0.38735047 -0.33957199
vn -0.85711721 0.38763224 -0.33925114
vn -0.85711698 0.38797680 -0.33885762
vn -0.85711697 0.38838085 -0.33839447
vn -0.85711722 0.38884057 -0.33786548
vn -0.85711736 0.38987488 -0.33667107
vn -0.85711815 0.39036909 -0.33609589
vn -0.85711886 0.39089968 -0.33547681
vn -0.85711933 0.39146135 -0.33482005
vn -0.85711943 0.39204830 -0.33413233
vn -0.85711912 0.39265433 -0.33342075
vn -0.85711843 0.39327294 -0.33269263
vn -0.85711748 0.39389752 -0.33195537
vn -0.85711640 0.39452146 -0.33121640
vn -0.85711531 0.39513830 -0.33048309
vn -0.85711432 0.39574179 -0.32976276
vn -0.85711347 0.39632601 -0.32906260
vn -0.85711275 0.39688533 -0.32838965
vn -0.85711212 0.39741446 -0.32775076
vn -0.85711150 0.39790845 -0.32715247
vn -0.85711083 0.39836273 -0.32660093
vn -0.85711006 0.39877307 -0.32610180
vn -0.85710918 0.39913572 -0.32566016
vn -0.85710821 0.39944736 -0.32528038
vn -0.85710722 0.39970519 -0.32496612
vn -0.85710629 0.39990697 -0.32472023
vn -0.85710551 0.40005105 -0.32454476
vn -0.85710496 0.40013643 -0.32444095
vn -0.85710469 0.40016269 -0.32440928
vn -0.85710470 0.40013006 -0.32444950
vn -0.85710494 0.40003934 -0.32456071
vn -0.85710532 0.39989188 -0.32474137
vn -0.85710571 0.39968947 -0.32498943
vn -0.85710599 0.39943429 -0.32530228
vn -0.85710604 0.39912888 -0.32567680
vn -0.85710581 0.39877604 -0.32610934
vn -0.85710531 0.39837888 -0.32659570
vn -0.85710463 0.39794079 -0.32713114
vn -0.79570288 0.48236564 -0.36630630
vn -0.69576544 0.55048976 -0.46137997
vn -0.55959170 0.60875765 -0.56238000
vn -0.52289596 0.64508134 -0.55718029
vn -0.50268181 0.66148447 -0.55655124
vn -0.49271820 0.66663039 -0.55931449
vn -0.49097517 0.66572260 -0.56192241
vn -0.49695806 0.66196811 -0.56109795
vn -0.51156721 0.65792411 -0.55266161
vn -0.53705802 0.65634188 -0.52989058
vn -0.57657074 0.66051348 -0.48092424
vn -0.66126649 0.58604490 -0.46827130
vn -0.73786069 0.46162985 -0.49240175
vn -0.81761113 0.43572777 -0.37636864
vn -0.85501076 0.39239356 -0.33909274
vn -0.85711145 0.38925115 -0.33740703
vn -0.85711226 0.38886954 -0.33784471
vn -0.85711316 0.38853564 -0.33822638
vn -0.85711411 0.38825308 -0.33854828
vn -0.85711505 0.38802504 -0.33880726
vn -0.85711589 0.38785418 -0.33900071
vn -0.85711656 0.38774257 -0.33912668
vn -0.85711698 0.38769165 -0.33918381
vn -0.85711714 0.38770219 -0.33917139
vn -0.85711703 0.38777423 -0.33908927
vn -0.85711675 0.38790718 -0.33893790
vn -0.85711639 0.38809977 -0.33871826
vn -0.85711610 0.38835015 -0.33843191
vn -0.85711600 0.38865594 -0.33808094
vn -0.85711618 0.38901428 -0.33766809
vn -0.85711666 0.38942186 -0.33719676
vn -0.85711712 0.39039523 -0.33606817
vn -0.85711805 0.39082661 -0.33556401
vn -0.85711884 0.39128988 -0.33502167
vn -0.85711930 0.39178043 -0.33444669
vn -0.85711934 0.39229319 -0.33384501
vn -0.85711892 0.39282270 -0.33322287
vn -0.85711810 0.39336330 -0.33258664
vn -0.85711700 0.39390919 -0.33194276
vn -0.85711576 0.39445461 -0.33129765
vn -0.85711453 0.39499392 -0.33065767
vn -0.85711339 0.39552169 -0.33002913
vn -0.85711241 0.39603277 -0.32941822
vn -0.85711158 0.39652225 -0.32883103
vn -0.85711087 0.39698552 -0.32827345
vn -0.85711020 0.39741826 -0.32775117
vn -0.85710954 0.39781644 -0.32726950
vn -0.85710883 0.39817636 -0.32683335
vn -0.85710808 0.39849469 -0.32644713
vn -0.85710730 0.39876848 -0.32611466
vn -0.85710656 0.39899527 -0.32583912
vn -0.85710591 0.39917304 -0.32562300
vn -0.85710545 0.39930033 -0.32546811
vn -0.85710521 0.39937624 -0.32537559
vn -0.85710523 0.39940038 -0.32534589
vn -0.85710549 0.39937296 -0.32537889
vn -0.85710590 0.39929466 -0.32547389
vn -0.85710636 0.39916663 -0.32562968
vn -0.85710674 0.39899040 -0.32584459
vn -0.85710691 0.39876784 -0.32611647
vn -0.85710680 0.39850108 -0.32644269
vn -0.85710636 0.39819251 -0.32682015
vn -0.85710566 0.39784478 -0.32724520
vn -0.85710479 0.39746084 -0.32771369
vn -0.85710392 0.39704393 -0.32822094
vn -0.85710321 0.39659769 -0.32876185
vn -0.80796969 0.45305264 -0.37673370
vn -0.75849722 0.52278998 -0.38906632
vn -0.72432480 0.55344432 -0.41116051
vn -0.70397740 0.55968123 -0.43723305
vn -0.69460638 0.55122423 -0.46224867
vn -0.69476618 0.53342761 -0.48244682
vn -0.70455918 0.50968804 -0.49377571
vn -0.72577050 0.48280461 -0.49005805
vn -0.76211482 0.45602935 -0.45958485
vn -0.81730109 0.43423933 -0.37875472
vn -0.85054818 0.40089430 -0.34036974
vn -0.85711136 0.39061741 -0.33582460
vn -0.85711201 0.39021126 -0.33629477
vn -0.85711269 0.38983988 -0.33672348
vn -0.85711341 0.38950703 -0.33710663
vn -0.85711416 0.38921617 -0.33744051
vn -0.85711489 0.38897043 -0.33772188
vn -0.85711556 0.38877252 -0.33794799
vn -0.85711609 0.38862470 -0.33811662
vn -0.85711642 0.38852869 -0.33822611
vn -0.85711652 0.38848564 -0.33827530
vn -0.85711638 0.38849613 -0.33826360
vn -0.85711606 0.38856013 -0.33819091
vn -0.85711564 0.38867703 -0.33805761
vn -0.85711526 0.38884570 -0.33786455
vn -0.85711504 0.38906455 -0.33761306
vn -0.85711511 0.38933154 -0.33730496
vn -0.85711551 0.38964426 -0.33694267
vn -0.85711621 0.38999989 -0.33652917
vn -0.85711700 0.39091263 -0.33546649
vn -0.85711806 0.39128156 -0.33503339
vn -0.85711888 0.39167796 -0.33456778
vn -0.85711931 0.39209785 -0.33407450
vn -0.85711924 0.39253687 -0.33355869
vn -0.85711869 0.39299034 -0.33302574
vn -0.85711771 0.39345336 -0.33248110
vn -0.85711645 0.39392096 -0.33193022
vn -0.85711505 0.39438819 -0.33137856
vn -0.85711366 0.39485025 -0.33083147
vn -0.85711238 0.39530251 -0.33029426
vn -0.85711127 0.39574057 -0.32977216
vn -0.85711033 0.39616025 -0.32927030
vn -0.85710954 0.39655762 -0.32879368
vn -0.85710885 0.39692897 -0.32834710
vn -0.85710820 0.39727085 -0.32793506
vn -0.85710757 0.39758007 -0.32756175
vn -0.85710696 0.39785374 -0.32723090
vn -0.85710639 0.39808932 -0.32694576
vn -0.85710590 0.39828466 -0.32670905
vn -0.85710557 0.39843801 -0.32652289
vn -0.85710543 0.39854812 -0.32638885
vn -0.85710552 0.39861418 -0.32630793
vn -0.85710583 0.39863590 -0.32628057
vn -0.85710632 0.39861342 -0.32630676
vn -0.85710688 0.39854734 -0.32638599
vn -0.85710740 0.39843861 -0.32651736
vn -0.85710773 0.39828849 -0.32669958
vn -0.85710777 0.39809852 -0.32693092
vn -0.85710746 0.39787045 -0.32720926
vn -0.85710680 0.39760624 -0.32753199
vn -0.85710588 0.39730808 -0.32789600
vn -0.85710485 0.39697845 -0.32829772
vn -0.85710387 0.39662014 -0.32873307
vn -0.85710312 0.39623628 -0.32919759
vn -0.85710274 0.39583038 -0.32968652
vn -0.85710280 0.39540626 -0.33019491
vn -0.85710331 0.39496800 -0.33071770
vn -0.85710419 0.39451989 -0.33124985
vn -0.85710534 0.39406629 -0.33178637
vn -0.85710663 0.39361157 -0.33232238
vn -0.85710792 0.39316008 -0.33285306
vn -0.85710914 0.39271603 -0.33337372
vn -0.85711023 0.39228354 -0.33387974
vn -0.85711117 0.39186659 -0.33436660
vn -0.85711197 0.39146904 -0.33482988
vn -0.85711269 0.39109461 -0.33526533
vn -0.85711335 0.39074688 -0.33566887
vn -0.85711397 0.39042924 -0.33603667
vn -0.85711458 0.39014489 -0.33636522
vn -0.85711515 0.38989676 -0.33665136
vn -0.85711564 0.38968748 -0.33689233
vn -0.85711601 0.38951931 -0.33708581
vn -0.85711621 0.38939410 -0.33722994
vn -0.85711620 0.38931323 -0.33732332
vn -0.85711597 0.38927761 -0.33736501
vn -0.85711556 0.38928763 -0.33735451
vn -0.85711504 0.38934318 -0.33729172
vn -0.85711453 0.38944370 -0.33717694
vn -0.85711416 0.38958823 -0.33701087
vn -0.85711407 0.38977541 -0.33679460
vn -0.85711434 0.39000358 -0.33652968
vn -0.85711497 0.39027077 -0.33621816
vn -0.85711591 0.39057467 -0.33586269
vn -0.85711702 0.39142713 -0.33486596
vn -0.85711816 0.39173401 -0.33450399
vn -0.85711898 0.39206396 -0.33411511
vn -0.85711933 0.39241365 -0.33370344
vn -0.85711913 0.39277940 -0.33327336
vn -0.85711841 0.39315727 -0.33282937
vn -0.85711726 0.39354314 -0.33237600
vn -0.85711581 0.39393284 -0.33191777
vn -0.85711424 0.39432223 -0.33145914
vn -0.85711269 0.39470731 -0.33100450
vn -0.85711127 0.39508425 -0.33055817
vn -0.85711004 0.39544941 -0.33012444
vn -0.85710900 0.39579934 -0.32970752
vn -0.85710814 0.39613076 -0.32931149
vn -0.85710742 0.39644059 -0.32894030
vn -0.85710681 0.39672596 -0.32859768
vn -0.85710627 0.39698420 -0.32828705
vn -0.85710582 0.39721288 -0.32801150
vn -0.85710547 0.39740987 -0.32777371
vn -0.85710527 0.39757335 -0.32757592
vn -0.85710526 0.39770189 -0.32741989
vn -0.85710546 0.39779442 -0.32730694
vn -0.85710588 0.39785029 -0.32723793
vn -0.85710648 0.39786926 -0.32721328
vn -0.85710719 0.39785148 -0.32723305
vn -0.85710788 0.39779742 -0.32729696
vn -0.85710841 0.39770786 -0.32740438
vn -0.85710866 0.39758378 -0.32755438
vn -0.85710854 0.39742639 -0.32774566
vn -0.85710801 0.39723703 -0.32797654
vn -0.85710711 0.39701724 -0.32824489
vn -0.85710598 0.39676876 -0.32854815
vn -0.85710479 0.39649361 -0.32888327
vn -0.85710372 0.39619411 -0.32924678
vn -0.85710297 0.39587290 -0.32963487
vn -0.85710265 0.39553299 -0.33004347
vn -0.85710284 0.39517767 -0.33046836
vn -0.85710350 0.39481045 -0.33090527
vn -0.85710456 0.39443502 -0.33134994
vn -0.85710590 0.39405512 -0.33179820
vn -0.85710736 0.39367449 -0.33224595
vn -0.85710883 0.39329678 -0.33268919
vn -0.85711020 0.39292556 -0.33312401
vn -0.85711142 0.39256428 -0.33354654
vn -0.85711247 0.39221626 -0.33395302
vn -0.85711336 0.39188472 -0.33433974
vn -0.85711411 0.39157275 -0.33470314
vn -0.85711475 0.39128331 -0.33503981
vn -0.85711530 0.39101923 -0.33534656
vn -0.85711577 0.39078313 -0.33562047
vn -0.85711613 0.39057742 -0.33585892
vn -0.85711636 0.39040424 -0.33605964
vn -0.85711641 0.39026540 -0.33622074
vn -0.85711626 0.39016236 -0.33634069
vn -0.85711589 0.39009618 -0.33641837
vn -0.85711534 0.39006752 -0.33645300
vn -0.85711467 0.39007662 -0.33644416
vn -0.85711399 0.39012333 -0.33639173
vn -0.85711343 0.39020715 -0.33629592
vn -0.85711313 0.39032729 -0.33615723
vn -0.85711321 0.39048268 -0.33597652
vn -0.85711371 0.39067203 -0.33575505
vn -0.85711460 0.39089382 -0.33549454
vn -0.85711576 0.39114623 -0.33519725
vn -0.85711718 0.39193877 -0.33426656
vn -0.85711836 0.39218400 -0.33397578
vn -0.85711913 0.39244792 -0.33366363
vn -0.85711936 0.39272786 -0.33333351
vn -0.85711900 0.39302080 -0.33298900
vn -0.85711808 0.39332352 -0.33263374
vn -0.85711672 0.39363266 -0.33227136
vn -0.85711508 0.39394483 -0.33190542
vn -0.85711333 0.39425671 -0.33153942
vn -0.85711162 0.39456509 -0.33117679
vn -0.85711005 0.39486691 -0.33082091
vn -0.85710870 0.39515930 -0.33047512
vn -0.85710757 0.39543949 -0.33014272
vn -0.85710666 0.39570491 -0.32982692
vn -0.85710593 0.39595310 -0.32953083
vn -0.85710536 0.39618175 -0.32925738
vn -0.85710494 0.39638872 -0.32900927
vn -0.85710467 0.39657208 -0.32878895
vn -0.85710457 0.39673010 -0.32859851
vn -0.85710467 0.39686134 -0.32843973
vn -0.85710500 0.39696466 -0.32831400
vn -0.85710555 0.39703923 -0.32822237
vn -0.85710630 0.39708457 -0.32816555
vn -0.85710719 0.39710051 -0.32814395
vn -0.85710809 0.39708718 -0.32815773
vn -0.85710887 0.39704497 -0.32820677
vn -0.85710938 0.39697444 -0.32829073
vn -0.85710951 0.39687632 -0.32840901
vn -0.85710918 0.39675146 -0.32856071
vn -0.85710840 0.39660081 -0.32874457
vn -0.85710726 0.39642549 -0.32895892
vn -0.85710593 0.39622679 -0.32920169
vn -0.85710461 0.39600627 -0.32947038
vn -0.85710349 0.39576578 -0.32976211
vn -0.85710277 0.39550750 -0.33007371
vn -0.85710256 0.39523390 -0.33040183
vn -0.85710290 0.39494772 -0.33074298
vn -0.85710375 0.39465192 -0.33109367
vn -0.85710502 0.39434955 -0.33145048
vn -0.85710655 0.39404373 -0.33181004
vn -0.85710821 0.39373750 -0.33216907
vn -0.85710986 0.39343388 -0.33252440
vn -0.85711139 0.39313574 -0.33287289
vn -0.85711274 0.39284584 -0.33321149
vn -0.85711389 0.39256687 -0.33353715
vn -0.85711484 0.39230138 -0.33384694
vn -0.85711561 0.39205183 -0.33413798
vn -0.85711622 0.39182059 -0.33440756
vn -0.85711667 0.39160988 -0.33465313
vn -0.85711697 0.39142178 -0.33487235
vn -0.85711709 0.39125817 -0.33506317
vn -0.85711702 0.39112072 -0.33522381
vn -0.85711672 0.39101079 -0.33535278
vn -0.85711620 0.39092947 -0.33544891
vn -0.85711548 0.39087751 -0.33551129
vn -0.85711462 0.39085534 -0.33553932
vn -0.85711372 0.39086307 -0.33553261
vn -0.85711293 0.39090053 -0.33549100
vn -0.85711238 0.39096732 -0.33541456
vn -0.85711221 0.39106284 -0.33530362
vn -0.85711250 0.39118634 -0.33515878
vn -0.85711326 0.39133690 -0.33498102
vn -0.85711441 0.39151343 -0.33477174
vn -0.85711579 0.39171459 -0.33453281
vn -0.85711748 0.39244763 -0.33366823
vn -0.85711865 0.39263159 -0.33344873
vn -0.85711932 0.39282993 -0.33321332
vn -0.85711938 0.39304055 -0.33296469
vn -0.85711881 0.39326112 -0.33270562
vn -0.85711767 0.39348912 -0.33243888
vn -0.85711609 0.39372193 -0.33216719
vn -0.85711425 0.39395695 -0.33189318
vn -0.85711231 0.39419164 -0.33161942
vn -0.85711043 0.39442358 -0.33134838
vn -0.85710873 0.39465048 -0.33108251
vn -0.85710726 0.39487020 -0.33082424
vn -0.85710605 0.39508070 -0.33057596
vn -0.85710509 0.39528007 -0.33034003
vn -0.85710437 0.39546647 -0.33011873
vn -0.85710387 0.39563818 -0.32991421
vn -0.85710358 0.39579362 -0.32972847
vn -0.85710352 0.39593131 -0.32956328
vn -0.85710369 0.39605000 -0.32942019
vn -0.85710412 0.39614861 -0.32930048
vn -0.85710481 0.39622633 -0.32920518
vn -0.85710572 0.39628258 -0.32913508
vn -0.85710680 0.39631706 -0.32909074
vn -0.85710795 0.39632968 -0.32907256
vn -0.85710901 0.39632058 -0.32908076
vn -0.85710983 0.39629002 -0.32911540
vn -0.85711027 0.39623839 -0.32917642
vn -0.85711023 0.39616613 -0.32926350
vn -0.85710966 0.39607374 -0.32937612
vn -0.85710862 0.39596178 -0.32951341
vn -0.85710724 0.39583095 -0.32967413
vn -0.85710573 0.39568211 -0.32985669
vn -0.85710431 0.39551636 -0.33005911
vn -0.85710318 0.39533511 -0.33027910
vn -0.85710254 0.39514001 -0.33051415
vn -0.85710247 0.39493304 -0.33076161
vn -0.85710300 0.39471638 -0.33101876
vn -0.85710407 0.39449238 -0.33128292
vn -0.85710556 0.39426346 -0.33155147
vn -0.85710732 0.39403208 -0.33182188
vn -0.85710919 0.39380062 -0.33209172
vn -0.85711102 0.39357139 -0.33235864
vn -0.85711271 0.39334657 -0.33262034
vn -0.85711419 0.39312826 -0.33287452
vn -0.85711543 0.39291844 -0.33311895
vn -0.85711643 0.39271904 -0.33335142
vn -0.85711720 0.39253189 -0.33356981
vn -0.85711775 0.39235872 -0.33377207
vn -0.85711807 0.39220120 -0.33395632
vn -0.85711817 0.39206085 -0.33412084
vn -0.85711802 0.39193904 -0.33426411
vn -0.85711761 0.39183693 -0.33438485
vn -0.85711694 0.39175548 -0.33448198
vn -0.85711603 0.39169541 -0.33455464
vn -0.85711496 0.39165718 -0.33460216
vn -0.85711381 0.39164100 -0.33462403
vn -0.85711273 0.39164690 -0.33461989
vn -0.85711188 0.39167470 -0.33458953
vn -0.85711141 0.39172414 -0.33453286
vn -0.85711142 0.39179485 -0.33445000
vn -0.85711198 0.39188638 -0.33434133
vn -0.85711302 0.39199820 -0.33420753
vn -0.85711443 0.39212965 -0.33404969
vn -0.85711599 0.39227984 -0.33386930
vn -0.85711788 0.39295380 -0.33307094
vn -0.85711899 0.39307687 -0.33292282
vn -0.85711952 0.39321002 -0.33276418
vn -0.85711938 0.39335176 -0.33259699
vn -0.85711857 0.39350039 -0.33242322
vn -0.85711718 0.39365408 -0.33224478
vn -0.85711537 0.39381097 -0.33206350
vn -0.85711330 0.39396920 -0.33188109
vn -0.85711117 0.39412702 -0.33169916
vn -0.85710913 0.39428277 -0.33151929
vn -0.85710728 0.39443494 -0.33134300
vn -0.85710571 0.39458210 -0.33117182
vn -0.85710442 0.39472294 -0.33100727
vn -0.85710344 0.39485619 -0.33085085
vn -0.85710274 0.39498066 -0.33070404
vn -0.85710234 0.39509523 -0.33056821
vn -0.85710221 0.39519885 -0.33044465
vn -0.85710239 0.39529055 -0.33033450
vn -0.85710286 0.39536954 -0.33023872
vn -0.85710364 0.39543515 -0.33015813
vn -0.85710470 0.39548689 -0.33009339
vn -0.85710598 0.39552448 -0.33004503
vn -0.85710738 0.39554778 -0.33001347
vn -0.85710876 0.39555682 -0.32999906
vn -0.85710994 0.39555172 -0.33000212
vn -0.85711075 0.39553264 -0.33002287
vn -0.85711106 0.39549976 -0.33006147
vn -0.85711079 0.39545323 -0.33011790
vn -0.85710996 0.39539322 -0.33019195
vn -0.85710865 0.39531990 -0.33028312
vn -0.85710705 0.39523356 -0.33039058
vn -0.85710539 0.39513465 -0.33051319
vn -0.85710390 0.39502382 -0.33064948
vn -0.85710282 0.39490201 -0.33079777
vn -0.85710229 0.39477039 -0.33095620
vn -0.85710241 0.39463038 -0.33112283
vn -0.85710317 0.39448360 -0.33129572
vn -0.85710448 0.39433179 -0.33147299
vn -0.85710622 0.39417673 -0.33165288
vn -0.85710822 0.39402018 -0.33183370
vn -0.85711030 0.39386384 -0.33201387
vn -0.85711232 0.39370931 -0.33219190
vn -0.85711416 0.39355807 -0.33236629
vn -0.85711577 0.39341153 -0.33253560
vn -0.85711710 0.39327101 -0.33269836
vn -0.85711813 0.39313775 -0.33285315
vn -0.85711888 0.39301295 -0.33299857
vn -0.85711933 0.39289776 -0.33313330
vn -0.85711949 0.39279326 -0.33325612
vn -0.85711934 0.39270040 -0.33336592
vn -0.85711887 0.39262004 -0.33346175
vn -0.85711809 0.39255289 -0.33354280
vn -0.85711702 0.39249949 -0.33360839
vn -0.85711573 0.39246018 -0.33365796
vn -0.85711432 0.39243515 -0.33369102
vn -0.85711292 0.39242446 -0.33370717
vn -0.85711172 0.39242805 -0.33370604
vn -0.85711089 0.39244580 -0.33368732
vn -0.85711056 0.39247759 -0.33365076
vn -0.85711082 0.39252331 -0.33359631
vn -0.85711167 0.39258283 -0.33352408
vn -0.85711300 0.39265600 -0.33343451
vn -0.85711464 0.39274255 -0.33332834
vn -0.85711635 0.39284204 -0.33320667
vn -0.85711837 0.39345736 -0.33247468
vn -0.85711937 0.39351992 -0.33239804
vn -0.85711971 0.39358828 -0.33231622
vn -0.85711932 0.39366154 -0.33223042
vn -0.85711825 0.39373864 -0.33214182
vn -0.85711659 0.39381844 -0.33205147
vn -0.85711453 0.39389978 -0.33196031
vn -0.85711224 0.39398158 -0.33186914
vn -0.85710991 0.39406283 -0.33177867
vn -0.85710770 0.39414265 -0.33168955
vn -0.85710572 0.39422026 -0.33160242
vn -0.85710405 0.39429497 -0.33151791
vn -0.85710271 0.39436616 -0.33143669
vn -0.85710172 0.39443324 -0.33135943
vn -0.85710107 0.39449564 -0.33128679
vn -0.85710079 0.39455285 -0.33121940
vn -0.85710086 0.39460436 -0.33115784
vn -0.85710130 0.39464976 -0.33110259
vn -0.85710211 0.39468869 -0.33105408
vn -0.85710327 0.39472093 -0.33101265
vn -0.85710471 0.39474635 -0.33097859
vn -0.85710636 0.39476494 -0.33095216
vn -0.85710805 0.39477678 -0.33093367
vn -0.85710961 0.39478198 -0.33092342
vn -0.85711084 0.39478065 -0.33092180
vn -0.85711159 0.39477284 -0.33092918
vn -0.85711172 0.39475853 -0.33094592
vn -0.85711119 0.39473759 -0.33097226
vn -0.85711007 0.39470983 -0.33100827
vn -0.85710850 0.39467509 -0.33105377
vn -0.85710669 0.39463324 -0.33110832
vn -0.85710492 0.39458432 -0.33117122
vn -0.85710342 0.39452856 -0.33124152
vn -0.85710241 0.39446641 -0.33131813
vn -0.85710205 0.39439855 -0.33139985
vn -0.85710239 0.39432586 -0.33148547
vn -0.85710341 0.39424935 -0.33157383
vn -0.85710500 0.39417014 -0.33166388
vn -0.85710701 0.39408934 -0.33175469
vn -0.85710925 0.39400802 -0.33184547
vn -0.85711155 0.39392716 -0.33193550
vn -0.85711376 0.39384766 -0.33202413
vn -0.85711576 0.39377027 -0.33211073
vn -0.85711748 0.39369571 -0.33219469
vn -0.85711888 0.39362459 -0.33227535
vn -0.85711993 0.39355753 -0.33235208
vn -0.85712062 0.39349507 -0.33242424
vn -0.85712094 0.39343776 -0.33249124
vn -0.85712089 0.39338608 -0.33255252
vn -0.85712045 0.39334045 -0.33260762
vn -0.85711962 0.39330122 -0.33265613
vn -0.85711844 0.39326862 -0.33269772
vn -0.85711696 0.39324278 -0.33273208
vn -0.85711528 0.39322372 -0.33275892
vn -0.85711356 0.39321137 -0.33277795
vn -0.85711198 0.39320565 -0.33278879
vn -0.85711072 0.39320646 -0.33279106
vn -0.85710998 0.39321377 -0.33278433
vn -0.85710986 0.39322766 -0.33276823
vn -0.85711041 0.39324825 -0.33274248
vn -0.85711157 0.39327576 -0.33270698
vn -0.85711319 0.39331038 -0.33266188
vn -0.85711504 0.39335224 -0.33260763
vn -0.85711685 0.39340131 -0.33254491
vn -0.85711090 0.39399463 -0.33185710
f 3//3 2//2 1//1
f 464//464 528//528 463//463
f 528//528 527//527 463//463
f 463//463 527//527 462//462
f 527//527 526//526 462//462
f 462//462 526//526 461//461
f 526//526 525//525 461//461
f 461//461 525//525 460//460
f 525//525 524//524 460//460
f 460//460 524//524 459//459
f 524//524 523//523 459//459
f 459//459 523//523 458//458
f 523//523 522//522 458//458
f 458//458 522//522 457//457
f 522//522 521//521 457//457
f 457//457 521//521 456//456
f 521//521 520//520 456//456
f 456//456 520//520 455//455
f 520//520 519//519 455//455
f 455//455 519//519 454//454
f 529//529 528//528 464//464
f 519//519 518//518 454//454
f 465//465 529//529 464//464
f 466//466 530//530 465//465
f 540//540 539//539 475//475
f 475//475 539//539 474//474
f 539//539 538//538 474//474
f 474//474 538//538 473//473
f 538//538 537//537 473//473
f 473//473 537//537 472//472
f 537//537 536//536 472//472
f 472//472 536//536 471//471
f 536//536 535//535 471//471
f 471//471 535//535 470//470
f 535//535 534//534 470//470
f 470//470 534//534 469//469
f 534//534 533//533 469//469
f 469//469 533//533 468//468
f 533//533 532//532 468//468
f 468//468 532//532 467//467
f 532//532 531//531 467//467
f 467//467 531//531 466//466
f 531//531 530//530 466//466
f 530//530 529//529 465//465
f 476//476 540//540 475//475
f 454//454 518//518 453//453
f 453//453 517//517 452//452
f 441//441 505//505 440//440
f 505//505 504//504 440//440
f 440//440 504//504 439//439
f 504//504 503//503 439//439
f 439//439 503//503 438//438
f 503//503 502//502 438//438
f 438//438 502//502 437//437
f 502//502 501//501 437//437
f 437//437 501//501 436//436
f 501//501 500//500 436//436
f 436//436 500//500 435//435
f 500//500 499//499 435//435
f 435//435 499//499 434//434
f 499//499 498//498 434//434
f 434//434 498//498 433//433
f 498//498 497//497 433//433
f 433//433 497//497 432//432
f 497//497 496//496 432//432
f 432//432 496//496 431//431
f 506//506 505//505 441//441
f 518//518 517//517 453//453
f 442//442 506//506 441//441
f 443//443 507//507 442//442
f 517//517 516//516 452//452
f 452//452 516//516 451//451
f 516//516 515//515 451//451
f 451//451 515//515 450//450
f 515//515 514//514 450//450
f 386//386 450//450 449//449
f 450//450 513//513 449//449
f 449//449 513//513 448//448
f 513//513 512//512 448//448
f 448//448 512//512 447//447
f 512//512 511//511 447//447
f 447//447 511//511 446//446
f 511//511 510//510 446//446
f 446//446 510//510 445//445
f 510//510 509//509 445//445
f 445//445 509//509 444//444
f 509//509 508//508 444//444
f 444//444 508//508 443//443
f 508//508 507//507 443//443
f 507//507 506//506 442//442
f 496//496 495//495 431//431
f 541//541 540//540 476//476
f 542//542 541//541 477//477
f 510//510 574//574 509//509
f 574//574 573//573 509//509
f 509//509 573//573 508//508
f 573//573 572//572 508//508
f 508//508 572//572 507//507
f 572//572 571//571 507//507
f 507//507 571//571 506//506
f 571//571 570//570 506//506
f 506//506 570//570 505//505
f 570//570 569//569 505//505
f 505//505 569//569 504//504
f 569//569 568//568 504//504
f 504//504 568//568 503//503
f 568//568 567//567 503//503
f 503//503 567//567 502//502
f 567//567 566//566 502//502
f 502//502 566//566 501//501
f 566//566 565//565 501//501
f 501//501 565//565 500//500
f 575//575 574//574 510//510
f 565//565 564//564 500//500
f 511//511 575//575 510//510
f 512//512 576//576 511//511
f 586//586 585//585 521//521
f 521//521 585//585 520//520
f 585//585 584//584 520//520
f 520//520 584//584 519//519
f 584//584 583//583 519//519
f 519//519 583//583 518//518
f 583//583 582//582 518//518
f 518//518 582//582 517//517
f 582//582 581//581 517//517
f 517//517 581//581 516//516
f 581//581 580//580 516//516
f 516//516 580//580 515//515
f 580//580 579//579 515//515
f 515//515 579//579 514//514
f 579//579 578//578 514//514
f 450//450 514//514 513//513
f 514//514 577//577 513//513
f 513//513 577//577 512//512
f 577//577 576//576 512//512
f 576//576 575//575 511//511
f 477//477 541//541 476//476
f 500//500 564//564 499//499
f 499//499 563//563 498//498
f 487//487 551//551 486//486
f 551//551 550//550 486//486
f 486//486 550//550 485//485
f 550//550 549//549 485//485
f 485//485 549//549 484//484
f 549//549 548//548 484//484
f 484//484 548//548 483//483
f 548//548 547//547 483//483
f 483//483 547//547 482//482
f 547//547 546//546 482//482
f 482//482 546//546 481//481
f 546//546 545//545 481//481
f 481//481 545//545 480//480
f 545//545 544//544 480//480
f 480//480 544//544 479//479
f 544//544 543//543 479//479
f 479//479 543//543 478//478
f 543//543 542//542 478//478
f 478//478 542//542 477//477
f 552//552 551//551 487//487
f 564//564 563//563 499//499
f 488//488 552//552 487//487
f 489//489 553//553 488//488
f 563//563 562//562 498//498
f 498//498 562//562 497//497
f 562//562 561//561 497//497
f 497//497 561//561 496//496
f 561//561 560//560 496//496
f 496//496 560//560 495//495
f 560//560 559//559 495//495
f 495//495 559//559 494//494
f 559//559 558//558 494//494
f 494//494 558//558 493//493
f 558//558 557//557 493//493
f 493//493 557//557 492//492
f 557//557 556//556 492//492
f 492//492 556//556 491//491
f 556//556 555//555 491//491
f 491//491 555//555 490//490
f 555//555 554//554 490//490
f 490//490 554//554 489//489
f 554//554 553//553 489//489
f 553//553 552//552 488//488
f 522//522 586//586 521//521
f 431//431 495//495 430//430
f 430//430 494//494 429//429
f 372//372 436//436 371//371
f 436//436 435//435 371//371
f 371//371 435//435 370//370
f 435//435 434//434 370//370
f 370//370 434//434 369//369
f 434//434 433//433 369//369
f 369//369 433//433 368//368
f 433//433 432//432 368//368
f 368//368 432//432 367//367
f 432//432 431//431 367//367
f 367//367 431//431 366//366
f 431//431 430//430 366//366
f 366//366 430//430 365//365
f 430//430 429//429 365//365
f 365//365 429//429 364//364
f 429//429 428//428 364//364
f 364//364 428//428 363//363
f 428//428 427//427 363//363
f 363//363 427//427 362//362
f 437//437 436//436 372//372
f 427//427 426//426 362//362
f 373//373 437//437 372//372
f 374//374 438//438 373//373
f 448//448 447//447 383//383
f 383//383 447//447 382//382
f 447//447 446//446 382//382
f 382//382 446//446 381//381
f 446//446 445//445 381//381
f 381//381 445//445 380//380
f 445//445 444//444 380//380
f 380//380 444//444 379//379
f 444//444 443//443 379//379
f 379//379 443//443 378//378
f 443//443 442//442 378//378
f 378//378 442//442 377//377
f 442//442 441//441 377//377
f 377//377 441//441 376//376
f 441//441 440//440 376//376
f 376//376 440//440 375//375
f 440//440 439//439 375//375
f 375//375 439//439 374//374
f 439//439 438//438 374//374
f 438//438 437//437 373//373
f 384//384 448//448 383//383
f 362//362 426//426 361//361
f 361//361 425//425 360//360
f 413//413 412//412 348//348
f 348//348 412//412 347//347
f 412//412 411//411 347//347
f 347//347 411//411 346//346
f 411//411 410//410 346//346
f 346//346 410//410 345//345
f 410//410 409//409 345//345
f 345//345 409//409 344//344
f 409//409 408//408 344//344
f 344//344 408//408 343//343
f 408//408 407//407 343//343
f 343//343 407//407 342//342
f 407//407 406//406 342//342
f 342//342 406//406 341//341
f 406//406 405//405 341//341
f 341//341 405//405 340//340
f 405//405 404//404 340//340
f 340//340 404//404 339//339
f 404//404 403//403 339//339
f 349//349 413//413 348//348
f 426//426 425//425 361//361
f 414//414 413//413 349//349
f 415//415 414//414 350//350
f 425//425 424//424 360//360
f 360//360 424//424 359//359
f 424//424 423//423 359//359
f 359//359 423//423 358//358
f 423//423 422//422 358//358
f 358//358 422//422 357//357
f 422//422 421//421 357//357
f 357//357 421//421 356//356
f 421//421 420//420 356//356
f 356//356 420//420 355//355
f 420//420 419//419 355//355
f 355//355 419//419 354//354
f 419//419 418//418 354//354
f 418//418 417//417 353//353
f 353//353 417//417 352//352
f 417//417 416//416 352//352
f 352//352 416//416 351//351
f 416//416 415//415 351//351
f 351//351 415//415 350//350
f 350//350 414//414 349//349
f 495//495 494//494 430//430
f 449//449 448//448 384//384
f 386//386 449//449 385//385
f 418//418 482//482 417//417
f 482//482 481//481 417//417
f 417//417 481//481 416//416
f 481//481 480//480 416//416
f 416//416 480//480 415//415
f 480//480 479//479 415//415
f 415//415 479//479 414//414
f 479//479 478//478 414//414
f 414//414 478//478 413//413
f 478//478 477//477 413//413
f 413//413 477//477 412//412
f 477//477 476//476 412//412
f 412//412 476//476 411//411
f 476//476 475//475 411//411
f 411//411 475//475 410//410
f 475//475 474//474 410//410
f 410//410 474//474 409//409
f 474//474 473//473 409//409
f 409//409 473//473 408//408
f 483//483 482//482 418//418
f 473//473 472//472 408//408
f 419//419 483//483 418//418
f 420//420 484//484 419//419
f 494//494 493//493 429//429
f 429//429 493//493 428//428
f 493//493 492//492 428//428
f 428//428 492//492 427//427
f 492//492 491//491 427//427
f 427//427 491//491 426//426
f 491//491 490//490 426//426
f 426//426 490//490 425//425
f 490//490 489//489 425//425
f 425//425 489//489 424//424
f 489//489 488//488 424//424
f 424//424 488//488 423//423
f 488//488 487//487 423//423
f 423//423 487//487 422//422
f 487//487 486//486 422//422
f 422//422 486//486 421//421
f 486//486 485//485 421//421
f 421//421 485//485 420//420
f 485//485 484//484 420//420
f 484//484 483//483 419//419
f 385//385 449//449 384//384
f 408//408 472//472 407//407
f 407//407 471//471 406//406
f 395//395 459//459 394//394
f 459//459 458//458 394//394
f 394//394 458//458 393//393
f 458//458 457//457 393//393
f 393//393 457//457 392//392
f 457//457 456//456 392//392
f 392//392 456//456 391//391
f 456//456 455//455 391//391
f 391//391 455//455 390//390
f 455//455 454//454 390//390
f 390//390 454//454 389//389
f 454//454 453//453 389//389
f 389//389 453//453 388//388
f 453//453 452//452 388//388
f 388//388 452//452 387//387
f 452//452 451//451 387//387
f 387//387 451//451 386//386
f 451//451 450//450 386//386
f 322//322 386//386 385//385
f 460//460 459//459 395//395
f 472//472 471//471 407//407
f 396//396 460//460 395//395
f 397//397 461//461 396//396
f 471//471 470//470 406//406
f 406//406 470//470 405//405
f 470//470 469//469 405//405
f 405//405 469//469 404//404
f 469//469 468//468 404//404
f 404//404 468//468 403//403
f 468//468 467//467 403//403
f 403//403 467//467 402//402
f 467//467 466//466 402//402
f 402//402 466//466 401//401
f 466//466 465//465 401//401
f 401//401 465//465 400//400
f 465//465 464//464 400//400
f 400//400 464//464 399//399
f 464//464 463//463 399//399
f 399//399 463//463 398//398
f 463//463 462//462 398//398
f 398//398 462//462 397//397
f 462//462 461//461 397//397
f 461//461 460//460 396//396
f 587//587 586//586 522//522
f 523//523 587//587 522//522
f 588//588 587//587 523//523
f 713//713 712//712 648//648
f 648//648 712//712 647//647
f 712//712 711//711 647//647
f 647//647 711//711 646//646
f 711//711 710//710 646//646
f 646//646 710//710 645//645
f 710//710 709//709 645//645
f 645//645 709//709 644//644
f 709//709 708//708 644//644
f 644//644 708//708 643//643
f 708//708 707//707 643//643
f 643//643 707//707 642//642
f 707//707 706//706 642//642
f 578//578 642//642 641//641
f 642//642 705//705 641//641
f 641//641 705//705 640//640
f 705//705 704//704 640//640
f 640//640 704//704 639//639
f 704//704 703//703 639//639
f 649//649 713//713 648//648
f 639//639 703//703 638//638
f 714//714 713//713 649//649
f 715//715 714//714 650//650
f 660//660 724//724 659//659
f 724//724 723//723 659//659
f 659//659 723//723 658//658
f 723//723 722//722 658//658
f 658//658 722//722 657//657
f 722//722 721//721 657//657
f 657//657 721//721 656//656
f 721//721 720//720 656//656
f 656//656 720//720 655//655
f 720//720 719//719 655//655
f 655//655 719//719 654//654
f 719//719 718//718 654//654
f 654//654 718//718 653//653
f 718//718 717//717 653//653
f 653//653 717//717 652//652
f 717//717 716//716 652//652
f 652//652 716//716 651//651
f 716//716 715//715 651//651
f 651//651 715//715 650//650
f 650//650 714//714 649//649
f 725//725 724//724 660//660
f 703//703 702//702 638//638
f 702//702 701//701 637//637
f 690//690 689//689 625//625
f 625//625 689//689 624//624
f 689//689 688//688 624//624
f 624//624 688//688 623//623
f 688//688 687//687 623//623
f 623//623 687//687 622//622
f 687//687 686//686 622//622
f 622//622 686//686 621//621
f 686//686 685//685 621//621
f 621//621 685//685 620//620
f 685//685 684//684 620//620
f 620//620 684//684 619//619
f 684//684 683//683 619//619
f 619//619 683//683 618//618
f 683//683 682//682 618//618
f 618//618 682//682 617//617
f 682//682 681//681 617//617
f 617//617 681//681 616//616
f 681//681 680//680 616//616
f 626//626 690//690 625//625
f 638//638 702//702 637//637
f 691//691 690//690 626//626
f 692//692 691//691 627//627
f 637//637 701//701 636//636
f 701//701 700//700 636//636
f 636//636 700//700 635//635
f 700//700 699//699 635//635
f 635//635 699//699 634//634
f 699//699 698//698 634//634
f 634//634 698//698 633//633
f 698//698 697//697 633//633
f 633//633 697//697 632//632
f 697//697 696//696 632//632
f 632//632 696//696 631//631
f 696//696 695//695 631//631
f 631//631 695//695 630//630
f 695//695 694//694 630//630
f 630//630 694//694 629//629
f 694//694 693//693 629//629
f 629//629 693//693 628//628
f 693//693 692//692 628//628
f 628//628 692//692 627//627
f 627//627 691//691 626//626
f 616//616 680//680 615//615
f 661//661 725//725 660//660
f 662//662 726//726 661//661
f 759//759 758//758 694//694
f 694//694 758//758 693//693
f 758//758 757//757 693//693
f 693//693 757//757 692//692
f 757//757 756//756 692//692
f 692//692 756//756 691//691
f 756//756 755//755 691//691
f 691//691 755//755 690//690
f 755//755 754//754 690//690
f 690//690 754//754 689//689
f 754//754 753//753 689//689
f 689//689 753//753 688//688
f 753//753 752//752 688//688
f 688//688 752//752 687//687
f 752//752 751//751 687//687
f 687//687 751//751 686//686
f 751//751 750//750 686//686
f 686//686 750//750 685//685
f 750//750 749//749 685//685
f 695//695 759//759 694//694
f 685//685 749//749 684//684
f 760//760 759//759 695//695
f 761//761 760//760 696//696
f 642//642 706//706 705//705
f 706//706 769//769 705//705
f 705//705 769//769 704//704
f 769//769 768//768 704//704
f 704//704 768//768 703//703
f 768//768 767//767 703//703
f 703//703 767//767 702//702
f 767//767 766//766 702//702
f 702//702 766//766 701//701
f 766//766 765//765 701//701
f 701//701 765//765 700//700
f 765//765 764//764 700//700
f 700//700 764//764 699//699
f 764//764 763//763 699//699
f 699//699 763//763 698//698
f 763//763 762//762 698//698
f 698//698 762//762 697//697
f 762//762 761//761 697//697
f 697//697 761//761 696//696
f 696//696 760//760 695//695
f 726//726 725//725 661//661
f 749//749 748//748 684//684
f 748//748 747//747 683//683
f 736//736 735//735 671//671
f 671//671 735//735 670//670
f 735//735 734//734 670//670
f 670//670 734//734 669//669
f 734//734 733//733 669//669
f 669//669 733//733 668//668
f 733//733 732//732 668//668
f 668//668 732//732 667//667
f 732//732 731//731 667//667
f 667//667 731//731 666//666
f 731//731 730//730 666//666
f 666//666 730//730 665//665
f 730//730 729//729 665//665
f 665//665 729//729 664//664
f 729//729 728//728 664//664
f 664//664 728//728 663//663
f 728//728 727//727 663//663
f 663//663 727//727 662//662
f 727//727 726//726 662//662
f 672//672 736//736 671//671
f 684//684 748//748 683//683
f 737//737 736//736 672//672
f 738//738 737//737 673//673
f 683//683 747//747 682//682
f 747//747 746//746 682//682
f 682//682 746//746 681//681
f 746//746 745//745 681//681
f 681//681 745//745 680//680
f 745//745 744//744 680//680
f 680//680 744//744 679//679
f 744//744 743//743 679//679
f 679//679 743//743 678//678
f 743//743 742//742 678//678
f 678//678 742//742 677//677
f 742//742 741//741 677//677
f 677//677 741//741 676//676
f 741//741 740//740 676//676
f 676//676 740//740 675//675
f 740//740 739//739 675//675
f 675//675 739//739 674//674
f 739//739 738//738 674//674
f 674//674 738//738 673//673
f 673//673 737//737 672//672
f 680//680 679//679 615//615
f 615//615 679//679 614//614
f 679//679 678//678 614//614
f 556//556 620//620 555//555
f 620//620 619//619 555//555
f 555//555 619//619 554//554
f 619//619 618//618 554//554
f 554//554 618//618 553//553
f 618//618 617//617 553//553
f 553//553 617//617 552//552
f 617//617 616//616 552//552
f 552//552 616//616 551//551
f 616//616 615//615 551//551
f 551//551 615//615 550//550
f 615//615 614//614 550//550
f 550//550 614//614 549//549
f 614//614 613//613 549//549
f 549//549 613//613 548//548
f 613//613 612//612 548//548
f 548//548 612//612 547//547
f 612//612 611//611 547//547
f 547//547 611//611 546//546
f 621//621 620//620 556//556
f 611//611 610//610 546//546
f 557//557 621//621 556//556
f 558//558 622//622 557//557
f 632//632 631//631 567//567
f 567//567 631//631 566//566
f 631//631 630//630 566//566
f 566//566 630//630 565//565
f 630//630 629//629 565//565
f 565//565 629//629 564//564
f 629//629 628//628 564//564
f 564//564 628//628 563//563
f 628//628 627//627 563//563
f 563//563 627//627 562//562
f 627//627 626//626 562//562
f 562//562 626//626 561//561
f 626//626 625//625 561//561
f 561//561 625//625 560//560
f 625//625 624//624 560//560
f 560//560 624//624 559//559
f 624//624 623//623 559//559
f 559//559 623//623 558//558
f 623//623 622//622 558//558
f 622//622 621//621 557//557
f 568//568 632//632 567//567
f 546//546 610//610 545//545
f 545//545 609//609 544//544
f 533//533 597//597 532//532
f 597//597 596//596 532//532
f 532//532 596//596 531//531
f 596//596 595//595 531//531
f 531//531 595//595 530//530
f 595//595 594//594 530//530
f 530//530 594//594 529//529
f 594//594 593//593 529//529
f 529//529 593//593 528//528
f 593//593 592//592 528//528
f 528//528 592//592 527//527
f 592//592 591//591 527//527
f 527//527 591//591 526//526
f 591//591 590//590 526//526
f 526//526 590//590 525//525
f 590//590 589//589 525//525
f 525//525 589//589 524//524
f 589//589 588//588 524//524
f 524//524 588//588 523//523
f 598//598 597//597 533//533
f 610//610 609//609 545//545
f 534//534 598//598 533//533
f 535//535 599//599 534//534
f 609//609 608//608 544//544
f 544//544 608//608 543//543
f 608//608 607//607 543//543
f 543//543 607//607 542//542
f 607//607 606//606 542//542
f 542//542 606//606 541//541
f 606//606 605//605 541//541
f 541//541 605//605 540//540
f 605//605 604//604 540//540
f 540//540 604//604 539//539
f 604//604 603//603 539//539
f 539//539 603//603 538//538
f 603//603 602//602 538//538
f 538//538 602//602 537//537
f 602//602 601//601 537//537
f 537//537 601//601 536//536
f 601//601 600//600 536//536
f 536//536 600//600 535//535
f 600//600 599//599 535//535
f 599//599 598//598 534//534
f 633//633 632//632 568//568
f 569//569 633//633 568//568
f 634//634 633//633 569//569
f 667//667 666//666 602//602
f 602//602 666//666 601//601
f 666//666 665//665 601//601
f 601//601 665//665 600//600
f 665//665 664//664 600//600
f 600//600 664//664 599//599
f 664//664 663//663 599//599
f 599//599 663//663 598//598
f 663//663 662//662 598//598
f 598//598 662//662 597//597
f 662//662 661//661 597//597
f 597//597 661//661 596//596
f 661//661 660//660 596//596
f 596//596 660//660 595//595
f 660//660 659//659 595//595
f 595//595 659//659 594//594
f 659//659 658//658 594//594
f 594//594 658//658 593//593
f 658//658 657//657 593//593
f 603//603 667//667 602//602
f 593//593 657//657 592//592
f 668//668 667//667 603//603
f 669//669 668//668 604//604
f 614//614 678//678 613//613
f 678//678 677//677 613//613
f 613//613 677//677 612//612
f 677//677 676//676 612//612
f 612//612 676//676 611//611
f 676//676 675//675 611//611
f 611//611 675//675 610//610
f 675//675 674//674 610//610
f 610//610 674//674 609//609
f 674//674 673//673 609//609
f 609//609 673//673 608//608
f 673//673 672//672 608//608
f 608//608 672//672 607//607
f 672//672 671//671 607//607
f 607//607 671//671 606//606
f 671//671 670//670 606//606
f 606//606 670//670 605//605
f 670//670 669//669 605//605
f 605//605 669//669 604//604
f 604//604 668//668 603//603
f 657//657 656//656 592//592
f 592//592 656//656 591//591
f 656//656 655//655 591//591
f 579//579 643//643 578//578
f 643//643 642//642 578//578
f 514//514 578//578 577//577
f 578//578 641//641 577//577
f 577//577 641//641 576//576
f 641//641 640//640 576//576
f 576//576 640//640 575//575
f 640//640 639//639 575//575
f 575//575 639//639 574//574
f 639//639 638//638 574//574
f 574//574 638//638 573//573
f 638//638 637//637 573//573
f 573//573 637//637 572//572
f 637//637 636//636 572//572
f 572//572 636//636 571//571
f 636//636 635//635 571//571
f 571//571 635//635 570//570
f 635//635 634//634 570//570
f 570//570 634//634 569//569
f 644//644 643//643 579//579
f 580//580 644//644 579//579
f 645//645 644//644 580//580
f 581//581 645//645 580//580
f 591//591 655//655 590//590
f 655//655 654//654 590//590
f 590//590 654//654 589//589
f 654//654 653//653 589//589
f 589//589 653//653 588//588
f 653//653 652//652 588//588
f 588//588 652//652 587//587
f 652//652 651//651 587//587
f 587//587 651//651 586//586
f 339//339 403//403 338//338
f 651//651 650//650 586//586
f 650//650 649//649 585//585
f 585//585 649//649 584//584
f 649//649 648//648 584//584
f 584//584 648//648 583//583
f 648//648 647//647 583//583
f 583//583 647//647 582//582
f 647//647 646//646 582//582
f 582//582 646//646 581//581
f 646//646 645//645 581//581
f 586//586 650//650 585//585
f 403//403 402//402 338//338
f 354//354 418//418 353//353
f 402//402 401//401 337//337
f 160//160 159//159 95//95
f 95//95 159//159 94//94
f 159//159 158//158 94//94
f 94//94 158//158 93//93
f 158//158 157//157 93//93
f 93//93 157//157 92//92
f 157//157 156//156 92//92
f 92//92 156//156 91//91
f 156//156 155//155 91//91
f 91//91 155//155 90//90
f 155//155 154//154 90//90
f 90//90 154//154 89//89
f 154//154 153//153 89//89
f 89//89 153//153 88//88
f 153//153 152//152 88//88
f 88//88 152//152 87//87
f 152//152 151//151 87//87
f 87//87 151//151 86//86
f 151//151 150//150 86//86
f 96//96 160//160 95//95
f 86//86 150//150 85//85
f 161//161 160//160 96//96
f 162//162 161//161 97//97
f 107//107 171//171 106//106
f 171//171 170//170 106//106
f 106//106 170//170 105//105
f 170//170 169//169 105//105
f 105//105 169//169 104//104
f 169//169 168//168 104//104
f 104//104 168//168 103//103
f 168//168 167//167 103//103
f 103//103 167//167 102//102
f 167//167 166//166 102//102
f 102//102 166//166 101//101
f 166//166 165//165 101//101
f 101//101 165//165 100//100
f 165//165 164//164 100//100
f 100//100 164//164 99//99
f 164//164 163//163 99//99
f 99//99 163//163 98//98
f 163//163 162//162 98//98
f 98//98 162//162 97//97
f 97//97 161//161 96//96
f 172//172 171//171 107//107
f 150//150 149//149 85//85
f 149//149 148//148 84//84
f 137//137 136//136 72//72
f 72//72 136//136 71//71
f 136//136 135//135 71//71
f 71//71 135//135 70//70
f 135//135 134//134 70//70
f 70//70 134//134 69//69
f 134//134 133//133 69//69
f 69//69 133//133 68//68
f 133//133 132//132 68//68
f 68//68 132//132 67//67
f 132//132 131//131 67//67
f 67//67 131//131 66//66
f 131//131 130//130 66//66
f 2//2 66//66 65//65
f 66//66 129//129 65//65
f 65//65 129//129 64//64
f 129//129 128//128 64//64
f 64//64 128//128 63//63
f 128//128 127//127 63//63
f 73//73 137//137 72//72
f 85//85 149//149 84//84
f 138//138 137//137 73//73
f 139//139 138//138 74//74
f 84//84 148//148 83//83
f 148//148 147//147 83//83
f 83//83 147//147 82//82
f 147//147 146//146 82//82
f 82//82 146//146 81//81
f 146//146 145//145 81//81
f 81//81 145//145 80//80
f 145//145 144//144 80//80
f 80//80 144//144 79//79
f 144//144 143//143 79//79
f 79//79 143//143 78//78
f 143//143 142//142 78//78
f 78//78 142//142 77//77
f 142//142 141//141 77//77
f 77//77 141//141 76//76
f 141//141 140//140 76//76
f 76//76 140//140 75//75
f 140//140 139//139 75//75
f 75//75 139//139 74//74
f 74//74 138//138 73//73
f 63//63 127//127 62//62
f 108//108 172//172 107//107
f 109//109 173//173 108//108
f 206//206 205//205 141//141
f 141//141 205//205 140//140
f 205//205 204//204 140//140
f 140//140 204//204 139//139
f 204//204 203//203 139//139
f 139//139 203//203 138//138
f 338//338 402//402 337//337
f 138//138 202//202 137//137
f 202//202 201//201 137//137
f 137//137 201//201 136//136
f 201//201 200//200 136//136
f 136//136 200//200 135//135
f 200//200 199//199 135//135
f 135//135 199//199 134//134
f 199//199 198//198 134//134
f 134//134 198//198 133//133
f 198//198 197//197 133//133
f 133//133 197//197 132//132
f 197//197 196//196 132//132
f 142//142 206//206 141//141
f 132//132 196//196 131//131
f 207//207 206//206 142//142
f 208//208 207//207 143//143
f 153//153 217//217 152//152
f 217//217 216//216 152//152
f 152//152 216//216 151//151
f 216//216 215//215 151//151
f 151//151 215//215 150//150
f 215//215 214//214 150//150
f 150//150 214//214 149//149
f 214//214 213//213 149//149
f 149//149 213//213 148//148
f 213//213 212//212 148//148
f 148//148 212//212 147//147
f 212//212 211//211 147//147
f 147//147 211//211 146//146
f 211//211 210//210 146//146
f 146//146 210//210 145//145
f 210//210 209//209 145//145
f 145//145 209//209 144//144
f 209//209 208//208 144//144
f 144//144 208//208 143//143
f 143//143 207//207 142//142
f 173//173 172//172 108//108
f 196//196 195//195 131//131
f 195//195 194//194 130//130
f 183//183 182//182 118//118
f 118//118 182//182 117//117
f 182//182 181//181 117//117
f 117//117 181//181 116//116
f 181//181 180//180 116//116
f 116//116 180//180 115//115
f 180//180 179//179 115//115
f 115//115 179//179 114//114
f 179//179 178//178 114//114
f 114//114 178//178 113//113
f 178//178 177//177 113//113
f 113//113 177//177 112//112
f 177//177 176//176 112//112
f 112//112 176//176 111//111
f 176//176 175//175 111//111
f 111//111 175//175 110//110
f 175//175 174//174 110//110
f 110//110 174//174 109//109
f 174//174 173//173 109//109
f 119//119 183//183 118//118
f 131//131 195//195 130//130
f 184//184 183//183 119//119
f 185//185 184//184 120//120
f 66//66 130//130 129//129
f 130//130 193//193 129//129
f 129//129 193//193 128//128
f 193//193 192//192 128//128
f 128//128 192//192 127//127
f 192//192 191//191 127//127
f 127//127 191//191 126//126
f 191//191 190//190 126//126
f 126//126 190//190 125//125
f 190//190 189//189 125//125
f 125//125 189//189 124//124
f 189//189 188//188 124//124
f 124//124 188//188 123//123
f 188//188 187//187 123//123
f 123//123 187//187 122//122
f 187//187 186//186 122//122
f 122//122 186//186 121//121
f 186//186 185//185 121//121
f 121//121 185//185 120//120
f 120//120 184//184 119//119
f 127//127 126//126 62//62
f 62//62 126//126 61//61
f 126//126 125//125 61//61
f 3//3 67//67 2//2
f 67//67 66//66 2//2
f 2//2 65//65 1//1
f 65//65 64//64 1//1
f 64//64 63//63 1//1
f 63//63 62//62 1//1
f 62//62 61//61 1//1
f 61//61 60//60 1//1
f 60//60 59//59 1//1
f 59//59 58//58 1//1
f 58//58 57//57 1//1
f 57//57 56//56 1//1
f 56//56 55//55 1//1
f 55//55 54//54 1//1
f 54//54 53//53 1//1
f 53//53 52//52 1//1
f 52//52 51//51 1//1
f 51//51 50//50 1//1
f 50//50 49//49 1//1
f 68//68 67//67 3//3
f 49//49 48//48 1//1
f 4//4 68//68 3//3
f 5//5 69//69 4//4
f 79//79 78//78 14//14
f 14//14 78//78 13//13
f 78//78 77//77 13//13
f 13//13 77//77 12//12
f 77//77 76//76 12//12
f 12//12 76//76 11//11
f 76//76 75//75 11//11
f 11//11 75//75 10//10
f 75//75 74//74 10//10
f 10//10 74//74 9//9
f 74//74 73//73 9//9
f 9//9 73//73 8//8
f 73//73 72//72 8//8
f 8//8 72//72 7//7
f 72//72 71//71 7//7
f 7//7 71//71 6//6
f 71//71 70//70 6//6
f 6//6 70//70 5//5
f 70//70 69//69 5//5
f 69//69 68//68 4//4
f 15//15 79//79 14//14
f 48//48 47//47 1//1
f 46//46 45//45 1//1
f 22//22 21//21 1//1
f 21//21 20//20 1//1
f 20//20 19//19 1//1
f 19//19 18//18 1//1
f 18//18 17//17 1//1
f 17//17 16//16 1//1
f 16//16 15//15 1//1
f 15//15 14//14 1//1
f 14//14 13//13 1//1
f 13//13 12//12 1//1
f 12//12 11//11 1//1
f 11//11 10//10 1//1
f 10//10 9//9 1//1
f 9//9 8//8 1//1
f 8//8 7//7 1//1
f 7//7 6//6 1//1
f 6//6 5//5 1//1
f 5//5 4//4 1//1
f 4//4 3//3 1//1
f 23//23 22//22 1//1
f 47//47 46//46 1//1
f 24//24 23//23 1//1
f 26//26 25//25 1//1
f 45//45 44//44 1//1
f 44//44 43//43 1//1
f 43//43 42//42 1//1
f 42//42 41//41 1//1
f 41//41 40//40 1//1
f 40//40 39//39 1//1
f 39//39 38//38 1//1
f 38//38 37//37 1//1
f 37//37 36//36 1//1
f 36//36 35//35 1//1
f 35//35 34//34 1//1
f 34//34 33//33 1//1
f 33//33 32//32 1//1
f 32//32 31//31 1//1
f 31//31 30//30 1//1
f 30//30 29//29 1//1
f 29//29 28//28 1//1
f 28//28 27//27 1//1
f 27//27 26//26 1//1
f 25//25 24//24 1//1
f 80//80 79//79 15//15
f 16//16 80//80 15//15
f 81//81 80//80 16//16
f 114//114 113//113 49//49
f 49//49 113//113 48//48
f 113//113 112//112 48//48
f 48//48 112//112 47//47
f 112//112 111//111 47//47
f 47//47 111//111 46//46
f 111//111 110//110 46//46
f 46//46 110//110 45//45
f 110//110 109//109 45//45
f 45//45 109//109 44//44
f 109//109 108//108 44//44
f 44//44 108//108 43//43
f 108//108 107//107 43//43
f 43//43 107//107 42//42
f 107//107 106//106 42//42
f 42//42 106//106 41//41
f 106//106 105//105 41//41
f 41//41 105//105 40//40
f 105//105 104//104 40//40
f 50//50 114//114 49//49
f 40//40 104//104 39//39
f 115//115 114//114 50//50
f 116//116 115//115 51//51
f 61//61 125//125 60//60
f 125//125 124//124 60//60
f 60//60 124//124 59//59
f 124//124 123//123 59//59
f 59//59 123//123 58//58
f 123//123 122//122 58//58
f 58//58 122//122 57//57
f 122//122 121//121 57//57
f 57//57 121//121 56//56
f 121//121 120//120 56//56
f 56//56 120//120 55//55
f 120//120 119//119 55//55
f 55//55 119//119 54//54
f 119//119 118//118 54//54
f 54//54 118//118 53//53
f 118//118 117//117 53//53
f 53//53 117//117 52//52
f 117//117 116//116 52//52
f 52//52 116//116 51//51
f 51//51 115//115 50//50
f 104//104 103//103 39//39
f 39//39 103//103 38//38
f 103//103 102//102 38//38
f 26//26 90//90 25//25
f 90//90 89//89 25//25
f 25//25 89//89 24//24
f 89//89 88//88 24//24
f 24//24 88//88 23//23
f 88//88 87//87 23//23
f 23//23 87//87 22//22
f 87//87 86//86 22//22
f 22//22 86//86 21//21
f 86//86 85//85 21//21
f 21//21 85//85 20//20
f 85//85 84//84 20//20
f 20//20 84//84 19//19
f 84//84 83//83 19//19
f 19//19 83//83 18//18
f 83//83 82//82 18//18
f 18//18 82//82 17//17
f 82//82 81//81 17//17
f 17//17 81//81 16//16
f 91//91 90//90 26//26
f 27//27 91//91 26//26
f 92//92 91//91 27//27
f 28//28 92//92 27//27
f 38//38 102//102 37//37
f 102//102 101//101 37//37
f 37//37 101//101 36//36
f 101//101 100//100 36//36
f 36//36 100//100 35//35
f 100//100 99//99 35//35
f 35//35 99//99 34//34
f 99//99 98//98 34//34
f 34//34 98//98 33//33
f 218//218 217//217 153//153
f 98//98 97//97 33//33
f 97//97 96//96 32//32
f 32//32 96//96 31//31
f 96//96 95//95 31//31
f 31//31 95//95 30//30
f 95//95 94//94 30//30
f 30//30 94//94 29//29
f 94//94 93//93 29//29
f 29//29 93//93 28//28
f 93//93 92//92 28//28
f 33//33 97//97 32//32
f 154//154 218//218 153//153
f 203//203 202//202 138//138
f 155//155 219//219 154//154
f 344//344 343//343 279//279
f 279//279 343//343 278//278
f 343//343 342//342 278//278
f 278//278 342//342 277//277
f 342//342 341//341 277//277
f 277//277 341//341 276//276
f 341//341 340//340 276//276
f 276//276 340//340 275//275
f 340//340 339//339 275//275
f 275//275 339//339 274//274
f 339//339 338//338 274//274
f 274//274 338//338 273//273
f 338//338 337//337 273//273
f 273//273 337//337 272//272
f 337//337 336//336 272//272
f 272//272 336//336 271//271
f 336//336 335//335 271//271
f 271//271 335//335 270//270
f 335//335 334//334 270//270
f 280//280 344//344 279//279
f 270//270 334//334 269//269
f 345//345 344//344 280//280
f 346//346 345//345 281//281
f 291//291 355//355 290//290
f 355//355 354//354 290//290
f 290//290 354//354 289//289
f 354//354 353//353 289//289
f 289//289 353//353 288//288
f 353//353 352//352 288//288
f 288//288 352//352 287//287
f 352//352 351//351 287//287
f 287//287 351//351 286//286
f 351//351 350//350 286//286
f 286//286 350//350 285//285
f 350//350 349//349 285//285
f 285//285 349//349 284//284
f 349//349 348//348 284//284
f 284//284 348//348 283//283
f 348//348 347//347 283//283
f 283//283 347//347 282//282
f 347//347 346//346 282//282
f 282//282 346//346 281//281
f 281//281 345//345 280//280
f 356//356 355//355 291//291
f 334//334 333//333 269//269
f 333//333 332//332 268//268
f 321//321 320//320 256//256
f 256//256 320//320 255//255
f 320//320 319//319 255//255
f 255//255 319//319 254//254
f 319//319 318//318 254//254
f 254//254 318//318 253//253
f 318//318 317//317 253//253
f 253//253 317//317 252//252
f 317//317 316//316 252//252
f 252//252 316//316 251//251
f 316//316 315//315 251//251
f 251//251 315//315 250//250
f 315//315 314//314 250//250
f 250//250 314//314 249//249
f 314//314 313//313 249//249
f 249//249 313//313 248//248
f 313//313 312//312 248//248
f 248//248 312//312 247//247
f 312//312 311//311 247//247
f 257//257 321//321 256//256
f 269//269 333//333 268//268
f 258//258 321//321 257//257
f 323//323 322//322 258//258
f 268//268 332//332 267//267
f 332//332 331//331 267//267
f 267//267 331//331 266//266
f 331//331 330//330 266//266
f 266//266 330//330 265//265
f 330//330 329//329 265//265
f 265//265 329//329 264//264
f 329//329 328//328 264//264
f 264//264 328//328 263//263
f 328//328 327//327 263//263
f 263//263 327//327 262//262
f 327//327 326//326 262//262
f 219//219 218//218 154//154
f 326//326 325//325 261//261
f 261//261 325//325 260//260
f 325//325 324//324 260//260
f 260//260 324//324 259//259
f 324//324 323//323 259//259
f 259//259 323//323 258//258
f 194//194 258//258 257//257
f 247//247 311//311 246//246
f 292//292 356//356 291//291
f 293//293 357//357 292//292
f 390//390 389//389 325//325
f 325//325 389//389 324//324
f 389//389 388//388 324//324
f 324//324 388//388 323//323
f 388//388 387//387 323//323
f 323//323 387//387 322//322
f 387//387 386//386 322//322
f 258//258 322//322 321//321
f 322//322 385//385 321//321
f 321//321 385//385 320//320
f 385//385 384//384 320//320
f 320//320 384//384 319//319
f 384//384 383//383 319//319
f 319//319 383//383 318//318
f 383//383 382//382 318//318
f 318//318 382//382 317//317
f 382//382 381//381 317//317
f 317//317 381//381 316//316
f 381//381 380//380 316//316
f 326//326 390//390 325//325
f 316//316 380//380 315//315
f 391//391 390//390 326//326
f 392//392 391//391 327//327
f 337//337 401//401 336//336
f 401//401 400//400 336//336
f 336//336 400//400 335//335
f 400//400 399//399 335//335
f 335//335 399//399 334//334
f 399//399 398//398 334//334
f 334//334 398//398 333//333
f 398//398 397//397 333//333
f 333//333 397//397 332//332
f 397//397 396//396 332//332
f 332//332 396//396 331//331
f 396//396 395//395 331//331
f 331//331 395//395 330//330
f 395//395 394//394 330//330
f 330//330 394//394 329//329
f 394//394 393//393 329//329
f 329//329 393//393 328//328
f 393//393 392//392 328//328
f 328//328 392//392 327//327
f 327//327 391//391 326//326
f 357//357 356//356 292//292
f 380//380 379//379 315//315
f 379//379 378//378 314//314
f 367//367 366//366 302//302
f 302//302 366//366 301//301
f 366//366 365//365 301//301
f 301//301 365//365 300//300
f 365//365 364//364 300//300
f 300//300 364//364 299//299
f 364//364 363//363 299//299
f 299//299 363//363 298//298
f 363//363 362//362 298//298
f 298//298 362//362 297//297
f 362//362 361//361 297//297
f 297//297 361//361 296//296
f 361//361 360//360 296//296
f 296//296 360//360 295//295
f 360//360 359//359 295//295
f 295//295 359//359 294//294
f 359//359 358//358 294//294
f 294//294 358//358 293//293
f 358//358 357//357 293//293
f 303//303 367//367 302//302
f 315//315 379//379 314//314
f 368//368 367//367 303//303
f 369//369 368//368 304//304
f 314//314 378//378 313//313
f 378//378 377//377 313//313
f 313//313 377//377 312//312
f 377//377 376//376 312//312
f 312//312 376//376 311//311
f 376//376 375//375 311//311
f 311//311 375//375 310//310
f 375//375 374//374 310//310
f 310//310 374//374 309//309
f 374//374 373//373 309//309
f 309//309 373//373 308//308
f 373//373 372//372 308//308
f 308//308 372//372 307//307
f 372//372 371//371 307//307
f 307//307 371//371 306//306
f 371//371 370//370 306//306
f 306//306 370//370 305//305
f 370//370 369//369 305//305
f 305//305 369//369 304//304
f 304//304 368//368 303//303
f 311//311 310//310 246//246
f 262//262 326//326 261//261
f 310//310 309//309 245//245
f 252//252 251//251 187//187
f 187//187 251//251 186//186
f 251//251 250//250 186//186
f 186//186 250//250 185//185
f 250//250 249//249 185//185
f 185//185 249//249 184//184
f 246//246 310//310 245//245
f 184//184 248//248 183//183
f 248//248 247//247 183//183
f 183//183 247//247 182//182
f 247//247 246//246 182//182
f 182//182 246//246 181//181
f 246//246 245//245 181//181
f 181//181 245//245 180//180
f 245//245 244//244 180//180
f 180//180 244//244 179//179
f 244//244 243//243 179//179
f 179//179 243//243 178//178
f 243//243 242//242 178//178
f 188//188 252//252 187//187
f 178//178 242//242 177//177
f 253//253 252//252 188//188
f 254//254 253//253 189//189
f 199//199 263//263 198//198
f 263//263 262//262 198//198
f 198//198 262//262 197//197
f 262//262 261//261 197//197
f 197//197 261//261 196//196
f 261//261 260//260 196//196
f 196//196 260//260 195//195
f 260//260 259//259 195//195
f 195//195 259//259 194//194
f 259//259 258//258 194//194
f 130//130 194//194 193//193
f 194//194 257//257 193//193
f 193//193 257//257 192//192
f 257//257 256//256 192//192
f 192//192 256//256 191//191
f 256//256 255//255 191//191
f 191//191 255//255 190//190
f 255//255 254//254 190//190
f 190//190 254//254 189//189
f 189//189 253//253 188//188
f 264//264 263//263 199//199
f 242//242 241//241 177//177
f 241//241 240//240 176//176
f 229//229 228//228 164//164
f 164//164 228//228 163//163
f 228//228 227//227 163//163
f 163//163 227//227 162//162
f 227//227 226//226 162//162
f 162//162 226//226 161//161
f 226//226 225//225 161//161
f 161//161 225//225 160//160
f 225//225 224//224 160//160
f 160//160 224//224 159//159
f 224//224 223//223 159//159
f 159//159 223//223 158//158
f 223//223 222//222 158//158
f 158//158 222//222 157//157
f 222//222 221//221 157//157
f 157//157 221//221 156//156
f 221//221 220//220 156//156
f 156//156 220//220 155//155
f 220//220 219//219 155//155
f 165//165 229//229 164//164
f 177//177 241//241 176//176
f 230//230 229//229 165//165
f 231//231 230//230 166//166
f 176//176 240//240 175//175
f 240//240 239//239 175//175
f 175//175 239//239 174//174
f 239//239 238//238 174//174
f 174//174 238//238 173//173
f 238//238 237//237 173//173
f 173//173 237//237 172//172
f 237//237 236//236 172//172
f 172//172 236//236 171//171
f 236//236 235//235 171//171
f 171//171 235//235 170//170
f 235//235 234//234 170//170
f 170//170 234//234 169//169
f 234//234 233//233 169//169
f 169//169 233//233 168//168
f 233//233 232//232 168//168
f 168//168 232//232 167//167
f 232//232 231//231 167//167
f 167//167 231//231 166//166
f 166//166 230//230 165//165
f 200//200 264//264 199//199
f 249//249 248//248 184//184
f 201//201 265//265 200//200
f 298//298 297//297 233//233
f 233//233 297//297 232//232
f 297//297 296//296 232//232
f 232//232 296//296 231//231
f 296//296 295//295 231//231
f 231//231 295//295 230//230
f 295//295 294//294 230//230
f 230//230 294//294 229//229
f 294//294 293//293 229//229
f 229//229 293//293 228//228
f 293//293 292//292 228//228
f 228//228 292//292 227//227
f 292//292 291//291 227//227
f 227//227 291//291 226//226
f 291//291 290//290 226//226
f 226//226 290//290 225//225
f 290//290 289//289 225//225
f 225//225 289//289 224//224
f 289//289 288//288 224//224
f 234//234 298//298 233//233
f 224//224 288//288 223//223
f 299//299 298//298 234//234
f 300//300 299//299 235//235
f 245//245 309//309 244//244
f 309//309 308//308 244//244
f 244//244 308//308 243//243
f 308//308 307//307 243//243
f 243//243 307//307 242//242
f 307//307 306//306 242//242
f 242//242 306//306 241//241
f 306//306 305//305 241//241
f 241//241 305//305 240//240
f 305//305 304//304 240//240
f 240//240 304//304 239//239
f 304//304 303//303 239//239
f 239//239 303//303 238//238
f 265//265 264//264 200//200
f 238//238 302//302 237//237
f 302//302 301//301 237//237
f 237//237 301//301 236//236
f 301//301 300//300 236//236
f 236//236 300//300 235//235
f 235//235 299//299 234//234
f 288//288 287//287 223//223
f 303//303 302//302 238//238
f 287//287 286//286 222//222
f 275//275 274//274 210//210
f 210//210 274//274 209//209
f 274//274 273//273 209//209
f 209//209 273//273 208//208
f 273//273 272//272 208//208
f 208//208 272//272 207//207
f 272//272 271//271 207//207
f 207//207 271//271 206//206
f 271//271 270//270 206//206
f 206//206 270//270 205//205
f 270//270 269//269 205//205
f 205//205 269//269 204//204
f 204//204 268//268 203//203
f 268//268 267//267 203//203
f 203//203 267//267 202//202
f 267//267 266//266 202//202
f 202//202 266//266 201//201
f 266//266 265//265 201//201
f 223//223 287//287 222//222
f 211//211 275//275 210//210
f 276//276 275//275 211//211
f 269//269 268//268 204//204
f 277//277 276//276 212//212
f 222//222 286//286 221//221
f 212//212 276//276 211//211
f 286//286 285//285 221//221
f 221//221 285//285 220//220
f 285//285 284//284 220//220
f 284//284 283//283 219//219
f 219//219 283//283 218//218
f 283//283 282//282 218//218
f 218//218 282//282 217//217
f 282//282 281//281 217//217
f 220//220 284//284 219//219
f 281//281 280//280 216//216
f 216//216 280//280 215//215
f 280//280 279//279 215//215
f 213//213 277//277 212//212
f 215//215 279//279 214//214
f 279//279 278//278 214//214
f 214//214 278//278 213//213
f 217//217 281//281 216//216
f 278//278 277//277 213//213
f 748//748 812//812 747//747
f 813//813 812//812 748//748
f 749//749 813//813 748//748
f 814//814 813//813 749//749
f 750//750 814//814 749//749
f 816//816 815//815 751//751
f 751//751 815//815 750//750
f 752//752 816//816 751//751
f 817//817 816//816 752//752
f 812//812 811//811 747//747
f 818//818 817//817 753//753
f 753//753 817//817 752//752
f 815//815 814//814 750//750
f 747//747 811//811 746//746
f 742//742 806//806 741//741
f 746//746 810//810 745//745
f 810//810 809//809 745//745
f 745//745 809//809 744//744
f 809//809 808//808 744//744
f 744//744 808//808 743//743
f 808//808 807//807 743//743
f 743//743 807//807 742//742
f 807//807 806//806 742//742
f 806//806 805//805 741//741
f 741//741 805//805 740//740
f 805//805 804//804 740//740
f 740//740 804//804 739//739
f 754//754 818//818 753//753
f 804//804 803//803 739//739
f 811//811 810//810 746//746
f 819//819 818//818 754//754
f 830//830 829//829 765//765
f 820//820 819//819 755//755
f 739//739 803//803 738//738
f 706//706 770//770 769//769
f 770//770 833//833 769//769
f 769//769 833//833 768//768
f 833//833 832//832 768//768
f 768//768 832//832 767//767
f 832//832 831//831 767//767
f 767//767 831//831 766//766
f 831//831 830//830 766//766
f 766//766 830//830 765//765
f 765//765 829//829 764//764
f 829//829 828//828 764//764
f 764//764 828//828 763//763
f 828//828 827//827 763//763
f 763//763 827//827 762//762
f 827//827 826//826 762//762
f 762//762 826//826 761//761
f 826//826 825//825 761//761
f 761//761 825//825 760//760
f 825//825 824//824 760//760
f 760//760 824//824 759//759
f 824//824 823//823 759//759
f 759//759 823//823 758//758
f 823//823 822//822 758//758
f 758//758 822//822 757//757
f 822//822 821//821 757//757
f 757//757 821//821 756//756
f 821//821 820//820 756//756
f 756//756 820//820 755//755
f 755//755 819//819 754//754
f 803//803 802//802 738//738
f 738//738 802//802 737//737
f 802//802 801//801 737//737
f 785//785 784//784 720//720
f 720//720 784//784 719//719
f 784//784 783//783 719//719
f 719//719 783//783 718//718
f 783//783 782//782 718//718
f 718//718 782//782 717//717
f 782//782 781//781 717//717
f 717//717 781//781 716//716
f 781//781 780//780 716//716
f 716//716 780//780 715//715
f 780//780 779//779 715//715
f 715//715 779//779 714//714
f 779//779 778//778 714//714
f 721//721 785//785 720//720
f 714//714 778//778 713//713
f 713//713 777//777 712//712
f 777//777 776//776 712//712
f 712//712 776//776 711//711
f 776//776 775//775 711//711
f 775//775 774//774 710//710
f 710//710 774//774 709//709
f 774//774 773//773 709//709
f 709//709 773//773 708//708
f 773//773 772//772 708//708
f 708//708 772//772 707//707
f 772//772 771//771 707//707
f 707//707 771//771 706//706
f 771//771 770//770 706//706
f 778//778 777//777 713//713
f 786//786 785//785 721//721
f 711//711 775//775 710//710
f 787//787 786//786 722//722
f 722//722 786//786 721//721
f 737//737 801//801 736//736
f 801//801 800//800 736//736
f 736//736 800//800 735//735
f 800//800 799//799 735//735
f 735//735 799//799 734//734
f 734//734 798//798 733//733
f 798//798 797//797 733//733
f 733//733 797//797 732//732
f 797//797 796//796 732//732
f 732//732 796//796 731//731
f 796//796 795//795 731//731
f 731//731 795//795 730//730
f 795//795 794//794 730//730
f 799//799 798//798 734//734
f 794//794 793//793 729//729
f 723//723 787//787 722//722
f 730//730 794//794 729//729
f 788//788 787//787 723//723
f 724//724 788//788 723//723
f 789//789 788//788 724//724
f 790//790 789//789 725//725
f 726//726 790//790 725//725
f 725//725 789//789 724//724
f 727//727 791//791 726//726
f 792//792 791//791 727//727
f 728//728 792//792 727//727
f 793//793 792//792 728//728
f 729//729 793//793 728//728
f 791//791 790//790 726//726
f 1327//1327 1326//1326 1262//1262
f 1324//1324 1323//1323 1259//1259
f 1263//1263 1327//1327 1262//1262
f 1262//1262 1326//1326 1261//1261
f 1326//1326 1325//1325 1261//1261
f 1261//1261 1325//1325 1260//1260
f 1325//1325 1324//1324 1260//1260
f 1260//1260 1324//1324 1259//1259
f 1259//1259 1323//1323 1258//1258
f 1320//1320 1319//1319 1255//1255
f 1258//1258 1322//1322 1257//1257
f 1322//1322 1321//1321 1257//1257
f 1257//1257 1321//1321 1256//1256
f 1321//1321 1320//1320 1256//1256
f 1256//1256 1320//1320 1255//1255
f 1255//1255 1319//1319 1254//1254
f 1319//1319 1318//1318 1254//1254
f 1328//1328 1327//1327 1263//1263
f 1254//1254 1318//1318 1253//1253
f 1323//1323 1322//1322 1258//1258
f 1264//1264 1328//1328 1263//1263
f 1336//1336 1335//1335 1271//1271
f 1265//1265 1329//1329 1264//1264
f 1318//1318 1317//1317 1253//1253
f 1339//1339 1338//1338 1274//1274
f 1274//1274 1338//1338 1273//1273
f 1338//1338 1337//1337 1273//1273
f 1273//1273 1337//1337 1272//1272
f 1337//1337 1336//1336 1272//1272
f 1272//1272 1336//1336 1271//1271
f 1271//1271 1335//1335 1270//1270
f 1335//1335 1334//1334 1270//1270
f 1270//1270 1334//1334 1269//1269
f 1334//1334 1333//1333 1269//1269
f 1269//1269 1333//1333 1268//1268
f 1333//1333 1332//1332 1268//1268
f 1268//1268 1332//1332 1267//1267
f 1332//1332 1331//1331 1267//1267
f 1267//1267 1331//1331 1266//1266
f 1331//1331 1330//1330 1266//1266
f 1266//1266 1330//1330 1265//1265
f 1330//1330 1329//1329 1265//1265
f 1329//1329 1328//1328 1264//1264
f 1253//1253 1317//1317 1252//1252
f 1302//1302 1301//1301 1237//1237
f 1252//1252 1316//1316 1251//1251
f 1240//1240 1304//1304 1239//1239
f 1304//1304 1303//1303 1239//1239
f 1239//1239 1303//1303 1238//1238
f 1303//1303 1302//1302 1238//1238
f 1238//1238 1302//1302 1237//1237
f 1275//1275 1339//1339 1274//1274
f 1237//1237 1301//1301 1236//1236
f 1301//1301 1300//1300 1236//1236
f 1236//1236 1300//1300 1235//1235
f 1300//1300 1299//1299 1235//1235
f 1235//1235 1299//1299 1234//1234
f 1299//1299 1298//1298 1234//1234
f 1234//1234 1298//1298 1233//1233
f 1298//1298 1297//1297 1233//1233
f 1233//1233 1297//1297 1232//1232
f 1297//1297 1296//1296 1232//1232
f 1232//1232 1296//1296 1231//1231
f 1296//1296 1295//1295 1231//1231
f 1231//1231 1295//1295 1230//1230
f 1305//1305 1304//1304 1240//1240
f 1317//1317 1316//1316 1252//1252
f 1241//1241 1305//1305 1240//1240
f 1242//1242 1306//1306 1241//1241
f 1316//1316 1315//1315 1251//1251
f 1251//1251 1315//1315 1250//1250
f 1315//1315 1314//1314 1250//1250
f 1250//1250 1314//1314 1249//1249
f 1314//1314 1313//1313 1249//1249
f 1249//1249 1313//1313 1248//1248
f 1313//1313 1312//1312 1248//1248
f 1248//1248 1312//1312 1247//1247
f 1312//1312 1311//1311 1247//1247
f 1247//1247 1311//1311 1246//1246
f 1311//1311 1310//1310 1246//1246
f 1246//1246 1310//1310 1245//1245
f 1310//1310 1309//1309 1245//1245
f 1245//1245 1309//1309 1244//1244
f 1309//1309 1308//1308 1244//1244
f 1244//1244 1308//1308 1243//1243
f 1308//1308 1307//1307 1243//1243
f 1243//1243 1307//1307 1242//1242
f 1307//1307 1306//1306 1242//1242
f 1306//1306 1305//1305 1241//1241
f 1340//1340 1339//1339 1275//1275
f 1291//1291 1355//1355 1290//1290
f 1341//1341 1340//1340 1276//1276
f 1309//1309 1373//1373 1308//1308
f 1373//1373 1372//1372 1308//1308
f 1308//1308 1372//1372 1307//1307
f 1372//1372 1371//1371 1307//1307
f 1307//1307 1371//1371 1306//1306
f 1371//1371 1370//1370 1306//1306
f 1306//1306 1370//1370 1305//1305
f 1370//1370 1369//1369 1305//1305
f 1305//1305 1369//1369 1304//1304
f 1369//1369 1368//1368 1304//1304
f 1304//1304 1368//1368 1303//1303
f 1368//1368 1367//1367 1303//1303
f 1303//1303 1367//1367 1302//1302
f 1367//1367 1366//1366 1302//1302
f 1302//1302 1366//1366 1301//1301
f 1366//1366 1365//1365 1301//1301
f 1301//1301 1365//1365 1300//1300
f 1365//1365 1364//1364 1300//1300
f 1300//1300 1364//1364 1299//1299
f 1374//1374 1373//1373 1309//1309
f 1364//1364 1363//1363 1299//1299
f 1310//1310 1374//1374 1309//1309
f 1311//1311 1375//1375 1310//1310
f 1385//1385 1384//1384 1320//1320
f 1320//1320 1384//1384 1319//1319
f 1384//1384 1383//1383 1319//1319
f 1319//1319 1383//1383 1318//1318
f 1383//1383 1382//1382 1318//1318
f 1318//1318 1382//1382 1317//1317
f 1382//1382 1381//1381 1317//1317
f 1317//1317 1381//1381 1316//1316
f 1381//1381 1380//1380 1316//1316
f 1316//1316 1380//1380 1315//1315
f 1380//1380 1379//1379 1315//1315
f 1315//1315 1379//1379 1314//1314
f 1379//1379 1378//1378 1314//1314
f 1314//1314 1378//1378 1313//1313
f 1378//1378 1377//1377 1313//1313
f 1313//1313 1377//1377 1312//1312
f 1377//1377 1376//1376 1312//1312
f 1312//1312 1376//1376 1311//1311
f 1376//1376 1375//1375 1311//1311
f 1375//1375 1374//1374 1310//1310
f 1276//1276 1340//1340 1275//1275
f 1299//1299 1363//1363 1298//1298
f 1298//1298 1362//1362 1297//1297
f 1286//1286 1350//1350 1285//1285
f 1350//1350 1349//1349 1285//1285
f 1285//1285 1349//1349 1284//1284
f 1349//1349 1348//1348 1284//1284
f 1284//1284 1348//1348 1283//1283
f 1348//1348 1347//1347 1283//1283
f 1283//1283 1347//1347 1282//1282
f 1347//1347 1346//1346 1282//1282
f 1218//1218 1282//1282 1281//1281
f 1282//1282 1345//1345 1281//1281
f 1281//1281 1345//1345 1280//1280
f 1345//1345 1344//1344 1280//1280
f 1280//1280 1344//1344 1279//1279
f 1344//1344 1343//1343 1279//1279
f 1279//1279 1343//1343 1278//1278
f 1343//1343 1342//1342 1278//1278
f 1278//1278 1342//1342 1277//1277
f 1342//1342 1341//1341 1277//1277
f 1277//1277 1341//1341 1276//1276
f 1351//1351 1350//1350 1286//1286
f 1363//1363 1362//1362 1298//1298
f 1287//1287 1351//1351 1286//1286
f 1288//1288 1352//1352 1287//1287
f 1362//1362 1361//1361 1297//1297
f 1297//1297 1361//1361 1296//1296
f 1361//1361 1360//1360 1296//1296
f 1296//1296 1360//1360 1295//1295
f 1360//1360 1359//1359 1295//1295
f 1295//1295 1359//1359 1294//1294
f 1359//1359 1358//1358 1294//1294
f 1294//1294 1358//1358 1293//1293
f 1358//1358 1357//1357 1293//1293
f 1293//1293 1357//1357 1292//1292
f 1357//1357 1356//1356 1292//1292
f 1292//1292 1356//1356 1291//1291
f 1356//1356 1355//1355 1291//1291
f 1295//1295 1294//1294 1230//1230
f 1355//1355 1354//1354 1290//1290
f 1290//1290 1354//1354 1289//1289
f 1354//1354 1353//1353 1289//1289
f 1289//1289 1353//1353 1288//1288
f 1353//1353 1352//1352 1288//1288
f 1352//1352 1351//1351 1287//1287
f 1230//1230 1294//1294 1229//1229
f 1279//1279 1278//1278 1214//1214
f 1229//1229 1293//1293 1228//1228
f 1171//1171 1235//1235 1170//1170
f 1235//1235 1234//1234 1170//1170
f 1170//1170 1234//1234 1169//1169
f 1234//1234 1233//1233 1169//1169
f 1169//1169 1233//1233 1168//1168
f 1233//1233 1232//1232 1168//1168
f 1168//1168 1232//1232 1167//1167
f 1232//1232 1231//1231 1167//1167
f 1167//1167 1231//1231 1166//1166
f 1231//1231 1230//1230 1166//1166
f 1166//1166 1230//1230 1165//1165
f 1230//1230 1229//1229 1165//1165
f 1165//1165 1229//1229 1164//1164
f 1229//1229 1228//1228 1164//1164
f 1164//1164 1228//1228 1163//1163
f 1228//1228 1227//1227 1163//1163
f 1163//1163 1227//1227 1162//1162
f 1227//1227 1226//1226 1162//1162
f 1162//1162 1226//1226 1161//1161
f 1236//1236 1235//1235 1171//1171
f 1226//1226 1225//1225 1161//1161
f 1172//1172 1236//1236 1171//1171
f 1173//1173 1237//1237 1172//1172
f 1247//1247 1246//1246 1182//1182
f 1182//1182 1246//1246 1181//1181
f 1246//1246 1245//1245 1181//1181
f 1181//1181 1245//1245 1180//1180
f 1245//1245 1244//1244 1180//1180
f 1180//1180 1244//1244 1179//1179
f 1244//1244 1243//1243 1179//1179
f 1179//1179 1243//1243 1178//1178
f 1243//1243 1242//1242 1178//1178
f 1178//1178 1242//1242 1177//1177
f 1242//1242 1241//1241 1177//1177
f 1177//1177 1241//1241 1176//1176
f 1241//1241 1240//1240 1176//1176
f 1176//1176 1240//1240 1175//1175
f 1240//1240 1239//1239 1175//1175
f 1175//1175 1239//1239 1174//1174
f 1239//1239 1238//1238 1174//1174
f 1174//1174 1238//1238 1173//1173
f 1238//1238 1237//1237 1173//1173
f 1237//1237 1236//1236 1172//1172
f 1183//1183 1247//1247 1182//1182
f 1161//1161 1225//1225 1160//1160
f 1160//1160 1224//1224 1159//1159
f 1148//1148 1212//1212 1147//1147
f 1212//1212 1211//1211 1147//1147
f 1147//1147 1211//1211 1146//1146
f 1211//1211 1210//1210 1146//1146
f 1146//1146 1210//1210 1145//1145
f 1210//1210 1209//1209 1145//1145
f 1145//1145 1209//1209 1144//1144
f 1209//1209 1208//1208 1144//1144
f 1144//1144 1208//1208 1143//1143
f 1208//1208 1207//1207 1143//1143
f 1143//1143 1207//1207 1142//1142
f 1207//1207 1206//1206 1142//1142
f 1142//1142 1206//1206 1141//1141
f 1206//1206 1205//1205 1141//1141
f 1141//1141 1205//1205 1140//1140
f 1205//1205 1204//1204 1140//1140
f 1140//1140 1204//1204 1139//1139
f 1204//1204 1203//1203 1139//1139
f 1139//1139 1203//1203 1138//1138
f 1213//1213 1212//1212 1148//1148
f 1225//1225 1224//1224 1160//1160
f 1149//1149 1213//1213 1148//1148
f 1150//1150 1214//1214 1149//1149
f 1224//1224 1223//1223 1159//1159
f 1159//1159 1223//1223 1158//1158
f 1223//1223 1222//1222 1158//1158
f 1158//1158 1222//1222 1157//1157
f 1222//1222 1221//1221 1157//1157
f 1157//1157 1221//1221 1156//1156
f 1221//1221 1220//1220 1156//1156
f 1156//1156 1220//1220 1155//1155
f 1220//1220 1219//1219 1155//1155
f 1155//1155 1219//1219 1154//1154
f 1219//1219 1218//1218 1154//1154
f 1090//1090 1154//1154 1153//1153
f 1154//1154 1217//1217 1153//1153
f 1153//1153 1217//1217 1152//1152
f 1217//1217 1216//1216 1152//1152
f 1152//1152 1216//1216 1151//1151
f 1216//1216 1215//1215 1151//1151
f 1151//1151 1215//1215 1150//1150
f 1215//1215 1214//1214 1150//1150
f 1214//1214 1213//1213 1149//1149
f 1294//1294 1293//1293 1229//1229
f 1248//1248 1247//1247 1183//1183
f 1249//1249 1248//1248 1184//1184
f 1217//1217 1281//1281 1216//1216
f 1281//1281 1280//1280 1216//1216
f 1216//1216 1280//1280 1215//1215
f 1280//1280 1279//1279 1215//1215
f 1215//1215 1279//1279 1214//1214
f 1321//1321 1385//1385 1320//1320
f 1214//1214 1278//1278 1213//1213
f 1278//1278 1277//1277 1213//1213
f 1213//1213 1277//1277 1212//1212
f 1277//1277 1276//1276 1212//1212
f 1212//1212 1276//1276 1211//1211
f 1276//1276 1275//1275 1211//1211
f 1211//1211 1275//1275 1210//1210
f 1275//1275 1274//1274 1210//1210
f 1210//1210 1274//1274 1209//1209
f 1274//1274 1273//1273 1209//1209
f 1209//1209 1273//1273 1208//1208
f 1273//1273 1272//1272 1208//1208
f 1208//1208 1272//1272 1207//1207
f 1218//1218 1281//1281 1217//1217
f 1272//1272 1271//1271 1207//1207
f 1154//1154 1218//1218 1217//1217
f 1219//1219 1283//1283 1218//1218
f 1293//1293 1292//1292 1228//1228
f 1228//1228 1292//1292 1227//1227
f 1292//1292 1291//1291 1227//1227
f 1227//1227 1291//1291 1226//1226
f 1291//1291 1290//1290 1226//1226
f 1226//1226 1290//1290 1225//1225
f 1290//1290 1289//1289 1225//1225
f 1225//1225 1289//1289 1224//1224
f 1289//1289 1288//1288 1224//1224
f 1224//1224 1288//1288 1223//1223
f 1288//1288 1287//1287 1223//1223
f 1223//1223 1287//1287 1222//1222
f 1287//1287 1286//1286 1222//1222
f 1222//1222 1286//1286 1221//1221
f 1286//1286 1285//1285 1221//1221
f 1221//1221 1285//1285 1220//1220
f 1285//1285 1284//1284 1220//1220
f 1220//1220 1284//1284 1219//1219
f 1284//1284 1283//1283 1219//1219
f 1283//1283 1282//1282 1218//1218
f 1184//1184 1248//1248 1183//1183
f 1207//1207 1271//1271 1206//1206
f 1206//1206 1270//1270 1205//1205
f 1194//1194 1258//1258 1193//1193
f 1258//1258 1257//1257 1193//1193
f 1193//1193 1257//1257 1192//1192
f 1257//1257 1256//1256 1192//1192
f 1192//1192 1256//1256 1191//1191
f 1256//1256 1255//1255 1191//1191
f 1191//1191 1255//1255 1190//1190
f 1255//1255 1254//1254 1190//1190
f 1190//1190 1254//1254 1189//1189
f 1254//1254 1253//1253 1189//1189
f 1189//1189 1253//1253 1188//1188
f 1253//1253 1252//1252 1188//1188
f 1188//1188 1252//1252 1187//1187
f 1252//1252 1251//1251 1187//1187
f 1187//1187 1251//1251 1186//1186
f 1251//1251 1250//1250 1186//1186
f 1186//1186 1250//1250 1185//1185
f 1250//1250 1249//1249 1185//1185
f 1185//1185 1249//1249 1184//1184
f 1259//1259 1258//1258 1194//1194
f 1271//1271 1270//1270 1206//1206
f 1195//1195 1259//1259 1194//1194
f 1196//1196 1260//1260 1195//1195
f 1270//1270 1269//1269 1205//1205
f 1205//1205 1269//1269 1204//1204
f 1269//1269 1268//1268 1204//1204
f 1204//1204 1268//1268 1203//1203
f 1268//1268 1267//1267 1203//1203
f 1203//1203 1267//1267 1202//1202
f 1267//1267 1266//1266 1202//1202
f 1202//1202 1266//1266 1201//1201
f 1266//1266 1265//1265 1201//1201
f 1201//1201 1265//1265 1200//1200
f 1265//1265 1264//1264 1200//1200
f 1200//1200 1264//1264 1199//1199
f 1264//1264 1263//1263 1199//1199
f 1199//1199 1263//1263 1198//1198
f 1263//1263 1262//1262 1198//1198
f 1198//1198 1262//1262 1197//1197
f 1262//1262 1261//1261 1197//1197
f 1197//1197 1261//1261 1196//1196
f 1261//1261 1260//1260 1196//1196
f 1260//1260 1259//1259 1195//1195
f 1386//1386 1385//1385 1321//1321
f 1402//1402 1401//1401 1337//1337
f 1387//1387 1386//1386 1322//1322
f 1512//1512 1511//1511 1447//1447
f 1447//1447 1511//1511 1446//1446
f 1511//1511 1510//1510 1446//1446
f 1446//1446 1510//1510 1445//1445
f 1510//1510 1509//1509 1445//1445
f 1445//1445 1509//1509 1444//1444
f 1509//1509 1508//1508 1444//1444
f 1444//1444 1508//1508 1443//1443
f 1508//1508 1507//1507 1443//1443
f 1443//1443 1507//1507 1442//1442
f 1507//1507 1506//1506 1442//1442
f 1442//1442 1506//1506 1441//1441
f 1506//1506 1505//1505 1441//1441
f 1441//1441 1505//1505 1440//1440
f 1505//1505 1504//1504 1440//1440
f 1440//1440 1504//1504 1439//1439
f 1504//1504 1503//1503 1439//1439
f 1439//1439 1503//1503 1438//1438
f 1503//1503 1502//1502 1438//1438
f 1448//1448 1512//1512 1447//1447
f 1438//1438 1502//1502 1437//1437
f 1513//1513 1512//1512 1448//1448
f 1514//1514 1513//1513 1449//1449
f 1459//1459 1523//1523 1458//1458
f 1523//1523 1522//1522 1458//1458
f 1458//1458 1522//1522 1457//1457
f 1522//1522 1521//1521 1457//1457
f 1457//1457 1521//1521 1456//1456
f 1521//1521 1520//1520 1456//1456
f 1456//1456 1520//1520 1455//1455
f 1520//1520 1519//1519 1455//1455
f 1455//1455 1519//1519 1454//1454
f 1519//1519 1518//1518 1454//1454
f 1454//1454 1518//1518 1453//1453
f 1518//1518 1517//1517 1453//1453
f 1453//1453 1517//1517 1452//1452
f 1517//1517 1516//1516 1452//1452
f 1452//1452 1516//1516 1451//1451
f 1516//1516 1515//1515 1451//1451
f 1451//1451 1515//1515 1450//1450
f 1515//1515 1514//1514 1450//1450
f 1450//1450 1514//1514 1449//1449
f 1449//1449 1513//1513 1448//1448
f 1524//1524 1523//1523 1459//1459
f 1502//1502 1501//1501 1437//1437
f 1501//1501 1500//1500 1436//1436
f 1489//1489 1488//1488 1424//1424
f 1424//1424 1488//1488 1423//1423
f 1488//1488 1487//1487 1423//1423
f 1423//1423 1487//1487 1422//1422
f 1487//1487 1486//1486 1422//1422
f 1422//1422 1486//1486 1421//1421
f 1486//1486 1485//1485 1421//1421
f 1421//1421 1485//1485 1420//1420
f 1485//1485 1484//1484 1420//1420
f 1420//1420 1484//1484 1419//1419
f 1484//1484 1483//1483 1419//1419
f 1419//1419 1483//1483 1418//1418
f 1483//1483 1482//1482 1418//1418
f 1418//1418 1482//1482 1417//1417
f 1482//1482 1481//1481 1417//1417
f 1417//1417 1481//1481 1416//1416
f 1481//1481 1480//1480 1416//1416
f 1416//1416 1480//1480 1415//1415
f 1480//1480 1479//1479 1415//1415
f 1425//1425 1489//1489 1424//1424
f 1437//1437 1501//1501 1436//1436
f 1490//1490 1489//1489 1425//1425
f 1491//1491 1490//1490 1426//1426
f 1436//1436 1500//1500 1435//1435
f 1500//1500 1499//1499 1435//1435
f 1435//1435 1499//1499 1434//1434
f 1499//1499 1498//1498 1434//1434
f 1434//1434 1498//1498 1433//1433
f 1498//1498 1497//1497 1433//1433
f 1433//1433 1497//1497 1432//1432
f 1497//1497 1496//1496 1432//1432
f 1432//1432 1496//1496 1431//1431
f 1496//1496 1495//1495 1431//1431
f 1431//1431 1495//1495 1430//1430
f 1495//1495 1494//1494 1430//1430
f 1430//1430 1494//1494 1429//1429
f 1494//1494 1493//1493 1429//1429
f 1429//1429 1493//1493 1428//1428
f 1493//1493 1492//1492 1428//1428
f 1428//1428 1492//1492 1427//1427
f 1492//1492 1491//1491 1427//1427
f 1427//1427 1491//1491 1426//1426
f 1426//1426 1490//1490 1425//1425
f 1415//1415 1479//1479 1414//1414
f 1460//1460 1524//1524 1459//1459
f 1461//1461 1525//1525 1460//1460
f 1513//1513 1538//1538 1512//1512
f 1512//1512 1538//1538 1511//1511
f 1511//1511 1538//1538 1510//1510
f 1510//1510 1538//1538 1509//1509
f 1509//1509 1538//1538 1508//1508
f 1508//1508 1538//1538 1507//1507
f 1507//1507 1538//1538 1506//1506
f 1506//1506 1538//1538 1505//1505
f 1505//1505 1538//1538 1504//1504
f 1504//1504 1538//1538 1503//1503
f 1503//1503 1538//1538 1502//1502
f 1502//1502 1538//1538 1501//1501
f 1501//1501 1538//1538 1500//1500
f 1500//1500 1538//1538 1499//1499
f 1499//1499 1538//1538 1498//1498
f 1498//1498 1538//1538 1497//1497
f 1497//1497 1538//1538 1496//1496
f 1496//1496 1538//1538 1495//1495
f 1495//1495 1538//1538 1494//1494
f 1514//1514 1538//1538 1513//1513
f 1494//1494 1538//1538 1493//1493
f 1515//1515 1538//1538 1514//1514
f 1517//1517 1538//1538 1516//1516
f 1536//1536 1538//1538 1535//1535
f 1535//1535 1538//1538 1534//1534
f 1534//1534 1538//1538 1533//1533
f 1533//1533 1538//1538 1532//1532
f 1532//1532 1538//1538 1531//1531
f 1531//1531 1538//1538 1530//1530
f 1530//1530 1538//1538 1529//1529
f 1529//1529 1538//1538 1528//1528
f 1528//1528 1538//1538 1527//1527
f 1527//1527 1538//1538 1526//1526
f 1526//1526 1538//1538 1525//1525
f 1525//1525 1538//1538 1524//1524
f 1524//1524 1538//1538 1523//1523
f 1523//1523 1538//1538 1522//1522
f 1522//1522 1538//1538 1521//1521
f 1521//1521 1538//1538 1520//1520
f 1520//1520 1538//1538 1519//1519
f 1519//1519 1538//1538 1518//1518
f 1518//1518 1538//1538 1517//1517
f 1516//1516 1538//1538 1515//1515
f 1525//1525 1524//1524 1460//1460
f 1493//1493 1538//1538 1492//1492
f 1491//1491 1538//1538 1490//1490
f 1535//1535 1534//1534 1470//1470
f 1470//1470 1534//1534 1469//1469
f 1534//1534 1533//1533 1469//1469
f 1469//1469 1533//1533 1468//1468
f 1533//1533 1532//1532 1468//1468
f 1468//1468 1532//1532 1467//1467
f 1532//1532 1531//1531 1467//1467
f 1467//1467 1531//1531 1466//1466
f 1531//1531 1530//1530 1466//1466
f 1466//1466 1530//1530 1465//1465
f 1530//1530 1529//1529 1465//1465
f 1465//1465 1529//1529 1464//1464
f 1529//1529 1528//1528 1464//1464
f 1464//1464 1528//1528 1463//1463
f 1528//1528 1527//1527 1463//1463
f 1463//1463 1527//1527 1462//1462
f 1527//1527 1526//1526 1462//1462
f 1462//1462 1526//1526 1461//1461
f 1526//1526 1525//1525 1461//1461
f 1471//1471 1535//1535 1470//1470
f 1492//1492 1538//1538 1491//1491
f 1536//1536 1535//1535 1471//1471
f 1537//1537 1536//1536 1472//1472
f 1490//1490 1538//1538 1489//1489
f 1489//1489 1538//1538 1488//1488
f 1488//1488 1538//1538 1487//1487
f 1487//1487 1538//1538 1486//1486
f 1486//1486 1538//1538 1485//1485
f 1485//1485 1538//1538 1484//1484
f 1484//1484 1538//1538 1483//1483
f 1483//1483 1538//1538 1482//1482
f 1482//1482 1538//1538 1481//1481
f 1481//1481 1538//1538 1480//1480
f 1480//1480 1538//1538 1479//1479
f 1479//1479 1538//1538 1478//1478
f 1478//1478 1538//1538 1477//1477
f 1477//1477 1538//1538 1476//1476
f 1476//1476 1538//1538 1475//1475
f 1475//1475 1538//1538 1474//1474
f 1410//1410 1474//1474 1473//1473
f 1474//1474 1537//1537 1473//1473
f 1473//1473 1537//1537 1472//1472
f 1472//1472 1536//1536 1471//1471
f 1479//1479 1478//1478 1414//1414
f 1414//1414 1478//1478 1413//1413
f 1478//1478 1477//1477 1413//1413
f 1355//1355 1419//1419 1354//1354
f 1419//1419 1418//1418 1354//1354
f 1354//1354 1418//1418 1353//1353
f 1418//1418 1417//1417 1353//1353
f 1353//1353 1417//1417 1352//1352
f 1417//1417 1416//1416 1352//1352
f 1352//1352 1416//1416 1351//1351
f 1416//1416 1415//1415 1351//1351
f 1351//1351 1415//1415 1350//1350
f 1415//1415 1414//1414 1350//1350
f 1350//1350 1414//1414 1349//1349
f 1414//1414 1413//1413 1349//1349
f 1349//1349 1413//1413 1348//1348
f 1413//1413 1412//1412 1348//1348
f 1348//1348 1412//1412 1347//1347
f 1412//1412 1411//1411 1347//1347
f 1347//1347 1411//1411 1346//1346
f 1411//1411 1410//1410 1346//1346
f 1282//1282 1346//1346 1345//1345
f 1420//1420 1419//1419 1355//1355
f 1346//1346 1409//1409 1345//1345
f 1356//1356 1420//1420 1355//1355
f 1357//1357 1421//1421 1356//1356
f 1431//1431 1430//1430 1366//1366
f 1366//1366 1430//1430 1365//1365
f 1430//1430 1429//1429 1365//1365
f 1365//1365 1429//1429 1364//1364
f 1429//1429 1428//1428 1364//1364
f 1364//1364 1428//1428 1363//1363
f 1428//1428 1427//1427 1363//1363
f 1363//1363 1427//1427 1362//1362
f 1427//1427 1426//1426 1362//1362
f 1362//1362 1426//1426 1361//1361
f 1426//1426 1425//1425 1361//1361
f 1361//1361 1425//1425 1360//1360
f 1425//1425 1424//1424 1360//1360
f 1360//1360 1424//1424 1359//1359
f 1424//1424 1423//1423 1359//1359
f 1359//1359 1423//1423 1358//1358
f 1423//1423 1422//1422 1358//1358
f 1358//1358 1422//1422 1357//1357
f 1422//1422 1421//1421 1357//1357
f 1421//1421 1420//1420 1356//1356
f 1367//1367 1431//1431 1366//1366
f 1345//1345 1409//1409 1344//1344
f 1344//1344 1408//1408 1343//1343
f 1332//1332 1396//1396 1331//1331
f 1396//1396 1395//1395 1331//1331
f 1331//1331 1395//1395 1330//1330
f 1395//1395 1394//1394 1330//1330
f 1330//1330 1394//1394 1329//1329
f 1394//1394 1393//1393 1329//1329
f 1329//1329 1393//1393 1328//1328
f 1393//1393 1392//1392 1328//1328
f 1328//1328 1392//1392 1327//1327
f 1392//1392 1391//1391 1327//1327
f 1327//1327 1391//1391 1326//1326
f 1391//1391 1390//1390 1326//1326
f 1326//1326 1390//1390 1325//1325
f 1390//1390 1389//1389 1325//1325
f 1325//1325 1389//1389 1324//1324
f 1389//1389 1388//1388 1324//1324
f 1324//1324 1388//1388 1323//1323
f 1388//1388 1387//1387 1323//1323
f 1323//1323 1387//1387 1322//1322
f 1397//1397 1396//1396 1332//1332
f 1409//1409 1408//1408 1344//1344
f 1333//1333 1397//1397 1332//1332
f 1334//1334 1398//1398 1333//1333
f 1408//1408 1407//1407 1343//1343
f 1343//1343 1407//1407 1342//1342
f 1407//1407 1406//1406 1342//1342
f 1342//1342 1406//1406 1341//1341
f 1406//1406 1405//1405 1341//1341
f 1341//1341 1405//1405 1340//1340
f 1405//1405 1404//1404 1340//1340
f 1340//1340 1404//1404 1339//1339
f 1404//1404 1403//1403 1339//1339
f 1339//1339 1403//1403 1338//1338
f 1403//1403 1402//1402 1338//1338
f 1338//1338 1402//1402 1337//1337
f 1203//1203 1202//1202 1138//1138
f 1337//1337 1401//1401 1336//1336
f 1401//1401 1400//1400 1336//1336
f 1336//1336 1400//1400 1335//1335
f 1400//1400 1399//1399 1335//1335
f 1335//1335 1399//1399 1334//1334
f 1399//1399 1398//1398 1334//1334
f 1398//1398 1397//1397 1333//1333
f 1432//1432 1431//1431 1367//1367
f 1368//1368 1432//1432 1367//1367
f 1433//1433 1432//1432 1368//1368
f 1466//1466 1465//1465 1401//1401
f 1401//1401 1465//1465 1400//1400
f 1465//1465 1464//1464 1400//1400
f 1400//1400 1464//1464 1399//1399
f 1464//1464 1463//1463 1399//1399
f 1399//1399 1463//1463 1398//1398
f 1463//1463 1462//1462 1398//1398
f 1398//1398 1462//1462 1397//1397
f 1462//1462 1461//1461 1397//1397
f 1397//1397 1461//1461 1396//1396
f 1461//1461 1460//1460 1396//1396
f 1396//1396 1460//1460 1395//1395
f 1460//1460 1459//1459 1395//1395
f 1395//1395 1459//1459 1394//1394
f 1459//1459 1458//1458 1394//1394
f 1394//1394 1458//1458 1393//1393
f 1458//1458 1457//1457 1393//1393
f 1393//1393 1457//1457 1392//1392
f 1457//1457 1456//1456 1392//1392
f 1402//1402 1466//1466 1401//1401
f 1392//1392 1456//1456 1391//1391
f 1467//1467 1466//1466 1402//1402
f 1468//1468 1467//1467 1403//1403
f 1413//1413 1477//1477 1412//1412
f 1477//1477 1476//1476 1412//1412
f 1412//1412 1476//1476 1411//1411
f 1476//1476 1475//1475 1411//1411
f 1411//1411 1475//1475 1410//1410
f 1475//1475 1474//1474 1410//1410
f 1346//1346 1410//1410 1409//1409
f 1410//1410 1473//1473 1409//1409
f 1409//1409 1473//1473 1408//1408
f 1473//1473 1472//1472 1408//1408
f 1408//1408 1472//1472 1407//1407
f 1472//1472 1471//1471 1407//1407
f 1407//1407 1471//1471 1406//1406
f 1471//1471 1470//1470 1406//1406
f 1406//1406 1470//1470 1405//1405
f 1470//1470 1469//1469 1405//1405
f 1405//1405 1469//1469 1404//1404
f 1469//1469 1468//1468 1404//1404
f 1404//1404 1468//1468 1403//1403
f 1403//1403 1467//1467 1402//1402
f 1456//1456 1455//1455 1391//1391
f 1391//1391 1455//1455 1390//1390
f 1455//1455 1454//1454 1390//1390
f 1378//1378 1442//1442 1377//1377
f 1442//1442 1441//1441 1377//1377
f 1377//1377 1441//1441 1376//1376
f 1441//1441 1440//1440 1376//1376
f 1376//1376 1440//1440 1375//1375
f 1440//1440 1439//1439 1375//1375
f 1375//1375 1439//1439 1374//1374
f 1439//1439 1438//1438 1374//1374
f 1374//1374 1438//1438 1373//1373
f 1438//1438 1437//1437 1373//1373
f 1373//1373 1437//1437 1372//1372
f 1437//1437 1436//1436 1372//1372
f 1372//1372 1436//1436 1371//1371
f 1436//1436 1435//1435 1371//1371
f 1371//1371 1435//1435 1370//1370
f 1435//1435 1434//1434 1370//1370
f 1370//1370 1434//1434 1369//1369
f 1434//1434 1433//1433 1369//1369
f 1369//1369 1433//1433 1368//1368
f 1443//1443 1442//1442 1378//1378
f 1379//1379 1443//1443 1378//1378
f 1444//1444 1443//1443 1379//1379
f 1380//1380 1444//1444 1379//1379
f 1390//1390 1454//1454 1389//1389
f 1454//1454 1453//1453 1389//1389
f 1389//1389 1453//1453 1388//1388
f 1453//1453 1452//1452 1388//1388
f 1388//1388 1452//1452 1387//1387
f 1452//1452 1451//1451 1387//1387
f 1387//1387 1451//1451 1386//1386
f 1451//1451 1450//1450 1386//1386
f 1386//1386 1450//1450 1385//1385
f 1322//1322 1386//1386 1321//1321
f 1450//1450 1449//1449 1385//1385
f 1449//1449 1448//1448 1384//1384
f 1384//1384 1448//1448 1383//1383
f 1448//1448 1447//1447 1383//1383
f 1383//1383 1447//1447 1382//1382
f 1447//1447 1446//1446 1382//1382
f 1382//1382 1446//1446 1381//1381
f 1446//1446 1445//1445 1381//1381
f 1381//1381 1445//1445 1380//1380
f 1445//1445 1444//1444 1380//1380
f 1385//1385 1449//1449 1384//1384
f 1138//1138 1202//1202 1137//1137
f 1187//1187 1186//1186 1122//1122
f 1137//1137 1201//1201 1136//1136
f 959//959 958//958 894//894
f 894//894 958//958 893//893
f 958//958 957//957 893//893
f 893//893 957//957 892//892
f 957//957 956//956 892//892
f 892//892 956//956 891//891
f 956//956 955//955 891//891
f 891//891 955//955 890//890
f 955//955 954//954 890//890
f 890//890 954//954 889//889
f 954//954 953//953 889//889
f 889//889 953//953 888//888
f 953//953 952//952 888//888
f 888//888 952//952 887//887
f 952//952 951//951 887//887
f 887//887 951//951 886//886
f 951//951 950//950 886//886
f 886//886 950//950 885//885
f 950//950 949//949 885//885
f 895//895 959//959 894//894
f 885//885 949//949 884//884
f 960//960 959//959 895//895
f 961//961 960//960 896//896
f 906//906 970//970 905//905
f 970//970 969//969 905//905
f 905//905 969//969 904//904
f 969//969 968//968 904//904
f 904//904 968//968 903//903
f 968//968 967//967 903//903
f 903//903 967//967 902//902
f 967//967 966//966 902//902
f 902//902 966//966 901//901
f 966//966 965//965 901//901
f 901//901 965//965 900//900
f 965//965 964//964 900//900
f 900//900 964//964 899//899
f 964//964 963//963 899//899
f 899//899 963//963 898//898
f 963//963 962//962 898//898
f 834//834 898//898 897//897
f 898//898 961//961 897//897
f 897//897 961//961 896//896
f 896//896 960//960 895//895
f 971//971 970//970 906//906
f 949//949 948//948 884//884
f 948//948 947//947 883//883
f 936//936 935//935 871//871
f 871//871 935//935 870//870
f 935//935 934//934 870//870
f 870//870 934//934 869//869
f 934//934 933//933 869//869
f 869//869 933//933 868//868
f 933//933 932//932 868//868
f 868//868 932//932 867//867
f 932//932 931//931 867//867
f 867//867 931//931 866//866
f 931//931 930//930 866//866
f 866//866 930//930 865//865
f 930//930 929//929 865//865
f 865//865 929//929 864//864
f 929//929 928//928 864//864
f 864//864 928//928 863//863
f 928//928 927//927 863//863
f 863//863 927//927 862//862
f 927//927 926//926 862//862
f 872//872 936//936 871//871
f 884//884 948//948 883//883
f 937//937 936//936 872//872
f 938//938 937//937 873//873
f 883//883 947//947 882//882
f 947//947 946//946 882//882
f 882//882 946//946 881//881
f 946//946 945//945 881//881
f 881//881 945//945 880//880
f 945//945 944//944 880//880
f 880//880 944//944 879//879
f 944//944 943//943 879//879
f 879//879 943//943 878//878
f 943//943 942//942 878//878
f 878//878 942//942 877//877
f 942//942 941//941 877//877
f 877//877 941//941 876//876
f 941//941 940//940 876//876
f 876//876 940//940 875//875
f 940//940 939//939 875//875
f 875//875 939//939 874//874
f 939//939 938//938 874//874
f 874//874 938//938 873//873
f 873//873 937//937 872//872
f 862//862 926//926 861//861
f 907//907 971//971 906//906
f 908//908 972//972 907//907
f 1005//1005 1004//1004 940//940
f 940//940 1004//1004 939//939
f 1004//1004 1003//1003 939//939
f 939//939 1003//1003 938//938
f 1003//1003 1002//1002 938//938
f 938//938 1002//1002 937//937
f 1002//1002 1001//1001 937//937
f 937//937 1001//1001 936//936
f 1001//1001 1000//1000 936//936
f 936//936 1000//1000 935//935
f 1000//1000 999//999 935//935
f 935//935 999//999 934//934
f 999//999 998//998 934//934
f 934//934 998//998 933//933
f 998//998 997//997 933//933
f 933//933 997//997 932//932
f 997//997 996//996 932//932
f 932//932 996//996 931//931
f 996//996 995//995 931//931
f 941//941 1005//1005 940//940
f 931//931 995//995 930//930
f 1006//1006 1005//1005 941//941
f 1007//1007 1006//1006 942//942
f 952//952 1016//1016 951//951
f 1016//1016 1015//1015 951//951
f 951//951 1015//1015 950//950
f 1015//1015 1014//1014 950//950
f 950//950 1014//1014 949//949
f 1014//1014 1013//1013 949//949
f 949//949 1013//1013 948//948
f 1013//1013 1012//1012 948//948
f 948//948 1012//1012 947//947
f 1012//1012 1011//1011 947//947
f 947//947 1011//1011 946//946
f 1011//1011 1010//1010 946//946
f 946//946 1010//1010 945//945
f 1010//1010 1009//1009 945//945
f 945//945 1009//1009 944//944
f 1009//1009 1008//1008 944//944
f 944//944 1008//1008 943//943
f 1008//1008 1007//1007 943//943
f 943//943 1007//1007 942//942
f 942//942 1006//1006 941//941
f 972//972 971//971 907//907
f 995//995 994//994 930//930
f 994//994 993//993 929//929
f 982//982 981//981 917//917
f 917//917 981//981 916//916
f 981//981 980//980 916//916
f 916//916 980//980 915//915
f 980//980 979//979 915//915
f 915//915 979//979 914//914
f 979//979 978//978 914//914
f 914//914 978//978 913//913
f 978//978 977//977 913//913
f 913//913 977//977 912//912
f 977//977 976//976 912//912
f 912//912 976//976 911//911
f 976//976 975//975 911//911
f 911//911 975//975 910//910
f 975//975 974//974 910//910
f 910//910 974//974 909//909
f 974//974 973//973 909//909
f 909//909 973//973 908//908
f 973//973 972//972 908//908
f 918//918 982//982 917//917
f 930//930 994//994 929//929
f 983//983 982//982 918//918
f 984//984 983//983 919//919
f 929//929 993//993 928//928
f 993//993 992//992 928//928
f 928//928 992//992 927//927
f 992//992 991//991 927//927
f 927//927 991//991 926//926
f 991//991 990//990 926//926
f 926//926 990//990 925//925
f 990//990 989//989 925//925
f 925//925 989//989 924//924
f 989//989 988//988 924//924
f 924//924 988//988 923//923
f 988//988 987//987 923//923
f 923//923 987//987 922//922
f 987//987 986//986 922//922
f 922//922 986//986 921//921
f 986//986 985//985 921//921
f 921//921 985//985 920//920
f 985//985 984//984 920//920
f 920//920 984//984 919//919
f 919//919 983//983 918//918
f 1017//1017 1016//1016 952//952
f 926//926 925//925 861//861
f 925//925 924//924 860//860
f 867//867 866//866 802//802
f 802//802 866//866 801//801
f 866//866 865//865 801//801
f 801//801 865//865 800//800
f 865//865 864//864 800//800
f 800//800 864//864 799//799
f 864//864 863//863 799//799
f 799//799 863//863 798//798
f 863//863 862//862 798//798
f 798//798 862//862 797//797
f 862//862 861//861 797//797
f 797//797 861//861 796//796
f 861//861 860//860 796//796
f 796//796 860//860 795//795
f 860//860 859//859 795//795
f 795//795 859//859 794//794
f 859//859 858//858 794//794
f 794//794 858//858 793//793
f 858//858 857//857 793//793
f 803//803 867//867 802//802
f 793//793 857//857 792//792
f 868//868 867//867 803//803
f 869//869 868//868 804//804
f 814//814 878//878 813//813
f 878//878 877//877 813//813
f 813//813 877//877 812//812
f 877//877 876//876 812//812
f 812//812 876//876 811//811
f 876//876 875//875 811//811
f 811//811 875//875 810//810
f 875//875 874//874 810//810
f 810//810 874//874 809//809
f 874//874 873//873 809//809
f 809//809 873//873 808//808
f 873//873 872//872 808//808
f 808//808 872//872 807//807
f 872//872 871//871 807//807
f 807//807 871//871 806//806
f 871//871 870//870 806//806
f 806//806 870//870 805//805
f 870//870 869//869 805//805
f 805//805 869//869 804//804
f 804//804 868//868 803//803
f 879//879 878//878 814//814
f 857//857 856//856 792//792
f 856//856 855//855 791//791
f 844//844 843//843 779//779
f 779//779 843//843 778//778
f 843//843 842//842 778//778
f 778//778 842//842 777//777
f 842//842 841//841 777//777
f 777//777 841//841 776//776
f 841//841 840//840 776//776
f 776//776 840//840 775//775
f 840//840 839//839 775//775
f 775//775 839//839 774//774
f 839//839 838//838 774//774
f 774//774 838//838 773//773
f 838//838 837//837 773//773
f 773//773 837//837 772//772
f 837//837 836//836 772//772
f 772//772 836//836 771//771
f 836//836 835//835 771//771
f 771//771 835//835 770//770
f 835//835 834//834 770//770
f 780//780 844//844 779//779
f 792//792 856//856 791//791
f 845//845 844//844 780//780
f 846//846 845//845 781//781
f 791//791 855//855 790//790
f 855//855 854//854 790//790
f 790//790 854//854 789//789
f 854//854 853//853 789//789
f 789//789 853//853 788//788
f 853//853 852//852 788//788
f 788//788 852//852 787//787
f 852//852 851//851 787//787
f 787//787 851//851 786//786
f 851//851 850//850 786//786
f 786//786 850//850 785//785
f 850//850 849//849 785//785
f 785//785 849//849 784//784
f 849//849 848//848 784//784
f 784//784 848//848 783//783
f 848//848 847//847 783//783
f 783//783 847//847 782//782
f 847//847 846//846 782//782
f 782//782 846//846 781//781
f 781//781 845//845 780//780
f 861//861 925//925 860//860
f 815//815 879//879 814//814
f 816//816 880//880 815//815
f 913//913 912//912 848//848
f 848//848 912//912 847//847
f 912//912 911//911 847//847
f 847//847 911//911 846//846
f 911//911 910//910 846//846
f 846//846 910//910 845//845
f 910//910 909//909 845//845
f 845//845 909//909 844//844
f 909//909 908//908 844//844
f 844//844 908//908 843//843
f 908//908 907//907 843//843
f 843//843 907//907 842//842
f 907//907 906//906 842//842
f 842//842 906//906 841//841
f 906//906 905//905 841//841
f 841//841 905//905 840//840
f 905//905 904//904 840//840
f 840//840 904//904 839//839
f 904//904 903//903 839//839
f 849//849 913//913 848//848
f 839//839 903//903 838//838
f 914//914 913//913 849//849
f 915//915 914//914 850//850
f 860//860 924//924 859//859
f 924//924 923//923 859//859
f 859//859 923//923 858//858
f 923//923 922//922 858//858
f 858//858 922//922 857//857
f 922//922 921//921 857//857
f 857//857 921//921 856//856
f 921//921 920//920 856//856
f 856//856 920//920 855//855
f 920//920 919//919 855//855
f 855//855 919//919 854//854
f 919//919 918//918 854//854
f 854//854 918//918 853//853
f 918//918 917//917 853//853
f 853//853 917//917 852//852
f 917//917 916//916 852//852
f 852//852 916//916 851//851
f 916//916 915//915 851//851
f 851//851 915//915 850//850
f 850//850 914//914 849//849
f 880//880 879//879 815//815
f 903//903 902//902 838//838
f 902//902 901//901 837//837
f 890//890 889//889 825//825
f 825//825 889//889 824//824
f 889//889 888//888 824//824
f 824//824 888//888 823//823
f 888//888 887//887 823//823
f 823//823 887//887 822//822
f 887//887 886//886 822//822
f 822//822 886//886 821//821
f 886//886 885//885 821//821
f 821//821 885//885 820//820
f 885//885 884//884 820//820
f 820//820 884//884 819//819
f 884//884 883//883 819//819
f 819//819 883//883 818//818
f 883//883 882//882 818//818
f 818//818 882//882 817//817
f 882//882 881//881 817//817
f 817//817 881//881 816//816
f 881//881 880//880 816//816
f 826//826 890//890 825//825
f 838//838 902//902 837//837
f 891//891 890//890 826//826
f 892//892 891//891 827//827
f 837//837 901//901 836//836
f 901//901 900//900 836//836
f 836//836 900//900 835//835
f 900//900 899//899 835//835
f 835//835 899//899 834//834
f 899//899 898//898 834//834
f 770//770 834//834 833//833
f 834//834 897//897 833//833
f 833//833 897//897 832//832
f 897//897 896//896 832//832
f 832//832 896//896 831//831
f 896//896 895//895 831//831
f 831//831 895//895 830//830
f 895//895 894//894 830//830
f 830//830 894//894 829//829
f 894//894 893//893 829//829
f 829//829 893//893 828//828
f 893//893 892//892 828//828
f 828//828 892//892 827//827
f 827//827 891//891 826//826
f 953//953 1017//1017 952//952
f 1018//1018 1017//1017 953//953
f 954//954 1018//1018 953//953
f 1079//1079 1143//1143 1078//1078
f 1143//1143 1142//1142 1078//1078
f 1078//1078 1142//1142 1077//1077
f 1142//1142 1141//1141 1077//1077
f 1077//1077 1141//1141 1076//1076
f 1141//1141 1140//1140 1076//1076
f 1076//1076 1140//1140 1075//1075
f 1140//1140 1139//1139 1075//1075
f 1075//1075 1139//1139 1074//1074
f 1139//1139 1138//1138 1074//1074
f 1074//1074 1138//1138 1073//1073
f 1138//1138 1137//1137 1073//1073
f 1073//1073 1137//1137 1072//1072
f 1137//1137 1136//1136 1072//1072
f 1072//1072 1136//1136 1071//1071
f 1136//1136 1135//1135 1071//1071
f 1071//1071 1135//1135 1070//1070
f 1135//1135 1134//1134 1070//1070
f 1070//1070 1134//1134 1069//1069
f 1144//1144 1143//1143 1079//1079
f 1134//1134 1133//1133 1069//1069
f 1080//1080 1144//1144 1079//1079
f 1081//1081 1145//1145 1080//1080
f 1155//1155 1154//1154 1090//1090
f 1026//1026 1090//1090 1089//1089
f 1090//1090 1153//1153 1089//1089
f 1089//1089 1153//1153 1088//1088
f 1153//1153 1152//1152 1088//1088
f 1088//1088 1152//1152 1087//1087
f 1152//1152 1151//1151 1087//1087
f 1087//1087 1151//1151 1086//1086
f 1151//1151 1150//1150 1086//1086
f 1086//1086 1150//1150 1085//1085
f 1150//1150 1149//1149 1085//1085
f 1085//1085 1149//1149 1084//1084
f 1149//1149 1148//1148 1084//1084
f 1084//1084 1148//1148 1083//1083
f 1148//1148 1147//1147 1083//1083
f 1083//1083 1147//1147 1082//1082
f 1147//1147 1146//1146 1082//1082
f 1082//1082 1146//1146 1081//1081
f 1146//1146 1145//1145 1081//1081
f 1145//1145 1144//1144 1080//1080
f 1091//1091 1155//1155 1090//1090
f 1069//1069 1133//1133 1068//1068
f 1068//1068 1132//1132 1067//1067
f 1056//1056 1120//1120 1055//1055
f 1120//1120 1119//1119 1055//1055
f 1055//1055 1119//1119 1054//1054
f 1119//1119 1118//1118 1054//1054
f 1054//1054 1118//1118 1053//1053
f 1118//1118 1117//1117 1053//1053
f 1053//1053 1117//1117 1052//1052
f 1117//1117 1116//1116 1052//1052
f 1052//1052 1116//1116 1051//1051
f 1116//1116 1115//1115 1051//1051
f 1051//1051 1115//1115 1050//1050
f 1115//1115 1114//1114 1050//1050
f 1050//1050 1114//1114 1049//1049
f 1114//1114 1113//1113 1049//1049
f 1049//1049 1113//1113 1048//1048
f 1113//1113 1112//1112 1048//1048
f 1048//1048 1112//1112 1047//1047
f 1112//1112 1111//1111 1047//1047
f 1047//1047 1111//1111 1046//1046
f 1121//1121 1120//1120 1056//1056
f 1133//1133 1132//1132 1068//1068
f 1057//1057 1121//1121 1056//1056
f 1058//1058 1122//1122 1057//1057
f 1132//1132 1131//1131 1067//1067
f 1067//1067 1131//1131 1066//1066
f 1131//1131 1130//1130 1066//1066
f 1066//1066 1130//1130 1065//1065
f 1130//1130 1129//1129 1065//1065
f 1065//1065 1129//1129 1064//1064
f 1129//1129 1128//1128 1064//1064
f 1064//1064 1128//1128 1063//1063
f 1128//1128 1127//1127 1063//1063
f 1063//1063 1127//1127 1062//1062
f 1127//1127 1126//1126 1062//1062
f 1062//1062 1126//1126 1061//1061
f 1126//1126 1125//1125 1061//1061
f 1061//1061 1125//1125 1060//1060
f 1125//1125 1124//1124 1060//1060
f 1060//1060 1124//1124 1059//1059
f 1124//1124 1123//1123 1059//1059
f 1059//1059 1123//1123 1058//1058
f 1123//1123 1122//1122 1058//1058
f 1122//1122 1121//1121 1057//1057
f 1111//1111 1110//1110 1046//1046
f 1156//1156 1155//1155 1091//1091
f 1157//1157 1156//1156 1092//1092
f 1125//1125 1189//1189 1124//1124
f 1189//1189 1188//1188 1124//1124
f 1124//1124 1188//1188 1123//1123
f 1188//1188 1187//1187 1123//1123
f 1123//1123 1187//1187 1122//1122
f 1537//1537 1538//1538 1536//1536
f 1122//1122 1186//1186 1121//1121
f 1186//1186 1185//1185 1121//1121
f 1121//1121 1185//1185 1120//1120
f 1185//1185 1184//1184 1120//1120
f 1120//1120 1184//1184 1119//1119
f 1184//1184 1183//1183 1119//1119
f 1119//1119 1183//1183 1118//1118
f 1183//1183 1182//1182 1118//1118
f 1118//1118 1182//1182 1117//1117
f 1182//1182 1181//1181 1117//1117
f 1117//1117 1181//1181 1116//1116
f 1181//1181 1180//1180 1116//1116
f 1116//1116 1180//1180 1115//1115
f 1190//1190 1189//1189 1125//1125
f 1180//1180 1179//1179 1115//1115
f 1126//1126 1190//1190 1125//1125
f 1127//1127 1191//1191 1126//1126
f 1201//1201 1200//1200 1136//1136
f 1136//1136 1200//1200 1135//1135
f 1200//1200 1199//1199 1135//1135
f 1135//1135 1199//1199 1134//1134
f 1199//1199 1198//1198 1134//1134
f 1134//1134 1198//1198 1133//1133
f 1198//1198 1197//1197 1133//1133
f 1133//1133 1197//1197 1132//1132
f 1197//1197 1196//1196 1132//1132
f 1132//1132 1196//1196 1131//1131
f 1196//1196 1195//1195 1131//1131
f 1131//1131 1195//1195 1130//1130
f 1195//1195 1194//1194 1130//1130
f 1130//1130 1194//1194 1129//1129
f 1194//1194 1193//1193 1129//1129
f 1129//1129 1193//1193 1128//1128
f 1193//1193 1192//1192 1128//1128
f 1128//1128 1192//1192 1127//1127
f 1192//1192 1191//1191 1127//1127
f 1191//1191 1190//1190 1126//1126
f 1092//1092 1156//1156 1091//1091
f 1115//1115 1179//1179 1114//1114
f 1114//1114 1178//1178 1113//1113
f 1102//1102 1166//1166 1101//1101
f 1166//1166 1165//1165 1101//1101
f 1101//1101 1165//1165 1100//1100
f 1165//1165 1164//1164 1100//1100
f 1100//1100 1164//1164 1099//1099
f 1164//1164 1163//1163 1099//1099
f 1099//1099 1163//1163 1098//1098
f 1163//1163 1162//1162 1098//1098
f 1098//1098 1162//1162 1097//1097
f 1162//1162 1161//1161 1097//1097
f 1097//1097 1161//1161 1096//1096
f 1161//1161 1160//1160 1096//1096
f 1096//1096 1160//1160 1095//1095
f 1160//1160 1159//1159 1095//1095
f 1095//1095 1159//1159 1094//1094
f 1159//1159 1158//1158 1094//1094
f 1094//1094 1158//1158 1093//1093
f 1158//1158 1157//1157 1093//1093
f 1093//1093 1157//1157 1092//1092
f 1167//1167 1166//1166 1102//1102
f 1179//1179 1178//1178 1114//1114
f 1103//1103 1167//1167 1102//1102
f 1104//1104 1168//1168 1103//1103
f 1178//1178 1177//1177 1113//1113
f 1113//1113 1177//1177 1112//1112
f 1177//1177 1176//1176 1112//1112
f 1112//1112 1176//1176 1111//1111
f 1176//1176 1175//1175 1111//1111
f 1111//1111 1175//1175 1110//1110
f 1175//1175 1174//1174 1110//1110
f 1110//1110 1174//1174 1109//1109
f 1174//1174 1173//1173 1109//1109
f 1109//1109 1173//1173 1108//1108
f 1173//1173 1172//1172 1108//1108
f 1108//1108 1172//1172 1107//1107
f 1172//1172 1171//1171 1107//1107
f 1107//1107 1171//1171 1106//1106
f 1171//1171 1170//1170 1106//1106
f 1106//1106 1170//1170 1105//1105
f 1170//1170 1169//1169 1105//1105
f 1105//1105 1169//1169 1104//1104
f 1169//1169 1168//1168 1104//1104
f 1168//1168 1167//1167 1103//1103
f 1046//1046 1110//1110 1045//1045
f 1110//1110 1109//1109 1045//1045
f 1045//1045 1109//1109 1044//1044
f 1051//1051 1050//1050 986//986
f 986//986 1050//1050 985//985
f 1050//1050 1049//1049 985//985
f 985//985 1049//1049 984//984
f 1049//1049 1048//1048 984//984
f 984//984 1048//1048 983//983
f 1048//1048 1047//1047 983//983
f 983//983 1047//1047 982//982
f 1047//1047 1046//1046 982//982
f 982//982 1046//1046 981//981
f 1046//1046 1045//1045 981//981
f 981//981 1045//1045 980//980
f 1045//1045 1044//1044 980//980
f 980//980 1044//1044 979//979
f 1044//1044 1043//1043 979//979
f 979//979 1043//1043 978//978
f 1043//1043 1042//1042 978//978
f 978//978 1042//1042 977//977
f 1042//1042 1041//1041 977//977
f 987//987 1051//1051 986//986
f 977//977 1041//1041 976//976
f 1052//1052 1051//1051 987//987
f 1053//1053 1052//1052 988//988
f 998//998 1062//1062 997//997
f 1062//1062 1061//1061 997//997
f 997//997 1061//1061 996//996
f 1061//1061 1060//1060 996//996
f 996//996 1060//1060 995//995
f 1060//1060 1059//1059 995//995
f 995//995 1059//1059 994//994
f 1059//1059 1058//1058 994//994
f 994//994 1058//1058 993//993
f 1058//1058 1057//1057 993//993
f 993//993 1057//1057 992//992
f 1057//1057 1056//1056 992//992
f 992//992 1056//1056 991//991
f 1056//1056 1055//1055 991//991
f 991//991 1055//1055 990//990
f 1055//1055 1054//1054 990//990
f 990//990 1054//1054 989//989
f 1054//1054 1053//1053 989//989
f 989//989 1053//1053 988//988
f 988//988 1052//1052 987//987
f 1063//1063 1062//1062 998//998
f 1041//1041 1040//1040 976//976
f 1040//1040 1039//1039 975//975
f 1028//1028 1027//1027 963//963
f 963//963 1027//1027 962//962
f 1027//1027 1026//1026 962//962
f 898//898 962//962 961//961
f 962//962 1025//1025 961//961
f 961//961 1025//1025 960//960
f 1025//1025 1024//1024 960//960
f 960//960 1024//1024 959//959
f 1024//1024 1023//1023 959//959
f 959//959 1023//1023 958//958
f 1023//1023 1022//1022 958//958
f 958//958 1022//1022 957//957
f 1022//1022 1021//1021 957//957
f 957//957 1021//1021 956//956
f 1021//1021 1020//1020 956//956
f 956//956 1020//1020 955//955
f 1020//1020 1019//1019 955//955
f 955//955 1019//1019 954//954
f 1019//1019 1018//1018 954//954
f 964//964 1028//1028 963//963
f 976//976 1040//1040 975//975
f 1029//1029 1028//1028 964//964
f 1030//1030 1029//1029 965//965
f 975//975 1039//1039 974//974
f 1039//1039 1038//1038 974//974
f 974//974 1038//1038 973//973
f 1038//1038 1037//1037 973//973
f 973//973 1037//1037 972//972
f 1037//1037 1036//1036 972//972
f 972//972 1036//1036 971//971
f 1036//1036 1035//1035 971//971
f 971//971 1035//1035 970//970
f 1035//1035 1034//1034 970//970
f 970//970 1034//1034 969//969
f 1034//1034 1033//1033 969//969
f 969//969 1033//1033 968//968
f 1033//1033 1032//1032 968//968
f 968//968 1032//1032 967//967
f 1032//1032 1031//1031 967//967
f 967//967 1031//1031 966//966
f 1031//1031 1030//1030 966//966
f 966//966 1030//1030 965//965
f 965//965 1029//1029 964//964
f 999//999 1063//1063 998//998
f 1064//1064 1063//1063 999//999
f 1000//1000 1064//1064 999//999
f 1033//1033 1097//1097 1032//1032
f 1097//1097 1096//1096 1032//1032
f 1032//1032 1096//1096 1031//1031
f 1096//1096 1095//1095 1031//1031
f 1031//1031 1095//1095 1030//1030
f 1095//1095 1094//1094 1030//1030
f 1030//1030 1094//1094 1029//1029
f 1094//1094 1093//1093 1029//1029
f 1029//1029 1093//1093 1028//1028
f 1093//1093 1092//1092 1028//1028
f 1028//1028 1092//1092 1027//1027
f 1092//1092 1091//1091 1027//1027
f 1027//1027 1091//1091 1026//1026
f 1091//1091 1090//1090 1026//1026
f 962//962 1026//1026 1025//1025
f 1026//1026 1089//1089 1025//1025
f 1025//1025 1089//1089 1024//1024
f 1089//1089 1088//1088 1024//1024
f 1024//1024 1088//1088 1023//1023
f 1098//1098 1097//1097 1033//1033
f 1088//1088 1087//1087 1023//1023
f 1034//1034 1098//1098 1033//1033
f 1035//1035 1099//1099 1034//1034
f 1109//1109 1108//1108 1044//1044
f 1044//1044 1108//1108 1043//1043
f 1108//1108 1107//1107 1043//1043
f 1043//1043 1107//1107 1042//1042
f 1107//1107 1106//1106 1042//1042
f 1042//1042 1106//1106 1041//1041
f 1106//1106 1105//1105 1041//1041
f 1041//1041 1105//1105 1040//1040
f 1105//1105 1104//1104 1040//1040
f 1040//1040 1104//1104 1039//1039
f 1104//1104 1103//1103 1039//1039
f 1039//1039 1103//1103 1038//1038
f 1103//1103 1102//1102 1038//1038
f 1038//1038 1102//1102 1037//1037
f 1102//1102 1101//1101 1037//1037
f 1037//1037 1101//1101 1036//1036
f 1101//1101 1100//1100 1036//1036
f 1036//1036 1100//1100 1035//1035
f 1100//1100 1099//1099 1035//1035
f 1099//1099 1098//1098 1034//1034
f 1023//1023 1087//1087 1022//1022
f 1087//1087 1086//1086 1022//1022
f 1022//1022 1086//1086 1021//1021
f 1074//1074 1073//1073 1009//1009
f 1009//1009 1073//1073 1008//1008
f 1073//1073 1072//1072 1008//1008
f 1008//1008 1072//1072 1007//1007
f 1072//1072 1071//1071 1007//1007
f 1007//1007 1071//1071 1006//1006
f 1071//1071 1070//1070 1006//1006
f 1006//1006 1070//1070 1005//1005
f 1070//1070 1069//1069 1005//1005
f 1005//1005 1069//1069 1004//1004
f 1069//1069 1068//1068 1004//1004
f 1004//1004 1068//1068 1003//1003
f 1068//1068 1067//1067 1003//1003
f 1003//1003 1067//1067 1002//1002
f 1067//1067 1066//1066 1002//1002
f 1002//1002 1066//1066 1001//1001
f 1066//1066 1065//1065 1001//1001
f 1001//1001 1065//1065 1000//1000
f 1065//1065 1064//1064 1000//1000
f 1010//1010 1074//1074 1009//1009
f 1075//1075 1074//1074 1010//1010
f 1011//1011 1075//1075 1010//1010
f 1076//1076 1075//1075 1011//1011
f 1086//1086 1085//1085 1021//1021
f 1021//1021 1085//1085 1020//1020
f 1085//1085 1084//1084 1020//1020
f 1020//1020 1084//1084 1019//1019
f 1084//1084 1083//1083 1019//1019
f 1019//1019 1083//1083 1018//1018
f 1083//1083 1082//1082 1018//1018
f 1018//1018 1082//1082 1017//1017
f 1082//1082 1081//1081 1017//1017
f 1202//1202 1201//1201 1137//1137
f 1017//1017 1081//1081 1016//1016
f 1016//1016 1080//1080 1015//1015
f 1080//1080 1079//1079 1015//1015
f 1015//1015 1079//1079 1014//1014
f 1079//1079 1078//1078 1014//1014
f 1014//1014 1078//1078 1013//1013
f 1078//1078 1077//1077 1013//1013
f 1013//1013 1077//1077 1012//1012
f 1077//1077 1076//1076 1012//1012
f 1012//1012 1076//1076 1011//1011
f 1081//1081 1080//1080 1016//1016
f 1474//1474 1538//1538 1537//1537
o front_lens_alignment_dot
v 0.0148052444 0.0130439246 0.0680132539
v 0.0147868456 0.0130839246 0.0680132539
v 0.0147884495 0.0130837320 0.0680171746
v 0.0147902149 0.0130831560 0.0680210575
v 0.0147921250 0.0130822022 0.0680248653
v 0.0147941615 0.0130808798 0.0680285612
v 0.0147963048 0.0130792014 0.0680321097
v 0.0147985344 0.0130771834 0.0680354767
v 0.0148008288 0.0130748450 0.0680386296
v 0.0148031660 0.0130722089 0.0680415381
v 0.0148055234 0.0130693003 0.0680441743
v 0.0148078784 0.0130661474 0.0680465127
v 0.0148102084 0.0130627805 0.0680485307
v 0.0148124907 0.0130592319 0.0680502091
v 0.0148147035 0.0130555360 0.0680515315
v 0.0148168253 0.0130517282 0.0680524853
v 0.0148188357 0.0130478453 0.0680530613
v 0.0148207152 0.0130439246 0.0680532539
v 0.0148224456 0.0130400039 0.0680530613
v 0.0148240102 0.0130361210 0.0680524853
v 0.0148253939 0.0130323132 0.0680515315
v 0.0148265833 0.0130286173 0.0680502091
v 0.0148275667 0.0130250687 0.0680485307
v 0.0148283348 0.0130217018 0.0680465127
v 0.0148288800 0.0130185489 0.0680441743
v 0.0148291970 0.0130156403 0.0680415381
v 0.0148292829 0.0130130042 0.0680386296
v 0.0148291367 0.0130106658 0.0680354767
v 0.0148287599 0.0130086477 0.0680321097
v 0.0148281561 0.0130069694 0.0680285612
v 0.0148273311 0.0130056470 0.0680248653
v 0.0148262931 0.0130046932 0.0680210575
v 0.0148250520 0.0130041172 0.0680171746
v 0.0148236198 0.0130039246 0.0680132539
v 0.0148220105 0.0130041172 0.0680093332
v 0.0148202396 0.0130046932 0.0680054503
v 0.0148183243 0.0130056470 0.0680016425
v 0.0148162830 0.0130069694 0.0679979465
v 0.0148141355 0.0130086477 0.0679943980
v 0.0148119025 0.0130106658 0.0679910311
v 0.0148096056 0.0130130042 0.0679878781
v 0.0148072670 0.0130156403 0.0679849696
v 0.0148049091 0.0130185489 0.0679823335
v 0.0148025548 0.0130217018 0.0679799951
v 0.0148002266 0.0130250687 0.0679779770
v 0.0147979469 0.0130286173 0.0679762987
v 0.0147957378 0.0130323132 0.0679749763
v 0.0147936203 0.0130361210 0.0679740225
v 0.0147916149 0.0130400039 0.0679734465
v 0.0147897407 0.0130439246 0.0679732539
v 0.0147880158 0.0130478453 0.0679734465
v 0.0147864567 0.0130517282 0.0679740225
v 0.0147850782 0.0130555360 0.0679749763
v 0.0147838937 0.0130592319 0.0679762987
v 0.0147829144 0.0130627805 0.0679779770
v 0.0147821498 0.0130661474 0.0679799951
v 0.0147816070 0.0130693003 0.0679823335
v 0.0147812914 0.0130722089 0.0679849696
v 0.0147812060 0.0130748450 0.0679878781
v 0.0147813515 0.0130771834 0.0679910311
v 0.0147817266 0.0130792014 0.0679943980
v 0.0147823277 0.0130808798 0.0679979465
v 0.0147831490 0.0130822022 0.0680016425
v 0.0147841827 0.0130831560 0.0680054503
v 0.0147854188 0.0130837320 0.0680093332
v 0.0147684236 0.0131239246 0.0680132539
v 0.0147716257 0.0131235394 0.0680210952
v 0.0147751511 0.0131223874 0.0680288611
v 0.0147789660 0.0131204798 0.0680364766
v 0.0147830342 0.0131178350 0.0680438685
v 0.0147873167 0.0131144783 0.0680509656
v 0.0147917724 0.0131104422 0.0680576995
v 0.0147963587 0.0131057654 0.0680640053
v 0.0148010315 0.0131004931 0.0680698224
v 0.0148057460 0.0130946761 0.0680750947
v 0.0148104567 0.0130883702 0.0680797714
v 0.0148151183 0.0130816363 0.0680838076
v 0.0148196857 0.0130745393 0.0680871642
v 0.0148241148 0.0130671474 0.0680898091
v 0.0148283628 0.0130595318 0.0680917167
v 0.0148323885 0.0130517660 0.0680928687
v 0.0148361528 0.0130439246 0.0680932539
v 0.0148396192 0.0130360832 0.0680928687
v 0.0148427539 0.0130283174 0.0680917167
v 0.0148455266 0.0130207018 0.0680898091
v 0.0148479101 0.0130133099 0.0680871642
v 0.0148498812 0.0130062129 0.0680838076
v 0.0148514207 0.0129994790 0.0680797714
v 0.0148525136 0.0129931731 0.0680750947
v 0.0148531492 0.0129873561 0.0680698224
v 0.0148533213 0.0129820838 0.0680640053
v 0.0148530282 0.0129774070 0.0680576995
v 0.0148522728 0.0129733709 0.0680509656
v 0.0148510625 0.0129700142 0.0680438685
v 0.0148494090 0.0129673694 0.0680364766
v 0.0148473285 0.0129654618 0.0680288611
v 0.0148448413 0.0129643098 0.0680210952
v 0.0148419717 0.0129639246 0.0680132539
v 0.0148387475 0.0129643098 0.0680054125
v 0.0148352002 0.0129654618 0.0679976466
v 0.0148313643 0.0129673694 0.0679900311
v 0.0148272769 0.0129700142 0.0679826392
v 0.0148229777 0.0129733709 0.0679755421
v 0.0148185084 0.0129774070 0.0679688083
v 0.0148139122 0.0129820838 0.0679625024
v 0.0148092335 0.0129873561 0.0679566853
v 0.0148045174 0.0129931731 0.0679514130
v 0.0147998094 0.0129994790 0.0679467363
v 0.0147951548 0.0130062129 0.0679427002
v 0.0147905983 0.0130133099 0.0679393435
v 0.0147861836 0.0130207018 0.0679366986
v 0.0147819531 0.0130283174 0.0679347911
v 0.0147779472 0.0130360832 0.0679336391
v 0.0147742042 0.0130439246 0.0679332539
v 0.0147707598 0.0130517660 0.0679336391
v 0.0147676470 0.0130595318 0.0679347911
v 0.0147648953 0.0130671474 0.0679366986
v 0.0147625311 0.0130745393 0.0679393435
v 0.0147605767 0.0130816363 0.0679427002
v 0.0147590507 0.0130883702 0.0679467363
v 0.0147579678 0.0130946761 0.0679514130
v 0.0147573380 0.0131004931 0.0679566853
v 0.0147571675 0.0131057654 0.0679625024
v 0.0147574579 0.0131104422 0.0679688083
v 0.0147582063 0.0131144783 0.0679755421
v 0.0147594058 0.0131178350 0.0679826392
v 0.0147610448 0.0131204798 0.0679900311
v 0.0147631078 0.0131223874 0.0679976466
v 0.0147655753 0.0131235394 0.0680054125
v 0.0147499784 0.0131639246 0.0680132539
v 0.0147547733 0.0131633468 0.0680250159
v 0.0147600531 0.0131616188 0.0680366647
v 0.0147657678 0.0131587574 0.0680480880
v 0.0147718628 0.0131547901 0.0680591759
v 0.0147782801 0.0131497552 0.0680698215
v 0.0147849586 0.0131437010 0.0680799223
v 0.0147918342 0.0131366859 0.0680893811
v 0.0147988412 0.0131287774 0.0680981067
v 0.0148059122 0.0131200518 0.0681060151
v 0.0148129792 0.0131105930 0.0681130302
v 0.0148199740 0.0131004922 0.0681190844
v 0.0148268292 0.0130898466 0.0681241194
v 0.0148334782 0.0130787588 0.0681280867
v 0.0148398567 0.0130673354 0.0681309481
v 0.0148459026 0.0130556867 0.0681326760
v 0.0148515571 0.0130439246 0.0681332539
v 0.0148567650 0.0130321625 0.0681326760
v 0.0148614754 0.0130205138 0.0681309481
v 0.0148656423 0.0130090904 0.0681280867
v 0.0148692248 0.0129980026 0.0681241194
v 0.0148721878 0.0129873570 0.0681190844
v 0.0148745022 0.0129772562 0.0681130302
v 0.0148761453 0.0129677974 0.0681060151
v 0.0148771010 0.0129590718 0.0680981067
v 0.0148773597 0.0129511633 0.0680893811
v 0.0148769191 0.0129441482 0.0680799223
v 0.0148757833 0.0129380940 0.0680698215
v 0.0148739637 0.0129330591 0.0680591759
v 0.0148714780 0.0129290918 0.0680480880
v 0.0148683507 0.0129262304 0.0680366647
v 0.0148646124 0.0129245024 0.0680250159
v 0.0148602999 0.0129239246 0.0680132539
v 0.0148554554 0.0129245024 0.0680014918
v 0.0148501262 0.0129262304 0.0679898430
v 0.0148443643 0.0129290918 0.0679784197
v 0.0148382261 0.0129330591 0.0679673319
v 0.0148317711 0.0129380940 0.0679566863
v 0.0148250621 0.0129441482 0.0679465854
v 0.0148181641 0.0129511633 0.0679371267
v 0.0148111439 0.0129590718 0.0679284011
v 0.0148040693 0.0129677974 0.0679204926
v 0.0147970085 0.0129772562 0.0679134775
v 0.0147900293 0.0129873570 0.0679074233
v 0.0147831987 0.0129980026 0.0679023883
v 0.0147765821 0.0130090904 0.0678984210
v 0.0147702429 0.0130205138 0.0678955596
v 0.0147642414 0.0130321625 0.0678938317
v 0.0147586349 0.0130439246 0.0678932539
v 0.0147534766 0.0130556867 0.0678938317
v 0.0147488156 0.0130673354 0.0678955596
v 0.0147446959 0.0130787588 0.0678984210
v 0.0147411567 0.0130898466 0.0679023883
v 0.0147382313 0.0131004922 0.0679074233
v 0.0147359474 0.0131105930 0.0679134775
v 0.0147343266 0.0131200518 0.0679204926
v 0.0147333842 0.0131287774 0.0679284011
v 0.0147331291 0.0131366859 0.0679371267
v 0.0147335636 0.0131437010 0.0679465854
v 0.0147346837 0.0131497552 0.0679566863
v 0.0147364788 0.0131547901 0.0679673319
v 0.0147389320 0.0131587574 0.0679784197
v 0.0147420200 0.0131616188 0.0679898430
v 0.0147457138 0.0131633468 0.0680014918
v 0.0147315101 0.0132039246 0.0680132539
v 0.0147378924 0.0132031542 0.0680289366
v 0.0147449213 0.0132008502 0.0680444683
v 0.0147525303 0.0131970351 0.0680596994
v 0.0147606473 0.0131917453 0.0680744832
v 0.0147691954 0.0131850320 0.0680886774
v 0.0147780930 0.0131769597 0.0681021451
v 0.0147872555 0.0131676063 0.0681147568
v 0.0147965950 0.0131570617 0.0681263910
v 0.0148060220 0.0131454275 0.0681369355
v 0.0148154458 0.0131328158 0.0681462890
v 0.0148247756 0.0131193481 0.0681543613
v 0.0148339211 0.0131051539 0.0681610746
v 0.0148427937 0.0130903701 0.0681663643
v 0.0148513070 0.0130751391 0.0681701795
v 0.0148593780 0.0130596073 0.0681724834
v 0.0148669280 0.0130439246 0.0681732539
v 0.0148738829 0.0130282419 0.0681724834
v 0.0148801745 0.0130127101 0.0681701795
v 0.0148857410 0.0129974791 0.0681663643
v 0.0148905274 0.0129826952 0.0681610746
v 0.0148944865 0.0129685011 0.0681543613
v 0.0148975793 0.0129550334 0.0681462890
v 0.0148997752 0.0129424217 0.0681369355
v 0.0149010523 0.0129307875 0.0681263910
v 0.0149013981 0.0129202429 0.0681147568
v 0.0149008092 0.0129108895 0.0681021451
v 0.0148992913 0.0129028172 0.0680886774
v 0.0148968596 0.0128961039 0.0680744832
v 0.0148935380 0.0128908141 0.0680596994
v 0.0148893594 0.0128869990 0.0680444683
v 0.0148843651 0.0128846950 0.0680289366
v 0.0148786043 0.0128839246 0.0680132539
v 0.0148721339 0.0128846950 0.0679975711
v 0.0148650172 0.0128869990 0.0679820394
v 0.0148573243 0.0128908141 0.0679668083
v 0.0148491304 0.0128961039 0.0679520245
v 0.0148405154 0.0129028172 0.0679378304
v 0.0148315634 0.0129108895 0.0679243626
v 0.0148223613 0.0129202429 0.0679117509
v 0.0148129983 0.0129307875 0.0679001168
v 0.0148035649 0.0129424217 0.0678895722
v 0.0147941520 0.0129550334 0.0678802187
v 0.0147848500 0.0129685011 0.0678721465
v 0.0147757482 0.0129826952 0.0678654331
v 0.0147669334 0.0129974791 0.0678601434
v 0.0147584899 0.0130127101 0.0678563282
v 0.0147504979 0.0130282419 0.0678540243
v 0.0147430331 0.0130439246 0.0678532539
v 0.0147361664 0.0130596073 0.0678540243
v 0.0147299625 0.0130751391 0.0678563282
v 0.0147244801 0.0130903701 0.0678601434
v 0.0147197705 0.0131051539 0.0678654331
v 0.0147158783 0.0131193481 0.0678721465
v 0.0147128398 0.0131328158 0.0678802187
v 0.0147106837 0.0131454275 0.0678895722
v 0.0147094300 0.0131570617 0.0679001168
v 0.0147090906 0.0131676063 0.0679117509
v 0.0147096686 0.0131769597 0.0679243626
v 0.0147111587 0.0131850320 0.0679378304
v 0.0147135468 0.0131917453 0.0679520245
v 0.0147168105 0.0131970351 0.0679668083
v 0.0147209193 0.0132008502 0.0679820394
v 0.0147258346 0.0132031542 0.0679975711
v 0.0147130190 0.0132439246 0.0680132539
v 0.0147209832 0.0132429615 0.0680328573
v 0.0147297556 0.0132400817 0.0680522719
v 0.0147392538 0.0132353127 0.0680713108
v 0.0147493880 0.0132287005 0.0680897906
v 0.0147600625 0.0132203089 0.0681075332
v 0.0147711759 0.0132102185 0.0681243679
v 0.0147826225 0.0131985267 0.0681401325
v 0.0147942929 0.0131853460 0.0681546752
v 0.0148060754 0.0131708033 0.0681678560
v 0.0148178566 0.0131550386 0.0681795478
v 0.0148295229 0.0131382039 0.0681896381
v 0.0148409614 0.0131204613 0.0681980298
v 0.0148520609 0.0131019815 0.0682046419
v 0.0148627133 0.0130829427 0.0682094109
v 0.0148728145 0.0130635280 0.0682122908
v 0.0148822653 0.0130439246 0.0682132539
v 0.0148909728 0.0130243212 0.0682122908
v 0.0148988512 0.0130049065 0.0682094109
v 0.0149058225 0.0129858677 0.0682046419
v 0.0149118177 0.0129673879 0.0681980298
v 0.0149167773 0.0129496453 0.0681896381
v 0.0149206519 0.0129328106 0.0681795478
v 0.0149234030 0.0129170459 0.0681678560
v 0.0149250032 0.0129025032 0.0681546752
v 0.0149254365 0.0128893225 0.0681401325
v 0.0149246986 0.0128776307 0.0681243679
v 0.0149227969 0.0128675403 0.0681075332
v 0.0149197502 0.0128591487 0.0680897906
v 0.0149155890 0.0128525365 0.0680713108
v 0.0149103547 0.0128477675 0.0680522719
v 0.0149040993 0.0128448877 0.0680328573
v 0.0148968849 0.0128439246 0.0680132539
v 0.0148887829 0.0128448877 0.0679936504
v 0.0148798733 0.0128477675 0.0679742358
v 0.0148702440 0.0128525365 0.0679551969
v 0.0148599896 0.0128591487 0.0679367172
v 0.0148492107 0.0128675403 0.0679189745
v 0.0148380124 0.0128776307 0.0679021398
v 0.0148265038 0.0128893225 0.0678863752
v 0.0148147966 0.0129025032 0.0678718325
v 0.0148030041 0.0129170459 0.0678586518
v 0.0147912400 0.0129328106 0.0678469600
v 0.0147796171 0.0129496453 0.0678368696
v 0.0147682468 0.0129673879 0.0678284780
v 0.0147572377 0.0129858677 0.0678218658
v 0.0147466942 0.0130049065 0.0678170968
v 0.0147367166 0.0130243212 0.0678142169
v 0.0147273990 0.0130439246 0.0678132539
v 0.0147188293 0.0130635280 0.0678142169
v 0.0147110880 0.0130829427 0.0678170968
v 0.0147042478 0.0131019815 0.0678218658
v 0.0146983728 0.0131204613 0.0678284780
v 0.0146935177 0.0131382039 0.0678368696
v 0.0146897280 0.0131550386 0.0678469600
v 0.0146870389 0.0131708033 0.0678586518
v 0.0146854754 0.0131853460 0.0678718325
v 0.0146850521 0.0131985267 0.0678863752
v 0.0146857730 0.0132102185 0.0679021398
v 0.0146876313 0.0132203089 0.0679189745
v 0.0146906097 0.0132287005 0.0679367172
v 0.0146946805 0.0132353127 0.0679551969
v 0.0146998058 0.0132400817 0.0679742358
v 0.0147059377 0.0132429615 0.0679936504
v 0.0146945050 0.0132839246 0.0680132539
v 0.0147040457 0.0132827689 0.0680367780
v 0.0147145563 0.0132793131 0.0680600756
v 0.0147259384 0.0132735903 0.0680829222
v 0.0147380849 0.0132656557 0.0681050979
v 0.0147508816 0.0132555857 0.0681263891
v 0.0147642072 0.0132434773 0.0681465907
v 0.0147779354 0.0132294471 0.0681655083
v 0.0147919351 0.0132136302 0.0681829595
v 0.0148060724 0.0131961790 0.0681987764
v 0.0148202115 0.0131772615 0.0682128066
v 0.0148342159 0.0131570598 0.0682249150
v 0.0148479499 0.0131357686 0.0682349850
v 0.0148612800 0.0131135929 0.0682429196
v 0.0148740758 0.0130907463 0.0682486423
v 0.0148862119 0.0130674487 0.0682520982
v 0.0148975688 0.0130439246 0.0682532539
v 0.0149080345 0.0130204005 0.0682520982
v 0.0149175052 0.0129971029 0.0682486423
v 0.0149258868 0.0129742563 0.0682429196
v 0.0149330957 0.0129520806 0.0682349850
v 0.0149390600 0.0129307894 0.0682249150
v 0.0149437200 0.0129105877 0.0682128066
v 0.0149470290 0.0128916702 0.0681987764
v 0.0149489537 0.0128742190 0.0681829595
v 0.0149494749 0.0128584021 0.0681655083
v 0.0149485873 0.0128443719 0.0681465907
v 0.0149462999 0.0128322635 0.0681263891
v 0.0149426355 0.0128221935 0.0681050979
v 0.0149376310 0.0128142589 0.0680829222
v 0.0149313364 0.0128085361 0.0680600756
v 0.0149238149 0.0128050803 0.0680367780
v 0.0149151413 0.0128039246 0.0680132539
v 0.0149054022 0.0128050803 0.0679897298
v 0.0148946942 0.0128085361 0.0679664322
v 0.0148831233 0.0128142589 0.0679435856
v 0.0148708038 0.0128221935 0.0679214099
v 0.0148578566 0.0128322635 0.0679001187
v 0.0148444088 0.0128443719 0.0678799170
v 0.0148305914 0.0128584021 0.0678609995
v 0.0148165388 0.0128742190 0.0678435482
v 0.0148023870 0.0128916702 0.0678277314
v 0.0147882725 0.0129105877 0.0678137012
v 0.0147743307 0.0129307894 0.0678015928
v 0.0147606949 0.0129520806 0.0677915228
v 0.0147474949 0.0129742563 0.0677835882
v 0.0147348561 0.0129971029 0.0677778654
v 0.0147228977 0.0130204005 0.0677744095
v 0.0147117326 0.0130439246 0.0677732539
v 0.0147014653 0.0130674487 0.0677744095
v 0.0146921921 0.0130907463 0.0677778654
v 0.0146839994 0.0131135929 0.0677835882
v 0.0146769634 0.0131357686 0.0677915228
v 0.0146711497 0.0131570598 0.0678015928
v 0.0146666119 0.0131772615 0.0678137012
v 0.0146633923 0.0131961790 0.0678277314
v 0.0146615204 0.0132136302 0.0678435482
v 0.0146610136 0.0132294471 0.0678609995
v 0.0146618767 0.0132434773 0.0678799170
v 0.0146641015 0.0132555857 0.0679001187
v 0.0146676676 0.0132656557 0.0679214099
v 0.0146725420 0.0132735903 0.0679435856
v 0.0146786796 0.0132793131 0.0679664322
v 0.0146860233 0.0132827689 0.0679897298
v 0.0146759684 0.0133239246 0.0680132539
v 0.0146870802 0.0133225763 0.0680406987
v 0.0146993235 0.0133185445 0.0680678792
v 0.0147125842 0.0133118679 0.0680945336
v 0.0147267383 0.0133026109 0.0681204052
v 0.0147416528 0.0132908626 0.0681452450
v 0.0147571872 0.0132767361 0.0681688135
v 0.0147731942 0.0132603675 0.0681908840
v 0.0147895215 0.0132419145 0.0682112438
v 0.0148060131 0.0132215547 0.0682296968
v 0.0148225105 0.0131994843 0.0682460654
v 0.0148388545 0.0131759157 0.0682601918
v 0.0148548866 0.0131510760 0.0682719401
v 0.0148704506 0.0131252043 0.0682811972
v 0.0148853940 0.0130985499 0.0682878738
v 0.0148995700 0.0130713694 0.0682919056
v 0.0149128385 0.0130439246 0.0682932539
v 0.0149250679 0.0130164798 0.0682919056
v 0.0149361365 0.0129892993 0.0682878738
v 0.0149459337 0.0129626449 0.0682811972
v 0.0149543613 0.0129367732 0.0682719401
v 0.0149613347 0.0129119335 0.0682601918
v 0.0149667835 0.0128883649 0.0682460654
v 0.0149706530 0.0128662945 0.0682296968
v 0.0149729038 0.0128459347 0.0682112438
v 0.0149735133 0.0128274817 0.0681908840
v 0.0149724753 0.0128111131 0.0681688135
v 0.0149698003 0.0127969866 0.0681452450
v 0.0149655154 0.0127852383 0.0681204052
v 0.0149596638 0.0127759813 0.0680945336
v 0.0149523046 0.0127693047 0.0680678792
v 0.0149435117 0.0127652729 0.0680406987
v 0.0149333737 0.0127639246 0.0680132539
v 0.0149219918 0.0127652729 0.0679858091
v 0.0149094798 0.0127693047 0.0679586286
v 0.0148959621 0.0127759813 0.0679319742
v 0.0148815726 0.0127852383 0.0679061025
v 0.0148664532 0.0127969866 0.0678812628
v 0.0148507525 0.0128111131 0.0678576942
v 0.0148346241 0.0128274817 0.0678356238
v 0.0148182248 0.0128459347 0.0678152640
v 0.0148017136 0.0128662945 0.0677968109
v 0.0147852496 0.0128883649 0.0677804424
v 0.0147689907 0.0129119335 0.0677663159
v 0.0147530923 0.0129367732 0.0677545676
v 0.0147377054 0.0129626449 0.0677453106
v 0.0147229755 0.0129892993 0.0677386340
v 0.0147090415 0.0130164798 0.0677346022
v 0.0146960340 0.0130439246 0.0677332539
v 0.0146840747 0.0130713694 0.0677346022
v 0.0146732748 0.0130985499 0.0677386340
v 0.0146637347 0.0131252043 0.0677453106
v 0.0146555426 0.0131510760 0.0677545676
v 0.0146487742 0.0131759157 0.0677663159
v 0.0146434917 0.0131994843 0.0677804424
v 0.0146397438 0.0132215547 0.0677968109
v 0.0146375650 0.0132419145 0.0678152640
v 0.0146369751 0.0132603675 0.0678356238
v 0.0146379797 0.0132767361 0.0678576942
v 0.0146405694 0.0132908626 0.0678812628
v 0.0146447206 0.0133026109 0.0679061025
v 0.0146503951 0.0133118679 0.0679319742
v 0.0146575407 0.0133185445 0.0679586286
v 0.0146660914 0.0133225763 0.0679858091
v 0.0146574093 0.0133639246 0.0680132539
v 0.0146700868 0.0133623837 0.0680446194
v 0.0146840573 0.0133577759 0.0680756828
v 0.0146991915 0.0133501455 0.0681061450
v 0.0147153482 0.0133395660 0.0681357126
v 0.0147323764 0.0133261394 0.0681641008
v 0.0147501158 0.0133099949 0.0681910363
v 0.0147683990 0.0132912879 0.0682162597
v 0.0147870522 0.0132701988 0.0682395280
v 0.0148058973 0.0132469304 0.0682606172
v 0.0148247535 0.0132217071 0.0682793242
v 0.0148434386 0.0131947716 0.0682954687
v 0.0148617713 0.0131663833 0.0683088953
v 0.0148795727 0.0131368157 0.0683194748
v 0.0148966680 0.0131063535 0.0683271052
v 0.0149128888 0.0130752901 0.0683317130
v 0.0149280741 0.0130439246 0.0683332539
v 0.0149420728 0.0130125591 0.0683317130
v 0.0149547449 0.0129814957 0.0683271052
v 0.0149659632 0.0129510335 0.0683194748
v 0.0149756144 0.0129214659 0.0683088953
v 0.0149836012 0.0128930776 0.0682954687
v 0.0149898425 0.0128661421 0.0682793242
v 0.0149942750 0.0128409187 0.0682606172
v 0.0149968534 0.0128176504 0.0682395280
v 0.0149975517 0.0127965613 0.0682162597
v 0.0149963626 0.0127778543 0.0681910363
v 0.0149932983 0.0127617098 0.0681641008
v 0.0149883899 0.0127482831 0.0681357126
v 0.0149816875 0.0127377037 0.0681061450
v 0.0149732590 0.0127300733 0.0680756828
v 0.0149631898 0.0127254655 0.0680446194
v 0.0149515817 0.0127239246 0.0680132539
v 0.0149385515 0.0127254655 0.0679818884
v 0.0149242299 0.0127300733 0.0679508250
v 0.0149087601 0.0127377037 0.0679203628
v 0.0148922959 0.0127482831 0.0678907952
v 0.0148750003 0.0127617098 0.0678624069
v 0.0148570436 0.0127778543 0.0678354714
v 0.0148386018 0.0127965613 0.0678102480
v 0.0148198546 0.0128176504 0.0677869797
v 0.0148009838 0.0128409187 0.0677658905
v 0.0147821713 0.0128661421 0.0677471836
v 0.0147635974 0.0128930776 0.0677310391
v 0.0147454393 0.0129214659 0.0677176124
v 0.0147278691 0.0129510335 0.0677070330
v 0.0147110527 0.0129814957 0.0676994026
v 0.0146951480 0.0130125591 0.0676947948
v 0.0146803036 0.0130439246 0.0676932539
v 0.0146666576 0.0130752901 0.0676947948
v 0.0146543365 0.0131063535 0.0676994026
v 0.0146434540 0.0131368157 0.0677070330
v 0.0146303311 0.0131663833 0.0677176124
v 0.0146071737 0.0131947716 0.0677310391
v 0.0145891020 0.0132217071 0.0677471836
v 0.0145762809 0.0132469304 0.0677658905
v 0.0145688276 0.0132701988 0.0677869797
v 0.0145668099 0.0132912879 0.0678102480
v 0.0145702462 0.0133099949 0.0678354714
v 0.0145791052 0.0133261394 0.0678624069
v 0.0145933061 0.0133395660 0.0678907952
v 0.0146127194 0.0133501455 0.0679203628
v 0.0146363892 0.0133577759 0.0679508250
v 0.0146461422 0.0133623837 0.0679818884
v 0.0146388278 0.0134039246 0.0680132539
v 0.0146530655 0.0134021911 0.0680485400
v 0.0146687580 0.0133970073 0.0680834864
v 0.0146857603 0.0133884231 0.0681177564
v 0.0147039148 0.0133765212 0.0681510199
v 0.0147230523 0.0133614163 0.0681829567
v 0.0147429932 0.0133432537 0.0682132592
v 0.0147635498 0.0133222084 0.0682416355
v 0.0147845272 0.0132984830 0.0682678123
v 0.0148057252 0.0132723062 0.0682915376
v 0.0148269404 0.0132439299 0.0683125829
v 0.0148479681 0.0132136274 0.0683307455
v 0.0148686039 0.0131816906 0.0683458505
v 0.0148886461 0.0131484271 0.0683577524
v 0.0149078976 0.0131141571 0.0683663366
v 0.0149261680 0.0130792108 0.0683715204
v 0.0149432755 0.0130439246 0.0683732539
v 0.0149590492 0.0130086384 0.0683715204
v 0.0149733304 0.0129736921 0.0683663366
v 0.0149859751 0.0129394221 0.0683577524
v 0.0149968550 0.0129061586 0.0683458505
v 0.0150058596 0.0128742218 0.0683307455
v 0.0150128969 0.0128439193 0.0683125829
v 0.0150178950 0.0128155430 0.0682915376
v 0.0150208026 0.0127893662 0.0682678123
v 0.0150215900 0.0127656408 0.0682416355
v 0.0150202491 0.0127445955 0.0682132592
v 0.0150167936 0.0127264329 0.0681829567
v 0.0150112590 0.0127113280 0.0681510199
v 0.0150037019 0.0126994261 0.0681177564
v 0.0149941996 0.0126908419 0.0680834864
v 0.0149828489 0.0126856581 0.0680485400
v 0.0149697652 0.0126839246 0.0680132539
v 0.0149550811 0.0126856581 0.0679779677
v 0.0149389444 0.0126908419 0.0679430214
v 0.0149215173 0.0126994261 0.0679087514
v 0.0149029736 0.0127113280 0.0678754878
v 0.0148834977 0.0127264329 0.0678435510
v 0.0148632818 0.0127445955 0.0678132486
v 0.0148425244 0.0127656408 0.0677848723
v 0.0148214282 0.0127893662 0.0677586954
v 0.0148001978 0.0128155430 0.0677349701
v 0.0147790377 0.0128439193 0.0677139248
v 0.0147581508 0.0128742218 0.0676957622
v 0.0147377359 0.0129061586 0.0676806572
v 0.0147179863 0.0129394221 0.0676687554
v 0.0146990879 0.0129736921 0.0676601712
v 0.0146812174 0.0130086384 0.0676549874
v 0.0146645413 0.0130439246 0.0676532539
v 0.0146492141 0.0130792108 0.0676549874
v 0.0146341312 0.0131141571 0.0676601712
v 0.0145974720 0.0131484271 0.0676687554
v 0.0145660002 0.0131816906 0.0676806572
v 0.0145400028 0.0132136274 0.0676957622
v 0.0145197164 0.0132439299 0.0677139248
v 0.0145053250 0.0132723062 0.0677349701
v 0.0144969590 0.0132984830 0.0677586954
v 0.0144946943 0.0133222084 0.0677848723
v 0.0144985513 0.0133432537 0.0678132486
v 0.0145084951 0.0133614163 0.0678435510
v 0.0145244356 0.0133765212 0.0678754878
v 0.0145462284 0.0133884231 0.0679087514
v 0.0145736755 0.0133970073 0.0679430214
v 0.0146065271 0.0134021911 0.0679779677
v 0.0145886718 0.0134439246 0.0680132539
v 0.0146360166 0.0134419985 0.0680524607
v 0.0146534256 0.0134362387 0.0680912900
v 0.0146722909 0.0134267007 0.0681293677
v 0.0146924383 0.0134134764 0.0681663272
v 0.0147136807 0.0133966931 0.0682018126
v 0.0147358196 0.0133765124 0.0682354820
v 0.0147586469 0.0133531288 0.0682670112
v 0.0147819465 0.0133267673 0.0682960966
v 0.0148054967 0.0132976819 0.0683224581
v 0.0148290713 0.0132661527 0.0683458417
v 0.0148524430 0.0132324833 0.0683660224
v 0.0148753843 0.0131969980 0.0683828057
v 0.0148976707 0.0131600385 0.0683960300
v 0.0149190826 0.0131219607 0.0684055680
v 0.0149394075 0.0130831315 0.0684113278
v 0.0149584426 0.0130439246 0.0684132539
v 0.0149759968 0.0130047177 0.0684113278
v 0.0149918928 0.0129658885 0.0684055680
v 0.0150059694 0.0129278107 0.0683960300
v 0.0150180830 0.0128908512 0.0683828057
v 0.0150281097 0.0128553659 0.0683660224
v 0.0150359466 0.0128216965 0.0683458417
v 0.0150415130 0.0127901673 0.0683224581
v 0.0150447514 0.0127610819 0.0682960966
v 0.0150456284 0.0127347204 0.0682670112
v 0.0150441349 0.0127113368 0.0682354820
v 0.0150402864 0.0126911561 0.0682018126
v 0.0150341225 0.0126743728 0.0681663272
v 0.0150257070 0.0126611485 0.0681293677
v 0.0150151263 0.0126516105 0.0680912900
v 0.0150024890 0.0126458507 0.0680524607
v 0.0149879243 0.0126439246 0.0680132539
v 0.0149715804 0.0126458507 0.0679740470
v 0.0149536231 0.0126516105 0.0679352177
v 0.0149342334 0.0126611485 0.0678971400
v 0.0149136056 0.0126743728 0.0678601805
v 0.0148919453 0.0126911561 0.0678246952
v 0.0148694671 0.0127113368 0.0677910258
v 0.0148463920 0.0127347204 0.0677594966
v 0.0148229456 0.0127610819 0.0677304112
v 0.0147993554 0.0127901673 0.0677040497
v 0.0147758489 0.0128216965 0.0676806660
v 0.0147526510 0.0128553659 0.0676604854
v 0.0147299824 0.0128908512 0.0676437021
v 0.0147080571 0.0129278107 0.0676304777
v 0.0146870811 0.0129658885 0.0676209398
v 0.0146672498 0.0130047177 0.0676151800
v 0.0146487474 0.0130439246 0.0676132539
v 0.0146232329 0.0130831315 0.0676151800
v 0.0145771901 0.0131219607 0.0676209398
v 0.0145365343 0.0131600385 0.0676304777
v 0.0145016355 0.0131969980 0.0676437021
v 0.0144728100 0.0132324833 0.0676604854
v 0.0144503185 0.0132661527 0.0676806660
v 0.0144343637 0.0132976819 0.0677040497
v 0.0144250893 0.0133267673 0.0677304112
v 0.0144225787 0.0133531288 0.0677594966
v 0.0144268545 0.0133765124 0.0677910258
v 0.0144378781 0.0133966931 0.0678246952
v 0.0144555505 0.0134134764 0.0678601805
v 0.0144797126 0.0134267007 0.0678971400
v 0.0145101462 0.0134362387 0.0679352177
v 0.0145465762 0.0134419985 0.0679740470
v 0.0145327938 0.0134839246 0.0680132539
v 0.0145848204 0.0134818059 0.0680563814
v 0.0146380602 0.0134754701 0.0680990936
v 0.0146587833 0.0134649783 0.0681409791
v 0.0146809187 0.0134504316 0.0681816346
v 0.0147042618 0.0134319700 0.0682206684
v 0.0147285950 0.0134097712 0.0682577048
v 0.0147536901 0.0133840492 0.0682923869
v 0.0147793103 0.0133550516 0.0683243809
v 0.0148052117 0.0133230576 0.0683533785
v 0.0148311462 0.0132883755 0.0683791005
v 0.0148568631 0.0132513392 0.0684012992
v 0.0148821124 0.0132123053 0.0684197609
v 0.0149066464 0.0131716499 0.0684343076
v 0.0149302228 0.0131297643 0.0684447994
v 0.0149526071 0.0130870521 0.0684511352
v 0.0149735752 0.0130439246 0.0684532539
v 0.0149929155 0.0130007971 0.0684511352
v 0.0150104319 0.0129580849 0.0684447994
v 0.0150259459 0.0129161993 0.0684343076
v 0.0150392982 0.0128755439 0.0684197609
v 0.0150503516 0.0128365100 0.0684012992
v 0.0150589917 0.0127994737 0.0683791005
v 0.0150651290 0.0127647916 0.0683533785
v 0.0150686997 0.0127327976 0.0683243809
v 0.0150696667 0.0127038000 0.0682923869
v 0.0150680200 0.0126780780 0.0682577048
v 0.0150637765 0.0126558792 0.0682206684
v 0.0150569806 0.0126374176 0.0681816346
v 0.0150477027 0.0126228709 0.0681409791
v 0.0150360390 0.0126123791 0.0680990936
v 0.0150221099 0.0126060433 0.0680563814
v 0.0150060586 0.0126039246 0.0680132539
v 0.0149880494 0.0126060433 0.0679701263
v 0.0149682659 0.0126123791 0.0679274141
v 0.0149469084 0.0126228709 0.0678855286
v 0.0149241917 0.0126374176 0.0678448732
v 0.0149003431 0.0126558792 0.0678058393
v 0.0148755994 0.0126780780 0.0677688030
v 0.0148502044 0.0127038000 0.0677341208
v 0.0148244067 0.0127327976 0.0677021269
v 0.0147984568 0.0127647916 0.0676731293
v 0.0147726048 0.0127994737 0.0676474072
v 0.0147470980 0.0128365100 0.0676252085
v 0.0147221787 0.0128755439 0.0676067469
v 0.0146980817 0.0129161993 0.0675922001
v 0.0146750325 0.0129580849 0.0675817084
v 0.0146532455 0.0130007971 0.0675753726
v 0.0146267657 0.0130439246 0.0675732539
v 0.0145707452 0.0130870521 0.0675753726
v 0.0145201866 0.0131297643 0.0675817084
v 0.0144755493 0.0131716499 0.0675922001
v 0.0144372371 0.0132123053 0.0676067469
v 0.0144055954 0.0132513392 0.0676252085
v 0.0143809084 0.0132883755 0.0676474072
v 0.0143633972 0.0133230576 0.0676731293
v 0.0143532185 0.0133550516 0.0677021269
v 0.0143504631 0.0133840492 0.0677341208
v 0.0143551557 0.0134097712 0.0677688030
v 0.0143672544 0.0134319700 0.0678058393
v 0.0143866510 0.0134504316 0.0678448732
v 0.0144131721 0.0134649783 0.0678855286
v 0.0144465799 0.0134754701 0.0679274141
v 0.0144865740 0.0134818059 0.0679701263
v 0.0144768495 0.0135239246 0.0680132539
v 0.0145335089 0.0135216133 0.0680603021
v 0.0145959863 0.0135147015 0.0681068972
v 0.0146452377 0.0135032560 0.0681525905
v 0.0146693563 0.0134873868 0.0681969419
v 0.0146947956 0.0134672468 0.0682395243
v 0.0147213194 0.0134430300 0.0682799276
v 0.0147486797 0.0134149696 0.0683177627
v 0.0147766185 0.0133833359 0.0683526651
v 0.0148048705 0.0133484334 0.0683842989
v 0.0148331649 0.0133105983 0.0684123593
v 0.0148612285 0.0132701950 0.0684365761
v 0.0148887881 0.0132276126 0.0684567161
v 0.0149155730 0.0131832612 0.0684725852
v 0.0149413182 0.0131375680 0.0684840308
v 0.0149657668 0.0130909728 0.0684909425
v 0.0149886730 0.0130439246 0.0684932539
v 0.0150098051 0.0129968764 0.0684909425
v 0.0150289477 0.0129502812 0.0684840308
v 0.0150459045 0.0129045880 0.0684725852
v 0.0150605007 0.0128602366 0.0684567161
v 0.0150725851 0.0128176542 0.0684365761
v 0.0150820321 0.0127772509 0.0684123593
v 0.0150887430 0.0127394158 0.0683842989
v 0.0150926476 0.0127045133 0.0683526651
v 0.0150937051 0.0126728796 0.0683177627
v 0.0150919043 0.0126448192 0.0682799276
v 0.0150872641 0.0126206024 0.0682395243
v 0.0150798331 0.0126004624 0.0681969419
v 0.0150696890 0.0125845932 0.0681525905
v 0.0150569377 0.0125731477 0.0681068972
v 0.0150417115 0.0125662359 0.0680603021
v 0.0150241681 0.0125639246 0.0680132539
v 0.0150044879 0.0125662359 0.0679662056
v 0.0149828726 0.0125731477 0.0679196105
v 0.0149595420 0.0125845932 0.0678739172
v 0.0149347318 0.0126004624 0.0678295658
v 0.0149086909 0.0126206024 0.0677869834
v 0.0148816785 0.0126448192 0.0677465802
v 0.0148539616 0.0126728796 0.0677087451
v 0.0148258115 0.0127045133 0.0676738426
v 0.0147975019 0.0127394158 0.0676422089
v 0.0147693056 0.0127772509 0.0676141485
v 0.0147414920 0.0128176542 0.0675899317
v 0.0147143250 0.0128602366 0.0675697917
v 0.0146880600 0.0129045880 0.0675539225
v 0.0146629423 0.0129502812 0.0675424769
v 0.0146392045 0.0129968764 0.0675355652
v 0.0145791952 0.0130439246 0.0675332539
v 0.0145181796 0.0130909728 0.0675355652
v 0.0144631210 0.0131375680 0.0675424769
v 0.0144145172 0.0131832612 0.0675539225
v 0.0143728053 0.0132276126 0.0675697917
v 0.0143383591 0.0132701950 0.0675899317
v 0.0143114861 0.0133105983 0.0676141485
v 0.0142924255 0.0133484334 0.0676422089
v 0.0142813465 0.0133833359 0.0676738426
v 0.0142783475 0.0134149696 0.0677087451
v 0.0142834550 0.0134430300 0.0677465802
v 0.0142966238 0.0134672468 0.0677869834
v 0.0143177371 0.0134873868 0.0678295658
v 0.0143466071 0.0135032560 0.0678739172
v 0.0143829767 0.0135147015 0.0679196105
v 0.0144265210 0.0135216133 0.0679662056
v 0.0145168495 0.0135239246 0.0680132539
v 0.0145735089 0.0135216133 0.0680603021
v 0.0146359863 0.0135147015 0.0681068972
v 0.0146852377 0.0135032560 0.0681525905
v 0.0147093563 0.0134873868 0.0681969419
v 0.0147347956 0.0134672468 0.0682395243
v 0.0147613194 0.0134430300 0.0682799276
v 0.0147886797 0.0134149696 0.0683177627
v 0.0148166185 0.0133833359 0.0683526651
v 0.0148448705 0.0133484334 0.0683842989
v 0.0148731649 0.0133105983 0.0684123593
v 0.0149012285 0.0132701950 0.0684365761
v 0.0149287881 0.0132276126 0.0684567161
v 0.0149555730 0.0131832612 0.0684725852
v 0.0149813182 0.0131375680 0.0684840308
v 0.0150057668 0.0130909728 0.0684909425
v 0.0150286730 0.0130439246 0.0684932539
v 0.0150498051 0.0129968764 0.0684909425
v 0.0150689477 0.0129502812 0.0684840308
v 0.0150859045 0.0129045880 0.0684725852
v 0.0151005007 0.0128602366 0.0684567161
v 0.0151125851 0.0128176542 0.0684365761
v 0.0151220321 0.0127772509 0.0684123593
v 0.0151287430 0.0127394158 0.0683842989
v 0.0151326476 0.0127045133 0.0683526651
v 0.0151337051 0.0126728796 0.0683177627
v 0.0151319043 0.0126448192 0.0682799276
v 0.0151272641 0.0126206024 0.0682395243
v 0.0151198331 0.0126004624 0.0681969419
v 0.0151096890 0.0125845932 0.0681525905
v 0.0150969377 0.0125731477 0.0681068972
v 0.0150817115 0.0125662359 0.0680603021
v 0.0150641681 0.0125639246 0.0680132539
v 0.0150444879 0.0125662359 0.0679662056
v 0.0150228726 0.0125731477 0.0679196105
v 0.0149995420 0.0125845932 0.0678739172
v 0.0149747318 0.0126004624 0.0678295658
v 0.0149486909 0.0126206024 0.0677869834
v 0.0149216785 0.0126448192 0.0677465802
v 0.0148939616 0.0126728796 0.0677087451
v 0.0148658115 0.0127045133 0.0676738426
v 0.0148375019 0.0127394158 0.0676422089
v 0.0148093056 0.0127772509 0.0676141485
v 0.0147814920 0.0128176542 0.0675899317
v 0.0147543250 0.0128602366 0.0675697917
v 0.0147280600 0.0129045880 0.0675539225
v 0.0147029423 0.0129502812 0.0675424769
v 0.0146792045 0.0129968764 0.0675355652
v 0.0146191952 0.0130439246 0.0675332539
v 0.0145581796 0.0130909728 0.0675355652
v 0.0145031210 0.0131375680 0.0675424769
v 0.0144545172 0.0131832612 0.0675539225
v 0.0144128053 0.0132276126 0.0675697917
v 0.0143783591 0.0132701950 0.0675899317
v 0.0143514861 0.0133105983 0.0676141485
v 0.0143324255 0.0133484334 0.0676422089
v 0.0143213465 0.0133833359 0.0676738426
v 0.0143183475 0.0134149696 0.0677087451
v 0.0143234550 0.0134430300 0.0677465802
v 0.0143366238 0.0134672468 0.0677869834
v 0.0143577371 0.0134873868 0.0678295658
v 0.0143866071 0.0135032560 0.0678739172
v 0.0144229767 0.0135147015 0.0679196105
v 0.0144665210 0.0135216133 0.0679662056
v 0.0145727938 0.0134839246 0.0680132539
v 0.0146248204 0.0134818059 0.0680563814
v 0.0146780602 0.0134754701 0.0680990936
v 0.0146987833 0.0134649783 0.0681409791
v 0.0147209187 0.0134504316 0.0681816346
v 0.0147442618 0.0134319700 0.0682206684
v 0.0147685950 0.0134097712 0.0682577048
v 0.0147936901 0.0133840492 0.0682923869
v 0.0148193103 0.0133550516 0.0683243809
v 0.0148452117 0.0133230576 0.0683533785
v 0.0148711462 0.0132883755 0.0683791005
v 0.0148968631 0.0132513392 0.0684012992
v 0.0149221124 0.0132123053 0.0684197609
v 0.0149466464 0.0131716499 0.0684343076
v 0.0149702228 0.0131297643 0.0684447994
v 0.0149926071 0.0130870521 0.0684511352
v 0.0150135752 0.0130439246 0.0684532539
v 0.0150329155 0.0130007971 0.0684511352
v 0.0150504319 0.0129580849 0.0684447994
v 0.0150659459 0.0129161993 0.0684343076
v 0.0150792982 0.0128755439 0.0684197609
v 0.0150903516 0.0128365100 0.0684012992
v 0.0150989917 0.0127994737 0.0683791005
v 0.0151051290 0.0127647916 0.0683533785
v 0.0151086997 0.0127327976 0.0683243809
v 0.0151096667 0.0127038000 0.0682923869
v 0.0151080200 0.0126780780 0.0682577048
v 0.0151037765 0.0126558792 0.0682206684
v 0.0150969806 0.0126374176 0.0681816346
v 0.0150877027 0.0126228709 0.0681409791
v 0.0150760390 0.0126123791 0.0680990936
v 0.0150621099 0.0126060433 0.0680563814
v 0.0150460586 0.0126039246 0.0680132539
v 0.0150280494 0.0126060433 0.0679701263
v 0.0150082659 0.0126123791 0.0679274141
v 0.0149869084 0.0126228709 0.0678855286
v 0.0149641917 0.0126374176 0.0678448732
v 0.0149403431 0.0126558792 0.0678058393
v 0.0149155994 0.0126780780 0.0677688030
v 0.0148902044 0.0127038000 0.0677341208
v 0.0148644067 0.0127327976 0.0677021269
v 0.0148384568 0.0127647916 0.0676731293
v 0.0148126048 0.0127994737 0.0676474072
v 0.0147870980 0.0128365100 0.0676252085
v 0.0147621787 0.0128755439 0.0676067469
v 0.0147380817 0.0129161993 0.0675922001
v 0.0147150325 0.0129580849 0.0675817084
v 0.0146932455 0.0130007971 0.0675753726
v 0.0146667657 0.0130439246 0.0675732539
v 0.0146107452 0.0130870521 0.0675753726
v 0.0145601866 0.0131297643 0.0675817084
v 0.0145155493 0.0131716499 0.0675922001
v 0.0144772371 0.0132123053 0.0676067469
v 0.0144455954 0.0132513392 0.0676252085
v 0.0144209084 0.0132883755 0.0676474072
v 0.0144033972 0.0133230576 0.0676731293
v 0.0143932185 0.0133550516 0.0677021269
v 0.0143904631 0.0133840492 0.0677341208
v 0.0143951557 0.0134097712 0.0677688030
v 0.0144072544 0.0134319700 0.0678058393
v 0.0144266510 0.0134504316 0.0678448732
v 0.0144531721 0.0134649783 0.0678855286
v 0.0144865799 0.0134754701 0.0679274141
v 0.0145265740 0.0134818059 0.0679701263
v 0.0146286718 0.0134439246 0.0680132539
v 0.0146760166 0.0134419985 0.0680524607
v 0.0146934256 0.0134362387 0.0680912900
v 0.0147122909 0.0134267007 0.0681293677
v 0.0147324383 0.0134134764 0.0681663272
v 0.0147536807 0.0133966931 0.0682018126
v 0.0147758196 0.0133765124 0.0682354820
v 0.0147986469 0.0133531288 0.0682670112
v 0.0148219465 0.0133267673 0.0682960966
v 0.0148454967 0.0132976819 0.0683224581
v 0.0148690713 0.0132661527 0.0683458417
v 0.0148924430 0.0132324833 0.0683660224
v 0.0149153843 0.0131969980 0.0683828057
v 0.0149376707 0.0131600385 0.0683960300
v 0.0149590826 0.0131219607 0.0684055680
v 0.0149794075 0.0130831315 0.0684113278
v 0.0149984426 0.0130439246 0.0684132539
v 0.0150159968 0.0130047177 0.0684113278
v 0.0150318928 0.0129658885 0.0684055680
v 0.0150459694 0.0129278107 0.0683960300
v 0.0150580830 0.0128908512 0.0683828057
v 0.0150681097 0.0128553659 0.0683660224
v 0.0150759466 0.0128216965 0.0683458417
v 0.0150815130 0.0127901673 0.0683224581
v 0.0150847514 0.0127610819 0.0682960966
v 0.0150856284 0.0127347204 0.0682670112
v 0.0150841349 0.0127113368 0.0682354820
v 0.0150802864 0.0126911561 0.0682018126
v 0.0150741225 0.0126743728 0.0681663272
v 0.0150657070 0.0126611485 0.0681293677
v 0.0150551263 0.0126516105 0.0680912900
v 0.0150424890 0.0126458507 0.0680524607
v 0.0150279243 0.0126439246 0.0680132539
v 0.0150115804 0.0126458507 0.0679740470
v 0.0149936231 0.0126516105 0.0679352177
v 0.0149742334 0.0126611485 0.0678971400
v 0.0149536056 0.0126743728 0.0678601805
v 0.0149319453 0.0126911561 0.0678246952
v 0.0149094671 0.0127113368 0.0677910258
v 0.0148863920 0.0127347204 0.0677594966
v 0.0148629456 0.0127610819 0.0677304112
v 0.0148393554 0.0127901673 0.0677040497
v 0.0148158489 0.0128216965 0.0676806660
v 0.0147926510 0.0128553659 0.0676604854
v 0.0147699824 0.0128908512 0.0676437021
v 0.0147480571 0.0129278107 0.0676304777
v 0.0147270811 0.0129658885 0.0676209398
v 0.0147072498 0.0130047177 0.0676151800
v 0.0146887474 0.0130439246 0.0676132539
v 0.0146632329 0.0130831315 0.0676151800
v 0.0146171901 0.0131219607 0.0676209398
v 0.0145765343 0.0131600385 0.0676304777
v 0.0145416355 0.0131969980 0.0676437021
v 0.0145128100 0.0132324833 0.0676604854
v 0.0144903185 0.0132661527 0.0676806660
v 0.0144743637 0.0132976819 0.0677040497
v 0.0144650893 0.0133267673 0.0677304112
v 0.0144625787 0.0133531288 0.0677594966
v 0.0144668545 0.0133765124 0.0677910258
v 0.0144778781 0.0133966931 0.0678246952
v 0.0144955505 0.0134134764 0.0678601805
v 0.0145197126 0.0134267007 0.0678971400
v 0.0145501462 0.0134362387 0.0679352177
v 0.0145865762 0.0134419985 0.0679740470
v 0.0146788278 0.0134039246 0.0680132539
v 0.0146930655 0.0134021911 0.0680485400
v 0.0147087580 0.0133970073 0.0680834864
v 0.0147257603 0.0133884231 0.0681177564
v 0.0147439148 0.0133765212 0.0681510199
v 0.0147630523 0.0133614163 0.0681829567
v 0.0147829932 0.0133432537 0.0682132592
v 0.0148035498 0.0133222084 0.0682416355
v 0.0148245272 0.0132984830 0.0682678123
v 0.0148457252 0.0132723062 0.0682915376
v 0.0148669404 0.0132439299 0.0683125829
v 0.0148879681 0.0132136274 0.0683307455
v 0.0149086039 0.0131816906 0.0683458505
v 0.0149286461 0.0131484271 0.0683577524
v 0.0149478976 0.0131141571 0.0683663366
v 0.0149661680 0.0130792108 0.0683715204
v 0.0149832755 0.0130439246 0.0683732539
v 0.0149990492 0.0130086384 0.0683715204
v 0.0150133304 0.0129736921 0.0683663366
v 0.0150259751 0.0129394221 0.0683577524
v 0.0150368550 0.0129061586 0.0683458505
v 0.0150458596 0.0128742218 0.0683307455
v 0.0150528969 0.0128439193 0.0683125829
v 0.0150578950 0.0128155430 0.0682915376
v 0.0150608026 0.0127893662 0.0682678123
v 0.0150615900 0.0127656408 0.0682416355
v 0.0150602491 0.0127445955 0.0682132592
v 0.0150567936 0.0127264329 0.0681829567
v 0.0150512590 0.0127113280 0.0681510199
v 0.0150437019 0.0126994261 0.0681177564
v 0.0150341996 0.0126908419 0.0680834864
v 0.0150228489 0.0126856581 0.0680485400
v 0.0150097652 0.0126839246 0.0680132539
v 0.0149950811 0.0126856581 0.0679779677
v 0.0149789444 0.0126908419 0.0679430214
v 0.0149615173 0.0126994261 0.0679087514
v 0.0149429736 0.0127113280 0.0678754878
v 0.0149234977 0.0127264329 0.0678435510
v 0.0149032818 0.0127445955 0.0678132486
v 0.0148825244 0.0127656408 0.0677848723
v 0.0148614282 0.0127893662 0.0677586954
v 0.0148401978 0.0128155430 0.0677349701
v 0.0148190377 0.0128439193 0.0677139248
v 0.0147981508 0.0128742218 0.0676957622
v 0.0147777359 0.0129061586 0.0676806572
v 0.0147579863 0.0129394221 0.0676687554
v 0.0147390879 0.0129736921 0.0676601712
v 0.0147212174 0.0130086384 0.0676549874
v 0.0147045413 0.0130439246 0.0676532539
v 0.0146892141 0.0130792108 0.0676549874
v 0.0146741312 0.0131141571 0.0676601712
v 0.0146374720 0.0131484271 0.0676687554
v 0.0146060002 0.0131816906 0.0676806572
v 0.0145800028 0.0132136274 0.0676957622
v 0.0145597164 0.0132439299 0.0677139248
v 0.0145453250 0.0132723062 0.0677349701
v 0.0145369590 0.0132984830 0.0677586954
v 0.0145346943 0.0133222084 0.0677848723
v 0.0145385513 0.0133432537 0.0678132486
v 0.0145484951 0.0133614163 0.0678435510
v 0.0145644356 0.0133765212 0.0678754878
v 0.0145862284 0.0133884231 0.0679087514
v 0.0146136755 0.0133970073 0.0679430214
v 0.0146465271 0.0134021911 0.0679779677
v 0.0146974093 0.0133639246 0.0680132539
v 0.0147100868 0.0133623837 0.0680446194
v 0.0147240573 0.0133577759 0.0680756828
v 0.0147391915 0.0133501455 0.0681061450
v 0.0147553482 0.0133395660 0.0681357126
v 0.0147723764 0.0133261394 0.0681641008
v 0.0147901158 0.0133099949 0.0681910363
v 0.0148083990 0.0132912879 0.0682162597
v 0.0148270522 0.0132701988 0.0682395280
v 0.0148458973 0.0132469304 0.0682606172
v 0.0148647535 0.0132217071 0.0682793242
v 0.0148834386 0.0131947716 0.0682954687
v 0.0149017713 0.0131663833 0.0683088953
v 0.0149195727 0.0131368157 0.0683194748
v 0.0149366680 0.0131063535 0.0683271052
v 0.0149528888 0.0130752901 0.0683317130
v 0.0149680741 0.0130439246 0.0683332539
v 0.0149820728 0.0130125591 0.0683317130
v 0.0149947449 0.0129814957 0.0683271052
v 0.0150059632 0.0129510335 0.0683194748
v 0.0150156144 0.0129214659 0.0683088953
v 0.0150236012 0.0128930776 0.0682954687
v 0.0150298425 0.0128661421 0.0682793242
v 0.0150342750 0.0128409187 0.0682606172
v 0.0150368534 0.0128176504 0.0682395280
v 0.0150375517 0.0127965613 0.0682162597
v 0.0150363626 0.0127778543 0.0681910363
v 0.0150332983 0.0127617098 0.0681641008
v 0.0150283899 0.0127482831 0.0681357126
v 0.0150216875 0.0127377037 0.0681061450
v 0.0150132590 0.0127300733 0.0680756828
v 0.0150031898 0.0127254655 0.0680446194
v 0.0149915817 0.0127239246 0.0680132539
v 0.0149785515 0.0127254655 0.0679818884
v 0.0149642299 0.0127300733 0.0679508250
v 0.0149487601 0.0127377037 0.0679203628
v 0.0149322959 0.0127482831 0.0678907952
v 0.0149150003 0.0127617098 0.0678624069
v 0.0148970436 0.0127778543 0.0678354714
v 0.0148786018 0.0127965613 0.0678102480
v 0.0148598546 0.0128176504 0.0677869797
v 0.0148409838 0.0128409187 0.0677658905
v 0.0148221713 0.0128661421 0.0677471836
v 0.0148035974 0.0128930776 0.0677310391
v 0.0147854393 0.0129214659 0.0677176124
v 0.0147678691 0.0129510335 0.0677070330
v 0.0147510527 0.0129814957 0.0676994026
v 0.0147351480 0.0130125591 0.0676947948
v 0.0147203036 0.0130439246 0.0676932539
v 0.0147066576 0.0130752901 0.0676947948
v 0.0146943365 0.0131063535 0.0676994026
v 0.0146834540 0.0131368157 0.0677070330
v 0.0146703311 0.0131663833 0.0677176124
v 0.0146471737 0.0131947716 0.0677310391
v 0.0146291020 0.0132217071 0.0677471836
v 0.0146162809 0.0132469304 0.0677658905
v 0.0146088276 0.0132701988 0.0677869797
v 0.0146068099 0.0132912879 0.0678102480
v 0.0146102462 0.0133099949 0.0678354714
v 0.0146191052 0.0133261394 0.0678624069
v 0.0146333061 0.0133395660 0.0678907952
v 0.0146527194 0.0133501455 0.0679203628
v 0.0146763892 0.0133577759 0.0679508250
v 0.0146861422 0.0133623837 0.0679818884
v 0.0147159684 0.0133239246 0.0680132539
v 0.0147270802 0.0133225763 0.0680406987
v 0.0147393235 0.0133185445 0.0680678792
v 0.0147525842 0.0133118679 0.0680945336
v 0.0147667383 0.0133026109 0.0681204052
v 0.0147816528 0.0132908626 0.0681452450
v 0.0147971872 0.0132767361 0.0681688135
v 0.0148131942 0.0132603675 0.0681908840
v 0.0148295215 0.0132419145 0.0682112438
v 0.0148460131 0.0132215547 0.0682296968
v 0.0148625105 0.0131994843 0.0682460654
v 0.0148788545 0.0131759157 0.0682601918
v 0.0148948866 0.0131510760 0.0682719401
v 0.0149104506 0.0131252043 0.0682811972
v 0.0149253940 0.0130985499 0.0682878738
v 0.0149395700 0.0130713694 0.0682919056
v 0.0149528385 0.0130439246 0.0682932539
v 0.0149650679 0.0130164798 0.0682919056
v 0.0149761365 0.0129892993 0.0682878738
v 0.0149859337 0.0129626449 0.0682811972
v 0.0149943613 0.0129367732 0.0682719401
v 0.0150013347 0.0129119335 0.0682601918
v 0.0150067835 0.0128883649 0.0682460654
v 0.0150106530 0.0128662945 0.0682296968
v 0.0150129038 0.0128459347 0.0682112438
v 0.0150135133 0.0128274817 0.0681908840
v 0.0150124753 0.0128111131 0.0681688135
v 0.0150098003 0.0127969866 0.0681452450
v 0.0150055154 0.0127852383 0.0681204052
v 0.0149996638 0.0127759813 0.0680945336
v 0.0149923046 0.0127693047 0.0680678792
v 0.0149835117 0.0127652729 0.0680406987
v 0.0149733737 0.0127639246 0.0680132539
v 0.0149619918 0.0127652729 0.0679858091
v 0.0149494798 0.0127693047 0.0679586286
v 0.0149359621 0.0127759813 0.0679319742
v 0.0149215726 0.0127852383 0.0679061025
v 0.0149064532 0.0127969866 0.0678812628
v 0.0148907525 0.0128111131 0.0678576942
v 0.0148746241 0.0128274817 0.0678356238
v 0.0148582248 0.0128459347 0.0678152640
v 0.0148417136 0.0128662945 0.0677968109
v 0.0148252496 0.0128883649 0.0677804424
v 0.0148089907 0.0129119335 0.0677663159
v 0.0147930923 0.0129367732 0.0677545676
v 0.0147777054 0.0129626449 0.0677453106
v 0.0147629755 0.0129892993 0.0677386340
v 0.0147490415 0.0130164798 0.0677346022
v 0.0147360340 0.0130439246 0.0677332539
v 0.0147240747 0.0130713694 0.0677346022
v 0.0147132748 0.0130985499 0.0677386340
v 0.0147037347 0.0131252043 0.0677453106
v 0.0146955426 0.0131510760 0.0677545676
v 0.0146887742 0.0131759157 0.0677663159
v 0.0146834917 0.0131994843 0.0677804424
v 0.0146797438 0.0132215547 0.0677968109
v 0.0146775650 0.0132419145 0.0678152640
v 0.0146769751 0.0132603675 0.0678356238
v 0.0146779797 0.0132767361 0.0678576942
v 0.0146805694 0.0132908626 0.0678812628
v 0.0146847206 0.0133026109 0.0679061025
v 0.0146903951 0.0133118679 0.0679319742
v 0.0146975407 0.0133185445 0.0679586286
v 0.0147060914 0.0133225763 0.0679858091
v 0.0147345050 0.0132839246 0.0680132539
v 0.0147440457 0.0132827689 0.0680367780
v 0.0147545563 0.0132793131 0.0680600756
v 0.0147659384 0.0132735903 0.0680829222
v 0.0147780849 0.0132656557 0.0681050979
v 0.0147908816 0.0132555857 0.0681263891
v 0.0148042072 0.0132434773 0.0681465907
v 0.0148179354 0.0132294471 0.0681655083
v 0.0148319351 0.0132136302 0.0681829595
v 0.0148460724 0.0131961790 0.0681987764
v 0.0148602115 0.0131772615 0.0682128066
v 0.0148742159 0.0131570598 0.0682249150
v 0.0148879499 0.0131357686 0.0682349850
v 0.0149012800 0.0131135929 0.0682429196
v 0.0149140758 0.0130907463 0.0682486423
v 0.0149262119 0.0130674487 0.0682520982
v 0.0149375688 0.0130439246 0.0682532539
v 0.0149480345 0.0130204005 0.0682520982
v 0.0149575052 0.0129971029 0.0682486423
v 0.0149658868 0.0129742563 0.0682429196
v 0.0149730957 0.0129520806 0.0682349850
v 0.0149790600 0.0129307894 0.0682249150
v 0.0149837200 0.0129105877 0.0682128066
v 0.0149870290 0.0128916702 0.0681987764
v 0.0149889537 0.0128742190 0.0681829595
v 0.0149894749 0.0128584021 0.0681655083
v 0.0149885873 0.0128443719 0.0681465907
v 0.0149862999 0.0128322635 0.0681263891
v 0.0149826355 0.0128221935 0.0681050979
v 0.0149776310 0.0128142589 0.0680829222
v 0.0149713364 0.0128085361 0.0680600756
v 0.0149638149 0.0128050803 0.0680367780
v 0.0149551413 0.0128039246 0.0680132539
v 0.0149454022 0.0128050803 0.0679897298
v 0.0149346942 0.0128085361 0.0679664322
v 0.0149231233 0.0128142589 0.0679435856
v 0.0149108038 0.0128221935 0.0679214099
v 0.0148978566 0.0128322635 0.0679001187
v 0.0148844088 0.0128443719 0.0678799170
v 0.0148705914 0.0128584021 0.0678609995
v 0.0148565388 0.0128742190 0.0678435482
v 0.0148423870 0.0128916702 0.0678277314
v 0.0148282725 0.0129105877 0.0678137012
v 0.0148143307 0.0129307894 0.0678015928
v 0.0148006949 0.0129520806 0.0677915228
v 0.0147874949 0.0129742563 0.0677835882
v 0.0147748561 0.0129971029 0.0677778654
v 0.0147628977 0.0130204005 0.0677744095
v 0.0147517326 0.0130439246 0.0677732539
v 0.0147414653 0.0130674487 0.0677744095
v 0.0147321921 0.0130907463 0.0677778654
v 0.0147239994 0.0131135929 0.0677835882
v 0.0147169634 0.0131357686 0.0677915228
v 0.0147111497 0.0131570598 0.0678015928
v 0.0147066119 0.0131772615 0.0678137012
v 0.0147033923 0.0131961790 0.0678277314
v 0.0147015204 0.0132136302 0.0678435482
v 0.0147010136 0.0132294471 0.0678609995
v 0.0147018767 0.0132434773 0.0678799170
v 0.0147041015 0.0132555857 0.0679001187
v 0.0147076676 0.0132656557 0.0679214099
v 0.0147125420 0.0132735903 0.0679435856
v 0.0147186796 0.0132793131 0.0679664322
v 0.0147260233 0.0132827689 0.0679897298
v 0.0147530190 0.0132439246 0.0680132539
v 0.0147609832 0.0132429615 0.0680328573
v 0.0147697556 0.0132400817 0.0680522719
v 0.0147792538 0.0132353127 0.0680713108
v 0.0147893880 0.0132287005 0.0680897906
v 0.0148000625 0.0132203089 0.0681075332
v 0.0148111759 0.0132102185 0.0681243679
v 0.0148226225 0.0131985267 0.0681401325
v 0.0148342929 0.0131853460 0.0681546752
v 0.0148460754 0.0131708033 0.0681678560
v 0.0148578566 0.0131550386 0.0681795478
v 0.0148695229 0.0131382039 0.0681896381
v 0.0148809614 0.0131204613 0.0681980298
v 0.0148920609 0.0131019815 0.0682046419
v 0.0149027133 0.0130829427 0.0682094109
v 0.0149128145 0.0130635280 0.0682122908
v 0.0149222653 0.0130439246 0.0682132539
v 0.0149309728 0.0130243212 0.0682122908
v 0.0149388512 0.0130049065 0.0682094109
v 0.0149458225 0.0129858677 0.0682046419
v 0.0149518177 0.0129673879 0.0681980298
v 0.0149567773 0.0129496453 0.0681896381
v 0.0149606519 0.0129328106 0.0681795478
v 0.0149634030 0.0129170459 0.0681678560
v 0.0149650032 0.0129025032 0.0681546752
v 0.0149654365 0.0128893225 0.0681401325
v 0.0149646986 0.0128776307 0.0681243679
v 0.0149627969 0.0128675403 0.0681075332
v 0.0149597502 0.0128591487 0.0680897906
v 0.0149555890 0.0128525365 0.0680713108
v 0.0149503547 0.0128477675 0.0680522719
v 0.0149440993 0.0128448877 0.0680328573
v 0.0149368849 0.0128439246 0.0680132539
v 0.0149287829 0.0128448877 0.0679936504
v 0.0149198733 0.0128477675 0.0679742358
v 0.0149102440 0.0128525365 0.0679551969
v 0.0148999896 0.0128591487 0.0679367172
v 0.0148892107 0.0128675403 0.0679189745
v 0.0148780124 0.0128776307 0.0679021398
v 0.0148665038 0.0128893225 0.0678863752
v 0.0148547966 0.0129025032 0.0678718325
v 0.0148430041 0.0129170459 0.0678586518
v 0.0148312400 0.0129328106 0.0678469600
v 0.0148196171 0.0129496453 0.0678368696
v 0.0148082468 0.0129673879 0.0678284780
v 0.0147972377 0.0129858677 0.0678218658
v 0.0147866942 0.0130049065 0.0678170968
v 0.0147767166 0.0130243212 0.0678142169
v 0.0147673990 0.0130439246 0.0678132539
v 0.0147588293 0.0130635280 0.0678142169
v 0.0147510880 0.0130829427 0.0678170968
v 0.0147442478 0.0131019815 0.0678218658
v 0.0147383728 0.0131204613 0.0678284780
v 0.0147335177 0.0131382039 0.0678368696
v 0.0147297280 0.0131550386 0.0678469600
v 0.0147270389 0.0131708033 0.0678586518
v 0.0147254754 0.0131853460 0.0678718325
v 0.0147250521 0.0131985267 0.0678863752
v 0.0147257730 0.0132102185 0.0679021398
v 0.0147276313 0.0132203089 0.0679189745
v 0.0147306097 0.0132287005 0.0679367172
v 0.0147346805 0.0132353127 0.0679551969
v 0.0147398058 0.0132400817 0.0679742358
v 0.0147459377 0.0132429615 0.0679936504
v 0.0147715101 0.0132039246 0.0680132539
v 0.0147778924 0.0132031542 0.0680289366
v 0.0147849213 0.0132008502 0.0680444683
v 0.0147925303 0.0131970351 0.0680596994
v 0.0148006473 0.0131917453 0.0680744832
v 0.0148091954 0.0131850320 0.0680886774
v 0.0148180930 0.0131769597 0.0681021451
v 0.0148272555 0.0131676063 0.0681147568
v 0.0148365950 0.0131570617 0.0681263910
v 0.0148460220 0.0131454275 0.0681369355
v 0.0148554458 0.0131328158 0.0681462890
v 0.0148647756 0.0131193481 0.0681543613
v 0.0148739211 0.0131051539 0.0681610746
v 0.0148827937 0.0130903701 0.0681663643
v 0.0148913070 0.0130751391 0.0681701795
v 0.0148993780 0.0130596073 0.0681724834
v 0.0149069280 0.0130439246 0.0681732539
v 0.0149138829 0.0130282419 0.0681724834
v 0.0149201745 0.0130127101 0.0681701795
v 0.0149257410 0.0129974791 0.0681663643
v 0.0149305274 0.0129826952 0.0681610746
v 0.0149344865 0.0129685011 0.0681543613
v 0.0149375793 0.0129550334 0.0681462890
v 0.0149397752 0.0129424217 0.0681369355
v 0.0149410523 0.0129307875 0.0681263910
v 0.0149413981 0.0129202429 0.0681147568
v 0.0149408092 0.0129108895 0.0681021451
v 0.0149392913 0.0129028172 0.0680886774
v 0.0149368596 0.0128961039 0.0680744832
v 0.0149335380 0.0128908141 0.0680596994
v 0.0149293594 0.0128869990 0.0680444683
v 0.0149243651 0.0128846950 0.0680289366
v 0.0149186043 0.0128839246 0.0680132539
v 0.0149121339 0.0128846950 0.0679975711
v 0.0149050172 0.0128869990 0.0679820394
v 0.0148973243 0.0128908141 0.0679668083
v 0.0148891304 0.0128961039 0.0679520245
v 0.0148805154 0.0129028172 0.0679378304
v 0.0148715634 0.0129108895 0.0679243626
v 0.0148623613 0.0129202429 0.0679117509
v 0.0148529983 0.0129307875 0.0679001168
v 0.0148435649 0.0129424217 0.0678895722
v 0.0148341520 0.0129550334 0.0678802187
v 0.0148248500 0.0129685011 0.0678721465
v 0.0148157482 0.0129826952 0.0678654331
v 0.0148069334 0.0129974791 0.0678601434
v 0.0147984899 0.0130127101 0.0678563282
v 0.0147904979 0.0130282419 0.0678540243
v 0.0147830331 0.0130439246 0.0678532539
v 0.0147761664 0.0130596073 0.0678540243
v 0.0147699625 0.0130751391 0.0678563282
v 0.0147644801 0.0130903701 0.0678601434
v 0.0147597705 0.0131051539 0.0678654331
v 0.0147558783 0.0131193481 0.0678721465
v 0.0147528398 0.0131328158 0.0678802187
v 0.0147506837 0.0131454275 0.0678895722
v 0.0147494300 0.0131570617 0.0679001168
v 0.0147490906 0.0131676063 0.0679117509
v 0.0147496686 0.0131769597 0.0679243626
v 0.0147511587 0.0131850320 0.0679378304
v 0.0147535468 0.0131917453 0.0679520245
v 0.0147568105 0.0131970351 0.0679668083
v 0.0147609193 0.0132008502 0.0679820394
v 0.0147658346 0.0132031542 0.0679975711
v 0.0147899784 0.0131639246 0.0680132539
v 0.0147947733 0.0131633468 0.0680250159
v 0.0148000531 0.0131616188 0.0680366647
v 0.0148057678 0.0131587574 0.0680480880
v 0.0148118628 0.0131547901 0.0680591759
v 0.0148182801 0.0131497552 0.0680698215
v 0.0148249586 0.0131437010 0.0680799223
v 0.0148318342 0.0131366859 0.0680893811
v 0.0148388412 0.0131287774 0.0680981067
v 0.0148459122 0.0131200518 0.0681060151
v 0.0148529792 0.0131105930 0.0681130302
v 0.0148599740 0.0131004922 0.0681190844
v 0.0148668292 0.0130898466 0.0681241194
v 0.0148734782 0.0130787588 0.0681280867
v 0.0148798567 0.0130673354 0.0681309481
v 0.0148859026 0.0130556867 0.0681326760
v 0.0148915571 0.0130439246 0.0681332539
v 0.0148967650 0.0130321625 0.0681326760
v 0.0149014754 0.0130205138 0.0681309481
v 0.0149056423 0.0130090904 0.0681280867
v 0.0149092248 0.0129980026 0.0681241194
v 0.0149121878 0.0129873570 0.0681190844
v 0.0149145022 0.0129772562 0.0681130302
v 0.0149161453 0.0129677974 0.0681060151
v 0.0149171010 0.0129590718 0.0680981067
v 0.0149173597 0.0129511633 0.0680893811
v 0.0149169191 0.0129441482 0.0680799223
v 0.0149157833 0.0129380940 0.0680698215
v 0.0149139637 0.0129330591 0.0680591759
v 0.0149114780 0.0129290918 0.0680480880
v 0.0149083507 0.0129262304 0.0680366647
v 0.0149046124 0.0129245024 0.0680250159
v 0.0149002999 0.0129239246 0.0680132539
v 0.0148954554 0.0129245024 0.0680014918
v 0.0148901262 0.0129262304 0.0679898430
v 0.0148843643 0.0129290918 0.0679784197
v 0.0148782261 0.0129330591 0.0679673319
v 0.0148717711 0.0129380940 0.0679566863
v 0.0148650621 0.0129441482 0.0679465854
v 0.0148581641 0.0129511633 0.0679371267
v 0.0148511439 0.0129590718 0.0679284011
v 0.0148440693 0.0129677974 0.0679204926
v 0.0148370085 0.0129772562 0.0679134775
v 0.0148300293 0.0129873570 0.0679074233
v 0.0148231987 0.0129980026 0.0679023883
v 0.0148165821 0.0130090904 0.0678984210
v 0.0148102429 0.0130205138 0.0678955596
v 0.0148042414 0.0130321625 0.0678938317
v 0.0147986349 0.0130439246 0.0678932539
v 0.0147934766 0.0130556867 0.0678938317
v 0.0147888156 0.0130673354 0.0678955596
v 0.0147846959 0.0130787588 0.0678984210
v 0.0147811567 0.0130898466 0.0679023883
v 0.0147782313 0.0131004922 0.0679074233
v 0.0147759474 0.0131105930 0.0679134775
v 0.0147743266 0.0131200518 0.0679204926
v 0.0147733842 0.0131287774 0.0679284011
v 0.0147731291 0.0131366859 0.0679371267
v 0.0147735636 0.0131437010 0.0679465854
v 0.0147746837 0.0131497552 0.0679566863
v 0.0147764788 0.0131547901 0.0679673319
v 0.0147789320 0.0131587574 0.0679784197
v 0.0147820200 0.0131616188 0.0679898430
v 0.0147857138 0.0131633468 0.0680014918
v 0.0148084236 0.0131239246 0.0680132539
v 0.0148116257 0.0131235394 0.0680210952
v 0.0148151511 0.0131223874 0.0680288611
v 0.0148189660 0.0131204798 0.0680364766
v 0.0148230342 0.0131178350 0.0680438685
v 0.0148273167 0.0131144783 0.0680509656
v 0.0148317724 0.0131104422 0.0680576995
v 0.0148363587 0.0131057654 0.0680640053
v 0.0148410315 0.0131004931 0.0680698224
v 0.0148457460 0.0130946761 0.0680750947
v 0.0148504567 0.0130883702 0.0680797714
v 0.0148551183 0.0130816363 0.0680838076
v 0.0148596857 0.0130745393 0.0680871642
v 0.0148641148 0.0130671474 0.0680898091
v 0.0148683628 0.0130595318 0.0680917167
v 0.0148723885 0.0130517660 0.0680928687
v 0.0148761528 0.0130439246 0.0680932539
v 0.0148796192 0.0130360832 0.0680928687
v 0.0148827539 0.0130283174 0.0680917167
v 0.0148855266 0.0130207018 0.0680898091
v 0.0148879101 0.0130133099 0.0680871642
v 0.0148898812 0.0130062129 0.0680838076
v 0.0148914207 0.0129994790 0.0680797714
v 0.0148925136 0.0129931731 0.0680750947
v 0.0148931492 0.0129873561 0.0680698224
v 0.0148933213 0.0129820838 0.0680640053
v 0.0148930282 0.0129774070 0.0680576995
v 0.0148922728 0.0129733709 0.0680509656
v 0.0148910625 0.0129700142 0.0680438685
v 0.0148894090 0.0129673694 0.0680364766
v 0.0148873285 0.0129654618 0.0680288611
v 0.0148848413 0.0129643098 0.0680210952
v 0.0148819717 0.0129639246 0.0680132539
v 0.0148787475 0.0129643098 0.0680054125
v 0.0148752002 0.0129654618 0.0679976466
v 0.0148713643 0.0129673694 0.0679900311
v 0.0148672769 0.0129700142 0.0679826392
v 0.0148629777 0.0129733709 0.0679755421
v 0.0148585084 0.0129774070 0.0679688083
v 0.0148539122 0.0129820838 0.0679625024
v 0.0148492335 0.0129873561 0.0679566853
v 0.0148445174 0.0129931731 0.0679514130
v 0.0148398094 0.0129994790 0.0679467363
v 0.0148351548 0.0130062129 0.0679427002
v 0.0148305983 0.0130133099 0.0679393435
v 0.0148261836 0.0130207018 0.0679366986
v 0.0148219531 0.0130283174 0.0679347911
v 0.0148179472 0.0130360832 0.0679336391
v 0.0148142042 0.0130439246 0.0679332539
v 0.0148107598 0.0130517660 0.0679336391
v 0.0148076470 0.0130595318 0.0679347911
v 0.0148048953 0.0130671474 0.0679366986
v 0.0148025311 0.0130745393 0.0679393435
v 0.0148005767 0.0130816363 0.0679427002
v 0.0147990507 0.0130883702 0.0679467363
v 0.0147979678 0.0130946761 0.0679514130
v 0.0147973380 0.0131004931 0.0679566853
v 0.0147971675 0.0131057654 0.0679625024
v 0.0147974579 0.0131104422 0.0679688083
v 0.0147982063 0.0131144783 0.0679755421
v 0.0147994058 0.0131178350 0.0679826392
v 0.0148010448 0.0131204798 0.0679900311
v 0.0148031078 0.0131223874 0.0679976466
v 0.0148055753 0.0131235394 0.0680054125
v 0.0148268456 0.0130839246 0.0680132539
v 0.0148284495 0.0130837320 0.0680171746
v 0.0148302149 0.0130831560 0.0680210575
v 0.0148321250 0.0130822022 0.0680248653
v 0.0148341615 0.0130808798 0.0680285612
v 0.0148363048 0.0130792014 0.0680321097
v 0.0148385344 0.0130771834 0.0680354767
v 0.0148408288 0.0130748450 0.0680386296
v 0.0148431660 0.0130722089 0.0680415381
v 0.0148455234 0.0130693003 0.0680441743
v 0.0148478784 0.0130661474 0.0680465127
v 0.0148502084 0.0130627805 0.0680485307
v 0.0148524907 0.0130592319 0.0680502091
v 0.0148547035 0.0130555360 0.0680515315
v 0.0148568253 0.0130517282 0.0680524853
v 0.0148588357 0.0130478453 0.0680530613
v 0.0148607152 0.0130439246 0.0680532539
v 0.0148624456 0.0130400039 0.0680530613
v 0.0148640102 0.0130361210 0.0680524853
v 0.0148653939 0.0130323132 0.0680515315
v 0.0148665833 0.0130286173 0.0680502091
v 0.0148675667 0.0130250687 0.0680485307
v 0.0148683348 0.0130217018 0.0680465127
v 0.0148688800 0.0130185489 0.0680441743
v 0.0148691970 0.0130156403 0.0680415381
v 0.0148692829 0.0130130042 0.0680386296
v 0.0148691367 0.0130106658 0.0680354767
v 0.0148687599 0.0130086477 0.0680321097
v 0.0148681561 0.0130069694 0.0680285612
v 0.0148673311 0.0130056470 0.0680248653
v 0.0148662931 0.0130046932 0.0680210575
v 0.0148650520 0.0130041172 0.0680171746
v 0.0148636198 0.0130039246 0.0680132539
v 0.0148620105 0.0130041172 0.0680093332
v 0.0148602396 0.0130046932 0.0680054503
v 0.0148583243 0.0130056470 0.0680016425
v 0.0148562830 0.0130069694 0.0679979465
v 0.0148541355 0.0130086477 0.0679943980
v 0.0148519025 0.0130106658 0.0679910311
v 0.0148496056 0.0130130042 0.0679878781
v 0.0148472670 0.0130156403 0.0679849696
v 0.0148449091 0.0130185489 0.0679823335
v 0.0148425548 0.0130217018 0.0679799951
v 0.0148402266 0.0130250687 0.0679779770
v 0.0148379469 0.0130286173 0.0679762987
v 0.0148357378 0.0130323132 0.0679749763
v 0.0148336203 0.0130361210 0.0679740225
v 0.0148316149 0.0130400039 0.0679734465
v 0.0148297407 0.0130439246 0.0679732539
v 0.0148280158 0.0130478453 0.0679734465
v 0.0148264567 0.0130517282 0.0679740225
v 0.0148250782 0.0130555360 0.0679749763
v 0.0148238937 0.0130592319 0.0679762987
v 0.0148229144 0.0130627805 0.0679779770
v 0.0148221498 0.0130661474 0.0679799951
v 0.0148216070 0.0130693003 0.0679823335
v 0.0148212914 0.0130722089 0.0679849696
v 0.0148212060 0.0130748450 0.0679878781
v 0.0148213515 0.0130771834 0.0679910311
v 0.0148217266 0.0130792014 0.0679943980
v 0.0148223277 0.0130808798 0.0679979465
v 0.0148231490 0.0130822022 0.0680016425
v 0.0148241827 0.0130831560 0.0680054503
v 0.0148254188 0.0130837320 0.0680093332
v 0.0148452444 0.0130439246 0.0680132539
vn -0.85711090 -0.39399463 0.33185710
vn -0.85710342 -0.39452856 0.33124152
vn -0.85710492 -0.39458432 0.33117122
vn -0.85710669 -0.39463324 0.33110832
vn -0.85710850 -0.39467509 0.33105377
vn -0.85711007 -0.39470983 0.33100827
vn -0.85711119 -0.39473759 0.33097226
vn -0.85711172 -0.39475853 0.33094592
vn -0.85711159 -0.39477284 0.33092918
vn -0.85711084 -0.39478065 0.33092180
vn -0.85710961 -0.39478198 0.33092342
vn -0.85710805 -0.39477678 0.33093367
vn -0.85710636 -0.39476494 0.33095216
vn -0.85710471 -0.39474635 0.33097859
vn -0.85710327 -0.39472093 0.33101265
vn -0.85710211 -0.39468869 0.33105408
vn -0.85710130 -0.39464976 0.33110259
vn -0.85710086 -0.39460436 0.33115784
vn -0.85710079 -0.39455285 0.33121940
vn -0.85710107 -0.39449564 0.33128679
vn -0.85710172 -0.39443324 0.33135943
vn -0.85710271 -0.39436616 0.33143669
vn -0.85710405 -0.39429497 0.33151791
vn -0.85710572 -0.39422026 0.33160242
vn -0.85710770 -0.39414265 0.33168955
vn -0.85710991 -0.39406283 0.33177867
vn -0.85711224 -0.39398158 0.33186914
vn -0.85711453 -0.39389978 0.33196031
vn -0.85711659 -0.39381844 0.33205147
vn -0.85711825 -0.39373864 0.33214182
vn -0.85711932 -0.39366154 0.33223042
vn -0.85711971 -0.39358828 0.33231622
vn -0.85711937 -0.39351992 0.33239804
vn -0.85711837 -0.39345736 0.33247468
vn -0.85711685 -0.39340131 0.33254491
vn -0.85711504 -0.39335224 0.33260763
vn -0.85711319 -0.39331038 0.33266188
vn -0.85711157 -0.39327576 0.33270698
vn -0.85711041 -0.39324825 0.33274248
vn -0.85710986 -0.39322766 0.33276823
vn -0.85710998 -0.39321377 0.33278433
vn -0.85711072 -0.39320646 0.33279106
vn -0.85711198 -0.39320565 0.33278879
vn -0.85711356 -0.39321137 0.33277795
vn -0.85711528 -0.39322372 0.33275892
vn -0.85711696 -0.39324278 0.33273208
vn -0.85711844 -0.39326862 0.33269772
vn -0.85711962 -0.39330122 0.33265613
vn -0.85712045 -0.39334045 0.33260762
vn -0.85712089 -0.39338608 0.33255252
vn -0.85712094 -0.39343776 0.33249124
vn -0.85712062 -0.39349507 0.33242424
vn -0.85711993 -0.39355753 0.33235208
vn -0.85711888 -0.39362459 0.33227535
vn -0.85711748 -0.39369571 0.33219469
vn -0.85711576 -0.39377027 0.33211073
vn -0.85711376 -0.39384766 0.33202413
vn -0.85711155 -0.39392716 0.33193550
vn -0.85710925 -0.39400802 0.33184547
vn -0.85710701 -0.39408934 0.33175469
vn -0.85710500 -0.39417014 0.33166388
vn -0.85710341 -0.39424935 0.33157383
vn -0.85710239 -0.39432586 0.33148547
vn -0.85710205 -0.39439855 0.33139985
vn -0.85710241 -0.39446641 0.33131813
vn -0.85710390 -0.39502382 0.33064948
vn -0.85710539 -0.39513465 0.33051319
vn -0.85710705 -0.39523356 0.33039058
vn -0.85710865 -0.39531990 0.33028312
vn -0.85710996 -0.39539322 0.33019195
vn -0.85711079 -0.39545323 0.33011790
vn -0.85711106 -0.39549976 0.33006147
vn -0.85711075 -0.39553264 0.33002287
vn -0.85710994 -0.39555172 0.33000212
vn -0.85710876 -0.39555682 0.32999906
vn -0.85710738 -0.39554778 0.33001347
vn -0.85710598 -0.39552448 0.33004503
vn -0.85710470 -0.39548689 0.33009339
vn -0.85710364 -0.39543515 0.33015813
vn -0.85710286 -0.39536954 0.33023872
vn -0.85710239 -0.39529055 0.33033450
vn -0.85710221 -0.39519885 0.33044465
vn -0.85710234 -0.39509523 0.33056821
vn -0.85710274 -0.39498066 0.33070404
vn -0.85710344 -0.39485619 0.33085085
vn -0.85710442 -0.39472294 0.33100727
vn -0.85710571 -0.39458210 0.33117182
vn -0.85710728 -0.39443494 0.33134300
vn -0.85710913 -0.39428277 0.33151929
vn -0.85711117 -0.39412702 0.33169916
vn -0.85711330 -0.39396920 0.33188109
vn -0.85711537 -0.39381097 0.33206350
vn -0.85711718 -0.39365408 0.33224478
vn -0.85711857 -0.39350039 0.33242322
vn -0.85711938 -0.39335176 0.33259699
vn -0.85711952 -0.39321002 0.33276418
vn -0.85711899 -0.39307687 0.33292282
vn -0.85711788 -0.39295380 0.33307094
vn -0.85711635 -0.39284204 0.33320667
vn -0.85711464 -0.39274255 0.33332834
vn -0.85711300 -0.39265600 0.33343451
vn -0.85711167 -0.39258283 0.33352408
vn -0.85711082 -0.39252331 0.33359631
vn -0.85711056 -0.39247759 0.33365076
vn -0.85711089 -0.39244580 0.33368732
vn -0.85711172 -0.39242805 0.33370604
vn -0.85711292 -0.39242446 0.33370717
vn -0.85711432 -0.39243515 0.33369102
vn -0.85711573 -0.39246018 0.33365796
vn -0.85711702 -0.39249949 0.33360839
vn -0.85711809 -0.39255289 0.33354280
vn -0.85711887 -0.39262004 0.33346175
vn -0.85711934 -0.39270040 0.33336592
vn -0.85711949 -0.39279326 0.33325612
vn -0.85711933 -0.39289776 0.33313330
vn -0.85711888 -0.39301295 0.33299857
vn -0.85711813 -0.39313775 0.33285315
vn -0.85711710 -0.39327101 0.33269836
vn -0.85711577 -0.39341153 0.33253560
vn -0.85711416 -0.39355807 0.33236629
vn -0.85711232 -0.39370931 0.33219190
vn -0.85711030 -0.39386384 0.33201387
vn -0.85710822 -0.39402018 0.33183370
vn -0.85710622 -0.39417673 0.33165288
vn -0.85710448 -0.39433179 0.33147299
vn -0.85710317 -0.39448360 0.33129572
vn -0.85710241 -0.39463038 0.33112283
vn -0.85710229 -0.39477039 0.33095620
vn -0.85710282 -0.39490201 0.33079777
vn -0.85710431 -0.39551636 0.33005911
vn -0.85710573 -0.39568211 0.32985669
vn -0.85710724 -0.39583095 0.32967413
vn -0.85710862 -0.39596178 0.32951341
vn -0.85710966 -0.39607374 0.32937612
vn -0.85711023 -0.39616613 0.32926350
vn -0.85711027 -0.39623839 0.32917642
vn -0.85710983 -0.39629002 0.32911540
vn -0.85710901 -0.39632058 0.32908076
vn -0.85710795 -0.39632968 0.32907256
vn -0.85710680 -0.39631706 0.32909074
vn -0.85710572 -0.39628258 0.32913508
vn -0.85710481 -0.39622633 0.32920518
vn -0.85710412 -0.39614861 0.32930048
vn -0.85710369 -0.39605000 0.32942019
vn -0.85710352 -0.39593131 0.32956328
vn -0.85710358 -0.39579362 0.32972847
vn -0.85710387 -0.39563818 0.32991421
vn -0.85710437 -0.39546647 0.33011873
vn -0.85710509 -0.39528007 0.33034003
vn -0.85710605 -0.39508070 0.33057596
vn -0.85710726 -0.39487020 0.33082424
vn -0.85710873 -0.39465048 0.33108251
vn -0.85711043 -0.39442358 0.33134838
vn -0.85711231 -0.39419164 0.33161942
vn -0.85711425 -0.39395695 0.33189318
vn -0.85711609 -0.39372193 0.33216719
vn -0.85711767 -0.39348912 0.33243888
vn -0.85711881 -0.39326112 0.33270562
vn -0.85711938 -0.39304055 0.33296469
vn -0.85711932 -0.39282993 0.33321332
vn -0.85711865 -0.39263159 0.33344873
vn -0.85711748 -0.39244763 0.33366823
vn -0.85711599 -0.39227984 0.33386930
vn -0.85711443 -0.39212965 0.33404969
vn -0.85711302 -0.39199820 0.33420753
vn -0.85711198 -0.39188638 0.33434133
vn -0.85711142 -0.39179485 0.33445000
vn -0.85711141 -0.39172414 0.33453286
vn -0.85711188 -0.39167470 0.33458953
vn -0.85711273 -0.39164690 0.33461989
vn -0.85711381 -0.39164100 0.33462403
vn -0.85711496 -0.39165718 0.33460216
vn -0.85711603 -0.39169541 0.33455464
vn -0.85711694 -0.39175548 0.33448198
vn -0.85711761 -0.39183693 0.33438485
vn -0.85711802 -0.39193904 0.33426411
vn -0.85711817 -0.39206085 0.33412084
vn -0.85711807 -0.39220120 0.33395632
vn -0.85711775 -0.39235872 0.33377207
vn -0.85711720 -0.39253189 0.33356981
vn -0.85711643 -0.39271904 0.33335142
vn -0.85711543 -0.39291844 0.33311895
vn -0.85711419 -0.39312826 0.33287452
vn -0.85711271 -0.39334657 0.33262034
vn -0.85711102 -0.39357139 0.33235864
vn -0.85710919 -0.39380062 0.33209172
vn -0.85710732 -0.39403208 0.33182188
vn -0.85710556 -0.39426346 0.33155147
vn -0.85710407 -0.39449238 0.33128292
vn -0.85710300 -0.39471638 0.33101876
vn -0.85710247 -0.39493304 0.33076161
vn -0.85710254 -0.39514001 0.33051415
vn -0.85710318 -0.39533511 0.33027910
vn -0.85710461 -0.39600627 0.32947038
vn -0.85710593 -0.39622679 0.32920169
vn -0.85710726 -0.39642549 0.32895892
vn -0.85710840 -0.39660081 0.32874457
vn -0.85710918 -0.39675146 0.32856071
vn -0.85710951 -0.39687632 0.32840901
vn -0.85710938 -0.39697444 0.32829073
vn -0.85710887 -0.39704497 0.32820677
vn -0.85710809 -0.39708718 0.32815773
vn -0.85710719 -0.39710051 0.32814395
vn -0.85710630 -0.39708457 0.32816555
vn -0.85710555 -0.39703923 0.32822237
vn -0.85710500 -0.39696466 0.32831400
vn -0.85710467 -0.39686134 0.32843973
vn -0.85710457 -0.39673010 0.32859851
vn -0.85710467 -0.39657208 0.32878895
vn -0.85710494 -0.39638872 0.32900927
vn -0.85710536 -0.39618175 0.32925738
vn -0.85710593 -0.39595310 0.32953083
vn -0.85710666 -0.39570491 0.32982692
vn -0.85710757 -0.39543949 0.33014272
vn -0.85710870 -0.39515930 0.33047512
vn -0.85711005 -0.39486691 0.33082091
vn -0.85711162 -0.39456509 0.33117679
vn -0.85711333 -0.39425671 0.33153942
vn -0.85711508 -0.39394483 0.33190542
vn -0.85711672 -0.39363266 0.33227136
vn -0.85711808 -0.39332352 0.33263374
vn -0.85711900 -0.39302080 0.33298900
vn -0.85711936 -0.39272786 0.33333351
vn -0.85711913 -0.39244792 0.33366363
vn -0.85711836 -0.39218400 0.33397578
vn -0.85711718 -0.39193877 0.33426656
vn -0.85711579 -0.39171459 0.33453281
vn -0.85711441 -0.39151343 0.33477174
vn -0.85711326 -0.39133690 0.33498102
vn -0.85711250 -0.39118634 0.33515878
vn -0.85711221 -0.39106284 0.33530362
vn -0.85711238 -0.39096732 0.33541456
vn -0.85711293 -0.39090053 0.33549100
vn -0.85711372 -0.39086307 0.33553261
vn -0.85711462 -0.39085534 0.33553932
vn -0.85711548 -0.39087751 0.33551129
vn -0.85711620 -0.39092947 0.33544891
vn -0.85711672 -0.39101079 0.33535278
vn -0.85711702 -0.39112072 0.33522381
vn -0.85711709 -0.39125817 0.33506317
vn -0.85711697 -0.39142178 0.33487235
vn -0.85711667 -0.39160988 0.33465313
vn -0.85711622 -0.39182059 0.33440756
vn -0.85711561 -0.39205183 0.33413798
vn -0.85711484 -0.39230138 0.33384694
vn -0.85711389 -0.39256687 0.33353715
vn -0.85711274 -0.39284584 0.33321149
vn -0.85711139 -0.39313574 0.33287289
vn -0.85710986 -0.39343388 0.33252440
vn -0.85710821 -0.39373750 0.33216907
vn -0.85710655 -0.39404373 0.33181004
vn -0.85710502 -0.39434955 0.33145048
vn -0.85710375 -0.39465192 0.33109367
vn -0.85710290 -0.39494772 0.33074298
vn -0.85710256 -0.39523390 0.33040183
vn -0.85710277 -0.39550750 0.33007371
vn -0.85710349 -0.39576578 0.32976211
vn -0.85710479 -0.39649361 0.32888327
vn -0.85710598 -0.39676876 0.32854815
vn -0.85710711 -0.39701724 0.32824489
vn -0.85710801 -0.39723703 0.32797654
vn -0.85710854 -0.39742639 0.32774566
vn -0.85710866 -0.39758378 0.32755438
vn -0.85710841 -0.39770786 0.32740438
vn -0.85710788 -0.39779742 0.32729696
vn -0.85710719 -0.39785148 0.32723305
vn -0.85710648 -0.39786926 0.32721328
vn -0.85710588 -0.39785029 0.32723793
vn -0.85710546 -0.39779442 0.32730694
vn -0.85710526 -0.39770189 0.32741989
vn -0.85710527 -0.39757335 0.32757592
vn -0.85710547 -0.39740987 0.32777371
vn -0.85710582 -0.39721288 0.32801150
vn -0.85710627 -0.39698420 0.32828705
vn -0.85710681 -0.39672596 0.32859768
vn -0.85710742 -0.39644059 0.32894030
vn -0.85710814 -0.39613076 0.32931149
vn -0.85710900 -0.39579934 0.32970752
vn -0.85711004 -0.39544941 0.33012444
vn -0.85711127 -0.39508425 0.33055817
vn -0.85711269 -0.39470731 0.33100450
vn -0.85711424 -0.39432223 0.33145914
vn -0.85711581 -0.39393284 0.33191777
vn -0.85711726 -0.39354314 0.33237600
vn -0.85711841 -0.39315727 0.33282937
vn -0.85711913 -0.39277940 0.33327336
vn -0.85711933 -0.39241365 0.33370344
vn -0.85711898 -0.39206396 0.33411511
vn -0.85711816 -0.39173401 0.33450399
vn -0.85711702 -0.39142713 0.33486596
vn -0.85711576 -0.39114623 0.33519725
vn -0.85711460 -0.39089382 0.33549454
vn -0.85711371 -0.39067203 0.33575505
vn -0.85711321 -0.39048268 0.33597652
vn -0.85711313 -0.39032729 0.33615723
vn -0.85711343 -0.39020715 0.33629592
vn -0.85711399 -0.39012333 0.33639173
vn -0.85711467 -0.39007662 0.33644416
vn -0.85711534 -0.39006752 0.33645300
vn -0.85711589 -0.39009618 0.33641837
vn -0.85711626 -0.39016236 0.33634069
vn -0.85711641 -0.39026540 0.33622074
vn -0.85711636 -0.39040424 0.33605964
vn -0.85711613 -0.39057742 0.33585892
vn -0.85711577 -0.39078313 0.33562047
vn -0.85711530 -0.39101923 0.33534656
vn -0.85711475 -0.39128331 0.33503981
vn -0.85711411 -0.39157275 0.33470314
vn -0.85711336 -0.39188472 0.33433974
vn -0.85711247 -0.39221626 0.33395302
vn -0.85711142 -0.39256428 0.33354654
vn -0.85711020 -0.39292556 0.33312401
vn -0.85710883 -0.39329678 0.33268919
vn -0.85710736 -0.39367449 0.33224595
vn -0.85710590 -0.39405512 0.33179820
vn -0.85710456 -0.39443502 0.33134994
vn -0.85710350 -0.39481045 0.33090527
vn -0.85710284 -0.39517767 0.33046836
vn -0.85710265 -0.39553299 0.33004347
vn -0.85710297 -0.39587290 0.32963487
vn -0.85710372 -0.39619411 0.32924678
vn -0.85710485 -0.39697845 0.32829772
vn -0.85710588 -0.39730808 0.32789600
vn -0.85710680 -0.39760624 0.32753199
vn -0.85710746 -0.39787045 0.32720926
vn -0.85710777 -0.39809852 0.32693092
vn -0.85710773 -0.39828849 0.32669958
vn -0.85710740 -0.39843861 0.32651736
vn -0.85710688 -0.39854734 0.32638599
vn -0.85710632 -0.39861342 0.32630676
vn -0.85710583 -0.39863590 0.32628057
vn -0.85710552 -0.39861418 0.32630793
vn -0.85710543 -0.39854812 0.32638885
vn -0.85710557 -0.39843801 0.32652289
vn -0.85710590 -0.39828466 0.32670905
vn -0.85710639 -0.39808932 0.32694576
vn -0.85710696 -0.39785374 0.32723090
vn -0.85710757 -0.39758007 0.32756175
vn -0.85710820 -0.39727085 0.32793506
vn -0.85710885 -0.39692897 0.32834710
vn -0.85710954 -0.39655762 0.32879368
vn -0.85711033 -0.39616025 0.32927030
vn -0.85711127 -0.39574057 0.32977216
vn -0.85711238 -0.39530251 0.33029426
vn -0.85711366 -0.39485025 0.33083147
vn -0.85711505 -0.39438819 0.33137856
vn -0.85711645 -0.39392096 0.33193022
vn -0.85711771 -0.39345336 0.33248110
vn -0.85711869 -0.39299034 0.33302574
vn -0.85711924 -0.39253687 0.33355869
vn -0.85711931 -0.39209785 0.33407450
vn -0.85711888 -0.39167796 0.33456778
vn -0.85711806 -0.39128156 0.33503339
vn -0.85711700 -0.39091263 0.33546649
vn -0.85711591 -0.39057467 0.33586269
vn -0.85711497 -0.39027077 0.33621816
vn -0.85711434 -0.39000358 0.33652968
vn -0.85711407 -0.38977541 0.33679460
vn -0.85711416 -0.38958823 0.33701087
vn -0.85711453 -0.38944370 0.33717694
vn -0.85711504 -0.38934318 0.33729172
vn -0.85711556 -0.38928763 0.33735451
vn -0.85711597 -0.38927761 0.33736501
vn -0.85711620 -0.38931323 0.33732332
vn -0.85711621 -0.38939410 0.33722994
vn -0.85711601 -0.38951931 0.33708581
vn -0.85711564 -0.38968748 0.33689233
vn -0.85711515 -0.38989676 0.33665136
vn -0.85711458 -0.39014489 0.33636522
vn -0.85711397 -0.39042924 0.33603667
vn -0.85711335 -0.39074688 0.33566887
vn -0.85711269 -0.39109461 0.33526533
vn -0.85711197 -0.39146904 0.33482988
vn -0.85711117 -0.39186659 0.33436660
vn -0.85711023 -0.39228354 0.33387974
vn -0.85710914 -0.39271603 0.33337372
vn -0.85710792 -0.39316008 0.33285306
vn -0.85710663 -0.39361157 0.33232238
vn -0.85710534 -0.39406629 0.33178637
vn -0.85710419 -0.39451989 0.33124985
vn -0.85710331 -0.39496800 0.33071770
vn -0.85710280 -0.39540626 0.33019491
vn -0.85710274 -0.39583038 0.32968652
vn -0.85710312 -0.39623628 0.32919759
vn -0.85710387 -0.39662014 0.32873307
vn -0.85710479 -0.39746084 0.32771369
vn -0.85710566 -0.39784478 0.32724520
vn -0.85710636 -0.39819251 0.32682015
vn -0.85710680 -0.39850108 0.32644269
vn -0.85710691 -0.39876784 0.32611647
vn -0.85710674 -0.39899040 0.32584459
vn -0.85710636 -0.39916663 0.32562968
vn -0.85710590 -0.39929466 0.32547389
vn -0.85710549 -0.39937296 0.32537889
vn -0.85710523 -0.39940038 0.32534589
vn -0.85710521 -0.39937624 0.32537559
vn -0.85710545 -0.39930033 0.32546811
vn -0.85710591 -0.39917304 0.32562300
vn -0.85710656 -0.39899527 0.32583912
vn -0.85710730 -0.39876848 0.32611466
vn -0.85710808 -0.39849469 0.32644713
vn -0.85710883 -0.39817636 0.32683335
vn -0.85710954 -0.39781644 0.32726950
vn -0.85711020 -0.39741826 0.32775117
vn -0.85711087 -0.39698552 0.32827345
vn -0.85711158 -0.39652225 0.32883103
vn -0.85711241 -0.39603277 0.32941822
vn -0.85711339 -0.39552169 0.33002913
vn -0.85711453 -0.39499392 0.33065767
vn -0.85711576 -0.39445461 0.33129765
vn -0.85711700 -0.39390919 0.33194276
vn -0.85711810 -0.39336330 0.33258664
vn -0.85711892 -0.39282270 0.33322287
vn -0.85711934 -0.39229319 0.33384501
vn -0.85711930 -0.39178043 0.33444669
vn -0.85711884 -0.39128988 0.33502167
vn -0.85711805 -0.39082661 0.33556401
vn -0.85711712 -0.39039523 0.33606817
vn -0.85711621 -0.38999989 0.33652917
vn -0.85711551 -0.38964426 0.33694267
vn -0.85711511 -0.38933154 0.33730496
vn -0.85711504 -0.38906455 0.33761306
vn -0.85711526 -0.38884570 0.33786455
vn -0.85711564 -0.38867703 0.33805761
vn -0.85711606 -0.38856013 0.33819091
vn -0.85711638 -0.38849613 0.33826360
vn -0.85711652 -0.38848564 0.33827530
vn -0.85711642 -0.38852869 0.33822611
vn -0.85711609 -0.38862470 0.33811662
vn -0.85711556 -0.38877252 0.33794799
vn -0.85711489 -0.38897043 0.33772188
vn -0.85711416 -0.38921617 0.33744051
vn -0.85711341 -0.38950703 0.33710663
vn -0.85711269 -0.38983988 0.33672348
vn -0.85711201 -0.39021126 0.33629477
vn -0.85711136 -0.39061741 0.33582460
vn -0.85054818 -0.40089430 0.34036974
vn -0.81730109 -0.43423933 0.37875472
vn -0.76211482 -0.45602935 0.45958485
vn -0.72577050 -0.48280461 0.49005805
vn -0.70455918 -0.50968804 0.49377571
vn -0.69476618 -0.53342761 0.48244682
vn -0.69460638 -0.55122423 0.46224867
vn -0.70397740 -0.55968123 0.43723305
vn -0.72432480 -0.55344432 0.41116051
vn -0.75849722 -0.52278998 0.38906632
vn -0.80796969 -0.45305264 0.37673370
vn -0.85710321 -0.39659769 0.32876185
vn -0.85710392 -0.39704393 0.32822094
vn -0.85710463 -0.39794079 0.32713114
vn -0.85710531 -0.39837888 0.32659570
vn -0.85710581 -0.39877604 0.32610934
vn -0.85710604 -0.39912888 0.32567680
vn -0.85710599 -0.39943429 0.32530228
vn -0.85710571 -0.39968947 0.32498943
vn -0.85710532 -0.39989188 0.32474137
vn -0.85710494 -0.40003934 0.32456071
vn -0.85710470 -0.40013006 0.32444950
vn -0.85710469 -0.40016269 0.32440928
vn -0.85710496 -0.40013643 0.32444095
vn -0.85710551 -0.40005105 0.32454476
vn -0.85710629 -0.39990697 0.32472023
vn -0.85710722 -0.39970519 0.32496612
vn -0.85710821 -0.39944736 0.32528038
vn -0.85710918 -0.39913572 0.32566016
vn -0.85711006 -0.39877307 0.32610180
vn -0.85711083 -0.39836273 0.32660093
vn -0.85711150 -0.39790845 0.32715247
vn -0.85711212 -0.39741446 0.32775076
vn -0.85711275 -0.39688533 0.32838965
vn -0.85711347 -0.39632601 0.32906260
vn -0.85711432 -0.39574179 0.32976276
vn -0.85711531 -0.39513830 0.33048309
vn -0.85711640 -0.39452146 0.33121640
vn -0.85711748 -0.39389752 0.33195537
vn -0.85711843 -0.39327294 0.33269263
vn -0.85711912 -0.39265433 0.33342075
vn -0.85711943 -0.39204830 0.33413233
vn -0.85711933 -0.39146135 0.33482005
vn -0.85711886 -0.39089968 0.33547681
vn -0.85711815 -0.39036909 0.33609589
vn -0.85711736 -0.38987488 0.33667107
vn -0.85711666 -0.38942186 0.33719676
vn -0.85711618 -0.38901428 0.33766809
vn -0.85711600 -0.38865594 0.33808094
vn -0.85711610 -0.38835015 0.33843191
vn -0.85711639 -0.38809977 0.33871826
vn -0.85711675 -0.38790718 0.33893790
vn -0.85711703 -0.38777423 0.33908927
vn -0.85711714 -0.38770219 0.33917139
vn -0.85711698 -0.38769165 0.33918381
vn -0.85711656 -0.38774257 0.33912668
vn -0.85711589 -0.38785418 0.33900071
vn -0.85711505 -0.38802504 0.33880726
vn -0.85711411 -0.38825308 0.33854828
vn -0.85711316 -0.38853564 0.33822638
vn -0.85711226 -0.38886954 0.33784471
vn -0.85711145 -0.38925115 0.33740703
vn -0.85501076 -0.39239356 0.33909274
vn -0.81761113 -0.43572777 0.37636864
vn -0.73786069 -0.46162985 0.49240175
vn -0.66126649 -0.58604490 0.46827130
vn -0.57657074 -0.66051348 0.48092424
vn -0.53705802 -0.65634188 0.52989058
vn -0.51156721 -0.65792411 0.55266161
vn -0.49695806 -0.66196811 0.56109795
vn -0.49097517 -0.66572260 0.56192241
vn -0.49271820 -0.66663039 0.55931449
vn -0.50268181 -0.66148447 0.55655124
vn -0.52289596 -0.64508134 0.55718029
vn -0.55959170 -0.60875765 0.56238000
vn -0.69576544 -0.55048976 0.46137997
vn -0.79570288 -0.48236564 0.36630630
vn -0.71405021 -0.52544768 0.46264136
vn -0.85710488 -0.39891036 0.32594747
vn -0.85710517 -0.39935682 0.32539954
vn -0.85710521 -0.39975383 0.32491158
vn -0.85710502 -0.40009785 0.32448837
vn -0.85710467 -0.40038564 0.32413412
vn -0.85710429 -0.40061431 0.32385246
vn -0.85710401 -0.40078134 0.32364648
vn -0.85710395 -0.40088467 0.32351863
vn -0.85710418 -0.40092278 0.32347077
vn -0.85710474 -0.40089474 0.32350404
vn -0.85710560 -0.40080027 0.32361880
vn -0.85710668 -0.40063979 0.32381459
vn -0.85710789 -0.40041442 0.32409005
vn -0.85710911 -0.40012595 0.32444290
vn -0.85711025 -0.39977685 0.32486995
vn -0.85711125 -0.39937021 0.32536707
vn -0.85711208 -0.39890972 0.32592932
vn -0.85711275 -0.39839957 0.32655096
vn -0.85711331 -0.39784445 0.32722556
vn -0.85711385 -0.39724951 0.32794613
vn -0.85711445 -0.39662031 0.32870525
vn -0.85711517 -0.39596282 0.32949511
vn -0.85711602 -0.39528339 0.33030770
vn -0.85711696 -0.39458875 0.33113478
vn -0.85711790 -0.39388593 0.33196804
vn -0.85711872 -0.39318226 0.33279905
vn -0.85711929 -0.39248519 0.33361939
vn -0.85711952 -0.39180219 0.33442065
vn -0.85711939 -0.39114057 0.33519458
vn -0.85711895 -0.39050732 0.33593323
vn -0.85711834 -0.38990898 0.33662908
vn -0.85711771 -0.38935158 0.33727522
vn -0.85711722 -0.38884057 0.33786548
vn -0.85711697 -0.38838085 0.33839447
vn -0.85711698 -0.38797680 0.33885762
vn -0.85711721 -0.38763224 0.33925114
vn -0.85711754 -0.38735047 0.33957199
vn -0.85711783 -0.38713422 0.33981777
vn -0.85711796 -0.38698555 0.33998675
vn -0.85711782 -0.38690583 0.34007782
vn -0.85711737 -0.38689567 0.34009051
vn -0.85711663 -0.38695489 0.34002500
vn -0.85711564 -0.38708253 0.33988218
vn -0.85711451 -0.38727685 0.33966360
vn -0.85711332 -0.38753543 0.33937155
vn -0.85711217 -0.38785517 0.33900899
vn -0.85711114 -0.38823241 0.33857951
vn -0.84402665 -0.40390597 0.35281580
vn -0.78899199 -0.43259014 0.43629969
vn -0.67354731 -0.55971487 0.48275592
vn -0.54074416 -0.66863321 0.51041686
vn -0.49506180 -0.65773191 0.56771696
vn -0.48501594 -0.66452565 0.56847620
vn -0.48501510 -0.66561776 0.56719780
vn -0.48501299 -0.66673724 0.56588325
vn -0.48500943 -0.66787466 0.56454343
vn -0.48500481 -0.66902043 0.56318913
vn -0.48500020 -0.67016431 0.56183147
vn -0.48499696 -0.67129532 0.56048242
vn -0.48499621 -0.67240199 0.55915494
vn -0.48499850 -0.67347284 0.55786270
vn -0.48605923 -0.67395130 0.55635966
vn -0.53705179 -0.65281520 0.53423562
vn -0.49449592 -0.67042436 0.55317716
vn -0.69069822 -0.55907073 0.45866751
vn -0.85710446 -0.39993483 0.32469073
vn -0.85710433 -0.40037590 0.32414704
vn -0.85710402 -0.40075847 0.32367476
vn -0.85710362 -0.40107889 0.32327869
vn -0.85710327 -0.40133388 0.32296300
vn -0.85710311 -0.40152062 0.32273125
vn -0.85710323 -0.40163679 0.32258633
vn -0.85710372 -0.40168065 0.32253042
vn -0.85710456 -0.40165116 0.32256490
vn -0.85710572 -0.40154798 0.32269027
vn -0.85710709 -0.40137151 0.32290609
vn -0.85710856 -0.40112295 0.32321090
vn -0.85711001 -0.40080424 0.32360222
vn -0.85711132 -0.40041806 0.32407648
vn -0.85711242 -0.39996778 0.32462913
vn -0.85711329 -0.39945742 0.32525464
vn -0.85711395 -0.39889159 0.32594659
vn -0.85711445 -0.39827548 0.32669780
vn -0.85711490 -0.39761478 0.32750044
vn -0.85711537 -0.39691566 0.32834615
vn -0.85711595 -0.39618477 0.32922617
vn -0.85711666 -0.39542920 0.33013146
vn -0.85711746 -0.39465645 0.33105279
vn -0.85711827 -0.39387441 0.33198076
vn -0.85711897 -0.39309124 0.33290592
vn -0.85711944 -0.39231527 0.33381880
vn -0.85711962 -0.39155483 0.33470999
vn -0.85711948 -0.39081806 0.33557032
vn -0.85711911 -0.39011276 0.33639095
vn -0.85711862 -0.38944626 0.33716359
vn -0.85711817 -0.38882529 0.33788066
vn -0.85711789 -0.38825602 0.33853537
vn -0.85711784 -0.38774398 0.33912182
vn -0.85711803 -0.38729414 0.33963500
vn -0.85711835 -0.38691086 0.34007075
vn -0.85711869 -0.38659786 0.34042568
vn -0.85711889 -0.38635819 0.34069717
vn -0.85711883 -0.38619411 0.34088329
vn -0.85711844 -0.38610709 0.34098284
vn -0.85711769 -0.38609771 0.34099534
vn -0.85711663 -0.38616566 0.34092104
vn -0.85711534 -0.38630976 0.34076100
vn -0.85711393 -0.38652797 0.34051702
vn -0.85711251 -0.38681748 0.34019169
vn -0.85711119 -0.38717475 0.33978836
vn -0.84796441 -0.39739119 0.35076574
vn -0.77992251 -0.47543610 0.40703978
vn -0.62859173 -0.58134689 0.51663162
vn -0.50223170 -0.65252453 0.56742846
vn -0.48501448 -0.66176068 0.57169376
vn -0.48501496 -0.66288137 0.57039353
vn -0.48501507 -0.66405298 0.56902902
vn -0.48501429 -0.66526492 0.56761230
vn -0.48501216 -0.66650669 0.56615549
vn -0.48500854 -0.66776784 0.56467054
vn -0.48500390 -0.66903769 0.56316941
vn -0.48499940 -0.67030488 0.56166445
vn -0.48499646 -0.67155729 0.56016894
vn -0.48499624 -0.67278229 0.55869726
vn -0.48499917 -0.67396739 0.55726454
vn -0.48500488 -0.67510069 0.55588608
vn -0.48501214 -0.67617146 0.55457675
vn -0.48501971 -0.67797076 0.55236901
vn -0.49166525 -0.67837486 0.54596046
vn -0.70532387 -0.56589203 0.42694784
vn -0.85710343 -0.40099506 0.32338317
vn -0.85710301 -0.40141612 0.32286147
vn -0.85710258 -0.40176917 0.32242318
vn -0.85710228 -0.40205056 0.32207302
vn -0.85710223 -0.40225716 0.32181506
vn -0.85710255 -0.40238638 0.32165263
vn -0.85710328 -0.40243629 0.32158824
vn -0.85710441 -0.40240568 0.32162354
vn -0.85710586 -0.40229416 0.32175917
vn -0.85710751 -0.40210211 0.32199473
vn -0.85710924 -0.40183079 0.32232867
vn -0.85711090 -0.40148225 0.32275830
vn -0.85711236 -0.40105937 0.32327973
vn -0.85711356 -0.40056577 0.32388795
vn -0.85711447 -0.40000582 0.32457685
vn -0.85711511 -0.39938453 0.32533934
vn -0.85711555 -0.39870756 0.32616747
vn -0.85711589 -0.39798114 0.32705254
vn -0.85711624 -0.39721206 0.32798526
vn -0.85711668 -0.39640764 0.32895590
vn -0.85711724 -0.39557571 0.32995438
vn -0.85711791 -0.39472457 0.33097041
vn -0.85711859 -0.39386294 0.33199354
vn -0.85711919 -0.39299986 0.33301323
vn -0.85711958 -0.39214454 0.33401898
vn -0.85711972 -0.39130618 0.33500038
vn -0.85711961 -0.39049379 0.33594728
vn -0.85711932 -0.38971599 0.33685000
vn -0.85711897 -0.38898090 0.33769947
vn -0.85711871 -0.38829602 0.33848740
vn -0.85711864 -0.38766821 0.33920643
vn -0.85711879 -0.38710369 0.33985014
vn -0.85711911 -0.38660801 0.34041308
vn -0.85711951 -0.38618606 0.34089070
vn -0.85711982 -0.38584198 0.34127932
vn -0.85711991 -0.38557911 0.34157606
vn -0.85711965 -0.38539994 0.34177885
vn -0.85711900 -0.38530598 0.34188641
vn -0.85711795 -0.38529779 0.34189826
vn -0.85711658 -0.38537491 0.34181478
vn -0.85711499 -0.38553590 0.34163717
vn -0.85711332 -0.38577841 0.34136751
vn -0.85711169 -0.38609923 0.34100871
vn -0.85711021 -0.38649439 0.34056450
vn -0.80014956 -0.46749703 0.37577548
vn -0.64498899 -0.55720719 0.52298122
vn -0.50037060 -0.65222863 0.56940941
vn -0.48501276 -0.65989602 0.57384656
vn -0.48501335 -0.66106157 0.57250297
vn -0.48501401 -0.66229404 0.57107620
vn -0.48501424 -0.66358184 0.56957908
vn -0.48501353 -0.66491334 0.56802476
vn -0.48501139 -0.66627704 0.56642639
vn -0.48500773 -0.66766144 0.56479705
vn -0.48500309 -0.66905479 0.56314979
vn -0.48499870 -0.67044467 0.56149818
vn -0.48499608 -0.67181779 0.55985682
vn -0.48499637 -0.67316043 0.55824148
vn -0.48499990 -0.67445906 0.55666873
vn -0.48500607 -0.67570095 0.55515524
vn -0.48501338 -0.67687471 0.55371712
vn -0.61615784 0.41931705 0.66672538
vn -0.56850300 0.38358528 0.72778203
vn -0.56372067 0.36521867 0.74083353
vn -0.67127437 0.47985406 0.56491663
vn -0.69459931 0.44372446 0.56625118
vn -0.67457234 0.39878648 0.62122580
vn -0.65528325 0.34955973 0.66963561
vn -0.63687081 0.29687226 0.71152121
vn -0.61942859 0.24146862 0.74699473
vn -0.60301436 0.18401294 0.77621706
vn -0.58765847 0.12509469 0.79938028
vn -0.57337101 0.06523605 0.81669452
vn -0.56014771 0.00489966 0.82837825
vn -0.54797484 -0.05550358 0.83465138
vn -0.53683321 -0.11560705 0.83573029
vn -0.52670153 -0.17508120 0.83182454
vn -0.51755914 -0.23362670 0.82313492
vn -0.50938840 -0.29096761 0.80985265
vn -0.50217649 -0.34684486 0.79215997
vn -0.49591683 -0.40100990 0.77023214
vn -0.49060958 -0.45321907 0.74424103
vn -0.48626138 -0.50322908 0.71436010
vn -0.48288385 -0.55079467 0.68077047
vn -0.48049109 -0.59566868 0.64366694
vn -0.47909654 -0.63760525 0.60326284
vn -0.47870972 -0.67636512 0.55979214
vn -0.47933399 -0.71172205 0.51350819
vn -0.48096578 -0.74346826 0.46467932
vn -0.48359567 -0.77141733 0.41358255
vn -0.48721086 -0.79540383 0.36049732
vn -0.49179837 -0.81527985 0.30570105
vn -0.49734802 -0.83090970 0.24946745
vn -0.50385472 -0.84216411 0.19206778
vn -0.51131962 -0.84891498 0.13377448
vn -0.51975032 -0.85103150 0.07486645
vn -0.52916019 -0.84837789 0.01563513
vn -0.53956697 -0.84081255 -0.04360892
vn -0.55099094 -0.82818881 -0.10252943
vn -0.56345247 -0.81035688 -0.16075768
vn -0.57696916 -0.78716729 -0.21788588
vn -0.59155225 -0.75847567 -0.27346039
vn -0.60720243 -0.72414953 -0.32697504
vn -0.62390451 -0.68407707 -0.37786470
vn -0.64162124 -0.63817901 -0.42549939
vn -0.66028580 -0.58642382 -0.46917988
vn -0.67979318 -0.52884717 -0.50813572
vn -0.69999062 -0.46557609 -0.54152750
vn -0.55715143 -0.53411656 -0.63584730
vn -0.57617906 -0.65437815 -0.48970086
vn -0.58053363 -0.63572804 -0.50875394
vn -0.62970301 -0.56678622 -0.53125088
vn -0.68469845 -0.48642410 -0.54275190
vn -0.74469663 -0.39313129 -0.53932803
vn -0.80735818 -0.28601446 -0.51610901
vn -0.86810330 -0.16581419 -0.46786999
vn -0.91986366 -0.03625060 -0.39055953
vn -0.95419162 0.09506483 -0.28369179
vn -0.96411000 0.21742389 -0.15237701
vn -0.94738373 0.32002259 -0.00704393
vn -0.90771313 0.39563684 0.13974396
vn -0.85279539 0.44247367 0.27741138
vn -0.79093243 0.46328114 0.39974551
vn -0.72858638 0.46303125 0.50474147
vn -0.66970239 0.44691362 0.59309941
vn 0.25973713 0.92390325 -0.28096158
vn 0.26775932 0.93584991 -0.22910675
vn 0.33066543 0.92695480 -0.17724324
vn 0.50717717 0.85019283 -0.14122135
vn 0.53452758 0.84335695 0.05503923
vn 0.54516646 0.83051842 0.11416080
vn 0.55684660 0.81253060 0.17238299
vn 0.56960374 0.78928307 0.22931161
vn 0.58347039 0.76066566 0.28451724
vn 0.59847172 0.72657192 0.33752756
vn 0.61462027 0.68690477 0.38781924
vn 0.63190923 0.64158507 0.43480952
vn 0.65030397 0.59056401 0.47784819
vn 0.66973174 0.53384033 0.51621111
vn 0.69006958 0.47148342 0.54909686
vn 0.71113080 0.40366327 0.57562918
vn 0.73265110 0.33068714 0.59486837
vn 0.75427615 0.25304207 0.60583595
vn 0.77555356 0.17143960 0.60755670
vn 0.79593316 0.08685675 0.59912129
vn 0.81477999 0.00056353 0.57976999
vn 0.83140400 -0.08587496 0.54899260
vn 0.84510770 -0.17063390 0.50663306
vn 0.85524925 -0.25170949 0.45298019
vn 0.86131260 -0.32704403 0.38882234
vn 0.86297170 -0.39468168 0.31544605
vn 0.86013471 -0.45292996 0.23456924
vn 0.85295689 -0.50049646 0.14821551
vn 0.84181904 -0.53657474 0.05855120
vn 0.82727702 -0.56086585 -0.03228357
vn 0.80999448 -0.57353875 -0.12232029
vn 0.79067340 -0.57514592 -0.20986365
vn 0.76999432 -0.56651671 -0.29354313
vn 0.74857303 -0.54864976 -0.37231957
vn 0.72693543 -0.52261942 -0.44545912
vn 0.70550812 -0.48950382 -0.51248835
vn 0.68462075 -0.45033564 -0.57314243
vn 0.66451559 -0.40607298 -0.62731472
vn 0.64536071 -0.35758580 -0.67501256
vn 0.62726398 -0.30565318 -0.71632118
vn 0.61028643 -0.25096757 -0.75137590
vn 0.59445396 -0.19414275 -0.78034165
vn 0.57976713 -0.13572355 -0.80339853
vn 0.56620913 -0.07619579 -0.82073225
vn 0.55375205 -0.01599583 -0.83252796
vn 0.54236176 0.04448079 -0.83896674
vn 0.53200170 0.10487164 -0.84022386
vn 0.49895199 0.25234396 -0.82907747
vn 0.27619562 0.34690413 -0.89631105
vn 0.26395347 0.39845716 -0.87838514
vn 0.25846222 0.44649505 -0.85664430
vn 0.25347671 0.49347342 -0.83200573
vn 0.24893289 0.53934266 -0.80445132
vn 0.24481524 0.58406195 -0.77391029
vn 0.24119680 0.62756202 -0.74026348
vn 0.23828035 0.66967099 -0.70339408
vn 0.23638786 0.71002616 -0.66331262
vn 0.23583428 0.74806266 -0.62030996
vn 0.23672906 0.78317010 -0.57498169
vn 0.23889462 0.81493220 -0.52802923
vn 0.24199738 0.84323008 -0.48000032
vn 0.24574177 0.86814977 -0.43119249
vn 0.24996331 0.88983501 -0.38172242
vn 0.25461794 0.90839931 -0.33163291
vn 0.48502915 0.67793129 -0.55240916
vn 0.51340114 0.67661406 -0.52783774
vn 0.69563556 0.57031373 -0.43684484
vn 0.82343584 0.44685073 -0.34968248
vn 0.85711057 0.40140369 -0.32285684
vn 0.85711210 0.40175598 -0.32241429
vn 0.85711376 0.40203590 -0.32206078
vn 0.85711542 0.40224061 -0.32180064
vn 0.85711697 0.40236796 -0.32163726
vn 0.85711826 0.40241651 -0.32157307
vn 0.85711921 0.40238547 -0.32160938
vn 0.85711976 0.40227473 -0.32174643
vn 0.85711992 0.40208482 -0.32198329
vn 0.85711976 0.40181692 -0.32231798
vn 0.85711941 0.40147282 -0.32274742
vn 0.85711902 0.40105493 -0.32326759
vn 0.85711873 0.40056637 -0.32387354
vn 0.85711863 0.40001100 -0.32455947
vn 0.85711876 0.39939345 -0.32531877
vn 0.85711906 0.39871921 -0.32614401
vn 0.85711940 0.39799458 -0.32702698
vn 0.85711966 0.39722664 -0.32795866
vn 0.85711971 0.39642310 -0.32892936
vn 0.85711950 0.39559215 -0.32992879
vn 0.85711905 0.39474234 -0.33094626
vn 0.85711842 0.39388238 -0.33197092
vn 0.85711773 0.39302110 -0.33299192
vn 0.85711708 0.39216732 -0.33399865
vn 0.85711655 0.39132986 -0.33498083
vn 0.85711614 0.39051741 -0.33592867
vn 0.85711580 0.38973852 -0.33683287
vn 0.85711545 0.38900146 -0.33768473
vn 0.85711496 0.38831412 -0.33847612
vn 0.85711426 0.38768384 -0.33919961
vn 0.85711328 0.38711734 -0.33984848
vn 0.85711200 0.38662053 -0.34041677
vn 0.85711048 0.38619844 -0.34089939
vn 0.85710879 0.38585515 -0.34129213
vn 0.85710707 0.38559373 -0.34159178
vn 0.85710545 0.38541623 -0.34179610
vn 0.85710408 0.38532368 -0.34190386
vn 0.85710305 0.38531620 -0.34191487
vn 0.85710243 0.38539298 -0.34182989
vn 0.85710221 0.38555240 -0.34165061
vn 0.85710233 0.38579213 -0.34137958
vn 0.85710268 0.38610916 -0.34102010
vn 0.85710313 0.38649986 -0.34057612
vn 0.83735384 0.41885870 -0.35127757
vn 0.63953861 0.57670805 -0.50832882
vn 0.48502260 0.65877482 -0.57512504
vn 0.48501828 0.65985403 -0.57389018
vn 0.48501148 0.66101701 -0.57255600
vn 0.48500428 0.66225232 -0.57113284
vn 0.48499868 0.66354676 -0.56963319
vn 0.48499598 0.66488626 -0.56807144
vn 0.48499652 0.66625654 -0.56646324
vn 0.48499973 0.66764375 -0.56482482
vn 0.48500433 0.66903495 -0.56317229
vn 0.48500881 0.67041828 -0.56152096
vn 0.48501210 0.67178262 -0.55988514
vn 0.48501383 0.67311713 -0.55827852
vn 0.48501425 0.67441085 -0.55671463
vn 0.48501386 0.67565275 -0.55520710
vn 0.48501318 0.67683193 -0.55376959
vn 0.51779615 0.64918336 -0.55717871
vn 0.68113311 0.57687487 -0.45085814
vn 0.81433242 0.45326816 -0.36250612
vn 0.85711032 0.40036209 -0.32414827
vn 0.85711152 0.40074510 -0.32367146
vn 0.85711287 0.40106512 -0.32327124
vn 0.85711430 0.40131903 -0.32295218
vn 0.85711569 0.40150430 -0.32271812
vn 0.85711693 0.40161901 -0.32257206
vn 0.85711792 0.40166188 -0.32251605
vn 0.85711858 0.40163226 -0.32255119
vn 0.85711888 0.40153010 -0.32267756
vn 0.85711886 0.40135591 -0.32289425
vn 0.85711861 0.40111078 -0.32319937
vn 0.85711826 0.40079637 -0.32359011
vn 0.85711796 0.40041491 -0.32406281
vn 0.85711783 0.39996925 -0.32461303
vn 0.85711794 0.39946296 -0.32523558
vn 0.85711827 0.39890033 -0.32592452
vn 0.85711875 0.39828643 -0.32667319
vn 0.85711922 0.39762708 -0.32747419
vn 0.85711954 0.39692879 -0.32831939
vn 0.85711960 0.39619862 -0.32920000
vn 0.85711935 0.39544402 -0.33010673
vn 0.85711880 0.39467272 -0.33102991
vn 0.85711806 0.39389260 -0.33195971
vn 0.85711724 0.39311158 -0.33288634
vn 0.85711646 0.39233760 -0.33380021
vn 0.85711579 0.39157854 -0.33469206
vn 0.85711524 0.39084221 -0.33555302
vn 0.85711478 0.39013627 -0.33637470
vn 0.85711433 0.38946815 -0.33714920
vn 0.85711379 0.38884494 -0.33786915
vn 0.85711308 0.38827324 -0.33852777
vn 0.85711215 0.38775910 -0.33911890
vn 0.85711099 0.38730787 -0.33963710
vn 0.85710964 0.38692409 -0.34007765
vn 0.85710818 0.38661147 -0.34043669
vn 0.85710672 0.38637281 -0.34071120
vn 0.85710539 0.38621000 -0.34089908
vn 0.85710431 0.38612404 -0.34099916
vn 0.85710356 0.38611509 -0.34101120
vn 0.85710317 0.38618250 -0.34093583
vn 0.85710312 0.38632492 -0.34077454
vn 0.85710335 0.38654033 -0.34052962
vn 0.85710372 0.38682613 -0.34020399
vn 0.85710411 0.38717913 -0.33980120
vn 0.85710439 0.38759566 -0.33932532
vn 0.80820090 0.44515332 -0.38555133
vn 0.61865396 0.58830777 -0.52073145
vn 0.48501742 0.66065873 -0.57296435
vn 0.48501020 0.66171668 -0.57174832
vn 0.48500318 0.66284113 -0.57045031
vn 0.48499811 0.66401979 -0.56908220
vn 0.48499600 0.66523972 -0.56765747
vn 0.48499700 0.66648788 -0.56619062
vn 0.48500048 0.66775165 -0.56469662
vn 0.48500515 0.66901926 -0.56319023
vn 0.48500961 0.67027991 -0.56168542
vn 0.48501286 0.67152349 -0.56019525
vn 0.48501460 0.67274006 -0.55873218
vn 0.48501510 0.67391954 -0.55730853
vn 0.48501485 0.67505180 -0.55593675
vn 0.48817692 0.67501692 -0.55320471
vn 0.70191715 0.56034381 -0.43968981
vn 0.81531854 0.44727148 -0.36770083
vn 0.85711047 0.39934009 -0.32540611
vn 0.85711139 0.39973854 -0.32491408
vn 0.85711246 0.40008333 -0.32448660
vn 0.85711363 0.40037116 -0.32412831
vn 0.85711481 0.40059921 -0.32384328
vn 0.85711592 0.40076525 -0.32363485
vn 0.85711685 0.40086760 -0.32350561
vn 0.85711752 0.40090514 -0.32345730
vn 0.85711789 0.40087733 -0.32349080
vn 0.85711795 0.40078415 -0.32360607
vn 0.85711777 0.40062608 -0.32380221
vn 0.85711745 0.40040413 -0.32407747
vn 0.85711713 0.40011978 -0.32442932
vn 0.85711695 0.39977506 -0.32485448
vn 0.85711701 0.39937257 -0.32534902
vn 0.85711733 0.39891558 -0.32590834
vn 0.85711787 0.39840802 -0.32652719
vn 0.85711851 0.39785456 -0.32719965
vn 0.85711909 0.39726052 -0.32791911
vn 0.85711946 0.39663183 -0.32867830
vn 0.85711950 0.39597490 -0.32946934
vn 0.85711917 0.39529645 -0.33028389
vn 0.85711853 0.39460340 -0.33111326
vn 0.85711766 0.39390278 -0.33194866
vn 0.85711671 0.39320165 -0.33278132
vn 0.85711578 0.39250704 -0.33360269
vn 0.85711497 0.39182596 -0.33440447
vn 0.85711429 0.39116532 -0.33517874
vn 0.85711371 0.39053193 -0.33591800
vn 0.85711317 0.38993239 -0.33661513
vn 0.85711258 0.38937299 -0.33726354
vn 0.85711188 0.38885963 -0.33785709
vn 0.85711101 0.38839771 -0.33839022
vn 0.85710997 0.38799198 -0.33885797
vn 0.85710880 0.38764652 -0.33925607
vn 0.85710757 0.38736466 -0.33958097
vn 0.85710639 0.38714893 -0.33982989
vn 0.85710535 0.38700105 -0.34000089
vn 0.85710457 0.38692197 -0.34009286
vn 0.85710409 0.38691189 -0.34010552
vn 0.85710393 0.38697032 -0.34003943
vn 0.85710406 0.38709614 -0.33989587
vn 0.85710438 0.38728765 -0.33967685
vn 0.85710477 0.38754262 -0.33938495
vn 0.85710508 0.38785832 -0.33902330
vn 0.85710522 0.38823153 -0.33859551
vn 0.85710512 0.38865852 -0.33810557
vn 0.82377619 0.41606897 -0.38507064
vn 0.68014683 0.56072015 -0.47222155
vn 0.50962974 0.65570365 -0.55707293
vn 0.48500205 0.66343193 -0.56976407
vn 0.48499761 0.66449456 -0.56852818
vn 0.48499612 0.66559458 -0.56724123
vn 0.48499760 0.66672019 -0.56591653
vn 0.48500132 0.66786003 -0.56456771
vn 0.48500606 0.66900349 -0.56320818
vn 0.48501048 0.67014086 -0.56185056
vn 0.48501368 0.67126304 -0.56050661
vn 0.48501543 0.67236101 -0.55918754
vn 0.48550615 0.67330456 -0.55762420
vn 0.50044142 0.66812289 -0.55060892
vn 0.56690714 0.60906422 -0.55466844
vn 0.82772556 0.42997960 -0.36053840
vn 0.85711092 0.39835823 -0.32660618
vn 0.85711165 0.39875730 -0.32611690
vn 0.85711249 0.39911182 -0.32568073
vn 0.85711341 0.39941839 -0.32530225
vn 0.85711436 0.39967409 -0.32498552
vn 0.85711528 0.39987644 -0.32473408
vn 0.85711609 0.40002348 -0.32455081
vn 0.85711669 0.40011376 -0.32443790
vn 0.85711705 0.40014632 -0.32439680
vn 0.85711713 0.40012071 -0.32442818
vn 0.85711697 0.40003691 -0.32453191
vn 0.85711666 0.39989538 -0.32470713
vn 0.85711630 0.39969698 -0.32495225
vn 0.85711605 0.39944305 -0.32526501
vn 0.85711602 0.39913538 -0.32564256
vn 0.85711628 0.39877633 -0.32608147
vn 0.85711682 0.39836884 -0.32657774
vn 0.85711756 0.39791651 -0.32712679
vn 0.85711835 0.39742358 -0.32772341
vn 0.85711902 0.39689487 -0.32836177
vn 0.85711939 0.39633575 -0.32903544
vn 0.85711939 0.39575194 -0.32973741
vn 0.85711897 0.39514944 -0.33046026
vn 0.85711821 0.39453438 -0.33119632
vn 0.85711721 0.39391295 -0.33193778
vn 0.85711611 0.39329132 -0.33267689
vn 0.85711504 0.39267568 -0.33340609
vn 0.85711408 0.39207214 -0.33411807
vn 0.85711327 0.39148677 -0.33480584
vn 0.85711258 0.39092553 -0.33546275
vn 0.85711196 0.39039420 -0.33608252
vn 0.85711133 0.38989831 -0.33665928
vn 0.85711064 0.38944306 -0.33718757
vn 0.85710984 0.38903318 -0.33766242
vn 0.85710893 0.38867287 -0.33807940
vn 0.85710795 0.38836574 -0.33843465
vn 0.85710697 0.38811473 -0.33872497
vn 0.85710607 0.38792208 -0.33894785
vn 0.85710534 0.38778936 -0.33910152
vn 0.85710486 0.38771745 -0.33918496
vn 0.85710466 0.38770658 -0.33919788
vn 0.85710474 0.38775641 -0.33914073
vn 0.85710503 0.38786602 -0.33901463
vn 0.85710542 0.38803404 -0.33882131
vn 0.85710580 0.38825860 -0.33856301
vn 0.85710602 0.38853739 -0.33824245
vn 0.85710601 0.38886766 -0.33786276
vn 0.85710570 0.38924614 -0.33742741
vn 0.85710515 0.38966911 -0.33694027
vn 0.85270920 0.39381720 -0.34321282
vn 0.76806457 0.48245007 -0.42109233
vn 0.65492811 0.58342363 -0.48029786
vn 0.54662186 0.65985692 -0.51555154
vn 0.51646687 0.65898045 -0.54681508
vn 0.49921345 0.66179385 -0.55929851
vn 0.49151828 0.66532538 -0.56191807
vn 0.49177647 0.66701419 -0.55968561
vn 0.49986222 0.66402104 -0.55606998
vn 0.51703426 0.65219168 -0.55436594
vn 0.54586944 0.62436702 -0.55874178
vn 0.59057191 0.57107004 -0.57017877
vn 0.68957704 0.55364285 -0.46686518
vn 0.75809719 0.55651524 -0.33996977
vn 0.85711153 0.39743617 -0.32772598
vn 0.85711218 0.39782172 -0.32725614
vn 0.85711287 0.39817141 -0.32682878
vn 0.85711360 0.39848190 -0.32644823
vn 0.85711435 0.39875026 -0.32611842
vn 0.85711507 0.39897391 -0.32584286
vn 0.85711571 0.39915072 -0.32562457
vn 0.85711620 0.39927901 -0.32546597
vn 0.85711647 0.39935753 -0.32536890
vn 0.85711650 0.39938547 -0.32533451
vn 0.85711631 0.39936244 -0.32536328
vn 0.85711595 0.39928844 -0.32545504
vn 0.85711553 0.39916383 -0.32560896
vn 0.85711518 0.39898937 -0.32582365
vn 0.85711503 0.39876619 -0.32609715
vn 0.85711518 0.39849587 -0.32642704
vn 0.85711566 0.39818049 -0.32681039
vn 0.85711643 0.39782272 -0.32724380
vn 0.85711736 0.39742576 -0.32772334
vn 0.85711828 0.39699345 -0.32824450
vn 0.85711900 0.39653012 -0.32880221
vn 0.85711936 0.39604052 -0.32939082
vn 0.85711927 0.39552973 -0.33000422
vn 0.85711874 0.39500300 -0.33063589
vn 0.85711784 0.39446567 -0.33127911
vn 0.85711668 0.39392309 -0.33192708
vn 0.85711543 0.39338061 -0.33257304
vn 0.85711422 0.39284352 -0.33321042
vn 0.85711312 0.39231711 -0.33383286
vn 0.85711218 0.39180659 -0.33443430
vn 0.85711139 0.39131710 -0.33500895
vn 0.85711069 0.39085362 -0.33555135
vn 0.85711003 0.39042095 -0.33605636
vn 0.85710936 0.39002356 -0.33651920
vn 0.85710864 0.38966556 -0.33693551
vn 0.85710788 0.38935059 -0.33730137
vn 0.85710710 0.38908177 -0.33761338
vn 0.85710638 0.38886168 -0.33786870
vn 0.85710577 0.38869227 -0.33806510
vn 0.85710536 0.38857493 -0.33820101
vn 0.85710520 0.38851046 -0.33827549
vn 0.85710528 0.38849913 -0.33828829
vn 0.85710558 0.38854071 -0.33823977
vn 0.85710602 0.38863452 -0.33813087
vn 0.85710647 0.38877947 -0.33796305
vn 0.85710681 0.38897405 -0.33773823
vn 0.85710691 0.38921635 -0.33745869
vn 0.85710671 0.38950406 -0.33712708
vn 0.85710620 0.38983438 -0.33674638
vn 0.85710544 0.39020405 -0.33631989
vn 0.85710456 0.39060935 -0.33585133
vn 0.85710371 0.39104613 -0.33534481
vn 0.84399237 0.40626428 -0.35018025
vn 0.79419812 0.45479020 -0.40300771
vn 0.74808804 0.47907330 -0.45918739
vn 0.71783216 0.50638440 -0.47779894
vn 0.70056745 0.53249492 -0.47503095
vn 0.69375361 0.55433371 -0.45980438
vn 0.69634750 0.56905807 -0.43734776
vn 0.70886530 0.57287035 -0.41149673
vn 0.73358240 0.55917009 -0.38624561
vn 0.77463136 0.51467725 -0.36749637
vn 0.83222871 0.41864630 -0.36349780
vn 0.85711087 0.39701839 -0.32823369
vn 0.85711286 0.39695121 -0.32830973
vn 0.85711351 0.39728223 -0.32790739
vn 0.85711413 0.39758237 -0.32754178
vn 0.85711473 0.39784878 -0.32721658
vn 0.85711529 0.39807891 -0.32693511
vn 0.85711575 0.39827061 -0.32670033
vn 0.85711608 0.39842207 -0.32651474
vn 0.85711623 0.39853186 -0.32638034
vn 0.85711616 0.39859894 -0.32629859
vn 0.85711588 0.39862263 -0.32627039
vn 0.85711543 0.39860258 -0.32629607
vn 0.85711490 0.39853877 -0.32637540
vn 0.85711441 0.39843148 -0.32650765
vn 0.85711411 0.39828130 -0.32669162
vn 0.85711410 0.39808919 -0.32692570
vn 0.85711447 0.39785649 -0.32720789
vn 0.85711519 0.39758504 -0.32753578
vn 0.85711618 0.39727717 -0.32790654
vn 0.85711729 0.39693574 -0.32831687
vn 0.85711830 0.39656416 -0.32876296
vn 0.85711903 0.39616623 -0.32924045
vn 0.85711934 0.39574614 -0.32974450
vn 0.85711915 0.39530827 -0.33026981
vn 0.85711847 0.39485713 -0.33081079
vn 0.85711740 0.39439727 -0.33136166
vn 0.85711609 0.39393324 -0.33191658
vn 0.85711468 0.39346953 -0.33246978
vn 0.85711331 0.39301061 -0.33301567
vn 0.85711207 0.39256091 -0.33354884
vn 0.85711101 0.39212482 -0.33406412
vn 0.85711012 0.39170668 -0.33455660
vn 0.85710935 0.39131071 -0.33502162
vn 0.85710867 0.39094093 -0.33545478
vn 0.85710803 0.39060116 -0.33585198
vn 0.85710741 0.39029487 -0.33620947
vn 0.85710680 0.39002514 -0.33652388
vn 0.85710625 0.38979463 -0.33679226
vn 0.85710580 0.38960551 -0.33701216
vn 0.85710551 0.38945947 -0.33718164
vn 0.85710543 0.38935771 -0.33729935
vn 0.85710558 0.38930095 -0.33736448
vn 0.85710594 0.38928948 -0.33737679
vn 0.85710646 0.38932319 -0.33733658
vn 0.85710702 0.38940161 -0.33724462
vn 0.85710751 0.38952392 -0.33710212
vn 0.85710778 0.38968896 -0.33691064
vn 0.85710773 0.38989521 -0.33667205
vn 0.85710732 0.39014075 -0.33638851
vn 0.85710659 0.39042324 -0.33606249
vn 0.85710562 0.39073988 -0.33569675
vn 0.85710458 0.39108743 -0.33529444
vn 0.85710364 0.39146228 -0.33485912
vn 0.85710298 0.39186049 -0.33439473
vn 0.85710271 0.39227792 -0.33390564
vn 0.85710289 0.39271030 -0.33339654
vn 0.85710350 0.39315336 -0.33287237
vn 0.85710447 0.39360288 -0.33233823
vn 0.85710567 0.39405471 -0.33179928
vn 0.85710697 0.39450478 -0.33126066
vn 0.85710825 0.39494914 -0.33072741
vn 0.85710944 0.39538387 -0.33020448
vn 0.85711049 0.39580516 -0.32969667
vn 0.85711139 0.39620923 -0.32920862
vn 0.85711217 0.39659242 -0.32874486
vn 0.85711428 0.39646345 -0.32889488
vn 0.85711490 0.39673972 -0.32855995
vn 0.85711543 0.39699017 -0.32825591
vn 0.85711587 0.39721241 -0.32798580
vn 0.85711620 0.39740435 -0.32775234
vn 0.85711639 0.39756421 -0.32755793
vn 0.85711639 0.39769050 -0.32740459
vn 0.85711618 0.39778206 -0.32729388
vn 0.85711576 0.39783803 -0.32722694
vn 0.85711517 0.39785783 -0.32720441
vn 0.85711449 0.39784115 -0.32722648
vn 0.85711382 0.39778792 -0.32729293
vn 0.85711332 0.39769831 -0.32740312
vn 0.85711311 0.39757276 -0.32755611
vn 0.85711330 0.39741203 -0.32775063
vn 0.85711391 0.39721723 -0.32798510
vn 0.85711488 0.39698992 -0.32825764
vn 0.85711609 0.39673215 -0.32856599
vn 0.85711734 0.39644642 -0.32890744
vn 0.85711841 0.39613567 -0.32927884
vn 0.85711912 0.39580321 -0.32967656
vn 0.85711933 0.39545259 -0.33009650
vn 0.85711899 0.39508754 -0.33053422
vn 0.85711815 0.39471182 -0.33098499
vn 0.85711690 0.39432920 -0.33144397
vn 0.85711541 0.39394340 -0.33190627
vn 0.85711383 0.39355811 -0.33236711
vn 0.85711230 0.39317696 -0.33282184
vn 0.85711093 0.39280356 -0.33326599
vn 0.85710975 0.39244150 -0.33369529
vn 0.85710876 0.39209433 -0.33410568
vn 0.85710794 0.39176549 -0.33449331
vn 0.85710725 0.39145832 -0.33485451
vn 0.85710666 0.39117592 -0.33518589
vn 0.85710615 0.39092115 -0.33548429
vn 0.85710572 0.39069656 -0.33574691
vn 0.85710541 0.39050432 -0.33597128
vn 0.85710525 0.39034623 -0.33615534
vn 0.85710529 0.39022369 -0.33629748
vn 0.85710555 0.39013770 -0.33639658
vn 0.85710602 0.39008891 -0.33645195
vn 0.85710666 0.39007761 -0.33646342
vn 0.85710737 0.39010382 -0.33643121
vn 0.85710804 0.39016726 -0.33635595
vn 0.85710851 0.39026738 -0.33623857
vn 0.85710867 0.39040334 -0.33608029
vn 0.85710844 0.39057398 -0.33588256
vn 0.85710780 0.39077777 -0.33564706
vn 0.85710683 0.39101278 -0.33537573
vn 0.85710567 0.39127665 -0.33507082
vn 0.85710449 0.39156663 -0.33473492
vn 0.85710349 0.39187962 -0.33437100
vn 0.85710284 0.39221225 -0.33398244
vn 0.85710265 0.39256098 -0.33357296
vn 0.85710297 0.39292219 -0.33314660
vn 0.85710374 0.39329230 -0.33270759
vn 0.85710489 0.39366774 -0.33226032
vn 0.85710627 0.39404507 -0.33180917
vn 0.85710775 0.39442090 -0.33135851
vn 0.85710920 0.39479193 -0.33091260
vn 0.85711054 0.39515492 -0.33047559
vn 0.85711171 0.39550668 -0.33005148
vn 0.85711272 0.39584404 -0.32964418
vn 0.85711356 0.39616395 -0.32925744
vn 0.85711578 0.39597286 -0.32948146
vn 0.85711635 0.39619415 -0.32921384
vn 0.85711677 0.39639475 -0.32897120
vn 0.85711702 0.39657277 -0.32875591
vn 0.85711709 0.39672656 -0.32857012
vn 0.85711696 0.39685470 -0.32841568
vn 0.85711661 0.39695603 -0.32829411
vn 0.85711603 0.39702965 -0.32820659
vn 0.85711527 0.39707484 -0.32815391
vn 0.85711438 0.39709114 -0.32813650
vn 0.85711350 0.39707821 -0.32815445
vn 0.85711275 0.39703593 -0.32820756
vn 0.85711229 0.39696435 -0.32829533
vn 0.85711224 0.39686374 -0.32841709
vn 0.85711266 0.39673466 -0.32857192
vn 0.85711353 0.39657801 -0.32875869
vn 0.85711476 0.39639509 -0.32897602
vn 0.85711616 0.39618762 -0.32922219
vn 0.85711752 0.39595775 -0.32949510
vn 0.85711861 0.39570796 -0.32979221
vn 0.85711925 0.39544102 -0.33011058
vn 0.85711932 0.39515987 -0.33044688
vn 0.85711881 0.39486755 -0.33079747
vn 0.85711776 0.39456708 -0.33115851
vn 0.85711631 0.39426146 -0.33152606
vn 0.85711463 0.39395360 -0.33189618
vn 0.85711288 0.39364637 -0.33226503
vn 0.85711119 0.39334260 -0.33262892
vn 0.85710968 0.39304510 -0.33298430
vn 0.85710838 0.39275667 -0.33332779
vn 0.85710731 0.39248008 -0.33365617
vn 0.85710645 0.39221803 -0.33396639
vn 0.85710577 0.39197314 -0.33425554
vn 0.85710524 0.39174786 -0.33452090
vn 0.85710485 0.39154443 -0.33475995
vn 0.85710463 0.39136486 -0.33497045
vn 0.85710458 0.39121086 -0.33515043
vn 0.85710473 0.39108383 -0.33529824
vn 0.85710512 0.39098489 -0.33541262
vn 0.85710573 0.39091485 -0.33549269
vn 0.85710653 0.39087427 -0.33553793
vn 0.85710743 0.39086347 -0.33554822
vn 0.85710831 0.39088256 -0.33552372
vn 0.85710903 0.39093145 -0.33546491
vn 0.85710946 0.39100984 -0.33537246
vn 0.85710947 0.39111720 -0.33524722
vn 0.85710901 0.39125269 -0.33509024
vn 0.85710813 0.39141515 -0.33490271
vn 0.85710693 0.39160304 -0.33468608
vn 0.85710558 0.39181441 -0.33444207
vn 0.85710429 0.39204699 -0.33417271
vn 0.85710326 0.39229818 -0.33388042
vn 0.85710266 0.39256519 -0.33356797
vn 0.85710260 0.39284510 -0.33323846
vn 0.85710307 0.39313495 -0.33289523
vn 0.85710405 0.39343182 -0.33254182
vn 0.85710540 0.39373286 -0.33218185
vn 0.85710698 0.39403530 -0.33181894
vn 0.85710865 0.39433648 -0.33145665
vn 0.85711027 0.39463377 -0.33109843
vn 0.85711176 0.39492459 -0.33074764
vn 0.85711306 0.39520639 -0.33040749
vn 0.85711416 0.39547666 -0.33008110
vn 0.85711506 0.39573294 -0.32977146
vn 0.85711737 0.39547939 -0.33006950
vn 0.85711786 0.39564549 -0.32986910
vn 0.85711812 0.39579612 -0.32968767
vn 0.85711815 0.39592987 -0.32952695
vn 0.85711793 0.39604555 -0.32938848
vn 0.85711746 0.39614211 -0.32927358
vn 0.85711672 0.39621872 -0.32918331
vn 0.85711577 0.39627468 -0.32911843
vn 0.85711466 0.39630944 -0.32907945
vn 0.85711352 0.39632258 -0.32906661
vn 0.85711248 0.39631377 -0.32907992
vn 0.85711172 0.39628278 -0.32911922
vn 0.85711136 0.39622955 -0.32918423
vn 0.85711152 0.39615418 -0.32927453
vn 0.85711221 0.39605703 -0.32938958
vn 0.85711336 0.39593878 -0.32952871
vn 0.85711483 0.39580048 -0.32969099
vn 0.85711640 0.39564354 -0.32987524
vn 0.85711782 0.39546971 -0.33007992
vn 0.85711888 0.39528101 -0.33030313
vn 0.85711940 0.39507966 -0.33054258
vn 0.85711930 0.39486799 -0.33079569
vn 0.85711857 0.39464831 -0.33105962
vn 0.85711730 0.39442294 -0.33133138
vn 0.85711563 0.39419407 -0.33160794
vn 0.85711375 0.39396385 -0.33188629
vn 0.85711181 0.39373434 -0.33216354
vn 0.85710997 0.39350757 -0.33243690
vn 0.85710832 0.39328557 -0.33270375
vn 0.85710692 0.39307037 -0.33296159
vn 0.85710577 0.39286396 -0.33320804
vn 0.85710488 0.39266835 -0.33344084
vn 0.85710422 0.39248544 -0.33365783
vn 0.85710377 0.39231702 -0.33385698
vn 0.85710354 0.39216475 -0.33403642
vn 0.85710354 0.39203007 -0.33419447
vn 0.85710378 0.39191425 -0.33432968
vn 0.85710427 0.39181830 -0.33444085
vn 0.85710502 0.39174305 -0.33452707
vn 0.85710599 0.39168914 -0.33458772
vn 0.85710710 0.39165702 -0.33462247
vn 0.85710824 0.39164704 -0.33463124
vn 0.85710925 0.39165939 -0.33461417
vn 0.85710999 0.39169418 -0.33457156
vn 0.85711031 0.39175134 -0.33450382
vn 0.85711013 0.39183059 -0.33441145
vn 0.85710943 0.39193141 -0.33429508
vn 0.85710828 0.39205297 -0.33415544
vn 0.85710685 0.39219407 -0.33399349
vn 0.85710534 0.39235320 -0.33381042
vn 0.85710398 0.39252853 -0.33360775
vn 0.85710297 0.39271798 -0.33338731
vn 0.85710246 0.39291933 -0.33315127
vn 0.85710255 0.39313029 -0.33290207
vn 0.85710323 0.39334856 -0.33264239
vn 0.85710443 0.39357191 -0.33237502
vn 0.85710600 0.39379820 -0.33210281
vn 0.85710780 0.39402539 -0.33182857
vn 0.85710967 0.39425151 -0.33155506
vn 0.85711147 0.39447462 -0.33128492
vn 0.85711311 0.39469283 -0.33102066
vn 0.85711453 0.39490427 -0.33076472
vn 0.85711572 0.39510705 -0.33051940
vn 0.85711666 0.39529935 -0.33028694
vn 0.85711902 0.39498300 -0.33065905
vn 0.85711940 0.39509371 -0.33052578
vn 0.85711948 0.39519423 -0.33040538
vn 0.85711925 0.39528370 -0.33029895
vn 0.85711870 0.39536133 -0.33020744
vn 0.85711784 0.39542648 -0.33013165
vn 0.85711671 0.39547860 -0.33007216
vn 0.85711537 0.39551720 -0.33002937
vn 0.85711395 0.39554187 -0.33000351
vn 0.85711259 0.39555220 -0.32999466
vn 0.85711146 0.39554783 -0.33000280
vn 0.85711075 0.39552847 -0.33002788
vn 0.85711057 0.39549388 -0.33006980
vn 0.85711098 0.39544401 -0.33012845
vn 0.85711197 0.39537906 -0.33020367
vn 0.85711341 0.39529948 -0.33029521
vn 0.85711509 0.39520606 -0.33040263
vn 0.85711678 0.39509987 -0.33052522
vn 0.85711822 0.39498228 -0.33066200
vn 0.85711919 0.39485482 -0.33081167
vn 0.85711955 0.39471915 -0.33097261
vn 0.85711923 0.39457694 -0.33114296
vn 0.85711826 0.39442984 -0.33132068
vn 0.85711674 0.39427939 -0.33150361
vn 0.85711485 0.39412706 -0.33168962
vn 0.85711275 0.39397417 -0.33187662
vn 0.85711063 0.39382204 -0.33206261
vn 0.85710863 0.39367189 -0.33224576
vn 0.85710685 0.39352500 -0.33242432
vn 0.85710534 0.39338262 -0.33259667
vn 0.85710414 0.39324603 -0.33276126
vn 0.85710323 0.39311650 -0.33291662
vn 0.85710261 0.39299524 -0.33306133
vn 0.85710228 0.39288343 -0.33319409
vn 0.85710223 0.39278210 -0.33331365
vn 0.85710248 0.39269219 -0.33341893
vn 0.85710304 0.39261447 -0.33350901
vn 0.85710389 0.39254961 -0.33358315
vn 0.85710502 0.39249814 -0.33364082
vn 0.85710634 0.39246051 -0.33368168
vn 0.85710775 0.39243710 -0.33370559
vn 0.85710909 0.39242827 -0.33371254
vn 0.85711019 0.39243431 -0.33370261
vn 0.85711088 0.39245547 -0.33367594
vn 0.85711105 0.39249190 -0.33363267
vn 0.85711063 0.39254355 -0.33357297
vn 0.85710966 0.39261019 -0.33349704
vn 0.85710825 0.39269126 -0.33340519
vn 0.85710661 0.39278592 -0.33329788
vn 0.85710497 0.39289305 -0.33317581
vn 0.85710357 0.39301127 -0.33303995
vn 0.85710262 0.39313902 -0.33289159
vn 0.85710226 0.39327466 -0.33273226
vn 0.85710255 0.39341653 -0.33256377
vn 0.85710346 0.39356301 -0.33238806
vn 0.85710490 0.39371256 -0.33220718
vn 0.85710673 0.39386377 -0.33202318
vn 0.85710876 0.39401532 -0.33183808
vn 0.85711083 0.39416594 -0.33165377
vn 0.85711282 0.39431444 -0.33147208
vn 0.85711461 0.39445961 -0.33129468
vn 0.85711614 0.39460025 -0.33112318
vn 0.85711739 0.39473515 -0.33095911
vn 0.85711835 0.39486312 -0.33080393
vn 0.85712074 0.39448369 -0.33125015
vn 0.85712096 0.39453879 -0.33118393
vn 0.85712081 0.39458912 -0.33112437
vn 0.85712027 0.39463428 -0.33107194
vn 0.85711935 0.39467396 -0.33102702
vn 0.85711808 0.39470787 -0.33098987
vn 0.85711654 0.39473574 -0.33096063
vn 0.85711483 0.39475728 -0.33093935
vn 0.85711313 0.39477216 -0.33092601
vn 0.85711161 0.39478001 -0.33092059
vn 0.85711047 0.39478040 -0.33092306
vn 0.85710988 0.39477293 -0.33093349
vn 0.85710994 0.39475726 -0.33095204
vn 0.85711066 0.39473318 -0.33097890
vn 0.85711196 0.39470070 -0.33101427
vn 0.85711366 0.39466007 -0.33105832
vn 0.85711552 0.39461179 -0.33111104
vn 0.85711728 0.39455661 -0.33117222
vn 0.85711869 0.39449547 -0.33124142
vn 0.85711953 0.39442941 -0.33131791
vn 0.85711968 0.39435949 -0.33140074
vn 0.85711911 0.39428676 -0.33148875
vn 0.85711787 0.39421215 -0.33158068
vn 0.85711609 0.39413647 -0.33167522
vn 0.85711394 0.39406043 -0.33177111
vn 0.85711163 0.39398459 -0.33186714
vn 0.85710932 0.39390949 -0.33196225
vn 0.85710716 0.39383559 -0.33205548
vn 0.85710526 0.39376341 -0.33214598
vn 0.85710367 0.39369347 -0.33223299
vn 0.85710242 0.39362630 -0.33231578
vn 0.85710152 0.39356249 -0.33239368
vn 0.85710097 0.39350258 -0.33246602
vn 0.85710077 0.39344710 -0.33253218
vn 0.85710094 0.39339650 -0.33259160
vn 0.85710148 0.39335119 -0.33264381
vn 0.85710238 0.39331149 -0.33268841
vn 0.85710362 0.39327771 -0.33272516
vn 0.85710513 0.39325009 -0.33275391
vn 0.85710680 0.39322891 -0.33277464
vn 0.85710847 0.39321449 -0.33278737
vn 0.85710997 0.39320716 -0.33279218
vn 0.85711109 0.39320732 -0.33278909
vn 0.85711168 0.39321536 -0.33277807
vn 0.85711164 0.39323157 -0.33275901
vn 0.85711095 0.39325615 -0.33273174
vn 0.85710970 0.39328907 -0.33269607
vn 0.85710804 0.39333007 -0.33265187
vn 0.85710622 0.39337861 -0.33259915
vn 0.85710449 0.39343397 -0.33253813
vn 0.85710310 0.39349521 -0.33246924
vn 0.85710225 0.39356130 -0.33239319
vn 0.85710207 0.39363118 -0.33231090
vn 0.85710259 0.39370382 -0.33222349
vn 0.85710377 0.39377828 -0.33213219
vn 0.85710549 0.39385375 -0.33203826
vn 0.85710757 0.39392953 -0.33194296
vn 0.85710985 0.39400504 -0.33184745
vn 0.85711214 0.39407977 -0.33175279
vn 0.85711431 0.39415322 -0.33165993
vn 0.85711624 0.39422490 -0.33156972
vn 0.85711788 0.39429432 -0.33148293
vn 0.85711918 0.39436095 -0.33140028
vn 0.85712014 0.39442424 -0.33132247
vn 0.85711090 0.39399463 -0.33185710
f 1541//1541 1540//1540 1539//1539
f 2002//2002 2066//2066 2001//2001
f 2066//2066 2065//2065 2001//2001
f 2001//2001 2065//2065 2000//2000
f 2065//2065 2064//2064 2000//2000
f 2000//2000 2064//2064 1999//1999
f 2064//2064 2063//2063 1999//1999
f 1999//1999 2063//2063 1998//1998
f 2063//2063 2062//2062 1998//1998
f 1998//1998 2062//2062 1997//1997
f 2062//2062 2061//2061 1997//1997
f 1997//1997 2061//2061 1996//1996
f 2061//2061 2060//2060 1996//1996
f 1996//1996 2060//2060 1995//1995
f 2060//2060 2059//2059 1995//1995
f 1995//1995 2059//2059 1994//1994
f 2059//2059 2058//2058 1994//1994
f 1994//1994 2058//2058 1993//1993
f 2058//2058 2057//2057 1993//1993
f 1993//1993 2057//2057 1992//1992
f 2067//2067 2066//2066 2002//2002
f 2057//2057 2056//2056 1992//1992
f 2003//2003 2067//2067 2002//2002
f 2004//2004 2068//2068 2003//2003
f 2078//2078 2077//2077 2013//2013
f 2013//2013 2077//2077 2012//2012
f 2077//2077 2076//2076 2012//2012
f 2012//2012 2076//2076 2011//2011
f 2076//2076 2075//2075 2011//2011
f 2011//2011 2075//2075 2010//2010
f 2075//2075 2074//2074 2010//2010
f 2010//2010 2074//2074 2009//2009
f 2074//2074 2073//2073 2009//2009
f 2009//2009 2073//2073 2008//2008
f 2073//2073 2072//2072 2008//2008
f 2008//2008 2072//2072 2007//2007
f 2072//2072 2071//2071 2007//2007
f 2007//2007 2071//2071 2006//2006
f 2071//2071 2070//2070 2006//2006
f 2006//2006 2070//2070 2005//2005
f 2070//2070 2069//2069 2005//2005
f 2005//2005 2069//2069 2004//2004
f 2069//2069 2068//2068 2004//2004
f 2068//2068 2067//2067 2003//2003
f 2014//2014 2078//2078 2013//2013
f 1992//1992 2056//2056 1991//1991
f 1991//1991 2055//2055 1990//1990
f 1979//1979 2043//2043 1978//1978
f 2043//2043 2042//2042 1978//1978
f 1978//1978 2042//2042 1977//1977
f 2042//2042 2041//2041 1977//1977
f 1977//1977 2041//2041 1976//1976
f 2041//2041 2040//2040 1976//1976
f 1976//1976 2040//2040 1975//1975
f 2040//2040 2039//2039 1975//1975
f 1975//1975 2039//2039 1974//1974
f 2039//2039 2038//2038 1974//1974
f 1974//1974 2038//2038 1973//1973
f 2038//2038 2037//2037 1973//1973
f 1973//1973 2037//2037 1972//1972
f 2037//2037 2036//2036 1972//1972
f 1972//1972 2036//2036 1971//1971
f 2036//2036 2035//2035 1971//1971
f 1971//1971 2035//2035 1970//1970
f 2035//2035 2034//2034 1970//1970
f 1970//1970 2034//2034 1969//1969
f 2044//2044 2043//2043 1979//1979
f 2056//2056 2055//2055 1991//1991
f 1980//1980 2044//2044 1979//1979
f 1981//1981 2045//2045 1980//1980
f 2055//2055 2054//2054 1990//1990
f 1990//1990 2054//2054 1989//1989
f 2054//2054 2053//2053 1989//1989
f 1989//1989 2053//2053 1988//1988
f 2053//2053 2052//2052 1988//1988
f 1924//1924 1988//1988 1987//1987
f 1988//1988 2051//2051 1987//1987
f 1987//1987 2051//2051 1986//1986
f 2051//2051 2050//2050 1986//1986
f 1986//1986 2050//2050 1985//1985
f 2050//2050 2049//2049 1985//1985
f 1985//1985 2049//2049 1984//1984
f 2049//2049 2048//2048 1984//1984
f 1984//1984 2048//2048 1983//1983
f 2048//2048 2047//2047 1983//1983
f 1983//1983 2047//2047 1982//1982
f 2047//2047 2046//2046 1982//1982
f 1982//1982 2046//2046 1981//1981
f 2046//2046 2045//2045 1981//1981
f 2045//2045 2044//2044 1980//1980
f 2034//2034 2033//2033 1969//1969
f 2079//2079 2078//2078 2014//2014
f 2080//2080 2079//2079 2015//2015
f 2048//2048 2112//2112 2047//2047
f 2112//2112 2111//2111 2047//2047
f 2047//2047 2111//2111 2046//2046
f 2111//2111 2110//2110 2046//2046
f 2046//2046 2110//2110 2045//2045
f 2110//2110 2109//2109 2045//2045
f 2045//2045 2109//2109 2044//2044
f 2109//2109 2108//2108 2044//2044
f 2044//2044 2108//2108 2043//2043
f 2108//2108 2107//2107 2043//2043
f 2043//2043 2107//2107 2042//2042
f 2107//2107 2106//2106 2042//2042
f 2042//2042 2106//2106 2041//2041
f 2106//2106 2105//2105 2041//2041
f 2041//2041 2105//2105 2040//2040
f 2105//2105 2104//2104 2040//2040
f 2040//2040 2104//2104 2039//2039
f 2104//2104 2103//2103 2039//2039
f 2039//2039 2103//2103 2038//2038
f 2113//2113 2112//2112 2048//2048
f 2103//2103 2102//2102 2038//2038
f 2049//2049 2113//2113 2048//2048
f 2050//2050 2114//2114 2049//2049
f 2124//2124 2123//2123 2059//2059
f 2059//2059 2123//2123 2058//2058
f 2123//2123 2122//2122 2058//2058
f 2058//2058 2122//2122 2057//2057
f 2122//2122 2121//2121 2057//2057
f 2057//2057 2121//2121 2056//2056
f 2121//2121 2120//2120 2056//2056
f 2056//2056 2120//2120 2055//2055
f 2120//2120 2119//2119 2055//2055
f 2055//2055 2119//2119 2054//2054
f 2119//2119 2118//2118 2054//2054
f 2054//2054 2118//2118 2053//2053
f 2118//2118 2117//2117 2053//2053
f 2053//2053 2117//2117 2052//2052
f 2117//2117 2116//2116 2052//2052
f 1988//1988 2052//2052 2051//2051
f 2052//2052 2115//2115 2051//2051
f 2051//2051 2115//2115 2050//2050
f 2115//2115 2114//2114 2050//2050
f 2114//2114 2113//2113 2049//2049
f 2015//2015 2079//2079 2014//2014
f 2038//2038 2102//2102 2037//2037
f 2037//2037 2101//2101 2036//2036
f 2025//2025 2089//2089 2024//2024
f 2089//2089 2088//2088 2024//2024
f 2024//2024 2088//2088 2023//2023
f 2088//2088 2087//2087 2023//2023
f 2023//2023 2087//2087 2022//2022
f 2087//2087 2086//2086 2022//2022
f 2022//2022 2086//2086 2021//2021
f 2086//2086 2085//2085 2021//2021
f 2021//2021 2085//2085 2020//2020
f 2085//2085 2084//2084 2020//2020
f 2020//2020 2084//2084 2019//2019
f 2084//2084 2083//2083 2019//2019
f 2019//2019 2083//2083 2018//2018
f 2083//2083 2082//2082 2018//2018
f 2018//2018 2082//2082 2017//2017
f 2082//2082 2081//2081 2017//2017
f 2017//2017 2081//2081 2016//2016
f 2081//2081 2080//2080 2016//2016
f 2016//2016 2080//2080 2015//2015
f 2090//2090 2089//2089 2025//2025
f 2102//2102 2101//2101 2037//2037
f 2026//2026 2090//2090 2025//2025
f 2027//2027 2091//2091 2026//2026
f 2101//2101 2100//2100 2036//2036
f 2036//2036 2100//2100 2035//2035
f 2100//2100 2099//2099 2035//2035
f 2035//2035 2099//2099 2034//2034
f 2099//2099 2098//2098 2034//2034
f 2034//2034 2098//2098 2033//2033
f 2098//2098 2097//2097 2033//2033
f 2033//2033 2097//2097 2032//2032
f 2097//2097 2096//2096 2032//2032
f 2032//2032 2096//2096 2031//2031
f 2096//2096 2095//2095 2031//2031
f 2031//2031 2095//2095 2030//2030
f 2095//2095 2094//2094 2030//2030
f 2030//2030 2094//2094 2029//2029
f 2094//2094 2093//2093 2029//2029
f 2029//2029 2093//2093 2028//2028
f 2093//2093 2092//2092 2028//2028
f 2028//2028 2092//2092 2027//2027
f 2092//2092 2091//2091 2027//2027
f 2091//2091 2090//2090 2026//2026
f 2060//2060 2124//2124 2059//2059
f 1969//1969 2033//2033 1968//1968
f 1968//1968 2032//2032 1967//1967
f 1910//1910 1974//1974 1909//1909
f 1974//1974 1973//1973 1909//1909
f 1909//1909 1973//1973 1908//1908
f 1973//1973 1972//1972 1908//1908
f 1908//1908 1972//1972 1907//1907
f 1972//1972 1971//1971 1907//1907
f 1907//1907 1971//1971 1906//1906
f 1971//1971 1970//1970 1906//1906
f 1906//1906 1970//1970 1905//1905
f 1970//1970 1969//1969 1905//1905
f 1905//1905 1969//1969 1904//1904
f 1969//1969 1968//1968 1904//1904
f 1904//1904 1968//1968 1903//1903
f 1968//1968 1967//1967 1903//1903
f 1903//1903 1967//1967 1902//1902
f 1967//1967 1966//1966 1902//1902
f 1902//1902 1966//1966 1901//1901
f 1966//1966 1965//1965 1901//1901
f 1901//1901 1965//1965 1900//1900
f 1975//1975 1974//1974 1910//1910
f 1965//1965 1964//1964 1900//1900
f 1911//1911 1975//1975 1910//1910
f 1912//1912 1976//1976 1911//1911
f 1986//1986 1985//1985 1921//1921
f 1921//1921 1985//1985 1920//1920
f 1985//1985 1984//1984 1920//1920
f 1920//1920 1984//1984 1919//1919
f 1984//1984 1983//1983 1919//1919
f 1919//1919 1983//1983 1918//1918
f 1983//1983 1982//1982 1918//1918
f 1918//1918 1982//1982 1917//1917
f 1982//1982 1981//1981 1917//1917
f 1917//1917 1981//1981 1916//1916
f 1981//1981 1980//1980 1916//1916
f 1916//1916 1980//1980 1915//1915
f 1980//1980 1979//1979 1915//1915
f 1915//1915 1979//1979 1914//1914
f 1979//1979 1978//1978 1914//1914
f 1914//1914 1978//1978 1913//1913
f 1978//1978 1977//1977 1913//1913
f 1913//1913 1977//1977 1912//1912
f 1977//1977 1976//1976 1912//1912
f 1976//1976 1975//1975 1911//1911
f 1922//1922 1986//1986 1921//1921
f 1900//1900 1964//1964 1899//1899
f 1899//1899 1963//1963 1898//1898
f 1951//1951 1950//1950 1886//1886
f 1886//1886 1950//1950 1885//1885
f 1950//1950 1949//1949 1885//1885
f 1885//1885 1949//1949 1884//1884
f 1949//1949 1948//1948 1884//1884
f 1884//1884 1948//1948 1883//1883
f 1948//1948 1947//1947 1883//1883
f 1883//1883 1947//1947 1882//1882
f 1947//1947 1946//1946 1882//1882
f 1882//1882 1946//1946 1881//1881
f 1946//1946 1945//1945 1881//1881
f 1881//1881 1945//1945 1880//1880
f 1945//1945 1944//1944 1880//1880
f 1880//1880 1944//1944 1879//1879
f 1944//1944 1943//1943 1879//1879
f 1879//1879 1943//1943 1878//1878
f 1943//1943 1942//1942 1878//1878
f 1878//1878 1942//1942 1877//1877
f 1942//1942 1941//1941 1877//1877
f 1887//1887 1951//1951 1886//1886
f 1964//1964 1963//1963 1899//1899
f 1952//1952 1951//1951 1887//1887
f 1953//1953 1952//1952 1888//1888
f 1963//1963 1962//1962 1898//1898
f 1898//1898 1962//1962 1897//1897
f 1962//1962 1961//1961 1897//1897
f 1897//1897 1961//1961 1896//1896
f 1961//1961 1960//1960 1896//1896
f 1896//1896 1960//1960 1895//1895
f 1960//1960 1959//1959 1895//1895
f 1895//1895 1959//1959 1894//1894
f 1959//1959 1958//1958 1894//1894
f 1894//1894 1958//1958 1893//1893
f 1958//1958 1957//1957 1893//1893
f 1893//1893 1957//1957 1892//1892
f 1957//1957 1956//1956 1892//1892
f 1956//1956 1955//1955 1891//1891
f 1891//1891 1955//1955 1890//1890
f 1955//1955 1954//1954 1890//1890
f 1890//1890 1954//1954 1889//1889
f 1954//1954 1953//1953 1889//1889
f 1889//1889 1953//1953 1888//1888
f 1888//1888 1952//1952 1887//1887
f 2033//2033 2032//2032 1968//1968
f 1987//1987 1986//1986 1922//1922
f 1924//1924 1987//1987 1923//1923
f 1956//1956 2020//2020 1955//1955
f 2020//2020 2019//2019 1955//1955
f 1955//1955 2019//2019 1954//1954
f 2019//2019 2018//2018 1954//1954
f 1954//1954 2018//2018 1953//1953
f 2018//2018 2017//2017 1953//1953
f 1953//1953 2017//2017 1952//1952
f 2017//2017 2016//2016 1952//1952
f 1952//1952 2016//2016 1951//1951
f 2016//2016 2015//2015 1951//1951
f 1951//1951 2015//2015 1950//1950
f 2015//2015 2014//2014 1950//1950
f 1950//1950 2014//2014 1949//1949
f 2014//2014 2013//2013 1949//1949
f 1949//1949 2013//2013 1948//1948
f 2013//2013 2012//2012 1948//1948
f 1948//1948 2012//2012 1947//1947
f 2012//2012 2011//2011 1947//1947
f 1947//1947 2011//2011 1946//1946
f 2021//2021 2020//2020 1956//1956
f 2011//2011 2010//2010 1946//1946
f 1957//1957 2021//2021 1956//1956
f 1958//1958 2022//2022 1957//1957
f 2032//2032 2031//2031 1967//1967
f 1967//1967 2031//2031 1966//1966
f 2031//2031 2030//2030 1966//1966
f 1966//1966 2030//2030 1965//1965
f 2030//2030 2029//2029 1965//1965
f 1965//1965 2029//2029 1964//1964
f 2029//2029 2028//2028 1964//1964
f 1964//1964 2028//2028 1963//1963
f 2028//2028 2027//2027 1963//1963
f 1963//1963 2027//2027 1962//1962
f 2027//2027 2026//2026 1962//1962
f 1962//1962 2026//2026 1961//1961
f 2026//2026 2025//2025 1961//1961
f 1961//1961 2025//2025 1960//1960
f 2025//2025 2024//2024 1960//1960
f 1960//1960 2024//2024 1959//1959
f 2024//2024 2023//2023 1959//1959
f 1959//1959 2023//2023 1958//1958
f 2023//2023 2022//2022 1958//1958
f 2022//2022 2021//2021 1957//1957
f 1923//1923 1987//1987 1922//1922
f 1946//1946 2010//2010 1945//1945
f 1945//1945 2009//2009 1944//1944
f 1933//1933 1997//1997 1932//1932
f 1997//1997 1996//1996 1932//1932
f 1932//1932 1996//1996 1931//1931
f 1996//1996 1995//1995 1931//1931
f 1931//1931 1995//1995 1930//1930
f 1995//1995 1994//1994 1930//1930
f 1930//1930 1994//1994 1929//1929
f 1994//1994 1993//1993 1929//1929
f 1929//1929 1993//1993 1928//1928
f 1993//1993 1992//1992 1928//1928
f 1928//1928 1992//1992 1927//1927
f 1992//1992 1991//1991 1927//1927
f 1927//1927 1991//1991 1926//1926
f 1991//1991 1990//1990 1926//1926
f 1926//1926 1990//1990 1925//1925
f 1990//1990 1989//1989 1925//1925
f 1925//1925 1989//1989 1924//1924
f 1989//1989 1988//1988 1924//1924
f 1860//1860 1924//1924 1923//1923
f 1998//1998 1997//1997 1933//1933
f 2010//2010 2009//2009 1945//1945
f 1934//1934 1998//1998 1933//1933
f 1935//1935 1999//1999 1934//1934
f 2009//2009 2008//2008 1944//1944
f 1944//1944 2008//2008 1943//1943
f 2008//2008 2007//2007 1943//1943
f 1943//1943 2007//2007 1942//1942
f 2007//2007 2006//2006 1942//1942
f 1942//1942 2006//2006 1941//1941
f 2006//2006 2005//2005 1941//1941
f 1941//1941 2005//2005 1940//1940
f 2005//2005 2004//2004 1940//1940
f 1940//1940 2004//2004 1939//1939
f 2004//2004 2003//2003 1939//1939
f 1939//1939 2003//2003 1938//1938
f 2003//2003 2002//2002 1938//1938
f 1938//1938 2002//2002 1937//1937
f 2002//2002 2001//2001 1937//1937
f 1937//1937 2001//2001 1936//1936
f 2001//2001 2000//2000 1936//1936
f 1936//1936 2000//2000 1935//1935
f 2000//2000 1999//1999 1935//1935
f 1999//1999 1998//1998 1934//1934
f 2125//2125 2124//2124 2060//2060
f 2061//2061 2125//2125 2060//2060
f 2126//2126 2125//2125 2061//2061
f 2251//2251 2250//2250 2186//2186
f 2186//2186 2250//2250 2185//2185
f 2250//2250 2249//2249 2185//2185
f 2185//2185 2249//2249 2184//2184
f 2249//2249 2248//2248 2184//2184
f 2184//2184 2248//2248 2183//2183
f 2248//2248 2247//2247 2183//2183
f 2183//2183 2247//2247 2182//2182
f 2247//2247 2246//2246 2182//2182
f 2182//2182 2246//2246 2181//2181
f 2246//2246 2245//2245 2181//2181
f 2181//2181 2245//2245 2180//2180
f 2245//2245 2244//2244 2180//2180
f 2116//2116 2180//2180 2179//2179
f 2180//2180 2243//2243 2179//2179
f 2179//2179 2243//2243 2178//2178
f 2243//2243 2242//2242 2178//2178
f 2178//2178 2242//2242 2177//2177
f 2242//2242 2241//2241 2177//2177
f 2187//2187 2251//2251 2186//2186
f 2177//2177 2241//2241 2176//2176
f 2252//2252 2251//2251 2187//2187
f 2253//2253 2252//2252 2188//2188
f 2198//2198 2262//2262 2197//2197
f 2262//2262 2261//2261 2197//2197
f 2197//2197 2261//2261 2196//2196
f 2261//2261 2260//2260 2196//2196
f 2196//2196 2260//2260 2195//2195
f 2260//2260 2259//2259 2195//2195
f 2195//2195 2259//2259 2194//2194
f 2259//2259 2258//2258 2194//2194
f 2194//2194 2258//2258 2193//2193
f 2258//2258 2257//2257 2193//2193
f 2193//2193 2257//2257 2192//2192
f 2257//2257 2256//2256 2192//2192
f 2192//2192 2256//2256 2191//2191
f 2256//2256 2255//2255 2191//2191
f 2191//2191 2255//2255 2190//2190
f 2255//2255 2254//2254 2190//2190
f 2190//2190 2254//2254 2189//2189
f 2254//2254 2253//2253 2189//2189
f 2189//2189 2253//2253 2188//2188
f 2188//2188 2252//2252 2187//2187
f 2263//2263 2262//2262 2198//2198
f 2241//2241 2240//2240 2176//2176
f 2240//2240 2239//2239 2175//2175
f 2228//2228 2227//2227 2163//2163
f 2163//2163 2227//2227 2162//2162
f 2227//2227 2226//2226 2162//2162
f 2162//2162 2226//2226 2161//2161
f 2226//2226 2225//2225 2161//2161
f 2161//2161 2225//2225 2160//2160
f 2225//2225 2224//2224 2160//2160
f 2160//2160 2224//2224 2159//2159
f 2224//2224 2223//2223 2159//2159
f 2159//2159 2223//2223 2158//2158
f 2223//2223 2222//2222 2158//2158
f 2158//2158 2222//2222 2157//2157
f 2222//2222 2221//2221 2157//2157
f 2157//2157 2221//2221 2156//2156
f 2221//2221 2220//2220 2156//2156
f 2156//2156 2220//2220 2155//2155
f 2220//2220 2219//2219 2155//2155
f 2155//2155 2219//2219 2154//2154
f 2219//2219 2218//2218 2154//2154
f 2164//2164 2228//2228 2163//2163
f 2176//2176 2240//2240 2175//2175
f 2229//2229 2228//2228 2164//2164
f 2230//2230 2229//2229 2165//2165
f 2175//2175 2239//2239 2174//2174
f 2239//2239 2238//2238 2174//2174
f 2174//2174 2238//2238 2173//2173
f 2238//2238 2237//2237 2173//2173
f 2173//2173 2237//2237 2172//2172
f 2237//2237 2236//2236 2172//2172
f 2172//2172 2236//2236 2171//2171
f 2236//2236 2235//2235 2171//2171
f 2171//2171 2235//2235 2170//2170
f 2235//2235 2234//2234 2170//2170
f 2170//2170 2234//2234 2169//2169
f 2234//2234 2233//2233 2169//2169
f 2169//2169 2233//2233 2168//2168
f 2233//2233 2232//2232 2168//2168
f 2168//2168 2232//2232 2167//2167
f 2232//2232 2231//2231 2167//2167
f 2167//2167 2231//2231 2166//2166
f 2231//2231 2230//2230 2166//2166
f 2166//2166 2230//2230 2165//2165
f 2165//2165 2229//2229 2164//2164
f 2154//2154 2218//2218 2153//2153
f 2199//2199 2263//2263 2198//2198
f 2200//2200 2264//2264 2199//2199
f 2297//2297 2296//2296 2232//2232
f 2232//2232 2296//2296 2231//2231
f 2296//2296 2295//2295 2231//2231
f 2231//2231 2295//2295 2230//2230
f 2295//2295 2294//2294 2230//2230
f 2230//2230 2294//2294 2229//2229
f 2294//2294 2293//2293 2229//2229
f 2229//2229 2293//2293 2228//2228
f 2293//2293 2292//2292 2228//2228
f 2228//2228 2292//2292 2227//2227
f 2292//2292 2291//2291 2227//2227
f 2227//2227 2291//2291 2226//2226
f 2291//2291 2290//2290 2226//2226
f 2226//2226 2290//2290 2225//2225
f 2290//2290 2289//2289 2225//2225
f 2225//2225 2289//2289 2224//2224
f 2289//2289 2288//2288 2224//2224
f 2224//2224 2288//2288 2223//2223
f 2288//2288 2287//2287 2223//2223
f 2233//2233 2297//2297 2232//2232
f 2223//2223 2287//2287 2222//2222
f 2298//2298 2297//2297 2233//2233
f 2299//2299 2298//2298 2234//2234
f 2180//2180 2244//2244 2243//2243
f 2244//2244 2307//2307 2243//2243
f 2243//2243 2307//2307 2242//2242
f 2307//2307 2306//2306 2242//2242
f 2242//2242 2306//2306 2241//2241
f 2306//2306 2305//2305 2241//2241
f 2241//2241 2305//2305 2240//2240
f 2305//2305 2304//2304 2240//2240
f 2240//2240 2304//2304 2239//2239
f 2304//2304 2303//2303 2239//2239
f 2239//2239 2303//2303 2238//2238
f 2303//2303 2302//2302 2238//2238
f 2238//2238 2302//2302 2237//2237
f 2302//2302 2301//2301 2237//2237
f 2237//2237 2301//2301 2236//2236
f 2301//2301 2300//2300 2236//2236
f 2236//2236 2300//2300 2235//2235
f 2300//2300 2299//2299 2235//2235
f 2235//2235 2299//2299 2234//2234
f 2234//2234 2298//2298 2233//2233
f 2264//2264 2263//2263 2199//2199
f 2287//2287 2286//2286 2222//2222
f 2286//2286 2285//2285 2221//2221
f 2274//2274 2273//2273 2209//2209
f 2209//2209 2273//2273 2208//2208
f 2273//2273 2272//2272 2208//2208
f 2208//2208 2272//2272 2207//2207
f 2272//2272 2271//2271 2207//2207
f 2207//2207 2271//2271 2206//2206
f 2271//2271 2270//2270 2206//2206
f 2206//2206 2270//2270 2205//2205
f 2270//2270 2269//2269 2205//2205
f 2205//2205 2269//2269 2204//2204
f 2269//2269 2268//2268 2204//2204
f 2204//2204 2268//2268 2203//2203
f 2268//2268 2267//2267 2203//2203
f 2203//2203 2267//2267 2202//2202
f 2267//2267 2266//2266 2202//2202
f 2202//2202 2266//2266 2201//2201
f 2266//2266 2265//2265 2201//2201
f 2201//2201 2265//2265 2200//2200
f 2265//2265 2264//2264 2200//2200
f 2210//2210 2274//2274 2209//2209
f 2222//2222 2286//2286 2221//2221
f 2275//2275 2274//2274 2210//2210
f 2276//2276 2275//2275 2211//2211
f 2221//2221 2285//2285 2220//2220
f 2285//2285 2284//2284 2220//2220
f 2220//2220 2284//2284 2219//2219
f 2284//2284 2283//2283 2219//2219
f 2219//2219 2283//2283 2218//2218
f 2283//2283 2282//2282 2218//2218
f 2218//2218 2282//2282 2217//2217
f 2282//2282 2281//2281 2217//2217
f 2217//2217 2281//2281 2216//2216
f 2281//2281 2280//2280 2216//2216
f 2216//2216 2280//2280 2215//2215
f 2280//2280 2279//2279 2215//2215
f 2215//2215 2279//2279 2214//2214
f 2279//2279 2278//2278 2214//2214
f 2214//2214 2278//2278 2213//2213
f 2278//2278 2277//2277 2213//2213
f 2213//2213 2277//2277 2212//2212
f 2277//2277 2276//2276 2212//2212
f 2212//2212 2276//2276 2211//2211
f 2211//2211 2275//2275 2210//2210
f 2218//2218 2217//2217 2153//2153
f 2153//2153 2217//2217 2152//2152
f 2217//2217 2216//2216 2152//2152
f 2094//2094 2158//2158 2093//2093
f 2158//2158 2157//2157 2093//2093
f 2093//2093 2157//2157 2092//2092
f 2157//2157 2156//2156 2092//2092
f 2092//2092 2156//2156 2091//2091
f 2156//2156 2155//2155 2091//2091
f 2091//2091 2155//2155 2090//2090
f 2155//2155 2154//2154 2090//2090
f 2090//2090 2154//2154 2089//2089
f 2154//2154 2153//2153 2089//2089
f 2089//2089 2153//2153 2088//2088
f 2153//2153 2152//2152 2088//2088
f 2088//2088 2152//2152 2087//2087
f 2152//2152 2151//2151 2087//2087
f 2087//2087 2151//2151 2086//2086
f 2151//2151 2150//2150 2086//2086
f 2086//2086 2150//2150 2085//2085
f 2150//2150 2149//2149 2085//2085
f 2085//2085 2149//2149 2084//2084
f 2159//2159 2158//2158 2094//2094
f 2149//2149 2148//2148 2084//2084
f 2095//2095 2159//2159 2094//2094
f 2096//2096 2160//2160 2095//2095
f 2170//2170 2169//2169 2105//2105
f 2105//2105 2169//2169 2104//2104
f 2169//2169 2168//2168 2104//2104
f 2104//2104 2168//2168 2103//2103
f 2168//2168 2167//2167 2103//2103
f 2103//2103 2167//2167 2102//2102
f 2167//2167 2166//2166 2102//2102
f 2102//2102 2166//2166 2101//2101
f 2166//2166 2165//2165 2101//2101
f 2101//2101 2165//2165 2100//2100
f 2165//2165 2164//2164 2100//2100
f 2100//2100 2164//2164 2099//2099
f 2164//2164 2163//2163 2099//2099
f 2099//2099 2163//2163 2098//2098
f 2163//2163 2162//2162 2098//2098
f 2098//2098 2162//2162 2097//2097
f 2162//2162 2161//2161 2097//2097
f 2097//2097 2161//2161 2096//2096
f 2161//2161 2160//2160 2096//2096
f 2160//2160 2159//2159 2095//2095
f 2106//2106 2170//2170 2105//2105
f 2084//2084 2148//2148 2083//2083
f 2083//2083 2147//2147 2082//2082
f 2071//2071 2135//2135 2070//2070
f 2135//2135 2134//2134 2070//2070
f 2070//2070 2134//2134 2069//2069
f 2134//2134 2133//2133 2069//2069
f 2069//2069 2133//2133 2068//2068
f 2133//2133 2132//2132 2068//2068
f 2068//2068 2132//2132 2067//2067
f 2132//2132 2131//2131 2067//2067
f 2067//2067 2131//2131 2066//2066
f 2131//2131 2130//2130 2066//2066
f 2066//2066 2130//2130 2065//2065
f 2130//2130 2129//2129 2065//2065
f 2065//2065 2129//2129 2064//2064
f 2129//2129 2128//2128 2064//2064
f 2064//2064 2128//2128 2063//2063
f 2128//2128 2127//2127 2063//2063
f 2063//2063 2127//2127 2062//2062
f 2127//2127 2126//2126 2062//2062
f 2062//2062 2126//2126 2061//2061
f 2136//2136 2135//2135 2071//2071
f 2148//2148 2147//2147 2083//2083
f 2072//2072 2136//2136 2071//2071
f 2073//2073 2137//2137 2072//2072
f 2147//2147 2146//2146 2082//2082
f 2082//2082 2146//2146 2081//2081
f 2146//2146 2145//2145 2081//2081
f 2081//2081 2145//2145 2080//2080
f 2145//2145 2144//2144 2080//2080
f 2080//2080 2144//2144 2079//2079
f 2144//2144 2143//2143 2079//2079
f 2079//2079 2143//2143 2078//2078
f 2143//2143 2142//2142 2078//2078
f 2078//2078 2142//2142 2077//2077
f 2142//2142 2141//2141 2077//2077
f 2077//2077 2141//2141 2076//2076
f 2141//2141 2140//2140 2076//2076
f 2076//2076 2140//2140 2075//2075
f 2140//2140 2139//2139 2075//2075
f 2075//2075 2139//2139 2074//2074
f 2139//2139 2138//2138 2074//2074
f 2074//2074 2138//2138 2073//2073
f 2138//2138 2137//2137 2073//2073
f 2137//2137 2136//2136 2072//2072
f 2171//2171 2170//2170 2106//2106
f 2107//2107 2171//2171 2106//2106
f 2172//2172 2171//2171 2107//2107
f 2205//2205 2204//2204 2140//2140
f 2140//2140 2204//2204 2139//2139
f 2204//2204 2203//2203 2139//2139
f 2139//2139 2203//2203 2138//2138
f 2203//2203 2202//2202 2138//2138
f 2138//2138 2202//2202 2137//2137
f 2202//2202 2201//2201 2137//2137
f 2137//2137 2201//2201 2136//2136
f 2201//2201 2200//2200 2136//2136
f 2136//2136 2200//2200 2135//2135
f 2200//2200 2199//2199 2135//2135
f 2135//2135 2199//2199 2134//2134
f 2199//2199 2198//2198 2134//2134
f 2134//2134 2198//2198 2133//2133
f 2198//2198 2197//2197 2133//2133
f 2133//2133 2197//2197 2132//2132
f 2197//2197 2196//2196 2132//2132
f 2132//2132 2196//2196 2131//2131
f 2196//2196 2195//2195 2131//2131
f 2141//2141 2205//2205 2140//2140
f 2131//2131 2195//2195 2130//2130
f 2206//2206 2205//2205 2141//2141
f 2207//2207 2206//2206 2142//2142
f 2152//2152 2216//2216 2151//2151
f 2216//2216 2215//2215 2151//2151
f 2151//2151 2215//2215 2150//2150
f 2215//2215 2214//2214 2150//2150
f 2150//2150 2214//2214 2149//2149
f 2214//2214 2213//2213 2149//2149
f 2149//2149 2213//2213 2148//2148
f 2213//2213 2212//2212 2148//2148
f 2148//2148 2212//2212 2147//2147
f 2212//2212 2211//2211 2147//2147
f 2147//2147 2211//2211 2146//2146
f 2211//2211 2210//2210 2146//2146
f 2146//2146 2210//2210 2145//2145
f 2210//2210 2209//2209 2145//2145
f 2145//2145 2209//2209 2144//2144
f 2209//2209 2208//2208 2144//2144
f 2144//2144 2208//2208 2143//2143
f 2208//2208 2207//2207 2143//2143
f 2143//2143 2207//2207 2142//2142
f 2142//2142 2206//2206 2141//2141
f 2195//2195 2194//2194 2130//2130
f 2130//2130 2194//2194 2129//2129
f 2194//2194 2193//2193 2129//2129
f 2117//2117 2181//2181 2116//2116
f 2181//2181 2180//2180 2116//2116
f 2052//2052 2116//2116 2115//2115
f 2116//2116 2179//2179 2115//2115
f 2115//2115 2179//2179 2114//2114
f 2179//2179 2178//2178 2114//2114
f 2114//2114 2178//2178 2113//2113
f 2178//2178 2177//2177 2113//2113
f 2113//2113 2177//2177 2112//2112
f 2177//2177 2176//2176 2112//2112
f 2112//2112 2176//2176 2111//2111
f 2176//2176 2175//2175 2111//2111
f 2111//2111 2175//2175 2110//2110
f 2175//2175 2174//2174 2110//2110
f 2110//2110 2174//2174 2109//2109
f 2174//2174 2173//2173 2109//2109
f 2109//2109 2173//2173 2108//2108
f 2173//2173 2172//2172 2108//2108
f 2108//2108 2172//2172 2107//2107
f 2182//2182 2181//2181 2117//2117
f 2118//2118 2182//2182 2117//2117
f 2183//2183 2182//2182 2118//2118
f 2119//2119 2183//2183 2118//2118
f 2129//2129 2193//2193 2128//2128
f 2193//2193 2192//2192 2128//2128
f 2128//2128 2192//2192 2127//2127
f 2192//2192 2191//2191 2127//2127
f 2127//2127 2191//2191 2126//2126
f 2191//2191 2190//2190 2126//2126
f 2126//2126 2190//2190 2125//2125
f 2190//2190 2189//2189 2125//2125
f 2125//2125 2189//2189 2124//2124
f 1877//1877 1941//1941 1876//1876
f 2189//2189 2188//2188 2124//2124
f 2188//2188 2187//2187 2123//2123
f 2123//2123 2187//2187 2122//2122
f 2187//2187 2186//2186 2122//2122
f 2122//2122 2186//2186 2121//2121
f 2186//2186 2185//2185 2121//2121
f 2121//2121 2185//2185 2120//2120
f 2185//2185 2184//2184 2120//2120
f 2120//2120 2184//2184 2119//2119
f 2184//2184 2183//2183 2119//2119
f 2124//2124 2188//2188 2123//2123
f 1941//1941 1940//1940 1876//1876
f 1892//1892 1956//1956 1891//1891
f 1940//1940 1939//1939 1875//1875
f 1698//1698 1697//1697 1633//1633
f 1633//1633 1697//1697 1632//1632
f 1697//1697 1696//1696 1632//1632
f 1632//1632 1696//1696 1631//1631
f 1696//1696 1695//1695 1631//1631
f 1631//1631 1695//1695 1630//1630
f 1695//1695 1694//1694 1630//1630
f 1630//1630 1694//1694 1629//1629
f 1694//1694 1693//1693 1629//1629
f 1629//1629 1693//1693 1628//1628
f 1693//1693 1692//1692 1628//1628
f 1628//1628 1692//1692 1627//1627
f 1692//1692 1691//1691 1627//1627
f 1627//1627 1691//1691 1626//1626
f 1691//1691 1690//1690 1626//1626
f 1626//1626 1690//1690 1625//1625
f 1690//1690 1689//1689 1625//1625
f 1625//1625 1689//1689 1624//1624
f 1689//1689 1688//1688 1624//1624
f 1634//1634 1698//1698 1633//1633
f 1624//1624 1688//1688 1623//1623
f 1699//1699 1698//1698 1634//1634
f 1700//1700 1699//1699 1635//1635
f 1645//1645 1709//1709 1644//1644
f 1709//1709 1708//1708 1644//1644
f 1644//1644 1708//1708 1643//1643
f 1708//1708 1707//1707 1643//1643
f 1643//1643 1707//1707 1642//1642
f 1707//1707 1706//1706 1642//1642
f 1642//1642 1706//1706 1641//1641
f 1706//1706 1705//1705 1641//1641
f 1641//1641 1705//1705 1640//1640
f 1705//1705 1704//1704 1640//1640
f 1640//1640 1704//1704 1639//1639
f 1704//1704 1703//1703 1639//1639
f 1639//1639 1703//1703 1638//1638
f 1703//1703 1702//1702 1638//1638
f 1638//1638 1702//1702 1637//1637
f 1702//1702 1701//1701 1637//1637
f 1637//1637 1701//1701 1636//1636
f 1701//1701 1700//1700 1636//1636
f 1636//1636 1700//1700 1635//1635
f 1635//1635 1699//1699 1634//1634
f 1710//1710 1709//1709 1645//1645
f 1688//1688 1687//1687 1623//1623
f 1687//1687 1686//1686 1622//1622
f 1675//1675 1674//1674 1610//1610
f 1610//1610 1674//1674 1609//1609
f 1674//1674 1673//1673 1609//1609
f 1609//1609 1673//1673 1608//1608
f 1673//1673 1672//1672 1608//1608
f 1608//1608 1672//1672 1607//1607
f 1672//1672 1671//1671 1607//1607
f 1607//1607 1671//1671 1606//1606
f 1671//1671 1670//1670 1606//1606
f 1606//1606 1670//1670 1605//1605
f 1670//1670 1669//1669 1605//1605
f 1605//1605 1669//1669 1604//1604
f 1669//1669 1668//1668 1604//1604
f 1540//1540 1604//1604 1603//1603
f 1604//1604 1667//1667 1603//1603
f 1603//1603 1667//1667 1602//1602
f 1667//1667 1666//1666 1602//1602
f 1602//1602 1666//1666 1601//1601
f 1666//1666 1665//1665 1601//1601
f 1611//1611 1675//1675 1610//1610
f 1623//1623 1687//1687 1622//1622
f 1676//1676 1675//1675 1611//1611
f 1677//1677 1676//1676 1612//1612
f 1622//1622 1686//1686 1621//1621
f 1686//1686 1685//1685 1621//1621
f 1621//1621 1685//1685 1620//1620
f 1685//1685 1684//1684 1620//1620
f 1620//1620 1684//1684 1619//1619
f 1684//1684 1683//1683 1619//1619
f 1619//1619 1683//1683 1618//1618
f 1683//1683 1682//1682 1618//1618
f 1618//1618 1682//1682 1617//1617
f 1682//1682 1681//1681 1617//1617
f 1617//1617 1681//1681 1616//1616
f 1681//1681 1680//1680 1616//1616
f 1616//1616 1680//1680 1615//1615
f 1680//1680 1679//1679 1615//1615
f 1615//1615 1679//1679 1614//1614
f 1679//1679 1678//1678 1614//1614
f 1614//1614 1678//1678 1613//1613
f 1678//1678 1677//1677 1613//1613
f 1613//1613 1677//1677 1612//1612
f 1612//1612 1676//1676 1611//1611
f 1601//1601 1665//1665 1600//1600
f 1646//1646 1710//1710 1645//1645
f 1647//1647 1711//1711 1646//1646
f 1744//1744 1743//1743 1679//1679
f 1679//1679 1743//1743 1678//1678
f 1743//1743 1742//1742 1678//1678
f 1678//1678 1742//1742 1677//1677
f 1742//1742 1741//1741 1677//1677
f 1677//1677 1741//1741 1676//1676
f 1876//1876 1940//1940 1875//1875
f 1676//1676 1740//1740 1675//1675
f 1740//1740 1739//1739 1675//1675
f 1675//1675 1739//1739 1674//1674
f 1739//1739 1738//1738 1674//1674
f 1674//1674 1738//1738 1673//1673
f 1738//1738 1737//1737 1673//1673
f 1673//1673 1737//1737 1672//1672
f 1737//1737 1736//1736 1672//1672
f 1672//1672 1736//1736 1671//1671
f 1736//1736 1735//1735 1671//1671
f 1671//1671 1735//1735 1670//1670
f 1735//1735 1734//1734 1670//1670
f 1680//1680 1744//1744 1679//1679
f 1670//1670 1734//1734 1669//1669
f 1745//1745 1744//1744 1680//1680
f 1746//1746 1745//1745 1681//1681
f 1691//1691 1755//1755 1690//1690
f 1755//1755 1754//1754 1690//1690
f 1690//1690 1754//1754 1689//1689
f 1754//1754 1753//1753 1689//1689
f 1689//1689 1753//1753 1688//1688
f 1753//1753 1752//1752 1688//1688
f 1688//1688 1752//1752 1687//1687
f 1752//1752 1751//1751 1687//1687
f 1687//1687 1751//1751 1686//1686
f 1751//1751 1750//1750 1686//1686
f 1686//1686 1750//1750 1685//1685
f 1750//1750 1749//1749 1685//1685
f 1685//1685 1749//1749 1684//1684
f 1749//1749 1748//1748 1684//1684
f 1684//1684 1748//1748 1683//1683
f 1748//1748 1747//1747 1683//1683
f 1683//1683 1747//1747 1682//1682
f 1747//1747 1746//1746 1682//1682
f 1682//1682 1746//1746 1681//1681
f 1681//1681 1745//1745 1680//1680
f 1711//1711 1710//1710 1646//1646
f 1734//1734 1733//1733 1669//1669
f 1733//1733 1732//1732 1668//1668
f 1721//1721 1720//1720 1656//1656
f 1656//1656 1720//1720 1655//1655
f 1720//1720 1719//1719 1655//1655
f 1655//1655 1719//1719 1654//1654
f 1719//1719 1718//1718 1654//1654
f 1654//1654 1718//1718 1653//1653
f 1718//1718 1717//1717 1653//1653
f 1653//1653 1717//1717 1652//1652
f 1717//1717 1716//1716 1652//1652
f 1652//1652 1716//1716 1651//1651
f 1716//1716 1715//1715 1651//1651
f 1651//1651 1715//1715 1650//1650
f 1715//1715 1714//1714 1650//1650
f 1650//1650 1714//1714 1649//1649
f 1714//1714 1713//1713 1649//1649
f 1649//1649 1713//1713 1648//1648
f 1713//1713 1712//1712 1648//1648
f 1648//1648 1712//1712 1647//1647
f 1712//1712 1711//1711 1647//1647
f 1657//1657 1721//1721 1656//1656
f 1669//1669 1733//1733 1668//1668
f 1722//1722 1721//1721 1657//1657
f 1723//1723 1722//1722 1658//1658
f 1604//1604 1668//1668 1667//1667
f 1668//1668 1731//1731 1667//1667
f 1667//1667 1731//1731 1666//1666
f 1731//1731 1730//1730 1666//1666
f 1666//1666 1730//1730 1665//1665
f 1730//1730 1729//1729 1665//1665
f 1665//1665 1729//1729 1664//1664
f 1729//1729 1728//1728 1664//1664
f 1664//1664 1728//1728 1663//1663
f 1728//1728 1727//1727 1663//1663
f 1663//1663 1727//1727 1662//1662
f 1727//1727 1726//1726 1662//1662
f 1662//1662 1726//1726 1661//1661
f 1726//1726 1725//1725 1661//1661
f 1661//1661 1725//1725 1660//1660
f 1725//1725 1724//1724 1660//1660
f 1660//1660 1724//1724 1659//1659
f 1724//1724 1723//1723 1659//1659
f 1659//1659 1723//1723 1658//1658
f 1658//1658 1722//1722 1657//1657
f 1665//1665 1664//1664 1600//1600
f 1600//1600 1664//1664 1599//1599
f 1664//1664 1663//1663 1599//1599
f 1541//1541 1605//1605 1540//1540
f 1605//1605 1604//1604 1540//1540
f 1540//1540 1603//1603 1539//1539
f 1603//1603 1602//1602 1539//1539
f 1602//1602 1601//1601 1539//1539
f 1601//1601 1600//1600 1539//1539
f 1600//1600 1599//1599 1539//1539
f 1599//1599 1598//1598 1539//1539
f 1598//1598 1597//1597 1539//1539
f 1597//1597 1596//1596 1539//1539
f 1596//1596 1595//1595 1539//1539
f 1595//1595 1594//1594 1539//1539
f 1594//1594 1593//1593 1539//1539
f 1593//1593 1592//1592 1539//1539
f 1592//1592 1591//1591 1539//1539
f 1591//1591 1590//1590 1539//1539
f 1590//1590 1589//1589 1539//1539
f 1589//1589 1588//1588 1539//1539
f 1588//1588 1587//1587 1539//1539
f 1606//1606 1605//1605 1541//1541
f 1587//1587 1586//1586 1539//1539
f 1542//1542 1606//1606 1541//1541
f 1543//1543 1607//1607 1542//1542
f 1617//1617 1616//1616 1552//1552
f 1552//1552 1616//1616 1551//1551
f 1616//1616 1615//1615 1551//1551
f 1551//1551 1615//1615 1550//1550
f 1615//1615 1614//1614 1550//1550
f 1550//1550 1614//1614 1549//1549
f 1614//1614 1613//1613 1549//1549
f 1549//1549 1613//1613 1548//1548
f 1613//1613 1612//1612 1548//1548
f 1548//1548 1612//1612 1547//1547
f 1612//1612 1611//1611 1547//1547
f 1547//1547 1611//1611 1546//1546
f 1611//1611 1610//1610 1546//1546
f 1546//1546 1610//1610 1545//1545
f 1610//1610 1609//1609 1545//1545
f 1545//1545 1609//1609 1544//1544
f 1609//1609 1608//1608 1544//1544
f 1544//1544 1608//1608 1543//1543
f 1608//1608 1607//1607 1543//1543
f 1607//1607 1606//1606 1542//1542
f 1553//1553 1617//1617 1552//1552
f 1586//1586 1585//1585 1539//1539
f 1584//1584 1583//1583 1539//1539
f 1560//1560 1559//1559 1539//1539
f 1559//1559 1558//1558 1539//1539
f 1558//1558 1557//1557 1539//1539
f 1557//1557 1556//1556 1539//1539
f 1556//1556 1555//1555 1539//1539
f 1555//1555 1554//1554 1539//1539
f 1554//1554 1553//1553 1539//1539
f 1553//1553 1552//1552 1539//1539
f 1552//1552 1551//1551 1539//1539
f 1551//1551 1550//1550 1539//1539
f 1550//1550 1549//1549 1539//1539
f 1549//1549 1548//1548 1539//1539
f 1548//1548 1547//1547 1539//1539
f 1547//1547 1546//1546 1539//1539
f 1546//1546 1545//1545 1539//1539
f 1545//1545 1544//1544 1539//1539
f 1544//1544 1543//1543 1539//1539
f 1543//1543 1542//1542 1539//1539
f 1542//1542 1541//1541 1539//1539
f 1561//1561 1560//1560 1539//1539
f 1585//1585 1584//1584 1539//1539
f 1562//1562 1561//1561 1539//1539
f 1564//1564 1563//1563 1539//1539
f 1583//1583 1582//1582 1539//1539
f 1582//1582 1581//1581 1539//1539
f 1581//1581 1580//1580 1539//1539
f 1580//1580 1579//1579 1539//1539
f 1579//1579 1578//1578 1539//1539
f 1578//1578 1577//1577 1539//1539
f 1577//1577 1576//1576 1539//1539
f 1576//1576 1575//1575 1539//1539
f 1575//1575 1574//1574 1539//1539
f 1574//1574 1573//1573 1539//1539
f 1573//1573 1572//1572 1539//1539
f 1572//1572 1571//1571 1539//1539
f 1571//1571 1570//1570 1539//1539
f 1570//1570 1569//1569 1539//1539
f 1569//1569 1568//1568 1539//1539
f 1568//1568 1567//1567 1539//1539
f 1567//1567 1566//1566 1539//1539
f 1566//1566 1565//1565 1539//1539
f 1565//1565 1564//1564 1539//1539
f 1563//1563 1562//1562 1539//1539
f 1618//1618 1617//1617 1553//1553
f 1554//1554 1618//1618 1553//1553
f 1619//1619 1618//1618 1554//1554
f 1652//1652 1651//1651 1587//1587
f 1587//1587 1651//1651 1586//1586
f 1651//1651 1650//1650 1586//1586
f 1586//1586 1650//1650 1585//1585
f 1650//1650 1649//1649 1585//1585
f 1585//1585 1649//1649 1584//1584
f 1649//1649 1648//1648 1584//1584
f 1584//1584 1648//1648 1583//1583
f 1648//1648 1647//1647 1583//1583
f 1583//1583 1647//1647 1582//1582
f 1647//1647 1646//1646 1582//1582
f 1582//1582 1646//1646 1581//1581
f 1646//1646 1645//1645 1581//1581
f 1581//1581 1645//1645 1580//1580
f 1645//1645 1644//1644 1580//1580
f 1580//1580 1644//1644 1579//1579
f 1644//1644 1643//1643 1579//1579
f 1579//1579 1643//1643 1578//1578
f 1643//1643 1642//1642 1578//1578
f 1588//1588 1652//1652 1587//1587
f 1578//1578 1642//1642 1577//1577
f 1653//1653 1652//1652 1588//1588
f 1654//1654 1653//1653 1589//1589
f 1599//1599 1663//1663 1598//1598
f 1663//1663 1662//1662 1598//1598
f 1598//1598 1662//1662 1597//1597
f 1662//1662 1661//1661 1597//1597
f 1597//1597 1661//1661 1596//1596
f 1661//1661 1660//1660 1596//1596
f 1596//1596 1660//1660 1595//1595
f 1660//1660 1659//1659 1595//1595
f 1595//1595 1659//1659 1594//1594
f 1659//1659 1658//1658 1594//1594
f 1594//1594 1658//1658 1593//1593
f 1658//1658 1657//1657 1593//1593
f 1593//1593 1657//1657 1592//1592
f 1657//1657 1656//1656 1592//1592
f 1592//1592 1656//1656 1591//1591
f 1656//1656 1655//1655 1591//1591
f 1591//1591 1655//1655 1590//1590
f 1655//1655 1654//1654 1590//1590
f 1590//1590 1654//1654 1589//1589
f 1589//1589 1653//1653 1588//1588
f 1642//1642 1641//1641 1577//1577
f 1577//1577 1641//1641 1576//1576
f 1641//1641 1640//1640 1576//1576
f 1564//1564 1628//1628 1563//1563
f 1628//1628 1627//1627 1563//1563
f 1563//1563 1627//1627 1562//1562
f 1627//1627 1626//1626 1562//1562
f 1562//1562 1626//1626 1561//1561
f 1626//1626 1625//1625 1561//1561
f 1561//1561 1625//1625 1560//1560
f 1625//1625 1624//1624 1560//1560
f 1560//1560 1624//1624 1559//1559
f 1624//1624 1623//1623 1559//1559
f 1559//1559 1623//1623 1558//1558
f 1623//1623 1622//1622 1558//1558
f 1558//1558 1622//1622 1557//1557
f 1622//1622 1621//1621 1557//1557
f 1557//1557 1621//1621 1556//1556
f 1621//1621 1620//1620 1556//1556
f 1556//1556 1620//1620 1555//1555
f 1620//1620 1619//1619 1555//1555
f 1555//1555 1619//1619 1554//1554
f 1629//1629 1628//1628 1564//1564
f 1565//1565 1629//1629 1564//1564
f 1630//1630 1629//1629 1565//1565
f 1566//1566 1630//1630 1565//1565
f 1576//1576 1640//1640 1575//1575
f 1640//1640 1639//1639 1575//1575
f 1575//1575 1639//1639 1574//1574
f 1639//1639 1638//1638 1574//1574
f 1574//1574 1638//1638 1573//1573
f 1638//1638 1637//1637 1573//1573
f 1573//1573 1637//1637 1572//1572
f 1637//1637 1636//1636 1572//1572
f 1572//1572 1636//1636 1571//1571
f 1756//1756 1755//1755 1691//1691
f 1636//1636 1635//1635 1571//1571
f 1635//1635 1634//1634 1570//1570
f 1570//1570 1634//1634 1569//1569
f 1634//1634 1633//1633 1569//1569
f 1569//1569 1633//1633 1568//1568
f 1633//1633 1632//1632 1568//1568
f 1568//1568 1632//1632 1567//1567
f 1632//1632 1631//1631 1567//1567
f 1567//1567 1631//1631 1566//1566
f 1631//1631 1630//1630 1566//1566
f 1571//1571 1635//1635 1570//1570
f 1692//1692 1756//1756 1691//1691
f 1741//1741 1740//1740 1676//1676
f 1693//1693 1757//1757 1692//1692
f 1882//1882 1881//1881 1817//1817
f 1817//1817 1881//1881 1816//1816
f 1881//1881 1880//1880 1816//1816
f 1816//1816 1880//1880 1815//1815
f 1880//1880 1879//1879 1815//1815
f 1815//1815 1879//1879 1814//1814
f 1879//1879 1878//1878 1814//1814
f 1814//1814 1878//1878 1813//1813
f 1878//1878 1877//1877 1813//1813
f 1813//1813 1877//1877 1812//1812
f 1877//1877 1876//1876 1812//1812
f 1812//1812 1876//1876 1811//1811
f 1876//1876 1875//1875 1811//1811
f 1811//1811 1875//1875 1810//1810
f 1875//1875 1874//1874 1810//1810
f 1810//1810 1874//1874 1809//1809
f 1874//1874 1873//1873 1809//1809
f 1809//1809 1873//1873 1808//1808
f 1873//1873 1872//1872 1808//1808
f 1818//1818 1882//1882 1817//1817
f 1808//1808 1872//1872 1807//1807
f 1883//1883 1882//1882 1818//1818
f 1884//1884 1883//1883 1819//1819
f 1829//1829 1893//1893 1828//1828
f 1893//1893 1892//1892 1828//1828
f 1828//1828 1892//1892 1827//1827
f 1892//1892 1891//1891 1827//1827
f 1827//1827 1891//1891 1826//1826
f 1891//1891 1890//1890 1826//1826
f 1826//1826 1890//1890 1825//1825
f 1890//1890 1889//1889 1825//1825
f 1825//1825 1889//1889 1824//1824
f 1889//1889 1888//1888 1824//1824
f 1824//1824 1888//1888 1823//1823
f 1888//1888 1887//1887 1823//1823
f 1823//1823 1887//1887 1822//1822
f 1887//1887 1886//1886 1822//1822
f 1822//1822 1886//1886 1821//1821
f 1886//1886 1885//1885 1821//1821
f 1821//1821 1885//1885 1820//1820
f 1885//1885 1884//1884 1820//1820
f 1820//1820 1884//1884 1819//1819
f 1819//1819 1883//1883 1818//1818
f 1894//1894 1893//1893 1829//1829
f 1872//1872 1871//1871 1807//1807
f 1871//1871 1870//1870 1806//1806
f 1859//1859 1858//1858 1794//1794
f 1794//1794 1858//1858 1793//1793
f 1858//1858 1857//1857 1793//1793
f 1793//1793 1857//1857 1792//1792
f 1857//1857 1856//1856 1792//1792
f 1792//1792 1856//1856 1791//1791
f 1856//1856 1855//1855 1791//1791
f 1791//1791 1855//1855 1790//1790
f 1855//1855 1854//1854 1790//1790
f 1790//1790 1854//1854 1789//1789
f 1854//1854 1853//1853 1789//1789
f 1789//1789 1853//1853 1788//1788
f 1853//1853 1852//1852 1788//1788
f 1788//1788 1852//1852 1787//1787
f 1852//1852 1851//1851 1787//1787
f 1787//1787 1851//1851 1786//1786
f 1851//1851 1850//1850 1786//1786
f 1786//1786 1850//1850 1785//1785
f 1850//1850 1849//1849 1785//1785
f 1795//1795 1859//1859 1794//1794
f 1807//1807 1871//1871 1806//1806
f 1796//1796 1859//1859 1795//1795
f 1861//1861 1860//1860 1796//1796
f 1806//1806 1870//1870 1805//1805
f 1870//1870 1869//1869 1805//1805
f 1805//1805 1869//1869 1804//1804
f 1869//1869 1868//1868 1804//1804
f 1804//1804 1868//1868 1803//1803
f 1868//1868 1867//1867 1803//1803
f 1803//1803 1867//1867 1802//1802
f 1867//1867 1866//1866 1802//1802
f 1802//1802 1866//1866 1801//1801
f 1866//1866 1865//1865 1801//1801
f 1801//1801 1865//1865 1800//1800
f 1865//1865 1864//1864 1800//1800
f 1757//1757 1756//1756 1692//1692
f 1864//1864 1863//1863 1799//1799
f 1799//1799 1863//1863 1798//1798
f 1863//1863 1862//1862 1798//1798
f 1798//1798 1862//1862 1797//1797
f 1862//1862 1861//1861 1797//1797
f 1797//1797 1861//1861 1796//1796
f 1732//1732 1796//1796 1795//1795
f 1785//1785 1849//1849 1784//1784
f 1830//1830 1894//1894 1829//1829
f 1831//1831 1895//1895 1830//1830
f 1928//1928 1927//1927 1863//1863
f 1863//1863 1927//1927 1862//1862
f 1927//1927 1926//1926 1862//1862
f 1862//1862 1926//1926 1861//1861
f 1926//1926 1925//1925 1861//1861
f 1861//1861 1925//1925 1860//1860
f 1925//1925 1924//1924 1860//1860
f 1796//1796 1860//1860 1859//1859
f 1860//1860 1923//1923 1859//1859
f 1859//1859 1923//1923 1858//1858
f 1923//1923 1922//1922 1858//1858
f 1858//1858 1922//1922 1857//1857
f 1922//1922 1921//1921 1857//1857
f 1857//1857 1921//1921 1856//1856
f 1921//1921 1920//1920 1856//1856
f 1856//1856 1920//1920 1855//1855
f 1920//1920 1919//1919 1855//1855
f 1855//1855 1919//1919 1854//1854
f 1919//1919 1918//1918 1854//1854
f 1864//1864 1928//1928 1863//1863
f 1854//1854 1918//1918 1853//1853
f 1929//1929 1928//1928 1864//1864
f 1930//1930 1929//1929 1865//1865
f 1875//1875 1939//1939 1874//1874
f 1939//1939 1938//1938 1874//1874
f 1874//1874 1938//1938 1873//1873
f 1938//1938 1937//1937 1873//1873
f 1873//1873 1937//1937 1872//1872
f 1937//1937 1936//1936 1872//1872
f 1872//1872 1936//1936 1871//1871
f 1936//1936 1935//1935 1871//1871
f 1871//1871 1935//1935 1870//1870
f 1935//1935 1934//1934 1870//1870
f 1870//1870 1934//1934 1869//1869
f 1934//1934 1933//1933 1869//1869
f 1869//1869 1933//1933 1868//1868
f 1933//1933 1932//1932 1868//1868
f 1868//1868 1932//1932 1867//1867
f 1932//1932 1931//1931 1867//1867
f 1867//1867 1931//1931 1866//1866
f 1931//1931 1930//1930 1866//1866
f 1866//1866 1930//1930 1865//1865
f 1865//1865 1929//1929 1864//1864
f 1895//1895 1894//1894 1830//1830
f 1918//1918 1917//1917 1853//1853
f 1917//1917 1916//1916 1852//1852
f 1905//1905 1904//1904 1840//1840
f 1840//1840 1904//1904 1839//1839
f 1904//1904 1903//1903 1839//1839
f 1839//1839 1903//1903 1838//1838
f 1903//1903 1902//1902 1838//1838
f 1838//1838 1902//1902 1837//1837
f 1902//1902 1901//1901 1837//1837
f 1837//1837 1901//1901 1836//1836
f 1901//1901 1900//1900 1836//1836
f 1836//1836 1900//1900 1835//1835
f 1900//1900 1899//1899 1835//1835
f 1835//1835 1899//1899 1834//1834
f 1899//1899 1898//1898 1834//1834
f 1834//1834 1898//1898 1833//1833
f 1898//1898 1897//1897 1833//1833
f 1833//1833 1897//1897 1832//1832
f 1897//1897 1896//1896 1832//1832
f 1832//1832 1896//1896 1831//1831
f 1896//1896 1895//1895 1831//1831
f 1841//1841 1905//1905 1840//1840
f 1853//1853 1917//1917 1852//1852
f 1906//1906 1905//1905 1841//1841
f 1907//1907 1906//1906 1842//1842
f 1852//1852 1916//1916 1851//1851
f 1916//1916 1915//1915 1851//1851
f 1851//1851 1915//1915 1850//1850
f 1915//1915 1914//1914 1850//1850
f 1850//1850 1914//1914 1849//1849
f 1914//1914 1913//1913 1849//1849
f 1849//1849 1913//1913 1848//1848
f 1913//1913 1912//1912 1848//1848
f 1848//1848 1912//1912 1847//1847
f 1912//1912 1911//1911 1847//1847
f 1847//1847 1911//1911 1846//1846
f 1911//1911 1910//1910 1846//1846
f 1846//1846 1910//1910 1845//1845
f 1910//1910 1909//1909 1845//1845
f 1845//1845 1909//1909 1844//1844
f 1909//1909 1908//1908 1844//1844
f 1844//1844 1908//1908 1843//1843
f 1908//1908 1907//1907 1843//1843
f 1843//1843 1907//1907 1842//1842
f 1842//1842 1906//1906 1841//1841
f 1849//1849 1848//1848 1784//1784
f 1800//1800 1864//1864 1799//1799
f 1848//1848 1847//1847 1783//1783
f 1790//1790 1789//1789 1725//1725
f 1725//1725 1789//1789 1724//1724
f 1789//1789 1788//1788 1724//1724
f 1724//1724 1788//1788 1723//1723
f 1788//1788 1787//1787 1723//1723
f 1723//1723 1787//1787 1722//1722
f 1784//1784 1848//1848 1783//1783
f 1722//1722 1786//1786 1721//1721
f 1786//1786 1785//1785 1721//1721
f 1721//1721 1785//1785 1720//1720
f 1785//1785 1784//1784 1720//1720
f 1720//1720 1784//1784 1719//1719
f 1784//1784 1783//1783 1719//1719
f 1719//1719 1783//1783 1718//1718
f 1783//1783 1782//1782 1718//1718
f 1718//1718 1782//1782 1717//1717
f 1782//1782 1781//1781 1717//1717
f 1717//1717 1781//1781 1716//1716
f 1781//1781 1780//1780 1716//1716
f 1726//1726 1790//1790 1725//1725
f 1716//1716 1780//1780 1715//1715
f 1791//1791 1790//1790 1726//1726
f 1792//1792 1791//1791 1727//1727
f 1737//1737 1801//1801 1736//1736
f 1801//1801 1800//1800 1736//1736
f 1736//1736 1800//1800 1735//1735
f 1800//1800 1799//1799 1735//1735
f 1735//1735 1799//1799 1734//1734
f 1799//1799 1798//1798 1734//1734
f 1734//1734 1798//1798 1733//1733
f 1798//1798 1797//1797 1733//1733
f 1733//1733 1797//1797 1732//1732
f 1797//1797 1796//1796 1732//1732
f 1668//1668 1732//1732 1731//1731
f 1732//1732 1795//1795 1731//1731
f 1731//1731 1795//1795 1730//1730
f 1795//1795 1794//1794 1730//1730
f 1730//1730 1794//1794 1729//1729
f 1794//1794 1793//1793 1729//1729
f 1729//1729 1793//1793 1728//1728
f 1793//1793 1792//1792 1728//1728
f 1728//1728 1792//1792 1727//1727
f 1727//1727 1791//1791 1726//1726
f 1802//1802 1801//1801 1737//1737
f 1780//1780 1779//1779 1715//1715
f 1779//1779 1778//1778 1714//1714
f 1767//1767 1766//1766 1702//1702
f 1702//1702 1766//1766 1701//1701
f 1766//1766 1765//1765 1701//1701
f 1701//1701 1765//1765 1700//1700
f 1765//1765 1764//1764 1700//1700
f 1700//1700 1764//1764 1699//1699
f 1764//1764 1763//1763 1699//1699
f 1699//1699 1763//1763 1698//1698
f 1763//1763 1762//1762 1698//1698
f 1698//1698 1762//1762 1697//1697
f 1762//1762 1761//1761 1697//1697
f 1697//1697 1761//1761 1696//1696
f 1761//1761 1760//1760 1696//1696
f 1696//1696 1760//1760 1695//1695
f 1760//1760 1759//1759 1695//1695
f 1695//1695 1759//1759 1694//1694
f 1759//1759 1758//1758 1694//1694
f 1694//1694 1758//1758 1693//1693
f 1758//1758 1757//1757 1693//1693
f 1703//1703 1767//1767 1702//1702
f 1715//1715 1779//1779 1714//1714
f 1768//1768 1767//1767 1703//1703
f 1769//1769 1768//1768 1704//1704
f 1714//1714 1778//1778 1713//1713
f 1778//1778 1777//1777 1713//1713
f 1713//1713 1777//1777 1712//1712
f 1777//1777 1776//1776 1712//1712
f 1712//1712 1776//1776 1711//1711
f 1776//1776 1775//1775 1711//1711
f 1711//1711 1775//1775 1710//1710
f 1775//1775 1774//1774 1710//1710
f 1710//1710 1774//1774 1709//1709
f 1774//1774 1773//1773 1709//1709
f 1709//1709 1773//1773 1708//1708
f 1773//1773 1772//1772 1708//1708
f 1708//1708 1772//1772 1707//1707
f 1772//1772 1771//1771 1707//1707
f 1707//1707 1771//1771 1706//1706
f 1771//1771 1770//1770 1706//1706
f 1706//1706 1770//1770 1705//1705
f 1770//1770 1769//1769 1705//1705
f 1705//1705 1769//1769 1704//1704
f 1704//1704 1768//1768 1703//1703
f 1738//1738 1802//1802 1737//1737
f 1787//1787 1786//1786 1722//1722
f 1739//1739 1803//1803 1738//1738
f 1836//1836 1835//1835 1771//1771
f 1771//1771 1835//1835 1770//1770
f 1835//1835 1834//1834 1770//1770
f 1770//1770 1834//1834 1769//1769
f 1834//1834 1833//1833 1769//1769
f 1769//1769 1833//1833 1768//1768
f 1833//1833 1832//1832 1768//1768
f 1768//1768 1832//1832 1767//1767
f 1832//1832 1831//1831 1767//1767
f 1767//1767 1831//1831 1766//1766
f 1831//1831 1830//1830 1766//1766
f 1766//1766 1830//1830 1765//1765
f 1830//1830 1829//1829 1765//1765
f 1765//1765 1829//1829 1764//1764
f 1829//1829 1828//1828 1764//1764
f 1764//1764 1828//1828 1763//1763
f 1828//1828 1827//1827 1763//1763
f 1763//1763 1827//1827 1762//1762
f 1827//1827 1826//1826 1762//1762
f 1772//1772 1836//1836 1771//1771
f 1762//1762 1826//1826 1761//1761
f 1837//1837 1836//1836 1772//1772
f 1838//1838 1837//1837 1773//1773
f 1783//1783 1847//1847 1782//1782
f 1847//1847 1846//1846 1782//1782
f 1782//1782 1846//1846 1781//1781
f 1846//1846 1845//1845 1781//1781
f 1781//1781 1845//1845 1780//1780
f 1845//1845 1844//1844 1780//1780
f 1780//1780 1844//1844 1779//1779
f 1844//1844 1843//1843 1779//1779
f 1779//1779 1843//1843 1778//1778
f 1843//1843 1842//1842 1778//1778
f 1778//1778 1842//1842 1777//1777
f 1842//1842 1841//1841 1777//1777
f 1777//1777 1841//1841 1776//1776
f 1803//1803 1802//1802 1738//1738
f 1776//1776 1840//1840 1775//1775
f 1840//1840 1839//1839 1775//1775
f 1775//1775 1839//1839 1774//1774
f 1839//1839 1838//1838 1774//1774
f 1774//1774 1838//1838 1773//1773
f 1773//1773 1837//1837 1772//1772
f 1826//1826 1825//1825 1761//1761
f 1841//1841 1840//1840 1776//1776
f 1825//1825 1824//1824 1760//1760
f 1813//1813 1812//1812 1748//1748
f 1748//1748 1812//1812 1747//1747
f 1812//1812 1811//1811 1747//1747
f 1747//1747 1811//1811 1746//1746
f 1811//1811 1810//1810 1746//1746
f 1746//1746 1810//1810 1745//1745
f 1810//1810 1809//1809 1745//1745
f 1745//1745 1809//1809 1744//1744
f 1809//1809 1808//1808 1744//1744
f 1744//1744 1808//1808 1743//1743
f 1808//1808 1807//1807 1743//1743
f 1743//1743 1807//1807 1742//1742
f 1742//1742 1806//1806 1741//1741
f 1806//1806 1805//1805 1741//1741
f 1741//1741 1805//1805 1740//1740
f 1805//1805 1804//1804 1740//1740
f 1740//1740 1804//1804 1739//1739
f 1804//1804 1803//1803 1739//1739
f 1761//1761 1825//1825 1760//1760
f 1749//1749 1813//1813 1748//1748
f 1814//1814 1813//1813 1749//1749
f 1807//1807 1806//1806 1742//1742
f 1815//1815 1814//1814 1750//1750
f 1760//1760 1824//1824 1759//1759
f 1750//1750 1814//1814 1749//1749
f 1824//1824 1823//1823 1759//1759
f 1759//1759 1823//1823 1758//1758
f 1823//1823 1822//1822 1758//1758
f 1822//1822 1821//1821 1757//1757
f 1757//1757 1821//1821 1756//1756
f 1821//1821 1820//1820 1756//1756
f 1756//1756 1820//1820 1755//1755
f 1820//1820 1819//1819 1755//1755
f 1758//1758 1822//1822 1757//1757
f 1819//1819 1818//1818 1754//1754
f 1754//1754 1818//1818 1753//1753
f 1818//1818 1817//1817 1753//1753
f 1751//1751 1815//1815 1750//1750
f 1753//1753 1817//1817 1752//1752
f 1817//1817 1816//1816 1752//1752
f 1752//1752 1816//1816 1751//1751
f 1755//1755 1819//1819 1754//1754
f 1816//1816 1815//1815 1751//1751
f 2286//2286 2350//2350 2285//2285
f 2351//2351 2350//2350 2286//2286
f 2287//2287 2351//2351 2286//2286
f 2352//2352 2351//2351 2287//2287
f 2288//2288 2352//2352 2287//2287
f 2354//2354 2353//2353 2289//2289
f 2289//2289 2353//2353 2288//2288
f 2290//2290 2354//2354 2289//2289
f 2355//2355 2354//2354 2290//2290
f 2350//2350 2349//2349 2285//2285
f 2356//2356 2355//2355 2291//2291
f 2291//2291 2355//2355 2290//2290
f 2353//2353 2352//2352 2288//2288
f 2285//2285 2349//2349 2284//2284
f 2280//2280 2344//2344 2279//2279
f 2284//2284 2348//2348 2283//2283
f 2348//2348 2347//2347 2283//2283
f 2283//2283 2347//2347 2282//2282
f 2347//2347 2346//2346 2282//2282
f 2282//2282 2346//2346 2281//2281
f 2346//2346 2345//2345 2281//2281
f 2281//2281 2345//2345 2280//2280
f 2345//2345 2344//2344 2280//2280
f 2344//2344 2343//2343 2279//2279
f 2279//2279 2343//2343 2278//2278
f 2343//2343 2342//2342 2278//2278
f 2278//2278 2342//2342 2277//2277
f 2292//2292 2356//2356 2291//2291
f 2342//2342 2341//2341 2277//2277
f 2349//2349 2348//2348 2284//2284
f 2357//2357 2356//2356 2292//2292
f 2368//2368 2367//2367 2303//2303
f 2358//2358 2357//2357 2293//2293
f 2277//2277 2341//2341 2276//2276
f 2244//2244 2308//2308 2307//2307
f 2308//2308 2371//2371 2307//2307
f 2307//2307 2371//2371 2306//2306
f 2371//2371 2370//2370 2306//2306
f 2306//2306 2370//2370 2305//2305
f 2370//2370 2369//2369 2305//2305
f 2305//2305 2369//2369 2304//2304
f 2369//2369 2368//2368 2304//2304
f 2304//2304 2368//2368 2303//2303
f 2303//2303 2367//2367 2302//2302
f 2367//2367 2366//2366 2302//2302
f 2302//2302 2366//2366 2301//2301
f 2366//2366 2365//2365 2301//2301
f 2301//2301 2365//2365 2300//2300
f 2365//2365 2364//2364 2300//2300
f 2300//2300 2364//2364 2299//2299
f 2364//2364 2363//2363 2299//2299
f 2299//2299 2363//2363 2298//2298
f 2363//2363 2362//2362 2298//2298
f 2298//2298 2362//2362 2297//2297
f 2362//2362 2361//2361 2297//2297
f 2297//2297 2361//2361 2296//2296
f 2361//2361 2360//2360 2296//2296
f 2296//2296 2360//2360 2295//2295
f 2360//2360 2359//2359 2295//2295
f 2295//2295 2359//2359 2294//2294
f 2359//2359 2358//2358 2294//2294
f 2294//2294 2358//2358 2293//2293
f 2293//2293 2357//2357 2292//2292
f 2341//2341 2340//2340 2276//2276
f 2276//2276 2340//2340 2275//2275
f 2340//2340 2339//2339 2275//2275
f 2323//2323 2322//2322 2258//2258
f 2258//2258 2322//2322 2257//2257
f 2322//2322 2321//2321 2257//2257
f 2257//2257 2321//2321 2256//2256
f 2321//2321 2320//2320 2256//2256
f 2256//2256 2320//2320 2255//2255
f 2320//2320 2319//2319 2255//2255
f 2255//2255 2319//2319 2254//2254
f 2319//2319 2318//2318 2254//2254
f 2254//2254 2318//2318 2253//2253
f 2318//2318 2317//2317 2253//2253
f 2253//2253 2317//2317 2252//2252
f 2317//2317 2316//2316 2252//2252
f 2259//2259 2323//2323 2258//2258
f 2252//2252 2316//2316 2251//2251
f 2251//2251 2315//2315 2250//2250
f 2315//2315 2314//2314 2250//2250
f 2250//2250 2314//2314 2249//2249
f 2314//2314 2313//2313 2249//2249
f 2313//2313 2312//2312 2248//2248
f 2248//2248 2312//2312 2247//2247
f 2312//2312 2311//2311 2247//2247
f 2247//2247 2311//2311 2246//2246
f 2311//2311 2310//2310 2246//2246
f 2246//2246 2310//2310 2245//2245
f 2310//2310 2309//2309 2245//2245
f 2245//2245 2309//2309 2244//2244
f 2309//2309 2308//2308 2244//2244
f 2316//2316 2315//2315 2251//2251
f 2324//2324 2323//2323 2259//2259
f 2249//2249 2313//2313 2248//2248
f 2325//2325 2324//2324 2260//2260
f 2260//2260 2324//2324 2259//2259
f 2275//2275 2339//2339 2274//2274
f 2339//2339 2338//2338 2274//2274
f 2274//2274 2338//2338 2273//2273
f 2338//2338 2337//2337 2273//2273
f 2273//2273 2337//2337 2272//2272
f 2272//2272 2336//2336 2271//2271
f 2336//2336 2335//2335 2271//2271
f 2271//2271 2335//2335 2270//2270
f 2335//2335 2334//2334 2270//2270
f 2270//2270 2334//2334 2269//2269
f 2334//2334 2333//2333 2269//2269
f 2269//2269 2333//2333 2268//2268
f 2333//2333 2332//2332 2268//2268
f 2337//2337 2336//2336 2272//2272
f 2332//2332 2331//2331 2267//2267
f 2261//2261 2325//2325 2260//2260
f 2268//2268 2332//2332 2267//2267
f 2326//2326 2325//2325 2261//2261
f 2262//2262 2326//2326 2261//2261
f 2327//2327 2326//2326 2262//2262
f 2328//2328 2327//2327 2263//2263
f 2264//2264 2328//2328 2263//2263
f 2263//2263 2327//2327 2262//2262
f 2265//2265 2329//2329 2264//2264
f 2330//2330 2329//2329 2265//2265
f 2266//2266 2330//2330 2265//2265
f 2331//2331 2330//2330 2266//2266
f 2267//2267 2331//2331 2266//2266
f 2329//2329 2328//2328 2264//2264
f 2865//2865 2864//2864 2800//2800
f 2862//2862 2861//2861 2797//2797
f 2801//2801 2865//2865 2800//2800
f 2800//2800 2864//2864 2799//2799
f 2864//2864 2863//2863 2799//2799
f 2799//2799 2863//2863 2798//2798
f 2863//2863 2862//2862 2798//2798
f 2798//2798 2862//2862 2797//2797
f 2797//2797 2861//2861 2796//2796
f 2858//2858 2857//2857 2793//2793
f 2796//2796 2860//2860 2795//2795
f 2860//2860 2859//2859 2795//2795
f 2795//2795 2859//2859 2794//2794
f 2859//2859 2858//2858 2794//2794
f 2794//2794 2858//2858 2793//2793
f 2793//2793 2857//2857 2792//2792
f 2857//2857 2856//2856 2792//2792
f 2866//2866 2865//2865 2801//2801
f 2792//2792 2856//2856 2791//2791
f 2861//2861 2860//2860 2796//2796
f 2802//2802 2866//2866 2801//2801
f 2874//2874 2873//2873 2809//2809
f 2803//2803 2867//2867 2802//2802
f 2856//2856 2855//2855 2791//2791
f 2877//2877 2876//2876 2812//2812
f 2812//2812 2876//2876 2811//2811
f 2876//2876 2875//2875 2811//2811
f 2811//2811 2875//2875 2810//2810
f 2875//2875 2874//2874 2810//2810
f 2810//2810 2874//2874 2809//2809
f 2809//2809 2873//2873 2808//2808
f 2873//2873 2872//2872 2808//2808
f 2808//2808 2872//2872 2807//2807
f 2872//2872 2871//2871 2807//2807
f 2807//2807 2871//2871 2806//2806
f 2871//2871 2870//2870 2806//2806
f 2806//2806 2870//2870 2805//2805
f 2870//2870 2869//2869 2805//2805
f 2805//2805 2869//2869 2804//2804
f 2869//2869 2868//2868 2804//2804
f 2804//2804 2868//2868 2803//2803
f 2868//2868 2867//2867 2803//2803
f 2867//2867 2866//2866 2802//2802
f 2791//2791 2855//2855 2790//2790
f 2840//2840 2839//2839 2775//2775
f 2790//2790 2854//2854 2789//2789
f 2778//2778 2842//2842 2777//2777
f 2842//2842 2841//2841 2777//2777
f 2777//2777 2841//2841 2776//2776
f 2841//2841 2840//2840 2776//2776
f 2776//2776 2840//2840 2775//2775
f 2813//2813 2877//2877 2812//2812
f 2775//2775 2839//2839 2774//2774
f 2839//2839 2838//2838 2774//2774
f 2774//2774 2838//2838 2773//2773
f 2838//2838 2837//2837 2773//2773
f 2773//2773 2837//2837 2772//2772
f 2837//2837 2836//2836 2772//2772
f 2772//2772 2836//2836 2771//2771
f 2836//2836 2835//2835 2771//2771
f 2771//2771 2835//2835 2770//2770
f 2835//2835 2834//2834 2770//2770
f 2770//2770 2834//2834 2769//2769
f 2834//2834 2833//2833 2769//2769
f 2769//2769 2833//2833 2768//2768
f 2843//2843 2842//2842 2778//2778
f 2855//2855 2854//2854 2790//2790
f 2779//2779 2843//2843 2778//2778
f 2780//2780 2844//2844 2779//2779
f 2854//2854 2853//2853 2789//2789
f 2789//2789 2853//2853 2788//2788
f 2853//2853 2852//2852 2788//2788
f 2788//2788 2852//2852 2787//2787
f 2852//2852 2851//2851 2787//2787
f 2787//2787 2851//2851 2786//2786
f 2851//2851 2850//2850 2786//2786
f 2786//2786 2850//2850 2785//2785
f 2850//2850 2849//2849 2785//2785
f 2785//2785 2849//2849 2784//2784
f 2849//2849 2848//2848 2784//2784
f 2784//2784 2848//2848 2783//2783
f 2848//2848 2847//2847 2783//2783
f 2783//2783 2847//2847 2782//2782
f 2847//2847 2846//2846 2782//2782
f 2782//2782 2846//2846 2781//2781
f 2846//2846 2845//2845 2781//2781
f 2781//2781 2845//2845 2780//2780
f 2845//2845 2844//2844 2780//2780
f 2844//2844 2843//2843 2779//2779
f 2878//2878 2877//2877 2813//2813
f 2829//2829 2893//2893 2828//2828
f 2879//2879 2878//2878 2814//2814
f 2847//2847 2911//2911 2846//2846
f 2911//2911 2910//2910 2846//2846
f 2846//2846 2910//2910 2845//2845
f 2910//2910 2909//2909 2845//2845
f 2845//2845 2909//2909 2844//2844
f 2909//2909 2908//2908 2844//2844
f 2844//2844 2908//2908 2843//2843
f 2908//2908 2907//2907 2843//2843
f 2843//2843 2907//2907 2842//2842
f 2907//2907 2906//2906 2842//2842
f 2842//2842 2906//2906 2841//2841
f 2906//2906 2905//2905 2841//2841
f 2841//2841 2905//2905 2840//2840
f 2905//2905 2904//2904 2840//2840
f 2840//2840 2904//2904 2839//2839
f 2904//2904 2903//2903 2839//2839
f 2839//2839 2903//2903 2838//2838
f 2903//2903 2902//2902 2838//2838
f 2838//2838 2902//2902 2837//2837
f 2912//2912 2911//2911 2847//2847
f 2902//2902 2901//2901 2837//2837
f 2848//2848 2912//2912 2847//2847
f 2849//2849 2913//2913 2848//2848
f 2923//2923 2922//2922 2858//2858
f 2858//2858 2922//2922 2857//2857
f 2922//2922 2921//2921 2857//2857
f 2857//2857 2921//2921 2856//2856
f 2921//2921 2920//2920 2856//2856
f 2856//2856 2920//2920 2855//2855
f 2920//2920 2919//2919 2855//2855
f 2855//2855 2919//2919 2854//2854
f 2919//2919 2918//2918 2854//2854
f 2854//2854 2918//2918 2853//2853
f 2918//2918 2917//2917 2853//2853
f 2853//2853 2917//2917 2852//2852
f 2917//2917 2916//2916 2852//2852
f 2852//2852 2916//2916 2851//2851
f 2916//2916 2915//2915 2851//2851
f 2851//2851 2915//2915 2850//2850
f 2915//2915 2914//2914 2850//2850
f 2850//2850 2914//2914 2849//2849
f 2914//2914 2913//2913 2849//2849
f 2913//2913 2912//2912 2848//2848
f 2814//2814 2878//2878 2813//2813
f 2837//2837 2901//2901 2836//2836
f 2836//2836 2900//2900 2835//2835
f 2824//2824 2888//2888 2823//2823
f 2888//2888 2887//2887 2823//2823
f 2823//2823 2887//2887 2822//2822
f 2887//2887 2886//2886 2822//2822
f 2822//2822 2886//2886 2821//2821
f 2886//2886 2885//2885 2821//2821
f 2821//2821 2885//2885 2820//2820
f 2885//2885 2884//2884 2820//2820
f 2756//2756 2820//2820 2819//2819
f 2820//2820 2883//2883 2819//2819
f 2819//2819 2883//2883 2818//2818
f 2883//2883 2882//2882 2818//2818
f 2818//2818 2882//2882 2817//2817
f 2882//2882 2881//2881 2817//2817
f 2817//2817 2881//2881 2816//2816
f 2881//2881 2880//2880 2816//2816
f 2816//2816 2880//2880 2815//2815
f 2880//2880 2879//2879 2815//2815
f 2815//2815 2879//2879 2814//2814
f 2889//2889 2888//2888 2824//2824
f 2901//2901 2900//2900 2836//2836
f 2825//2825 2889//2889 2824//2824
f 2826//2826 2890//2890 2825//2825
f 2900//2900 2899//2899 2835//2835
f 2835//2835 2899//2899 2834//2834
f 2899//2899 2898//2898 2834//2834
f 2834//2834 2898//2898 2833//2833
f 2898//2898 2897//2897 2833//2833
f 2833//2833 2897//2897 2832//2832
f 2897//2897 2896//2896 2832//2832
f 2832//2832 2896//2896 2831//2831
f 2896//2896 2895//2895 2831//2831
f 2831//2831 2895//2895 2830//2830
f 2895//2895 2894//2894 2830//2830
f 2830//2830 2894//2894 2829//2829
f 2894//2894 2893//2893 2829//2829
f 2833//2833 2832//2832 2768//2768
f 2893//2893 2892//2892 2828//2828
f 2828//2828 2892//2892 2827//2827
f 2892//2892 2891//2891 2827//2827
f 2827//2827 2891//2891 2826//2826
f 2891//2891 2890//2890 2826//2826
f 2890//2890 2889//2889 2825//2825
f 2768//2768 2832//2832 2767//2767
f 2817//2817 2816//2816 2752//2752
f 2767//2767 2831//2831 2766//2766
f 2709//2709 2773//2773 2708//2708
f 2773//2773 2772//2772 2708//2708
f 2708//2708 2772//2772 2707//2707
f 2772//2772 2771//2771 2707//2707
f 2707//2707 2771//2771 2706//2706
f 2771//2771 2770//2770 2706//2706
f 2706//2706 2770//2770 2705//2705
f 2770//2770 2769//2769 2705//2705
f 2705//2705 2769//2769 2704//2704
f 2769//2769 2768//2768 2704//2704
f 2704//2704 2768//2768 2703//2703
f 2768//2768 2767//2767 2703//2703
f 2703//2703 2767//2767 2702//2702
f 2767//2767 2766//2766 2702//2702
f 2702//2702 2766//2766 2701//2701
f 2766//2766 2765//2765 2701//2701
f 2701//2701 2765//2765 2700//2700
f 2765//2765 2764//2764 2700//2700
f 2700//2700 2764//2764 2699//2699
f 2774//2774 2773//2773 2709//2709
f 2764//2764 2763//2763 2699//2699
f 2710//2710 2774//2774 2709//2709
f 2711//2711 2775//2775 2710//2710
f 2785//2785 2784//2784 2720//2720
f 2720//2720 2784//2784 2719//2719
f 2784//2784 2783//2783 2719//2719
f 2719//2719 2783//2783 2718//2718
f 2783//2783 2782//2782 2718//2718
f 2718//2718 2782//2782 2717//2717
f 2782//2782 2781//2781 2717//2717
f 2717//2717 2781//2781 2716//2716
f 2781//2781 2780//2780 2716//2716
f 2716//2716 2780//2780 2715//2715
f 2780//2780 2779//2779 2715//2715
f 2715//2715 2779//2779 2714//2714
f 2779//2779 2778//2778 2714//2714
f 2714//2714 2778//2778 2713//2713
f 2778//2778 2777//2777 2713//2713
f 2713//2713 2777//2777 2712//2712
f 2777//2777 2776//2776 2712//2712
f 2712//2712 2776//2776 2711//2711
f 2776//2776 2775//2775 2711//2711
f 2775//2775 2774//2774 2710//2710
f 2721//2721 2785//2785 2720//2720
f 2699//2699 2763//2763 2698//2698
f 2698//2698 2762//2762 2697//2697
f 2686//2686 2750//2750 2685//2685
f 2750//2750 2749//2749 2685//2685
f 2685//2685 2749//2749 2684//2684
f 2749//2749 2748//2748 2684//2684
f 2684//2684 2748//2748 2683//2683
f 2748//2748 2747//2747 2683//2683
f 2683//2683 2747//2747 2682//2682
f 2747//2747 2746//2746 2682//2682
f 2682//2682 2746//2746 2681//2681
f 2746//2746 2745//2745 2681//2681
f 2681//2681 2745//2745 2680//2680
f 2745//2745 2744//2744 2680//2680
f 2680//2680 2744//2744 2679//2679
f 2744//2744 2743//2743 2679//2679
f 2679//2679 2743//2743 2678//2678
f 2743//2743 2742//2742 2678//2678
f 2678//2678 2742//2742 2677//2677
f 2742//2742 2741//2741 2677//2677
f 2677//2677 2741//2741 2676//2676
f 2751//2751 2750//2750 2686//2686
f 2763//2763 2762//2762 2698//2698
f 2687//2687 2751//2751 2686//2686
f 2688//2688 2752//2752 2687//2687
f 2762//2762 2761//2761 2697//2697
f 2697//2697 2761//2761 2696//2696
f 2761//2761 2760//2760 2696//2696
f 2696//2696 2760//2760 2695//2695
f 2760//2760 2759//2759 2695//2695
f 2695//2695 2759//2759 2694//2694
f 2759//2759 2758//2758 2694//2694
f 2694//2694 2758//2758 2693//2693
f 2758//2758 2757//2757 2693//2693
f 2693//2693 2757//2757 2692//2692
f 2757//2757 2756//2756 2692//2692
f 2628//2628 2692//2692 2691//2691
f 2692//2692 2755//2755 2691//2691
f 2691//2691 2755//2755 2690//2690
f 2755//2755 2754//2754 2690//2690
f 2690//2690 2754//2754 2689//2689
f 2754//2754 2753//2753 2689//2689
f 2689//2689 2753//2753 2688//2688
f 2753//2753 2752//2752 2688//2688
f 2752//2752 2751//2751 2687//2687
f 2832//2832 2831//2831 2767//2767
f 2786//2786 2785//2785 2721//2721
f 2787//2787 2786//2786 2722//2722
f 2755//2755 2819//2819 2754//2754
f 2819//2819 2818//2818 2754//2754
f 2754//2754 2818//2818 2753//2753
f 2818//2818 2817//2817 2753//2753
f 2753//2753 2817//2817 2752//2752
f 2859//2859 2923//2923 2858//2858
f 2752//2752 2816//2816 2751//2751
f 2816//2816 2815//2815 2751//2751
f 2751//2751 2815//2815 2750//2750
f 2815//2815 2814//2814 2750//2750
f 2750//2750 2814//2814 2749//2749
f 2814//2814 2813//2813 2749//2749
f 2749//2749 2813//2813 2748//2748
f 2813//2813 2812//2812 2748//2748
f 2748//2748 2812//2812 2747//2747
f 2812//2812 2811//2811 2747//2747
f 2747//2747 2811//2811 2746//2746
f 2811//2811 2810//2810 2746//2746
f 2746//2746 2810//2810 2745//2745
f 2756//2756 2819//2819 2755//2755
f 2810//2810 2809//2809 2745//2745
f 2692//2692 2756//2756 2755//2755
f 2757//2757 2821//2821 2756//2756
f 2831//2831 2830//2830 2766//2766
f 2766//2766 2830//2830 2765//2765
f 2830//2830 2829//2829 2765//2765
f 2765//2765 2829//2829 2764//2764
f 2829//2829 2828//2828 2764//2764
f 2764//2764 2828//2828 2763//2763
f 2828//2828 2827//2827 2763//2763
f 2763//2763 2827//2827 2762//2762
f 2827//2827 2826//2826 2762//2762
f 2762//2762 2826//2826 2761//2761
f 2826//2826 2825//2825 2761//2761
f 2761//2761 2825//2825 2760//2760
f 2825//2825 2824//2824 2760//2760
f 2760//2760 2824//2824 2759//2759
f 2824//2824 2823//2823 2759//2759
f 2759//2759 2823//2823 2758//2758
f 2823//2823 2822//2822 2758//2758
f 2758//2758 2822//2822 2757//2757
f 2822//2822 2821//2821 2757//2757
f 2821//2821 2820//2820 2756//2756
f 2722//2722 2786//2786 2721//2721
f 2745//2745 2809//2809 2744//2744
f 2744//2744 2808//2808 2743//2743
f 2732//2732 2796//2796 2731//2731
f 2796//2796 2795//2795 2731//2731
f 2731//2731 2795//2795 2730//2730
f 2795//2795 2794//2794 2730//2730
f 2730//2730 2794//2794 2729//2729
f 2794//2794 2793//2793 2729//2729
f 2729//2729 2793//2793 2728//2728
f 2793//2793 2792//2792 2728//2728
f 2728//2728 2792//2792 2727//2727
f 2792//2792 2791//2791 2727//2727
f 2727//2727 2791//2791 2726//2726
f 2791//2791 2790//2790 2726//2726
f 2726//2726 2790//2790 2725//2725
f 2790//2790 2789//2789 2725//2725
f 2725//2725 2789//2789 2724//2724
f 2789//2789 2788//2788 2724//2724
f 2724//2724 2788//2788 2723//2723
f 2788//2788 2787//2787 2723//2723
f 2723//2723 2787//2787 2722//2722
f 2797//2797 2796//2796 2732//2732
f 2809//2809 2808//2808 2744//2744
f 2733//2733 2797//2797 2732//2732
f 2734//2734 2798//2798 2733//2733
f 2808//2808 2807//2807 2743//2743
f 2743//2743 2807//2807 2742//2742
f 2807//2807 2806//2806 2742//2742
f 2742//2742 2806//2806 2741//2741
f 2806//2806 2805//2805 2741//2741
f 2741//2741 2805//2805 2740//2740
f 2805//2805 2804//2804 2740//2740
f 2740//2740 2804//2804 2739//2739
f 2804//2804 2803//2803 2739//2739
f 2739//2739 2803//2803 2738//2738
f 2803//2803 2802//2802 2738//2738
f 2738//2738 2802//2802 2737//2737
f 2802//2802 2801//2801 2737//2737
f 2737//2737 2801//2801 2736//2736
f 2801//2801 2800//2800 2736//2736
f 2736//2736 2800//2800 2735//2735
f 2800//2800 2799//2799 2735//2735
f 2735//2735 2799//2799 2734//2734
f 2799//2799 2798//2798 2734//2734
f 2798//2798 2797//2797 2733//2733
f 2924//2924 2923//2923 2859//2859
f 2940//2940 2939//2939 2875//2875
f 2925//2925 2924//2924 2860//2860
f 3050//3050 3049//3049 2985//2985
f 2985//2985 3049//3049 2984//2984
f 3049//3049 3048//3048 2984//2984
f 2984//2984 3048//3048 2983//2983
f 3048//3048 3047//3047 2983//2983
f 2983//2983 3047//3047 2982//2982
f 3047//3047 3046//3046 2982//2982
f 2982//2982 3046//3046 2981//2981
f 3046//3046 3045//3045 2981//2981
f 2981//2981 3045//3045 2980//2980
f 3045//3045 3044//3044 2980//2980
f 2980//2980 3044//3044 2979//2979
f 3044//3044 3043//3043 2979//2979
f 2979//2979 3043//3043 2978//2978
f 3043//3043 3042//3042 2978//2978
f 2978//2978 3042//3042 2977//2977
f 3042//3042 3041//3041 2977//2977
f 2977//2977 3041//3041 2976//2976
f 3041//3041 3040//3040 2976//2976
f 2986//2986 3050//3050 2985//2985
f 2976//2976 3040//3040 2975//2975
f 3051//3051 3050//3050 2986//2986
f 3052//3052 3051//3051 2987//2987
f 2997//2997 3061//3061 2996//2996
f 3061//3061 3060//3060 2996//2996
f 2996//2996 3060//3060 2995//2995
f 3060//3060 3059//3059 2995//2995
f 2995//2995 3059//3059 2994//2994
f 3059//3059 3058//3058 2994//2994
f 2994//2994 3058//3058 2993//2993
f 3058//3058 3057//3057 2993//2993
f 2993//2993 3057//3057 2992//2992
f 3057//3057 3056//3056 2992//2992
f 2992//2992 3056//3056 2991//2991
f 3056//3056 3055//3055 2991//2991
f 2991//2991 3055//3055 2990//2990
f 3055//3055 3054//3054 2990//2990
f 2990//2990 3054//3054 2989//2989
f 3054//3054 3053//3053 2989//2989
f 2989//2989 3053//3053 2988//2988
f 3053//3053 3052//3052 2988//2988
f 2988//2988 3052//3052 2987//2987
f 2987//2987 3051//3051 2986//2986
f 3062//3062 3061//3061 2997//2997
f 3040//3040 3039//3039 2975//2975
f 3039//3039 3038//3038 2974//2974
f 3027//3027 3026//3026 2962//2962
f 2962//2962 3026//3026 2961//2961
f 3026//3026 3025//3025 2961//2961
f 2961//2961 3025//3025 2960//2960
f 3025//3025 3024//3024 2960//2960
f 2960//2960 3024//3024 2959//2959
f 3024//3024 3023//3023 2959//2959
f 2959//2959 3023//3023 2958//2958
f 3023//3023 3022//3022 2958//2958
f 2958//2958 3022//3022 2957//2957
f 3022//3022 3021//3021 2957//2957
f 2957//2957 3021//3021 2956//2956
f 3021//3021 3020//3020 2956//2956
f 2956//2956 3020//3020 2955//2955
f 3020//3020 3019//3019 2955//2955
f 2955//2955 3019//3019 2954//2954
f 3019//3019 3018//3018 2954//2954
f 2954//2954 3018//3018 2953//2953
f 3018//3018 3017//3017 2953//2953
f 2963//2963 3027//3027 2962//2962
f 2975//2975 3039//3039 2974//2974
f 3028//3028 3027//3027 2963//2963
f 3029//3029 3028//3028 2964//2964
f 2974//2974 3038//3038 2973//2973
f 3038//3038 3037//3037 2973//2973
f 2973//2973 3037//3037 2972//2972
f 3037//3037 3036//3036 2972//2972
f 2972//2972 3036//3036 2971//2971
f 3036//3036 3035//3035 2971//2971
f 2971//2971 3035//3035 2970//2970
f 3035//3035 3034//3034 2970//2970
f 2970//2970 3034//3034 2969//2969
f 3034//3034 3033//3033 2969//2969
f 2969//2969 3033//3033 2968//2968
f 3033//3033 3032//3032 2968//2968
f 2968//2968 3032//3032 2967//2967
f 3032//3032 3031//3031 2967//2967
f 2967//2967 3031//3031 2966//2966
f 3031//3031 3030//3030 2966//2966
f 2966//2966 3030//3030 2965//2965
f 3030//3030 3029//3029 2965//2965
f 2965//2965 3029//3029 2964//2964
f 2964//2964 3028//3028 2963//2963
f 2953//2953 3017//3017 2952//2952
f 2998//2998 3062//3062 2997//2997
f 2999//2999 3063//3063 2998//2998
f 3051//3051 3076//3076 3050//3050
f 3050//3050 3076//3076 3049//3049
f 3049//3049 3076//3076 3048//3048
f 3048//3048 3076//3076 3047//3047
f 3047//3047 3076//3076 3046//3046
f 3046//3046 3076//3076 3045//3045
f 3045//3045 3076//3076 3044//3044
f 3044//3044 3076//3076 3043//3043
f 3043//3043 3076//3076 3042//3042
f 3042//3042 3076//3076 3041//3041
f 3041//3041 3076//3076 3040//3040
f 3040//3040 3076//3076 3039//3039
f 3039//3039 3076//3076 3038//3038
f 3038//3038 3076//3076 3037//3037
f 3037//3037 3076//3076 3036//3036
f 3036//3036 3076//3076 3035//3035
f 3035//3035 3076//3076 3034//3034
f 3034//3034 3076//3076 3033//3033
f 3033//3033 3076//3076 3032//3032
f 3052//3052 3076//3076 3051//3051
f 3032//3032 3076//3076 3031//3031
f 3053//3053 3076//3076 3052//3052
f 3055//3055 3076//3076 3054//3054
f 3074//3074 3076//3076 3073//3073
f 3073//3073 3076//3076 3072//3072
f 3072//3072 3076//3076 3071//3071
f 3071//3071 3076//3076 3070//3070
f 3070//3070 3076//3076 3069//3069
f 3069//3069 3076//3076 3068//3068
f 3068//3068 3076//3076 3067//3067
f 3067//3067 3076//3076 3066//3066
f 3066//3066 3076//3076 3065//3065
f 3065//3065 3076//3076 3064//3064
f 3064//3064 3076//3076 3063//3063
f 3063//3063 3076//3076 3062//3062
f 3062//3062 3076//3076 3061//3061
f 3061//3061 3076//3076 3060//3060
f 3060//3060 3076//3076 3059//3059
f 3059//3059 3076//3076 3058//3058
f 3058//3058 3076//3076 3057//3057
f 3057//3057 3076//3076 3056//3056
f 3056//3056 3076//3076 3055//3055
f 3054//3054 3076//3076 3053//3053
f 3063//3063 3062//3062 2998//2998
f 3031//3031 3076//3076 3030//3030
f 3029//3029 3076//3076 3028//3028
f 3073//3073 3072//3072 3008//3008
f 3008//3008 3072//3072 3007//3007
f 3072//3072 3071//3071 3007//3007
f 3007//3007 3071//3071 3006//3006
f 3071//3071 3070//3070 3006//3006
f 3006//3006 3070//3070 3005//3005
f 3070//3070 3069//3069 3005//3005
f 3005//3005 3069//3069 3004//3004
f 3069//3069 3068//3068 3004//3004
f 3004//3004 3068//3068 3003//3003
f 3068//3068 3067//3067 3003//3003
f 3003//3003 3067//3067 3002//3002
f 3067//3067 3066//3066 3002//3002
f 3002//3002 3066//3066 3001//3001
f 3066//3066 3065//3065 3001//3001
f 3001//3001 3065//3065 3000//3000
f 3065//3065 3064//3064 3000//3000
f 3000//3000 3064//3064 2999//2999
f 3064//3064 3063//3063 2999//2999
f 3009//3009 3073//3073 3008//3008
f 3030//3030 3076//3076 3029//3029
f 3074//3074 3073//3073 3009//3009
f 3075//3075 3074//3074 3010//3010
f 3028//3028 3076//3076 3027//3027
f 3027//3027 3076//3076 3026//3026
f 3026//3026 3076//3076 3025//3025
f 3025//3025 3076//3076 3024//3024
f 3024//3024 3076//3076 3023//3023
f 3023//3023 3076//3076 3022//3022
f 3022//3022 3076//3076 3021//3021
f 3021//3021 3076//3076 3020//3020
f 3020//3020 3076//3076 3019//3019
f 3019//3019 3076//3076 3018//3018
f 3018//3018 3076//3076 3017//3017
f 3017//3017 3076//3076 3016//3016
f 3016//3016 3076//3076 3015//3015
f 3015//3015 3076//3076 3014//3014
f 3014//3014 3076//3076 3013//3013
f 3013//3013 3076//3076 3012//3012
f 2948//2948 3012//3012 3011//3011
f 3012//3012 3075//3075 3011//3011
f 3011//3011 3075//3075 3010//3010
f 3010//3010 3074//3074 3009//3009
f 3017//3017 3016//3016 2952//2952
f 2952//2952 3016//3016 2951//2951
f 3016//3016 3015//3015 2951//2951
f 2893//2893 2957//2957 2892//2892
f 2957//2957 2956//2956 2892//2892
f 2892//2892 2956//2956 2891//2891
f 2956//2956 2955//2955 2891//2891
f 2891//2891 2955//2955 2890//2890
f 2955//2955 2954//2954 2890//2890
f 2890//2890 2954//2954 2889//2889
f 2954//2954 2953//2953 2889//2889
f 2889//2889 2953//2953 2888//2888
f 2953//2953 2952//2952 2888//2888
f 2888//2888 2952//2952 2887//2887
f 2952//2952 2951//2951 2887//2887
f 2887//2887 2951//2951 2886//2886
f 2951//2951 2950//2950 2886//2886
f 2886//2886 2950//2950 2885//2885
f 2950//2950 2949//2949 2885//2885
f 2885//2885 2949//2949 2884//2884
f 2949//2949 2948//2948 2884//2884
f 2820//2820 2884//2884 2883//2883
f 2958//2958 2957//2957 2893//2893
f 2884//2884 2947//2947 2883//2883
f 2894//2894 2958//2958 2893//2893
f 2895//2895 2959//2959 2894//2894
f 2969//2969 2968//2968 2904//2904
f 2904//2904 2968//2968 2903//2903
f 2968//2968 2967//2967 2903//2903
f 2903//2903 2967//2967 2902//2902
f 2967//2967 2966//2966 2902//2902
f 2902//2902 2966//2966 2901//2901
f 2966//2966 2965//2965 2901//2901
f 2901//2901 2965//2965 2900//2900
f 2965//2965 2964//2964 2900//2900
f 2900//2900 2964//2964 2899//2899
f 2964//2964 2963//2963 2899//2899
f 2899//2899 2963//2963 2898//2898
f 2963//2963 2962//2962 2898//2898
f 2898//2898 2962//2962 2897//2897
f 2962//2962 2961//2961 2897//2897
f 2897//2897 2961//2961 2896//2896
f 2961//2961 2960//2960 2896//2896
f 2896//2896 2960//2960 2895//2895
f 2960//2960 2959//2959 2895//2895
f 2959//2959 2958//2958 2894//2894
f 2905//2905 2969//2969 2904//2904
f 2883//2883 2947//2947 2882//2882
f 2882//2882 2946//2946 2881//2881
f 2870//2870 2934//2934 2869//2869
f 2934//2934 2933//2933 2869//2869
f 2869//2869 2933//2933 2868//2868
f 2933//2933 2932//2932 2868//2868
f 2868//2868 2932//2932 2867//2867
f 2932//2932 2931//2931 2867//2867
f 2867//2867 2931//2931 2866//2866
f 2931//2931 2930//2930 2866//2866
f 2866//2866 2930//2930 2865//2865
f 2930//2930 2929//2929 2865//2865
f 2865//2865 2929//2929 2864//2864
f 2929//2929 2928//2928 2864//2864
f 2864//2864 2928//2928 2863//2863
f 2928//2928 2927//2927 2863//2863
f 2863//2863 2927//2927 2862//2862
f 2927//2927 2926//2926 2862//2862
f 2862//2862 2926//2926 2861//2861
f 2926//2926 2925//2925 2861//2861
f 2861//2861 2925//2925 2860//2860
f 2935//2935 2934//2934 2870//2870
f 2947//2947 2946//2946 2882//2882
f 2871//2871 2935//2935 2870//2870
f 2872//2872 2936//2936 2871//2871
f 2946//2946 2945//2945 2881//2881
f 2881//2881 2945//2945 2880//2880
f 2945//2945 2944//2944 2880//2880
f 2880//2880 2944//2944 2879//2879
f 2944//2944 2943//2943 2879//2879
f 2879//2879 2943//2943 2878//2878
f 2943//2943 2942//2942 2878//2878
f 2878//2878 2942//2942 2877//2877
f 2942//2942 2941//2941 2877//2877
f 2877//2877 2941//2941 2876//2876
f 2941//2941 2940//2940 2876//2876
f 2876//2876 2940//2940 2875//2875
f 2741//2741 2740//2740 2676//2676
f 2875//2875 2939//2939 2874//2874
f 2939//2939 2938//2938 2874//2874
f 2874//2874 2938//2938 2873//2873
f 2938//2938 2937//2937 2873//2873
f 2873//2873 2937//2937 2872//2872
f 2937//2937 2936//2936 2872//2872
f 2936//2936 2935//2935 2871//2871
f 2970//2970 2969//2969 2905//2905
f 2906//2906 2970//2970 2905//2905
f 2971//2971 2970//2970 2906//2906
f 3004//3004 3003//3003 2939//2939
f 2939//2939 3003//3003 2938//2938
f 3003//3003 3002//3002 2938//2938
f 2938//2938 3002//3002 2937//2937
f 3002//3002 3001//3001 2937//2937
f 2937//2937 3001//3001 2936//2936
f 3001//3001 3000//3000 2936//2936
f 2936//2936 3000//3000 2935//2935
f 3000//3000 2999//2999 2935//2935
f 2935//2935 2999//2999 2934//2934
f 2999//2999 2998//2998 2934//2934
f 2934//2934 2998//2998 2933//2933
f 2998//2998 2997//2997 2933//2933
f 2933//2933 2997//2997 2932//2932
f 2997//2997 2996//2996 2932//2932
f 2932//2932 2996//2996 2931//2931
f 2996//2996 2995//2995 2931//2931
f 2931//2931 2995//2995 2930//2930
f 2995//2995 2994//2994 2930//2930
f 2940//2940 3004//3004 2939//2939
f 2930//2930 2994//2994 2929//2929
f 3005//3005 3004//3004 2940//2940
f 3006//3006 3005//3005 2941//2941
f 2951//2951 3015//3015 2950//2950
f 3015//3015 3014//3014 2950//2950
f 2950//2950 3014//3014 2949//2949
f 3014//3014 3013//3013 2949//2949
f 2949//2949 3013//3013 2948//2948
f 3013//3013 3012//3012 2948//2948
f 2884//2884 2948//2948 2947//2947
f 2948//2948 3011//3011 2947//2947
f 2947//2947 3011//3011 2946//2946
f 3011//3011 3010//3010 2946//2946
f 2946//2946 3010//3010 2945//2945
f 3010//3010 3009//3009 2945//2945
f 2945//2945 3009//3009 2944//2944
f 3009//3009 3008//3008 2944//2944
f 2944//2944 3008//3008 2943//2943
f 3008//3008 3007//3007 2943//2943
f 2943//2943 3007//3007 2942//2942
f 3007//3007 3006//3006 2942//2942
f 2942//2942 3006//3006 2941//2941
f 2941//2941 3005//3005 2940//2940
f 2994//2994 2993//2993 2929//2929
f 2929//2929 2993//2993 2928//2928
f 2993//2993 2992//2992 2928//2928
f 2916//2916 2980//2980 2915//2915
f 2980//2980 2979//2979 2915//2915
f 2915//2915 2979//2979 2914//2914
f 2979//2979 2978//2978 2914//2914
f 2914//2914 2978//2978 2913//2913
f 2978//2978 2977//2977 2913//2913
f 2913//2913 2977//2977 2912//2912
f 2977//2977 2976//2976 2912//2912
f 2912//2912 2976//2976 2911//2911
f 2976//2976 2975//2975 2911//2911
f 2911//2911 2975//2975 2910//2910
f 2975//2975 2974//2974 2910//2910
f 2910//2910 2974//2974 2909//2909
f 2974//2974 2973//2973 2909//2909
f 2909//2909 2973//2973 2908//2908
f 2973//2973 2972//2972 2908//2908
f 2908//2908 2972//2972 2907//2907
f 2972//2972 2971//2971 2907//2907
f 2907//2907 2971//2971 2906//2906
f 2981//2981 2980//2980 2916//2916
f 2917//2917 2981//2981 2916//2916
f 2982//2982 2981//2981 2917//2917
f 2918//2918 2982//2982 2917//2917
f 2928//2928 2992//2992 2927//2927
f 2992//2992 2991//2991 2927//2927
f 2927//2927 2991//2991 2926//2926
f 2991//2991 2990//2990 2926//2926
f 2926//2926 2990//2990 2925//2925
f 2990//2990 2989//2989 2925//2925
f 2925//2925 2989//2989 2924//2924
f 2989//2989 2988//2988 2924//2924
f 2924//2924 2988//2988 2923//2923
f 2860//2860 2924//2924 2859//2859
f 2988//2988 2987//2987 2923//2923
f 2987//2987 2986//2986 2922//2922
f 2922//2922 2986//2986 2921//2921
f 2986//2986 2985//2985 2921//2921
f 2921//2921 2985//2985 2920//2920
f 2985//2985 2984//2984 2920//2920
f 2920//2920 2984//2984 2919//2919
f 2984//2984 2983//2983 2919//2919
f 2919//2919 2983//2983 2918//2918
f 2983//2983 2982//2982 2918//2918
f 2923//2923 2987//2987 2922//2922
f 2676//2676 2740//2740 2675//2675
f 2725//2725 2724//2724 2660//2660
f 2675//2675 2739//2739 2674//2674
f 2497//2497 2496//2496 2432//2432
f 2432//2432 2496//2496 2431//2431
f 2496//2496 2495//2495 2431//2431
f 2431//2431 2495//2495 2430//2430
f 2495//2495 2494//2494 2430//2430
f 2430//2430 2494//2494 2429//2429
f 2494//2494 2493//2493 2429//2429
f 2429//2429 2493//2493 2428//2428
f 2493//2493 2492//2492 2428//2428
f 2428//2428 2492//2492 2427//2427
f 2492//2492 2491//2491 2427//2427
f 2427//2427 2491//2491 2426//2426
f 2491//2491 2490//2490 2426//2426
f 2426//2426 2490//2490 2425//2425
f 2490//2490 2489//2489 2425//2425
f 2425//2425 2489//2489 2424//2424
f 2489//2489 2488//2488 2424//2424
f 2424//2424 2488//2488 2423//2423
f 2488//2488 2487//2487 2423//2423
f 2433//2433 2497//2497 2432//2432
f 2423//2423 2487//2487 2422//2422
f 2498//2498 2497//2497 2433//2433
f 2499//2499 2498//2498 2434//2434
f 2444//2444 2508//2508 2443//2443
f 2508//2508 2507//2507 2443//2443
f 2443//2443 2507//2507 2442//2442
f 2507//2507 2506//2506 2442//2442
f 2442//2442 2506//2506 2441//2441
f 2506//2506 2505//2505 2441//2441
f 2441//2441 2505//2505 2440//2440
f 2505//2505 2504//2504 2440//2440
f 2440//2440 2504//2504 2439//2439
f 2504//2504 2503//2503 2439//2439
f 2439//2439 2503//2503 2438//2438
f 2503//2503 2502//2502 2438//2438
f 2438//2438 2502//2502 2437//2437
f 2502//2502 2501//2501 2437//2437
f 2437//2437 2501//2501 2436//2436
f 2501//2501 2500//2500 2436//2436
f 2372//2372 2436//2436 2435//2435
f 2436//2436 2499//2499 2435//2435
f 2435//2435 2499//2499 2434//2434
f 2434//2434 2498//2498 2433//2433
f 2509//2509 2508//2508 2444//2444
f 2487//2487 2486//2486 2422//2422
f 2486//2486 2485//2485 2421//2421
f 2474//2474 2473//2473 2409//2409
f 2409//2409 2473//2473 2408//2408
f 2473//2473 2472//2472 2408//2408
f 2408//2408 2472//2472 2407//2407
f 2472//2472 2471//2471 2407//2407
f 2407//2407 2471//2471 2406//2406
f 2471//2471 2470//2470 2406//2406
f 2406//2406 2470//2470 2405//2405
f 2470//2470 2469//2469 2405//2405
f 2405//2405 2469//2469 2404//2404
f 2469//2469 2468//2468 2404//2404
f 2404//2404 2468//2468 2403//2403
f 2468//2468 2467//2467 2403//2403
f 2403//2403 2467//2467 2402//2402
f 2467//2467 2466//2466 2402//2402
f 2402//2402 2466//2466 2401//2401
f 2466//2466 2465//2465 2401//2401
f 2401//2401 2465//2465 2400//2400
f 2465//2465 2464//2464 2400//2400
f 2410//2410 2474//2474 2409//2409
f 2422//2422 2486//2486 2421//2421
f 2475//2475 2474//2474 2410//2410
f 2476//2476 2475//2475 2411//2411
f 2421//2421 2485//2485 2420//2420
f 2485//2485 2484//2484 2420//2420
f 2420//2420 2484//2484 2419//2419
f 2484//2484 2483//2483 2419//2419
f 2419//2419 2483//2483 2418//2418
f 2483//2483 2482//2482 2418//2418
f 2418//2418 2482//2482 2417//2417
f 2482//2482 2481//2481 2417//2417
f 2417//2417 2481//2481 2416//2416
f 2481//2481 2480//2480 2416//2416
f 2416//2416 2480//2480 2415//2415
f 2480//2480 2479//2479 2415//2415
f 2415//2415 2479//2479 2414//2414
f 2479//2479 2478//2478 2414//2414
f 2414//2414 2478//2478 2413//2413
f 2478//2478 2477//2477 2413//2413
f 2413//2413 2477//2477 2412//2412
f 2477//2477 2476//2476 2412//2412
f 2412//2412 2476//2476 2411//2411
f 2411//2411 2475//2475 2410//2410
f 2400//2400 2464//2464 2399//2399
f 2445//2445 2509//2509 2444//2444
f 2446//2446 2510//2510 2445//2445
f 2543//2543 2542//2542 2478//2478
f 2478//2478 2542//2542 2477//2477
f 2542//2542 2541//2541 2477//2477
f 2477//2477 2541//2541 2476//2476
f 2541//2541 2540//2540 2476//2476
f 2476//2476 2540//2540 2475//2475
f 2540//2540 2539//2539 2475//2475
f 2475//2475 2539//2539 2474//2474
f 2539//2539 2538//2538 2474//2474
f 2474//2474 2538//2538 2473//2473
f 2538//2538 2537//2537 2473//2473
f 2473//2473 2537//2537 2472//2472
f 2537//2537 2536//2536 2472//2472
f 2472//2472 2536//2536 2471//2471
f 2536//2536 2535//2535 2471//2471
f 2471//2471 2535//2535 2470//2470
f 2535//2535 2534//2534 2470//2470
f 2470//2470 2534//2534 2469//2469
f 2534//2534 2533//2533 2469//2469
f 2479//2479 2543//2543 2478//2478
f 2469//2469 2533//2533 2468//2468
f 2544//2544 2543//2543 2479//2479
f 2545//2545 2544//2544 2480//2480
f 2490//2490 2554//2554 2489//2489
f 2554//2554 2553//2553 2489//2489
f 2489//2489 2553//2553 2488//2488
f 2553//2553 2552//2552 2488//2488
f 2488//2488 2552//2552 2487//2487
f 2552//2552 2551//2551 2487//2487
f 2487//2487 2551//2551 2486//2486
f 2551//2551 2550//2550 2486//2486
f 2486//2486 2550//2550 2485//2485
f 2550//2550 2549//2549 2485//2485
f 2485//2485 2549//2549 2484//2484
f 2549//2549 2548//2548 2484//2484
f 2484//2484 2548//2548 2483//2483
f 2548//2548 2547//2547 2483//2483
f 2483//2483 2547//2547 2482//2482
f 2547//2547 2546//2546 2482//2482
f 2482//2482 2546//2546 2481//2481
f 2546//2546 2545//2545 2481//2481
f 2481//2481 2545//2545 2480//2480
f 2480//2480 2544//2544 2479//2479
f 2510//2510 2509//2509 2445//2445
f 2533//2533 2532//2532 2468//2468
f 2532//2532 2531//2531 2467//2467
f 2520//2520 2519//2519 2455//2455
f 2455//2455 2519//2519 2454//2454
f 2519//2519 2518//2518 2454//2454
f 2454//2454 2518//2518 2453//2453
f 2518//2518 2517//2517 2453//2453
f 2453//2453 2517//2517 2452//2452
f 2517//2517 2516//2516 2452//2452
f 2452//2452 2516//2516 2451//2451
f 2516//2516 2515//2515 2451//2451
f 2451//2451 2515//2515 2450//2450
f 2515//2515 2514//2514 2450//2450
f 2450//2450 2514//2514 2449//2449
f 2514//2514 2513//2513 2449//2449
f 2449//2449 2513//2513 2448//2448
f 2513//2513 2512//2512 2448//2448
f 2448//2448 2512//2512 2447//2447
f 2512//2512 2511//2511 2447//2447
f 2447//2447 2511//2511 2446//2446
f 2511//2511 2510//2510 2446//2446
f 2456//2456 2520//2520 2455//2455
f 2468//2468 2532//2532 2467//2467
f 2521//2521 2520//2520 2456//2456
f 2522//2522 2521//2521 2457//2457
f 2467//2467 2531//2531 2466//2466
f 2531//2531 2530//2530 2466//2466
f 2466//2466 2530//2530 2465//2465
f 2530//2530 2529//2529 2465//2465
f 2465//2465 2529//2529 2464//2464
f 2529//2529 2528//2528 2464//2464
f 2464//2464 2528//2528 2463//2463
f 2528//2528 2527//2527 2463//2463
f 2463//2463 2527//2527 2462//2462
f 2527//2527 2526//2526 2462//2462
f 2462//2462 2526//2526 2461//2461
f 2526//2526 2525//2525 2461//2461
f 2461//2461 2525//2525 2460//2460
f 2525//2525 2524//2524 2460//2460
f 2460//2460 2524//2524 2459//2459
f 2524//2524 2523//2523 2459//2459
f 2459//2459 2523//2523 2458//2458
f 2523//2523 2522//2522 2458//2458
f 2458//2458 2522//2522 2457//2457
f 2457//2457 2521//2521 2456//2456
f 2555//2555 2554//2554 2490//2490
f 2464//2464 2463//2463 2399//2399
f 2463//2463 2462//2462 2398//2398
f 2405//2405 2404//2404 2340//2340
f 2340//2340 2404//2404 2339//2339
f 2404//2404 2403//2403 2339//2339
f 2339//2339 2403//2403 2338//2338
f 2403//2403 2402//2402 2338//2338
f 2338//2338 2402//2402 2337//2337
f 2402//2402 2401//2401 2337//2337
f 2337//2337 2401//2401 2336//2336
f 2401//2401 2400//2400 2336//2336
f 2336//2336 2400//2400 2335//2335
f 2400//2400 2399//2399 2335//2335
f 2335//2335 2399//2399 2334//2334
f 2399//2399 2398//2398 2334//2334
f 2334//2334 2398//2398 2333//2333
f 2398//2398 2397//2397 2333//2333
f 2333//2333 2397//2397 2332//2332
f 2397//2397 2396//2396 2332//2332
f 2332//2332 2396//2396 2331//2331
f 2396//2396 2395//2395 2331//2331
f 2341//2341 2405//2405 2340//2340
f 2331//2331 2395//2395 2330//2330
f 2406//2406 2405//2405 2341//2341
f 2407//2407 2406//2406 2342//2342
f 2352//2352 2416//2416 2351//2351
f 2416//2416 2415//2415 2351//2351
f 2351//2351 2415//2415 2350//2350
f 2415//2415 2414//2414 2350//2350
f 2350//2350 2414//2414 2349//2349
f 2414//2414 2413//2413 2349//2349
f 2349//2349 2413//2413 2348//2348
f 2413//2413 2412//2412 2348//2348
f 2348//2348 2412//2412 2347//2347
f 2412//2412 2411//2411 2347//2347
f 2347//2347 2411//2411 2346//2346
f 2411//2411 2410//2410 2346//2346
f 2346//2346 2410//2410 2345//2345
f 2410//2410 2409//2409 2345//2345
f 2345//2345 2409//2409 2344//2344
f 2409//2409 2408//2408 2344//2344
f 2344//2344 2408//2408 2343//2343
f 2408//2408 2407//2407 2343//2343
f 2343//2343 2407//2407 2342//2342
f 2342//2342 2406//2406 2341//2341
f 2417//2417 2416//2416 2352//2352
f 2395//2395 2394//2394 2330//2330
f 2394//2394 2393//2393 2329//2329
f 2382//2382 2381//2381 2317//2317
f 2317//2317 2381//2381 2316//2316
f 2381//2381 2380//2380 2316//2316
f 2316//2316 2380//2380 2315//2315
f 2380//2380 2379//2379 2315//2315
f 2315//2315 2379//2379 2314//2314
f 2379//2379 2378//2378 2314//2314
f 2314//2314 2378//2378 2313//2313
f 2378//2378 2377//2377 2313//2313
f 2313//2313 2377//2377 2312//2312
f 2377//2377 2376//2376 2312//2312
f 2312//2312 2376//2376 2311//2311
f 2376//2376 2375//2375 2311//2311
f 2311//2311 2375//2375 2310//2310
f 2375//2375 2374//2374 2310//2310
f 2310//2310 2374//2374 2309//2309
f 2374//2374 2373//2373 2309//2309
f 2309//2309 2373//2373 2308//2308
f 2373//2373 2372//2372 2308//2308
f 2318//2318 2382//2382 2317//2317
f 2330//2330 2394//2394 2329//2329
f 2383//2383 2382//2382 2318//2318
f 2384//2384 2383//2383 2319//2319
f 2329//2329 2393//2393 2328//2328
f 2393//2393 2392//2392 2328//2328
f 2328//2328 2392//2392 2327//2327
f 2392//2392 2391//2391 2327//2327
f 2327//2327 2391//2391 2326//2326
f 2391//2391 2390//2390 2326//2326
f 2326//2326 2390//2390 2325//2325
f 2390//2390 2389//2389 2325//2325
f 2325//2325 2389//2389 2324//2324
f 2389//2389 2388//2388 2324//2324
f 2324//2324 2388//2388 2323//2323
f 2388//2388 2387//2387 2323//2323
f 2323//2323 2387//2387 2322//2322
f 2387//2387 2386//2386 2322//2322
f 2322//2322 2386//2386 2321//2321
f 2386//2386 2385//2385 2321//2321
f 2321//2321 2385//2385 2320//2320
f 2385//2385 2384//2384 2320//2320
f 2320//2320 2384//2384 2319//2319
f 2319//2319 2383//2383 2318//2318
f 2399//2399 2463//2463 2398//2398
f 2353//2353 2417//2417 2352//2352
f 2354//2354 2418//2418 2353//2353
f 2451//2451 2450//2450 2386//2386
f 2386//2386 2450//2450 2385//2385
f 2450//2450 2449//2449 2385//2385
f 2385//2385 2449//2449 2384//2384
f 2449//2449 2448//2448 2384//2384
f 2384//2384 2448//2448 2383//2383
f 2448//2448 2447//2447 2383//2383
f 2383//2383 2447//2447 2382//2382
f 2447//2447 2446//2446 2382//2382
f 2382//2382 2446//2446 2381//2381
f 2446//2446 2445//2445 2381//2381
f 2381//2381 2445//2445 2380//2380
f 2445//2445 2444//2444 2380//2380
f 2380//2380 2444//2444 2379//2379
f 2444//2444 2443//2443 2379//2379
f 2379//2379 2443//2443 2378//2378
f 2443//2443 2442//2442 2378//2378
f 2378//2378 2442//2442 2377//2377
f 2442//2442 2441//2441 2377//2377
f 2387//2387 2451//2451 2386//2386
f 2377//2377 2441//2441 2376//2376
f 2452//2452 2451//2451 2387//2387
f 2453//2453 2452//2452 2388//2388
f 2398//2398 2462//2462 2397//2397
f 2462//2462 2461//2461 2397//2397
f 2397//2397 2461//2461 2396//2396
f 2461//2461 2460//2460 2396//2396
f 2396//2396 2460//2460 2395//2395
f 2460//2460 2459//2459 2395//2395
f 2395//2395 2459//2459 2394//2394
f 2459//2459 2458//2458 2394//2394
f 2394//2394 2458//2458 2393//2393
f 2458//2458 2457//2457 2393//2393
f 2393//2393 2457//2457 2392//2392
f 2457//2457 2456//2456 2392//2392
f 2392//2392 2456//2456 2391//2391
f 2456//2456 2455//2455 2391//2391
f 2391//2391 2455//2455 2390//2390
f 2455//2455 2454//2454 2390//2390
f 2390//2390 2454//2454 2389//2389
f 2454//2454 2453//2453 2389//2389
f 2389//2389 2453//2453 2388//2388
f 2388//2388 2452//2452 2387//2387
f 2418//2418 2417//2417 2353//2353
f 2441//2441 2440//2440 2376//2376
f 2440//2440 2439//2439 2375//2375
f 2428//2428 2427//2427 2363//2363
f 2363//2363 2427//2427 2362//2362
f 2427//2427 2426//2426 2362//2362
f 2362//2362 2426//2426 2361//2361
f 2426//2426 2425//2425 2361//2361
f 2361//2361 2425//2425 2360//2360
f 2425//2425 2424//2424 2360//2360
f 2360//2360 2424//2424 2359//2359
f 2424//2424 2423//2423 2359//2359
f 2359//2359 2423//2423 2358//2358
f 2423//2423 2422//2422 2358//2358
f 2358//2358 2422//2422 2357//2357
f 2422//2422 2421//2421 2357//2357
f 2357//2357 2421//2421 2356//2356
f 2421//2421 2420//2420 2356//2356
f 2356//2356 2420//2420 2355//2355
f 2420//2420 2419//2419 2355//2355
f 2355//2355 2419//2419 2354//2354
f 2419//2419 2418//2418 2354//2354
f 2364//2364 2428//2428 2363//2363
f 2376//2376 2440//2440 2375//2375
f 2429//2429 2428//2428 2364//2364
f 2430//2430 2429//2429 2365//2365
f 2375//2375 2439//2439 2374//2374
f 2439//2439 2438//2438 2374//2374
f 2374//2374 2438//2438 2373//2373
f 2438//2438 2437//2437 2373//2373
f 2373//2373 2437//2437 2372//2372
f 2437//2437 2436//2436 2372//2372
f 2308//2308 2372//2372 2371//2371
f 2372//2372 2435//2435 2371//2371
f 2371//2371 2435//2435 2370//2370
f 2435//2435 2434//2434 2370//2370
f 2370//2370 2434//2434 2369//2369
f 2434//2434 2433//2433 2369//2369
f 2369//2369 2433//2433 2368//2368
f 2433//2433 2432//2432 2368//2368
f 2368//2368 2432//2432 2367//2367
f 2432//2432 2431//2431 2367//2367
f 2367//2367 2431//2431 2366//2366
f 2431//2431 2430//2430 2366//2366
f 2366//2366 2430//2430 2365//2365
f 2365//2365 2429//2429 2364//2364
f 2491//2491 2555//2555 2490//2490
f 2556//2556 2555//2555 2491//2491
f 2492//2492 2556//2556 2491//2491
f 2617//2617 2681//2681 2616//2616
f 2681//2681 2680//2680 2616//2616
f 2616//2616 2680//2680 2615//2615
f 2680//2680 2679//2679 2615//2615
f 2615//2615 2679//2679 2614//2614
f 2679//2679 2678//2678 2614//2614
f 2614//2614 2678//2678 2613//2613
f 2678//2678 2677//2677 2613//2613
f 2613//2613 2677//2677 2612//2612
f 2677//2677 2676//2676 2612//2612
f 2612//2612 2676//2676 2611//2611
f 2676//2676 2675//2675 2611//2611
f 2611//2611 2675//2675 2610//2610
f 2675//2675 2674//2674 2610//2610
f 2610//2610 2674//2674 2609//2609
f 2674//2674 2673//2673 2609//2609
f 2609//2609 2673//2673 2608//2608
f 2673//2673 2672//2672 2608//2608
f 2608//2608 2672//2672 2607//2607
f 2682//2682 2681//2681 2617//2617
f 2672//2672 2671//2671 2607//2607
f 2618//2618 2682//2682 2617//2617
f 2619//2619 2683//2683 2618//2618
f 2693//2693 2692//2692 2628//2628
f 2564//2564 2628//2628 2627//2627
f 2628//2628 2691//2691 2627//2627
f 2627//2627 2691//2691 2626//2626
f 2691//2691 2690//2690 2626//2626
f 2626//2626 2690//2690 2625//2625
f 2690//2690 2689//2689 2625//2625
f 2625//2625 2689//2689 2624//2624
f 2689//2689 2688//2688 2624//2624
f 2624//2624 2688//2688 2623//2623
f 2688//2688 2687//2687 2623//2623
f 2623//2623 2687//2687 2622//2622
f 2687//2687 2686//2686 2622//2622
f 2622//2622 2686//2686 2621//2621
f 2686//2686 2685//2685 2621//2621
f 2621//2621 2685//2685 2620//2620
f 2685//2685 2684//2684 2620//2620
f 2620//2620 2684//2684 2619//2619
f 2684//2684 2683//2683 2619//2619
f 2683//2683 2682//2682 2618//2618
f 2629//2629 2693//2693 2628//2628
f 2607//2607 2671//2671 2606//2606
f 2606//2606 2670//2670 2605//2605
f 2594//2594 2658//2658 2593//2593
f 2658//2658 2657//2657 2593//2593
f 2593//2593 2657//2657 2592//2592
f 2657//2657 2656//2656 2592//2592
f 2592//2592 2656//2656 2591//2591
f 2656//2656 2655//2655 2591//2591
f 2591//2591 2655//2655 2590//2590
f 2655//2655 2654//2654 2590//2590
f 2590//2590 2654//2654 2589//2589
f 2654//2654 2653//2653 2589//2589
f 2589//2589 2653//2653 2588//2588
f 2653//2653 2652//2652 2588//2588
f 2588//2588 2652//2652 2587//2587
f 2652//2652 2651//2651 2587//2587
f 2587//2587 2651//2651 2586//2586
f 2651//2651 2650//2650 2586//2586
f 2586//2586 2650//2650 2585//2585
f 2650//2650 2649//2649 2585//2585
f 2585//2585 2649//2649 2584//2584
f 2659//2659 2658//2658 2594//2594
f 2671//2671 2670//2670 2606//2606
f 2595//2595 2659//2659 2594//2594
f 2596//2596 2660//2660 2595//2595
f 2670//2670 2669//2669 2605//2605
f 2605//2605 2669//2669 2604//2604
f 2669//2669 2668//2668 2604//2604
f 2604//2604 2668//2668 2603//2603
f 2668//2668 2667//2667 2603//2603
f 2603//2603 2667//2667 2602//2602
f 2667//2667 2666//2666 2602//2602
f 2602//2602 2666//2666 2601//2601
f 2666//2666 2665//2665 2601//2601
f 2601//2601 2665//2665 2600//2600
f 2665//2665 2664//2664 2600//2600
f 2600//2600 2664//2664 2599//2599
f 2664//2664 2663//2663 2599//2599
f 2599//2599 2663//2663 2598//2598
f 2663//2663 2662//2662 2598//2598
f 2598//2598 2662//2662 2597//2597
f 2662//2662 2661//2661 2597//2597
f 2597//2597 2661//2661 2596//2596
f 2661//2661 2660//2660 2596//2596
f 2660//2660 2659//2659 2595//2595
f 2649//2649 2648//2648 2584//2584
f 2694//2694 2693//2693 2629//2629
f 2695//2695 2694//2694 2630//2630
f 2663//2663 2727//2727 2662//2662
f 2727//2727 2726//2726 2662//2662
f 2662//2662 2726//2726 2661//2661
f 2726//2726 2725//2725 2661//2661
f 2661//2661 2725//2725 2660//2660
f 3075//3075 3076//3076 3074//3074
f 2660//2660 2724//2724 2659//2659
f 2724//2724 2723//2723 2659//2659
f 2659//2659 2723//2723 2658//2658
f 2723//2723 2722//2722 2658//2658
f 2658//2658 2722//2722 2657//2657
f 2722//2722 2721//2721 2657//2657
f 2657//2657 2721//2721 2656//2656
f 2721//2721 2720//2720 2656//2656
f 2656//2656 2720//2720 2655//2655
f 2720//2720 2719//2719 2655//2655
f 2655//2655 2719//2719 2654//2654
f 2719//2719 2718//2718 2654//2654
f 2654//2654 2718//2718 2653//2653
f 2728//2728 2727//2727 2663//2663
f 2718//2718 2717//2717 2653//2653
f 2664//2664 2728//2728 2663//2663
f 2665//2665 2729//2729 2664//2664
f 2739//2739 2738//2738 2674//2674
f 2674//2674 2738//2738 2673//2673
f 2738//2738 2737//2737 2673//2673
f 2673//2673 2737//2737 2672//2672
f 2737//2737 2736//2736 2672//2672
f 2672//2672 2736//2736 2671//2671
f 2736//2736 2735//2735 2671//2671
f 2671//2671 2735//2735 2670//2670
f 2735//2735 2734//2734 2670//2670
f 2670//2670 2734//2734 2669//2669
f 2734//2734 2733//2733 2669//2669
f 2669//2669 2733//2733 2668//2668
f 2733//2733 2732//2732 2668//2668
f 2668//2668 2732//2732 2667//2667
f 2732//2732 2731//2731 2667//2667
f 2667//2667 2731//2731 2666//2666
f 2731//2731 2730//2730 2666//2666
f 2666//2666 2730//2730 2665//2665
f 2730//2730 2729//2729 2665//2665
f 2729//2729 2728//2728 2664//2664
f 2630//2630 2694//2694 2629//2629
f 2653//2653 2717//2717 2652//2652
f 2652//2652 2716//2716 2651//2651
f 2640//2640 2704//2704 2639//2639
f 2704//2704 2703//2703 2639//2639
f 2639//2639 2703//2703 2638//2638
f 2703//2703 2702//2702 2638//2638
f 2638//2638 2702//2702 2637//2637
f 2702//2702 2701//2701 2637//2637
f 2637//2637 2701//2701 2636//2636
f 2701//2701 2700//2700 2636//2636
f 2636//2636 2700//2700 2635//2635
f 2700//2700 2699//2699 2635//2635
f 2635//2635 2699//2699 2634//2634
f 2699//2699 2698//2698 2634//2634
f 2634//2634 2698//2698 2633//2633
f 2698//2698 2697//2697 2633//2633
f 2633//2633 2697//2697 2632//2632
f 2697//2697 2696//2696 2632//2632
f 2632//2632 2696//2696 2631//2631
f 2696//2696 2695//2695 2631//2631
f 2631//2631 2695//2695 2630//2630
f 2705//2705 2704//2704 2640//2640
f 2717//2717 2716//2716 2652//2652
f 2641//2641 2705//2705 2640//2640
f 2642//2642 2706//2706 2641//2641
f 2716//2716 2715//2715 2651//2651
f 2651//2651 2715//2715 2650//2650
f 2715//2715 2714//2714 2650//2650
f 2650//2650 2714//2714 2649//2649
f 2714//2714 2713//2713 2649//2649
f 2649//2649 2713//2713 2648//2648
f 2713//2713 2712//2712 2648//2648
f 2648//2648 2712//2712 2647//2647
f 2712//2712 2711//2711 2647//2647
f 2647//2647 2711//2711 2646//2646
f 2711//2711 2710//2710 2646//2646
f 2646//2646 2710//2710 2645//2645
f 2710//2710 2709//2709 2645//2645
f 2645//2645 2709//2709 2644//2644
f 2709//2709 2708//2708 2644//2644
f 2644//2644 2708//2708 2643//2643
f 2708//2708 2707//2707 2643//2643
f 2643//2643 2707//2707 2642//2642
f 2707//2707 2706//2706 2642//2642
f 2706//2706 2705//2705 2641//2641
f 2584//2584 2648//2648 2583//2583
f 2648//2648 2647//2647 2583//2583
f 2583//2583 2647//2647 2582//2582
f 2589//2589 2588//2588 2524//2524
f 2524//2524 2588//2588 2523//2523
f 2588//2588 2587//2587 2523//2523
f 2523//2523 2587//2587 2522//2522
f 2587//2587 2586//2586 2522//2522
f 2522//2522 2586//2586 2521//2521
f 2586//2586 2585//2585 2521//2521
f 2521//2521 2585//2585 2520//2520
f 2585//2585 2584//2584 2520//2520
f 2520//2520 2584//2584 2519//2519
f 2584//2584 2583//2583 2519//2519
f 2519//2519 2583//2583 2518//2518
f 2583//2583 2582//2582 2518//2518
f 2518//2518 2582//2582 2517//2517
f 2582//2582 2581//2581 2517//2517
f 2517//2517 2581//2581 2516//2516
f 2581//2581 2580//2580 2516//2516
f 2516//2516 2580//2580 2515//2515
f 2580//2580 2579//2579 2515//2515
f 2525//2525 2589//2589 2524//2524
f 2515//2515 2579//2579 2514//2514
f 2590//2590 2589//2589 2525//2525
f 2591//2591 2590//2590 2526//2526
f 2536//2536 2600//2600 2535//2535
f 2600//2600 2599//2599 2535//2535
f 2535//2535 2599//2599 2534//2534
f 2599//2599 2598//2598 2534//2534
f 2534//2534 2598//2598 2533//2533
f 2598//2598 2597//2597 2533//2533
f 2533//2533 2597//2597 2532//2532
f 2597//2597 2596//2596 2532//2532
f 2532//2532 2596//2596 2531//2531
f 2596//2596 2595//2595 2531//2531
f 2531//2531 2595//2595 2530//2530
f 2595//2595 2594//2594 2530//2530
f 2530//2530 2594//2594 2529//2529
f 2594//2594 2593//2593 2529//2529
f 2529//2529 2593//2593 2528//2528
f 2593//2593 2592//2592 2528//2528
f 2528//2528 2592//2592 2527//2527
f 2592//2592 2591//2591 2527//2527
f 2527//2527 2591//2591 2526//2526
f 2526//2526 2590//2590 2525//2525
f 2601//2601 2600//2600 2536//2536
f 2579//2579 2578//2578 2514//2514
f 2578//2578 2577//2577 2513//2513
f 2566//2566 2565//2565 2501//2501
f 2501//2501 2565//2565 2500//2500
f 2565//2565 2564//2564 2500//2500
f 2436//2436 2500//2500 2499//2499
f 2500//2500 2563//2563 2499//2499
f 2499//2499 2563//2563 2498//2498
f 2563//2563 2562//2562 2498//2498
f 2498//2498 2562//2562 2497//2497
f 2562//2562 2561//2561 2497//2497
f 2497//2497 2561//2561 2496//2496
f 2561//2561 2560//2560 2496//2496
f 2496//2496 2560//2560 2495//2495
f 2560//2560 2559//2559 2495//2495
f 2495//2495 2559//2559 2494//2494
f 2559//2559 2558//2558 2494//2494
f 2494//2494 2558//2558 2493//2493
f 2558//2558 2557//2557 2493//2493
f 2493//2493 2557//2557 2492//2492
f 2557//2557 2556//2556 2492//2492
f 2502//2502 2566//2566 2501//2501
f 2514//2514 2578//2578 2513//2513
f 2567//2567 2566//2566 2502//2502
f 2568//2568 2567//2567 2503//2503
f 2513//2513 2577//2577 2512//2512
f 2577//2577 2576//2576 2512//2512
f 2512//2512 2576//2576 2511//2511
f 2576//2576 2575//2575 2511//2511
f 2511//2511 2575//2575 2510//2510
f 2575//2575 2574//2574 2510//2510
f 2510//2510 2574//2574 2509//2509
f 2574//2574 2573//2573 2509//2509
f 2509//2509 2573//2573 2508//2508
f 2573//2573 2572//2572 2508//2508
f 2508//2508 2572//2572 2507//2507
f 2572//2572 2571//2571 2507//2507
f 2507//2507 2571//2571 2506//2506
f 2571//2571 2570//2570 2506//2506
f 2506//2506 2570//2570 2505//2505
f 2570//2570 2569//2569 2505//2505
f 2505//2505 2569//2569 2504//2504
f 2569//2569 2568//2568 2504//2504
f 2504//2504 2568//2568 2503//2503
f 2503//2503 2567//2567 2502//2502
f 2537//2537 2601//2601 2536//2536
f 2602//2602 2601//2601 2537//2537
f 2538//2538 2602//2602 2537//2537
f 2571//2571 2635//2635 2570//2570
f 2635//2635 2634//2634 2570//2570
f 2570//2570 2634//2634 2569//2569
f 2634//2634 2633//2633 2569//2569
f 2569//2569 2633//2633 2568//2568
f 2633//2633 2632//2632 2568//2568
f 2568//2568 2632//2632 2567//2567
f 2632//2632 2631//2631 2567//2567
f 2567//2567 2631//2631 2566//2566
f 2631//2631 2630//2630 2566//2566
f 2566//2566 2630//2630 2565//2565
f 2630//2630 2629//2629 2565//2565
f 2565//2565 2629//2629 2564//2564
f 2629//2629 2628//2628 2564//2564
f 2500//2500 2564//2564 2563//2563
f 2564//2564 2627//2627 2563//2563
f 2563//2563 2627//2627 2562//2562
f 2627//2627 2626//2626 2562//2562
f 2562//2562 2626//2626 2561//2561
f 2636//2636 2635//2635 2571//2571
f 2626//2626 2625//2625 2561//2561
f 2572//2572 2636//2636 2571//2571
f 2573//2573 2637//2637 2572//2572
f 2647//2647 2646//2646 2582//2582
f 2582//2582 2646//2646 2581//2581
f 2646//2646 2645//2645 2581//2581
f 2581//2581 2645//2645 2580//2580
f 2645//2645 2644//2644 2580//2580
f 2580//2580 2644//2644 2579//2579
f 2644//2644 2643//2643 2579//2579
f 2579//2579 2643//2643 2578//2578
f 2643//2643 2642//2642 2578//2578
f 2578//2578 2642//2642 2577//2577
f 2642//2642 2641//2641 2577//2577
f 2577//2577 2641//2641 2576//2576
f 2641//2641 2640//2640 2576//2576
f 2576//2576 2640//2640 2575//2575
f 2640//2640 2639//2639 2575//2575
f 2575//2575 2639//2639 2574//2574
f 2639//2639 2638//2638 2574//2574
f 2574//2574 2638//2638 2573//2573
f 2638//2638 2637//2637 2573//2573
f 2637//2637 2636//2636 2572//2572
f 2561//2561 2625//2625 2560//2560
f 2625//2625 2624//2624 2560//2560
f 2560//2560 2624//2624 2559//2559
f 2612//2612 2611//2611 2547//2547
f 2547//2547 2611//2611 2546//2546
f 2611//2611 2610//2610 2546//2546
f 2546//2546 2610//2610 2545//2545
f 2610//2610 2609//2609 2545//2545
f 2545//2545 2609//2609 2544//2544
f 2609//2609 2608//2608 2544//2544
f 2544//2544 2608//2608 2543//2543
f 2608//2608 2607//2607 2543//2543
f 2543//2543 2607//2607 2542//2542
f 2607//2607 2606//2606 2542//2542
f 2542//2542 2606//2606 2541//2541
f 2606//2606 2605//2605 2541//2541
f 2541//2541 2605//2605 2540//2540
f 2605//2605 2604//2604 2540//2540
f 2540//2540 2604//2604 2539//2539
f 2604//2604 2603//2603 2539//2539
f 2539//2539 2603//2603 2538//2538
f 2603//2603 2602//2602 2538//2538
f 2548//2548 2612//2612 2547//2547
f 2613//2613 2612//2612 2548//2548
f 2549//2549 2613//2613 2548//2548
f 2614//2614 2613//2613 2549//2549
f 2624//2624 2623//2623 2559//2559
f 2559//2559 2623//2623 2558//2558
f 2623//2623 2622//2622 2558//2558
f 2558//2558 2622//2622 2557//2557
f 2622//2622 2621//2621 2557//2557
f 2557//2557 2621//2621 2556//2556
f 2621//2621 2620//2620 2556//2556
f 2556//2556 2620//2620 2555//2555
f 2620//2620 2619//2619 2555//2555
f 2740//2740 2739//2739 2675//2675
f 2555//2555 2619//2619 2554//2554
f 2554//2554 2618//2618 2553//2553
f 2618//2618 2617//2617 2553//2553
f 2553//2553 2617//2617 2552//2552
f 2617//2617 2616//2616 2552//2552
f 2552//2552 2616//2616 2551//2551
f 2616//2616 2615//2615 2551//2551
f 2551//2551 2615//2615 2550//2550
f 2615//2615 2614//2614 2550//2550
f 2550//2550 2614//2614 2549//2549
f 2619//2619 2618//2618 2554//2554
f 3012//3012 3076//3076 3075//3075
