# Independent procedural camera geometry; meters; Z up
o rear_brand
v -0.0108850000 -0.0008773196 0.0586956250
v -0.0108850000 0.0008737436 0.0586956250
v -0.0108850000 0.0008737436 0.0589352191
v -0.0108850000 -0.0008773196 0.0589352191
v -0.0108970000 -0.0008773196 0.0586956250
v -0.0108970000 0.0008737436 0.0586956250
v -0.0108970000 0.0008737436 0.0589352191
v -0.0108970000 -0.0008773196 0.0589352191
v -0.0108850000 -0.0002640064 0.0580987139
v -0.0108850000 -0.0002832574 0.0580800590
v -0.0108850000 -0.0003012448 0.0580611894
v -0.0108850000 -0.0003179687 0.0580421053
v -0.0108850000 -0.0003334291 0.0580228067
v -0.0108850000 -0.0003476260 0.0580032935
v -0.0108850000 -0.0003605593 0.0579835657
v -0.0108850000 -0.0003722291 0.0579636234
v -0.0108850000 -0.0003826353 0.0579434665
v -0.0108850000 -0.0003919211 0.0579229758
v -0.0108850000 -0.0004002294 0.0579020322
v -0.0108850000 -0.0004075602 0.0578806356
v -0.0108850000 -0.0004139137 0.0578587861
v -0.0108850000 -0.0004192896 0.0578364836
v -0.0108850000 -0.0004236881 0.0578137281
v -0.0108850000 -0.0004271092 0.0577905197
v -0.0108850000 -0.0004295528 0.0577668582
v -0.0108850000 -0.0004310190 0.0577427439
v -0.0108850000 -0.0004315077 0.0577181765
v -0.0108850000 -0.0004296124 0.0576655851
v -0.0108850000 -0.0004239265 0.0576165219
v -0.0108850000 -0.0004144501 0.0575709871
v -0.0108850000 -0.0004011830 0.0575289807
v -0.0108850000 -0.0003841253 0.0574905026
v -0.0108850000 -0.0003632771 0.0574555528
v -0.0108850000 -0.0003386382 0.0574241314
v -0.0108850000 -0.0003102088 0.0573962384
v -0.0108850000 -0.0002779887 0.0573718737
v -0.0108850000 -0.0002419781 0.0573510374
v -0.0108850000 -0.0002203431 0.0573410722
v -0.0108850000 -0.0001969201 0.0573321559
v -0.0108850000 -0.0001717091 0.0573242887
v -0.0108850000 -0.0001447101 0.0573174704
v -0.0108850000 -0.0001159230 0.0573117010
v -0.0108850000 -0.0000853479 0.0573069807
v -0.0108850000 -0.0000529849 0.0573033093
v -0.0108850000 -0.0000188338 0.0573006869
v -0.0108850000 0.0000171053 0.0572991134
v -0.0108850000 0.0000548325 0.0572985889
v -0.0108850000 0.0008737436 0.0572985889
v -0.0108850000 0.0008737436 0.0575167268
v -0.0108850000 0.0000691366 0.0575167268
v -0.0108850000 0.0000462262 0.0575170725
v -0.0108850000 0.0000242216 0.0575181095
v -0.0108850000 0.0000031231 0.0575198380
v -0.0108850000 -0.0000170696 0.0575222577
v -0.0108850000 -0.0000363563 0.0575253689
v -0.0108850000 -0.0000547371 0.0575291714
v -0.0108850000 -0.0000722120 0.0575336653
v -0.0108850000 -0.0000887809 0.0575388505
v -0.0108850000 -0.0001044439 0.0575447271
v -0.0108850000 -0.0001192010 0.0575512951
v -0.0108850000 -0.0001418492 0.0575636682
v -0.0108850000 -0.0001621134 0.0575779008
v -0.0108850000 -0.0001799936 0.0575939929
v -0.0108850000 -0.0001954897 0.0576119446
v -0.0108850000 -0.0002086018 0.0576317558
v -0.0108850000 -0.0002193299 0.0576534265
v -0.0108850000 -0.0002276740 0.0576769568
v -0.0108850000 -0.0002336340 0.0577023466
v -0.0108850000 -0.0002372101 0.0577295960
v -0.0108850000 -0.0002384021 0.0577587049
v -0.0108850000 -0.0002382471 0.0577736885
v -0.0108850000 -0.0002377822 0.0577881237
v -0.0108850000 -0.0002370074 0.0578020106
v -0.0108850000 -0.0002359227 0.0578153492
v -0.0108850000 -0.0002345280 0.0578281395
v -0.0108850000 -0.0002328235 0.0578403814
v -0.0108850000 -0.0002308090 0.0578520751
v -0.0108850000 -0.0002284845 0.0578632204
v -0.0108850000 -0.0002258502 0.0578738173
v -0.0108850000 -0.0002229059 0.0578838660
v -0.0108850000 -0.0002171366 0.0579012932
v -0.0108850000 -0.0002103183 0.0579182912
v -0.0108850000 -0.0002024510 0.0579348602
v -0.0108850000 -0.0001935348 0.0579510000
v -0.0108850000 -0.0001835696 0.0579667107
v -0.0108850000 -0.0001725554 0.0579819923
v -0.0108850000 -0.0001604923 0.0579968447
v -0.0108850000 -0.0001473802 0.0580112680
v -0.0108850000 -0.0001332191 0.0580252622
v -0.0108850000 -0.0001180090 0.0580388273
v -0.0108850000 -0.0001053320 0.0580491799
v -0.0108850000 -0.0000925715 0.0580587816
v -0.0108850000 -0.0000797276 0.0580676322
v -0.0108850000 -0.0000668003 0.0580757320
v -0.0108850000 -0.0000537895 0.0580830807
v -0.0108850000 -0.0000406952 0.0580896785
v -0.0108850000 -0.0000275176 0.0580955253
v -0.0108850000 -0.0000142564 0.0581006211
v -0.0108850000 -0.0000009119 0.0581049660
v -0.0108850000 0.0000125161 0.0581085599
v -0.0108850000 0.0000265639 0.0581116174
v -0.0108850000 0.0000417680 0.0581143531
v -0.0108850000 0.0000581284 0.0581167669
v -0.0108850000 0.0000756450 0.0581188589
v -0.0108850000 0.0000943178 0.0581206290
v -0.0108850000 0.0001141469 0.0581220773
v -0.0108850000 0.0001351322 0.0581232038
v -0.0108850000 0.0001572738 0.0581240084
v -0.0108850000 0.0001805717 0.0581244911
v -0.0108850000 0.0002050258 0.0581246521
v -0.0108850000 0.0008737436 0.0581246521
v -0.0108850000 0.0008737436 0.0583392139
v -0.0108850000 -0.0004028995 0.0583392139
v -0.0108850000 -0.0004028995 0.0581353802
v -0.0108850000 -0.0002217139 0.0581353802
v -0.0108850000 -0.0002434919 0.0581171543
v -0.0108970000 -0.0002640064 0.0580987139
v -0.0108970000 -0.0002832574 0.0580800590
v -0.0108970000 -0.0003012448 0.0580611894
v -0.0108970000 -0.0003179687 0.0580421053
v -0.0108970000 -0.0003334291 0.0580228067
v -0.0108970000 -0.0003476260 0.0580032935
v -0.0108970000 -0.0003605593 0.0579835657
v -0.0108970000 -0.0003722291 0.0579636234
v -0.0108970000 -0.0003826353 0.0579434665
v -0.0108970000 -0.0003919211 0.0579229758
v -0.0108970000 -0.0004002294 0.0579020322
v -0.0108970000 -0.0004075602 0.0578806356
v -0.0108970000 -0.0004139137 0.0578587861
v -0.0108970000 -0.0004192896 0.0578364836
v -0.0108970000 -0.0004236881 0.0578137281
v -0.0108970000 -0.0004271092 0.0577905197
v -0.0108970000 -0.0004295528 0.0577668582
v -0.0108970000 -0.0004310190 0.0577427439
v -0.0108970000 -0.0004315077 0.0577181765
v -0.0108970000 -0.0004296124 0.0576655851
v -0.0108970000 -0.0004239265 0.0576165219
v -0.0108970000 -0.0004144501 0.0575709871
v -0.0108970000 -0.0004011830 0.0575289807
v -0.0108970000 -0.0003841253 0.0574905026
v -0.0108970000 -0.0003632771 0.0574555528
v -0.0108970000 -0.0003386382 0.0574241314
v -0.0108970000 -0.0003102088 0.0573962384
v -0.0108970000 -0.0002779887 0.0573718737
v -0.0108970000 -0.0002419781 0.0573510374
v -0.0108970000 -0.0002203431 0.0573410722
v -0.0108970000 -0.0001969201 0.0573321559
v -0.0108970000 -0.0001717091 0.0573242887
v -0.0108970000 -0.0001447101 0.0573174704
v -0.0108970000 -0.0001159230 0.0573117010
v -0.0108970000 -0.0000853479 0.0573069807
v -0.0108970000 -0.0000529849 0.0573033093
v -0.0108970000 -0.0000188338 0.0573006869
v -0.0108970000 0.0000171053 0.0572991134
v -0.0108970000 0.0000548325 0.0572985889
v -0.0108970000 0.0008737436 0.0572985889
v -0.0108970000 0.0008737436 0.0575167268
v -0.0108970000 0.0000691366 0.0575167268
v -0.0108970000 0.0000462262 0.0575170725
v -0.0108970000 0.0000242216 0.0575181095
v -0.0108970000 0.0000031231 0.0575198380
v -0.0108970000 -0.0000170696 0.0575222577
v -0.0108970000 -0.0000363563 0.0575253689
v -0.0108970000 -0.0000547371 0.0575291714
v -0.0108970000 -0.0000722120 0.0575336653
v -0.0108970000 -0.0000887809 0.0575388505
v -0.0108970000 -0.0001044439 0.0575447271
v -0.0108970000 -0.0001192010 0.0575512951
v -0.0108970000 -0.0001418492 0.0575636682
v -0.0108970000 -0.0001621134 0.0575779008
v -0.0108970000 -0.0001799936 0.0575939929
v -0.0108970000 -0.0001954897 0.0576119446
v -0.0108970000 -0.0002086018 0.0576317558
v -0.0108970000 -0.0002193299 0.0576534265
v -0.0108970000 -0.0002276740 0.0576769568
v -0.0108970000 -0.0002336340 0.0577023466
v -0.0108970000 -0.0002372101 0.0577295960
v -0.0108970000 -0.0002384021 0.0577587049
v -0.0108970000 -0.0002382471 0.0577736885
v -0.0108970000 -0.0002377822 0.0577881237
v -0.0108970000 -0.0002370074 0.0578020106
v -0.0108970000 -0.0002359227 0.0578153492
v -0.0108970000 -0.0002345280 0.0578281395
v -0.0108970000 -0.0002328235 0.0578403814
v -0.0108970000 -0.0002308090 0.0578520751
v -0.0108970000 -0.0002284845 0.0578632204
v -0.0108970000 -0.0002258502 0.0578738173
v -0.0108970000 -0.0002229059 0.0578838660
v -0.0108970000 -0.0002171366 0.0579012932
v -0.0108970000 -0.0002103183 0.0579182912
v -0.0108970000 -0.0002024510 0.0579348602
v -0.0108970000 -0.0001935348 0.0579510000
v -0.0108970000 -0.0001835696 0.0579667107
v -0.0108970000 -0.0001725554 0.0579819923
v -0.0108970000 -0.0001604923 0.0579968447
v -0.0108970000 -0.0001473802 0.0580112680
v -0.0108970000 -0.0001332191 0.0580252622
v -0.0108970000 -0.0001180090 0.0580388273
v -0.0108970000 -0.0001053320 0.0580491799
v -0.0108970000 -0.0000925715 0.0580587816
v -0.0108970000 -0.0000797276 0.0580676322
v -0.0108970000 -0.0000668003 0.0580757320
v -0.0108970000 -0.0000537895 0.0580830807
v -0.0108970000 -0.0000406952 0.0580896785
v -0.0108970000 -0.0000275176 0.0580955253
v -0.0108970000 -0.0000142564 0.0581006211
v -0.0108970000 -0.0000009119 0.0581049660
v -0.0108970000 0.0000125161 0.0581085599
v -0.0108970000 0.0000265639 0.0581116174
v -0.0108970000 0.0000417680 0.0581143531
v -0.0108970000 0.0000581284 0.0581167669
v -0.0108970000 0.0000756450 0.0581188589
v -0.0108970000 0.0000943178 0.0581206290
v -0.0108970000 0.0001141469 0.0581220773
v -0.0108970000 0.0001351322 0.0581232038
v -0.0108970000 0.0001572738 0.0581240084
v -0.0108970000 0.0001805717 0.0581244911
v -0.0108970000 0.0002050258 0.0581246521
v -0.0108970000 0.0008737436 0.0581246521
v -0.0108970000 0.0008737436 0.0583392139
v -0.0108970000 -0.0004028995 0.0583392139
v -0.0108970000 -0.0004028995 0.0581353802
v -0.0108970000 -0.0002217139 0.0581353802
v -0.0108970000 -0.0002434919 0.0581171543
v -0.0108850000 0.0005510425 0.0568408093
v -0.0108850000 0.0005679929 0.0568357909
v -0.0108850000 0.0005839420 0.0568300812
v -0.0108850000 0.0005988898 0.0568236801
v -0.0108850000 0.0006128363 0.0568165876
v -0.0108850000 0.0006257816 0.0568088038
v -0.0108850000 0.0006377255 0.0568003286
v -0.0108850000 0.0006574294 0.0567829253
v -0.0108850000 0.0006750593 0.0567631379
v -0.0108850000 0.0006906150 0.0567409665
v -0.0108850000 0.0007040966 0.0567164111
v -0.0108850000 0.0007155042 0.0566894716
v -0.0108850000 0.0007248376 0.0566601482
v -0.0108850000 0.0007320970 0.0566284407
v -0.0108850000 0.0007372822 0.0565943492
v -0.0108850000 0.0007403934 0.0565578737
v -0.0108850000 0.0007414304 0.0565190142
v -0.0108850000 0.0007409119 0.0564954601
v -0.0108850000 0.0007393563 0.0564724781
v -0.0108850000 0.0007367637 0.0564500683
v -0.0108850000 0.0007331340 0.0564282307
v -0.0108850000 0.0007284673 0.0564069652
v -0.0108850000 0.0007227635 0.0563862719
v -0.0108850000 0.0007160227 0.0563661508
v -0.0108850000 0.0007082448 0.0563466018
v -0.0108850000 0.0006994299 0.0563276250
v -0.0108850000 0.0006895780 0.0563092204
v -0.0108850000 0.0006786413 0.0562920077
v -0.0108850000 0.0006665722 0.0562766070
v -0.0108850000 0.0006533707 0.0562630180
v -0.0108850000 0.0006390367 0.0562512410
v -0.0108850000 0.0006235704 0.0562412758
v -0.0108850000 0.0006069716 0.0562331224
v -0.0108850000 0.0005892405 0.0562267809
v -0.0108850000 0.0005703769 0.0562222513
v -0.0108850000 0.0005503810 0.0562195335
v -0.0108850000 0.0005292526 0.0562186276
v -0.0108850000 0.0005131962 0.0562193547
v -0.0108850000 0.0004979265 0.0562215361
v -0.0108850000 0.0004834436 0.0562251717
v -0.0108850000 0.0004697474 0.0562302616
v -0.0108850000 0.0004568380 0.0562368057
v -0.0108850000 0.0004447152 0.0562448041
v -0.0108850000 0.0004333792 0.0562542568
v -0.0108850000 0.0004228299 0.0562651637
v -0.0108850000 0.0004130673 0.0562775248
v -0.0108850000 0.0004040915 0.0562913402
v -0.0108850000 0.0003987632 0.0563015438
v -0.0108850000 0.0003932680 0.0563135593
v -0.0108850000 0.0003876060 0.0563273866
v -0.0108850000 0.0003817771 0.0563430258
v -0.0108850000 0.0003757813 0.0563604768
v -0.0108850000 0.0003696186 0.0563797397
v -0.0108850000 0.0003632890 0.0564008144
v -0.0108850000 0.0003567925 0.0564237010
v -0.0108850000 0.0003501292 0.0564483995
v -0.0108850000 0.0003432990 0.0564749098
v -0.0108850000 0.0003003866 0.0566453673
v -0.0108850000 0.0002921856 0.0566771701
v -0.0108850000 0.0002837938 0.0567072564
v -0.0108850000 0.0002752113 0.0567356263
v -0.0108850000 0.0002664381 0.0567622796
v -0.0108850000 0.0002574742 0.0567872165
v -0.0108850000 0.0002483196 0.0568104369
v -0.0108850000 0.0002389742 0.0568319407
v -0.0108850000 0.0002294381 0.0568517281
v -0.0108850000 0.0002197113 0.0568697990
v -0.0108850000 0.0002097938 0.0568861534
v -0.0108850000 0.0001917229 0.0569124253
v -0.0108850000 0.0001723170 0.0569359317
v -0.0108850000 0.0001515760 0.0569566727
v -0.0108850000 0.0001295000 0.0569746482
v -0.0108850000 0.0001060889 0.0569898582
v -0.0108850000 0.0000813428 0.0570023028
v -0.0108850000 0.0000552616 0.0570119820
v -0.0108850000 0.0000278454 0.0570188956
v -0.0108850000 -0.0000009059 0.0570230438
v -0.0108850000 -0.0000309923 0.0570244265
v -0.0108850000 -0.0000665380 0.0570231213
v -0.0108850000 -0.0001007010 0.0570192055
v -0.0108850000 -0.0001334813 0.0570126793
v -0.0108850000 -0.0001648789 0.0570035425
v -0.0108850000 -0.0001948937 0.0569917953
v -0.0108850000 -0.0002235258 0.0569774375
v -0.0108850000 -0.0002507751 0.0569604692
v -0.0108850000 -0.0002766418 0.0569408905
v -0.0108850000 -0.0003011256 0.0569187012
v -0.0108850000 -0.0003242268 0.0568939014
v -0.0108850000 -0.0003455161 0.0568668964
v -0.0108850000 -0.0003645644 0.0568380915
v -0.0108850000 -0.0003813718 0.0568074866
v -0.0108850000 -0.0003959381 0.0567750818
v -0.0108850000 -0.0004082635 0.0567408771
v -0.0108850000 -0.0004183479 0.0567048724
v -0.0108850000 -0.0004261914 0.0566670678
v -0.0108850000 -0.0004317938 0.0566274633
v -0.0108850000 -0.0004351553 0.0565860588
v -0.0108850000 -0.0004362758 0.0565428544
v -0.0108850000 -0.0004345831 0.0564867703
v -0.0108850000 -0.0004295052 0.0564339046
v -0.0108850000 -0.0004210419 0.0563842574
v -0.0108850000 -0.0004091933 0.0563378286
v -0.0108850000 -0.0003939594 0.0562946182
v -0.0108850000 -0.0003753402 0.0562546263
v -0.0108850000 -0.0003533357 0.0562178528
v -0.0108850000 -0.0003279459 0.0561842977
v -0.0108850000 -0.0002991707 0.0561539610
v -0.0108850000 -0.0002670103 0.0561268428
v -0.0108850000 -0.0002453872 0.0561116923
v -0.0108850000 -0.0002234304 0.0560981869
v -0.0108850000 -0.0002011398 0.0560863264
v -0.0108850000 -0.0001785155 0.0560761108
v -0.0108850000 -0.0001555573 0.0560675403
v -0.0108850000 -0.0001322655 0.0560606147
v -0.0108850000 -0.0001086398 0.0560553341
v -0.0108850000 -0.0000846804 0.0560516985
v -0.0108850000 -0.0000603872 0.0560497078
v -0.0108850000 -0.0000357603 0.0560493621
v -0.0108850000 -0.0000357603 0.0562520039
v -0.0108850000 -0.0000501717 0.0562535892
v -0.0108850000 -0.0000643209 0.0562559613
v -0.0108850000 -0.0000782078 0.0562591202
v -0.0108850000 -0.0000918325 0.0562630657
v -0.0108850000 -0.0001051949 0.0562677980
v -0.0108850000 -0.0001182951 0.0562733170
v -0.0108850000 -0.0001311331 0.0562796227
v -0.0108850000 -0.0001437088 0.0562867152
v -0.0108850000 -0.0001560222 0.0562945944
v -0.0108850000 -0.0001680735 0.0563032603
v -0.0108850000 -0.0001841537 0.0563191260
v -0.0108850000 -0.0001985412 0.0563371611
v -0.0108850000 -0.0002112361 0.0563573657
v -0.0108850000 -0.0002222384 0.0563797397
v -0.0108850000 -0.0002315480 0.0564042832
v -0.0108850000 -0.0002391649 0.0564309961
v -0.0108850000 -0.0002450892 0.0564598785
v -0.0108850000 -0.0002493209 0.0564909304
v -0.0108850000 -0.0002518599 0.0565241517
v -0.0108850000 -0.0002527062 0.0565595425
v -0.0108850000 -0.0002522413 0.0565832695
v -0.0108850000 -0.0002508466 0.0566058164
v -0.0108850000 -0.0002485222 0.0566271832
v -0.0108850000 -0.0002452680 0.0566473698
v -0.0108850000 -0.0002410841 0.0566663764
v -0.0108850000 -0.0002359704 0.0566842030
v -0.0108850000 -0.0002299269 0.0567008494
v -0.0108850000 -0.0002229536 0.0567163157
v -0.0108850000 -0.0002150506 0.0567306020
v -0.0108850000 -0.0002062178 0.0567437081
v -0.0108850000 -0.0001966221 0.0567555984
v -0.0108850000 -0.0001864304 0.0567662371
v -0.0108850000 -0.0001756427 0.0567756242
v -0.0108850000 -0.0001642590 0.0567837597
v -0.0108850000 -0.0001522793 0.0567906435
v -0.0108850000 -0.0001397036 0.0567962758
v -0.0108850000 -0.0001265319 0.0568006564
v -0.0108850000 -0.0001127642 0.0568037854
v -0.0108850000 -0.0000984005 0.0568056629
v -0.0108850000 -0.0000834407 0.0568062887
v -0.0108850000 -0.0000670863 0.0568054662
v -0.0108850000 -0.0000513995 0.0568029987
v -0.0108850000 -0.0000363802 0.0567988863
v -0.0108850000 -0.0000220284 0.0567931289
v -0.0108850000 -0.0000083441 0.0567857265
v -0.0108850000 0.0000046727 0.0567766791
v -0.0108850000 0.0000170219 0.0567659868
v -0.0108850000 0.0000287036 0.0567536495
v -0.0108850000 0.0000397178 0.0567396672
v -0.0108850000 0.0000500644 0.0567240399
v -0.0108850000 0.0000559530 0.0567140509
v -0.0108850000 0.0000616985 0.0567031559
v -0.0108850000 0.0000673009 0.0566913550
v -0.0108850000 0.0000727603 0.0566786482
v -0.0108850000 0.0000780767 0.0566650354
v -0.0108850000 0.0000832500 0.0566505168
v -0.0108850000 0.0000882803 0.0566350921
v -0.0108850000 0.0000931675 0.0566187616
v -0.0108850000 0.0000979117 0.0566015251
v -0.0108850000 0.0001025129 0.0565833827
v -0.0108850000 0.0001370812 0.0564415335
v -0.0108850000 0.0001482503 0.0563968093
v -0.0108850000 0.0001593479 0.0563551366
v -0.0108850000 0.0001703740 0.0563165155
v -0.0108850000 0.0001813286 0.0562809459
v -0.0108850000 0.0001922117 0.0562484278
v -0.0108850000 0.0002030232 0.0562189613
v -0.0108850000 0.0002137632 0.0561925464
v -0.0108850000 0.0002244317 0.0561691830
v -0.0108850000 0.0002350287 0.0561488711
v -0.0108850000 0.0002455541 0.0561316108
v -0.0108850000 0.0002629456 0.0561078302
v -0.0108850000 0.0002822204 0.0560865528
v -0.0108850000 0.0003033785 0.0560677787
v -0.0108850000 0.0003264201 0.0560515077
v -0.0108850000 0.0003513450 0.0560377400
v -0.0108850000 0.0003781534 0.0560264755
v -0.0108850000 0.0004068450 0.0560177142
v -0.0108850000 0.0004374201 0.0560114562
v -0.0108850000 0.0004698785 0.0560077014
v -0.0108850000 0.0005042204 0.0560064497
v -0.0108850000 0.0005378470 0.0560077431
v -0.0108850000 0.0005705438 0.0560116231
v -0.0108850000 0.0006023109 0.0560180897
v -0.0108850000 0.0006331482 0.0560271430
v -0.0108850000 0.0006630557 0.0560387830
v -0.0108850000 0.0006920335 0.0560530097
v -0.0108850000 0.0007200815 0.0560698230
v -0.0108850000 0.0007471997 0.0560892229
v -0.0108850000 0.0007733882 0.0561112096
v -0.0108850000 0.0007986469 0.0561357829
v -0.0108850000 0.0008222010 0.0561630024
v -0.0108850000 0.0008432758 0.0561929278
v -0.0108850000 0.0008618711 0.0562255591
v -0.0108850000 0.0008779871 0.0562608963
v -0.0108850000 0.0008916237 0.0562989393
v -0.0108850000 0.0009027809 0.0563396881
v -0.0108850000 0.0009114588 0.0563831429
v -0.0108850000 0.0009176572 0.0564293035
v -0.0108850000 0.0009213763 0.0564781699
v -0.0108850000 0.0009226160 0.0565297423
v -0.0108850000 0.0009213226 0.0565850575
v -0.0108850000 0.0009174427 0.0566370470
v -0.0108850000 0.0009109760 0.0566857109
v -0.0108850000 0.0009019227 0.0567310490
v -0.0108850000 0.0008902827 0.0567730614
v -0.0108850000 0.0008760561 0.0568117481
v -0.0108850000 0.0008592428 0.0568471091
v -0.0108850000 0.0008398428 0.0568791443
v -0.0108850000 0.0008178562 0.0569078539
v -0.0108850000 0.0007932829 0.0569332378
v -0.0108850000 0.0007668024 0.0569558562
v -0.0108850000 0.0007390941 0.0569762693
v -0.0108850000 0.0007101580 0.0569944773
v -0.0108850000 0.0006799942 0.0570104800
v -0.0108850000 0.0006486026 0.0570242775
v -0.0108850000 0.0006159832 0.0570358698
v -0.0108850000 0.0005821361 0.0570452569
v -0.0108850000 0.0005470612 0.0570524388
v -0.0108850000 0.0005107585 0.0570574154
v -0.0108850000 0.0004732281 0.0570601869
v -0.0108850000 0.0004732281 0.0568539691
v -0.0108850000 0.0004941836 0.0568517162
v -0.0108850000 0.0005141379 0.0568487719
v -0.0108850000 0.0005330909 0.0568451363
v -0.0108970000 0.0005510425 0.0568408093
v -0.0108970000 0.0005679929 0.0568357909
v -0.0108970000 0.0005839420 0.0568300812
v -0.0108970000 0.0005988898 0.0568236801
v -0.0108970000 0.0006128363 0.0568165876
v -0.0108970000 0.0006257816 0.0568088038
v -0.0108970000 0.0006377255 0.0568003286
v -0.0108970000 0.0006574294 0.0567829253
v -0.0108970000 0.0006750593 0.0567631379
v -0.0108970000 0.0006906150 0.0567409665
v -0.0108970000 0.0007040966 0.0567164111
v -0.0108970000 0.0007155042 0.0566894716
v -0.0108970000 0.0007248376 0.0566601482
v -0.0108970000 0.0007320970 0.0566284407
v -0.0108970000 0.0007372822 0.0565943492
v -0.0108970000 0.0007403934 0.0565578737
v -0.0108970000 0.0007414304 0.0565190142
v -0.0108970000 0.0007409119 0.0564954601
v -0.0108970000 0.0007393563 0.0564724781
v -0.0108970000 0.0007367637 0.0564500683
v -0.0108970000 0.0007331340 0.0564282307
v -0.0108970000 0.0007284673 0.0564069652
v -0.0108970000 0.0007227635 0.0563862719
v -0.0108970000 0.0007160227 0.0563661508
v -0.0108970000 0.0007082448 0.0563466018
v -0.0108970000 0.0006994299 0.0563276250
v -0.0108970000 0.0006895780 0.0563092204
v -0.0108970000 0.0006786413 0.0562920077
v -0.0108970000 0.0006665722 0.0562766070
v -0.0108970000 0.0006533707 0.0562630180
v -0.0108970000 0.0006390367 0.0562512410
v -0.0108970000 0.0006235704 0.0562412758
v -0.0108970000 0.0006069716 0.0562331224
v -0.0108970000 0.0005892405 0.0562267809
v -0.0108970000 0.0005703769 0.0562222513
v -0.0108970000 0.0005503810 0.0562195335
v -0.0108970000 0.0005292526 0.0562186276
v -0.0108970000 0.0005131962 0.0562193547
v -0.0108970000 0.0004979265 0.0562215361
v -0.0108970000 0.0004834436 0.0562251717
v -0.0108970000 0.0004697474 0.0562302616
v -0.0108970000 0.0004568380 0.0562368057
v -0.0108970000 0.0004447152 0.0562448041
v -0.0108970000 0.0004333792 0.0562542568
v -0.0108970000 0.0004228299 0.0562651637
v -0.0108970000 0.0004130673 0.0562775248
v -0.0108970000 0.0004040915 0.0562913402
v -0.0108970000 0.0003987632 0.0563015438
v -0.0108970000 0.0003932680 0.0563135593
v -0.0108970000 0.0003876060 0.0563273866
v -0.0108970000 0.0003817771 0.0563430258
v -0.0108970000 0.0003757813 0.0563604768
v -0.0108970000 0.0003696186 0.0563797397
v -0.0108970000 0.0003632890 0.0564008144
v -0.0108970000 0.0003567925 0.0564237010
v -0.0108970000 0.0003501292 0.0564483995
v -0.0108970000 0.0003432990 0.0564749098
v -0.0108970000 0.0003003866 0.0566453673
v -0.0108970000 0.0002921856 0.0566771701
v -0.0108970000 0.0002837938 0.0567072564
v -0.0108970000 0.0002752113 0.0567356263
v -0.0108970000 0.0002664381 0.0567622796
v -0.0108970000 0.0002574742 0.0567872165
v -0.0108970000 0.0002483196 0.0568104369
v -0.0108970000 0.0002389742 0.0568319407
v -0.0108970000 0.0002294381 0.0568517281
v -0.0108970000 0.0002197113 0.0568697990
v -0.0108970000 0.0002097938 0.0568861534
v -0.0108970000 0.0001917229 0.0569124253
v -0.0108970000 0.0001723170 0.0569359317
v -0.0108970000 0.0001515760 0.0569566727
v -0.0108970000 0.0001295000 0.0569746482
v -0.0108970000 0.0001060889 0.0569898582
v -0.0108970000 0.0000813428 0.0570023028
v -0.0108970000 0.0000552616 0.0570119820
v -0.0108970000 0.0000278454 0.0570188956
v -0.0108970000 -0.0000009059 0.0570230438
v -0.0108970000 -0.0000309923 0.0570244265
v -0.0108970000 -0.0000665380 0.0570231213
v -0.0108970000 -0.0001007010 0.0570192055
v -0.0108970000 -0.0001334813 0.0570126793
v -0.0108970000 -0.0001648789 0.0570035425
v -0.0108970000 -0.0001948937 0.0569917953
v -0.0108970000 -0.0002235258 0.0569774375
v -0.0108970000 -0.0002507751 0.0569604692
v -0.0108970000 -0.0002766418 0.0569408905
v -0.0108970000 -0.0003011256 0.0569187012
v -0.0108970000 -0.0003242268 0.0568939014
v -0.0108970000 -0.0003455161 0.0568668964
v -0.0108970000 -0.0003645644 0.0568380915
v -0.0108970000 -0.0003813718 0.0568074866
v -0.0108970000 -0.0003959381 0.0567750818
v -0.0108970000 -0.0004082635 0.0567408771
v -0.0108970000 -0.0004183479 0.0567048724
v -0.0108970000 -0.0004261914 0.0566670678
v -0.0108970000 -0.0004317938 0.0566274633
v -0.0108970000 -0.0004351553 0.0565860588
v -0.0108970000 -0.0004362758 0.0565428544
v -0.0108970000 -0.0004345831 0.0564867703
v -0.0108970000 -0.0004295052 0.0564339046
v -0.0108970000 -0.0004210419 0.0563842574
v -0.0108970000 -0.0004091933 0.0563378286
v -0.0108970000 -0.0003939594 0.0562946182
v -0.0108970000 -0.0003753402 0.0562546263
v -0.0108970000 -0.0003533357 0.0562178528
v -0.0108970000 -0.0003279459 0.0561842977
v -0.0108970000 -0.0002991707 0.0561539610
v -0.0108970000 -0.0002670103 0.0561268428
v -0.0108970000 -0.0002453872 0.0561116923
v -0.0108970000 -0.0002234304 0.0560981869
v -0.0108970000 -0.0002011398 0.0560863264
v -0.0108970000 -0.0001785155 0.0560761108
v -0.0108970000 -0.0001555573 0.0560675403
v -0.0108970000 -0.0001322655 0.0560606147
v -0.0108970000 -0.0001086398 0.0560553341
v -0.0108970000 -0.0000846804 0.0560516985
v -0.0108970000 -0.0000603872 0.0560497078
v -0.0108970000 -0.0000357603 0.0560493621
v -0.0108970000 -0.0000357603 0.0562520039
v -0.0108970000 -0.0000501717 0.0562535892
v -0.0108970000 -0.0000643209 0.0562559613
v -0.0108970000 -0.0000782078 0.0562591202
v -0.0108970000 -0.0000918325 0.0562630657
v -0.0108970000 -0.0001051949 0.0562677980
v -0.0108970000 -0.0001182951 0.0562733170
v -0.0108970000 -0.0001311331 0.0562796227
v -0.0108970000 -0.0001437088 0.0562867152
v -0.0108970000 -0.0001560222 0.0562945944
v -0.0108970000 -0.0001680735 0.0563032603
v -0.0108970000 -0.0001841537 0.0563191260
v -0.0108970000 -0.0001985412 0.0563371611
v -0.0108970000 -0.0002112361 0.0563573657
v -0.0108970000 -0.0002222384 0.0563797397
v -0.0108970000 -0.0002315480 0.0564042832
v -0.0108970000 -0.0002391649 0.0564309961
v -0.0108970000 -0.0002450892 0.0564598785
v -0.0108970000 -0.0002493209 0.0564909304
v -0.0108970000 -0.0002518599 0.0565241517
v -0.0108970000 -0.0002527062 0.0565595425
v -0.0108970000 -0.0002522413 0.0565832695
v -0.0108970000 -0.0002508466 0.0566058164
v -0.0108970000 -0.0002485222 0.0566271832
v -0.0108970000 -0.0002452680 0.0566473698
v -0.0108970000 -0.0002410841 0.0566663764
v -0.0108970000 -0.0002359704 0.0566842030
v -0.0108970000 -0.0002299269 0.0567008494
v -0.0108970000 -0.0002229536 0.0567163157
v -0.0108970000 -0.0002150506 0.0567306020
v -0.0108970000 -0.0002062178 0.0567437081
v -0.0108970000 -0.0001966221 0.0567555984
v -0.0108970000 -0.0001864304 0.0567662371
v -0.0108970000 -0.0001756427 0.0567756242
v -0.0108970000 -0.0001642590 0.0567837597
v -0.0108970000 -0.0001522793 0.0567906435
v -0.0108970000 -0.0001397036 0.0567962758
v -0.0108970000 -0.0001265319 0.0568006564
v -0.0108970000 -0.0001127642 0.0568037854
v -0.0108970000 -0.0000984005 0.0568056629
v -0.0108970000 -0.0000834407 0.0568062887
v -0.0108970000 -0.0000670863 0.0568054662
v -0.0108970000 -0.0000513995 0.0568029987
v -0.0108970000 -0.0000363802 0.0567988863
v -0.0108970000 -0.0000220284 0.0567931289
v -0.0108970000 -0.0000083441 0.0567857265
v -0.0108970000 0.0000046727 0.0567766791
v -0.0108970000 0.0000170219 0.0567659868
v -0.0108970000 0.0000287036 0.0567536495
v -0.0108970000 0.0000397178 0.0567396672
v -0.0108970000 0.0000500644 0.0567240399
v -0.0108970000 0.0000559530 0.0567140509
v -0.0108970000 0.0000616985 0.0567031559
v -0.0108970000 0.0000673009 0.0566913550
v -0.0108970000 0.0000727603 0.0566786482
v -0.0108970000 0.0000780767 0.0566650354
v -0.0108970000 0.0000832500 0.0566505168
v -0.0108970000 0.0000882803 0.0566350921
v -0.0108970000 0.0000931675 0.0566187616
v -0.0108970000 0.0000979117 0.0566015251
v -0.0108970000 0.0001025129 0.0565833827
v -0.0108970000 0.0001370812 0.0564415335
v -0.0108970000 0.0001482503 0.0563968093
v -0.0108970000 0.0001593479 0.0563551366
v -0.0108970000 0.0001703740 0.0563165155
v -0.0108970000 0.0001813286 0.0562809459
v -0.0108970000 0.0001922117 0.0562484278
v -0.0108970000 0.0002030232 0.0562189613
v -0.0108970000 0.0002137632 0.0561925464
v -0.0108970000 0.0002244317 0.0561691830
v -0.0108970000 0.0002350287 0.0561488711
v -0.0108970000 0.0002455541 0.0561316108
v -0.0108970000 0.0002629456 0.0561078302
v -0.0108970000 0.0002822204 0.0560865528
v -0.0108970000 0.0003033785 0.0560677787
v -0.0108970000 0.0003264201 0.0560515077
v -0.0108970000 0.0003513450 0.0560377400
v -0.0108970000 0.0003781534 0.0560264755
v -0.0108970000 0.0004068450 0.0560177142
v -0.0108970000 0.0004374201 0.0560114562
v -0.0108970000 0.0004698785 0.0560077014
v -0.0108970000 0.0005042204 0.0560064497
v -0.0108970000 0.0005378470 0.0560077431
v -0.0108970000 0.0005705438 0.0560116231
v -0.0108970000 0.0006023109 0.0560180897
v -0.0108970000 0.0006331482 0.0560271430
v -0.0108970000 0.0006630557 0.0560387830
v -0.0108970000 0.0006920335 0.0560530097
v -0.0108970000 0.0007200815 0.0560698230
v -0.0108970000 0.0007471997 0.0560892229
v -0.0108970000 0.0007733882 0.0561112096
v -0.0108970000 0.0007986469 0.0561357829
v -0.0108970000 0.0008222010 0.0561630024
v -0.0108970000 0.0008432758 0.0561929278
v -0.0108970000 0.0008618711 0.0562255591
v -0.0108970000 0.0008779871 0.0562608963
v -0.0108970000 0.0008916237 0.0562989393
v -0.0108970000 0.0009027809 0.0563396881
v -0.0108970000 0.0009114588 0.0563831429
v -0.0108970000 0.0009176572 0.0564293035
v -0.0108970000 0.0009213763 0.0564781699
v -0.0108970000 0.0009226160 0.0565297423
v -0.0108970000 0.0009213226 0.0565850575
v -0.0108970000 0.0009174427 0.0566370470
v -0.0108970000 0.0009109760 0.0566857109
v -0.0108970000 0.0009019227 0.0567310490
v -0.0108970000 0.0008902827 0.0567730614
v -0.0108970000 0.0008760561 0.0568117481
v -0.0108970000 0.0008592428 0.0568471091
v -0.0108970000 0.0008398428 0.0568791443
v -0.0108970000 0.0008178562 0.0569078539
v -0.0108970000 0.0007932829 0.0569332378
v -0.0108970000 0.0007668024 0.0569558562
v -0.0108970000 0.0007390941 0.0569762693
v -0.0108970000 0.0007101580 0.0569944773
v -0.0108970000 0.0006799942 0.0570104800
v -0.0108970000 0.0006486026 0.0570242775
v -0.0108970000 0.0006159832 0.0570358698
v -0.0108970000 0.0005821361 0.0570452569
v -0.0108970000 0.0005470612 0.0570524388
v -0.0108970000 0.0005107585 0.0570574154
v -0.0108970000 0.0004732281 0.0570601869
v -0.0108970000 0.0004732281 0.0568539691
v -0.0108970000 0.0004941836 0.0568517162
v -0.0108970000 0.0005141379 0.0568487719
v -0.0108970000 0.0005330909 0.0568451363
v -0.0108850000 -0.0002276740 0.0552972036
v -0.0108850000 -0.0002276740 0.0555010374
v -0.0108850000 0.0006055412 0.0555010374
v -0.0108850000 0.0006184507 0.0555005844
v -0.0108850000 0.0006304781 0.0554992255
v -0.0108850000 0.0006416234 0.0554969607
v -0.0108850000 0.0006518866 0.0554937899
v -0.0108850000 0.0006612677 0.0554897133
v -0.0108850000 0.0006697668 0.0554847307
v -0.0108850000 0.0006773837 0.0554788421
v -0.0108850000 0.0006841186 0.0554720477
v -0.0108850000 0.0006899713 0.0554643473
v -0.0108850000 0.0006949420 0.0554557410
v -0.0108850000 0.0006974333 0.0554504008
v -0.0108850000 0.0006996624 0.0554443930
v -0.0108850000 0.0007016292 0.0554377178
v -0.0108850000 0.0007033338 0.0554303750
v -0.0108850000 0.0007047761 0.0554223647
v -0.0108850000 0.0007059562 0.0554136869
v -0.0108850000 0.0007068740 0.0554043415
v -0.0108850000 0.0007075296 0.0553943286
v -0.0108850000 0.0007079230 0.0553836482
v -0.0108850000 0.0007080541 0.0553723003
v -0.0108850000 0.0007080482 0.0553691772
v -0.0108850000 0.0007080303 0.0553660064
v -0.0108850000 0.0007080005 0.0553627880
v -0.0108850000 0.0007079588 0.0553595219
v -0.0108850000 0.0007079051 0.0553562081
v -0.0108850000 0.0007078396 0.0553528466
v -0.0108850000 0.0007077621 0.0553494375
v -0.0108850000 0.0007076727 0.0553459807
v -0.0108850000 0.0007075714 0.0553424762
v -0.0108850000 0.0007074581 0.0553389240
v -0.0108850000 0.0007073210 0.0553352883
v -0.0108850000 0.0007071482 0.0553315335
v -0.0108850000 0.0007069396 0.0553276595
v -0.0108850000 0.0007066952 0.0553236662
v -0.0108850000 0.0007064151 0.0553195538
v -0.0108850000 0.0007060992 0.0553153222
v -0.0108850000 0.0007057476 0.0553109713
v -0.0108850000 0.0007053602 0.0553065013
v -0.0108850000 0.0007049370 0.0553019120
v -0.0108850000 0.0007044781 0.0552972036
v -0.0108850000 0.0008737436 0.0552972036
v -0.0108850000 0.0008758296 0.0553046239
v -0.0108850000 0.0008777964 0.0553121037
v -0.0108850000 0.0008796440 0.0553196432
v -0.0108850000 0.0008813724 0.0553272423
v -0.0108850000 0.0008829816 0.0553349009
v -0.0108850000 0.0008844716 0.0553426192
v -0.0108850000 0.0008858425 0.0553503971
v -0.0108850000 0.0008870941 0.0553582345
v -0.0108850000 0.0008882265 0.0553661316
v -0.0108850000 0.0008892397 0.0553740883
v -0.0108850000 0.0008901456 0.0553821403
v -0.0108850000 0.0008909562 0.0553903235
v -0.0108850000 0.0008916714 0.0553986377
v -0.0108850000 0.0008922912 0.0554070831
v -0.0108850000 0.0008928157 0.0554156596
v -0.0108850000 0.0008932448 0.0554243673
v -0.0108850000 0.0008935786 0.0554332060
v -0.0108850000 0.0008938170 0.0554421759
v -0.0108850000 0.0008939601 0.0554512769
v -0.0108850000 0.0008940077 0.0554605090
v -0.0108850000 0.0008932389 0.0554895822
v -0.0108850000 0.0008909323 0.0555167242
v -0.0108850000 0.0008870881 0.0555419352
v -0.0108850000 0.0008817062 0.0555652152
v -0.0108850000 0.0008747866 0.0555865641
v -0.0108850000 0.0008663293 0.0556059820
v -0.0108850000 0.0008563342 0.0556234688
v -0.0108850000 0.0008448015 0.0556390245
v -0.0108850000 0.0008317312 0.0556526492
v -0.0108850000 0.0008171231 0.0556643428
v -0.0108850000 0.0008012872 0.0556745345
v -0.0108850000 0.0007845335 0.0556836534
v -0.0108850000 0.0007668620 0.0556916994
v -0.0108850000 0.0007482726 0.0556986727
v -0.0108850000 0.0007287653 0.0557045731
v -0.0108850000 0.0007083402 0.0557094008
v -0.0108850000 0.0006869973 0.0557131556
v -0.0108850000 0.0006647365 0.0557158376
v -0.0108850000 0.0006415578 0.0557174468
v -0.0108850000 0.0006174613 0.0557179832
v -0.0108850000 -0.0002276740 0.0557179832
v -0.0108850000 -0.0002276740 0.0558908247
v -0.0108850000 -0.0004028995 0.0558908247
v -0.0108850000 -0.0004028995 0.0557179832
v -0.0108850000 -0.0007593106 0.0557179832
v -0.0108850000 -0.0007593106 0.0555010374
v -0.0108850000 -0.0004028995 0.0555010374
v -0.0108850000 -0.0004028995 0.0552972036
v -0.0108970000 -0.0002276740 0.0552972036
v -0.0108970000 -0.0002276740 0.0555010374
v -0.0108970000 0.0006055412 0.0555010374
v -0.0108970000 0.0006184507 0.0555005844
v -0.0108970000 0.0006304781 0.0554992255
v -0.0108970000 0.0006416234 0.0554969607
v -0.0108970000 0.0006518866 0.0554937899
v -0.0108970000 0.0006612677 0.0554897133
v -0.0108970000 0.0006697668 0.0554847307
v -0.0108970000 0.0006773837 0.0554788421
v -0.0108970000 0.0006841186 0.0554720477
v -0.0108970000 0.0006899713 0.0554643473
v -0.0108970000 0.0006949420 0.0554557410
v -0.0108970000 0.0006974333 0.0554504008
v -0.0108970000 0.0006996624 0.0554443930
v -0.0108970000 0.0007016292 0.0554377178
v -0.0108970000 0.0007033338 0.0554303750
v -0.0108970000 0.0007047761 0.0554223647
v -0.0108970000 0.0007059562 0.0554136869
v -0.0108970000 0.0007068740 0.0554043415
v -0.0108970000 0.0007075296 0.0553943286
v -0.0108970000 0.0007079230 0.0553836482
v -0.0108970000 0.0007080541 0.0553723003
v -0.0108970000 0.0007080482 0.0553691772
v -0.0108970000 0.0007080303 0.0553660064
v -0.0108970000 0.0007080005 0.0553627880
v -0.0108970000 0.0007079588 0.0553595219
v -0.0108970000 0.0007079051 0.0553562081
v -0.0108970000 0.0007078396 0.0553528466
v -0.0108970000 0.0007077621 0.0553494375
v -0.0108970000 0.0007076727 0.0553459807
v -0.0108970000 0.0007075714 0.0553424762
v -0.0108970000 0.0007074581 0.0553389240
v -0.0108970000 0.0007073210 0.0553352883
v -0.0108970000 0.0007071482 0.0553315335
v -0.0108970000 0.0007069396 0.0553276595
v -0.0108970000 0.0007066952 0.0553236662
v -0.0108970000 0.0007064151 0.0553195538
v -0.0108970000 0.0007060992 0.0553153222
v -0.0108970000 0.0007057476 0.0553109713
v -0.0108970000 0.0007053602 0.0553065013
v -0.0108970000 0.0007049370 0.0553019120
v -0.0108970000 0.0007044781 0.0552972036
v -0.0108970000 0.0008737436 0.0552972036
v -0.0108970000 0.0008758296 0.0553046239
v -0.0108970000 0.0008777964 0.0553121037
v -0.0108970000 0.0008796440 0.0553196432
v -0.0108970000 0.0008813724 0.0553272423
v -0.0108970000 0.0008829816 0.0553349009
v -0.0108970000 0.0008844716 0.0553426192
v -0.0108970000 0.0008858425 0.0553503971
v -0.0108970000 0.0008870941 0.0553582345
v -0.0108970000 0.0008882265 0.0553661316
v -0.0108970000 0.0008892397 0.0553740883
v -0.0108970000 0.0008901456 0.0553821403
v -0.0108970000 0.0008909562 0.0553903235
v -0.0108970000 0.0008916714 0.0553986377
v -0.0108970000 0.0008922912 0.0554070831
v -0.0108970000 0.0008928157 0.0554156596
v -0.0108970000 0.0008932448 0.0554243673
v -0.0108970000 0.0008935786 0.0554332060
v -0.0108970000 0.0008938170 0.0554421759
v -0.0108970000 0.0008939601 0.0554512769
v -0.0108970000 0.0008940077 0.0554605090
v -0.0108970000 0.0008932389 0.0554895822
v -0.0108970000 0.0008909323 0.0555167242
v -0.0108970000 0.0008870881 0.0555419352
v -0.0108970000 0.0008817062 0.0555652152
v -0.0108970000 0.0008747866 0.0555865641
v -0.0108970000 0.0008663293 0.0556059820
v -0.0108970000 0.0008563342 0.0556234688
v -0.0108970000 0.0008448015 0.0556390245
v -0.0108970000 0.0008317312 0.0556526492
v -0.0108970000 0.0008171231 0.0556643428
v -0.0108970000 0.0008012872 0.0556745345
v -0.0108970000 0.0007845335 0.0556836534
v -0.0108970000 0.0007668620 0.0556916994
v -0.0108970000 0.0007482726 0.0556986727
v -0.0108970000 0.0007287653 0.0557045731
v -0.0108970000 0.0007083402 0.0557094008
v -0.0108970000 0.0006869973 0.0557131556
v -0.0108970000 0.0006647365 0.0557158376
v -0.0108970000 0.0006415578 0.0557174468
v -0.0108970000 0.0006174613 0.0557179832
v -0.0108970000 -0.0002276740 0.0557179832
v -0.0108970000 -0.0002276740 0.0558908247
v -0.0108970000 -0.0004028995 0.0558908247
v -0.0108970000 -0.0004028995 0.0557179832
v -0.0108970000 -0.0007593106 0.0557179832
v -0.0108970000 -0.0007593106 0.0555010374
v -0.0108970000 -0.0004028995 0.0555010374
v -0.0108970000 -0.0004028995 0.0552972036
v -0.0108850000 0.0000856340 0.0543471237
v -0.0108850000 0.0000798647 0.0543367413
v -0.0108850000 0.0000732371 0.0543273363
v -0.0108850000 0.0000657513 0.0543189088
v -0.0108850000 0.0000574072 0.0543114588
v -0.0108850000 0.0000482049 0.0543049861
v -0.0108850000 0.0000381443 0.0542994910
v -0.0108850000 0.0000321724 0.0542967732
v -0.0108850000 0.0000256997 0.0542943415
v -0.0108850000 0.0000187265 0.0542921959
v -0.0108850000 0.0000112526 0.0542903363
v -0.0108850000 0.0000032780 0.0542887629
v -0.0108850000 -0.0000051972 0.0542874755
v -0.0108850000 -0.0000141730 0.0542864742
v -0.0108850000 -0.0000236495 0.0542857590
v -0.0108850000 -0.0000336266 0.0542853299
v -0.0108850000 -0.0000441044 0.0542851869
v -0.0108850000 -0.0000654354 0.0542859676
v -0.0108850000 -0.0000855625 0.0542883099
v -0.0108850000 -0.0001044857 0.0542922138
v -0.0108850000 -0.0001222049 0.0542976791
v -0.0108850000 -0.0001387202 0.0543047060
v -0.0108850000 -0.0001540316 0.0543132945
v -0.0108850000 -0.0001681390 0.0543234444
v -0.0108850000 -0.0001810425 0.0543351559
v -0.0108850000 -0.0001927421 0.0543484290
v -0.0108850000 -0.0002032378 0.0543632635
v -0.0108850000 -0.0002126368 0.0543795524
v -0.0108850000 -0.0002210464 0.0543971881
v -0.0108850000 -0.0002284667 0.0544161709
v -0.0108850000 -0.0002348976 0.0544365006
v -0.0108850000 -0.0002403391 0.0544581774
v -0.0108850000 -0.0002447912 0.0544812010
v -0.0108850000 -0.0002482540 0.0545055717
v -0.0108850000 -0.0002507274 0.0545312893
v -0.0108850000 -0.0002522115 0.0545583539
v -0.0108850000 -0.0002527062 0.0545867655
v -0.0108850000 -0.0002518003 0.0546194027
v -0.0108850000 -0.0002490825 0.0546500851
v -0.0108850000 -0.0002445528 0.0546788125
v -0.0108850000 -0.0002382113 0.0547055851
v -0.0108850000 -0.0002300580 0.0547304027
v -0.0108850000 -0.0002200928 0.0547532655
v -0.0108850000 -0.0002083157 0.0547741733
v -0.0108850000 -0.0001947268 0.0547931263
v -0.0108850000 -0.0001793260 0.0548101244
v -0.0108850000 -0.0001621134 0.0548251675
v -0.0108850000 -0.0001516118 0.0548327606
v -0.0108850000 -0.0001401327 0.0548398054
v -0.0108850000 -0.0001276762 0.0548463019
v -0.0108850000 -0.0001142423 0.0548522500
v -0.0108850000 -0.0000998309 0.0548576498
v -0.0108850000 -0.0000844420 0.0548625013
v -0.0108850000 -0.0000680757 0.0548668044
v -0.0108850000 -0.0000507320 0.0548705593
v -0.0108850000 -0.0000324108 0.0548737658
v -0.0108850000 -0.0000131121 0.0548764240
v -0.0108850000 -0.0000131121 0.0550766817
v -0.0108850000 -0.0000588793 0.0550740772
v -0.0108850000 -0.0001017738 0.0550686476
v -0.0108850000 -0.0001417956 0.0550603929
v -0.0108850000 -0.0001789446 0.0550493131
v -0.0108850000 -0.0002132208 0.0550354083
v -0.0108850000 -0.0002446244 0.0550186785
v -0.0108850000 -0.0002731551 0.0549991236
v -0.0108850000 -0.0002988131 0.0549767436
v -0.0108850000 -0.0003215984 0.0549515385
v -0.0108850000 -0.0003415110 0.0549235084
v -0.0108850000 -0.0003590633 0.0548935949
v -0.0108850000 -0.0003747680 0.0548627397
v -0.0108850000 -0.0003886252 0.0548309428
v -0.0108850000 -0.0004006347 0.0547982043
v -0.0108850000 -0.0004107966 0.0547645240
v -0.0108850000 -0.0004191108 0.0547299021
v -0.0108850000 -0.0004255775 0.0546943384
v -0.0108850000 -0.0004301965 0.0546578331
v -0.0108850000 -0.0004329679 0.0546203861
v -0.0108850000 -0.0004338918 0.0545819974
v -0.0108850000 -0.0004330335 0.0545377858
v -0.0108850000 -0.0004304588 0.0544952668
v -0.0108850000 -0.0004261675 0.0544544404
v -0.0108850000 -0.0004201598 0.0544153067
v -0.0108850000 -0.0004124356 0.0543778657
v -0.0108850000 -0.0004029948 0.0543421173
v -0.0108850000 -0.0003918376 0.0543080615
v -0.0108850000 -0.0003789639 0.0542756985
v -0.0108850000 -0.0003643737 0.0542450280
v -0.0108850000 -0.0003480670 0.0542160503
v -0.0108850000 -0.0003299485 0.0541895519
v -0.0108850000 -0.0003099227 0.0541658428
v -0.0108850000 -0.0002879897 0.0541449230
v -0.0108850000 -0.0002641495 0.0541267925
v -0.0108850000 -0.0002384021 0.0541114514
v -0.0108850000 -0.0002107474 0.0540988995
v -0.0108850000 -0.0001811856 0.0540891369
v -0.0108850000 -0.0001497165 0.0540821637
v -0.0108850000 -0.0001163402 0.0540779797
v -0.0108850000 -0.0000810567 0.0540765851
v -0.0108850000 0.0006544137 0.0540765851
v -0.0108850000 0.0006609578 0.0540764480
v -0.0108850000 0.0006672397 0.0540760367
v -0.0108850000 0.0006732593 0.0540753513
v -0.0108850000 0.0006790168 0.0540743918
v -0.0108850000 0.0006845119 0.0540731580
v -0.0108850000 0.0006897448 0.0540716501
v -0.0108850000 0.0006947155 0.0540698681
v -0.0108850000 0.0006994240 0.0540678119
v -0.0108850000 0.0007038702 0.0540654815
v -0.0108850000 0.0007080541 0.0540628769
v -0.0108850000 0.0007119043 0.0540598313
v -0.0108850000 0.0007153492 0.0540561778
v -0.0108850000 0.0007183889 0.0540519164
v -0.0108850000 0.0007210232 0.0540470470
v -0.0108850000 0.0007232523 0.0540415697
v -0.0108850000 0.0007250760 0.0540354845
v -0.0108850000 0.0007264945 0.0540287914
v -0.0108850000 0.0007275077 0.0540214903
v -0.0108850000 0.0007281157 0.0540135813
v -0.0108850000 0.0007283183 0.0540050644
v -0.0108850000 0.0007283004 0.0540021678
v -0.0108850000 0.0007282468 0.0539991997
v -0.0108850000 0.0007281574 0.0539961601
v -0.0108850000 0.0007280322 0.0539930490
v -0.0108850000 0.0007278713 0.0539898663
v -0.0108850000 0.0007276746 0.0539866121
v -0.0108850000 0.0007274422 0.0539832864
v -0.0108850000 0.0007271740 0.0539798892
v -0.0108850000 0.0007268700 0.0539764204
v -0.0108850000 0.0007265303 0.0539728802
v -0.0108850000 0.0007261548 0.0539692803
v -0.0108850000 0.0007257436 0.0539656327
v -0.0108850000 0.0007252966 0.0539619375
v -0.0108850000 0.0007248138 0.0539581946
v -0.0108850000 0.0007242953 0.0539544040
v -0.0108850000 0.0007237410 0.0539505657
v -0.0108850000 0.0007231509 0.0539466798
v -0.0108850000 0.0007225251 0.0539427461
v -0.0108850000 0.0007218636 0.0539387648
v -0.0108850000 0.0007211662 0.0539347358
v -0.0108850000 0.0008797036 0.0539347358
v -0.0108850000 0.0008824572 0.0539445103
v -0.0108850000 0.0008849961 0.0539538080
v -0.0108850000 0.0008873206 0.0539626289
v -0.0108850000 0.0008894304 0.0539709729
v -0.0108850000 0.0008913257 0.0539788402
v -0.0108850000 0.0008930064 0.0539862307
v -0.0108850000 0.0008944726 0.0539931443
v -0.0108850000 0.0008957242 0.0539995812
v -0.0108850000 0.0008967613 0.0540055412
v -0.0108850000 0.0008975838 0.0540110245
v -0.0108850000 0.0008982632 0.0540164601
v -0.0108850000 0.0008988711 0.0540222771
v -0.0108850000 0.0008994075 0.0540284755
v -0.0108850000 0.0008998724 0.0540350554
v -0.0108850000 0.0009002658 0.0540420168
v -0.0108850000 0.0009005876 0.0540493595
v -0.0108850000 0.0009008380 0.0540570838
v -0.0108850000 0.0009010168 0.0540651894
v -0.0108850000 0.0009011240 0.0540736765
v -0.0108850000 0.0009011598 0.0540825451
v -0.0108850000 0.0009003731 0.0541041086
v -0.0108850000 0.0008980129 0.0541244562
v -0.0108850000 0.0008940793 0.0541435880
v -0.0108850000 0.0008885722 0.0541615039
v -0.0108850000 0.0008814916 0.0541782039
v -0.0108850000 0.0008728376 0.0541936881
v -0.0108850000 0.0008626102 0.0542079565
v -0.0108850000 0.0008508093 0.0542210090
v -0.0108850000 0.0008374349 0.0542328457
v -0.0108850000 0.0008224871 0.0542434665
v -0.0108850000 0.0008137974 0.0542485564
v -0.0108850000 0.0008044162 0.0542533363
v -0.0108850000 0.0007943438 0.0542578064
v -0.0108850000 0.0007835799 0.0542619665
v -0.0108850000 0.0007721247 0.0542658167
v -0.0108850000 0.0007599781 0.0542693570
v -0.0108850000 0.0007471401 0.0542725873
v -0.0108850000 0.0007336108 0.0542755077
v -0.0108850000 0.0007193901 0.0542781182
v -0.0108850000 0.0007044781 0.0542804188
v -0.0108850000 0.0007214166 0.0542941031
v -0.0108850000 0.0007379021 0.0543089317
v -0.0108850000 0.0007539346 0.0543249046
v -0.0108850000 0.0007695142 0.0543420219
v -0.0108850000 0.0007846408 0.0543602835
v -0.0108850000 0.0007993144 0.0543796894
v -0.0108850000 0.0008135351 0.0544002397
v -0.0108850000 0.0008273028 0.0544219343
v -0.0108850000 0.0008406176 0.0544447732
v -0.0108850000 0.0008534794 0.0544687564
v -0.0108850000 0.0008654829 0.0544935622
v -0.0108850000 0.0008762229 0.0545188686
v -0.0108850000 0.0008856994 0.0545446756
v -0.0108850000 0.0008939124 0.0545709832
v -0.0108850000 0.0009008618 0.0545977916
v -0.0108850000 0.0009065477 0.0546251005
v -0.0108850000 0.0009109700 0.0546529101
v -0.0108850000 0.0009141289 0.0546812204
v -0.0108850000 0.0009160242 0.0547100312
v -0.0108850000 0.0009166559 0.0547393428
v -0.0108850000 0.0009155772 0.0547742150
v -0.0108850000 0.0009123409 0.0548077880
v -0.0108850000 0.0009069470 0.0548400617
v -0.0108850000 0.0008993956 0.0548710361
v -0.0108850000 0.0008896867 0.0549007112
v -0.0108850000 0.0008778202 0.0549290870
v -0.0108850000 0.0008637962 0.0549561635
v -0.0108850000 0.0008476147 0.0549819407
v -0.0108850000 0.0008292756 0.0550064187
v -0.0108850000 0.0008087790 0.0550295973
v -0.0108850000 0.0007866612 0.0550509998
v -0.0108850000 0.0007634588 0.0550701495
v -0.0108850000 0.0007391716 0.0550870462
v -0.0108850000 0.0007137996 0.0551016901
v -0.0108850000 0.0006873429 0.0551140810
v -0.0108850000 0.0006598015 0.0551242191
v -0.0108850000 0.0006311754 0.0551321042
v -0.0108850000 0.0006014646 0.0551377365
v -0.0108850000 0.0005706690 0.0551411158
v -0.0108850000 0.0005387887 0.0551422423
v -0.0108850000 0.0005040654 0.0551411337
v -0.0108850000 0.0004709394 0.0551378080
v -0.0108850000 0.0004394108 0.0551322651
v -0.0108850000 0.0004094794 0.0551245052
v -0.0108850000 0.0003811453 0.0551145280
v -0.0108850000 0.0003544085 0.0551023338
v -0.0108850000 0.0003292690 0.0550879224
v -0.0108850000 0.0003057268 0.0550712938
v -0.0108850000 0.0002837819 0.0550524481
v -0.0108850000 0.0002634343 0.0550313853
v -0.0108850000 0.0002446363 0.0550085226
v -0.0108850000 0.0002273402 0.0549842771
v -0.0108850000 0.0002115461 0.0549586488
v -0.0108850000 0.0001972539 0.0549316379
v -0.0108850000 0.0001844636 0.0549032442
v -0.0108850000 0.0001731753 0.0548734678
v -0.0108850000 0.0001633889 0.0548423086
v -0.0108850000 0.0001551044 0.0548097668
v -0.0108850000 0.0001483218 0.0547758421
v -0.0108850000 0.0001430412 0.0547405348
v -0.0108850000 0.0001001289 0.0543984278
v -0.0108850000 0.0000977925 0.0543841356
v -0.0108850000 0.0000945979 0.0543708209
v -0.0108850000 0.0000905451 0.0543584836
v -0.0108850000 0.0007295580 0.0546219774
v -0.0108850000 0.0007258866 0.0545998299
v -0.0108850000 0.0007211662 0.0545778254
v -0.0108850000 0.0007153969 0.0545559639
v -0.0108850000 0.0007085786 0.0545342455
v -0.0108850000 0.0007007113 0.0545126701
v -0.0108850000 0.0006917951 0.0544912378
v -0.0108850000 0.0006818299 0.0544699485
v -0.0108850000 0.0006633180 0.0544359762
v -0.0108850000 0.0006425889 0.0544055799
v -0.0108850000 0.0006196427 0.0543787597
v -0.0108850000 0.0005944794 0.0543555155
v -0.0108850000 0.0005670989 0.0543358473
v -0.0108850000 0.0005375013 0.0543197552
v -0.0108850000 0.0005056865 0.0543072390
v -0.0108850000 0.0004716546 0.0542982990
v -0.0108850000 0.0004354056 0.0542929349
v -0.0108850000 0.0003969394 0.0542911469
v -0.0108850000 0.0002240979 0.0542911469
v -0.0108850000 0.0002290209 0.0542992407
v -0.0108850000 0.0002337771 0.0543077874
v -0.0108850000 0.0002383663 0.0543167870
v -0.0108850000 0.0002427887 0.0543262397
v -0.0108850000 0.0002470441 0.0543361453
v -0.0108850000 0.0002511327 0.0543465039
v -0.0108850000 0.0002550544 0.0543573154
v -0.0108850000 0.0002588093 0.0543685799
v -0.0108850000 0.0002623972 0.0543802974
v -0.0108850000 0.0002658183 0.0543924678
v -0.0108850000 0.0002690606 0.0544048409
v -0.0108850000 0.0002721121 0.0544171662
v -0.0108850000 0.0002749729 0.0544294439
v -0.0108850000 0.0002776430 0.0544416740
v -0.0108850000 0.0002801224 0.0544538563
v -0.0108850000 0.0002824111 0.0544659910
v -0.0108850000 0.0002845090 0.0544780780
v -0.0108850000 0.0002864162 0.0544901173
v -0.0108850000 0.0002881327 0.0545021089
v -0.0108850000 0.0002896585 0.0545140528
v -0.0108850000 0.0003063466 0.0546439820
v -0.0108850000 0.0003096247 0.0546667613
v -0.0108850000 0.0003132603 0.0546883724
v -0.0108850000 0.0003172535 0.0547088154
v -0.0108850000 0.0003216044 0.0547280902
v -0.0108850000 0.0003263128 0.0547461968
v -0.0108850000 0.0003313789 0.0547631353
v -0.0108850000 0.0003368025 0.0547789056
v -0.0108850000 0.0003425838 0.0547935077
v -0.0108850000 0.0003487226 0.0548069417
v -0.0108850000 0.0003552191 0.0548192075
v -0.0108850000 0.0003670915 0.0548380055
v -0.0108850000 0.0003802990 0.0548548247
v -0.0108850000 0.0003948415 0.0548696653
v -0.0108850000 0.0004107191 0.0548825271
v -0.0108850000 0.0004279317 0.0548934101
v -0.0108850000 0.0004464794 0.0549023144
v -0.0108850000 0.0004663621 0.0549092400
v -0.0108850000 0.0004875799 0.0549141869
v -0.0108850000 0.0005101327 0.0549171550
v -0.0108850000 0.0005340206 0.0549181443
v -0.0108850000 0.0005522226 0.0549174649
v -0.0108850000 0.0005696379 0.0549154265
v -0.0108850000 0.0005862664 0.0549120293
v -0.0108850000 0.0006021082 0.0549072732
v -0.0108850000 0.0006171633 0.0549011582
v -0.0108850000 0.0006314317 0.0548936843
v -0.0108850000 0.0006449133 0.0548848515
v -0.0108850000 0.0006576082 0.0548746598
v -0.0108850000 0.0006695164 0.0548631092
v -0.0108850000 0.0006806379 0.0548501997
v -0.0108850000 0.0006908296 0.0548363605
v -0.0108850000 0.0006999485 0.0548220206
v -0.0108850000 0.0007079945 0.0548071801
v -0.0108850000 0.0007149678 0.0547918389
v -0.0108850000 0.0007208682 0.0547759971
v -0.0108850000 0.0007256959 0.0547596546
v -0.0108850000 0.0007294507 0.0547428115
v -0.0108850000 0.0007321327 0.0547254678
v -0.0108850000 0.0007337419 0.0547076234
v -0.0108850000 0.0007342784 0.0546892784
v -0.0108850000 0.0007337539 0.0546667017
v -0.0108850000 0.0007321804 0.0546442680
v -0.0108970000 0.0000856340 0.0543471237
v -0.0108970000 0.0000798647 0.0543367413
v -0.0108970000 0.0000732371 0.0543273363
v -0.0108970000 0.0000657513 0.0543189088
v -0.0108970000 0.0000574072 0.0543114588
v -0.0108970000 0.0000482049 0.0543049861
v -0.0108970000 0.0000381443 0.0542994910
v -0.0108970000 0.0000321724 0.0542967732
v -0.0108970000 0.0000256997 0.0542943415
v -0.0108970000 0.0000187265 0.0542921959
v -0.0108970000 0.0000112526 0.0542903363
v -0.0108970000 0.0000032780 0.0542887629
v -0.0108970000 -0.0000051972 0.0542874755
v -0.0108970000 -0.0000141730 0.0542864742
v -0.0108970000 -0.0000236495 0.0542857590
v -0.0108970000 -0.0000336266 0.0542853299
v -0.0108970000 -0.0000441044 0.0542851869
v -0.0108970000 -0.0000654354 0.0542859676
v -0.0108970000 -0.0000855625 0.0542883099
v -0.0108970000 -0.0001044857 0.0542922138
v -0.0108970000 -0.0001222049 0.0542976791
v -0.0108970000 -0.0001387202 0.0543047060
v -0.0108970000 -0.0001540316 0.0543132945
v -0.0108970000 -0.0001681390 0.0543234444
v -0.0108970000 -0.0001810425 0.0543351559
v -0.0108970000 -0.0001927421 0.0543484290
v -0.0108970000 -0.0002032378 0.0543632635
v -0.0108970000 -0.0002126368 0.0543795524
v -0.0108970000 -0.0002210464 0.0543971881
v -0.0108970000 -0.0002284667 0.0544161709
v -0.0108970000 -0.0002348976 0.0544365006
v -0.0108970000 -0.0002403391 0.0544581774
v -0.0108970000 -0.0002447912 0.0544812010
v -0.0108970000 -0.0002482540 0.0545055717
v -0.0108970000 -0.0002507274 0.0545312893
v -0.0108970000 -0.0002522115 0.0545583539
v -0.0108970000 -0.0002527062 0.0545867655
v -0.0108970000 -0.0002518003 0.0546194027
v -0.0108970000 -0.0002490825 0.0546500851
v -0.0108970000 -0.0002445528 0.0546788125
v -0.0108970000 -0.0002382113 0.0547055851
v -0.0108970000 -0.0002300580 0.0547304027
v -0.0108970000 -0.0002200928 0.0547532655
v -0.0108970000 -0.0002083157 0.0547741733
v -0.0108970000 -0.0001947268 0.0547931263
v -0.0108970000 -0.0001793260 0.0548101244
v -0.0108970000 -0.0001621134 0.0548251675
v -0.0108970000 -0.0001516118 0.0548327606
v -0.0108970000 -0.0001401327 0.0548398054
v -0.0108970000 -0.0001276762 0.0548463019
v -0.0108970000 -0.0001142423 0.0548522500
v -0.0108970000 -0.0000998309 0.0548576498
v -0.0108970000 -0.0000844420 0.0548625013
v -0.0108970000 -0.0000680757 0.0548668044
v -0.0108970000 -0.0000507320 0.0548705593
v -0.0108970000 -0.0000324108 0.0548737658
v -0.0108970000 -0.0000131121 0.0548764240
v -0.0108970000 -0.0000131121 0.0550766817
v -0.0108970000 -0.0000588793 0.0550740772
v -0.0108970000 -0.0001017738 0.0550686476
v -0.0108970000 -0.0001417956 0.0550603929
v -0.0108970000 -0.0001789446 0.0550493131
v -0.0108970000 -0.0002132208 0.0550354083
v -0.0108970000 -0.0002446244 0.0550186785
v -0.0108970000 -0.0002731551 0.0549991236
v -0.0108970000 -0.0002988131 0.0549767436
v -0.0108970000 -0.0003215984 0.0549515385
v -0.0108970000 -0.0003415110 0.0549235084
v -0.0108970000 -0.0003590633 0.0548935949
v -0.0108970000 -0.0003747680 0.0548627397
v -0.0108970000 -0.0003886252 0.0548309428
v -0.0108970000 -0.0004006347 0.0547982043
v -0.0108970000 -0.0004107966 0.0547645240
v -0.0108970000 -0.0004191108 0.0547299021
v -0.0108970000 -0.0004255775 0.0546943384
v -0.0108970000 -0.0004301965 0.0546578331
v -0.0108970000 -0.0004329679 0.0546203861
v -0.0108970000 -0.0004338918 0.0545819974
v -0.0108970000 -0.0004330335 0.0545377858
v -0.0108970000 -0.0004304588 0.0544952668
v -0.0108970000 -0.0004261675 0.0544544404
v -0.0108970000 -0.0004201598 0.0544153067
v -0.0108970000 -0.0004124356 0.0543778657
v -0.0108970000 -0.0004029948 0.0543421173
v -0.0108970000 -0.0003918376 0.0543080615
v -0.0108970000 -0.0003789639 0.0542756985
v -0.0108970000 -0.0003643737 0.0542450280
v -0.0108970000 -0.0003480670 0.0542160503
v -0.0108970000 -0.0003299485 0.0541895519
v -0.0108970000 -0.0003099227 0.0541658428
v -0.0108970000 -0.0002879897 0.0541449230
v -0.0108970000 -0.0002641495 0.0541267925
v -0.0108970000 -0.0002384021 0.0541114514
v -0.0108970000 -0.0002107474 0.0540988995
v -0.0108970000 -0.0001811856 0.0540891369
v -0.0108970000 -0.0001497165 0.0540821637
v -0.0108970000 -0.0001163402 0.0540779797
v -0.0108970000 -0.0000810567 0.0540765851
v -0.0108970000 0.0006544137 0.0540765851
v -0.0108970000 0.0006609578 0.0540764480
v -0.0108970000 0.0006672397 0.0540760367
v -0.0108970000 0.0006732593 0.0540753513
v -0.0108970000 0.0006790168 0.0540743918
v -0.0108970000 0.0006845119 0.0540731580
v -0.0108970000 0.0006897448 0.0540716501
v -0.0108970000 0.0006947155 0.0540698681
v -0.0108970000 0.0006994240 0.0540678119
v -0.0108970000 0.0007038702 0.0540654815
v -0.0108970000 0.0007080541 0.0540628769
v -0.0108970000 0.0007119043 0.0540598313
v -0.0108970000 0.0007153492 0.0540561778
v -0.0108970000 0.0007183889 0.0540519164
v -0.0108970000 0.0007210232 0.0540470470
v -0.0108970000 0.0007232523 0.0540415697
v -0.0108970000 0.0007250760 0.0540354845
v -0.0108970000 0.0007264945 0.0540287914
v -0.0108970000 0.0007275077 0.0540214903
v -0.0108970000 0.0007281157 0.0540135813
v -0.0108970000 0.0007283183 0.0540050644
v -0.0108970000 0.0007283004 0.0540021678
v -0.0108970000 0.0007282468 0.0539991997
v -0.0108970000 0.0007281574 0.0539961601
v -0.0108970000 0.0007280322 0.0539930490
v -0.0108970000 0.0007278713 0.0539898663
v -0.0108970000 0.0007276746 0.0539866121
v -0.0108970000 0.0007274422 0.0539832864
v -0.0108970000 0.0007271740 0.0539798892
v -0.0108970000 0.0007268700 0.0539764204
v -0.0108970000 0.0007265303 0.0539728802
v -0.0108970000 0.0007261548 0.0539692803
v -0.0108970000 0.0007257436 0.0539656327
v -0.0108970000 0.0007252966 0.0539619375
v -0.0108970000 0.0007248138 0.0539581946
v -0.0108970000 0.0007242953 0.0539544040
v -0.0108970000 0.0007237410 0.0539505657
v -0.0108970000 0.0007231509 0.0539466798
v -0.0108970000 0.0007225251 0.0539427461
v -0.0108970000 0.0007218636 0.0539387648
v -0.0108970000 0.0007211662 0.0539347358
v -0.0108970000 0.0008797036 0.0539347358
v -0.0108970000 0.0008824572 0.0539445103
v -0.0108970000 0.0008849961 0.0539538080
v -0.0108970000 0.0008873206 0.0539626289
v -0.0108970000 0.0008894304 0.0539709729
v -0.0108970000 0.0008913257 0.0539788402
v -0.0108970000 0.0008930064 0.0539862307
v -0.0108970000 0.0008944726 0.0539931443
v -0.0108970000 0.0008957242 0.0539995812
v -0.0108970000 0.0008967613 0.0540055412
v -0.0108970000 0.0008975838 0.0540110245
v -0.0108970000 0.0008982632 0.0540164601
v -0.0108970000 0.0008988711 0.0540222771
v -0.0108970000 0.0008994075 0.0540284755
v -0.0108970000 0.0008998724 0.0540350554
v -0.0108970000 0.0009002658 0.0540420168
v -0.0108970000 0.0009005876 0.0540493595
v -0.0108970000 0.0009008380 0.0540570838
v -0.0108970000 0.0009010168 0.0540651894
v -0.0108970000 0.0009011240 0.0540736765
v -0.0108970000 0.0009011598 0.0540825451
v -0.0108970000 0.0009003731 0.0541041086
v -0.0108970000 0.0008980129 0.0541244562
v -0.0108970000 0.0008940793 0.0541435880
v -0.0108970000 0.0008885722 0.0541615039
v -0.0108970000 0.0008814916 0.0541782039
v -0.0108970000 0.0008728376 0.0541936881
v -0.0108970000 0.0008626102 0.0542079565
v -0.0108970000 0.0008508093 0.0542210090
v -0.0108970000 0.0008374349 0.0542328457
v -0.0108970000 0.0008224871 0.0542434665
v -0.0108970000 0.0008137974 0.0542485564
v -0.0108970000 0.0008044162 0.0542533363
v -0.0108970000 0.0007943438 0.0542578064
v -0.0108970000 0.0007835799 0.0542619665
v -0.0108970000 0.0007721247 0.0542658167
v -0.0108970000 0.0007599781 0.0542693570
v -0.0108970000 0.0007471401 0.0542725873
v -0.0108970000 0.0007336108 0.0542755077
v -0.0108970000 0.0007193901 0.0542781182
v -0.0108970000 0.0007044781 0.0542804188
v -0.0108970000 0.0007214166 0.0542941031
v -0.0108970000 0.0007379021 0.0543089317
v -0.0108970000 0.0007539346 0.0543249046
v -0.0108970000 0.0007695142 0.0543420219
v -0.0108970000 0.0007846408 0.0543602835
v -0.0108970000 0.0007993144 0.0543796894
v -0.0108970000 0.0008135351 0.0544002397
v -0.0108970000 0.0008273028 0.0544219343
v -0.0108970000 0.0008406176 0.0544447732
v -0.0108970000 0.0008534794 0.0544687564
v -0.0108970000 0.0008654829 0.0544935622
v -0.0108970000 0.0008762229 0.0545188686
v -0.0108970000 0.0008856994 0.0545446756
v -0.0108970000 0.0008939124 0.0545709832
v -0.0108970000 0.0009008618 0.0545977916
v -0.0108970000 0.0009065477 0.0546251005
v -0.0108970000 0.0009109700 0.0546529101
v -0.0108970000 0.0009141289 0.0546812204
v -0.0108970000 0.0009160242 0.0547100312
v -0.0108970000 0.0009166559 0.0547393428
v -0.0108970000 0.0009155772 0.0547742150
v -0.0108970000 0.0009123409 0.0548077880
v -0.0108970000 0.0009069470 0.0548400617
v -0.0108970000 0.0008993956 0.0548710361
v -0.0108970000 0.0008896867 0.0549007112
v -0.0108970000 0.0008778202 0.0549290870
v -0.0108970000 0.0008637962 0.0549561635
v -0.0108970000 0.0008476147 0.0549819407
v -0.0108970000 0.0008292756 0.0550064187
v -0.0108970000 0.0008087790 0.0550295973
v -0.0108970000 0.0007866612 0.0550509998
v -0.0108970000 0.0007634588 0.0550701495
v -0.0108970000 0.0007391716 0.0550870462
v -0.0108970000 0.0007137996 0.0551016901
v -0.0108970000 0.0006873429 0.0551140810
v -0.0108970000 0.0006598015 0.0551242191
v -0.0108970000 0.0006311754 0.0551321042
v -0.0108970000 0.0006014646 0.0551377365
v -0.0108970000 0.0005706690 0.0551411158
v -0.0108970000 0.0005387887 0.0551422423
v -0.0108970000 0.0005040654 0.0551411337
v -0.0108970000 0.0004709394 0.0551378080
v -0.0108970000 0.0004394108 0.0551322651
v -0.0108970000 0.0004094794 0.0551245052
v -0.0108970000 0.0003811453 0.0551145280
v -0.0108970000 0.0003544085 0.0551023338
v -0.0108970000 0.0003292690 0.0550879224
v -0.0108970000 0.0003057268 0.0550712938
v -0.0108970000 0.0002837819 0.0550524481
v -0.0108970000 0.0002634343 0.0550313853
v -0.0108970000 0.0002446363 0.0550085226
v -0.0108970000 0.0002273402 0.0549842771
v -0.0108970000 0.0002115461 0.0549586488
v -0.0108970000 0.0001972539 0.0549316379
v -0.0108970000 0.0001844636 0.0549032442
v -0.0108970000 0.0001731753 0.0548734678
v -0.0108970000 0.0001633889 0.0548423086
v -0.0108970000 0.0001551044 0.0548097668
v -0.0108970000 0.0001483218 0.0547758421
v -0.0108970000 0.0001430412 0.0547405348
v -0.0108970000 0.0001001289 0.0543984278
v -0.0108970000 0.0000977925 0.0543841356
v -0.0108970000 0.0000945979 0.0543708209
v -0.0108970000 0.0000905451 0.0543584836
v -0.0108970000 0.0007295580 0.0546219774
v -0.0108970000 0.0007258866 0.0545998299
v -0.0108970000 0.0007211662 0.0545778254
v -0.0108970000 0.0007153969 0.0545559639
v -0.0108970000 0.0007085786 0.0545342455
v -0.0108970000 0.0007007113 0.0545126701
v -0.0108970000 0.0006917951 0.0544912378
v -0.0108970000 0.0006818299 0.0544699485
v -0.0108970000 0.0006633180 0.0544359762
v -0.0108970000 0.0006425889 0.0544055799
v -0.0108970000 0.0006196427 0.0543787597
v -0.0108970000 0.0005944794 0.0543555155
v -0.0108970000 0.0005670989 0.0543358473
v -0.0108970000 0.0005375013 0.0543197552
v -0.0108970000 0.0005056865 0.0543072390
v -0.0108970000 0.0004716546 0.0542982990
v -0.0108970000 0.0004354056 0.0542929349
v -0.0108970000 0.0003969394 0.0542911469
v -0.0108970000 0.0002240979 0.0542911469
v -0.0108970000 0.0002290209 0.0542992407
v -0.0108970000 0.0002337771 0.0543077874
v -0.0108970000 0.0002383663 0.0543167870
v -0.0108970000 0.0002427887 0.0543262397
v -0.0108970000 0.0002470441 0.0543361453
v -0.0108970000 0.0002511327 0.0543465039
v -0.0108970000 0.0002550544 0.0543573154
v -0.0108970000 0.0002588093 0.0543685799
v -0.0108970000 0.0002623972 0.0543802974
v -0.0108970000 0.0002658183 0.0543924678
v -0.0108970000 0.0002690606 0.0544048409
v -0.0108970000 0.0002721121 0.0544171662
v -0.0108970000 0.0002749729 0.0544294439
v -0.0108970000 0.0002776430 0.0544416740
v -0.0108970000 0.0002801224 0.0544538563
v -0.0108970000 0.0002824111 0.0544659910
v -0.0108970000 0.0002845090 0.0544780780
v -0.0108970000 0.0002864162 0.0544901173
v -0.0108970000 0.0002881327 0.0545021089
v -0.0108970000 0.0002896585 0.0545140528
v -0.0108970000 0.0003063466 0.0546439820
v -0.0108970000 0.0003096247 0.0546667613
v -0.0108970000 0.0003132603 0.0546883724
v -0.0108970000 0.0003172535 0.0547088154
v -0.0108970000 0.0003216044 0.0547280902
v -0.0108970000 0.0003263128 0.0547461968
v -0.0108970000 0.0003313789 0.0547631353
v -0.0108970000 0.0003368025 0.0547789056
v -0.0108970000 0.0003425838 0.0547935077
v -0.0108970000 0.0003487226 0.0548069417
v -0.0108970000 0.0003552191 0.0548192075
v -0.0108970000 0.0003670915 0.0548380055
v -0.0108970000 0.0003802990 0.0548548247
v -0.0108970000 0.0003948415 0.0548696653
v -0.0108970000 0.0004107191 0.0548825271
v -0.0108970000 0.0004279317 0.0548934101
v -0.0108970000 0.0004464794 0.0549023144
v -0.0108970000 0.0004663621 0.0549092400
v -0.0108970000 0.0004875799 0.0549141869
v -0.0108970000 0.0005101327 0.0549171550
v -0.0108970000 0.0005340206 0.0549181443
v -0.0108970000 0.0005522226 0.0549174649
v -0.0108970000 0.0005696379 0.0549154265
v -0.0108970000 0.0005862664 0.0549120293
v -0.0108970000 0.0006021082 0.0549072732
v -0.0108970000 0.0006171633 0.0549011582
v -0.0108970000 0.0006314317 0.0548936843
v -0.0108970000 0.0006449133 0.0548848515
v -0.0108970000 0.0006576082 0.0548746598
v -0.0108970000 0.0006695164 0.0548631092
v -0.0108970000 0.0006806379 0.0548501997
v -0.0108970000 0.0006908296 0.0548363605
v -0.0108970000 0.0006999485 0.0548220206
v -0.0108970000 0.0007079945 0.0548071801
v -0.0108970000 0.0007149678 0.0547918389
v -0.0108970000 0.0007208682 0.0547759971
v -0.0108970000 0.0007256959 0.0547596546
v -0.0108970000 0.0007294507 0.0547428115
v -0.0108970000 0.0007321327 0.0547254678
v -0.0108970000 0.0007337419 0.0547076234
v -0.0108970000 0.0007342784 0.0546892784
v -0.0108970000 0.0007337539 0.0546667017
v -0.0108970000 0.0007321804 0.0546442680
v -0.0108850000 0.0004405193 0.0535881946
v -0.0108850000 0.0004673157 0.0535829974
v -0.0108850000 0.0004923003 0.0535771327
v -0.0108850000 0.0005154729 0.0535706005
v -0.0108850000 0.0005368338 0.0535634008
v -0.0108850000 0.0005563827 0.0535555335
v -0.0108850000 0.0005741198 0.0535469987
v -0.0108850000 0.0005900451 0.0535377964
v -0.0108850000 0.0006156376 0.0535197613
v -0.0108850000 0.0006385361 0.0534990322
v -0.0108850000 0.0006587407 0.0534756092
v -0.0108850000 0.0006762513 0.0534494923
v -0.0108850000 0.0006910680 0.0534206814
v -0.0108850000 0.0007031907 0.0533891765
v -0.0108850000 0.0007126195 0.0533549778
v -0.0108850000 0.0007193544 0.0533180851
v -0.0108850000 0.0007233953 0.0532784984
v -0.0108850000 0.0007247423 0.0532362178
v -0.0108850000 0.0007238363 0.0532030322
v -0.0108850000 0.0007211186 0.0531711817
v -0.0108850000 0.0007165889 0.0531406662
v -0.0108850000 0.0007102474 0.0531114858
v -0.0108850000 0.0007020941 0.0530836405
v -0.0108850000 0.0006921289 0.0530571302
v -0.0108850000 0.0006803518 0.0530319549
v -0.0108850000 0.0006667629 0.0530081147
v -0.0108850000 0.0006513621 0.0529856095
v -0.0108850000 0.0006341495 0.0529644394
v -0.0108850000 0.0006155064 0.0529449620
v -0.0108850000 0.0005958144 0.0529275348
v -0.0108850000 0.0005750735 0.0529121579
v -0.0108850000 0.0005532835 0.0528988312
v -0.0108850000 0.0005304446 0.0528875548
v -0.0108850000 0.0005065567 0.0528783286
v -0.0108850000 0.0004816198 0.0528711527
v -0.0108850000 0.0004556340 0.0528660271
v -0.0108850000 0.0004285992 0.0528629517
v -0.0108850000 0.0004005155 0.0528619265
v -0.0108850000 0.0003662928 0.0528630053
v -0.0108850000 0.0003341920 0.0528662416
v -0.0108850000 0.0003042130 0.0528716355
v -0.0108850000 0.0002763557 0.0528791869
v -0.0108850000 0.0002506202 0.0528888958
v -0.0108850000 0.0002270064 0.0529007622
v -0.0108850000 0.0002055145 0.0529147862
v -0.0108850000 0.0001861443 0.0529309678
v -0.0108850000 0.0001688959 0.0529493069
v -0.0108850000 0.0001537693 0.0529698035
v -0.0108850000 0.0001404069 0.0529922192
v -0.0108850000 0.0001284510 0.0530163157
v -0.0108850000 0.0001179017 0.0530420929
v -0.0108850000 0.0001087590 0.0530695509
v -0.0108850000 0.0001010229 0.0530986896
v -0.0108850000 0.0000946933 0.0531295090
v -0.0108850000 0.0000897703 0.0531620092
v -0.0108850000 0.0000862539 0.0531961901
v -0.0108850000 0.0000841440 0.0532320517
v -0.0108850000 0.0000834407 0.0532695941
v -0.0108850000 0.0000834467 0.0532738913
v -0.0108850000 0.0000834646 0.0532782004
v -0.0108850000 0.0000834944 0.0532825214
v -0.0108850000 0.0000835361 0.0532868544
v -0.0108850000 0.0000835897 0.0532911993
v -0.0108850000 0.0000836553 0.0532955561
v -0.0108850000 0.0000837328 0.0532999248
v -0.0108850000 0.0000838222 0.0533043054
v -0.0108850000 0.0000839235 0.0533086980
v -0.0108850000 0.0000840367 0.0533131024
v -0.0108850000 0.0000841619 0.0533175188
v -0.0108850000 0.0000842990 0.0533219472
v -0.0108850000 0.0000844480 0.0533263874
v -0.0108850000 0.0000846089 0.0533308396
v -0.0108850000 0.0000847817 0.0533353036
v -0.0108850000 0.0000849665 0.0533397796
v -0.0108850000 0.0000851632 0.0533442676
v -0.0108850000 0.0000853718 0.0533487674
v -0.0108850000 0.0000855923 0.0533532792
v -0.0108850000 0.0000858247 0.0533578028
v -0.0108850000 -0.0001037049 0.0533578028
v -0.0108850000 -0.0001030135 0.0533512349
v -0.0108850000 -0.0001023698 0.0533448814
v -0.0108850000 -0.0001017738 0.0533387426
v -0.0108850000 -0.0001012255 0.0533328183
v -0.0108850000 -0.0001007249 0.0533271086
v -0.0108850000 -0.0001002719 0.0533216134
v -0.0108850000 -0.0000998666 0.0533163328
v -0.0108850000 -0.0000995090 0.0533112668
v -0.0108850000 -0.0000991991 0.0533064153
v -0.0108850000 -0.0000989369 0.0533017784
v -0.0108850000 -0.0000987104 0.0532972130
v -0.0108850000 -0.0000985077 0.0532925760
v -0.0108850000 -0.0000983289 0.0532878676
v -0.0108850000 -0.0000981740 0.0532830876
v -0.0108850000 -0.0000980428 0.0532782361
v -0.0108850000 -0.0000979356 0.0532733131
v -0.0108850000 -0.0000978521 0.0532683186
v -0.0108850000 -0.0000977925 0.0532632526
v -0.0108850000 -0.0000977568 0.0532581150
v -0.0108850000 -0.0000977448 0.0532529059
v -0.0108850000 -0.0000981263 0.0532292564
v -0.0108850000 -0.0000992706 0.0532064652
v -0.0108850000 -0.0001011778 0.0531845322
v -0.0108850000 -0.0001038479 0.0531634575
v -0.0108850000 -0.0001072809 0.0531432410
v -0.0108850000 -0.0001114768 0.0531238827
v -0.0108850000 -0.0001164356 0.0531053827
v -0.0108850000 -0.0001221572 0.0530877410
v -0.0108850000 -0.0001286418 0.0530709575
v -0.0108850000 -0.0001358892 0.0530550322
v -0.0108850000 -0.0001502887 0.0530292133
v -0.0108850000 -0.0001667861 0.0530061121
v -0.0108850000 -0.0001853814 0.0529857287
v -0.0108850000 -0.0002060747 0.0529680631
v -0.0108850000 -0.0002288660 0.0529531153
v -0.0108850000 -0.0002537552 0.0529408853
v -0.0108850000 -0.0002807423 0.0529313731
v -0.0108850000 -0.0003098273 0.0529245786
v -0.0108850000 -0.0003410103 0.0529205019
v -0.0108850000 -0.0003742912 0.0529191430
v -0.0108850000 -0.0003992162 0.0529200490
v -0.0108850000 -0.0004229729 0.0529227668
v -0.0108850000 -0.0004455615 0.0529272964
v -0.0108850000 -0.0004669820 0.0529336379
v -0.0108850000 -0.0004872342 0.0529417912
v -0.0108850000 -0.0005063183 0.0529517564
v -0.0108850000 -0.0005242342 0.0529635335
v -0.0108850000 -0.0005409820 0.0529771224
v -0.0108850000 -0.0005565615 0.0529925232
v -0.0108850000 -0.0005709729 0.0530097358
v -0.0108850000 -0.0005841089 0.0530281524
v -0.0108850000 -0.0005958621 0.0530471649
v -0.0108850000 -0.0006062326 0.0530667735
v -0.0108850000 -0.0006152204 0.0530869781
v -0.0108850000 -0.0006228254 0.0531077787
v -0.0108850000 -0.0006290477 0.0531291753
v -0.0108850000 -0.0006338872 0.0531511678
v -0.0108850000 -0.0006373441 0.0531737564
v -0.0108850000 -0.0006394182 0.0531969410
v -0.0108850000 -0.0006401095 0.0532207216
v -0.0108850000 -0.0006386791 0.0532623109
v -0.0108850000 -0.0006343879 0.0533012539
v -0.0108850000 -0.0006272358 0.0533375506
v -0.0108850000 -0.0006172229 0.0533712010
v -0.0108850000 -0.0006043492 0.0534022052
v -0.0108850000 -0.0005886147 0.0534305631
v -0.0108850000 -0.0005700193 0.0534562748
v -0.0108850000 -0.0005485631 0.0534793402
v -0.0108850000 -0.0005242461 0.0534997593
v -0.0108850000 -0.0004970683 0.0535175322
v -0.0108850000 -0.0004806662 0.0535261981
v -0.0108850000 -0.0004629291 0.0535340773
v -0.0108850000 -0.0004438570 0.0535411698
v -0.0108850000 -0.0004234497 0.0535474755
v -0.0108850000 -0.0004017075 0.0535529945
v -0.0108850000 -0.0003786302 0.0535577268
v -0.0108850000 -0.0003542178 0.0535616724
v -0.0108850000 -0.0003284704 0.0535648312
v -0.0108850000 -0.0003013879 0.0535672033
v -0.0108850000 -0.0002729704 0.0535687887
v -0.0108850000 -0.0002729704 0.0537809665
v -0.0108850000 -0.0003105425 0.0537802036
v -0.0108850000 -0.0003469704 0.0537779149
v -0.0108850000 -0.0003822539 0.0537741005
v -0.0108850000 -0.0004163930 0.0537687603
v -0.0108850000 -0.0004493879 0.0537618943
v -0.0108850000 -0.0004812384 0.0537535026
v -0.0108850000 -0.0005119446 0.0537435851
v -0.0108850000 -0.0005415064 0.0537321418
v -0.0108850000 -0.0005699240 0.0537191727
v -0.0108850000 -0.0005971972 0.0537046778
v -0.0108850000 -0.0006424936 0.0536764630
v -0.0108850000 -0.0006830219 0.0536442668
v -0.0108850000 -0.0007187822 0.0536080892
v -0.0108850000 -0.0007497745 0.0535679304
v -0.0108850000 -0.0007759987 0.0535237903
v -0.0108850000 -0.0007974549 0.0534756688
v -0.0108850000 -0.0008141430 0.0534235660
v -0.0108850000 -0.0008260631 0.0533674820
v -0.0108850000 -0.0008332152 0.0533074166
v -0.0108850000 -0.0008355992 0.0532433698
v -0.0108850000 -0.0008344370 0.0531923399
v -0.0108850000 -0.0008309504 0.0531436701
v -0.0108850000 -0.0008251393 0.0530973605
v -0.0108850000 -0.0008170039 0.0530534111
v -0.0108850000 -0.0008065440 0.0530118218
v -0.0108850000 -0.0007937597 0.0529725928
v -0.0108850000 -0.0007786509 0.0529357239
v -0.0108850000 -0.0007612178 0.0529012152
v -0.0108850000 -0.0007414602 0.0528690667
v -0.0108850000 -0.0007193782 0.0528392784
v -0.0108850000 -0.0006950910 0.0528121005
v -0.0108850000 -0.0006687178 0.0527877835
v -0.0108850000 -0.0006402585 0.0527663273
v -0.0108850000 -0.0006097133 0.0527477320
v -0.0108850000 -0.0005770820 0.0527319974
v -0.0108850000 -0.0005423647 0.0527191237
v -0.0108850000 -0.0005055614 0.0527091108
v -0.0108850000 -0.0004666720 0.0527019588
v -0.0108850000 -0.0004256967 0.0526976675
v -0.0108850000 -0.0003826353 0.0526962371
v -0.0108850000 -0.0003517622 0.0526970834
v -0.0108850000 -0.0003220812 0.0526996224
v -0.0108850000 -0.0002935921 0.0527038541
v -0.0108850000 -0.0002662951 0.0527097784
v -0.0108850000 -0.0002401901 0.0527173953
v -0.0108850000 -0.0002152771 0.0527267049
v -0.0108850000 -0.0001915561 0.0527377072
v -0.0108850000 -0.0001690271 0.0527504021
v -0.0108850000 -0.0001476901 0.0527647896
v -0.0108850000 -0.0001275451 0.0527808698
v -0.0108850000 -0.0001156488 0.0527916695
v -0.0108850000 -0.0001042771 0.0528030889
v -0.0108850000 -0.0000934298 0.0528151282
v -0.0108850000 -0.0000831070 0.0528277874
v -0.0108850000 -0.0000733086 0.0528410664
v -0.0108850000 -0.0000640348 0.0528549652
v -0.0108850000 -0.0000552854 0.0528694839
v -0.0108850000 -0.0000470606 0.0528846224
v -0.0108850000 -0.0000393602 0.0529003808
v -0.0108850000 -0.0000321843 0.0529167590
v -0.0108850000 -0.0000241084 0.0528904096
v -0.0108850000 -0.0000146617 0.0528652403
v -0.0108850000 -0.0000038442 0.0528412511
v -0.0108850000 0.0000083441 0.0528184420
v -0.0108850000 0.0000219032 0.0527968130
v -0.0108850000 0.0000368331 0.0527763640
v -0.0108850000 0.0000531339 0.0527570952
v -0.0108850000 0.0000708054 0.0527390064
v -0.0108850000 0.0000898478 0.0527220978
v -0.0108850000 0.0001102610 0.0527063692
v -0.0108850000 0.0001318304 0.0526919876
v -0.0108850000 0.0001543415 0.0526791198
v -0.0108850000 0.0001777943 0.0526677659
v -0.0108850000 0.0002021888 0.0526579259
v -0.0108850000 0.0002275250 0.0526495997
v -0.0108850000 0.0002538028 0.0526427874
v -0.0108850000 0.0002810224 0.0526374889
v -0.0108850000 0.0003091836 0.0526337043
v -0.0108850000 0.0003382866 0.0526314335
v -0.0108850000 0.0003683312 0.0526306765
v -0.0108850000 0.0004162977 0.0526322858
v -0.0108850000 0.0004624523 0.0526371134
v -0.0108850000 0.0005067951 0.0526451595
v -0.0108850000 0.0005493260 0.0526564240
v -0.0108850000 0.0005900451 0.0526709069
v -0.0108850000 0.0006289523 0.0526886082
v -0.0108850000 0.0006660477 0.0527095280
v -0.0108850000 0.0007013312 0.0527336662
v -0.0108850000 0.0007348028 0.0527610229
v -0.0108850000 0.0007664626 0.0527915979
v -0.0108850000 0.0007956788 0.0528251292
v -0.0108850000 0.0008218196 0.0528613544
v -0.0108850000 0.0008448850 0.0529002735
v -0.0108850000 0.0008648750 0.0529418866
v -0.0108850000 0.0008817896 0.0529861936
v -0.0108850000 0.0008956289 0.0530331946
v -0.0108850000 0.0009063927 0.0530828895
v -0.0108850000 0.0009140812 0.0531352784
v -0.0108850000 0.0009186943 0.0531903611
v -0.0108850000 0.0009202320 0.0532481379
v -0.0108850000 0.0009185691 0.0533070292
v -0.0108850000 0.0009135805 0.0533625947
v -0.0108850000 0.0009052663 0.0534148346
v -0.0108850000 0.0008936263 0.0534637487
v -0.0108850000 0.0008786606 0.0535093371
v -0.0108850000 0.0008603692 0.0535515999
v -0.0108850000 0.0008387521 0.0535905369
v -0.0108850000 0.0008138093 0.0536261482
v -0.0108850000 0.0007855408 0.0536584338
v -0.0108850000 0.0007539465 0.0536873937
v -0.0108850000 0.0007199683 0.0537133259
v -0.0108850000 0.0006845477 0.0537365284
v -0.0108850000 0.0006476848 0.0537570011
v -0.0108850000 0.0006093795 0.0537747442
v -0.0108850000 0.0005696319 0.0537897576
v -0.0108850000 0.0005284420 0.0538020412
v -0.0108850000 0.0004858098 0.0538115952
v -0.0108850000 0.0004417352 0.0538184195
v -0.0108850000 0.0003962183 0.0538225140
v -0.0108850000 0.0003492590 0.0538238789
v -0.0108850000 0.0003492590 0.0535997809
v -0.0108850000 0.0003814910 0.0535965863
v -0.0108850000 0.0004119111 0.0535927242
v -0.0108970000 0.0004405193 0.0535881946
v -0.0108970000 0.0004673157 0.0535829974
v -0.0108970000 0.0004923003 0.0535771327
v -0.0108970000 0.0005154729 0.0535706005
v -0.0108970000 0.0005368338 0.0535634008
v -0.0108970000 0.0005563827 0.0535555335
v -0.0108970000 0.0005741198 0.0535469987
v -0.0108970000 0.0005900451 0.0535377964
v -0.0108970000 0.0006156376 0.0535197613
v -0.0108970000 0.0006385361 0.0534990322
v -0.0108970000 0.0006587407 0.0534756092
v -0.0108970000 0.0006762513 0.0534494923
v -0.0108970000 0.0006910680 0.0534206814
v -0.0108970000 0.0007031907 0.0533891765
v -0.0108970000 0.0007126195 0.0533549778
v -0.0108970000 0.0007193544 0.0533180851
v -0.0108970000 0.0007233953 0.0532784984
v -0.0108970000 0.0007247423 0.0532362178
v -0.0108970000 0.0007238363 0.0532030322
v -0.0108970000 0.0007211186 0.0531711817
v -0.0108970000 0.0007165889 0.0531406662
v -0.0108970000 0.0007102474 0.0531114858
v -0.0108970000 0.0007020941 0.0530836405
v -0.0108970000 0.0006921289 0.0530571302
v -0.0108970000 0.0006803518 0.0530319549
v -0.0108970000 0.0006667629 0.0530081147
v -0.0108970000 0.0006513621 0.0529856095
v -0.0108970000 0.0006341495 0.0529644394
v -0.0108970000 0.0006155064 0.0529449620
v -0.0108970000 0.0005958144 0.0529275348
v -0.0108970000 0.0005750735 0.0529121579
v -0.0108970000 0.0005532835 0.0528988312
v -0.0108970000 0.0005304446 0.0528875548
v -0.0108970000 0.0005065567 0.0528783286
v -0.0108970000 0.0004816198 0.0528711527
v -0.0108970000 0.0004556340 0.0528660271
v -0.0108970000 0.0004285992 0.0528629517
v -0.0108970000 0.0004005155 0.0528619265
v -0.0108970000 0.0003662928 0.0528630053
v -0.0108970000 0.0003341920 0.0528662416
v -0.0108970000 0.0003042130 0.0528716355
v -0.0108970000 0.0002763557 0.0528791869
v -0.0108970000 0.0002506202 0.0528888958
v -0.0108970000 0.0002270064 0.0529007622
v -0.0108970000 0.0002055145 0.0529147862
v -0.0108970000 0.0001861443 0.0529309678
v -0.0108970000 0.0001688959 0.0529493069
v -0.0108970000 0.0001537693 0.0529698035
v -0.0108970000 0.0001404069 0.0529922192
v -0.0108970000 0.0001284510 0.0530163157
v -0.0108970000 0.0001179017 0.0530420929
v -0.0108970000 0.0001087590 0.0530695509
v -0.0108970000 0.0001010229 0.0530986896
v -0.0108970000 0.0000946933 0.0531295090
v -0.0108970000 0.0000897703 0.0531620092
v -0.0108970000 0.0000862539 0.0531961901
v -0.0108970000 0.0000841440 0.0532320517
v -0.0108970000 0.0000834407 0.0532695941
v -0.0108970000 0.0000834467 0.0532738913
v -0.0108970000 0.0000834646 0.0532782004
v -0.0108970000 0.0000834944 0.0532825214
v -0.0108970000 0.0000835361 0.0532868544
v -0.0108970000 0.0000835897 0.0532911993
v -0.0108970000 0.0000836553 0.0532955561
v -0.0108970000 0.0000837328 0.0532999248
v -0.0108970000 0.0000838222 0.0533043054
v -0.0108970000 0.0000839235 0.0533086980
v -0.0108970000 0.0000840367 0.0533131024
v -0.0108970000 0.0000841619 0.0533175188
v -0.0108970000 0.0000842990 0.0533219472
v -0.0108970000 0.0000844480 0.0533263874
v -0.0108970000 0.0000846089 0.0533308396
v -0.0108970000 0.0000847817 0.0533353036
v -0.0108970000 0.0000849665 0.0533397796
v -0.0108970000 0.0000851632 0.0533442676
v -0.0108970000 0.0000853718 0.0533487674
v -0.0108970000 0.0000855923 0.0533532792
v -0.0108970000 0.0000858247 0.0533578028
v -0.0108970000 -0.0001037049 0.0533578028
v -0.0108970000 -0.0001030135 0.0533512349
v -0.0108970000 -0.0001023698 0.0533448814
v -0.0108970000 -0.0001017738 0.0533387426
v -0.0108970000 -0.0001012255 0.0533328183
v -0.0108970000 -0.0001007249 0.0533271086
v -0.0108970000 -0.0001002719 0.0533216134
v -0.0108970000 -0.0000998666 0.0533163328
v -0.0108970000 -0.0000995090 0.0533112668
v -0.0108970000 -0.0000991991 0.0533064153
v -0.0108970000 -0.0000989369 0.0533017784
v -0.0108970000 -0.0000987104 0.0532972130
v -0.0108970000 -0.0000985077 0.0532925760
v -0.0108970000 -0.0000983289 0.0532878676
v -0.0108970000 -0.0000981740 0.0532830876
v -0.0108970000 -0.0000980428 0.0532782361
v -0.0108970000 -0.0000979356 0.0532733131
v -0.0108970000 -0.0000978521 0.0532683186
v -0.0108970000 -0.0000977925 0.0532632526
v -0.0108970000 -0.0000977568 0.0532581150
v -0.0108970000 -0.0000977448 0.0532529059
v -0.0108970000 -0.0000981263 0.0532292564
v -0.0108970000 -0.0000992706 0.0532064652
v -0.0108970000 -0.0001011778 0.0531845322
v -0.0108970000 -0.0001038479 0.0531634575
v -0.0108970000 -0.0001072809 0.0531432410
v -0.0108970000 -0.0001114768 0.0531238827
v -0.0108970000 -0.0001164356 0.0531053827
v -0.0108970000 -0.0001221572 0.0530877410
v -0.0108970000 -0.0001286418 0.0530709575
v -0.0108970000 -0.0001358892 0.0530550322
v -0.0108970000 -0.0001502887 0.0530292133
v -0.0108970000 -0.0001667861 0.0530061121
v -0.0108970000 -0.0001853814 0.0529857287
v -0.0108970000 -0.0002060747 0.0529680631
v -0.0108970000 -0.0002288660 0.0529531153
v -0.0108970000 -0.0002537552 0.0529408853
v -0.0108970000 -0.0002807423 0.0529313731
v -0.0108970000 -0.0003098273 0.0529245786
v -0.0108970000 -0.0003410103 0.0529205019
v -0.0108970000 -0.0003742912 0.0529191430
v -0.0108970000 -0.0003992162 0.0529200490
v -0.0108970000 -0.0004229729 0.0529227668
v -0.0108970000 -0.0004455615 0.0529272964
v -0.0108970000 -0.0004669820 0.0529336379
v -0.0108970000 -0.0004872342 0.0529417912
v -0.0108970000 -0.0005063183 0.0529517564
v -0.0108970000 -0.0005242342 0.0529635335
v -0.0108970000 -0.0005409820 0.0529771224
v -0.0108970000 -0.0005565615 0.0529925232
v -0.0108970000 -0.0005709729 0.0530097358
v -0.0108970000 -0.0005841089 0.0530281524
v -0.0108970000 -0.0005958621 0.0530471649
v -0.0108970000 -0.0006062326 0.0530667735
v -0.0108970000 -0.0006152204 0.0530869781
v -0.0108970000 -0.0006228254 0.0531077787
v -0.0108970000 -0.0006290477 0.0531291753
v -0.0108970000 -0.0006338872 0.0531511678
v -0.0108970000 -0.0006373441 0.0531737564
v -0.0108970000 -0.0006394182 0.0531969410
v -0.0108970000 -0.0006401095 0.0532207216
v -0.0108970000 -0.0006386791 0.0532623109
v -0.0108970000 -0.0006343879 0.0533012539
v -0.0108970000 -0.0006272358 0.0533375506
v -0.0108970000 -0.0006172229 0.0533712010
v -0.0108970000 -0.0006043492 0.0534022052
v -0.0108970000 -0.0005886147 0.0534305631
v -0.0108970000 -0.0005700193 0.0534562748
v -0.0108970000 -0.0005485631 0.0534793402
v -0.0108970000 -0.0005242461 0.0534997593
v -0.0108970000 -0.0004970683 0.0535175322
v -0.0108970000 -0.0004806662 0.0535261981
v -0.0108970000 -0.0004629291 0.0535340773
v -0.0108970000 -0.0004438570 0.0535411698
v -0.0108970000 -0.0004234497 0.0535474755
v -0.0108970000 -0.0004017075 0.0535529945
v -0.0108970000 -0.0003786302 0.0535577268
v -0.0108970000 -0.0003542178 0.0535616724
v -0.0108970000 -0.0003284704 0.0535648312
v -0.0108970000 -0.0003013879 0.0535672033
v -0.0108970000 -0.0002729704 0.0535687887
v -0.0108970000 -0.0002729704 0.0537809665
v -0.0108970000 -0.0003105425 0.0537802036
v -0.0108970000 -0.0003469704 0.0537779149
v -0.0108970000 -0.0003822539 0.0537741005
v -0.0108970000 -0.0004163930 0.0537687603
v -0.0108970000 -0.0004493879 0.0537618943
v -0.0108970000 -0.0004812384 0.0537535026
v -0.0108970000 -0.0005119446 0.0537435851
v -0.0108970000 -0.0005415064 0.0537321418
v -0.0108970000 -0.0005699240 0.0537191727
v -0.0108970000 -0.0005971972 0.0537046778
v -0.0108970000 -0.0006424936 0.0536764630
v -0.0108970000 -0.0006830219 0.0536442668
v -0.0108970000 -0.0007187822 0.0536080892
v -0.0108970000 -0.0007497745 0.0535679304
v -0.0108970000 -0.0007759987 0.0535237903
v -0.0108970000 -0.0007974549 0.0534756688
v -0.0108970000 -0.0008141430 0.0534235660
v -0.0108970000 -0.0008260631 0.0533674820
v -0.0108970000 -0.0008332152 0.0533074166
v -0.0108970000 -0.0008355992 0.0532433698
v -0.0108970000 -0.0008344370 0.0531923399
v -0.0108970000 -0.0008309504 0.0531436701
v -0.0108970000 -0.0008251393 0.0530973605
v -0.0108970000 -0.0008170039 0.0530534111
v -0.0108970000 -0.0008065440 0.0530118218
v -0.0108970000 -0.0007937597 0.0529725928
v -0.0108970000 -0.0007786509 0.0529357239
v -0.0108970000 -0.0007612178 0.0529012152
v -0.0108970000 -0.0007414602 0.0528690667
v -0.0108970000 -0.0007193782 0.0528392784
v -0.0108970000 -0.0006950910 0.0528121005
v -0.0108970000 -0.0006687178 0.0527877835
v -0.0108970000 -0.0006402585 0.0527663273
v -0.0108970000 -0.0006097133 0.0527477320
v -0.0108970000 -0.0005770820 0.0527319974
v -0.0108970000 -0.0005423647 0.0527191237
v -0.0108970000 -0.0005055614 0.0527091108
v -0.0108970000 -0.0004666720 0.0527019588
v -0.0108970000 -0.0004256967 0.0526976675
v -0.0108970000 -0.0003826353 0.0526962371
v -0.0108970000 -0.0003517622 0.0526970834
v -0.0108970000 -0.0003220812 0.0526996224
v -0.0108970000 -0.0002935921 0.0527038541
v -0.0108970000 -0.0002662951 0.0527097784
v -0.0108970000 -0.0002401901 0.0527173953
v -0.0108970000 -0.0002152771 0.0527267049
v -0.0108970000 -0.0001915561 0.0527377072
v -0.0108970000 -0.0001690271 0.0527504021
v -0.0108970000 -0.0001476901 0.0527647896
v -0.0108970000 -0.0001275451 0.0527808698
v -0.0108970000 -0.0001156488 0.0527916695
v -0.0108970000 -0.0001042771 0.0528030889
v -0.0108970000 -0.0000934298 0.0528151282
v -0.0108970000 -0.0000831070 0.0528277874
v -0.0108970000 -0.0000733086 0.0528410664
v -0.0108970000 -0.0000640348 0.0528549652
v -0.0108970000 -0.0000552854 0.0528694839
v -0.0108970000 -0.0000470606 0.0528846224
v -0.0108970000 -0.0000393602 0.0529003808
v -0.0108970000 -0.0000321843 0.0529167590
v -0.0108970000 -0.0000241084 0.0528904096
v -0.0108970000 -0.0000146617 0.0528652403
v -0.0108970000 -0.0000038442 0.0528412511
v -0.0108970000 0.0000083441 0.0528184420
v -0.0108970000 0.0000219032 0.0527968130
v -0.0108970000 0.0000368331 0.0527763640
v -0.0108970000 0.0000531339 0.0527570952
v -0.0108970000 0.0000708054 0.0527390064
v -0.0108970000 0.0000898478 0.0527220978
v -0.0108970000 0.0001102610 0.0527063692
v -0.0108970000 0.0001318304 0.0526919876
v -0.0108970000 0.0001543415 0.0526791198
v -0.0108970000 0.0001777943 0.0526677659
v -0.0108970000 0.0002021888 0.0526579259
v -0.0108970000 0.0002275250 0.0526495997
v -0.0108970000 0.0002538028 0.0526427874
v -0.0108970000 0.0002810224 0.0526374889
v -0.0108970000 0.0003091836 0.0526337043
v -0.0108970000 0.0003382866 0.0526314335
v -0.0108970000 0.0003683312 0.0526306765
v -0.0108970000 0.0004162977 0.0526322858
v -0.0108970000 0.0004624523 0.0526371134
v -0.0108970000 0.0005067951 0.0526451595
v -0.0108970000 0.0005493260 0.0526564240
v -0.0108970000 0.0005900451 0.0526709069
v -0.0108970000 0.0006289523 0.0526886082
v -0.0108970000 0.0006660477 0.0527095280
v -0.0108970000 0.0007013312 0.0527336662
v -0.0108970000 0.0007348028 0.0527610229
v -0.0108970000 0.0007664626 0.0527915979
v -0.0108970000 0.0007956788 0.0528251292
v -0.0108970000 0.0008218196 0.0528613544
v -0.0108970000 0.0008448850 0.0529002735
v -0.0108970000 0.0008648750 0.0529418866
v -0.0108970000 0.0008817896 0.0529861936
v -0.0108970000 0.0008956289 0.0530331946
v -0.0108970000 0.0009063927 0.0530828895
v -0.0108970000 0.0009140812 0.0531352784
v -0.0108970000 0.0009186943 0.0531903611
v -0.0108970000 0.0009202320 0.0532481379
v -0.0108970000 0.0009185691 0.0533070292
v -0.0108970000 0.0009135805 0.0533625947
v -0.0108970000 0.0009052663 0.0534148346
v -0.0108970000 0.0008936263 0.0534637487
v -0.0108970000 0.0008786606 0.0535093371
v -0.0108970000 0.0008603692 0.0535515999
v -0.0108970000 0.0008387521 0.0535905369
v -0.0108970000 0.0008138093 0.0536261482
v -0.0108970000 0.0007855408 0.0536584338
v -0.0108970000 0.0007539465 0.0536873937
v -0.0108970000 0.0007199683 0.0537133259
v -0.0108970000 0.0006845477 0.0537365284
v -0.0108970000 0.0006476848 0.0537570011
v -0.0108970000 0.0006093795 0.0537747442
v -0.0108970000 0.0005696319 0.0537897576
v -0.0108970000 0.0005284420 0.0538020412
v -0.0108970000 0.0004858098 0.0538115952
v -0.0108970000 0.0004417352 0.0538184195
v -0.0108970000 0.0003962183 0.0538225140
v -0.0108970000 0.0003492590 0.0538238789
v -0.0108970000 0.0003492590 0.0535997809
v -0.0108970000 0.0003814910 0.0535965863
v -0.0108970000 0.0004119111 0.0535927242
v -0.0108850000 -0.0004602113 0.0515302603
v -0.0108850000 -0.0004765061 0.0515361131
v -0.0108850000 -0.0004919188 0.0515424188
v -0.0108850000 -0.0005064494 0.0515491775
v -0.0108850000 -0.0005200979 0.0515563892
v -0.0108850000 -0.0005328644 0.0515640538
v -0.0108850000 -0.0005447487 0.0515721714
v -0.0108850000 -0.0005651321 0.0515884662
v -0.0108850000 -0.0005833698 0.0516063582
v -0.0108850000 -0.0005994620 0.0516258476
v -0.0108850000 -0.0006134085 0.0516469343
v -0.0108850000 -0.0006252094 0.0516696182
v -0.0108850000 -0.0006348647 0.0516938995
v -0.0108850000 -0.0006423744 0.0517197780
v -0.0108850000 -0.0006477384 0.0517472539
v -0.0108850000 -0.0006509568 0.0517763270
v -0.0108850000 -0.0006520296 0.0518069974
v -0.0108850000 -0.0006503668 0.0518422571
v -0.0108850000 -0.0006453782 0.0518760387
v -0.0108850000 -0.0006370639 0.0519083421
v -0.0108850000 -0.0006254240 0.0519391675
v -0.0108850000 -0.0006104583 0.0519685148
v -0.0108850000 -0.0005921669 0.0519963840
v -0.0108850000 -0.0005705498 0.0520227751
v -0.0108850000 -0.0005456070 0.0520476881
v -0.0108850000 -0.0005173384 0.0520711231
v -0.0108850000 -0.0004857442 0.0520930799
v -0.0108850000 -0.0004510507 0.0521133560
v -0.0108850000 -0.0004134845 0.0521317487
v -0.0108850000 -0.0003730456 0.0521482581
v -0.0108850000 -0.0003297339 0.0521628840
v -0.0108850000 -0.0002835495 0.0521756266
v -0.0108850000 -0.0002344923 0.0521864858
v -0.0108850000 -0.0001825623 0.0521954617
v -0.0108850000 -0.0001277597 0.0522025541
v -0.0108850000 -0.0000700842 0.0522077632
v -0.0108850000 -0.0000095361 0.0522110889
v -0.0108850000 -0.0000306823 0.0521959265
v -0.0108850000 -0.0000507320 0.0521800013
v -0.0108850000 -0.0000696849 0.0521633131
v -0.0108850000 -0.0000875412 0.0521458621
v -0.0108850000 -0.0001043009 0.0521276482
v -0.0108850000 -0.0001199639 0.0521086714
v -0.0108850000 -0.0001345303 0.0520889317
v -0.0108850000 -0.0001480000 0.0520684291
v -0.0108850000 -0.0001603731 0.0520471637
v -0.0108850000 -0.0001716495 0.0520251353
v -0.0108850000 -0.0001807088 0.0520043943
v -0.0108850000 -0.0001888144 0.0519831765
v -0.0108850000 -0.0001959665 0.0519614820
v -0.0108850000 -0.0002021649 0.0519393106
v -0.0108850000 -0.0002074098 0.0519166624
v -0.0108850000 -0.0002117010 0.0518935374
v -0.0108850000 -0.0002150387 0.0518699356
v -0.0108850000 -0.0002174227 0.0518458570
v -0.0108850000 -0.0002188531 0.0518213015
v -0.0108850000 -0.0002193299 0.0517962693
v -0.0108850000 -0.0002179591 0.0517539053
v -0.0108850000 -0.0002138466 0.0517126379
v -0.0108850000 -0.0002069926 0.0516724671
v -0.0108850000 -0.0001973969 0.0516333930
v -0.0108850000 -0.0001850596 0.0515954156
v -0.0108850000 -0.0001699807 0.0515585348
v -0.0108850000 -0.0001521601 0.0515227506
v -0.0108850000 -0.0001315979 0.0514880631
v -0.0108850000 -0.0001082941 0.0514544723
v -0.0108850000 -0.0000822487 0.0514219781
v -0.0108850000 -0.0000534855 0.0513916295
v -0.0108850000 -0.0000220284 0.0513644755
v -0.0108850000 0.0000121227 0.0513405161
v -0.0108850000 0.0000489678 0.0513197513
v -0.0108850000 0.0000885068 0.0513021811
v -0.0108850000 0.0001307397 0.0512878054
v -0.0108850000 0.0001756666 0.0512766244
v -0.0108850000 0.0002232874 0.0512686379
v -0.0108850000 0.0002736021 0.0512638460
v -0.0108850000 0.0003266108 0.0512622487
v -0.0108850000 0.0003725688 0.0512637626
v -0.0108850000 0.0004174659 0.0512683041
v -0.0108850000 0.0004613020 0.0512758734
v -0.0108850000 0.0005040773 0.0512864704
v -0.0108850000 0.0005457917 0.0513000950
v -0.0108850000 0.0005864452 0.0513167474
v -0.0108850000 0.0006260379 0.0513364275
v -0.0108850000 0.0006645696 0.0513591353
v -0.0108850000 0.0007020404 0.0513848708
v -0.0108850000 0.0007384504 0.0514136340
v -0.0108850000 0.0007725359 0.0514451985
v -0.0108850000 0.0008030335 0.0514793376
v -0.0108850000 0.0008299431 0.0515160515
v -0.0108850000 0.0008532648 0.0515553402
v -0.0108850000 0.0008729986 0.0515972036
v -0.0108850000 0.0008891443 0.0516416418
v -0.0108850000 0.0009017022 0.0516886546
v -0.0108850000 0.0009106720 0.0517382423
v -0.0108850000 0.0009160540 0.0517904046
v -0.0108850000 0.0009178479 0.0518451418
v -0.0108850000 0.0009160301 0.0518924050
v -0.0108850000 0.0009105767 0.0519383570
v -0.0108850000 0.0009014876 0.0519829977
v -0.0108850000 0.0008887629 0.0520263273
v -0.0108850000 0.0008724025 0.0520683457
v -0.0108850000 0.0008524066 0.0521090528
v -0.0108850000 0.0008287750 0.0521484488
v -0.0108850000 0.0008015077 0.0521865335
v -0.0108850000 0.0007706049 0.0522233070
v -0.0108850000 0.0007360664 0.0522587693
v -0.0108850000 0.0006972247 0.0522918357
v -0.0108850000 0.0006534124 0.0523214214
v -0.0108850000 0.0006046293 0.0523475264
v -0.0108850000 0.0005508756 0.0523701508
v -0.0108850000 0.0004921513 0.0523892945
v -0.0108850000 0.0004284562 0.0524049575
v -0.0108850000 0.0003597904 0.0524171398
v -0.0108850000 0.0002861540 0.0524258415
v -0.0108850000 0.0002075469 0.0524310625
v -0.0108850000 0.0001239691 0.0524328028
v -0.0108850000 0.0000612813 0.0524320280
v -0.0108850000 0.0000005245 0.0524297036
v -0.0108850000 -0.0000583012 0.0524258296
v -0.0108850000 -0.0001151959 0.0524204059
v -0.0108850000 -0.0001701595 0.0524134327
v -0.0108850000 -0.0002231920 0.0524049098
v -0.0108850000 -0.0002742935 0.0523948373
v -0.0108850000 -0.0003234639 0.0523832152
v -0.0108850000 -0.0003707033 0.0523700435
v -0.0108850000 -0.0004160116 0.0523553222
v -0.0108850000 -0.0004966392 0.0523230544
v -0.0108850000 -0.0005687796 0.0522858518
v -0.0108850000 -0.0006324330 0.0522437142
v -0.0108850000 -0.0006875992 0.0521966418
v -0.0108850000 -0.0007342784 0.0521446343
v -0.0108850000 -0.0007724704 0.0520876920
v -0.0108850000 -0.0008021753 0.0520258148
v -0.0108850000 -0.0008233930 0.0519590026
v -0.0108850000 -0.0008361237 0.0518872555
v -0.0108850000 -0.0008403673 0.0518105735
v -0.0108850000 -0.0008388832 0.0517550913
v -0.0108850000 -0.0008344311 0.0517030780
v -0.0108850000 -0.0008270108 0.0516545333
v -0.0108850000 -0.0008166224 0.0516094575
v -0.0108850000 -0.0008032659 0.0515678504
v -0.0108850000 -0.0007869414 0.0515297120
v -0.0108850000 -0.0007676487 0.0514950424
v -0.0108850000 -0.0007453879 0.0514638415
v -0.0108850000 -0.0007201590 0.0514361094
v -0.0108850000 -0.0006919620 0.0514118460
v -0.0108850000 -0.0006621915 0.0513904435
v -0.0108850000 -0.0006322423 0.0513712938
v -0.0108850000 -0.0006021142 0.0513543971
v -0.0108850000 -0.0005718073 0.0513397532
v -0.0108850000 -0.0005413217 0.0513273623
v -0.0108850000 -0.0005106572 0.0513172242
v -0.0108850000 -0.0004798139 0.0513093391
v -0.0108850000 -0.0004487919 0.0513037068
v -0.0108850000 -0.0004175910 0.0513003275
v -0.0108850000 -0.0003862113 0.0512992010
v -0.0108850000 -0.0003862113 0.0515113789
v -0.0108850000 -0.0004060345 0.0515154198
v -0.0108850000 -0.0004249755 0.0515199137
v -0.0108850000 -0.0004430345 0.0515248605
v -0.0108850000 0.0002415966 0.0515007461
v -0.0108850000 0.0002164989 0.0515075048
v -0.0108850000 0.0001916514 0.0515157655
v -0.0108850000 0.0001670543 0.0515255280
v -0.0108850000 0.0001427075 0.0515367925
v -0.0108850000 0.0001186110 0.0515495590
v -0.0108850000 0.0000947648 0.0515638273
v -0.0108850000 0.0000722299 0.0515800744
v -0.0108850000 0.0000520670 0.0515987771
v -0.0108850000 0.0000342763 0.0516199352
v -0.0108850000 0.0000188576 0.0516435490
v -0.0108850000 0.0000058111 0.0516696182
v -0.0108850000 -0.0000048634 0.0516981430
v -0.0108850000 -0.0000131658 0.0517291234
v -0.0108850000 -0.0000190960 0.0517625593
v -0.0108850000 -0.0000226542 0.0517984507
v -0.0108850000 -0.0000238402 0.0518367977
v -0.0108850000 -0.0000229224 0.0518641126
v -0.0108850000 -0.0000201688 0.0518907481
v -0.0108850000 -0.0000155796 0.0519167041
v -0.0108850000 -0.0000091546 0.0519419807
v -0.0108850000 -0.0000008940 0.0519665778
v -0.0108850000 0.0000092023 0.0519904955
v -0.0108850000 0.0000211343 0.0520137337
v -0.0108850000 0.0000349021 0.0520362925
v -0.0108850000 0.0000505055 0.0520581719
v -0.0108850000 0.0000679446 0.0520793718
v -0.0108850000 0.0000872313 0.0520991889
v -0.0108850000 0.0001083776 0.0521169201
v -0.0108850000 0.0001313834 0.0521325652
v -0.0108850000 0.0001562487 0.0521461244
v -0.0108850000 0.0001829736 0.0521575975
v -0.0108850000 0.0002115580 0.0521669845
v -0.0108850000 0.0002420019 0.0521742856
v -0.0108850000 0.0002743054 0.0521795006
v -0.0108850000 0.0003084684 0.0521826297
v -0.0108850000 0.0003444910 0.0521836727
v -0.0108850000 0.0003763951 0.0521827250
v -0.0108850000 0.0004072622 0.0521798821
v -0.0108850000 0.0004370923 0.0521751438
v -0.0108850000 0.0004658853 0.0521685103
v -0.0108850000 0.0004936413 0.0521599815
v -0.0108850000 0.0005203602 0.0521495573
v -0.0108850000 0.0005460420 0.0521372379
v -0.0108850000 0.0005706869 0.0521230232
v -0.0108850000 0.0005942946 0.0521069132
v -0.0108850000 0.0006168653 0.0520889079
v -0.0108850000 0.0006378149 0.0520692218
v -0.0108850000 0.0006565593 0.0520480696
v -0.0108850000 0.0006730984 0.0520254512
v -0.0108850000 0.0006874323 0.0520013666
v -0.0108850000 0.0006995611 0.0519758159
v -0.0108850000 0.0007094845 0.0519487990
v -0.0108850000 0.0007172028 0.0519203159
v -0.0108850000 0.0007227159 0.0518903666
v -0.0108850000 0.0007260237 0.0518589512
v -0.0108850000 0.0007271263 0.0518260696
v -0.0108850000 0.0007259879 0.0517930688
v -0.0108850000 0.0007225728 0.0517617726
v -0.0108850000 0.0007168810 0.0517321809
v -0.0108850000 0.0007089124 0.0517042938
v -0.0108850000 0.0006986670 0.0516781113
v -0.0108850000 0.0006861450 0.0516536334
v -0.0108850000 0.0006713462 0.0516308600
v -0.0108850000 0.0006542706 0.0516097912
v -0.0108850000 0.0006349183 0.0515904270
v -0.0108850000 0.0006132893 0.0515727674
v -0.0108850000 0.0005901107 0.0515568004
v -0.0108850000 0.0005661095 0.0515425142
v -0.0108850000 0.0005412859 0.0515299087
v -0.0108850000 0.0005156398 0.0515189839
v -0.0108850000 0.0004891712 0.0515097399
v -0.0108850000 0.0004618802 0.0515021765
v -0.0108850000 0.0004337666 0.0514962940
v -0.0108850000 0.0004048305 0.0514920921
v -0.0108850000 0.0003750720 0.0514895710
v -0.0108850000 0.0003444910 0.0514887307
v -0.0108850000 0.0003183919 0.0514894816
v -0.0108850000 0.0002925432 0.0514917345
v -0.0108850000 0.0002669447 0.0514954894
v -0.0108970000 -0.0004602113 0.0515302603
v -0.0108970000 -0.0004765061 0.0515361131
v -0.0108970000 -0.0004919188 0.0515424188
v -0.0108970000 -0.0005064494 0.0515491775
v -0.0108970000 -0.0005200979 0.0515563892
v -0.0108970000 -0.0005328644 0.0515640538
v -0.0108970000 -0.0005447487 0.0515721714
v -0.0108970000 -0.0005651321 0.0515884662
v -0.0108970000 -0.0005833698 0.0516063582
v -0.0108970000 -0.0005994620 0.0516258476
v -0.0108970000 -0.0006134085 0.0516469343
v -0.0108970000 -0.0006252094 0.0516696182
v -0.0108970000 -0.0006348647 0.0516938995
v -0.0108970000 -0.0006423744 0.0517197780
v -0.0108970000 -0.0006477384 0.0517472539
v -0.0108970000 -0.0006509568 0.0517763270
v -0.0108970000 -0.0006520296 0.0518069974
v -0.0108970000 -0.0006503668 0.0518422571
v -0.0108970000 -0.0006453782 0.0518760387
v -0.0108970000 -0.0006370639 0.0519083421
v -0.0108970000 -0.0006254240 0.0519391675
v -0.0108970000 -0.0006104583 0.0519685148
v -0.0108970000 -0.0005921669 0.0519963840
v -0.0108970000 -0.0005705498 0.0520227751
v -0.0108970000 -0.0005456070 0.0520476881
v -0.0108970000 -0.0005173384 0.0520711231
v -0.0108970000 -0.0004857442 0.0520930799
v -0.0108970000 -0.0004510507 0.0521133560
v -0.0108970000 -0.0004134845 0.0521317487
v -0.0108970000 -0.0003730456 0.0521482581
v -0.0108970000 -0.0003297339 0.0521628840
v -0.0108970000 -0.0002835495 0.0521756266
v -0.0108970000 -0.0002344923 0.0521864858
v -0.0108970000 -0.0001825623 0.0521954617
v -0.0108970000 -0.0001277597 0.0522025541
v -0.0108970000 -0.0000700842 0.0522077632
v -0.0108970000 -0.0000095361 0.0522110889
v -0.0108970000 -0.0000306823 0.0521959265
v -0.0108970000 -0.0000507320 0.0521800013
v -0.0108970000 -0.0000696849 0.0521633131
v -0.0108970000 -0.0000875412 0.0521458621
v -0.0108970000 -0.0001043009 0.0521276482
v -0.0108970000 -0.0001199639 0.0521086714
v -0.0108970000 -0.0001345303 0.0520889317
v -0.0108970000 -0.0001480000 0.0520684291
v -0.0108970000 -0.0001603731 0.0520471637
v -0.0108970000 -0.0001716495 0.0520251353
v -0.0108970000 -0.0001807088 0.0520043943
v -0.0108970000 -0.0001888144 0.0519831765
v -0.0108970000 -0.0001959665 0.0519614820
v -0.0108970000 -0.0002021649 0.0519393106
v -0.0108970000 -0.0002074098 0.0519166624
v -0.0108970000 -0.0002117010 0.0518935374
v -0.0108970000 -0.0002150387 0.0518699356
v -0.0108970000 -0.0002174227 0.0518458570
v -0.0108970000 -0.0002188531 0.0518213015
v -0.0108970000 -0.0002193299 0.0517962693
v -0.0108970000 -0.0002179591 0.0517539053
v -0.0108970000 -0.0002138466 0.0517126379
v -0.0108970000 -0.0002069926 0.0516724671
v -0.0108970000 -0.0001973969 0.0516333930
v -0.0108970000 -0.0001850596 0.0515954156
v -0.0108970000 -0.0001699807 0.0515585348
v -0.0108970000 -0.0001521601 0.0515227506
v -0.0108970000 -0.0001315979 0.0514880631
v -0.0108970000 -0.0001082941 0.0514544723
v -0.0108970000 -0.0000822487 0.0514219781
v -0.0108970000 -0.0000534855 0.0513916295
v -0.0108970000 -0.0000220284 0.0513644755
v -0.0108970000 0.0000121227 0.0513405161
v -0.0108970000 0.0000489678 0.0513197513
v -0.0108970000 0.0000885068 0.0513021811
v -0.0108970000 0.0001307397 0.0512878054
v -0.0108970000 0.0001756666 0.0512766244
v -0.0108970000 0.0002232874 0.0512686379
v -0.0108970000 0.0002736021 0.0512638460
v -0.0108970000 0.0003266108 0.0512622487
v -0.0108970000 0.0003725688 0.0512637626
v -0.0108970000 0.0004174659 0.0512683041
v -0.0108970000 0.0004613020 0.0512758734
v -0.0108970000 0.0005040773 0.0512864704
v -0.0108970000 0.0005457917 0.0513000950
v -0.0108970000 0.0005864452 0.0513167474
v -0.0108970000 0.0006260379 0.0513364275
v -0.0108970000 0.0006645696 0.0513591353
v -0.0108970000 0.0007020404 0.0513848708
v -0.0108970000 0.0007384504 0.0514136340
v -0.0108970000 0.0007725359 0.0514451985
v -0.0108970000 0.0008030335 0.0514793376
v -0.0108970000 0.0008299431 0.0515160515
v -0.0108970000 0.0008532648 0.0515553402
v -0.0108970000 0.0008729986 0.0515972036
v -0.0108970000 0.0008891443 0.0516416418
v -0.0108970000 0.0009017022 0.0516886546
v -0.0108970000 0.0009106720 0.0517382423
v -0.0108970000 0.0009160540 0.0517904046
v -0.0108970000 0.0009178479 0.0518451418
v -0.0108970000 0.0009160301 0.0518924050
v -0.0108970000 0.0009105767 0.0519383570
v -0.0108970000 0.0009014876 0.0519829977
v -0.0108970000 0.0008887629 0.0520263273
v -0.0108970000 0.0008724025 0.0520683457
v -0.0108970000 0.0008524066 0.0521090528
v -0.0108970000 0.0008287750 0.0521484488
v -0.0108970000 0.0008015077 0.0521865335
v -0.0108970000 0.0007706049 0.0522233070
v -0.0108970000 0.0007360664 0.0522587693
v -0.0108970000 0.0006972247 0.0522918357
v -0.0108970000 0.0006534124 0.0523214214
v -0.0108970000 0.0006046293 0.0523475264
v -0.0108970000 0.0005508756 0.0523701508
v -0.0108970000 0.0004921513 0.0523892945
v -0.0108970000 0.0004284562 0.0524049575
v -0.0108970000 0.0003597904 0.0524171398
v -0.0108970000 0.0002861540 0.0524258415
v -0.0108970000 0.0002075469 0.0524310625
v -0.0108970000 0.0001239691 0.0524328028
v -0.0108970000 0.0000612813 0.0524320280
v -0.0108970000 0.0000005245 0.0524297036
v -0.0108970000 -0.0000583012 0.0524258296
v -0.0108970000 -0.0001151959 0.0524204059
v -0.0108970000 -0.0001701595 0.0524134327
v -0.0108970000 -0.0002231920 0.0524049098
v -0.0108970000 -0.0002742935 0.0523948373
v -0.0108970000 -0.0003234639 0.0523832152
v -0.0108970000 -0.0003707033 0.0523700435
v -0.0108970000 -0.0004160116 0.0523553222
v -0.0108970000 -0.0004966392 0.0523230544
v -0.0108970000 -0.0005687796 0.0522858518
v -0.0108970000 -0.0006324330 0.0522437142
v -0.0108970000 -0.0006875992 0.0521966418
v -0.0108970000 -0.0007342784 0.0521446343
v -0.0108970000 -0.0007724704 0.0520876920
v -0.0108970000 -0.0008021753 0.0520258148
v -0.0108970000 -0.0008233930 0.0519590026
v -0.0108970000 -0.0008361237 0.0518872555
v -0.0108970000 -0.0008403673 0.0518105735
v -0.0108970000 -0.0008388832 0.0517550913
v -0.0108970000 -0.0008344311 0.0517030780
v -0.0108970000 -0.0008270108 0.0516545333
v -0.0108970000 -0.0008166224 0.0516094575
v -0.0108970000 -0.0008032659 0.0515678504
v -0.0108970000 -0.0007869414 0.0515297120
v -0.0108970000 -0.0007676487 0.0514950424
v -0.0108970000 -0.0007453879 0.0514638415
v -0.0108970000 -0.0007201590 0.0514361094
v -0.0108970000 -0.0006919620 0.0514118460
v -0.0108970000 -0.0006621915 0.0513904435
v -0.0108970000 -0.0006322423 0.0513712938
v -0.0108970000 -0.0006021142 0.0513543971
v -0.0108970000 -0.0005718073 0.0513397532
v -0.0108970000 -0.0005413217 0.0513273623
v -0.0108970000 -0.0005106572 0.0513172242
v -0.0108970000 -0.0004798139 0.0513093391
v -0.0108970000 -0.0004487919 0.0513037068
v -0.0108970000 -0.0004175910 0.0513003275
v -0.0108970000 -0.0003862113 0.0512992010
v -0.0108970000 -0.0003862113 0.0515113789
v -0.0108970000 -0.0004060345 0.0515154198
v -0.0108970000 -0.0004249755 0.0515199137
v -0.0108970000 -0.0004430345 0.0515248605
v -0.0108970000 0.0002415966 0.0515007461
v -0.0108970000 0.0002164989 0.0515075048
v -0.0108970000 0.0001916514 0.0515157655
v -0.0108970000 0.0001670543 0.0515255280
v -0.0108970000 0.0001427075 0.0515367925
v -0.0108970000 0.0001186110 0.0515495590
v -0.0108970000 0.0000947648 0.0515638273
v -0.0108970000 0.0000722299 0.0515800744
v -0.0108970000 0.0000520670 0.0515987771
v -0.0108970000 0.0000342763 0.0516199352
v -0.0108970000 0.0000188576 0.0516435490
v -0.0108970000 0.0000058111 0.0516696182
v -0.0108970000 -0.0000048634 0.0516981430
v -0.0108970000 -0.0000131658 0.0517291234
v -0.0108970000 -0.0000190960 0.0517625593
v -0.0108970000 -0.0000226542 0.0517984507
v -0.0108970000 -0.0000238402 0.0518367977
v -0.0108970000 -0.0000229224 0.0518641126
v -0.0108970000 -0.0000201688 0.0518907481
v -0.0108970000 -0.0000155796 0.0519167041
v -0.0108970000 -0.0000091546 0.0519419807
v -0.0108970000 -0.0000008940 0.0519665778
v -0.0108970000 0.0000092023 0.0519904955
v -0.0108970000 0.0000211343 0.0520137337
v -0.0108970000 0.0000349021 0.0520362925
v -0.0108970000 0.0000505055 0.0520581719
v -0.0108970000 0.0000679446 0.0520793718
v -0.0108970000 0.0000872313 0.0520991889
v -0.0108970000 0.0001083776 0.0521169201
v -0.0108970000 0.0001313834 0.0521325652
v -0.0108970000 0.0001562487 0.0521461244
v -0.0108970000 0.0001829736 0.0521575975
v -0.0108970000 0.0002115580 0.0521669845
v -0.0108970000 0.0002420019 0.0521742856
v -0.0108970000 0.0002743054 0.0521795006
v -0.0108970000 0.0003084684 0.0521826297
v -0.0108970000 0.0003444910 0.0521836727
v -0.0108970000 0.0003763951 0.0521827250
v -0.0108970000 0.0004072622 0.0521798821
v -0.0108970000 0.0004370923 0.0521751438
v -0.0108970000 0.0004658853 0.0521685103
v -0.0108970000 0.0004936413 0.0521599815
v -0.0108970000 0.0005203602 0.0521495573
v -0.0108970000 0.0005460420 0.0521372379
v -0.0108970000 0.0005706869 0.0521230232
v -0.0108970000 0.0005942946 0.0521069132
v -0.0108970000 0.0006168653 0.0520889079
v -0.0108970000 0.0006378149 0.0520692218
v -0.0108970000 0.0006565593 0.0520480696
v -0.0108970000 0.0006730984 0.0520254512
v -0.0108970000 0.0006874323 0.0520013666
v -0.0108970000 0.0006995611 0.0519758159
v -0.0108970000 0.0007094845 0.0519487990
v -0.0108970000 0.0007172028 0.0519203159
v -0.0108970000 0.0007227159 0.0518903666
v -0.0108970000 0.0007260237 0.0518589512
v -0.0108970000 0.0007271263 0.0518260696
v -0.0108970000 0.0007259879 0.0517930688
v -0.0108970000 0.0007225728 0.0517617726
v -0.0108970000 0.0007168810 0.0517321809
v -0.0108970000 0.0007089124 0.0517042938
v -0.0108970000 0.0006986670 0.0516781113
v -0.0108970000 0.0006861450 0.0516536334
v -0.0108970000 0.0006713462 0.0516308600
v -0.0108970000 0.0006542706 0.0516097912
v -0.0108970000 0.0006349183 0.0515904270
v -0.0108970000 0.0006132893 0.0515727674
v -0.0108970000 0.0005901107 0.0515568004
v -0.0108970000 0.0005661095 0.0515425142
v -0.0108970000 0.0005412859 0.0515299087
v -0.0108970000 0.0005156398 0.0515189839
v -0.0108970000 0.0004891712 0.0515097399
v -0.0108970000 0.0004618802 0.0515021765
v -0.0108970000 0.0004337666 0.0514962940
v -0.0108970000 0.0004048305 0.0514920921
v -0.0108970000 0.0003750720 0.0514895710
v -0.0108970000 0.0003444910 0.0514887307
v -0.0108970000 0.0003183919 0.0514894816
v -0.0108970000 0.0002925432 0.0514917345
v -0.0108970000 0.0002669447 0.0514954894
v -0.0108850000 -0.0003102207 0.0499415013
v -0.0108850000 -0.0002508466 0.0499312023
v -0.0108850000 -0.0001883495 0.0499231920
v -0.0108850000 -0.0001227294 0.0499174704
v -0.0108850000 -0.0000539861 0.0499140374
v -0.0108850000 0.0000178802 0.0499128930
v -0.0108850000 0.0000862896 0.0499139301
v -0.0108850000 0.0001522912 0.0499170412
v -0.0108850000 0.0002158850 0.0499222265
v -0.0108850000 0.0002770709 0.0499294858
v -0.0108850000 0.0003358489 0.0499388193
v -0.0108850000 0.0003922191 0.0499502268
v -0.0108850000 0.0004461814 0.0499637084
v -0.0108850000 0.0004977358 0.0499792642
v -0.0108850000 0.0005468824 0.0499968940
v -0.0108850000 0.0005936211 0.0500165979
v -0.0108850000 0.0006556772 0.0500485438
v -0.0108850000 0.0007112010 0.0500843041
v -0.0108850000 0.0007601927 0.0501238789
v -0.0108850000 0.0008026521 0.0501672680
v -0.0108850000 0.0008385793 0.0502144716
v -0.0108850000 0.0008679742 0.0502654897
v -0.0108850000 0.0008908370 0.0503203222
v -0.0108850000 0.0009071675 0.0503789691
v -0.0108850000 0.0009169659 0.0504414304
v -0.0108850000 0.0009202320 0.0505077062
v -0.0108850000 0.0009175619 0.0505676405
v -0.0108850000 0.0009095515 0.0506244278
v -0.0108850000 0.0008962010 0.0506780683
v -0.0108850000 0.0008775103 0.0507285619
v -0.0108850000 0.0008534794 0.0507759085
v -0.0108850000 0.0008241082 0.0508201082
v -0.0108850000 0.0007893969 0.0508611611
v -0.0108850000 0.0007493454 0.0508990670
v -0.0108850000 0.0007039536 0.0509338260
v -0.0108850000 0.0006532216 0.0509654381
v -0.0108850000 0.0006071147 0.0509892188
v -0.0108850000 0.0005579562 0.0510104961
v -0.0108850000 0.0005057461 0.0510292703
v -0.0108850000 0.0004504845 0.0510455412
v -0.0108850000 0.0003921714 0.0510593090
v -0.0108850000 0.0003308067 0.0510705735
v -0.0108850000 0.0002663905 0.0510793347
v -0.0108850000 0.0001989227 0.0510855928
v -0.0108850000 0.0001284034 0.0510893476
v -0.0108850000 0.0000548325 0.0510905992
v -0.0108850000 -0.0000025151 0.0510898483
v -0.0108850000 -0.0000582178 0.0510875954
v -0.0108850000 -0.0001122755 0.0510838405
v -0.0108850000 -0.0001646881 0.0510785838
v -0.0108850000 -0.0002154559 0.0510718251
v -0.0108850000 -0.0002645786 0.0510635644
v -0.0108850000 -0.0003120564 0.0510538019
v -0.0108850000 -0.0003578892 0.0510425374
v -0.0108850000 -0.0004020770 0.0510297709
v -0.0108850000 -0.0004446198 0.0510155026
v -0.0108850000 -0.0005184530 0.0509850944
v -0.0108850000 -0.0005845142 0.0509501327
v -0.0108850000 -0.0006428035 0.0509106176
v -0.0108850000 -0.0006933209 0.0508665490
v -0.0108850000 -0.0007360664 0.0508179269
v -0.0108850000 -0.0007710399 0.0507647513
v -0.0108850000 -0.0007982416 0.0507070222
v -0.0108850000 -0.0008176714 0.0506447397
v -0.0108850000 -0.0008293293 0.0505779037
v -0.0108850000 -0.0008332152 0.0505065142
v -0.0108850000 -0.0008304855 0.0504420741
v -0.0108850000 -0.0008222964 0.0503813054
v -0.0108850000 -0.0008086479 0.0503242081
v -0.0108850000 -0.0007895399 0.0502707822
v -0.0108850000 -0.0007649726 0.0502210277
v -0.0108850000 -0.0007349459 0.0501749446
v -0.0108850000 -0.0006994597 0.0501325329
v -0.0108850000 -0.0006585142 0.0500937925
v -0.0108850000 -0.0006121092 0.0500587236
v -0.0108850000 -0.0005602448 0.0500273260
v -0.0108850000 -0.0005164861 0.0500055838
v -0.0108850000 -0.0004696044 0.0499861302
v -0.0108850000 -0.0004195995 0.0499689652
v -0.0108850000 -0.0003664716 0.0499540889
v -0.0108850000 -0.0001899588 0.0501555863
v -0.0108850000 -0.0002388491 0.0501620232
v -0.0108850000 -0.0002856772 0.0501698905
v -0.0108850000 -0.0003304431 0.0501791881
v -0.0108850000 -0.0003731469 0.0501899162
v -0.0108850000 -0.0004137885 0.0502020747
v -0.0108850000 -0.0004523679 0.0502156637
v -0.0108850000 -0.0004880388 0.0502313148
v -0.0108850000 -0.0005199549 0.0502496598
v -0.0108850000 -0.0005481161 0.0502706988
v -0.0108850000 -0.0005725226 0.0502944317
v -0.0108850000 -0.0005931741 0.0503208586
v -0.0108850000 -0.0006100709 0.0503499794
v -0.0108850000 -0.0006232128 0.0503817941
v -0.0108850000 -0.0006325999 0.0504163028
v -0.0108850000 -0.0006382321 0.0504535055
v -0.0108850000 -0.0006401095 0.0504934021
v -0.0108850000 -0.0006383275 0.0505302888
v -0.0108850000 -0.0006329813 0.0505651372
v -0.0108850000 -0.0006240710 0.0505979473
v -0.0108850000 -0.0006115966 0.0506287191
v -0.0108850000 -0.0005955582 0.0506574525
v -0.0108850000 -0.0005759555 0.0506841476
v -0.0108850000 -0.0005527888 0.0507088043
v -0.0108850000 -0.0005260580 0.0507314227
v -0.0108850000 -0.0004957630 0.0507520027
v -0.0108850000 -0.0004619040 0.0507705445
v -0.0108850000 -0.0004245762 0.0507871909
v -0.0108850000 -0.0003838750 0.0508020851
v -0.0108850000 -0.0003398004 0.0508152270
v -0.0108850000 -0.0002923524 0.0508266166
v -0.0108850000 -0.0002415311 0.0508362540
v -0.0108850000 -0.0001873363 0.0508441392
v -0.0108850000 -0.0001297682 0.0508502721
v -0.0108850000 -0.0000688267 0.0508546527
v -0.0108850000 -0.0000045118 0.0508572811
v -0.0108850000 0.0000631765 0.0508581572
v -0.0108850000 0.0001143615 0.0508575970
v -0.0108850000 0.0001634961 0.0508559162
v -0.0108850000 0.0002105805 0.0508531150
v -0.0108850000 0.0002556147 0.0508491933
v -0.0108850000 0.0002985986 0.0508441511
v -0.0108850000 0.0003395322 0.0508379884
v -0.0108850000 0.0003784156 0.0508307052
v -0.0108850000 0.0004152487 0.0508223015
v -0.0108850000 0.0004500316 0.0508127774
v -0.0108850000 0.0004827642 0.0508021327
v -0.0108850000 0.0005287400 0.0507837519
v -0.0108850000 0.0005698763 0.0507629394
v -0.0108850000 0.0006061730 0.0507396952
v -0.0108850000 0.0006376302 0.0507140193
v -0.0108850000 0.0006642477 0.0506859117
v -0.0108850000 0.0006860258 0.0506553724
v -0.0108850000 0.0007029642 0.0506224014
v -0.0108850000 0.0007150631 0.0505869987
v -0.0108850000 0.0007223225 0.0505491643
v -0.0108850000 0.0007247423 0.0505088982
v -0.0108850000 0.0007232642 0.0504762014
v -0.0108850000 0.0007188299 0.0504448634
v -0.0108850000 0.0007114394 0.0504148843
v -0.0108850000 0.0007010928 0.0503862642
v -0.0108850000 0.0006877899 0.0503590029
v -0.0108850000 0.0006715309 0.0503331005
v -0.0108850000 0.0006523157 0.0503085570
v -0.0108850000 0.0006301443 0.0502853724
v -0.0108850000 0.0006050168 0.0502635467
v -0.0108850000 0.0005769330 0.0502430799
v -0.0108850000 0.0005448202 0.0502242819
v -0.0108850000 0.0005076057 0.0502074626
v -0.0108850000 0.0004652893 0.0501926221
v -0.0108850000 0.0004178711 0.0501797603
v -0.0108850000 0.0003653512 0.0501688773
v -0.0108850000 0.0003077294 0.0501599729
v -0.0108850000 0.0002450058 0.0501530474
v -0.0108850000 0.0001771804 0.0501481005
v -0.0108850000 0.0001042532 0.0501451324
v -0.0108850000 0.0000262242 0.0501441430
v -0.0108850000 -0.0000309148 0.0501448582
v -0.0108850000 -0.0000859916 0.0501470039
v -0.0108850000 -0.0001390063 0.0501505799
v -0.0108970000 -0.0003102207 0.0499415013
v -0.0108970000 -0.0002508466 0.0499312023
v -0.0108970000 -0.0001883495 0.0499231920
v -0.0108970000 -0.0001227294 0.0499174704
v -0.0108970000 -0.0000539861 0.0499140374
v -0.0108970000 0.0000178802 0.0499128930
v -0.0108970000 0.0000862896 0.0499139301
v -0.0108970000 0.0001522912 0.0499170412
v -0.0108970000 0.0002158850 0.0499222265
v -0.0108970000 0.0002770709 0.0499294858
v -0.0108970000 0.0003358489 0.0499388193
v -0.0108970000 0.0003922191 0.0499502268
v -0.0108970000 0.0004461814 0.0499637084
v -0.0108970000 0.0004977358 0.0499792642
v -0.0108970000 0.0005468824 0.0499968940
v -0.0108970000 0.0005936211 0.0500165979
v -0.0108970000 0.0006556772 0.0500485438
v -0.0108970000 0.0007112010 0.0500843041
v -0.0108970000 0.0007601927 0.0501238789
v -0.0108970000 0.0008026521 0.0501672680
v -0.0108970000 0.0008385793 0.0502144716
v -0.0108970000 0.0008679742 0.0502654897
v -0.0108970000 0.0008908370 0.0503203222
v -0.0108970000 0.0009071675 0.0503789691
v -0.0108970000 0.0009169659 0.0504414304
v -0.0108970000 0.0009202320 0.0505077062
v -0.0108970000 0.0009175619 0.0505676405
v -0.0108970000 0.0009095515 0.0506244278
v -0.0108970000 0.0008962010 0.0506780683
v -0.0108970000 0.0008775103 0.0507285619
v -0.0108970000 0.0008534794 0.0507759085
v -0.0108970000 0.0008241082 0.0508201082
v -0.0108970000 0.0007893969 0.0508611611
v -0.0108970000 0.0007493454 0.0508990670
v -0.0108970000 0.0007039536 0.0509338260
v -0.0108970000 0.0006532216 0.0509654381
v -0.0108970000 0.0006071147 0.0509892188
v -0.0108970000 0.0005579562 0.0510104961
v -0.0108970000 0.0005057461 0.0510292703
v -0.0108970000 0.0004504845 0.0510455412
v -0.0108970000 0.0003921714 0.0510593090
v -0.0108970000 0.0003308067 0.0510705735
v -0.0108970000 0.0002663905 0.0510793347
v -0.0108970000 0.0001989227 0.0510855928
v -0.0108970000 0.0001284034 0.0510893476
v -0.0108970000 0.0000548325 0.0510905992
v -0.0108970000 -0.0000025151 0.0510898483
v -0.0108970000 -0.0000582178 0.0510875954
v -0.0108970000 -0.0001122755 0.0510838405
v -0.0108970000 -0.0001646881 0.0510785838
v -0.0108970000 -0.0002154559 0.0510718251
v -0.0108970000 -0.0002645786 0.0510635644
v -0.0108970000 -0.0003120564 0.0510538019
v -0.0108970000 -0.0003578892 0.0510425374
v -0.0108970000 -0.0004020770 0.0510297709
v -0.0108970000 -0.0004446198 0.0510155026
v -0.0108970000 -0.0005184530 0.0509850944
v -0.0108970000 -0.0005845142 0.0509501327
v -0.0108970000 -0.0006428035 0.0509106176
v -0.0108970000 -0.0006933209 0.0508665490
v -0.0108970000 -0.0007360664 0.0508179269
v -0.0108970000 -0.0007710399 0.0507647513
v -0.0108970000 -0.0007982416 0.0507070222
v -0.0108970000 -0.0008176714 0.0506447397
v -0.0108970000 -0.0008293293 0.0505779037
v -0.0108970000 -0.0008332152 0.0505065142
v -0.0108970000 -0.0008304855 0.0504420741
v -0.0108970000 -0.0008222964 0.0503813054
v -0.0108970000 -0.0008086479 0.0503242081
v -0.0108970000 -0.0007895399 0.0502707822
v -0.0108970000 -0.0007649726 0.0502210277
v -0.0108970000 -0.0007349459 0.0501749446
v -0.0108970000 -0.0006994597 0.0501325329
v -0.0108970000 -0.0006585142 0.0500937925
v -0.0108970000 -0.0006121092 0.0500587236
v -0.0108970000 -0.0005602448 0.0500273260
v -0.0108970000 -0.0005164861 0.0500055838
v -0.0108970000 -0.0004696044 0.0499861302
v -0.0108970000 -0.0004195995 0.0499689652
v -0.0108970000 -0.0003664716 0.0499540889
v -0.0108970000 -0.0001899588 0.0501555863
v -0.0108970000 -0.0002388491 0.0501620232
v -0.0108970000 -0.0002856772 0.0501698905
v -0.0108970000 -0.0003304431 0.0501791881
v -0.0108970000 -0.0003731469 0.0501899162
v -0.0108970000 -0.0004137885 0.0502020747
v -0.0108970000 -0.0004523679 0.0502156637
v -0.0108970000 -0.0004880388 0.0502313148
v -0.0108970000 -0.0005199549 0.0502496598
v -0.0108970000 -0.0005481161 0.0502706988
v -0.0108970000 -0.0005725226 0.0502944317
v -0.0108970000 -0.0005931741 0.0503208586
v -0.0108970000 -0.0006100709 0.0503499794
v -0.0108970000 -0.0006232128 0.0503817941
v -0.0108970000 -0.0006325999 0.0504163028
v -0.0108970000 -0.0006382321 0.0504535055
v -0.0108970000 -0.0006401095 0.0504934021
v -0.0108970000 -0.0006383275 0.0505302888
v -0.0108970000 -0.0006329813 0.0505651372
v -0.0108970000 -0.0006240710 0.0505979473
v -0.0108970000 -0.0006115966 0.0506287191
v -0.0108970000 -0.0005955582 0.0506574525
v -0.0108970000 -0.0005759555 0.0506841476
v -0.0108970000 -0.0005527888 0.0507088043
v -0.0108970000 -0.0005260580 0.0507314227
v -0.0108970000 -0.0004957630 0.0507520027
v -0.0108970000 -0.0004619040 0.0507705445
v -0.0108970000 -0.0004245762 0.0507871909
v -0.0108970000 -0.0003838750 0.0508020851
v -0.0108970000 -0.0003398004 0.0508152270
v -0.0108970000 -0.0002923524 0.0508266166
v -0.0108970000 -0.0002415311 0.0508362540
v -0.0108970000 -0.0001873363 0.0508441392
v -0.0108970000 -0.0001297682 0.0508502721
v -0.0108970000 -0.0000688267 0.0508546527
v -0.0108970000 -0.0000045118 0.0508572811
v -0.0108970000 0.0000631765 0.0508581572
v -0.0108970000 0.0001143615 0.0508575970
v -0.0108970000 0.0001634961 0.0508559162
v -0.0108970000 0.0002105805 0.0508531150
v -0.0108970000 0.0002556147 0.0508491933
v -0.0108970000 0.0002985986 0.0508441511
v -0.0108970000 0.0003395322 0.0508379884
v -0.0108970000 0.0003784156 0.0508307052
v -0.0108970000 0.0004152487 0.0508223015
v -0.0108970000 0.0004500316 0.0508127774
v -0.0108970000 0.0004827642 0.0508021327
v -0.0108970000 0.0005287400 0.0507837519
v -0.0108970000 0.0005698763 0.0507629394
v -0.0108970000 0.0006061730 0.0507396952
v -0.0108970000 0.0006376302 0.0507140193
v -0.0108970000 0.0006642477 0.0506859117
v -0.0108970000 0.0006860258 0.0506553724
v -0.0108970000 0.0007029642 0.0506224014
v -0.0108970000 0.0007150631 0.0505869987
v -0.0108970000 0.0007223225 0.0505491643
v -0.0108970000 0.0007247423 0.0505088982
v -0.0108970000 0.0007232642 0.0504762014
v -0.0108970000 0.0007188299 0.0504448634
v -0.0108970000 0.0007114394 0.0504148843
v -0.0108970000 0.0007010928 0.0503862642
v -0.0108970000 0.0006877899 0.0503590029
v -0.0108970000 0.0006715309 0.0503331005
v -0.0108970000 0.0006523157 0.0503085570
v -0.0108970000 0.0006301443 0.0502853724
v -0.0108970000 0.0006050168 0.0502635467
v -0.0108970000 0.0005769330 0.0502430799
v -0.0108970000 0.0005448202 0.0502242819
v -0.0108970000 0.0005076057 0.0502074626
v -0.0108970000 0.0004652893 0.0501926221
v -0.0108970000 0.0004178711 0.0501797603
v -0.0108970000 0.0003653512 0.0501688773
v -0.0108970000 0.0003077294 0.0501599729
v -0.0108970000 0.0002450058 0.0501530474
v -0.0108970000 0.0001771804 0.0501481005
v -0.0108970000 0.0001042532 0.0501451324
v -0.0108970000 0.0000262242 0.0501441430
v -0.0108970000 -0.0000309148 0.0501448582
v -0.0108970000 -0.0000859916 0.0501470039
v -0.0108970000 -0.0001390063 0.0501505799
v -0.0108850000 -0.0004202552 0.0473912668
v -0.0108850000 -0.0003620731 0.0473721231
v -0.0108850000 -0.0003012925 0.0473564601
v -0.0108850000 -0.0002379133 0.0473442777
v -0.0108850000 -0.0001719356 0.0473355760
v -0.0108850000 -0.0001033592 0.0473303550
v -0.0108850000 -0.0000321843 0.0473286147
v -0.0108850000 0.0000449269 0.0473306053
v -0.0108850000 0.0001193918 0.0473365773
v -0.0108850000 0.0001912104 0.0473465306
v -0.0108850000 0.0002603827 0.0473604652
v -0.0108850000 0.0003269088 0.0473783811
v -0.0108850000 0.0003907887 0.0474002784
v -0.0108850000 0.0004520222 0.0474261569
v -0.0108850000 0.0005106095 0.0474560168
v -0.0108850000 0.0005665506 0.0474898579
v -0.0108850000 0.0006198454 0.0475276804
v -0.0108850000 0.0006778247 0.0475763979
v -0.0108850000 0.0007297010 0.0476290966
v -0.0108850000 0.0007754742 0.0476857767
v -0.0108850000 0.0008151443 0.0477464381
v -0.0108850000 0.0008487113 0.0478110809
v -0.0108850000 0.0008761753 0.0478797049
v -0.0108850000 0.0008975361 0.0479523102
v -0.0108850000 0.0009127938 0.0480288969
v -0.0108850000 0.0009219485 0.0481094649
v -0.0108850000 0.0009250000 0.0481940142
v -0.0108850000 0.0009223299 0.0482731041
v -0.0108850000 0.0009143196 0.0483487371
v -0.0108850000 0.0009009691 0.0484209133
v -0.0108850000 0.0008822784 0.0484896327
v -0.0108850000 0.0008582474 0.0485548953
v -0.0108850000 0.0008288763 0.0486167010
v -0.0108850000 0.0007941649 0.0486750499
v -0.0108850000 0.0007541134 0.0487299420
v -0.0108850000 0.0007087216 0.0487813773
v -0.0108850000 0.0006579897 0.0488293557
v -0.0108850000 0.0006051360 0.0488685370
v -0.0108850000 0.0005495644 0.0489035941
v -0.0108850000 0.0004912751 0.0489345267
v -0.0108850000 0.0004302680 0.0489613351
v -0.0108850000 0.0003665432 0.0489840190
v -0.0108850000 0.0003001005 0.0490025786
v -0.0108850000 0.0002309401 0.0490170139
v -0.0108850000 0.0001590619 0.0490273247
v -0.0108850000 0.0000844659 0.0490335113
v -0.0108850000 0.0000071521 0.0490355735
v -0.0108850000 -0.0000628666 0.0490338093
v -0.0108850000 -0.0001308351 0.0490285168
v -0.0108850000 -0.0001967532 0.0490196959
v -0.0108850000 -0.0002606211 0.0490073466
v -0.0108850000 -0.0003224388 0.0489914691
v -0.0108850000 -0.0003822062 0.0489720631
v -0.0108850000 -0.0004399233 0.0489491289
v -0.0108850000 -0.0004955902 0.0489226662
v -0.0108850000 -0.0005492068 0.0488926753
v -0.0108850000 -0.0006007732 0.0488591559
v -0.0108850000 -0.0006623763 0.0488116901
v -0.0108850000 -0.0007174948 0.0487598853
v -0.0108850000 -0.0007661289 0.0487037416
v -0.0108850000 -0.0008082784 0.0486432590
v -0.0108850000 -0.0008439433 0.0485784375
v -0.0108850000 -0.0008731237 0.0485092771
v -0.0108850000 -0.0008958196 0.0484357777
v -0.0108850000 -0.0009120309 0.0483579394
v -0.0108850000 -0.0009217577 0.0482757622
v -0.0108850000 -0.0009250000 0.0481892461
v -0.0108850000 -0.0009220200 0.0480989156
v -0.0108850000 -0.0009130799 0.0480134008
v -0.0108850000 -0.0008981798 0.0479327017
v -0.0108850000 -0.0008773196 0.0478568183
v -0.0108850000 -0.0008504994 0.0477857506
v -0.0108850000 -0.0008177191 0.0477194987
v -0.0108850000 -0.0007789787 0.0476580625
v -0.0108850000 -0.0007342784 0.0476014420
v -0.0108850000 -0.0006836179 0.0475496372
v -0.0108850000 -0.0006269974 0.0475026482
v -0.0108850000 -0.0005792097 0.0474695818
v -0.0108850000 -0.0005288235 0.0474399961
v -0.0108850000 -0.0004758386 0.0474138911
v -0.0108850000 -0.0002030113 0.0475863214
v -0.0108850000 -0.0002563299 0.0475976276
v -0.0108850000 -0.0003072407 0.0476121641
v -0.0108850000 -0.0003557436 0.0476299311
v -0.0108850000 -0.0004018386 0.0476509283
v -0.0108850000 -0.0004455258 0.0476751559
v -0.0108850000 -0.0004868051 0.0477026139
v -0.0108850000 -0.0005256765 0.0477333022
v -0.0108850000 -0.0005614607 0.0477667917
v -0.0108850000 -0.0005934781 0.0478026534
v -0.0108850000 -0.0006217287 0.0478408871
v -0.0108850000 -0.0006462126 0.0478814929
v -0.0108850000 -0.0006669298 0.0479244708
v -0.0108850000 -0.0006838802 0.0479698209
v -0.0108850000 -0.0006970638 0.0480175430
v -0.0108850000 -0.0007064807 0.0480676372
v -0.0108850000 -0.0007121308 0.0481201036
v -0.0108850000 -0.0007140142 0.0481749420
v -0.0108850000 -0.0007121487 0.0482282964
v -0.0108850000 -0.0007065522 0.0482796482
v -0.0108850000 -0.0006972247 0.0483289974
v -0.0108850000 -0.0006841662 0.0483763441
v -0.0108850000 -0.0006673768 0.0484216881
v -0.0108850000 -0.0006468563 0.0484650296
v -0.0108850000 -0.0006226049 0.0485063686
v -0.0108850000 -0.0005946224 0.0485457049
v -0.0108850000 -0.0005629090 0.0485830387
v -0.0108850000 -0.0005274646 0.0486183698
v -0.0108850000 -0.0004883845 0.0486509832
v -0.0108850000 -0.0004457642 0.0486801637
v -0.0108850000 -0.0003996036 0.0487059111
v -0.0108850000 -0.0003499027 0.0487282255
v -0.0108850000 -0.0002966616 0.0487471070
v -0.0108850000 -0.0002398802 0.0487625554
v -0.0108850000 -0.0001795585 0.0487745709
v -0.0108850000 -0.0001156965 0.0487831534
v -0.0108850000 -0.0000482943 0.0487883028
v -0.0108850000 0.0000226482 0.0487900193
v -0.0108850000 0.0000799064 0.0487885472
v -0.0108850000 0.0001353409 0.0487841308
v -0.0108850000 0.0001889515 0.0487767701
v -0.0108850000 0.0002407384 0.0487664652
v -0.0108850000 0.0002907015 0.0487532160
v -0.0108850000 0.0003388409 0.0487370226
v -0.0108850000 0.0003851564 0.0487178848
v -0.0108850000 0.0004296482 0.0486958028
v -0.0108850000 0.0004723162 0.0486707766
v -0.0108850000 0.0005131604 0.0486428061
v -0.0108850000 0.0005510962 0.0486115337
v -0.0108850000 0.0005850387 0.0485766018
v -0.0108850000 0.0006149879 0.0485380105
v -0.0108850000 0.0006409439 0.0484957597
v -0.0108850000 0.0006629067 0.0484498494
v -0.0108850000 0.0006808763 0.0484002796
v -0.0108850000 0.0006948526 0.0483470504
v -0.0108850000 0.0007048357 0.0482901617
v -0.0108850000 0.0007108255 0.0482296136
v -0.0108850000 0.0007128222 0.0481654059
v -0.0108850000 0.0007105752 0.0481044406
v -0.0108850000 0.0007038344 0.0480469439
v -0.0108850000 0.0006925997 0.0479929161
v -0.0108850000 0.0006768711 0.0479423570
v -0.0108850000 0.0006566487 0.0478952666
v -0.0108850000 0.0006319323 0.0478516450
v -0.0108850000 0.0006027221 0.0478114921
v -0.0108850000 0.0005690180 0.0477748080
v -0.0108850000 0.0005308201 0.0477415926
v -0.0108850000 0.0004881282 0.0477118460
v -0.0108850000 0.0004425159 0.0476852344
v -0.0108850000 0.0003955567 0.0476614240
v -0.0108850000 0.0003472505 0.0476404148
v -0.0108850000 0.0002975973 0.0476222068
v -0.0108850000 0.0002465971 0.0476068001
v -0.0108850000 0.0001942500 0.0475941946
v -0.0108850000 0.0001405559 0.0475843903
v -0.0108850000 0.0000855148 0.0475773872
v -0.0108850000 0.0000291268 0.0475731854
v -0.0108850000 -0.0000286082 0.0475717848
v -0.0108850000 -0.0000891505 0.0475734000
v -0.0108850000 -0.0001472848 0.0475782455
v -0.0108970000 -0.0004202552 0.0473912668
v -0.0108970000 -0.0003620731 0.0473721231
v -0.0108970000 -0.0003012925 0.0473564601
v -0.0108970000 -0.0002379133 0.0473442777
v -0.0108970000 -0.0001719356 0.0473355760
v -0.0108970000 -0.0001033592 0.0473303550
v -0.0108970000 -0.0000321843 0.0473286147
v -0.0108970000 0.0000449269 0.0473306053
v -0.0108970000 0.0001193918 0.0473365773
v -0.0108970000 0.0001912104 0.0473465306
v -0.0108970000 0.0002603827 0.0473604652
v -0.0108970000 0.0003269088 0.0473783811
v -0.0108970000 0.0003907887 0.0474002784
v -0.0108970000 0.0004520222 0.0474261569
v -0.0108970000 0.0005106095 0.0474560168
v -0.0108970000 0.0005665506 0.0474898579
v -0.0108970000 0.0006198454 0.0475276804
v -0.0108970000 0.0006778247 0.0475763979
v -0.0108970000 0.0007297010 0.0476290966
v -0.0108970000 0.0007754742 0.0476857767
v -0.0108970000 0.0008151443 0.0477464381
v -0.0108970000 0.0008487113 0.0478110809
v -0.0108970000 0.0008761753 0.0478797049
v -0.0108970000 0.0008975361 0.0479523102
v -0.0108970000 0.0009127938 0.0480288969
v -0.0108970000 0.0009219485 0.0481094649
v -0.0108970000 0.0009250000 0.0481940142
v -0.0108970000 0.0009223299 0.0482731041
v -0.0108970000 0.0009143196 0.0483487371
v -0.0108970000 0.0009009691 0.0484209133
v -0.0108970000 0.0008822784 0.0484896327
v -0.0108970000 0.0008582474 0.0485548953
v -0.0108970000 0.0008288763 0.0486167010
v -0.0108970000 0.0007941649 0.0486750499
v -0.0108970000 0.0007541134 0.0487299420
v -0.0108970000 0.0007087216 0.0487813773
v -0.0108970000 0.0006579897 0.0488293557
v -0.0108970000 0.0006051360 0.0488685370
v -0.0108970000 0.0005495644 0.0489035941
v -0.0108970000 0.0004912751 0.0489345267
v -0.0108970000 0.0004302680 0.0489613351
v -0.0108970000 0.0003665432 0.0489840190
v -0.0108970000 0.0003001005 0.0490025786
v -0.0108970000 0.0002309401 0.0490170139
v -0.0108970000 0.0001590619 0.0490273247
v -0.0108970000 0.0000844659 0.0490335113
v -0.0108970000 0.0000071521 0.0490355735
v -0.0108970000 -0.0000628666 0.0490338093
v -0.0108970000 -0.0001308351 0.0490285168
v -0.0108970000 -0.0001967532 0.0490196959
v -0.0108970000 -0.0002606211 0.0490073466
v -0.0108970000 -0.0003224388 0.0489914691
v -0.0108970000 -0.0003822062 0.0489720631
v -0.0108970000 -0.0004399233 0.0489491289
v -0.0108970000 -0.0004955902 0.0489226662
v -0.0108970000 -0.0005492068 0.0488926753
v -0.0108970000 -0.0006007732 0.0488591559
v -0.0108970000 -0.0006623763 0.0488116901
v -0.0108970000 -0.0007174948 0.0487598853
v -0.0108970000 -0.0007661289 0.0487037416
v -0.0108970000 -0.0008082784 0.0486432590
v -0.0108970000 -0.0008439433 0.0485784375
v -0.0108970000 -0.0008731237 0.0485092771
v -0.0108970000 -0.0008958196 0.0484357777
v -0.0108970000 -0.0009120309 0.0483579394
v -0.0108970000 -0.0009217577 0.0482757622
v -0.0108970000 -0.0009250000 0.0481892461
v -0.0108970000 -0.0009220200 0.0480989156
v -0.0108970000 -0.0009130799 0.0480134008
v -0.0108970000 -0.0008981798 0.0479327017
v -0.0108970000 -0.0008773196 0.0478568183
v -0.0108970000 -0.0008504994 0.0477857506
v -0.0108970000 -0.0008177191 0.0477194987
v -0.0108970000 -0.0007789787 0.0476580625
v -0.0108970000 -0.0007342784 0.0476014420
v -0.0108970000 -0.0006836179 0.0475496372
v -0.0108970000 -0.0006269974 0.0475026482
v -0.0108970000 -0.0005792097 0.0474695818
v -0.0108970000 -0.0005288235 0.0474399961
v -0.0108970000 -0.0004758386 0.0474138911
v -0.0108970000 -0.0002030113 0.0475863214
v -0.0108970000 -0.0002563299 0.0475976276
v -0.0108970000 -0.0003072407 0.0476121641
v -0.0108970000 -0.0003557436 0.0476299311
v -0.0108970000 -0.0004018386 0.0476509283
v -0.0108970000 -0.0004455258 0.0476751559
v -0.0108970000 -0.0004868051 0.0477026139
v -0.0108970000 -0.0005256765 0.0477333022
v -0.0108970000 -0.0005614607 0.0477667917
v -0.0108970000 -0.0005934781 0.0478026534
v -0.0108970000 -0.0006217287 0.0478408871
v -0.0108970000 -0.0006462126 0.0478814929
v -0.0108970000 -0.0006669298 0.0479244708
v -0.0108970000 -0.0006838802 0.0479698209
v -0.0108970000 -0.0006970638 0.0480175430
v -0.0108970000 -0.0007064807 0.0480676372
v -0.0108970000 -0.0007121308 0.0481201036
v -0.0108970000 -0.0007140142 0.0481749420
v -0.0108970000 -0.0007121487 0.0482282964
v -0.0108970000 -0.0007065522 0.0482796482
v -0.0108970000 -0.0006972247 0.0483289974
v -0.0108970000 -0.0006841662 0.0483763441
v -0.0108970000 -0.0006673768 0.0484216881
v -0.0108970000 -0.0006468563 0.0484650296
v -0.0108970000 -0.0006226049 0.0485063686
v -0.0108970000 -0.0005946224 0.0485457049
v -0.0108970000 -0.0005629090 0.0485830387
v -0.0108970000 -0.0005274646 0.0486183698
v -0.0108970000 -0.0004883845 0.0486509832
v -0.0108970000 -0.0004457642 0.0486801637
v -0.0108970000 -0.0003996036 0.0487059111
v -0.0108970000 -0.0003499027 0.0487282255
v -0.0108970000 -0.0002966616 0.0487471070
v -0.0108970000 -0.0002398802 0.0487625554
v -0.0108970000 -0.0001795585 0.0487745709
v -0.0108970000 -0.0001156965 0.0487831534
v -0.0108970000 -0.0000482943 0.0487883028
v -0.0108970000 0.0000226482 0.0487900193
v -0.0108970000 0.0000799064 0.0487885472
v -0.0108970000 0.0001353409 0.0487841308
v -0.0108970000 0.0001889515 0.0487767701
v -0.0108970000 0.0002407384 0.0487664652
v -0.0108970000 0.0002907015 0.0487532160
v -0.0108970000 0.0003388409 0.0487370226
v -0.0108970000 0.0003851564 0.0487178848
v -0.0108970000 0.0004296482 0.0486958028
v -0.0108970000 0.0004723162 0.0486707766
v -0.0108970000 0.0005131604 0.0486428061
v -0.0108970000 0.0005510962 0.0486115337
v -0.0108970000 0.0005850387 0.0485766018
v -0.0108970000 0.0006149879 0.0485380105
v -0.0108970000 0.0006409439 0.0484957597
v -0.0108970000 0.0006629067 0.0484498494
v -0.0108970000 0.0006808763 0.0484002796
v -0.0108970000 0.0006948526 0.0483470504
v -0.0108970000 0.0007048357 0.0482901617
v -0.0108970000 0.0007108255 0.0482296136
v -0.0108970000 0.0007128222 0.0481654059
v -0.0108970000 0.0007105752 0.0481044406
v -0.0108970000 0.0007038344 0.0480469439
v -0.0108970000 0.0006925997 0.0479929161
v -0.0108970000 0.0006768711 0.0479423570
v -0.0108970000 0.0006566487 0.0478952666
v -0.0108970000 0.0006319323 0.0478516450
v -0.0108970000 0.0006027221 0.0478114921
v -0.0108970000 0.0005690180 0.0477748080
v -0.0108970000 0.0005308201 0.0477415926
v -0.0108970000 0.0004881282 0.0477118460
v -0.0108970000 0.0004425159 0.0476852344
v -0.0108970000 0.0003955567 0.0476614240
v -0.0108970000 0.0003472505 0.0476404148
v -0.0108970000 0.0002975973 0.0476222068
v -0.0108970000 0.0002465971 0.0476068001
v -0.0108970000 0.0001942500 0.0475941946
v -0.0108970000 0.0001405559 0.0475843903
v -0.0108970000 0.0000855148 0.0475773872
v -0.0108970000 0.0000291268 0.0475731854
v -0.0108970000 -0.0000286082 0.0475717848
v -0.0108970000 -0.0000891505 0.0475734000
v -0.0108970000 -0.0001472848 0.0475782455
v -0.0108850000 -0.0008773196 0.0458815142
v -0.0108850000 -0.0008773196 0.0456562242
v -0.0108850000 0.0008737436 0.0456562242
v -0.0108850000 0.0008737436 0.0459220425
v -0.0108850000 -0.0005435567 0.0468196263
v -0.0108850000 0.0008737436 0.0468196263
v -0.0108850000 0.0008737436 0.0470461082
v -0.0108850000 -0.0008773196 0.0470461082
v -0.0108850000 -0.0008773196 0.0467659858
v -0.0108850000 0.0005411727 0.0458815142
v -0.0108970000 -0.0008773196 0.0458815142
v -0.0108970000 -0.0008773196 0.0456562242
v -0.0108970000 0.0008737436 0.0456562242
v -0.0108970000 0.0008737436 0.0459220425
v -0.0108970000 -0.0005435567 0.0468196263
v -0.0108970000 0.0008737436 0.0468196263
v -0.0108970000 0.0008737436 0.0470461082
v -0.0108970000 -0.0008773196 0.0470461082
v -0.0108970000 -0.0008773196 0.0467659858
v -0.0108970000 0.0005411727 0.0458815142
v -0.0108850000 -0.0006627577 0.0450292268
v -0.0108850000 -0.0001311211 0.0450292268
v -0.0108850000 -0.0001311211 0.0440625064
v -0.0108850000 0.0000715206 0.0440625064
v -0.0108850000 0.0000715206 0.0450292268
v -0.0108850000 0.0006651418 0.0450292268
v -0.0108850000 0.0006651418 0.0439659536
v -0.0108850000 0.0008737436 0.0439659536
v -0.0108850000 0.0008737436 0.0452604768
v -0.0108850000 -0.0008773196 0.0452604768
v -0.0108850000 -0.0008773196 0.0439838338
v -0.0108850000 -0.0006627577 0.0439838338
v -0.0108970000 -0.0006627577 0.0450292268
v -0.0108970000 -0.0001311211 0.0450292268
v -0.0108970000 -0.0001311211 0.0440625064
v -0.0108970000 0.0000715206 0.0440625064
v -0.0108970000 0.0000715206 0.0450292268
v -0.0108970000 0.0006651418 0.0450292268
v -0.0108970000 0.0006651418 0.0439659536
v -0.0108970000 0.0008737436 0.0439659536
v -0.0108970000 0.0008737436 0.0452604768
v -0.0108970000 -0.0008773196 0.0452604768
v -0.0108970000 -0.0008773196 0.0439838338
v -0.0108970000 -0.0006627577 0.0439838338
v -0.0108850000 -0.0000238402 0.0424854768
v -0.0108850000 -0.0008773196 0.0430731379
v -0.0108850000 -0.0008773196 0.0427763273
v -0.0108850000 -0.0002074098 0.0423293235
v -0.0108850000 -0.0008773196 0.0418858956
v -0.0108850000 -0.0008773196 0.0416033892
v -0.0108850000 -0.0000238402 0.0421910503
v -0.0108850000 0.0008737436 0.0415747809
v -0.0108850000 0.0008737436 0.0418692075
v -0.0108850000 0.0001537693 0.0423412436
v -0.0108850000 0.0008737436 0.0428263918
v -0.0108850000 0.0008737436 0.0431124742
v -0.0108970000 -0.0000238402 0.0424854768
v -0.0108970000 -0.0008773196 0.0430731379
v -0.0108970000 -0.0008773196 0.0427763273
v -0.0108970000 -0.0002074098 0.0423293235
v -0.0108970000 -0.0008773196 0.0418858956
v -0.0108970000 -0.0008773196 0.0416033892
v -0.0108970000 -0.0000238402 0.0421910503
v -0.0108970000 0.0008737436 0.0415747809
v -0.0108970000 0.0008737436 0.0418692075
v -0.0108970000 0.0001537693 0.0423412436
v -0.0108970000 0.0008737436 0.0428263918
v -0.0108970000 0.0008737436 0.0431124742
vn 0.57735027 -0.57735027 -0.57735027
vn 0.57735027 0.57735027 -0.57735027
vn 0.57735027 0.57735027 0.57735027
vn 0.57735027 -0.57735027 0.57735027
vn -0.57735027 -0.57735027 -0.57735027
vn -0.57735027 0.57735027 -0.57735027
vn -0.57735027 0.57735027 0.57735027
vn -0.57735027 -0.57735027 0.57735027
vn 0.70291424 -0.48532160 0.51997550
vn 0.70267198 -0.50517642 0.50104777
vn 0.70242324 -0.52535968 0.48020704
vn 0.70217075 -0.54571928 0.45732559
vn 0.70191801 -0.56606796 0.43229407
vn 0.70166933 -0.58618244 0.40503124
vn 0.70142976 -0.60580515 0.37549489
vn 0.70120503 -0.62464908 0.34369323
vn 0.70140322 -0.64148721 0.31068904
vn 0.70176395 -0.65573562 0.27845674
vn 0.70179237 -0.66824131 0.24686237
vn 0.70184413 -0.67912619 0.21494752
vn 0.70191790 -0.68836350 0.18293974
vn 0.70201180 -0.69595993 0.15106024
vn 0.70212358 -0.70195311 0.11951698
vn 0.70225069 -0.70640774 0.08849901
vn 0.70239048 -0.70941073 0.05817235
vn 0.70254026 -0.71106595 0.02867742
vn 0.70086898 -0.71326683 -0.00575328
vn 0.69828696 -0.71376800 -0.05413462
vn 0.69714107 -0.70774472 -0.11441911
vn 0.69594879 -0.69477044 -0.18151947
vn 0.69479330 -0.67270027 -0.25443394
vn 0.69379298 -0.63959851 -0.33100610
vn 0.69308397 -0.59436734 -0.40787508
vn 0.69278321 -0.53739908 -0.48088839
vn 0.69294572 -0.47087517 -0.54598791
vn 0.69354137 -0.39841507 -0.60022146
vn 0.69680252 -0.33000349 -0.63683903
vn 0.69954454 -0.27674760 -0.65882335
vn 0.70028002 -0.23341852 -0.67462856
vn 0.70095731 -0.19361582 -0.68641953
vn 0.70157078 -0.15730413 -0.69502075
vn 0.70212033 -0.12431531 -0.70112249
vn 0.70260912 -0.09440934 -0.70528526
vn 0.70304206 -0.06731569 -0.70795513
vn 0.70342472 -0.04275952 -0.70948241
vn 0.70376276 -0.02047699 -0.71013989
vn 0.70554571 -0.00492559 -0.70864730
vn 0.57735027 0.57735027 -0.57735027
vn 0.57735027 0.57735027 0.57735027
vn 0.70880863 0.00532125 0.70538075
vn 0.71072647 0.02186780 0.70312850
vn 0.71102631 0.04526395 0.70170703
vn 0.71135437 0.07051745 0.69928695
vn 0.71171184 0.09774631 0.69563777
vn 0.71209912 0.12704963 0.69048768
vn 0.71251537 0.15849434 0.68352131
vn 0.71295799 0.19209801 0.67438065
vn 0.71342198 0.22780784 0.66267086
vn 0.71389930 0.26547689 0.64797362
vn 0.71636478 0.30936614 0.62539115
vn 0.71995854 0.36638974 0.58942197
vn 0.72091561 0.43174627 0.54210317
vn 0.72154027 0.49462202 0.48448808
vn 0.72172560 0.55170677 0.41800932
vn 0.72143726 0.60019881 0.34538335
vn 0.72072817 0.63843442 0.27009701
vn 0.71971613 0.66613159 0.19564610
vn 0.71854029 0.68418307 0.12487342
vn 0.71732281 0.69418349 0.05964287
vn 0.71292172 0.70116163 0.01072351
vn 0.70957423 0.70447134 -0.01498474
vn 0.70976582 0.70375701 -0.03096058
vn 0.70997731 0.70257589 -0.04815960
vn 0.71021091 0.70082278 -0.06669256
vn 0.71046896 0.69837029 -0.08667643
vn 0.71075385 0.69506457 -0.10823224
vn 0.71106794 0.69072062 -0.13148158
vn 0.71141338 0.68511742 -0.15654112
vn 0.71179185 0.67799318 -0.18351460
vn 0.71102965 0.67126399 -0.20938360
vn 0.71412449 0.65743790 -0.24041967
vn 0.71413048 0.64132815 -0.28056348
vn 0.71408262 0.62287715 -0.31954667
vn 0.71398309 0.60233402 -0.35696201
vn 0.71383625 0.58000780 -0.39246498
vn 0.71364820 0.55624717 -0.42578790
vn 0.71342619 0.53141856 -0.45674652
vn 0.71317798 0.50588539 -0.48523927
vn 0.71291125 0.47999055 -0.51124028
vn 0.71203328 0.45584276 -0.53405616
vn 0.71160612 0.43349822 -0.55289784
vn 0.71182948 0.41049955 -0.56990254
vn 0.71205217 0.38568826 -0.58670800
vn 0.71227071 0.35902669 -0.60313372
vn 0.71248109 0.33050875 -0.61897873
vn 0.71267885 0.30016667 -0.63402589
vn 0.71285923 0.26807704 -0.64804816
vn 0.71301736 0.23436511 -0.66081710
vn 0.71314859 0.19920671 -0.67211292
vn 0.71245770 0.16537497 -0.68194952
vn 0.71121269 0.13701739 -0.68949455
vn 0.71067347 0.11364933 -0.69428167
vn 0.71022815 0.09312550 -0.69778480
vn 0.70985741 0.07500422 -0.70034051
vn 0.70954632 0.05891959 -0.70219121
vn 0.70928329 0.04456928 -0.70351318
vn 0.70905926 0.03170326 -0.70443585
vn 0.70886714 0.02011420 -0.70505517
vn 0.70870132 0.00962951 -0.70544292
vn 0.70784809 0.00232410 -0.70636087
vn 0.57735027 0.57735027 -0.57735027
vn 0.57735027 0.57735027 0.57735027
vn 0.57735027 -0.57735027 0.57735027
vn 0.57735027 -0.57735027 -0.57735027
vn 0.98206266 -0.17722539 -0.06437460
vn 0.70314799 -0.46591451 0.53712808
vn -0.70291424 -0.48532160 0.51997550
vn -0.70267198 -0.50517642 0.50104777
vn -0.70242324 -0.52535968 0.48020704
vn -0.70217075 -0.54571928 0.45732559
vn -0.70191801 -0.56606796 0.43229407
vn -0.70166933 -0.58618244 0.40503124
vn -0.70142976 -0.60580515 0.37549489
vn -0.70120503 -0.62464908 0.34369323
vn -0.70140322 -0.64148721 0.31068904
vn -0.70176395 -0.65573562 0.27845674
vn -0.70179237 -0.66824131 0.24686237
vn -0.70184413 -0.67912619 0.21494752
vn -0.70191790 -0.68836350 0.18293974
vn -0.70201180 -0.69595993 0.15106024
vn -0.70212358 -0.70195311 0.11951698
vn -0.70225069 -0.70640774 0.08849901
vn -0.70239048 -0.70941073 0.05817235
vn -0.70254026 -0.71106595 0.02867742
vn -0.70086898 -0.71326683 -0.00575328
vn -0.69828696 -0.71376800 -0.05413462
vn -0.69714107 -0.70774472 -0.11441911
vn -0.69594879 -0.69477044 -0.18151947
vn -0.69479330 -0.67270027 -0.25443394
vn -0.69379298 -0.63959851 -0.33100610
vn -0.69308397 -0.59436734 -0.40787508
vn -0.69278321 -0.53739908 -0.48088839
vn -0.69294572 -0.47087517 -0.54598791
vn -0.69354137 -0.39841507 -0.60022146
vn -0.69680252 -0.33000349 -0.63683903
vn -0.69954454 -0.27674760 -0.65882335
vn -0.70028002 -0.23341852 -0.67462856
vn -0.70095731 -0.19361582 -0.68641953
vn -0.70157078 -0.15730413 -0.69502075
vn -0.70212033 -0.12431531 -0.70112249
vn -0.70260912 -0.09440934 -0.70528526
vn -0.70304206 -0.06731569 -0.70795513
vn -0.70342472 -0.04275952 -0.70948241
vn -0.70376276 -0.02047699 -0.71013989
vn -0.70554571 -0.00492559 -0.70864730
vn -0.57735027 0.57735027 -0.57735027
vn -0.57735027 0.57735027 0.57735027
vn -0.70880863 0.00532125 0.70538075
vn -0.71072647 0.02186780 0.70312850
vn -0.71102631 0.04526395 0.70170703
vn -0.71135437 0.07051745 0.69928695
vn -0.71171184 0.09774631 0.69563777
vn -0.71209912 0.12704963 0.69048768
vn -0.71251537 0.15849434 0.68352131
vn -0.71295799 0.19209801 0.67438065
vn -0.71342198 0.22780784 0.66267086
vn -0.71389930 0.26547689 0.64797362
vn -0.71636478 0.30936614 0.62539115
vn -0.71995854 0.36638974 0.58942197
vn -0.72091561 0.43174627 0.54210317
vn -0.72154027 0.49462202 0.48448808
vn -0.72172560 0.55170677 0.41800932
vn -0.72143726 0.60019881 0.34538335
vn -0.72072817 0.63843442 0.27009701
vn -0.71971613 0.66613159 0.19564610
vn -0.71854029 0.68418307 0.12487342
vn -0.71732281 0.69418349 0.05964287
vn -0.71292172 0.70116163 0.01072351
vn -0.70957423 0.70447134 -0.01498474
vn -0.70976582 0.70375701 -0.03096058
vn -0.70997731 0.70257589 -0.04815960
vn -0.71021091 0.70082278 -0.06669256
vn -0.71046896 0.69837029 -0.08667643
vn -0.71075385 0.69506457 -0.10823224
vn -0.71106794 0.69072062 -0.13148158
vn -0.71141338 0.68511742 -0.15654112
vn -0.71179185 0.67799318 -0.18351460
vn -0.71102965 0.67126399 -0.20938360
vn -0.71412449 0.65743790 -0.24041967
vn -0.71413048 0.64132815 -0.28056348
vn -0.71408262 0.62287715 -0.31954667
vn -0.71398309 0.60233402 -0.35696201
vn -0.71383625 0.58000780 -0.39246498
vn -0.71364820 0.55624717 -0.42578790
vn -0.71342619 0.53141856 -0.45674652
vn -0.71317798 0.50588539 -0.48523927
vn -0.71291125 0.47999055 -0.51124028
vn -0.71203328 0.45584276 -0.53405616
vn -0.71160612 0.43349822 -0.55289784
vn -0.71182948 0.41049955 -0.56990254
vn -0.71205217 0.38568826 -0.58670800
vn -0.71227071 0.35902669 -0.60313372
vn -0.71248109 0.33050875 -0.61897873
vn -0.71267885 0.30016667 -0.63402589
vn -0.71285923 0.26807704 -0.64804816
vn -0.71301736 0.23436511 -0.66081710
vn -0.71314859 0.19920671 -0.67211292
vn -0.71245770 0.16537497 -0.68194952
vn -0.71121269 0.13701739 -0.68949455
vn -0.71067347 0.11364933 -0.69428167
vn -0.71022815 0.09312550 -0.69778480
vn -0.70985741 0.07500422 -0.70034051
vn -0.70954632 0.05891959 -0.70219121
vn -0.70928329 0.04456928 -0.70351318
vn -0.70905926 0.03170326 -0.70443585
vn -0.70886714 0.02011420 -0.70505517
vn -0.70870132 0.00962951 -0.70544292
vn -0.70784809 0.00232410 -0.70636087
vn -0.57735027 0.57735027 -0.57735027
vn -0.57735027 0.57735027 0.57735027
vn -0.57735027 -0.57735027 0.57735027
vn -0.57735027 -0.57735027 -0.57735027
vn -0.98206266 -0.17722539 -0.06437460
vn -0.70314799 -0.46591451 0.53712808
vn 0.71292708 -0.18175299 -0.67727456
vn 0.71345612 -0.21762834 -0.66604675
vn 0.71401509 -0.25591211 -0.65168354
vn 0.71459284 -0.29639929 -0.63364386
vn 0.71517249 -0.33871540 -0.61139200
vn 0.71573101 -0.38228681 -0.58445351
vn 0.71926808 -0.43158434 -0.54441564
vn 0.72079962 -0.48906642 -0.49118422
vn 0.72038908 -0.54371975 -0.43059076
vn 0.71965820 -0.58939459 -0.36702329
vn 0.71870957 -0.62568810 -0.30326714
vn 0.71765163 -0.65313495 -0.24164203
vn 0.71657509 -0.67286646 -0.18376850
vn 0.71554308 -0.68625920 -0.13056189
vn 0.71459216 -0.69467555 -0.08236460
vn 0.71373847 -0.69931887 -0.03912181
vn 0.71262724 -0.70154097 -0.00163816
vn 0.71227127 -0.70120013 0.03143278
vn 0.71250214 -0.69874230 0.06403048
vn 0.71272264 -0.69458861 0.09784219
vn 0.71292759 -0.68856981 0.13268711
vn 0.71311150 -0.68053993 0.16833715
vn 0.71326891 -0.67038735 0.20451959
vn 0.71339472 -0.65804543 0.24092361
vn 0.71348453 -0.64350149 0.27721050
vn 0.71353504 -0.62680269 0.31302737
vn 0.71559157 -0.60312450 0.35237700
vn 0.71837683 -0.56804380 0.40157312
vn 0.71925452 -0.52331152 0.45696606
vn 0.71993272 -0.46994089 0.51073714
vn 0.72032212 -0.40869779 0.56044818
vn 0.72036478 -0.34130423 0.60380958
vn 0.72005405 -0.27024235 0.63913319
vn 0.71943700 -0.19832262 0.66564145
vn 0.71859784 -0.12817861 0.68351108
vn 0.71763231 -0.06187890 0.69366769
vn 0.71715471 0.00083764 0.69691349
vn 0.71814205 0.06502420 0.69285196
vn 0.71900079 0.13393436 0.68198201
vn 0.71967608 0.20576539 0.66311910
vn 0.72008286 0.27817498 0.63568810
vn 0.72016294 0.34846268 0.59994925
vn 0.71990423 0.41401598 0.55707151
vn 0.71934503 0.47276788 0.50895309
vn 0.71856078 0.52349315 0.45784859
vn 0.71764115 0.56585534 0.40595433
vn 0.71794225 0.60105762 0.35112486
vn 0.71304009 0.62976263 0.30817666
vn 0.71166869 0.64462743 0.27925464
vn 0.71071318 0.65518375 0.25616601
vn 0.71002418 0.66295647 0.23739077
vn 0.70951259 0.66885513 0.22186640
vn 0.70912309 0.67344674 0.20883948
vn 0.70882014 0.67709869 0.19776596
vn 0.70858008 0.68005730 0.18824543
vn 0.70838679 0.68249259 0.17997785
vn 0.70773038 0.68462600 0.17437013
vn 0.70646031 0.68583814 0.17475664
vn 0.70490363 0.68506222 0.18384944
vn 0.70466627 0.68133696 0.19805400
vn 0.70439115 0.67686450 0.21374648
vn 0.70407059 0.67145895 0.23114387
vn 0.70369514 0.66487877 0.25049824
vn 0.70325325 0.65680781 0.27209992
vn 0.70273087 0.64682963 0.29627816
vn 0.70211129 0.63439321 0.32339602
vn 0.70137522 0.61876837 0.35383401
vn 0.70070504 0.59917994 0.38729297
vn 0.69738158 0.57214336 0.43163748
vn 0.69654508 0.53094080 0.48262493
vn 0.69580801 0.48130682 0.53309939
vn 0.69524354 0.42332649 0.58088821
vn 0.69491846 0.35796132 0.62366019
vn 0.69487574 0.28708627 0.65933996
vn 0.69512128 0.21326579 0.68653049
vn 0.69562199 0.13931389 0.70477067
vn 0.69631623 0.06780234 0.71452541
vn 0.69792740 0.00330247 0.71616090
vn 0.69849929 -0.05391503 0.71357684
vn 0.69795269 -0.11078581 0.70752283
vn 0.69748590 -0.17023397 0.69608463
vn 0.69713433 -0.23104296 0.67869203
vn 0.69692834 -0.29172336 0.65512469
vn 0.69688725 -0.35066158 0.62560739
vn 0.69701505 -0.40631644 0.59082736
vn 0.69729948 -0.45741270 0.55185783
vn 0.69771481 -0.50307795 0.51000649
vn 0.69795735 -0.54366490 0.46613733
vn 0.69785115 -0.58045571 0.41961285
vn 0.69798977 -0.61301635 0.37016380
vn 0.69824230 -0.64070788 0.31929782
vn 0.69859014 -0.66337204 0.26815921
vn 0.69901013 -0.68113977 0.21779223
vn 0.69947800 -0.69436906 0.16906253
vn 0.69997116 -0.70356591 0.12261888
vn 0.70047050 -0.70930757 0.07889142
vn 0.70096116 -0.71218021 0.03811563
vn 0.70084828 -0.71330876 -0.00151318
vn 0.69980074 -0.71292250 -0.04494924
vn 0.69897543 -0.70889584 -0.09433995
vn 0.69810390 -0.70036273 -0.14880518
vn 0.69722106 -0.68601321 -0.20801122
vn 0.69637953 -0.66450694 -0.27108314
vn 0.69564770 -0.63470361 -0.33649011
vn 0.69510099 -0.59597431 -0.40205626
vn 0.69480616 -0.54850819 -0.46517004
vn 0.69480309 -0.49347517 -0.52319300
vn 0.69718903 -0.43718530 -0.56815180
vn 0.70044753 -0.39190637 -0.59647520
vn 0.70014608 -0.35490492 -0.61954658
vn 0.69988091 -0.31488719 -0.64110277
vn 0.69966357 -0.27210137 -0.66062979
vn 0.69950455 -0.22693515 -0.67763842
vn 0.69941212 -0.17990783 -0.69170503
vn 0.69939136 -0.13164580 -0.70251058
vn 0.69944341 -0.08284326 -0.70987035
vn 0.69956539 -0.03421342 -0.71374905
vn 0.57661578 0.57364859 -0.58175728
vn 0.58333178 0.60492311 0.54202589
vn 0.71352432 0.09626678 0.69398542
vn 0.71364111 0.13565560 0.68725099
vn 0.71371654 0.17516959 0.67817720
vn 0.71374762 0.21441207 0.66677717
vn 0.71373308 0.25298514 0.65313368
vn 0.71367352 0.29050938 0.63739659
vn 0.71357132 0.32664223 0.61977482
vn 0.71343044 0.36109292 0.60052386
vn 0.71325604 0.39363258 0.57993035
vn 0.72498594 0.44426803 0.52632813
vn 0.72070972 0.51531296 0.46371333
vn 0.71996947 0.56597295 0.40164485
vn 0.71899069 0.60691334 0.33868657
vn 0.71789120 0.63851905 0.27735474
vn 0.71677010 0.66187655 0.21945399
vn 0.71569618 0.67838717 0.16604166
vn 0.71470886 0.68947223 0.11755551
vn 0.71382514 0.69640360 0.07399792
vn 0.71304745 0.70023628 0.03510673
vn 0.71203478 0.70214256 0.00151616
vn 0.71188504 0.70171488 -0.02856416
vn 0.71238658 0.69924948 -0.05962817
vn 0.71294460 0.69492531 -0.09374862
vn 0.71355971 0.68821682 -0.13111120
vn 0.71422850 0.67849597 -0.17181638
vn 0.71494142 0.66504006 -0.21582512
vn 0.71568048 0.64706179 -0.26289254
vn 0.71641713 0.62377191 -0.31249816
vn 0.71711160 0.59448113 -0.36378996
vn 0.71690946 0.56084917 -0.41411235
vn 0.71678878 0.52354871 -0.46055467
vn 0.71746244 0.48064234 -0.50421284
vn 0.71802004 0.43128733 -0.54629522
vn 0.71840862 0.37597992 -0.58525905
vn 0.71858614 0.31577024 -0.61961529
vn 0.71853194 0.25219847 -0.64815722
vn 0.71825242 0.18711160 -0.67015126
vn 0.71777926 0.12240730 -0.68542643
vn 0.71716099 0.05978275 -0.69433863
vn 0.71761147 -0.00293930 -0.69643746
vn 0.71920017 -0.07153005 -0.69111111
vn 0.71983636 -0.14581285 -0.67865619
vn 0.72018614 -0.22112512 -0.65759836
vn 0.72019821 -0.29467758 -0.62807616
vn 0.71987072 -0.36376576 -0.59115194
vn 0.71925196 -0.42624023 -0.54863092
vn 0.71842376 -0.48080340 -0.50268816
vn 0.71747753 -0.52705128 -0.45545905
vn 0.71649412 -0.56530611 -0.40873608
vn 0.71302418 -0.59451097 -0.37168969
vn 0.71247670 -0.61275166 -0.34192448
vn 0.71186915 -0.62797278 -0.31447177
vn 0.71134498 -0.64045632 -0.28948922
vn 0.71089278 -0.65073938 -0.26677652
vn 0.71050208 -0.65925011 -0.24612209
vn 0.71016366 -0.66632849 -0.22731898
vn 0.70986961 -0.67224430 -0.21017314
vn 0.70961319 -0.67721195 -0.19450730
vn 0.70938875 -0.68140239 -0.18016208
vn 0.70815927 -0.68518888 -0.17037209
vn 0.70646703 -0.68714252 -0.16952724
vn 0.70536253 -0.68637056 -0.17708519
vn 0.70510553 -0.68356711 -0.18857941
vn 0.70478890 -0.68011286 -0.20178975
vn 0.70439331 -0.67578956 -0.21711411
vn 0.70389135 -0.67028082 -0.23507572
vn 0.70324330 -0.66311576 -0.25637152
vn 0.70239058 -0.65357270 -0.28194006
vn 0.70124535 -0.64050992 -0.31305272
vn 0.69967476 -0.62206031 -0.35142026
vn 0.69779430 -0.59539197 -0.39823550
vn 0.69552642 -0.55698843 -0.45387981
vn 0.69505210 -0.50575920 -0.51098944
vn 0.69484043 -0.44676353 -0.56355933
vn 0.69492025 -0.38181807 -0.60934457
vn 0.69528052 -0.31341762 -0.64680321
vn 0.69587393 -0.24428357 -0.67534066
vn 0.69663131 -0.17688873 -0.69528066
vn 0.69747931 -0.11312786 -0.70761904
vn 0.69835416 -0.05420169 -0.71369716
vn 0.69877895 0.00072000 -0.71533731
vn 0.69825199 0.05597824 -0.71366000
vn 0.69791894 0.11372320 -0.70708994
vn 0.69769635 0.17250770 -0.69531353
vn 0.69760191 0.23106024 -0.67820553
vn 0.69764351 0.28805750 -0.65598507
vn 0.69781766 0.34226708 -0.62920884
vn 0.69811016 0.39267624 -0.59870492
vn 0.69849889 0.43857656 -0.56546432
vn 0.69895766 0.47959054 -0.53051965
vn 0.69757792 0.52120301 -0.49166297
vn 0.69605441 0.56568388 -0.44216513
vn 0.69650840 0.60573883 -0.38465116
vn 0.69711170 0.63826858 -0.32657081
vn 0.69781014 0.66357105 -0.26969330
vn 0.69855282 0.68237852 -0.21536831
vn 0.69929845 0.69564889 -0.16448191
vn 0.70001743 0.70439229 -0.11750361
vn 0.70069120 0.70955614 -0.07457830
vn 0.70131002 0.71196563 -0.03562572
vn 0.70181050 0.71236365 -0.00023381
vn 0.70139991 0.71191474 0.03486504
vn 0.70068050 0.70967176 0.07357186
vn 0.69986765 0.70461828 0.11703996
vn 0.69896401 0.69571840 0.16560560
vn 0.69798448 0.68168594 0.21936716
vn 0.69696237 0.66102553 0.27800847
vn 0.69595497 0.63217389 0.34059192
vn 0.69504466 0.59378048 0.40538581
vn 0.69433068 0.54511904 0.46984054
vn 0.69660450 0.49127773 0.52286553
vn 0.69909982 0.44453703 0.56004131
vn 0.69895203 0.40280887 0.59094084
vn 0.69888822 0.35830314 0.61901059
vn 0.69891241 0.31169661 0.64371319
vn 0.69902305 0.26377424 0.66467280
vn 0.69921331 0.21536486 0.68170281
vn 0.69947206 0.16727370 0.69480813
vn 0.69978540 0.12022383 0.70416377
vn 0.70013837 0.07481504 0.71007674
vn 0.57357290 -0.55749343 0.60017931
vn 0.58319204 -0.60432775 -0.54283977
vn 0.71156718 -0.08885027 -0.69697761
vn 0.71198098 -0.11742060 -0.69231170
vn 0.71243441 -0.14835843 -0.68587681
vn -0.71292708 -0.18175299 -0.67727456
vn -0.71345612 -0.21762834 -0.66604675
vn -0.71401509 -0.25591211 -0.65168354
vn -0.71459284 -0.29639929 -0.63364386
vn -0.71517249 -0.33871540 -0.61139200
vn -0.71573101 -0.38228681 -0.58445351
vn -0.71926808 -0.43158434 -0.54441564
vn -0.72079962 -0.48906642 -0.49118422
vn -0.72038908 -0.54371975 -0.43059076
vn -0.71965820 -0.58939459 -0.36702329
vn -0.71870957 -0.62568810 -0.30326714
vn -0.71765163 -0.65313495 -0.24164203
vn -0.71657509 -0.67286646 -0.18376850
vn -0.71554308 -0.68625920 -0.13056189
vn -0.71459216 -0.69467555 -0.08236460
vn -0.71373847 -0.69931887 -0.03912181
vn -0.71262724 -0.70154097 -0.00163816
vn -0.71227127 -0.70120013 0.03143278
vn -0.71250214 -0.69874230 0.06403048
vn -0.71272264 -0.69458861 0.09784219
vn -0.71292759 -0.68856981 0.13268711
vn -0.71311150 -0.68053993 0.16833715
vn -0.71326891 -0.67038735 0.20451959
vn -0.71339472 -0.65804543 0.24092361
vn -0.71348453 -0.64350149 0.27721050
vn -0.71353504 -0.62680269 0.31302737
vn -0.71559157 -0.60312450 0.35237700
vn -0.71837683 -0.56804380 0.40157312
vn -0.71925452 -0.52331152 0.45696606
vn -0.71993272 -0.46994089 0.51073714
vn -0.72032212 -0.40869779 0.56044818
vn -0.72036478 -0.34130423 0.60380958
vn -0.72005405 -0.27024235 0.63913319
vn -0.71943700 -0.19832262 0.66564145
vn -0.71859784 -0.12817861 0.68351108
vn -0.71763231 -0.06187890 0.69366769
vn -0.71715471 0.00083764 0.69691349
vn -0.71814205 0.06502420 0.69285196
vn -0.71900079 0.13393436 0.68198201
vn -0.71967608 0.20576539 0.66311910
vn -0.72008286 0.27817498 0.63568810
vn -0.72016294 0.34846268 0.59994925
vn -0.71990423 0.41401598 0.55707151
vn -0.71934503 0.47276788 0.50895309
vn -0.71856078 0.52349315 0.45784859
vn -0.71764115 0.56585534 0.40595433
vn -0.71794225 0.60105762 0.35112486
vn -0.71304009 0.62976263 0.30817666
vn -0.71166869 0.64462743 0.27925464
vn -0.71071318 0.65518375 0.25616601
vn -0.71002418 0.66295647 0.23739077
vn -0.70951259 0.66885513 0.22186640
vn -0.70912309 0.67344674 0.20883948
vn -0.70882014 0.67709869 0.19776596
vn -0.70858008 0.68005730 0.18824543
vn -0.70838679 0.68249259 0.17997785
vn -0.70773038 0.68462600 0.17437013
vn -0.70646031 0.68583814 0.17475664
vn -0.70490363 0.68506222 0.18384944
vn -0.70466627 0.68133696 0.19805400
vn -0.70439115 0.67686450 0.21374648
vn -0.70407059 0.67145895 0.23114387
vn -0.70369514 0.66487877 0.25049824
vn -0.70325325 0.65680781 0.27209992
vn -0.70273087 0.64682963 0.29627816
vn -0.70211129 0.63439321 0.32339602
vn -0.70137522 0.61876837 0.35383401
vn -0.70070504 0.59917994 0.38729297
vn -0.69738158 0.57214336 0.43163748
vn -0.69654508 0.53094080 0.48262493
vn -0.69580801 0.48130682 0.53309939
vn -0.69524354 0.42332649 0.58088821
vn -0.69491846 0.35796132 0.62366019
vn -0.69487574 0.28708627 0.65933996
vn -0.69512128 0.21326579 0.68653049
vn -0.69562199 0.13931389 0.70477067
vn -0.69631623 0.06780234 0.71452541
vn -0.69792740 0.00330247 0.71616090
vn -0.69849929 -0.05391503 0.71357684
vn -0.69795269 -0.11078581 0.70752283
vn -0.69748590 -0.17023397 0.69608463
vn -0.69713433 -0.23104296 0.67869203
vn -0.69692834 -0.29172336 0.65512469
vn -0.69688725 -0.35066158 0.62560739
vn -0.69701505 -0.40631644 0.59082736
vn -0.69729948 -0.45741270 0.55185783
vn -0.69771481 -0.50307795 0.51000649
vn -0.69795735 -0.54366490 0.46613733
vn -0.69785115 -0.58045571 0.41961285
vn -0.69798977 -0.61301635 0.37016380
vn -0.69824230 -0.64070788 0.31929782
vn -0.69859014 -0.66337204 0.26815921
vn -0.69901013 -0.68113977 0.21779223
vn -0.69947800 -0.69436906 0.16906253
vn -0.69997116 -0.70356591 0.12261888
vn -0.70047050 -0.70930757 0.07889142
vn -0.70096116 -0.71218021 0.03811563
vn -0.70084828 -0.71330876 -0.00151318
vn -0.69980074 -0.71292250 -0.04494924
vn -0.69897543 -0.70889584 -0.09433995
vn -0.69810390 -0.70036273 -0.14880518
vn -0.69722106 -0.68601321 -0.20801122
vn -0.69637953 -0.66450694 -0.27108314
vn -0.69564770 -0.63470361 -0.33649011
vn -0.69510099 -0.59597431 -0.40205626
vn -0.69480616 -0.54850819 -0.46517004
vn -0.69480309 -0.49347517 -0.52319300
vn -0.69718903 -0.43718530 -0.56815180
vn -0.70044753 -0.39190637 -0.59647520
vn -0.70014608 -0.35490492 -0.61954658
vn -0.69988091 -0.31488719 -0.64110277
vn -0.69966357 -0.27210137 -0.66062979
vn -0.69950455 -0.22693515 -0.67763842
vn -0.69941212 -0.17990783 -0.69170503
vn -0.69939136 -0.13164580 -0.70251058
vn -0.69944341 -0.08284326 -0.70987035
vn -0.69956539 -0.03421342 -0.71374905
vn -0.57661578 0.57364859 -0.58175728
vn -0.58333178 0.60492311 0.54202589
vn -0.71352432 0.09626678 0.69398542
vn -0.71364111 0.13565560 0.68725099
vn -0.71371654 0.17516959 0.67817720
vn -0.71374762 0.21441207 0.66677717
vn -0.71373308 0.25298514 0.65313368
vn -0.71367352 0.29050938 0.63739659
vn -0.71357132 0.32664223 0.61977482
vn -0.71343044 0.36109292 0.60052386
vn -0.71325604 0.39363258 0.57993035
vn -0.72498594 0.44426803 0.52632813
vn -0.72070972 0.51531296 0.46371333
vn -0.71996947 0.56597295 0.40164485
vn -0.71899069 0.60691334 0.33868657
vn -0.71789120 0.63851905 0.27735474
vn -0.71677010 0.66187655 0.21945399
vn -0.71569618 0.67838717 0.16604166
vn -0.71470886 0.68947223 0.11755551
vn -0.71382514 0.69640360 0.07399792
vn -0.71304745 0.70023628 0.03510673
vn -0.71203478 0.70214256 0.00151616
vn -0.71188504 0.70171488 -0.02856416
vn -0.71238658 0.69924948 -0.05962817
vn -0.71294460 0.69492531 -0.09374862
vn -0.71355971 0.68821682 -0.13111120
vn -0.71422850 0.67849597 -0.17181638
vn -0.71494142 0.66504006 -0.21582512
vn -0.71568048 0.64706179 -0.26289254
vn -0.71641713 0.62377191 -0.31249816
vn -0.71711160 0.59448113 -0.36378996
vn -0.71690946 0.56084917 -0.41411235
vn -0.71678878 0.52354871 -0.46055467
vn -0.71746244 0.48064234 -0.50421284
vn -0.71802004 0.43128733 -0.54629522
vn -0.71840862 0.37597992 -0.58525905
vn -0.71858614 0.31577024 -0.61961529
vn -0.71853194 0.25219847 -0.64815722
vn -0.71825242 0.18711160 -0.67015126
vn -0.71777926 0.12240730 -0.68542643
vn -0.71716099 0.05978275 -0.69433863
vn -0.71761147 -0.00293930 -0.69643746
vn -0.71920017 -0.07153005 -0.69111111
vn -0.71983636 -0.14581285 -0.67865619
vn -0.72018614 -0.22112512 -0.65759836
vn -0.72019821 -0.29467758 -0.62807616
vn -0.71987072 -0.36376576 -0.59115194
vn -0.71925196 -0.42624023 -0.54863092
vn -0.71842376 -0.48080340 -0.50268816
vn -0.71747753 -0.52705128 -0.45545905
vn -0.71649412 -0.56530611 -0.40873608
vn -0.71302418 -0.59451097 -0.37168969
vn -0.71247670 -0.61275166 -0.34192448
vn -0.71186915 -0.62797278 -0.31447177
vn -0.71134498 -0.64045632 -0.28948922
vn -0.71089278 -0.65073938 -0.26677652
vn -0.71050208 -0.65925011 -0.24612209
vn -0.71016366 -0.66632849 -0.22731898
vn -0.70986961 -0.67224430 -0.21017314
vn -0.70961319 -0.67721195 -0.19450730
vn -0.70938875 -0.68140239 -0.18016208
vn -0.70815927 -0.68518888 -0.17037209
vn -0.70646703 -0.68714252 -0.16952724
vn -0.70536253 -0.68637056 -0.17708519
vn -0.70510553 -0.68356711 -0.18857941
vn -0.70478890 -0.68011286 -0.20178975
vn -0.70439331 -0.67578956 -0.21711411
vn -0.70389135 -0.67028082 -0.23507572
vn -0.70324330 -0.66311576 -0.25637152
vn -0.70239058 -0.65357270 -0.28194006
vn -0.70124535 -0.64050992 -0.31305272
vn -0.69967476 -0.62206031 -0.35142026
vn -0.69779430 -0.59539197 -0.39823550
vn -0.69552642 -0.55698843 -0.45387981
vn -0.69505210 -0.50575920 -0.51098944
vn -0.69484043 -0.44676353 -0.56355933
vn -0.69492025 -0.38181807 -0.60934457
vn -0.69528052 -0.31341762 -0.64680321
vn -0.69587393 -0.24428357 -0.67534066
vn -0.69663131 -0.17688873 -0.69528066
vn -0.69747931 -0.11312786 -0.70761904
vn -0.69835416 -0.05420169 -0.71369716
vn -0.69877895 0.00072000 -0.71533731
vn -0.69825199 0.05597824 -0.71366000
vn -0.69791894 0.11372320 -0.70708994
vn -0.69769635 0.17250770 -0.69531353
vn -0.69760191 0.23106024 -0.67820553
vn -0.69764351 0.28805750 -0.65598507
vn -0.69781766 0.34226708 -0.62920884
vn -0.69811016 0.39267624 -0.59870492
vn -0.69849889 0.43857656 -0.56546432
vn -0.69895766 0.47959054 -0.53051965
vn -0.69757792 0.52120301 -0.49166297
vn -0.69605441 0.56568388 -0.44216513
vn -0.69650840 0.60573883 -0.38465116
vn -0.69711170 0.63826858 -0.32657081
vn -0.69781014 0.66357105 -0.26969330
vn -0.69855282 0.68237852 -0.21536831
vn -0.69929845 0.69564889 -0.16448191
vn -0.70001743 0.70439229 -0.11750361
vn -0.70069120 0.70955614 -0.07457830
vn -0.70131002 0.71196563 -0.03562572
vn -0.70181050 0.71236365 -0.00023381
vn -0.70139991 0.71191474 0.03486504
vn -0.70068050 0.70967176 0.07357186
vn -0.69986765 0.70461828 0.11703996
vn -0.69896401 0.69571840 0.16560560
vn -0.69798448 0.68168594 0.21936716
vn -0.69696237 0.66102553 0.27800847
vn -0.69595497 0.63217389 0.34059192
vn -0.69504466 0.59378048 0.40538581
vn -0.69433068 0.54511904 0.46984054
vn -0.69660450 0.49127773 0.52286553
vn -0.69909982 0.44453703 0.56004131
vn -0.69895203 0.40280887 0.59094084
vn -0.69888822 0.35830314 0.61901059
vn -0.69891241 0.31169661 0.64371319
vn -0.69902305 0.26377424 0.66467280
vn -0.69921331 0.21536486 0.68170281
vn -0.69947206 0.16727370 0.69480813
vn -0.69978540 0.12022383 0.70416377
vn -0.70013837 0.07481504 0.71007674
vn -0.57357290 -0.55749343 0.60017931
vn -0.58319204 -0.60432775 -0.54283977
vn -0.71156718 -0.08885027 -0.69697761
vn -0.71198098 -0.11742060 -0.69231170
vn -0.71243441 -0.14835843 -0.68587681
vn 0.57735027 0.57735027 -0.57735027
vn 0.90453403 0.30151134 -0.30151134
vn 0.71107511 -0.01232968 -0.70300794
vn 0.71592358 -0.05147165 -0.69627875
vn 0.71713932 -0.10861962 -0.68841337
vn 0.71843401 -0.17213340 -0.67396043
vn 0.71972681 -0.24118132 -0.65101835
vn 0.72089213 -0.31393131 -0.61786865
vn 0.72177312 -0.38747550 -0.57350353
vn 0.72222110 -0.45812572 -0.51818675
vn 0.72214989 -0.52212091 -0.45375025
vn 0.72157368 -0.57650824 -0.38336624
vn 0.71705617 -0.61820682 -0.32194841
vn 0.71635975 -0.64376258 -0.26906959
vn 0.71492511 -0.66350575 -0.22054977
vn 0.71374130 -0.67734901 -0.17824611
vn 0.71277124 -0.68697630 -0.14149458
vn 0.71197673 -0.69360433 -0.10955442
vn 0.71132387 -0.69809760 -0.08171962
vn 0.71078450 -0.70106690 -0.05736372
vn 0.71033602 -0.70294403 -0.03595053
vn 0.70996050 -0.70403557 -0.01702965
vn 0.70862498 -0.70557711 -0.00340292
vn 0.70752687 -0.70668141 0.00266683
vn 0.70751440 -0.70667932 0.00526416
vn 0.70750246 -0.70666800 0.00778498
vn 0.70749104 -0.70664824 0.01023251
vn 0.70748009 -0.70662077 0.01260982
vn 0.70746960 -0.70658628 0.01491982
vn 0.70745953 -0.70654537 0.01716525
vn 0.70744987 -0.70649862 0.01934870
vn 0.70744060 -0.70644655 0.02147266
vn 0.70776220 -0.70602358 0.02456380
vn 0.70804343 -0.70555078 0.02953972
vn 0.70798507 -0.70534844 0.03522382
vn 0.70793191 -0.70511523 0.04055775
vn 0.70788335 -0.70485769 0.04557202
vn 0.70783889 -0.70458118 0.05029382
vn 0.70779808 -0.70429014 0.05474741
vn 0.70776055 -0.70398819 0.05895449
vn 0.70772595 -0.70367835 0.06293456
vn 0.70769399 -0.70336309 0.06670514
vn 0.57241237 -0.60727558 -0.55096320
vn 0.59314680 0.48618846 -0.64171463
vn 0.70520719 0.68414226 -0.18609725
vn 0.70522053 0.68717031 -0.17453072
vn 0.70523478 0.68998187 -0.16299979
vn 0.70524989 0.69257924 -0.15151430
vn 0.70526583 0.69496523 -0.14008369
vn 0.70528253 0.69714307 -0.12871708
vn 0.70529996 0.69911642 -0.11742313
vn 0.70531806 0.70088933 -0.10621009
vn 0.70533678 0.70246617 -0.09508579
vn 0.70546505 0.70370299 -0.08438703
vn 0.70561229 0.70466694 -0.07453719
vn 0.70565557 0.70554088 -0.06528613
vn 0.70569747 0.70627342 -0.05629341
vn 0.70573800 0.70687526 -0.04755258
vn 0.70577719 0.70735642 -0.03905704
vn 0.70581508 0.70772623 -0.03080015
vn 0.70585171 0.70799340 -0.02277521
vn 0.70588710 0.70816604 -0.01497556
vn 0.70592128 0.70825169 -0.00739455
vn 0.70356751 0.71058822 0.00755900
vn 0.70060101 0.71245029 0.03965870
vn 0.69969588 0.70946872 0.08414159
vn 0.69866878 0.70267088 0.13459411
vn 0.69753140 0.69053408 0.19134430
vn 0.69631980 0.67118993 0.25424951
vn 0.69510470 0.64257221 0.32238240
vn 0.69399628 0.60278361 0.39372717
vn 0.69313394 0.55070119 0.46507370
vn 0.69265435 0.48666243 0.53234353
vn 0.69568136 0.41939863 0.58320857
vn 0.69894057 0.36472024 0.61519203
vn 0.69918426 0.31922512 0.63971610
vn 0.69949248 0.27372530 0.66013993
vn 0.69984907 0.22895969 0.67660087
vn 0.70023775 0.18554073 0.68937778
vn 0.70064356 0.14393577 0.69884268
vn 0.70105377 0.10446760 0.70541487
vn 0.70145825 0.06732876 0.70952319
vn 0.70184951 0.03260327 0.71157873
vn 0.70461060 0.00789656 0.70955024
vn 0.90453403 0.30151134 0.30151134
vn 0.57735027 0.57735027 0.57735027
vn 0.57735027 -0.57735027 0.57735027
vn 0.90453403 -0.30151134 0.30151134
vn 0.57735027 -0.57735027 0.57735027
vn 0.57735027 -0.57735027 -0.57735027
vn 0.90453403 -0.30151134 -0.30151134
vn 0.57735027 -0.57735027 -0.57735027
vn -0.57735027 0.57735027 -0.57735027
vn -0.90453403 0.30151134 -0.30151134
vn -0.71107511 -0.01232968 -0.70300794
vn -0.71592358 -0.05147165 -0.69627875
vn -0.71713932 -0.10861962 -0.68841337
vn -0.71843401 -0.17213340 -0.67396043
vn -0.71972681 -0.24118132 -0.65101835
vn -0.72089213 -0.31393131 -0.61786865
vn -0.72177312 -0.38747550 -0.57350353
vn -0.72222110 -0.45812572 -0.51818675
vn -0.72214989 -0.52212091 -0.45375025
vn -0.72157368 -0.57650824 -0.38336624
vn -0.71705617 -0.61820682 -0.32194841
vn -0.71635975 -0.64376258 -0.26906959
vn -0.71492511 -0.66350575 -0.22054977
vn -0.71374130 -0.67734901 -0.17824611
vn -0.71277124 -0.68697630 -0.14149458
vn -0.71197673 -0.69360433 -0.10955442
vn -0.71132387 -0.69809760 -0.08171962
vn -0.71078450 -0.70106690 -0.05736372
vn -0.71033602 -0.70294403 -0.03595053
vn -0.70996050 -0.70403557 -0.01702965
vn -0.70862498 -0.70557711 -0.00340292
vn -0.70752687 -0.70668141 0.00266683
vn -0.70751440 -0.70667932 0.00526416
vn -0.70750246 -0.70666800 0.00778498
vn -0.70749104 -0.70664824 0.01023251
vn -0.70748009 -0.70662077 0.01260982
vn -0.70746960 -0.70658628 0.01491982
vn -0.70745953 -0.70654537 0.01716525
vn -0.70744987 -0.70649862 0.01934870
vn -0.70744060 -0.70644655 0.02147266
vn -0.70776220 -0.70602358 0.02456380
vn -0.70804343 -0.70555078 0.02953972
vn -0.70798507 -0.70534844 0.03522382
vn -0.70793191 -0.70511523 0.04055775
vn -0.70788335 -0.70485769 0.04557202
vn -0.70783889 -0.70458118 0.05029382
vn -0.70779808 -0.70429014 0.05474741
vn -0.70776055 -0.70398819 0.05895449
vn -0.70772595 -0.70367835 0.06293456
vn -0.70769399 -0.70336309 0.06670514
vn -0.57241237 -0.60727558 -0.55096320
vn -0.59314680 0.48618846 -0.64171463
vn -0.70520719 0.68414226 -0.18609725
vn -0.70522053 0.68717031 -0.17453072
vn -0.70523478 0.68998187 -0.16299979
vn -0.70524989 0.69257924 -0.15151430
vn -0.70526583 0.69496523 -0.14008369
vn -0.70528253 0.69714307 -0.12871708
vn -0.70529996 0.69911642 -0.11742313
vn -0.70531806 0.70088933 -0.10621009
vn -0.70533678 0.70246617 -0.09508579
vn -0.70546505 0.70370299 -0.08438703
vn -0.70561229 0.70466694 -0.07453719
vn -0.70565557 0.70554088 -0.06528613
vn -0.70569747 0.70627342 -0.05629341
vn -0.70573800 0.70687526 -0.04755258
vn -0.70577719 0.70735642 -0.03905704
vn -0.70581508 0.70772623 -0.03080015
vn -0.70585171 0.70799340 -0.02277521
vn -0.70588710 0.70816604 -0.01497556
vn -0.70592128 0.70825169 -0.00739455
vn -0.70356751 0.71058822 0.00755900
vn -0.70060101 0.71245029 0.03965870
vn -0.69969588 0.70946872 0.08414159
vn -0.69866878 0.70267088 0.13459411
vn -0.69753140 0.69053408 0.19134430
vn -0.69631980 0.67118993 0.25424951
vn -0.69510470 0.64257221 0.32238240
vn -0.69399628 0.60278361 0.39372717
vn -0.69313394 0.55070119 0.46507370
vn -0.69265435 0.48666243 0.53234353
vn -0.69568136 0.41939863 0.58320857
vn -0.69894057 0.36472024 0.61519203
vn -0.69918426 0.31922512 0.63971610
vn -0.69949248 0.27372530 0.66013993
vn -0.69984907 0.22895969 0.67660087
vn -0.70023775 0.18554073 0.68937778
vn -0.70064356 0.14393577 0.69884268
vn -0.70105377 0.10446760 0.70541487
vn -0.70145825 0.06732876 0.70952319
vn -0.70184951 0.03260327 0.71157873
vn -0.70461060 0.00789656 0.70955024
vn -0.90453403 0.30151134 0.30151134
vn -0.57735027 0.57735027 0.57735027
vn -0.57735027 -0.57735027 0.57735027
vn -0.90453403 -0.30151134 0.30151134
vn -0.57735027 -0.57735027 0.57735027
vn -0.57735027 -0.57735027 -0.57735027
vn -0.90453403 -0.30151134 -0.30151134
vn -0.57735027 -0.57735027 -0.57735027
vn 0.71843171 -0.62402362 0.30732785
vn 0.71930503 -0.58838727 0.36932464
vn 0.71997385 -0.54393925 0.43100783
vn 0.72034925 -0.49108570 0.48982833
vn 0.72037504 -0.43120569 0.54325083
vn 0.72004718 -0.36651701 0.58923454
vn 0.71539603 -0.31238641 0.62499860
vn 0.71480453 -0.26796105 0.64594997
vn 0.71402143 -0.22616636 0.66258749
vn 0.71330794 -0.18773296 0.67523930
vn 0.71266768 -0.15262965 0.68469627
vn 0.71209875 -0.12070037 0.69162619
vn 0.71159626 -0.09172066 0.69657597
vn 0.71115386 -0.06543635 0.69998448
vn 0.71076486 -0.04158822 0.70219921
vn 0.71042277 -0.01992659 0.70349301
vn 0.71280381 0.00804272 0.70131736
vn 0.71613504 0.05314729 0.69593532
vn 0.71709520 0.11079982 0.68811182
vn 0.71803749 0.17308067 0.67414037
vn 0.71888959 0.23883314 0.65280662
vn 0.71956542 0.30625307 0.62324527
vn 0.71998151 0.37299974 0.58523313
vn 0.72007938 0.43649977 0.53940118
vn 0.71984447 0.49438209 0.48724766
vn 0.71931122 0.54489419 0.43090798
vn 0.71765088 0.58647094 0.37553833
vn 0.71603446 0.61783548 0.32492149
vn 0.71533569 0.64120184 0.27776799
vn 0.71463920 0.65956681 0.23294301
vn 0.71396916 0.67364724 0.19091209
vn 0.71334078 0.68415720 0.15190082
vn 0.71276206 0.69175488 0.11595443
vn 0.71223584 0.69701656 0.08299408
vn 0.71176150 0.70042918 0.05286340
vn 0.71133635 0.70239397 0.02536340
vn 0.71222414 0.70194273 -0.00362934
vn 0.71398935 0.69897724 -0.04062052
vn 0.71484343 0.69405554 -0.08535676
vn 0.71578052 0.68516016 -0.13495853
vn 0.71677787 0.67110053 -0.18935034
vn 0.71779228 0.65058122 -0.24802887
vn 0.71875635 0.62236857 -0.30991399
vn 0.71958116 0.58555492 -0.37326718
vn 0.72016936 0.53987778 -0.43576149
vn 0.72043860 0.48598426 -0.49476006
vn 0.71763001 0.43363297 -0.54494919
vn 0.71571097 0.38753314 -0.58101280
vn 0.71503556 0.34467841 -0.60821126
vn 0.71436805 0.30360305 -0.63047877
vn 0.71372905 0.26477649 -0.64844757
vn 0.71313127 0.22845540 -0.66276083
vn 0.71258121 0.19473279 -0.67402312
vn 0.71208089 0.16358536 -0.68277422
vn 0.71162942 0.13491354 -0.68947944
vn 0.71122415 0.10857230 -0.69453024
vn 0.58489158 0.61142180 -0.53297769
vn 0.57441972 0.56212656 0.59502581
vn 0.69941790 -0.06521891 0.71173105
vn 0.69849121 -0.11729963 0.70593968
vn 0.69750901 -0.17494087 0.69489342
vn 0.69651609 -0.23767842 0.67703346
vn 0.69558096 -0.30434946 0.65079838
vn 0.69479237 -0.37296015 0.61495064
vn 0.69424527 -0.44075031 0.56900147
vn 0.69401714 -0.50454861 0.51358632
vn 0.69414324 -0.56137643 0.45057926
vn 0.69744487 -0.60172752 0.38922314
vn 0.70043641 -0.62609675 0.34262473
vn 0.70043684 -0.64546177 0.30457731
vn 0.70048423 -0.66241702 0.26556644
vn 0.70057660 -0.67683242 0.22603163
vn 0.70071023 -0.68866151 0.18641484
vn 0.70088000 -0.69793822 0.14713755
vn 0.70107988 -0.70476740 0.10858136
vn 0.70130337 -0.70931098 0.07107403
vn 0.70154400 -0.71177195 0.03488140
vn 0.70224768 -0.71193079 0.00165529
vn 0.70251404 -0.71110218 -0.02842046
vn 0.70216177 -0.70958969 -0.05874798
vn 0.70178901 -0.70650895 -0.09130875
vn 0.70139934 -0.70152061 -0.12612612
vn 0.70099829 -0.69424902 -0.16315545
vn 0.70059376 -0.68429407 -0.20226224
vn 0.70019621 -0.67125165 -0.24320051
vn 0.69981856 -0.65474381 -0.28559502
vn 0.69947576 -0.63445793 -0.32893280
vn 0.69742918 -0.60864792 -0.37833879
vn 0.69585071 -0.57149289 -0.43495709
vn 0.69519481 -0.52339493 -0.49270877
vn 0.69476989 -0.46661947 -0.54732172
vn 0.69463248 -0.40247644 -0.59623689
vn 0.69480208 -0.33320414 -0.63735788
vn 0.69525470 -0.26160417 -0.66946557
vn 0.69593080 -0.19051527 -0.69237581
vn 0.69675318 -0.12233676 -0.70680176
vn 0.69764580 -0.05875857 -0.71402925
vn 0.70268795 -0.01405347 -0.71135936
vn 0.70947140 -0.00737988 -0.70469559
vn 0.71214058 -0.03028901 -0.70138318
vn 0.71254846 -0.06262226 -0.69882268
vn 0.71297963 -0.09733230 -0.69439648
vn 0.71342863 -0.13440194 -0.68771775
vn 0.71388709 -0.17372371 -0.67836959
vn 0.71434330 -0.21507526 -0.66592513
vn 0.71478213 -0.25809786 -0.64997846
vn 0.71518542 -0.30228379 -0.63018594
vn 0.71553314 -0.34697908 -0.60631497
vn 0.71997535 -0.39928786 -0.56763077
vn 0.72384296 -0.46625785 -0.50858134
vn 0.72277575 -0.53395964 -0.43872807
vn 0.72128487 -0.58766829 -0.36659802
vn 0.71962385 -0.62787091 -0.29651245
vn 0.71798761 -0.65647845 -0.23136516
vn 0.71648973 -0.67590848 -0.17259835
vn 0.71517736 -0.68846536 -0.12056859
vn 0.71405621 -0.69606173 -0.07497857
vn 0.71311115 -0.70016603 -0.03521391
vn 0.71049407 -0.70367589 -0.00619800
vn 0.70844818 -0.70571099 0.00855472
vn 0.70838441 -0.70562801 0.01675250
vn 0.70832478 -0.70545915 0.02456395
vn 0.70826897 -0.70521645 0.03201304
vn 0.70821668 -0.70491035 0.03912205
vn 0.70816763 -0.70455001 0.04591170
vn 0.70812160 -0.70414339 0.05240123
vn 0.70807834 -0.70369745 0.05860854
vn 0.70803766 -0.70321827 0.06455027
vn 0.70803778 -0.70266087 0.07035771
vn 0.70804681 -0.70204354 0.07618784
vn 0.70802082 -0.70141887 0.08196393
vn 0.70799578 -0.70076555 0.08757631
vn 0.70797165 -0.70008672 0.09303080
vn 0.70794839 -0.69938523 0.09833300
vn 0.70792597 -0.69866372 0.10348832
vn 0.70790435 -0.69792461 0.10850195
vn 0.70788349 -0.69717013 0.11337890
vn 0.70786338 -0.69640230 0.11812399
vn 0.56886961 -0.62918179 -0.52963917
vn 0.59318069 0.48600008 -0.64182598
vn 0.70620603 0.68224548 -0.18924625
vn 0.70610418 0.68392155 -0.18348897
vn 0.70598420 0.68574180 -0.17704376
vn 0.70584161 0.68772227 -0.16978131
vn 0.70567042 0.68988016 -0.16153828
vn 0.70546258 0.69223293 -0.15210560
vn 0.70520703 0.69479662 -0.14121154
vn 0.70488835 0.69758217 -0.12849715
vn 0.70448452 0.70058831 -0.11347938
vn 0.70435610 0.70323221 -0.09667960
vn 0.70483780 0.70474442 -0.08086393
vn 0.70510832 0.70588693 -0.06742328
vn 0.70533429 0.70669577 -0.05553950
vn 0.70552475 0.70725737 -0.04496484
vn 0.70568664 0.70763417 -0.03549988
vn 0.70582529 0.70787187 -0.02698269
vn 0.70594489 0.70800429 -0.01928065
vn 0.70604871 0.70805672 -0.01228425
vn 0.70613938 0.70804826 -0.00590243
vn 0.70257750 0.71151366 0.01154028
vn 0.69832463 0.71371650 0.05432739
vn 0.69741538 0.70761250 0.11356199
vn 0.69652645 0.69513597 0.17786759
vn 0.69572470 0.67485455 0.24604567
vn 0.69508885 0.64567811 0.31615072
vn 0.69469479 0.60721762 0.38559812
vn 0.69459594 0.56006648 0.45151082
vn 0.69480645 0.50584641 0.51123713
vn 0.69529652 0.44694658 0.56285122
vn 0.69735109 0.38906633 0.60193758
vn 0.70056965 0.34245668 0.62603960
vn 0.70112848 0.30658315 0.64375898
vn 0.70164869 0.27302700 0.65813780
vn 0.70212672 0.24183566 0.66972650
vn 0.70256195 0.21296612 0.67900820
vn 0.70295574 0.18631747 0.68639568
vn 0.70331056 0.16175534 0.69223512
vn 0.70362949 0.13912913 0.69681320
vn 0.70391580 0.11828363 0.70036529
vn 0.97389698 0.21917171 0.05906292
vn 0.70119049 0.46259136 -0.54253215
vn 0.70141263 0.49001674 -0.51759436
vn 0.70165018 0.51506901 -0.49233214
vn 0.70189741 0.53779394 -0.46703073
vn 0.70214921 0.55828160 -0.44193681
vn 0.70240120 0.57665429 -0.41725579
vn 0.70264981 0.59305540 -0.39315206
vn 0.70289225 0.60763989 -0.36975160
vn 0.70312642 0.62056663 -0.34714593
vn 0.70245932 0.63407645 -0.32326144
vn 0.70159829 0.64888007 -0.29447323
vn 0.70158527 0.66263711 -0.26208810
vn 0.70159895 0.67475338 -0.22905630
vn 0.70163894 0.68515196 -0.19562615
vn 0.70170410 0.69379451 -0.16205100
vn 0.70179265 0.70068130 -0.12857993
vn 0.70190223 0.70584892 -0.09544920
vn 0.70203013 0.70936622 -0.06287494
vn 0.70217336 0.71132877 -0.03104768
vn 0.70124935 0.71290826 0.00334174
vn 0.69984643 0.71285316 0.04533582
vn 0.69937003 0.70864969 0.09325865
vn 0.69892628 0.70059964 0.14374352
vn 0.69853778 0.68816568 0.19614525
vn 0.69822784 0.67095352 0.24959819
vn 0.69801753 0.64878969 0.30305686
vn 0.69792248 0.62178143 0.35537594
vn 0.69795011 0.59033924 0.40541981
vn 0.69809822 0.55515059 0.45217994
vn 0.69846132 0.51727126 0.49455255
vn 0.69832879 0.47705279 0.53362677
vn 0.69797929 0.43276685 0.57055916
vn 0.69773602 0.38394075 0.60477595
vn 0.69761802 0.33131751 0.63526199
vn 0.69763509 0.27593416 0.66118501
vn 0.69778579 0.21902593 0.68199900
vn 0.69805774 0.16189298 0.69749986
vn 0.69843009 0.10576177 0.70782050
vn 0.69887717 0.05167284 0.71337270
vn 0.69961943 0.00121611 0.71451464
vn 0.69951902 -0.04712157 0.71305869
vn 0.69887871 -0.09771201 0.70853434
vn 0.69825438 -0.15192004 0.69954351
vn 0.69767954 -0.20905663 0.68522885
vn 0.69719301 -0.26805885 0.66488072
vn 0.69683403 -0.32751617 0.63808737
vn 0.69663558 -0.38578103 0.60487342
vn 0.69661740 -0.44115776 0.56577736
vn 0.69678136 -0.49212911 0.52182821
vn 0.69821689 -0.53435033 0.47640623
vn 0.69948071 -0.56723517 0.43470796
vn 0.69960763 -0.59532538 0.39514157
vn 0.69979649 -0.62010092 0.35462617
vn 0.70003788 -0.64146682 0.31379498
vn 0.70032078 -0.65946361 0.27323717
vn 0.70063373 -0.67424458 0.23346653
vn 0.70096571 -0.68604659 0.19490292
vn 0.70130689 -0.69515970 0.15786591
vn 0.70164897 -0.70189976 0.12257832
vn 0.70445195 -0.70313800 0.09666649
vn 0.71132307 -0.69564986 0.10045281
vn 0.71546410 -0.68489504 0.13794888
vn 0.71644062 -0.67116119 0.19040875
vn 0.71744954 -0.65128441 0.24717358
vn 0.71245319 -0.69478606 0.09840114
vn 0.71243863 -0.68939665 0.13100935
vn 0.71240058 -0.68253851 0.16317658
vn 0.71234001 -0.67428635 0.19470393
vn 0.71225849 -0.66473918 0.22540998
vn 0.71215800 -0.65401595 0.25513550
vn 0.71204087 -0.64225037 0.28374682
vn 0.71405127 -0.62470023 0.31603862
vn 0.71848329 -0.59343247 0.36279425
vn 0.71959825 -0.55148211 0.42195479
vn 0.72054277 -0.49955734 0.48089560
vn 0.72118858 -0.43792692 0.53675605
vn 0.72143102 -0.36810681 0.58654468
vn 0.72122710 -0.29278964 0.62777839
vn 0.72061312 -0.21536808 0.65903970
vn 0.71968970 -0.13922932 0.68019257
vn 0.71858467 -0.06713070 0.69219184
vn 0.71237127 -0.01629768 0.70161354
vn 0.95971689 0.24491616 0.13769373
vn 0.70278284 0.61483255 -0.35787878
vn 0.70305060 0.62756714 -0.33448369
vn 0.70330394 0.63869588 -0.31213962
vn 0.70354225 0.64840262 -0.29086482
vn 0.70376543 0.65685588 -0.27065582
vn 0.70397370 0.66420804 -0.25149294
vn 0.70416757 0.67059541 -0.23334490
vn 0.70434767 0.67613891 -0.21617246
vn 0.70451478 0.68094520 -0.19993139
vn 0.70511519 0.68431172 -0.18582260
vn 0.70558188 0.68668801 -0.17496796
vn 0.70555964 0.68903837 -0.16556483
vn 0.70553751 0.69129076 -0.15599327
vn 0.70551553 0.69343885 -0.14625456
vn 0.70549374 0.69547621 -0.13635041
vn 0.70547217 0.69739633 -0.12628289
vn 0.70545087 0.69919268 -0.11605456
vn 0.70542989 0.70085866 -0.10566839
vn 0.70540926 0.70238769 -0.09512784
vn 0.70718384 0.70129978 -0.08983119
vn 0.70881929 0.69894047 -0.09517056
vn 0.70978891 0.69599179 -0.10860538
vn 0.71007141 0.69278031 -0.12591285
vn 0.71039625 0.68871105 -0.14496295
vn 0.71077105 0.68356083 -0.16597922
vn 0.71120468 0.67704348 -0.18920896
vn 0.71170730 0.66879189 -0.21491889
vn 0.71229019 0.65833615 -0.24338489
vn 0.71296510 0.64507850 -0.27487177
vn 0.71374296 0.62826778 -0.30959747
vn 0.71578606 0.60420373 -0.35012594
vn 0.71880605 0.56802934 -0.40082481
vn 0.71964180 0.52179677 -0.45808712
vn 0.72023798 0.46684501 -0.51314031
vn 0.72051035 0.40422831 -0.56343972
vn 0.72041655 0.33596352 -0.60673595
vn 0.71997145 0.26473811 -0.64152541
vn 0.71924161 0.19341359 -0.66729505
vn 0.71832245 0.12452160 -0.68447587
vn 0.71731131 0.05993307 -0.69417038
vn 0.71607005 0.00142493 -0.69802697
vn 0.71612743 -0.05362925 -0.69590618
vn 0.71679776 -0.11041519 -0.68848345
vn 0.71738931 -0.17006067 -0.67559747
vn 0.71785414 -0.23134531 -0.65663139
vn 0.71814810 -0.29272907 -0.63132638
vn 0.71824019 -0.35250266 -0.59989407
vn 0.71812020 -0.40900085 -0.56304679
vn 0.71780139 -0.46082311 -0.52192263
vn 0.71731702 -0.50699793 -0.47792195
vn 0.71580097 -0.54606610 -0.43524795
vn 0.71487956 -0.57688314 -0.39516206
vn 0.71502200 -0.60262081 -0.35438919
vn 0.71508954 -0.62583571 -0.31141068
vn 0.71507825 -0.64613047 -0.26679301
vn 0.71498880 -0.66322793 -0.22117805
vn 0.71482634 -0.67698963 -0.17523798
vn 0.71459979 -0.68741816 -0.12962799
vn 0.71432067 -0.69464412 -0.08494429
vn 0.71400178 -0.69890139 -0.04169287
vn 0.71305771 -0.70110218 -0.00210484
vn 0.71241088 -0.70099994 0.03270802
vn 0.71244386 -0.69865967 0.06556230
vn -0.71843171 -0.62402362 0.30732785
vn -0.71930503 -0.58838727 0.36932464
vn -0.71997385 -0.54393925 0.43100783
vn -0.72034925 -0.49108570 0.48982833
vn -0.72037504 -0.43120569 0.54325083
vn -0.72004718 -0.36651701 0.58923454
vn -0.71539603 -0.31238641 0.62499860
vn -0.71480453 -0.26796105 0.64594997
vn -0.71402143 -0.22616636 0.66258749
vn -0.71330794 -0.18773296 0.67523930
vn -0.71266768 -0.15262965 0.68469627
vn -0.71209875 -0.12070037 0.69162619
vn -0.71159626 -0.09172066 0.69657597
vn -0.71115386 -0.06543635 0.69998448
vn -0.71076486 -0.04158822 0.70219921
vn -0.71042277 -0.01992659 0.70349301
vn -0.71280381 0.00804272 0.70131736
vn -0.71613504 0.05314729 0.69593532
vn -0.71709520 0.11079982 0.68811182
vn -0.71803749 0.17308067 0.67414037
vn -0.71888959 0.23883314 0.65280662
vn -0.71956542 0.30625307 0.62324527
vn -0.71998151 0.37299974 0.58523313
vn -0.72007938 0.43649977 0.53940118
vn -0.71984447 0.49438209 0.48724766
vn -0.71931122 0.54489419 0.43090798
vn -0.71765088 0.58647094 0.37553833
vn -0.71603446 0.61783548 0.32492149
vn -0.71533569 0.64120184 0.27776799
vn -0.71463920 0.65956681 0.23294301
vn -0.71396916 0.67364724 0.19091209
vn -0.71334078 0.68415720 0.15190082
vn -0.71276206 0.69175488 0.11595443
vn -0.71223584 0.69701656 0.08299408
vn -0.71176150 0.70042918 0.05286340
vn -0.71133635 0.70239397 0.02536340
vn -0.71222414 0.70194273 -0.00362934
vn -0.71398935 0.69897724 -0.04062052
vn -0.71484343 0.69405554 -0.08535676
vn -0.71578052 0.68516016 -0.13495853
vn -0.71677787 0.67110053 -0.18935034
vn -0.71779228 0.65058122 -0.24802887
vn -0.71875635 0.62236857 -0.30991399
vn -0.71958116 0.58555492 -0.37326718
vn -0.72016936 0.53987778 -0.43576149
vn -0.72043860 0.48598426 -0.49476006
vn -0.71763001 0.43363297 -0.54494919
vn -0.71571097 0.38753314 -0.58101280
vn -0.71503556 0.34467841 -0.60821126
vn -0.71436805 0.30360305 -0.63047877
vn -0.71372905 0.26477649 -0.64844757
vn -0.71313127 0.22845540 -0.66276083
vn -0.71258121 0.19473279 -0.67402312
vn -0.71208089 0.16358536 -0.68277422
vn -0.71162942 0.13491354 -0.68947944
vn -0.71122415 0.10857230 -0.69453024
vn -0.58489158 0.61142180 -0.53297769
vn -0.57441972 0.56212656 0.59502581
vn -0.69941790 -0.06521891 0.71173105
vn -0.69849121 -0.11729963 0.70593968
vn -0.69750901 -0.17494087 0.69489342
vn -0.69651609 -0.23767842 0.67703346
vn -0.69558096 -0.30434946 0.65079838
vn -0.69479237 -0.37296015 0.61495064
vn -0.69424527 -0.44075031 0.56900147
vn -0.69401714 -0.50454861 0.51358632
vn -0.69414324 -0.56137643 0.45057926
vn -0.69744487 -0.60172752 0.38922314
vn -0.70043641 -0.62609675 0.34262473
vn -0.70043684 -0.64546177 0.30457731
vn -0.70048423 -0.66241702 0.26556644
vn -0.70057660 -0.67683242 0.22603163
vn -0.70071023 -0.68866151 0.18641484
vn -0.70088000 -0.69793822 0.14713755
vn -0.70107988 -0.70476740 0.10858136
vn -0.70130337 -0.70931098 0.07107403
vn -0.70154400 -0.71177195 0.03488140
vn -0.70224768 -0.71193079 0.00165529
vn -0.70251404 -0.71110218 -0.02842046
vn -0.70216177 -0.70958969 -0.05874798
vn -0.70178901 -0.70650895 -0.09130875
vn -0.70139934 -0.70152061 -0.12612612
vn -0.70099829 -0.69424902 -0.16315545
vn -0.70059376 -0.68429407 -0.20226224
vn -0.70019621 -0.67125165 -0.24320051
vn -0.69981856 -0.65474381 -0.28559502
vn -0.69947576 -0.63445793 -0.32893280
vn -0.69742918 -0.60864792 -0.37833879
vn -0.69585071 -0.57149289 -0.43495709
vn -0.69519481 -0.52339493 -0.49270877
vn -0.69476989 -0.46661947 -0.54732172
vn -0.69463248 -0.40247644 -0.59623689
vn -0.69480208 -0.33320414 -0.63735788
vn -0.69525470 -0.26160417 -0.66946557
vn -0.69593080 -0.19051527 -0.69237581
vn -0.69675318 -0.12233676 -0.70680176
vn -0.69764580 -0.05875857 -0.71402925
vn -0.70268795 -0.01405347 -0.71135936
vn -0.70947140 -0.00737988 -0.70469559
vn -0.71214058 -0.03028901 -0.70138318
vn -0.71254846 -0.06262226 -0.69882268
vn -0.71297963 -0.09733230 -0.69439648
vn -0.71342863 -0.13440194 -0.68771775
vn -0.71388709 -0.17372371 -0.67836959
vn -0.71434330 -0.21507526 -0.66592513
vn -0.71478213 -0.25809786 -0.64997846
vn -0.71518542 -0.30228379 -0.63018594
vn -0.71553314 -0.34697908 -0.60631497
vn -0.71997535 -0.39928786 -0.56763077
vn -0.72384296 -0.46625785 -0.50858134
vn -0.72277575 -0.53395964 -0.43872807
vn -0.72128487 -0.58766829 -0.36659802
vn -0.71962385 -0.62787091 -0.29651245
vn -0.71798761 -0.65647845 -0.23136516
vn -0.71648973 -0.67590848 -0.17259835
vn -0.71517736 -0.68846536 -0.12056859
vn -0.71405621 -0.69606173 -0.07497857
vn -0.71311115 -0.70016603 -0.03521391
vn -0.71049407 -0.70367589 -0.00619800
vn -0.70844818 -0.70571099 0.00855472
vn -0.70838441 -0.70562801 0.01675250
vn -0.70832478 -0.70545915 0.02456395
vn -0.70826897 -0.70521645 0.03201304
vn -0.70821668 -0.70491035 0.03912205
vn -0.70816763 -0.70455001 0.04591170
vn -0.70812160 -0.70414339 0.05240123
vn -0.70807834 -0.70369745 0.05860854
vn -0.70803766 -0.70321827 0.06455027
vn -0.70803778 -0.70266087 0.07035771
vn -0.70804681 -0.70204354 0.07618784
vn -0.70802082 -0.70141887 0.08196393
vn -0.70799578 -0.70076555 0.08757631
vn -0.70797165 -0.70008672 0.09303080
vn -0.70794839 -0.69938523 0.09833300
vn -0.70792597 -0.69866372 0.10348832
vn -0.70790435 -0.69792461 0.10850195
vn -0.70788349 -0.69717013 0.11337890
vn -0.70786338 -0.69640230 0.11812399
vn -0.56886961 -0.62918179 -0.52963917
vn -0.59318069 0.48600008 -0.64182598
vn -0.70620603 0.68224548 -0.18924625
vn -0.70610418 0.68392155 -0.18348897
vn -0.70598420 0.68574180 -0.17704376
vn -0.70584161 0.68772227 -0.16978131
vn -0.70567042 0.68988016 -0.16153828
vn -0.70546258 0.69223293 -0.15210560
vn -0.70520703 0.69479662 -0.14121154
vn -0.70488835 0.69758217 -0.12849715
vn -0.70448452 0.70058831 -0.11347938
vn -0.70435610 0.70323221 -0.09667960
vn -0.70483780 0.70474442 -0.08086393
vn -0.70510832 0.70588693 -0.06742328
vn -0.70533429 0.70669577 -0.05553950
vn -0.70552475 0.70725737 -0.04496484
vn -0.70568664 0.70763417 -0.03549988
vn -0.70582529 0.70787187 -0.02698269
vn -0.70594489 0.70800429 -0.01928065
vn -0.70604871 0.70805672 -0.01228425
vn -0.70613938 0.70804826 -0.00590243
vn -0.70257750 0.71151366 0.01154028
vn -0.69832463 0.71371650 0.05432739
vn -0.69741538 0.70761250 0.11356199
vn -0.69652645 0.69513597 0.17786759
vn -0.69572470 0.67485455 0.24604567
vn -0.69508885 0.64567811 0.31615072
vn -0.69469479 0.60721762 0.38559812
vn -0.69459594 0.56006648 0.45151082
vn -0.69480645 0.50584641 0.51123713
vn -0.69529652 0.44694658 0.56285122
vn -0.69735109 0.38906633 0.60193758
vn -0.70056965 0.34245668 0.62603960
vn -0.70112848 0.30658315 0.64375898
vn -0.70164869 0.27302700 0.65813780
vn -0.70212672 0.24183566 0.66972650
vn -0.70256195 0.21296612 0.67900820
vn -0.70295574 0.18631747 0.68639568
vn -0.70331056 0.16175534 0.69223512
vn -0.70362949 0.13912913 0.69681320
vn -0.70391580 0.11828363 0.70036529
vn -0.97389698 0.21917171 0.05906292
vn -0.70119049 0.46259136 -0.54253215
vn -0.70141263 0.49001674 -0.51759436
vn -0.70165018 0.51506901 -0.49233214
vn -0.70189741 0.53779394 -0.46703073
vn -0.70214921 0.55828160 -0.44193681
vn -0.70240120 0.57665429 -0.41725579
vn -0.70264981 0.59305540 -0.39315206
vn -0.70289225 0.60763989 -0.36975160
vn -0.70312642 0.62056663 -0.34714593
vn -0.70245932 0.63407645 -0.32326144
vn -0.70159829 0.64888007 -0.29447323
vn -0.70158527 0.66263711 -0.26208810
vn -0.70159895 0.67475338 -0.22905630
vn -0.70163894 0.68515196 -0.19562615
vn -0.70170410 0.69379451 -0.16205100
vn -0.70179265 0.70068130 -0.12857993
vn -0.70190223 0.70584892 -0.09544920
vn -0.70203013 0.70936622 -0.06287494
vn -0.70217336 0.71132877 -0.03104768
vn -0.70124935 0.71290826 0.00334174
vn -0.69984643 0.71285316 0.04533582
vn -0.69937003 0.70864969 0.09325865
vn -0.69892628 0.70059964 0.14374352
vn -0.69853778 0.68816568 0.19614525
vn -0.69822784 0.67095352 0.24959819
vn -0.69801753 0.64878969 0.30305686
vn -0.69792248 0.62178143 0.35537594
vn -0.69795011 0.59033924 0.40541981
vn -0.69809822 0.55515059 0.45217994
vn -0.69846132 0.51727126 0.49455255
vn -0.69832879 0.47705279 0.53362677
vn -0.69797929 0.43276685 0.57055916
vn -0.69773602 0.38394075 0.60477595
vn -0.69761802 0.33131751 0.63526199
vn -0.69763509 0.27593416 0.66118501
vn -0.69778579 0.21902593 0.68199900
vn -0.69805774 0.16189298 0.69749986
vn -0.69843009 0.10576177 0.70782050
vn -0.69887717 0.05167284 0.71337270
vn -0.69961943 0.00121611 0.71451464
vn -0.69951902 -0.04712157 0.71305869
vn -0.69887871 -0.09771201 0.70853434
vn -0.69825438 -0.15192004 0.69954351
vn -0.69767954 -0.20905663 0.68522885
vn -0.69719301 -0.26805885 0.66488072
vn -0.69683403 -0.32751617 0.63808737
vn -0.69663558 -0.38578103 0.60487342
vn -0.69661740 -0.44115776 0.56577736
vn -0.69678136 -0.49212911 0.52182821
vn -0.69821689 -0.53435033 0.47640623
vn -0.69948071 -0.56723517 0.43470796
vn -0.69960763 -0.59532538 0.39514157
vn -0.69979649 -0.62010092 0.35462617
vn -0.70003788 -0.64146682 0.31379498
vn -0.70032078 -0.65946361 0.27323717
vn -0.70063373 -0.67424458 0.23346653
vn -0.70096571 -0.68604659 0.19490292
vn -0.70130689 -0.69515970 0.15786591
vn -0.70164897 -0.70189976 0.12257832
vn -0.70445195 -0.70313800 0.09666649
vn -0.71132307 -0.69564986 0.10045281
vn -0.71546410 -0.68489504 0.13794888
vn -0.71644062 -0.67116119 0.19040875
vn -0.71744954 -0.65128441 0.24717358
vn -0.71245319 -0.69478606 0.09840114
vn -0.71243863 -0.68939665 0.13100935
vn -0.71240058 -0.68253851 0.16317658
vn -0.71234001 -0.67428635 0.19470393
vn -0.71225849 -0.66473918 0.22540998
vn -0.71215800 -0.65401595 0.25513550
vn -0.71204087 -0.64225037 0.28374682
vn -0.71405127 -0.62470023 0.31603862
vn -0.71848329 -0.59343247 0.36279425
vn -0.71959825 -0.55148211 0.42195479
vn -0.72054277 -0.49955734 0.48089560
vn -0.72118858 -0.43792692 0.53675605
vn -0.72143102 -0.36810681 0.58654468
vn -0.72122710 -0.29278964 0.62777839
vn -0.72061312 -0.21536808 0.65903970
vn -0.71968970 -0.13922932 0.68019257
vn -0.71858467 -0.06713070 0.69219184
vn -0.71237127 -0.01629768 0.70161354
vn -0.95971689 0.24491616 0.13769373
vn -0.70278284 0.61483255 -0.35787878
vn -0.70305060 0.62756714 -0.33448369
vn -0.70330394 0.63869588 -0.31213962
vn -0.70354225 0.64840262 -0.29086482
vn -0.70376543 0.65685588 -0.27065582
vn -0.70397370 0.66420804 -0.25149294
vn -0.70416757 0.67059541 -0.23334490
vn -0.70434767 0.67613891 -0.21617246
vn -0.70451478 0.68094520 -0.19993139
vn -0.70511519 0.68431172 -0.18582260
vn -0.70558188 0.68668801 -0.17496796
vn -0.70555964 0.68903837 -0.16556483
vn -0.70553751 0.69129076 -0.15599327
vn -0.70551553 0.69343885 -0.14625456
vn -0.70549374 0.69547621 -0.13635041
vn -0.70547217 0.69739633 -0.12628289
vn -0.70545087 0.69919268 -0.11605456
vn -0.70542989 0.70085866 -0.10566839
vn -0.70540926 0.70238769 -0.09512784
vn -0.70718384 0.70129978 -0.08983119
vn -0.70881929 0.69894047 -0.09517056
vn -0.70978891 0.69599179 -0.10860538
vn -0.71007141 0.69278031 -0.12591285
vn -0.71039625 0.68871105 -0.14496295
vn -0.71077105 0.68356083 -0.16597922
vn -0.71120468 0.67704348 -0.18920896
vn -0.71170730 0.66879189 -0.21491889
vn -0.71229019 0.65833615 -0.24338489
vn -0.71296510 0.64507850 -0.27487177
vn -0.71374296 0.62826778 -0.30959747
vn -0.71578606 0.60420373 -0.35012594
vn -0.71880605 0.56802934 -0.40082481
vn -0.71964180 0.52179677 -0.45808712
vn -0.72023798 0.46684501 -0.51314031
vn -0.72051035 0.40422831 -0.56343972
vn -0.72041655 0.33596352 -0.60673595
vn -0.71997145 0.26473811 -0.64152541
vn -0.71924161 0.19341359 -0.66729505
vn -0.71832245 0.12452160 -0.68447587
vn -0.71731131 0.05993307 -0.69417038
vn -0.71607005 0.00142493 -0.69802697
vn -0.71612743 -0.05362925 -0.69590618
vn -0.71679776 -0.11041519 -0.68848345
vn -0.71738931 -0.17006067 -0.67559747
vn -0.71785414 -0.23134531 -0.65663139
vn -0.71814810 -0.29272907 -0.63132638
vn -0.71824019 -0.35250266 -0.59989407
vn -0.71812020 -0.40900085 -0.56304679
vn -0.71780139 -0.46082311 -0.52192263
vn -0.71731702 -0.50699793 -0.47792195
vn -0.71580097 -0.54606610 -0.43524795
vn -0.71487956 -0.57688314 -0.39516206
vn -0.71502200 -0.60262081 -0.35438919
vn -0.71508954 -0.62583571 -0.31141068
vn -0.71507825 -0.64613047 -0.26679301
vn -0.71498880 -0.66322793 -0.22117805
vn -0.71482634 -0.67698963 -0.17523798
vn -0.71459979 -0.68741816 -0.12962799
vn -0.71432067 -0.69464412 -0.08494429
vn -0.71400178 -0.69890139 -0.04169287
vn -0.71305771 -0.70110218 -0.00210484
vn -0.71241088 -0.70099994 0.03270802
vn -0.71244386 -0.69865967 0.06556230
vn 0.71101467 -0.12194465 -0.69252266
vn 0.71152054 -0.14720951 -0.68707197
vn 0.71211515 -0.17550257 -0.67977266
vn 0.71281463 -0.20721634 -0.67004230
vn 0.71363595 -0.24273809 -0.65711639
vn 0.71459454 -0.28239525 -0.64000591
vn 0.71569971 -0.32636037 -0.61746484
vn 0.71736283 -0.37532942 -0.58695690
vn 0.72107004 -0.43285641 -0.54101139
vn 0.72124348 -0.49563027 -0.48389923
vn 0.72098769 -0.55114258 -0.42002215
vn 0.72034683 -0.59746522 -0.35232905
vn 0.71942177 -0.63387735 -0.28395742
vn 0.71833451 -0.66077954 -0.21763715
vn 0.71719539 -0.67933898 -0.15533616
vn 0.71608556 -0.69107120 -0.09819403
vn 0.71505447 -0.69751025 -0.04665347
vn 0.71382229 -0.70032506 -0.00159502
vn 0.71367246 -0.69937334 0.03935155
vn 0.71417749 -0.69524092 0.08118240
vn 0.71468153 -0.68806453 0.12568820
vn 0.71516651 -0.67732562 0.17253075
vn 0.71561047 -0.66255502 0.22118432
vn 0.71598904 -0.64339427 0.27093082
vn 0.71627799 -0.61966126 0.32088278
vn 0.71645659 -0.59140626 0.37003863
vn 0.71651101 -0.55894261 0.41736691
vn 0.71631819 -0.52316874 0.46171714
vn 0.71654503 -0.48351101 0.50277264
vn 0.71696899 -0.43899034 0.54151911
vn 0.71726467 -0.38965777 0.57766618
vn 0.71740580 -0.33629328 0.61011126
vn 0.71737903 -0.28000344 0.63793840
vn 0.71718693 -0.22211403 0.66053634
vn 0.71684741 -0.16401959 0.67766316
vn 0.71638975 -0.10702766 0.68944238
vn 0.71584880 -0.05223513 0.69629878
vn 0.71483847 -0.00173936 0.69928745
vn 0.71494963 0.04610832 0.69765396
vn 0.71593576 0.09690345 0.69140850
vn 0.71699194 0.15305176 0.68007184
vn 0.71807189 0.21412044 0.66221235
vn 0.71910133 0.27903800 0.63642052
vn 0.71998057 0.34597922 0.60160316
vn 0.72059963 0.41242247 0.55735435
vn 0.72086634 0.47545640 0.50427466
vn 0.72073701 0.53230160 0.44406437
vn 0.71832481 0.57937763 0.38513768
vn 0.71587195 0.61306757 0.33417886
vn 0.71531243 0.63677795 0.28782282
vn 0.71472716 0.65580787 0.24306610
vn 0.71414072 0.67067942 0.20047979
vn 0.71357132 0.68196832 0.16042191
vn 0.71303114 0.69024635 0.12307140
vn 0.71252739 0.69604448 0.08846921
vn 0.71206341 0.69983348 0.05655792
vn 0.71163985 0.70201712 0.02721556
vn 0.70937783 0.70480191 0.00611219
vn 0.70741779 0.70679293 -0.00195652
vn 0.70741607 0.70678658 -0.00390355
vn 0.70741435 0.70677495 -0.00583977
vn 0.70741265 0.70675812 -0.00776524
vn 0.70741095 0.70673619 -0.00967999
vn 0.70740927 0.70670923 -0.01158408
vn 0.70740759 0.70667733 -0.01347755
vn 0.70740593 0.70664058 -0.01536045
vn 0.70740427 0.70659906 -0.01723283
vn 0.70740263 0.70655284 -0.01909473
vn 0.70740099 0.70650202 -0.02094622
vn 0.70739936 0.70644666 -0.02278733
vn 0.70739774 0.70638685 -0.02461811
vn 0.70739613 0.70632267 -0.02643863
vn 0.70739454 0.70625418 -0.02824892
vn 0.70739295 0.70618147 -0.03004903
vn 0.70739137 0.70610462 -0.03183902
vn 0.70738980 0.70602368 -0.03361895
vn 0.70738823 0.70593875 -0.03538885
vn 0.57469858 0.59333328 0.56362856
vn 0.57203488 -0.60959229 0.54879262
vn 0.70754687 -0.70292683 -0.07260379
vn 0.70757803 -0.70318380 -0.06975577
vn 0.70761262 -0.70344532 -0.06670130
vn 0.70765113 -0.70371025 -0.06341729
vn 0.70769419 -0.70397703 -0.05987712
vn 0.70774254 -0.70424350 -0.05604992
vn 0.70779707 -0.70450673 -0.05189970
vn 0.70785886 -0.70476277 -0.04738430
vn 0.70792927 -0.70500624 -0.04245397
vn 0.70788721 -0.70533251 -0.03743988
vn 0.70777066 -0.70567469 -0.03292302
vn 0.70775080 -0.70587382 -0.02882641
vn 0.70773178 -0.70604404 -0.02485031
vn 0.70771355 -0.70618762 -0.02098986
vn 0.70769608 -0.70630661 -0.01724040
vn 0.70767932 -0.70640293 -0.01359754
vn 0.70766323 -0.70647831 -0.01005706
vn 0.70764779 -0.70653439 -0.00661498
vn 0.70763296 -0.70657266 -0.00326749
vn 0.70918516 -0.70500539 0.00487847
vn 0.71095753 -0.70284864 0.02330611
vn 0.71124553 -0.70129739 0.04808083
vn 0.71155470 -0.69865858 0.07460625
vn 0.71188447 -0.69471033 0.10294683
vn 0.71223330 -0.68920096 0.13313810
vn 0.71259833 -0.68185112 0.16517469
vn 0.71297504 -0.67235931 0.19899636
vn 0.71335701 -0.66041209 0.23447312
vn 0.71373563 -0.64569994 0.27139091
vn 0.71641129 -0.62268647 0.31466876
vn 0.71985566 -0.58645424 0.37132096
vn 0.72078682 -0.53904289 0.43577417
vn 0.72139334 -0.48156119 0.49768510
vn 0.72157327 -0.41543341 0.55384754
vn 0.72129388 -0.34331466 0.60155647
vn 0.72060548 -0.26859706 0.63920526
vn 0.71962049 -0.19468271 0.66651706
vn 0.71847249 -0.12434970 0.68434964
vn 0.71727978 -0.05943488 0.69424578
vn 0.71588970 -0.00156331 0.69821164
vn 0.71593996 0.05239503 0.69619303
vn 0.71668039 0.10828785 0.68894337
vn 0.71736493 0.16754533 0.67625152
vn 0.71794138 0.22904310 0.65734271
vn 0.71835631 0.29126002 0.63176879
vn 0.71856558 0.35240404 0.59956226
vn 0.71854502 0.41062957 0.56131667
vn 0.71829707 0.46429549 0.51814961
vn 0.71785005 0.51218658 0.47154662
vn 0.71592835 0.55227332 0.42713087
vn 0.71459692 0.58258216 0.38723284
vn 0.71474695 0.60691005 0.34755861
vn 0.71483036 0.62891335 0.30575408
vn 0.71484264 0.64821848 0.26232196
vn 0.71478310 0.66455339 0.21783918
vn 0.71465501 0.67776627 0.17291934
vn 0.71446511 0.68783107 0.12817184
vn 0.71422280 0.69483975 0.08416358
vn 0.71393904 0.69898357 0.04138865
vn 0.71431584 0.69982099 -0.00186005
vn 0.71568606 0.69660932 -0.05028834
vn 0.71677320 0.68925064 -0.10568699
vn 0.71791268 0.67586789 -0.16674525
vn 0.71903554 0.65486713 -0.23267345
vn 0.72004089 0.62482987 -0.30187540
vn 0.72080722 0.58491142 -0.37190803
vn 0.72122032 0.53525616 -0.43970683
vn 0.72121043 0.47723054 -0.50210210
vn 0.72077928 0.41329634 -0.55647405
vn 0.71772987 0.35357745 -0.59987234
vn 0.71484177 0.30545602 -0.62904520
vn 0.71415120 0.26420636 -0.64821529
vn 0.71350167 0.22562187 -0.66333260
vn 0.71290259 0.18984406 -0.67507713
vn 0.71235757 0.15686895 -0.68406054
vn 0.71186637 0.12659653 -0.69081082
vn 0.71142640 0.09886931 -0.69577103
vn 0.71103380 0.07350026 -0.69930584
vn 0.71068414 0.05029185 -0.70171133
vn 0.58033763 0.59167147 -0.55958298
vn 0.57629021 0.57198391 0.58371569
vn 0.70236169 -0.02954861 0.71120668
vn 0.70208393 -0.06060934 0.70951016
vn 0.70180305 -0.09335656 0.70622732
vn 0.70152375 -0.12770101 0.70111118
vn 0.70125171 -0.16349405 0.69391335
vn 0.70099357 -0.20052041 0.68439723
vn 0.70075671 -0.23849440 0.67235441
vn 0.70054883 -0.27706132 0.65762327
vn 0.70037750 -0.31580555 0.64010796
vn 0.69947121 -0.35683229 0.61920169
vn 0.69448024 -0.41466058 0.58800834
vn 0.69386972 -0.48088941 0.53599458
vn 0.69360415 -0.54231065 0.47414390
vn 0.69372696 -0.59578683 0.40469860
vn 0.69421777 -0.63917442 0.33093466
vn 0.69500027 -0.67172241 0.25644418
vn 0.69596931 -0.69399321 0.18439129
vn 0.69702096 -0.70743315 0.11704752
vn 0.69807246 -0.71385789 0.05569329
vn 0.70041989 -0.71371243 0.00515126
vn 0.70166250 -0.71171782 -0.03357791
vn 0.70115652 -0.70957417 -0.06988586
vn 0.70061534 -0.70510195 -0.10940472
vn 0.70004691 -0.69769899 -0.15215271
vn 0.69946443 -0.68669362 -0.19799339
vn 0.69888720 -0.67138261 -0.24658074
vn 0.69834083 -0.65109663 -0.29731004
vn 0.69785607 -0.62529388 -0.34929139
vn 0.69746598 -0.59367227 -0.40136573
vn 0.69696930 -0.55597174 -0.45291193
vn 0.69639406 -0.51139606 -0.50349716
vn 0.69615446 -0.45996617 -0.55118064
vn 0.69612042 -0.40325312 -0.59397246
vn 0.69629576 -0.34289707 -0.63055041
vn 0.69666119 -0.28082079 -0.66015367
vn 0.69717936 -0.21894551 -0.68264471
vn 0.69780363 -0.15893960 -0.69843275
vn 0.69848710 -0.10206447 -0.70830686
vn 0.69918924 -0.04913197 -0.71324642
vn 0.70034978 -0.00206985 -0.71379682
vn 0.70064624 0.04019944 -0.71237550
vn 0.70018300 0.08291492 -0.70913249
vn 0.69972689 0.12831303 -0.70279303
vn 0.69929467 0.17602676 -0.69282144
vn 0.69890589 0.22549681 -0.67873540
vn 0.69858146 0.27597025 -0.66016996
vn 0.69834135 0.32652828 -0.63694477
vn 0.69820193 0.37614718 -0.60912016
vn 0.69817332 0.42378686 -0.57702575
vn 0.70003562 0.46297654 -0.54369372
vn 0.70148205 0.49217398 -0.51544904
vn 0.70152963 0.51736456 -0.49009192
vn 0.70160375 0.54097605 -0.46378562
vn 0.70170227 0.56289263 -0.43676747
vn 0.70182252 0.58304031 -0.40927881
vn 0.70196142 0.60138610 -0.38155592
vn 0.70211569 0.61793489 -0.35382203
vn 0.70228197 0.63272480 -0.32628110
vn 0.70245704 0.64582139 -0.29911342
vn 0.98132092 -0.01110778 -0.19205696
vn 0.70023473 -0.67580028 -0.23014192
vn 0.69991280 -0.66023115 -0.27242778
vn 0.69963103 -0.64112131 -0.31540433
vn 0.69940254 -0.61834266 -0.35845285
vn 0.69923914 -0.59191133 -0.40088102
vn 0.69914999 -0.56200895 -0.44196746
vn 0.69914029 -0.52898608 -0.48101620
vn 0.69921063 -0.49334457 -0.51741244
vn 0.69935686 -0.45570032 -0.55066977
vn 0.69948736 -0.41656058 -0.58068470
vn 0.69944940 -0.37579334 -0.60790616
vn 0.69948790 -0.33322039 -0.63220317
vn 0.69959552 -0.28949040 -0.65326979
vn 0.69976652 -0.24526508 -0.67094848
vn 0.69999225 -0.20118915 -0.68522535
vn 0.70026222 -0.15784953 -0.69621574
vn 0.70056515 -0.11574570 -0.70413877
vn 0.70089000 -0.07527324 -0.70928637
vn 0.70122668 -0.03672008 -0.71199212
vn 0.70055828 0.00297855 -0.71358897
vn 0.69923976 0.04920046 -0.71319217
vn 0.69873407 0.10114284 -0.70819547
vn 0.69828050 0.15565801 -0.69869516
vn 0.69790708 0.21186526 -0.68413363
vn 0.69764051 0.26863656 -0.66417777
vn 0.69750198 0.32467778 -0.63880774
vn 0.69750320 0.37865609 -0.60836572
vn 0.69764407 0.42934873 -0.57354375
vn 0.69791267 0.47577691 -0.53530761
vn 0.69754849 0.51948002 -0.49352468
vn 0.69694023 0.56169466 -0.44584013
vn 0.69711049 0.59969657 -0.39293892
vn 0.69743014 0.63184938 -0.33816795
vn 0.69787113 0.65792780 -0.28303163
vn 0.69839913 0.67812308 -0.22888367
vn 0.69897929 0.69294019 -0.17681018
vn 0.69958063 0.70307164 -0.12758217
vn 0.70017843 0.70928182 -0.08166678
vn 0.70075490 0.71232020 -0.03927477
vn 0.70098804 0.71317280 0.00057781
vn 0.70027279 0.71263812 0.04201099
vn 0.69950266 0.70917076 0.08816378
vn 0.69867805 0.70177605 0.13913794
vn 0.69782422 0.68927593 0.19478206
vn 0.69698202 0.67040406 0.25450828
vn 0.69620839 0.64397349 0.31716247
vn 0.69557187 0.60913172 0.38097023
vn 0.69514159 0.56565687 0.44363326
vn 0.69497118 0.51419057 0.50261627
vn 0.69711761 0.46017879 0.54978406
vn 0.69909763 0.41307086 0.58363941
vn 0.69898912 0.36978394 0.61210624
vn 0.69896466 0.32412021 0.63749078
vn 0.69902577 0.27680101 0.65935133
vn 0.69916867 0.22862206 0.67741799
vn 0.69938486 0.18038891 0.69160730
vn 0.69966231 0.13285519 0.70201292
vn 0.69998704 0.08667348 0.70887647
vn 0.70034461 0.04236501 0.71254658
vn 0.57583771 -0.56964552 0.58644259
vn 0.58272380 -0.60231675 -0.54557081
vn 0.71021397 -0.07905714 -0.69953277
vn 0.71058324 -0.09933851 -0.69656538
vn -0.71101467 -0.12194465 -0.69252266
vn -0.71152054 -0.14720951 -0.68707197
vn -0.71211515 -0.17550257 -0.67977266
vn -0.71281463 -0.20721634 -0.67004230
vn -0.71363595 -0.24273809 -0.65711639
vn -0.71459454 -0.28239525 -0.64000591
vn -0.71569971 -0.32636037 -0.61746484
vn -0.71736283 -0.37532942 -0.58695690
vn -0.72107004 -0.43285641 -0.54101139
vn -0.72124348 -0.49563027 -0.48389923
vn -0.72098769 -0.55114258 -0.42002215
vn -0.72034683 -0.59746522 -0.35232905
vn -0.71942177 -0.63387735 -0.28395742
vn -0.71833451 -0.66077954 -0.21763715
vn -0.71719539 -0.67933898 -0.15533616
vn -0.71608556 -0.69107120 -0.09819403
vn -0.71505447 -0.69751025 -0.04665347
vn -0.71382229 -0.70032506 -0.00159502
vn -0.71367246 -0.69937334 0.03935155
vn -0.71417749 -0.69524092 0.08118240
vn -0.71468153 -0.68806453 0.12568820
vn -0.71516651 -0.67732562 0.17253075
vn -0.71561047 -0.66255502 0.22118432
vn -0.71598904 -0.64339427 0.27093082
vn -0.71627799 -0.61966126 0.32088278
vn -0.71645659 -0.59140626 0.37003863
vn -0.71651101 -0.55894261 0.41736691
vn -0.71631819 -0.52316874 0.46171714
vn -0.71654503 -0.48351101 0.50277264
vn -0.71696899 -0.43899034 0.54151911
vn -0.71726467 -0.38965777 0.57766618
vn -0.71740580 -0.33629328 0.61011126
vn -0.71737903 -0.28000344 0.63793840
vn -0.71718693 -0.22211403 0.66053634
vn -0.71684741 -0.16401959 0.67766316
vn -0.71638975 -0.10702766 0.68944238
vn -0.71584880 -0.05223513 0.69629878
vn -0.71483847 -0.00173936 0.69928745
vn -0.71494963 0.04610832 0.69765396
vn -0.71593576 0.09690345 0.69140850
vn -0.71699194 0.15305176 0.68007184
vn -0.71807189 0.21412044 0.66221235
vn -0.71910133 0.27903800 0.63642052
vn -0.71998057 0.34597922 0.60160316
vn -0.72059963 0.41242247 0.55735435
vn -0.72086634 0.47545640 0.50427466
vn -0.72073701 0.53230160 0.44406437
vn -0.71832481 0.57937763 0.38513768
vn -0.71587195 0.61306757 0.33417886
vn -0.71531243 0.63677795 0.28782282
vn -0.71472716 0.65580787 0.24306610
vn -0.71414072 0.67067942 0.20047979
vn -0.71357132 0.68196832 0.16042191
vn -0.71303114 0.69024635 0.12307140
vn -0.71252739 0.69604448 0.08846921
vn -0.71206341 0.69983348 0.05655792
vn -0.71163985 0.70201712 0.02721556
vn -0.70937783 0.70480191 0.00611219
vn -0.70741779 0.70679293 -0.00195652
vn -0.70741607 0.70678658 -0.00390355
vn -0.70741435 0.70677495 -0.00583977
vn -0.70741265 0.70675812 -0.00776524
vn -0.70741095 0.70673619 -0.00967999
vn -0.70740927 0.70670923 -0.01158408
vn -0.70740759 0.70667733 -0.01347755
vn -0.70740593 0.70664058 -0.01536045
vn -0.70740427 0.70659906 -0.01723283
vn -0.70740263 0.70655284 -0.01909473
vn -0.70740099 0.70650202 -0.02094622
vn -0.70739936 0.70644666 -0.02278733
vn -0.70739774 0.70638685 -0.02461811
vn -0.70739613 0.70632267 -0.02643863
vn -0.70739454 0.70625418 -0.02824892
vn -0.70739295 0.70618147 -0.03004903
vn -0.70739137 0.70610462 -0.03183902
vn -0.70738980 0.70602368 -0.03361895
vn -0.70738823 0.70593875 -0.03538885
vn -0.57469858 0.59333328 0.56362856
vn -0.57203488 -0.60959229 0.54879262
vn -0.70754687 -0.70292683 -0.07260379
vn -0.70757803 -0.70318380 -0.06975577
vn -0.70761262 -0.70344532 -0.06670130
vn -0.70765113 -0.70371025 -0.06341729
vn -0.70769419 -0.70397703 -0.05987712
vn -0.70774254 -0.70424350 -0.05604992
vn -0.70779707 -0.70450673 -0.05189970
vn -0.70785886 -0.70476277 -0.04738430
vn -0.70792927 -0.70500624 -0.04245397
vn -0.70788721 -0.70533251 -0.03743988
vn -0.70777066 -0.70567469 -0.03292302
vn -0.70775080 -0.70587382 -0.02882641
vn -0.70773178 -0.70604404 -0.02485031
vn -0.70771355 -0.70618762 -0.02098986
vn -0.70769608 -0.70630661 -0.01724040
vn -0.70767932 -0.70640293 -0.01359754
vn -0.70766323 -0.70647831 -0.01005706
vn -0.70764779 -0.70653439 -0.00661498
vn -0.70763296 -0.70657266 -0.00326749
vn -0.70918516 -0.70500539 0.00487847
vn -0.71095753 -0.70284864 0.02330611
vn -0.71124553 -0.70129739 0.04808083
vn -0.71155470 -0.69865858 0.07460625
vn -0.71188447 -0.69471033 0.10294683
vn -0.71223330 -0.68920096 0.13313810
vn -0.71259833 -0.68185112 0.16517469
vn -0.71297504 -0.67235931 0.19899636
vn -0.71335701 -0.66041209 0.23447312
vn -0.71373563 -0.64569994 0.27139091
vn -0.71641129 -0.62268647 0.31466876
vn -0.71985566 -0.58645424 0.37132096
vn -0.72078682 -0.53904289 0.43577417
vn -0.72139334 -0.48156119 0.49768510
vn -0.72157327 -0.41543341 0.55384754
vn -0.72129388 -0.34331466 0.60155647
vn -0.72060548 -0.26859706 0.63920526
vn -0.71962049 -0.19468271 0.66651706
vn -0.71847249 -0.12434970 0.68434964
vn -0.71727978 -0.05943488 0.69424578
vn -0.71588970 -0.00156331 0.69821164
vn -0.71593996 0.05239503 0.69619303
vn -0.71668039 0.10828785 0.68894337
vn -0.71736493 0.16754533 0.67625152
vn -0.71794138 0.22904310 0.65734271
vn -0.71835631 0.29126002 0.63176879
vn -0.71856558 0.35240404 0.59956226
vn -0.71854502 0.41062957 0.56131667
vn -0.71829707 0.46429549 0.51814961
vn -0.71785005 0.51218658 0.47154662
vn -0.71592835 0.55227332 0.42713087
vn -0.71459692 0.58258216 0.38723284
vn -0.71474695 0.60691005 0.34755861
vn -0.71483036 0.62891335 0.30575408
vn -0.71484264 0.64821848 0.26232196
vn -0.71478310 0.66455339 0.21783918
vn -0.71465501 0.67776627 0.17291934
vn -0.71446511 0.68783107 0.12817184
vn -0.71422280 0.69483975 0.08416358
vn -0.71393904 0.69898357 0.04138865
vn -0.71431584 0.69982099 -0.00186005
vn -0.71568606 0.69660932 -0.05028834
vn -0.71677320 0.68925064 -0.10568699
vn -0.71791268 0.67586789 -0.16674525
vn -0.71903554 0.65486713 -0.23267345
vn -0.72004089 0.62482987 -0.30187540
vn -0.72080722 0.58491142 -0.37190803
vn -0.72122032 0.53525616 -0.43970683
vn -0.72121043 0.47723054 -0.50210210
vn -0.72077928 0.41329634 -0.55647405
vn -0.71772987 0.35357745 -0.59987234
vn -0.71484177 0.30545602 -0.62904520
vn -0.71415120 0.26420636 -0.64821529
vn -0.71350167 0.22562187 -0.66333260
vn -0.71290259 0.18984406 -0.67507713
vn -0.71235757 0.15686895 -0.68406054
vn -0.71186637 0.12659653 -0.69081082
vn -0.71142640 0.09886931 -0.69577103
vn -0.71103380 0.07350026 -0.69930584
vn -0.71068414 0.05029185 -0.70171133
vn -0.58033763 0.59167147 -0.55958298
vn -0.57629021 0.57198391 0.58371569
vn -0.70236169 -0.02954861 0.71120668
vn -0.70208393 -0.06060934 0.70951016
vn -0.70180305 -0.09335656 0.70622732
vn -0.70152375 -0.12770101 0.70111118
vn -0.70125171 -0.16349405 0.69391335
vn -0.70099357 -0.20052041 0.68439723
vn -0.70075671 -0.23849440 0.67235441
vn -0.70054883 -0.27706132 0.65762327
vn -0.70037750 -0.31580555 0.64010796
vn -0.69947121 -0.35683229 0.61920169
vn -0.69448024 -0.41466058 0.58800834
vn -0.69386972 -0.48088941 0.53599458
vn -0.69360415 -0.54231065 0.47414390
vn -0.69372696 -0.59578683 0.40469860
vn -0.69421777 -0.63917442 0.33093466
vn -0.69500027 -0.67172241 0.25644418
vn -0.69596931 -0.69399321 0.18439129
vn -0.69702096 -0.70743315 0.11704752
vn -0.69807246 -0.71385789 0.05569329
vn -0.70041989 -0.71371243 0.00515126
vn -0.70166250 -0.71171782 -0.03357791
vn -0.70115652 -0.70957417 -0.06988586
vn -0.70061534 -0.70510195 -0.10940472
vn -0.70004691 -0.69769899 -0.15215271
vn -0.69946443 -0.68669362 -0.19799339
vn -0.69888720 -0.67138261 -0.24658074
vn -0.69834083 -0.65109663 -0.29731004
vn -0.69785607 -0.62529388 -0.34929139
vn -0.69746598 -0.59367227 -0.40136573
vn -0.69696930 -0.55597174 -0.45291193
vn -0.69639406 -0.51139606 -0.50349716
vn -0.69615446 -0.45996617 -0.55118064
vn -0.69612042 -0.40325312 -0.59397246
vn -0.69629576 -0.34289707 -0.63055041
vn -0.69666119 -0.28082079 -0.66015367
vn -0.69717936 -0.21894551 -0.68264471
vn -0.69780363 -0.15893960 -0.69843275
vn -0.69848710 -0.10206447 -0.70830686
vn -0.69918924 -0.04913197 -0.71324642
vn -0.70034978 -0.00206985 -0.71379682
vn -0.70064624 0.04019944 -0.71237550
vn -0.70018300 0.08291492 -0.70913249
vn -0.69972689 0.12831303 -0.70279303
vn -0.69929467 0.17602676 -0.69282144
vn -0.69890589 0.22549681 -0.67873540
vn -0.69858146 0.27597025 -0.66016996
vn -0.69834135 0.32652828 -0.63694477
vn -0.69820193 0.37614718 -0.60912016
vn -0.69817332 0.42378686 -0.57702575
vn -0.70003562 0.46297654 -0.54369372
vn -0.70148205 0.49217398 -0.51544904
vn -0.70152963 0.51736456 -0.49009192
vn -0.70160375 0.54097605 -0.46378562
vn -0.70170227 0.56289263 -0.43676747
vn -0.70182252 0.58304031 -0.40927881
vn -0.70196142 0.60138610 -0.38155592
vn -0.70211569 0.61793489 -0.35382203
vn -0.70228197 0.63272480 -0.32628110
vn -0.70245704 0.64582139 -0.29911342
vn -0.98132092 -0.01110778 -0.19205696
vn -0.70023473 -0.67580028 -0.23014192
vn -0.69991280 -0.66023115 -0.27242778
vn -0.69963103 -0.64112131 -0.31540433
vn -0.69940254 -0.61834266 -0.35845285
vn -0.69923914 -0.59191133 -0.40088102
vn -0.69914999 -0.56200895 -0.44196746
vn -0.69914029 -0.52898608 -0.48101620
vn -0.69921063 -0.49334457 -0.51741244
vn -0.69935686 -0.45570032 -0.55066977
vn -0.69948736 -0.41656058 -0.58068470
vn -0.69944940 -0.37579334 -0.60790616
vn -0.69948790 -0.33322039 -0.63220317
vn -0.69959552 -0.28949040 -0.65326979
vn -0.69976652 -0.24526508 -0.67094848
vn -0.69999225 -0.20118915 -0.68522535
vn -0.70026222 -0.15784953 -0.69621574
vn -0.70056515 -0.11574570 -0.70413877
vn -0.70089000 -0.07527324 -0.70928637
vn -0.70122668 -0.03672008 -0.71199212
vn -0.70055828 0.00297855 -0.71358897
vn -0.69923976 0.04920046 -0.71319217
vn -0.69873407 0.10114284 -0.70819547
vn -0.69828050 0.15565801 -0.69869516
vn -0.69790708 0.21186526 -0.68413363
vn -0.69764051 0.26863656 -0.66417777
vn -0.69750198 0.32467778 -0.63880774
vn -0.69750320 0.37865609 -0.60836572
vn -0.69764407 0.42934873 -0.57354375
vn -0.69791267 0.47577691 -0.53530761
vn -0.69754849 0.51948002 -0.49352468
vn -0.69694023 0.56169466 -0.44584013
vn -0.69711049 0.59969657 -0.39293892
vn -0.69743014 0.63184938 -0.33816795
vn -0.69787113 0.65792780 -0.28303163
vn -0.69839913 0.67812308 -0.22888367
vn -0.69897929 0.69294019 -0.17681018
vn -0.69958063 0.70307164 -0.12758217
vn -0.70017843 0.70928182 -0.08166678
vn -0.70075490 0.71232020 -0.03927477
vn -0.70098804 0.71317280 0.00057781
vn -0.70027279 0.71263812 0.04201099
vn -0.69950266 0.70917076 0.08816378
vn -0.69867805 0.70177605 0.13913794
vn -0.69782422 0.68927593 0.19478206
vn -0.69698202 0.67040406 0.25450828
vn -0.69620839 0.64397349 0.31716247
vn -0.69557187 0.60913172 0.38097023
vn -0.69514159 0.56565687 0.44363326
vn -0.69497118 0.51419057 0.50261627
vn -0.69711761 0.46017879 0.54978406
vn -0.69909763 0.41307086 0.58363941
vn -0.69898912 0.36978394 0.61210624
vn -0.69896466 0.32412021 0.63749078
vn -0.69902577 0.27680101 0.65935133
vn -0.69916867 0.22862206 0.67741799
vn -0.69938486 0.18038891 0.69160730
vn -0.69966231 0.13285519 0.70201292
vn -0.69998704 0.08667348 0.70887647
vn -0.70034461 0.04236501 0.71254658
vn -0.57583771 -0.56964552 0.58644259
vn -0.58272380 -0.60231675 -0.54557081
vn -0.71021397 -0.07905714 -0.69953277
vn -0.71058324 -0.09933851 -0.69656538
vn 0.71166405 0.22412544 0.66580934
vn 0.71203694 0.25167128 0.65548833
vn 0.71243642 0.28091464 0.64305623
vn 0.71285984 0.31180403 0.62817920
vn 0.71330237 0.34421692 0.61050343
vn 0.71375648 0.37794111 0.58967127
vn 0.71565795 0.41532893 0.56154749
vn 0.71869879 0.46114828 0.52039822
vn 0.71908281 0.51196566 0.46990540
vn 0.71921189 0.55841728 0.41340585
vn 0.71906928 0.59888647 0.35252570
vn 0.71867346 0.63231156 0.28929318
vn 0.71807253 0.65831335 0.22582157
vn 0.71733069 0.67715580 0.16400214
vn 0.71651343 0.68958027 0.10529747
vn 0.71567663 0.69659154 0.05066739
vn 0.71646029 0.69761498 -0.00424189
vn 0.71847155 0.69229553 -0.06727214
vn 0.71914602 0.68110976 -0.13754455
vn 0.71959248 0.66203776 -0.20950578
vn 0.71975232 0.63493287 -0.28074337
vn 0.71960304 0.60045234 -0.34875271
vn 0.71916568 0.55999298 -0.41134972
vn 0.71849786 0.51543322 -0.46700046
vn 0.71767634 0.46878206 -0.51496024
vn 0.71677811 0.42186394 -0.55521163
vn 0.71603973 0.37558802 -0.58840526
vn 0.71548205 0.33008646 -0.61573400
vn 0.71480406 0.28608282 -0.63813147
vn 0.71414258 0.24438564 -0.65595429
vn 0.71351530 0.20533766 -0.66987488
vn 0.71293252 0.16908628 -0.68054174
vn 0.71239890 0.13563608 -0.68854242
vn 0.71191524 0.10489555 -0.69438722
vn 0.71147987 0.07671433 -0.69850648
vn 0.71108967 0.05091070 -0.70125572
vn 0.98838055 -0.14337594 -0.05047000
vn 0.70161310 -0.42933093 0.56869500
vn 0.70144733 -0.45728871 0.54667969
vn 0.70130399 -0.48483341 0.52259858
vn 0.70118730 -0.51167590 0.49651197
vn 0.70110091 -0.53752393 0.46853552
vn 0.70104768 -0.56209528 0.43884057
vn 0.70102942 -0.58513152 0.40765042
vn 0.70104677 -0.60641071 0.37523256
vn 0.70109913 -0.62575793 0.34188743
vn 0.70027177 -0.64512882 0.30566035
vn 0.70186771 -0.65926268 0.26973030
vn 0.70191555 -0.67108621 0.23865846
vn 0.70198459 -0.68131711 0.20742378
vn 0.70207314 -0.68995161 0.17623873
vn 0.70217910 -0.69701577 0.14530495
vn 0.70230013 -0.70256224 0.11480781
vn 0.70243373 -0.70666597 0.08491212
vn 0.70257735 -0.70941944 0.05575946
vn 0.70272854 -0.71092768 0.02746683
vn 0.70136928 -0.71278233 -0.00474054
vn 0.69964755 -0.71294027 -0.04700509
vn 0.69935112 -0.70835526 -0.09560767
vn 0.69911506 -0.70005165 -0.14548479
vn 0.69895254 -0.68781640 -0.19589268
vn 0.69887336 -0.67160921 -0.24600223
vn 0.69888250 -0.65158386 -0.29496054
vn 0.69897938 -0.62808500 -0.34196062
vn 0.69915794 -0.60161924 -0.38630619
vn 0.69940756 -0.57280612 -0.42746019
vn 0.69789729 -0.53979376 -0.47070380
vn 0.69601773 -0.49578623 -0.51937976
vn 0.69599257 -0.44135047 -0.56639571
vn 0.69618394 -0.38283318 -0.60726162
vn 0.69657035 -0.32217792 -0.64108590
vn 0.69711165 -0.26135435 -0.66762957
vn 0.69775860 -0.20209131 -0.68723507
vn 0.69846240 -0.14571034 -0.70065596
vn 0.69918149 -0.09307638 -0.70885967
vn 0.69988460 -0.04463877 -0.71285968
vn 0.70008053 0.00100129 -0.71406319
vn 0.69954783 0.04774877 -0.71298870
vn 0.69929572 0.09684614 -0.70824171
vn 0.69911005 0.14689445 -0.69976222
vn 0.69900146 0.19712619 -0.68741416
vn 0.69897653 0.24672044 -0.67123829
vn 0.69903679 0.29486624 -0.65146102
vn 0.69917855 0.34082710 -0.62847932
vn 0.69939337 0.38399541 -0.60282372
vn 0.69966934 0.42392755 -0.57510717
vn 0.69839010 0.46533820 -0.54379374
vn 0.69661093 0.51183232 -0.50275331
vn 0.69639778 0.55766384 -0.45170917
vn 0.69637732 0.59869116 -0.39576196
vn 0.69655173 0.63372128 -0.33647143
vn 0.69690272 0.66207997 -0.27563872
vn 0.69739605 0.68366009 -0.21505261
vn 0.69798924 0.69885018 -0.15626725
vn 0.69863945 0.70838523 -0.10046533
vn 0.69930933 0.71317745 -0.04841880
vn 0.69918219 0.71494066 0.00203041
vn 0.69825076 0.71366088 0.05598233
vn 0.69791595 0.70709000 0.11374122
vn 0.69769155 0.69530764 0.17255080
vn 0.69759543 0.67818566 0.23113811
vn 0.69763561 0.65594098 0.28817699
vn 0.69780872 0.62912943 0.34243124
vn 0.69810061 0.59857970 0.39288405
vn 0.69848917 0.56528477 0.43882343
vn 0.69894815 0.53028003 0.47986934
vn 0.69675551 0.48995476 0.52390466
vn 0.69479809 0.43502360 0.57272165
vn 0.69574629 0.37092727 0.61510167
vn 0.69679610 0.30866842 0.64745579
vn 0.69785896 0.25013556 0.67113715
vn 0.69887405 0.19637306 0.68775918
vn 0.69980679 0.14776019 0.69888296
vn 0.70064241 0.10423140 0.70585837
vn 0.70137905 0.06546521 0.70977583
vn 0.70202217 0.03101931 0.71147921
vn 0.70339200 0.00300696 0.71079579
vn 0.70420591 -0.01796037 0.70976860
vn 0.70402265 -0.03691270 0.70921757
vn 0.70382660 -0.05705304 0.70807702
vn 0.70361744 -0.07844298 0.70623593
vn 0.70339508 -0.10113781 0.70356699
vn 0.70315973 -0.12518273 0.69992548
vn 0.70291205 -0.15060806 0.69514880
vn 0.70265323 -0.17742355 0.68905683
vn 0.70238513 -0.20561159 0.68145360
vn 0.69969698 -0.24324729 0.67175509
vn 0.69652593 -0.29807772 0.65268774
vn 0.69508963 -0.36371276 0.62013179
vn 0.69367814 -0.43336579 0.57533010
vn 0.69245801 -0.50371573 0.51650011
vn 0.69162698 -0.57007549 0.44347047
vn 0.69135079 -0.62730858 0.35849413
vn 0.69169037 -0.67133441 0.26622273
vn 0.69257123 -0.70040661 0.17255626
vn 0.69382060 -0.71535416 0.08295422
vn 0.69799374 -0.71603094 0.01021893
vn 0.70056688 -0.71246553 -0.03998636
vn 0.69972321 -0.70940102 -0.08448446
vn 0.69878373 -0.70258204 -0.13446108
vn 0.69776484 -0.69064832 -0.19007663
vn 0.69670340 -0.67199622 -0.25104870
vn 0.69566271 -0.64492884 -0.31641775
vn 0.69473330 -0.60796482 -0.38434934
vn 0.69402271 -0.56029654 -0.45210647
vn 0.69363163 -0.50226957 -0.51633365
vn 0.69742195 -0.44331134 -0.56309651
vn 0.70103400 -0.40036387 -0.59013567
vn 0.70066383 -0.36683479 -0.61196604
vn 0.70030534 -0.33002630 -0.63297320
vn 0.69997037 -0.28995904 -0.65266012
vn 0.69967209 -0.24678439 -0.67048970
vn 0.69942400 -0.20080486 -0.68591798
vn 0.69923874 -0.15248155 -0.69843723
vn 0.69912654 -0.10242337 -0.70762386
vn 0.69909399 -0.05135599 -0.71318311
vn 0.57548685 0.56781230 -0.58856103
vn 0.58866843 0.62609661 0.51134384
vn 0.71070930 0.15147566 0.68698429
vn 0.71100078 0.17408051 0.68130306
vn 0.71131872 0.19827520 0.67432383
vn 0.71375708 0.16224333 0.68134274
vn 0.71368087 0.20164769 0.67081878
vn 0.71356254 0.23983263 0.65826197
vn 0.71340664 0.27648503 0.64389983
vn 0.71321881 0.31135272 0.62799555
vn 0.71300525 0.34424972 0.61083192
vn 0.71684893 0.38322554 0.58246527
vn 0.72122694 0.43892439 0.53588905
vn 0.72129872 0.50153604 0.47769211
vn 0.72093834 0.55634724 0.41318961
vn 0.72020776 0.60163213 0.34545558
vn 0.71921903 0.63690962 0.27761507
vn 0.71809644 0.66277907 0.21227672
vn 0.71694601 0.68052546 0.15123996
vn 0.71584183 0.69170317 0.09548406
vn 0.71482652 0.69783112 0.04532953
vn 0.71443798 0.69969815 -0.00093418
vn 0.71500218 0.69749213 -0.04771388
vn 0.71529686 0.69208002 -0.09682793
vn 0.71551856 0.68295998 -0.14696546
vn 0.71565368 0.66999372 -0.19735305
vn 0.71569337 0.65322015 -0.24715670
vn 0.71563497 0.63286561 -0.29554646
vn 0.71548240 0.60932962 -0.34176358
vn 0.71524554 0.58314810 -0.38517803
vn 0.71493868 0.55494134 -0.42532669
vn 0.71661854 0.51968532 -0.46517204
vn 0.71866817 0.47315035 -0.50955354
vn 0.71859694 0.41947531 -0.55467009
vn 0.71829735 0.36259646 -0.59377834
vn 0.71780362 0.30432778 -0.62621288
vn 0.71716649 0.24641785 -0.65188225
vn 0.71644165 0.19034261 -0.67117885
vn 0.71567993 0.13719281 -0.68482141
vn 0.71492162 0.08765680 -0.69368824
vn 0.71419488 0.04207030 -0.69868145
vn 0.71376516 -0.00026194 -0.70038505
vn 0.71416729 -0.04251056 -0.69868300
vn 0.71457249 -0.08699855 -0.69413068
vn 0.71494332 -0.13340642 -0.68633722
vn 0.71526224 -0.18120090 -0.67495641
vn 0.71551191 -0.22971121 -0.65975410
vn 0.71567722 -0.27816065 -0.64065028
vn 0.71574740 -0.32571826 -0.61774855
vn 0.71571770 -0.37156411 -0.59134447
vn 0.71559015 -0.41495735 -0.56190848
vn 0.71632995 -0.45685027 -0.52740804
vn 0.71753122 -0.49965538 -0.48527667
vn 0.71780635 -0.54214573 -0.43684327
vn 0.71789766 -0.58072904 -0.38389677
vn 0.71779562 -0.61432085 -0.32768788
vn 0.71751087 -0.64221107 -0.26970929
vn 0.71707157 -0.66413328 -0.21150730
vn 0.71651692 -0.68024549 -0.15449784
vn 0.71588931 -0.69103981 -0.09983228
vn 0.71522783 -0.69721802 -0.04833401
vn 0.71483889 -0.69928911 0.00033614
vn 0.71555265 -0.69676963 0.04996487
vn 0.71637310 -0.68994950 0.10382323
vn 0.71717739 -0.67786951 0.16170811
vn 0.71791255 -0.65954486 0.22271538
vn 0.71851597 -0.63423138 0.28545640
vn 0.71892521 -0.60163027 0.34812003
vn 0.71909193 -0.56205314 0.40866008
vn 0.71899499 -0.51647274 0.46508292
vn 0.71864677 -0.46641660 0.51575418
vn 0.71639159 -0.41887588 0.55796603
vn 0.71464440 -0.37750166 0.58887679
vn 0.71472796 -0.33738932 0.61264377
vn 0.71474321 -0.29554455 0.63387346
vn 0.71468933 -0.25250663 0.65227261
vn 0.71456920 -0.20885720 0.66765974
vn 0.71438901 -0.16518218 0.67997293
vn 0.71415750 -0.12203521 0.68926517
vn 0.71388498 -0.07990763 0.69568887
vn 0.71358231 -0.03920796 0.69947339
vn 0.71349017 0.00045286 0.70066509
vn 0.71371146 0.04049893 0.69926804
vn 0.71377270 0.08126376 0.69564699
vn 0.71378812 0.12198282 0.68965696
vn -0.71166405 0.22412544 0.66580934
vn -0.71203694 0.25167128 0.65548833
vn -0.71243642 0.28091464 0.64305623
vn -0.71285984 0.31180403 0.62817920
vn -0.71330237 0.34421692 0.61050343
vn -0.71375648 0.37794111 0.58967127
vn -0.71565795 0.41532893 0.56154749
vn -0.71869879 0.46114828 0.52039822
vn -0.71908281 0.51196566 0.46990540
vn -0.71921189 0.55841728 0.41340585
vn -0.71906928 0.59888647 0.35252570
vn -0.71867346 0.63231156 0.28929318
vn -0.71807253 0.65831335 0.22582157
vn -0.71733069 0.67715580 0.16400214
vn -0.71651343 0.68958027 0.10529747
vn -0.71567663 0.69659154 0.05066739
vn -0.71646029 0.69761498 -0.00424189
vn -0.71847155 0.69229553 -0.06727214
vn -0.71914602 0.68110976 -0.13754455
vn -0.71959248 0.66203776 -0.20950578
vn -0.71975232 0.63493287 -0.28074337
vn -0.71960304 0.60045234 -0.34875271
vn -0.71916568 0.55999298 -0.41134972
vn -0.71849786 0.51543322 -0.46700046
vn -0.71767634 0.46878206 -0.51496024
vn -0.71677811 0.42186394 -0.55521163
vn -0.71603973 0.37558802 -0.58840526
vn -0.71548205 0.33008646 -0.61573400
vn -0.71480406 0.28608282 -0.63813147
vn -0.71414258 0.24438564 -0.65595429
vn -0.71351530 0.20533766 -0.66987488
vn -0.71293252 0.16908628 -0.68054174
vn -0.71239890 0.13563608 -0.68854242
vn -0.71191524 0.10489555 -0.69438722
vn -0.71147987 0.07671433 -0.69850648
vn -0.71108967 0.05091070 -0.70125572
vn -0.98838055 -0.14337594 -0.05047000
vn -0.70161310 -0.42933093 0.56869500
vn -0.70144733 -0.45728871 0.54667969
vn -0.70130399 -0.48483341 0.52259858
vn -0.70118730 -0.51167590 0.49651197
vn -0.70110091 -0.53752393 0.46853552
vn -0.70104768 -0.56209528 0.43884057
vn -0.70102942 -0.58513152 0.40765042
vn -0.70104677 -0.60641071 0.37523256
vn -0.70109913 -0.62575793 0.34188743
vn -0.70027177 -0.64512882 0.30566035
vn -0.70186771 -0.65926268 0.26973030
vn -0.70191555 -0.67108621 0.23865846
vn -0.70198459 -0.68131711 0.20742378
vn -0.70207314 -0.68995161 0.17623873
vn -0.70217910 -0.69701577 0.14530495
vn -0.70230013 -0.70256224 0.11480781
vn -0.70243373 -0.70666597 0.08491212
vn -0.70257735 -0.70941944 0.05575946
vn -0.70272854 -0.71092768 0.02746683
vn -0.70136928 -0.71278233 -0.00474054
vn -0.69964755 -0.71294027 -0.04700509
vn -0.69935112 -0.70835526 -0.09560767
vn -0.69911506 -0.70005165 -0.14548479
vn -0.69895254 -0.68781640 -0.19589268
vn -0.69887336 -0.67160921 -0.24600223
vn -0.69888250 -0.65158386 -0.29496054
vn -0.69897938 -0.62808500 -0.34196062
vn -0.69915794 -0.60161924 -0.38630619
vn -0.69940756 -0.57280612 -0.42746019
vn -0.69789729 -0.53979376 -0.47070380
vn -0.69601773 -0.49578623 -0.51937976
vn -0.69599257 -0.44135047 -0.56639571
vn -0.69618394 -0.38283318 -0.60726162
vn -0.69657035 -0.32217792 -0.64108590
vn -0.69711165 -0.26135435 -0.66762957
vn -0.69775860 -0.20209131 -0.68723507
vn -0.69846240 -0.14571034 -0.70065596
vn -0.69918149 -0.09307638 -0.70885967
vn -0.69988460 -0.04463877 -0.71285968
vn -0.70008053 0.00100129 -0.71406319
vn -0.69954783 0.04774877 -0.71298870
vn -0.69929572 0.09684614 -0.70824171
vn -0.69911005 0.14689445 -0.69976222
vn -0.69900146 0.19712619 -0.68741416
vn -0.69897653 0.24672044 -0.67123829
vn -0.69903679 0.29486624 -0.65146102
vn -0.69917855 0.34082710 -0.62847932
vn -0.69939337 0.38399541 -0.60282372
vn -0.69966934 0.42392755 -0.57510717
vn -0.69839010 0.46533820 -0.54379374
vn -0.69661093 0.51183232 -0.50275331
vn -0.69639778 0.55766384 -0.45170917
vn -0.69637732 0.59869116 -0.39576196
vn -0.69655173 0.63372128 -0.33647143
vn -0.69690272 0.66207997 -0.27563872
vn -0.69739605 0.68366009 -0.21505261
vn -0.69798924 0.69885018 -0.15626725
vn -0.69863945 0.70838523 -0.10046533
vn -0.69930933 0.71317745 -0.04841880
vn -0.69918219 0.71494066 0.00203041
vn -0.69825076 0.71366088 0.05598233
vn -0.69791595 0.70709000 0.11374122
vn -0.69769155 0.69530764 0.17255080
vn -0.69759543 0.67818566 0.23113811
vn -0.69763561 0.65594098 0.28817699
vn -0.69780872 0.62912943 0.34243124
vn -0.69810061 0.59857970 0.39288405
vn -0.69848917 0.56528477 0.43882343
vn -0.69894815 0.53028003 0.47986934
vn -0.69675551 0.48995476 0.52390466
vn -0.69479809 0.43502360 0.57272165
vn -0.69574629 0.37092727 0.61510167
vn -0.69679610 0.30866842 0.64745579
vn -0.69785896 0.25013556 0.67113715
vn -0.69887405 0.19637306 0.68775918
vn -0.69980679 0.14776019 0.69888296
vn -0.70064241 0.10423140 0.70585837
vn -0.70137905 0.06546521 0.70977583
vn -0.70202217 0.03101931 0.71147921
vn -0.70339200 0.00300696 0.71079579
vn -0.70420591 -0.01796037 0.70976860
vn -0.70402265 -0.03691270 0.70921757
vn -0.70382660 -0.05705304 0.70807702
vn -0.70361744 -0.07844298 0.70623593
vn -0.70339508 -0.10113781 0.70356699
vn -0.70315973 -0.12518273 0.69992548
vn -0.70291205 -0.15060806 0.69514880
vn -0.70265323 -0.17742355 0.68905683
vn -0.70238513 -0.20561159 0.68145360
vn -0.69969698 -0.24324729 0.67175509
vn -0.69652593 -0.29807772 0.65268774
vn -0.69508963 -0.36371276 0.62013179
vn -0.69367814 -0.43336579 0.57533010
vn -0.69245801 -0.50371573 0.51650011
vn -0.69162698 -0.57007549 0.44347047
vn -0.69135079 -0.62730858 0.35849413
vn -0.69169037 -0.67133441 0.26622273
vn -0.69257123 -0.70040661 0.17255626
vn -0.69382060 -0.71535416 0.08295422
vn -0.69799374 -0.71603094 0.01021893
vn -0.70056688 -0.71246553 -0.03998636
vn -0.69972321 -0.70940102 -0.08448446
vn -0.69878373 -0.70258204 -0.13446108
vn -0.69776484 -0.69064832 -0.19007663
vn -0.69670340 -0.67199622 -0.25104870
vn -0.69566271 -0.64492884 -0.31641775
vn -0.69473330 -0.60796482 -0.38434934
vn -0.69402271 -0.56029654 -0.45210647
vn -0.69363163 -0.50226957 -0.51633365
vn -0.69742195 -0.44331134 -0.56309651
vn -0.70103400 -0.40036387 -0.59013567
vn -0.70066383 -0.36683479 -0.61196604
vn -0.70030534 -0.33002630 -0.63297320
vn -0.69997037 -0.28995904 -0.65266012
vn -0.69967209 -0.24678439 -0.67048970
vn -0.69942400 -0.20080486 -0.68591798
vn -0.69923874 -0.15248155 -0.69843723
vn -0.69912654 -0.10242337 -0.70762386
vn -0.69909399 -0.05135599 -0.71318311
vn -0.57548685 0.56781230 -0.58856103
vn -0.58866843 0.62609661 0.51134384
vn -0.71070930 0.15147566 0.68698429
vn -0.71100078 0.17408051 0.68130306
vn -0.71131872 0.19827520 0.67432383
vn -0.71375708 0.16224333 0.68134274
vn -0.71368087 0.20164769 0.67081878
vn -0.71356254 0.23983263 0.65826197
vn -0.71340664 0.27648503 0.64389983
vn -0.71321881 0.31135272 0.62799555
vn -0.71300525 0.34424972 0.61083192
vn -0.71684893 0.38322554 0.58246527
vn -0.72122694 0.43892439 0.53588905
vn -0.72129872 0.50153604 0.47769211
vn -0.72093834 0.55634724 0.41318961
vn -0.72020776 0.60163213 0.34545558
vn -0.71921903 0.63690962 0.27761507
vn -0.71809644 0.66277907 0.21227672
vn -0.71694601 0.68052546 0.15123996
vn -0.71584183 0.69170317 0.09548406
vn -0.71482652 0.69783112 0.04532953
vn -0.71443798 0.69969815 -0.00093418
vn -0.71500218 0.69749213 -0.04771388
vn -0.71529686 0.69208002 -0.09682793
vn -0.71551856 0.68295998 -0.14696546
vn -0.71565368 0.66999372 -0.19735305
vn -0.71569337 0.65322015 -0.24715670
vn -0.71563497 0.63286561 -0.29554646
vn -0.71548240 0.60932962 -0.34176358
vn -0.71524554 0.58314810 -0.38517803
vn -0.71493868 0.55494134 -0.42532669
vn -0.71661854 0.51968532 -0.46517204
vn -0.71866817 0.47315035 -0.50955354
vn -0.71859694 0.41947531 -0.55467009
vn -0.71829735 0.36259646 -0.59377834
vn -0.71780362 0.30432778 -0.62621288
vn -0.71716649 0.24641785 -0.65188225
vn -0.71644165 0.19034261 -0.67117885
vn -0.71567993 0.13719281 -0.68482141
vn -0.71492162 0.08765680 -0.69368824
vn -0.71419488 0.04207030 -0.69868145
vn -0.71376516 -0.00026194 -0.70038505
vn -0.71416729 -0.04251056 -0.69868300
vn -0.71457249 -0.08699855 -0.69413068
vn -0.71494332 -0.13340642 -0.68633722
vn -0.71526224 -0.18120090 -0.67495641
vn -0.71551191 -0.22971121 -0.65975410
vn -0.71567722 -0.27816065 -0.64065028
vn -0.71574740 -0.32571826 -0.61774855
vn -0.71571770 -0.37156411 -0.59134447
vn -0.71559015 -0.41495735 -0.56190848
vn -0.71632995 -0.45685027 -0.52740804
vn -0.71753122 -0.49965538 -0.48527667
vn -0.71780635 -0.54214573 -0.43684327
vn -0.71789766 -0.58072904 -0.38389677
vn -0.71779562 -0.61432085 -0.32768788
vn -0.71751087 -0.64221107 -0.26970929
vn -0.71707157 -0.66413328 -0.21150730
vn -0.71651692 -0.68024549 -0.15449784
vn -0.71588931 -0.69103981 -0.09983228
vn -0.71522783 -0.69721802 -0.04833401
vn -0.71483889 -0.69928911 0.00033614
vn -0.71555265 -0.69676963 0.04996487
vn -0.71637310 -0.68994950 0.10382323
vn -0.71717739 -0.67786951 0.16170811
vn -0.71791255 -0.65954486 0.22271538
vn -0.71851597 -0.63423138 0.28545640
vn -0.71892521 -0.60163027 0.34812003
vn -0.71909193 -0.56205314 0.40866008
vn -0.71899499 -0.51647274 0.46508292
vn -0.71864677 -0.46641660 0.51575418
vn -0.71639159 -0.41887588 0.55796603
vn -0.71464440 -0.37750166 0.58887679
vn -0.71472796 -0.33738932 0.61264377
vn -0.71474321 -0.29554455 0.63387346
vn -0.71468933 -0.25250663 0.65227261
vn -0.71456920 -0.20885720 0.66765974
vn -0.71438901 -0.16518218 0.67997293
vn -0.71415750 -0.12203521 0.68926517
vn -0.71388498 -0.07990763 0.69568887
vn -0.71358231 -0.03920796 0.69947339
vn -0.71349017 0.00045286 0.70066509
vn -0.71371146 0.04049893 0.69926804
vn -0.71377270 0.08126376 0.69564699
vn -0.71378812 0.12198282 0.68965696
vn 0.70170086 -0.13871697 -0.69883725
vn 0.70215837 -0.10613062 -0.70406670
vn 0.70257727 -0.07615576 -0.70752066
vn 0.70295826 -0.04863560 -0.70956625
vn 0.70330323 -0.02339101 -0.71050505
vn 0.70362587 -0.00027123 -0.71057058
vn 0.70352955 0.02211976 -0.71032168
vn 0.70327224 0.04563091 -0.70945470
vn 0.70299616 0.07080596 -0.70766017
vn 0.70270151 0.09772153 -0.70474186
vn 0.70238920 0.12643338 -0.70047414
vn 0.70206109 0.15696631 -0.69460191
vn 0.70172025 0.18930201 -0.68684310
vn 0.70137122 0.22336521 -0.67689467
vn 0.70102023 0.25900902 -0.66444335
vn 0.69860636 0.30294110 -0.64820972
vn 0.69638059 0.35895932 -0.62145175
vn 0.69523540 0.42103932 -0.58255783
vn 0.69420726 0.48419138 -0.53257393
vn 0.69342388 0.54521294 -0.47106919
vn 0.69300584 0.60039478 -0.39908523
vn 0.69302624 0.64633499 -0.31932071
vn 0.69348135 0.68082369 -0.23571746
vn 0.69429225 0.70333921 -0.15255237
vn 0.69533607 0.71491848 -0.07348010
vn 0.69670936 0.71735152 -0.00169283
vn 0.69650730 0.71449356 0.06615530
vn 0.69561486 0.70520917 0.13711302
vn 0.69487663 0.68717424 0.21198593
vn 0.69438150 0.65936385 0.28822499
vn 0.69419878 0.62172818 0.36268735
vn 0.69435608 0.57540340 0.43218116
vn 0.69482957 0.52256834 0.49409939
vn 0.69555241 0.46597689 0.54687512
vn 0.69643633 0.40837720 0.59008856
vn 0.69809933 0.35372377 0.62252455
vn 0.69956828 0.30587053 0.64579211
vn 0.70005378 0.26277296 0.66398424
vn 0.70054457 0.22160843 0.67832663
vn 0.70102644 0.18271195 0.68933176
vn 0.70148927 0.14626394 0.69750962
vn 0.70192647 0.11232314 0.70333686
vn 0.70233433 0.08085908 0.70723992
vn 0.70271131 0.05178042 0.70958833
vn 0.70305741 0.02495773 0.71069501
vn 0.70373457 0.00139124 0.71046163
vn 0.70404420 -0.01900056 0.70990192
vn 0.70386610 -0.03896755 0.70926302
vn 0.70367792 -0.06007709 0.70797466
vn 0.70347987 -0.08236866 0.70592597
vn 0.70327244 -0.10587163 0.70299294
vn 0.70305647 -0.13060147 0.69903853
vn 0.70283323 -0.15655541 0.69391344
vn 0.70260450 -0.18370751 0.68745797
vn 0.70237264 -0.21200351 0.67950510
vn 0.69963624 -0.24978576 0.66941482
vn 0.69645646 -0.30482195 0.64963988
vn 0.69505022 -0.37041658 0.61619538
vn 0.69368546 -0.43964133 0.57054008
vn 0.69252665 -0.50912009 0.51108079
vn 0.69176250 -0.57422958 0.43786417
vn 0.69154417 -0.63004101 0.35329166
vn 0.69191892 -0.67275971 0.26199731
vn 0.69280675 -0.70087384 0.16968995
vn 0.69403925 -0.71530220 0.08156150
vn 0.69638702 -0.71765343 0.00432192
vn 0.69694373 -0.71434185 -0.06312809
vn 0.69595406 -0.70592611 -0.13159132
vn 0.69506665 -0.68911860 -0.20493388
vn 0.69437876 -0.66250588 -0.28093433
vn 0.69398253 -0.62551280 -0.35654170
vn 0.69393812 -0.57877937 -0.42832736
vn 0.69425258 -0.52421162 -0.49316888
vn 0.69487729 -0.46461593 -0.54888760
vn 0.69572537 -0.40306791 -0.59456074
vn 0.69786208 -0.34510813 -0.62760569
vn 0.69955593 -0.29608833 -0.65034853
vn 0.70012320 -0.25286451 -0.66774774
vn 0.70067742 -0.21210103 -0.68122265
vn 0.70120590 -0.17402749 -0.69139332
vn 0.71083521 0.08030593 0.69875909
vn 0.71112847 0.10414480 0.69530580
vn 0.71144632 0.12969234 0.69066927
vn 0.71178901 0.15702049 0.68461739
vn 0.71215593 0.18617428 0.67688483
vn 0.71254514 0.21715919 0.66717412
vn 0.71562145 0.25653001 0.64967553
vn 0.71948339 0.31303044 0.61996418
vn 0.72085126 0.38078946 0.57911385
vn 0.72199668 0.44917407 0.52627317
vn 0.72273142 0.51438392 0.46159341
vn 0.72291009 0.57237891 0.38701859
vn 0.72249430 0.61989576 0.30615558
vn 0.72157153 0.65528266 0.22347071
vn 0.72031328 0.67870885 0.14318898
vn 0.71890572 0.69172885 0.06845260
vn 0.71798623 0.69605717 -0.00043560
vn 0.71898936 0.69153153 -0.06955893
vn 0.72003502 0.67887996 -0.14377610
vn 0.72085173 0.65677169 -0.22141305
vn 0.72131834 0.62451748 -0.29946246
vn 0.72135556 0.58260508 -0.37445625
vn 0.72095672 0.53276941 -0.44314575
vn 0.72019061 0.47765592 -0.50316032
vn 0.71917415 0.42021685 -0.55335915
vn 0.71803338 0.36311933 -0.59377809
vn 0.71639543 0.30989424 -0.62509450
vn 0.71491672 0.26268735 -0.64798876
vn 0.71403809 0.22042447 -0.66450181
vn 0.71325612 0.18200630 -0.67685997
vn 0.71256885 0.14728346 -0.68596881
vn 0.71196924 0.11599438 -0.69256415
vn 0.71144802 0.08782822 -0.69722874
vn 0.71099549 0.06246397 -0.70041678
vn 0.71060237 0.03959277 -0.70247896
vn 0.71026027 0.01892928 -0.70368461
vn 0.70980496 0.00070361 -0.70439791
vn 0.70973246 -0.01589802 -0.70429190
vn 0.70995717 -0.03295261 -0.70347349
vn 0.71020789 -0.05144675 -0.70210966
vn 0.71048791 -0.07152614 -0.70006496
vn 0.71080073 -0.09334613 -0.69717202
vn 0.71115002 -0.11706861 -0.69322478
vn 0.71153942 -0.14285632 -0.68797073
vn 0.71197221 -0.17086384 -0.68110287
vn 0.71245083 -0.20122365 -0.67225208
vn 0.71459923 -0.23813984 -0.65775174
vn 0.71714952 -0.28694668 -0.63510485
vn 0.71867070 -0.34489662 -0.60378700
vn 0.72026880 -0.40704410 -0.56171875
vn 0.72179730 -0.47104844 -0.50707202
vn 0.72304189 -0.53329597 -0.43909660
vn 0.72376802 -0.58934905 -0.35892555
vn 0.72381199 -0.63500643 -0.26993153
vn 0.72316324 -0.66756328 -0.17718407
vn 0.72197008 -0.68654332 -0.08612478
vn 0.71913405 -0.69485223 -0.00515844
vn 0.71799710 -0.69304658 0.06454917
vn 0.71866280 -0.68269593 0.13209861
vn 0.71913378 -0.66499608 0.20156095
vn 0.71935316 -0.63969105 0.27078845
vn 0.71929213 -0.60722882 0.33747887
vn 0.71895886 -0.56874713 0.39953081
vn 0.71839589 -0.52588587 0.45535854
vn 0.71766753 -0.48049284 0.50406344
vn 0.71684356 -0.43432962 0.54542928
vn 0.71855237 -0.38095431 0.58185592
vn 0.71912487 -0.31905382 0.61730388
vn 0.71704724 -0.25911656 0.64707176
vn 0.71534819 -0.20722462 0.66733419
vn 0.71398317 -0.16275379 0.68098402
vn 0.71289190 -0.12473571 0.69009140
vn 0.71201757 -0.09216810 0.69608622
vn 0.71131285 -0.06414463 0.69994249
vn 0.71074035 -0.03989371 0.70232232
vn 0.71027122 -0.01877715 0.70367764
vn 0.70995318 -0.00005723 0.70424887
vn 0.71009221 0.01811241 0.70387569
vn 0.71031846 0.03738967 0.70288669
vn 0.71056563 0.05808692 0.70122921
vn -0.70170086 -0.13871697 -0.69883725
vn -0.70215837 -0.10613062 -0.70406670
vn -0.70257727 -0.07615576 -0.70752066
vn -0.70295826 -0.04863560 -0.70956625
vn -0.70330323 -0.02339101 -0.71050505
vn -0.70362587 -0.00027123 -0.71057058
vn -0.70352955 0.02211976 -0.71032168
vn -0.70327224 0.04563091 -0.70945470
vn -0.70299616 0.07080596 -0.70766017
vn -0.70270151 0.09772153 -0.70474186
vn -0.70238920 0.12643338 -0.70047414
vn -0.70206109 0.15696631 -0.69460191
vn -0.70172025 0.18930201 -0.68684310
vn -0.70137122 0.22336521 -0.67689467
vn -0.70102023 0.25900902 -0.66444335
vn -0.69860636 0.30294110 -0.64820972
vn -0.69638059 0.35895932 -0.62145175
vn -0.69523540 0.42103932 -0.58255783
vn -0.69420726 0.48419138 -0.53257393
vn -0.69342388 0.54521294 -0.47106919
vn -0.69300584 0.60039478 -0.39908523
vn -0.69302624 0.64633499 -0.31932071
vn -0.69348135 0.68082369 -0.23571746
vn -0.69429225 0.70333921 -0.15255237
vn -0.69533607 0.71491848 -0.07348010
vn -0.69670936 0.71735152 -0.00169283
vn -0.69650730 0.71449356 0.06615530
vn -0.69561486 0.70520917 0.13711302
vn -0.69487663 0.68717424 0.21198593
vn -0.69438150 0.65936385 0.28822499
vn -0.69419878 0.62172818 0.36268735
vn -0.69435608 0.57540340 0.43218116
vn -0.69482957 0.52256834 0.49409939
vn -0.69555241 0.46597689 0.54687512
vn -0.69643633 0.40837720 0.59008856
vn -0.69809933 0.35372377 0.62252455
vn -0.69956828 0.30587053 0.64579211
vn -0.70005378 0.26277296 0.66398424
vn -0.70054457 0.22160843 0.67832663
vn -0.70102644 0.18271195 0.68933176
vn -0.70148927 0.14626394 0.69750962
vn -0.70192647 0.11232314 0.70333686
vn -0.70233433 0.08085908 0.70723992
vn -0.70271131 0.05178042 0.70958833
vn -0.70305741 0.02495773 0.71069501
vn -0.70373457 0.00139124 0.71046163
vn -0.70404420 -0.01900056 0.70990192
vn -0.70386610 -0.03896755 0.70926302
vn -0.70367792 -0.06007709 0.70797466
vn -0.70347987 -0.08236866 0.70592597
vn -0.70327244 -0.10587163 0.70299294
vn -0.70305647 -0.13060147 0.69903853
vn -0.70283323 -0.15655541 0.69391344
vn -0.70260450 -0.18370751 0.68745797
vn -0.70237264 -0.21200351 0.67950510
vn -0.69963624 -0.24978576 0.66941482
vn -0.69645646 -0.30482195 0.64963988
vn -0.69505022 -0.37041658 0.61619538
vn -0.69368546 -0.43964133 0.57054008
vn -0.69252665 -0.50912009 0.51108079
vn -0.69176250 -0.57422958 0.43786417
vn -0.69154417 -0.63004101 0.35329166
vn -0.69191892 -0.67275971 0.26199731
vn -0.69280675 -0.70087384 0.16968995
vn -0.69403925 -0.71530220 0.08156150
vn -0.69638702 -0.71765343 0.00432192
vn -0.69694373 -0.71434185 -0.06312809
vn -0.69595406 -0.70592611 -0.13159132
vn -0.69506665 -0.68911860 -0.20493388
vn -0.69437876 -0.66250588 -0.28093433
vn -0.69398253 -0.62551280 -0.35654170
vn -0.69393812 -0.57877937 -0.42832736
vn -0.69425258 -0.52421162 -0.49316888
vn -0.69487729 -0.46461593 -0.54888760
vn -0.69572537 -0.40306791 -0.59456074
vn -0.69786208 -0.34510813 -0.62760569
vn -0.69955593 -0.29608833 -0.65034853
vn -0.70012320 -0.25286451 -0.66774774
vn -0.70067742 -0.21210103 -0.68122265
vn -0.70120590 -0.17402749 -0.69139332
vn -0.71083521 0.08030593 0.69875909
vn -0.71112847 0.10414480 0.69530580
vn -0.71144632 0.12969234 0.69066927
vn -0.71178901 0.15702049 0.68461739
vn -0.71215593 0.18617428 0.67688483
vn -0.71254514 0.21715919 0.66717412
vn -0.71562145 0.25653001 0.64967553
vn -0.71948339 0.31303044 0.61996418
vn -0.72085126 0.38078946 0.57911385
vn -0.72199668 0.44917407 0.52627317
vn -0.72273142 0.51438392 0.46159341
vn -0.72291009 0.57237891 0.38701859
vn -0.72249430 0.61989576 0.30615558
vn -0.72157153 0.65528266 0.22347071
vn -0.72031328 0.67870885 0.14318898
vn -0.71890572 0.69172885 0.06845260
vn -0.71798623 0.69605717 -0.00043560
vn -0.71898936 0.69153153 -0.06955893
vn -0.72003502 0.67887996 -0.14377610
vn -0.72085173 0.65677169 -0.22141305
vn -0.72131834 0.62451748 -0.29946246
vn -0.72135556 0.58260508 -0.37445625
vn -0.72095672 0.53276941 -0.44314575
vn -0.72019061 0.47765592 -0.50316032
vn -0.71917415 0.42021685 -0.55335915
vn -0.71803338 0.36311933 -0.59377809
vn -0.71639543 0.30989424 -0.62509450
vn -0.71491672 0.26268735 -0.64798876
vn -0.71403809 0.22042447 -0.66450181
vn -0.71325612 0.18200630 -0.67685997
vn -0.71256885 0.14728346 -0.68596881
vn -0.71196924 0.11599438 -0.69256415
vn -0.71144802 0.08782822 -0.69722874
vn -0.71099549 0.06246397 -0.70041678
vn -0.71060237 0.03959277 -0.70247896
vn -0.71026027 0.01892928 -0.70368461
vn -0.70980496 0.00070361 -0.70439791
vn -0.70973246 -0.01589802 -0.70429190
vn -0.70995717 -0.03295261 -0.70347349
vn -0.71020789 -0.05144675 -0.70210966
vn -0.71048791 -0.07152614 -0.70006496
vn -0.71080073 -0.09334613 -0.69717202
vn -0.71115002 -0.11706861 -0.69322478
vn -0.71153942 -0.14285632 -0.68797073
vn -0.71197221 -0.17086384 -0.68110287
vn -0.71245083 -0.20122365 -0.67225208
vn -0.71459923 -0.23813984 -0.65775174
vn -0.71714952 -0.28694668 -0.63510485
vn -0.71867070 -0.34489662 -0.60378700
vn -0.72026880 -0.40704410 -0.56171875
vn -0.72179730 -0.47104844 -0.50707202
vn -0.72304189 -0.53329597 -0.43909660
vn -0.72376802 -0.58934905 -0.35892555
vn -0.72381199 -0.63500643 -0.26993153
vn -0.72316324 -0.66756328 -0.17718407
vn -0.72197008 -0.68654332 -0.08612478
vn -0.71913405 -0.69485223 -0.00515844
vn -0.71799710 -0.69304658 0.06454917
vn -0.71866280 -0.68269593 0.13209861
vn -0.71913378 -0.66499608 0.20156095
vn -0.71935316 -0.63969105 0.27078845
vn -0.71929213 -0.60722882 0.33747887
vn -0.71895886 -0.56874713 0.39953081
vn -0.71839589 -0.52588587 0.45535854
vn -0.71766753 -0.48049284 0.50406344
vn -0.71684356 -0.43432962 0.54542928
vn -0.71855237 -0.38095431 0.58185592
vn -0.71912487 -0.31905382 0.61730388
vn -0.71704724 -0.25911656 0.64707176
vn -0.71534819 -0.20722462 0.66733419
vn -0.71398317 -0.16275379 0.68098402
vn -0.71289190 -0.12473571 0.69009140
vn -0.71201757 -0.09216810 0.69608622
vn -0.71131285 -0.06414463 0.69994249
vn -0.71074035 -0.03989371 0.70232232
vn -0.71027122 -0.01877715 0.70367764
vn -0.70995318 -0.00005723 0.70424887
vn -0.71009221 0.01811241 0.70387569
vn -0.71031846 0.03738967 0.70288669
vn -0.71056563 0.05808692 0.70122921
vn 0.69945993 -0.24654546 -0.67079889
vn 0.69979254 -0.20087241 -0.68552219
vn 0.70016207 -0.15654670 -0.69661051
vn 0.70055362 -0.11405180 -0.70442659
vn 0.70095409 -0.07372727 -0.70938541
vn 0.70135278 -0.03578044 -0.71191575
vn 0.70149506 0.00048571 -0.71267415
vn 0.70105653 0.03771884 -0.71210746
vn 0.70067313 0.07752320 -0.70925829
vn 0.70029867 0.11953906 -0.70376998
vn 0.69994522 0.16346477 -0.69523806
vn 0.69962649 0.20886415 -0.68329974
vn 0.69935689 0.25516715 -0.66767482
vn 0.69915021 0.30168756 -0.64820800
vn 0.69901804 0.34765980 -0.62490515
vn 0.69896830 0.39229239 -0.59795484
vn 0.69803893 0.43789765 -0.56655742
vn 0.69663379 0.48694140 -0.52686757
vn 0.69622574 0.53565088 -0.47785757
vn 0.69600836 0.58050932 -0.42258879
vn 0.69600589 0.61987152 -0.36240184
vn 0.69621861 0.65253801 -0.29912170
vn 0.69662278 0.67792994 -0.23479290
vn 0.69717689 0.69611394 -0.17137609
vn 0.69783140 0.70768688 -0.11050166
vn 0.69853807 0.71358222 -0.05333841
vn 0.69933422 0.71479434 -0.00083228
vn 0.69912013 0.71327153 0.04974708
vn 0.69850268 0.70817922 0.10284065
vn 0.69792433 0.69824212 0.15924688
vn 0.69742130 0.68267813 0.21806904
vn 0.69703162 0.66093419 0.27805199
vn 0.69678926 0.63282866 0.33765754
vn 0.69671739 0.59865336 0.39522023
vn 0.69682320 0.55919208 0.44915660
vn 0.69709616 0.51563598 0.49817314
vn 0.69390048 0.46262306 0.55179890
vn 0.69875069 0.40413589 0.59027253
vn 0.69877520 0.35874783 0.61888061
vn 0.69889059 0.31171600 0.64372749
vn 0.69908947 0.26389542 0.66455483
vn 0.69935985 0.21612983 0.68131028
vn 0.69968679 0.16918692 0.69412836
vn 0.70005428 0.12371154 0.70329187
vn 0.70044686 0.08020120 0.70918402
vn 0.70085075 0.03900241 0.71224085
vn 0.70131779 0.00052610 0.71284857
vn 0.70124437 -0.03666398 0.71197759
vn 0.70093516 -0.07501208 0.70926940
vn 0.70064123 -0.11509277 0.70417009
vn 0.70037185 -0.15660668 0.69638611
vn 0.70013683 -0.19915973 0.68567034
vn 0.69994580 -0.24227038 0.67184890
vn 0.69980737 -0.28538749 0.65484626
vn 0.69972822 -0.32791894 0.63470433
vn 0.69971235 -0.36926804 0.61159115
vn 0.69820403 -0.41388866 0.58412953
vn 0.69625588 -0.46540470 0.54646703
vn 0.69575282 -0.51809859 0.49749559
vn 0.69546077 -0.56711303 0.44126764
vn 0.69541514 -0.61043634 0.37916389
vn 0.69562169 -0.64653508 0.31321376
vn 0.69605483 -0.67461102 0.24577967
vn 0.69666508 -0.69466323 0.17916687
vn 0.69739196 -0.70735515 0.11529594
vn 0.69817667 -0.71376898 0.05552649
vn 0.69926677 -0.71485902 0.00160132
vn 0.69918414 -0.71326142 -0.04898659
vn 0.69838970 -0.70837413 -0.10226398
vn 0.69759221 -0.69836687 -0.16015250
vn 0.69683702 -0.68203517 -0.22191482
vn 0.69618131 -0.65832273 -0.28625645
vn 0.69568709 -0.62656915 -0.35132687
vn 0.69540923 -0.58676024 -0.41487158
vn 0.69538177 -0.53968055 -0.47454093
vn 0.69560823 -0.48687692 -0.52828027
vn 0.69740414 -0.43315413 -0.57096845
vn 0.69883522 -0.38485549 -0.60292254
vn 0.69896753 -0.33931742 -0.62953004
vn 0.69917993 -0.29294145 -0.65217538
vn 0.71449852 0.12280195 0.68877539
vn 0.71497364 0.16859465 0.67851938
vn 0.71541310 0.21622236 0.66440349
vn 0.71579415 0.26502568 0.64606510
vn 0.71609370 0.31417990 0.62329833
vn 0.71629126 0.36274121 0.59610875
vn 0.71637215 0.40972078 0.56474757
vn 0.71667972 0.45474401 0.52875142
vn 0.71733718 0.49840500 0.48684683
vn 0.71765921 0.54036145 0.43928894
vn 0.71780820 0.57873788 0.38705796
vn 0.71776897 0.61241210 0.33129916
vn 0.71754557 0.64059446 0.27343571
vn 0.71716031 0.66291670 0.21499429
vn 0.71664844 0.67943643 0.15742031
vn 0.71605086 0.69056597 0.10193039
vn 0.71540724 0.69695708 0.04942988
vn 0.71498581 0.69913894 -0.00021653
vn 0.71548297 0.69683253 -0.05008542
vn 0.71601784 0.69048339 -0.10271870
vn 0.71648559 0.67955446 -0.15765193
vn 0.71685385 0.66359139 -0.21393227
vn 0.71709340 0.64239094 -0.27039033
vn 0.71718338 0.61607123 -0.32573646
vn 0.71711555 0.58509521 -0.37869366
vn 0.71689614 0.55023400 -0.42813839
vn 0.71654444 0.51247587 -0.47321512
vn 0.71718351 0.46970538 -0.51480546
vn 0.71796199 0.42009461 -0.55502351
vn 0.71755392 0.36676656 -0.59211372
vn 0.71700331 0.31283026 -0.62293136
vn 0.71635751 0.25971163 -0.64759693
vn 0.71566231 0.20855307 -0.66658313
vn 0.71495617 0.16016251 -0.68057743
vn 0.71426779 0.11502715 -0.69035519
vn 0.71361617 0.07336619 -0.69668456
vn 0.71301219 0.03519776 -0.70026762
vn 0.71276480 -0.00053093 -0.70140292
vn 0.71321068 -0.03685495 -0.69998017
vn 0.71357095 -0.07549727 -0.69650317
vn 0.71391818 -0.11600427 -0.69055328
vn 0.71424097 -0.15807376 -0.68181561
vn 0.71452676 -0.20129775 -0.67002292
vn 0.71476284 -0.24516835 -0.65498592
vn 0.71493748 -0.28909620 -0.63662216
vn 0.71504127 -0.33244161 -0.61497850
vn 0.71506831 -0.37455573 -0.59024174
vn 0.71725295 -0.41888731 -0.55684974
vn 0.71973232 -0.47047285 -0.51052981
vn 0.71981528 -0.52393050 -0.45537106
vn 0.71958519 -0.57097817 -0.39519754
vn 0.71907448 -0.61034392 -0.33228331
vn 0.71834919 -0.64157837 -0.26898261
vn 0.71748962 -0.66498806 -0.20736325
vn 0.71657182 -0.68141769 -0.14897903
vn 0.71565611 -0.69198822 -0.09480844
vn 0.71478356 -0.69787587 -0.04531816
vn 0.71483014 -0.69929523 0.00201156
vn 0.71620397 -0.69583533 0.05352625
vn 0.71717888 -0.68789185 0.11162105
vn 0.71813502 -0.67369598 0.17440133
vn 0.71899763 -0.65201037 0.24067591
vn 0.71967788 -0.62196242 0.30858790
vn 0.72009016 -0.58334733 0.37573403
vn 0.72017549 -0.53684317 0.43948456
vn 0.71992098 -0.48401557 0.49743614
vn 0.71936438 -0.42706945 0.54783809
vn 0.71626671 -0.37560145 0.58812035
vn 0.71379267 -0.33497424 0.61505470
vn 0.71380942 -0.29814627 0.63370728
vn 0.71377926 -0.26034001 0.65018631
vn 0.71370346 -0.22194967 0.66435361
vn 0.71358506 -0.18337786 0.67614268
vn 0.71342867 -0.14501553 0.68555819
vn 0.71323996 -0.10722423 0.69266999
vn 0.71302523 -0.07032225 0.69760290
vn 0.71279094 -0.03457560 0.70052381
vn 0.71288261 0.00084771 0.70128287
vn 0.71351847 0.03845624 0.69958024
vn 0.71400797 0.07932156 0.69562972
vn -0.69945993 -0.24654546 -0.67079889
vn -0.69979254 -0.20087241 -0.68552219
vn -0.70016207 -0.15654670 -0.69661051
vn -0.70055362 -0.11405180 -0.70442659
vn -0.70095409 -0.07372727 -0.70938541
vn -0.70135278 -0.03578044 -0.71191575
vn -0.70149506 0.00048571 -0.71267415
vn -0.70105653 0.03771884 -0.71210746
vn -0.70067313 0.07752320 -0.70925829
vn -0.70029867 0.11953906 -0.70376998
vn -0.69994522 0.16346477 -0.69523806
vn -0.69962649 0.20886415 -0.68329974
vn -0.69935689 0.25516715 -0.66767482
vn -0.69915021 0.30168756 -0.64820800
vn -0.69901804 0.34765980 -0.62490515
vn -0.69896830 0.39229239 -0.59795484
vn -0.69803893 0.43789765 -0.56655742
vn -0.69663379 0.48694140 -0.52686757
vn -0.69622574 0.53565088 -0.47785757
vn -0.69600836 0.58050932 -0.42258879
vn -0.69600589 0.61987152 -0.36240184
vn -0.69621861 0.65253801 -0.29912170
vn -0.69662278 0.67792994 -0.23479290
vn -0.69717689 0.69611394 -0.17137609
vn -0.69783140 0.70768688 -0.11050166
vn -0.69853807 0.71358222 -0.05333841
vn -0.69933422 0.71479434 -0.00083228
vn -0.69912013 0.71327153 0.04974708
vn -0.69850268 0.70817922 0.10284065
vn -0.69792433 0.69824212 0.15924688
vn -0.69742130 0.68267813 0.21806904
vn -0.69703162 0.66093419 0.27805199
vn -0.69678926 0.63282866 0.33765754
vn -0.69671739 0.59865336 0.39522023
vn -0.69682320 0.55919208 0.44915660
vn -0.69709616 0.51563598 0.49817314
vn -0.69390048 0.46262306 0.55179890
vn -0.69875069 0.40413589 0.59027253
vn -0.69877520 0.35874783 0.61888061
vn -0.69889059 0.31171600 0.64372749
vn -0.69908947 0.26389542 0.66455483
vn -0.69935985 0.21612983 0.68131028
vn -0.69968679 0.16918692 0.69412836
vn -0.70005428 0.12371154 0.70329187
vn -0.70044686 0.08020120 0.70918402
vn -0.70085075 0.03900241 0.71224085
vn -0.70131779 0.00052610 0.71284857
vn -0.70124437 -0.03666398 0.71197759
vn -0.70093516 -0.07501208 0.70926940
vn -0.70064123 -0.11509277 0.70417009
vn -0.70037185 -0.15660668 0.69638611
vn -0.70013683 -0.19915973 0.68567034
vn -0.69994580 -0.24227038 0.67184890
vn -0.69980737 -0.28538749 0.65484626
vn -0.69972822 -0.32791894 0.63470433
vn -0.69971235 -0.36926804 0.61159115
vn -0.69820403 -0.41388866 0.58412953
vn -0.69625588 -0.46540470 0.54646703
vn -0.69575282 -0.51809859 0.49749559
vn -0.69546077 -0.56711303 0.44126764
vn -0.69541514 -0.61043634 0.37916389
vn -0.69562169 -0.64653508 0.31321376
vn -0.69605483 -0.67461102 0.24577967
vn -0.69666508 -0.69466323 0.17916687
vn -0.69739196 -0.70735515 0.11529594
vn -0.69817667 -0.71376898 0.05552649
vn -0.69926677 -0.71485902 0.00160132
vn -0.69918414 -0.71326142 -0.04898659
vn -0.69838970 -0.70837413 -0.10226398
vn -0.69759221 -0.69836687 -0.16015250
vn -0.69683702 -0.68203517 -0.22191482
vn -0.69618131 -0.65832273 -0.28625645
vn -0.69568709 -0.62656915 -0.35132687
vn -0.69540923 -0.58676024 -0.41487158
vn -0.69538177 -0.53968055 -0.47454093
vn -0.69560823 -0.48687692 -0.52828027
vn -0.69740414 -0.43315413 -0.57096845
vn -0.69883522 -0.38485549 -0.60292254
vn -0.69896753 -0.33931742 -0.62953004
vn -0.69917993 -0.29294145 -0.65217538
vn -0.71449852 0.12280195 0.68877539
vn -0.71497364 0.16859465 0.67851938
vn -0.71541310 0.21622236 0.66440349
vn -0.71579415 0.26502568 0.64606510
vn -0.71609370 0.31417990 0.62329833
vn -0.71629126 0.36274121 0.59610875
vn -0.71637215 0.40972078 0.56474757
vn -0.71667972 0.45474401 0.52875142
vn -0.71733718 0.49840500 0.48684683
vn -0.71765921 0.54036145 0.43928894
vn -0.71780820 0.57873788 0.38705796
vn -0.71776897 0.61241210 0.33129916
vn -0.71754557 0.64059446 0.27343571
vn -0.71716031 0.66291670 0.21499429
vn -0.71664844 0.67943643 0.15742031
vn -0.71605086 0.69056597 0.10193039
vn -0.71540724 0.69695708 0.04942988
vn -0.71498581 0.69913894 -0.00021653
vn -0.71548297 0.69683253 -0.05008542
vn -0.71601784 0.69048339 -0.10271870
vn -0.71648559 0.67955446 -0.15765193
vn -0.71685385 0.66359139 -0.21393227
vn -0.71709340 0.64239094 -0.27039033
vn -0.71718338 0.61607123 -0.32573646
vn -0.71711555 0.58509521 -0.37869366
vn -0.71689614 0.55023400 -0.42813839
vn -0.71654444 0.51247587 -0.47321512
vn -0.71718351 0.46970538 -0.51480546
vn -0.71796199 0.42009461 -0.55502351
vn -0.71755392 0.36676656 -0.59211372
vn -0.71700331 0.31283026 -0.62293136
vn -0.71635751 0.25971163 -0.64759693
vn -0.71566231 0.20855307 -0.66658313
vn -0.71495617 0.16016251 -0.68057743
vn -0.71426779 0.11502715 -0.69035519
vn -0.71361617 0.07336619 -0.69668456
vn -0.71301219 0.03519776 -0.70026762
vn -0.71276480 -0.00053093 -0.70140292
vn -0.71321068 -0.03685495 -0.69998017
vn -0.71357095 -0.07549727 -0.69650317
vn -0.71391818 -0.11600427 -0.69055328
vn -0.71424097 -0.15807376 -0.68181561
vn -0.71452676 -0.20129775 -0.67002292
vn -0.71476284 -0.24516835 -0.65498592
vn -0.71493748 -0.28909620 -0.63662216
vn -0.71504127 -0.33244161 -0.61497850
vn -0.71506831 -0.37455573 -0.59024174
vn -0.71725295 -0.41888731 -0.55684974
vn -0.71973232 -0.47047285 -0.51052981
vn -0.71981528 -0.52393050 -0.45537106
vn -0.71958519 -0.57097817 -0.39519754
vn -0.71907448 -0.61034392 -0.33228331
vn -0.71834919 -0.64157837 -0.26898261
vn -0.71748962 -0.66498806 -0.20736325
vn -0.71657182 -0.68141769 -0.14897903
vn -0.71565611 -0.69198822 -0.09480844
vn -0.71478356 -0.69787587 -0.04531816
vn -0.71483014 -0.69929523 0.00201156
vn -0.71620397 -0.69583533 0.05352625
vn -0.71717888 -0.68789185 0.11162105
vn -0.71813502 -0.67369598 0.17440133
vn -0.71899763 -0.65201037 0.24067591
vn -0.71967788 -0.62196242 0.30858790
vn -0.72009016 -0.58334733 0.37573403
vn -0.72017549 -0.53684317 0.43948456
vn -0.71992098 -0.48401557 0.49743614
vn -0.71936438 -0.42706945 0.54783809
vn -0.71626671 -0.37560145 0.58812035
vn -0.71379267 -0.33497424 0.61505470
vn -0.71380942 -0.29814627 0.63370728
vn -0.71377926 -0.26034001 0.65018631
vn -0.71370346 -0.22194967 0.66435361
vn -0.71358506 -0.18337786 0.67614268
vn -0.71342867 -0.14501553 0.68555819
vn -0.71323996 -0.10722423 0.69266999
vn -0.71302523 -0.07032225 0.69760290
vn -0.71279094 -0.03457560 0.70052381
vn -0.71288261 0.00084771 0.70128287
vn -0.71351847 0.03845624 0.69958024
vn -0.71400797 0.07932156 0.69562972
vn 0.57735027 -0.57735027 0.57735027
vn 0.57735027 -0.57735027 -0.57735027
vn 0.57735027 0.57735027 -0.57735027
vn 0.61298797 0.69218465 0.38095427
vn 0.98849419 0.14527266 -0.04213179
vn 0.57735027 0.57735027 -0.57735027
vn 0.57735027 0.57735027 0.57735027
vn 0.57735027 -0.57735027 0.57735027
vn 0.61247101 -0.69119595 -0.38357192
vn 0.98879307 -0.14352903 0.04108141
vn -0.57735027 -0.57735027 0.57735027
vn -0.57735027 -0.57735027 -0.57735027
vn -0.57735027 0.57735027 -0.57735027
vn -0.61298797 0.69218465 0.38095427
vn -0.98849419 0.14527266 -0.04213179
vn -0.57735027 0.57735027 -0.57735027
vn -0.57735027 0.57735027 0.57735027
vn -0.57735027 -0.57735027 0.57735027
vn -0.61247101 -0.69119595 -0.38357192
vn -0.98879307 -0.14352903 0.04108141
vn 0.90453403 0.30151134 -0.30151134
vn 0.90453403 -0.30151134 -0.30151134
vn 0.57735027 -0.57735027 -0.57735027
vn 0.57735027 0.57735027 -0.57735027
vn 0.90453403 0.30151134 -0.30151134
vn 0.90453403 -0.30151134 -0.30151134
vn 0.57735027 -0.57735027 -0.57735027
vn 0.57735027 0.57735027 -0.57735027
vn 0.57735027 0.57735027 0.57735027
vn 0.57735027 -0.57735027 0.57735027
vn 0.57735027 -0.57735027 -0.57735027
vn 0.57735027 0.57735027 -0.57735027
vn -0.90453403 0.30151134 -0.30151134
vn -0.90453403 -0.30151134 -0.30151134
vn -0.57735027 -0.57735027 -0.57735027
vn -0.57735027 0.57735027 -0.57735027
vn -0.90453403 0.30151134 -0.30151134
vn -0.90453403 -0.30151134 -0.30151134
vn -0.57735027 -0.57735027 -0.57735027
vn -0.57735027 0.57735027 -0.57735027
vn -0.57735027 0.57735027 0.57735027
vn -0.57735027 -0.57735027 0.57735027
vn -0.57735027 -0.57735027 -0.57735027
vn -0.57735027 0.57735027 -0.57735027
vn 0.86019048 -0.00172028 0.50996998
vn 0.55209646 -0.38790298 0.73805202
vn 0.61476260 -0.69546389 -0.37201737
vn 0.94669068 -0.32214346 0.00059640
vn 0.61448579 -0.69496396 0.37340635
vn 0.55209646 -0.38790298 -0.73805202
vn 0.85914819 0.00034060 -0.51172675
vn 0.55213835 0.38838121 -0.73776912
vn 0.61415844 0.69436725 0.37505138
vn 0.94667654 0.32217913 0.00203472
vn 0.61510272 0.69607242 -0.37031316
vn 0.55188505 0.38547580 0.73948042
vn -0.86019048 -0.00172028 0.50996998
vn -0.55209646 -0.38790298 0.73805202
vn -0.61476260 -0.69546389 -0.37201737
vn -0.94669068 -0.32214346 0.00059640
vn -0.61448579 -0.69496396 0.37340635
vn -0.55209646 -0.38790298 -0.73805202
vn -0.85914819 0.00034060 -0.51172675
vn -0.55213835 0.38838121 -0.73776912
vn -0.61415844 0.69436725 0.37505138
vn -0.94667654 0.32217913 0.00203472
vn -0.61510272 0.69607242 -0.37031316
vn -0.55188505 0.38547580 0.73948042
f 3//3 4//4 1//1
f 2//2 3//3 1//1
f 5//5 8//8 7//7
f 5//5 7//7 6//6
f 5//5 6//6 1//1
f 1//1 6//6 2//2
f 6//6 7//7 2//2
f 2//2 7//7 3//3
f 8//8 5//5 4//4
f 4//4 5//5 1//1
f 7//7 8//8 3//3
f 3//3 8//8 4//4
f 115//115 116//116 9//9
f 113//113 114//114 115//115
f 112//112 113//113 115//115
f 111//111 112//112 115//115
f 110//110 111//111 115//115
f 109//109 110//110 115//115
f 108//108 109//109 115//115
f 107//107 108//108 115//115
f 106//106 107//107 115//115
f 105//105 106//106 115//115
f 104//104 105//105 115//115
f 103//103 104//104 115//115
f 102//102 103//103 115//115
f 101//101 102//102 115//115
f 100//100 101//101 115//115
f 99//99 100//100 115//115
f 98//98 99//99 115//115
f 97//97 98//98 115//115
f 96//96 97//97 115//115
f 95//95 96//96 115//115
f 94//94 95//95 115//115
f 93//93 94//94 115//115
f 92//92 93//93 115//115
f 91//91 92//92 115//115
f 90//90 91//91 115//115
f 89//89 90//90 115//115
f 88//88 89//89 115//115
f 87//87 88//88 115//115
f 86//86 87//87 115//115
f 85//85 86//86 115//115
f 84//84 85//85 115//115
f 83//83 84//84 115//115
f 82//82 83//83 115//115
f 81//81 82//82 115//115
f 80//80 81//81 115//115
f 79//79 80//80 115//115
f 78//78 79//79 115//115
f 77//77 78//78 115//115
f 76//76 77//77 115//115
f 75//75 76//76 115//115
f 74//74 75//75 115//115
f 73//73 74//74 115//115
f 72//72 73//73 115//115
f 48//48 49//49 50//50
f 47//47 48//48 50//50
f 46//46 47//47 50//50
f 45//45 46//46 50//50
f 44//44 45//45 50//50
f 43//43 44//44 50//50
f 42//42 43//43 50//50
f 41//41 42//42 50//50
f 40//40 41//41 50//50
f 39//39 40//40 50//50
f 38//38 39//39 50//50
f 37//37 38//38 50//50
f 36//36 37//37 50//50
f 35//35 36//36 50//50
f 34//34 35//35 50//50
f 33//33 34//34 50//50
f 32//32 33//33 50//50
f 30//30 31//31 32//32
f 29//29 30//30 32//32
f 28//28 29//29 32//32
f 27//27 28//28 32//32
f 26//26 27//27 32//32
f 25//25 26//26 32//32
f 24//24 25//25 32//32
f 23//23 24//24 32//32
f 22//22 23//23 32//32
f 21//21 22//22 32//32
f 20//20 21//21 32//32
f 19//19 20//20 32//32
f 18//18 19//19 32//32
f 17//17 18//18 32//32
f 16//16 17//17 32//32
f 15//15 16//16 32//32
f 14//14 15//15 32//32
f 13//13 14//14 32//32
f 12//12 13//13 32//32
f 11//11 12//12 32//32
f 10//10 11//11 32//32
f 9//9 10//10 32//32
f 115//115 9//9 32//32
f 72//72 115//115 32//32
f 71//71 72//72 32//32
f 70//70 71//71 32//32
f 69//69 70//70 32//32
f 68//68 69//69 32//32
f 67//67 68//68 32//32
f 66//66 67//67 32//32
f 65//65 66//66 32//32
f 64//64 65//65 32//32
f 63//63 64//64 32//32
f 62//62 63//63 32//32
f 61//61 62//62 32//32
f 60//60 61//61 32//32
f 59//59 60//60 32//32
f 58//58 59//59 32//32
f 57//57 58//58 32//32
f 56//56 57//57 32//32
f 55//55 56//56 32//32
f 54//54 55//55 32//32
f 53//53 54//54 32//32
f 52//52 53//53 32//32
f 51//51 52//52 32//32
f 50//50 51//51 32//32
f 117//117 224//224 223//223
f 223//223 222//222 221//221
f 223//223 221//221 220//220
f 223//223 220//220 219//219
f 223//223 219//219 218//218
f 223//223 218//218 217//217
f 223//223 217//217 216//216
f 223//223 216//216 215//215
f 223//223 215//215 214//214
f 223//223 214//214 213//213
f 223//223 213//213 212//212
f 223//223 212//212 211//211
f 223//223 211//211 210//210
f 223//223 210//210 209//209
f 223//223 209//209 208//208
f 223//223 208//208 207//207
f 223//223 207//207 206//206
f 223//223 206//206 205//205
f 223//223 205//205 204//204
f 223//223 204//204 203//203
f 223//223 203//203 202//202
f 223//223 202//202 201//201
f 223//223 201//201 200//200
f 223//223 200//200 199//199
f 223//223 199//199 198//198
f 223//223 198//198 197//197
f 223//223 197//197 196//196
f 223//223 196//196 195//195
f 223//223 195//195 194//194
f 223//223 194//194 193//193
f 223//223 193//193 192//192
f 223//223 192//192 191//191
f 223//223 191//191 190//190
f 223//223 190//190 189//189
f 223//223 189//189 188//188
f 223//223 188//188 187//187
f 223//223 187//187 186//186
f 223//223 186//186 185//185
f 223//223 185//185 184//184
f 223//223 184//184 183//183
f 223//223 183//183 182//182
f 223//223 182//182 181//181
f 223//223 181//181 180//180
f 158//158 157//157 156//156
f 158//158 156//156 155//155
f 158//158 155//155 154//154
f 158//158 154//154 153//153
f 158//158 153//153 152//152
f 158//158 152//152 151//151
f 158//158 151//151 150//150
f 158//158 150//150 149//149
f 158//158 149//149 148//148
f 158//158 148//148 147//147
f 158//158 147//147 146//146
f 158//158 146//146 145//145
f 158//158 145//145 144//144
f 158//158 144//144 143//143
f 158//158 143//143 142//142
f 158//158 142//142 141//141
f 158//158 141//141 140//140
f 140//140 139//139 138//138
f 140//140 138//138 137//137
f 140//140 137//137 136//136
f 140//140 136//136 135//135
f 140//140 135//135 134//134
f 140//140 134//134 133//133
f 140//140 133//133 132//132
f 140//140 132//132 131//131
f 140//140 131//131 130//130
f 140//140 130//130 129//129
f 140//140 129//129 128//128
f 140//140 128//128 127//127
f 140//140 127//127 126//126
f 140//140 126//126 125//125
f 140//140 125//125 124//124
f 140//140 124//124 123//123
f 140//140 123//123 122//122
f 140//140 122//122 121//121
f 140//140 121//121 120//120
f 140//140 120//120 119//119
f 140//140 119//119 118//118
f 140//140 118//118 117//117
f 140//140 117//117 223//223
f 140//140 223//223 180//180
f 140//140 180//180 179//179
f 140//140 179//179 178//178
f 140//140 178//178 177//177
f 140//140 177//177 176//176
f 140//140 176//176 175//175
f 140//140 175//175 174//174
f 140//140 174//174 173//173
f 140//140 173//173 172//172
f 140//140 172//172 171//171
f 140//140 171//171 170//170
f 140//140 170//170 169//169
f 140//140 169//169 168//168
f 140//140 168//168 167//167
f 140//140 167//167 166//166
f 140//140 166//166 165//165
f 140//140 165//165 164//164
f 140//140 164//164 163//163
f 140//140 163//163 162//162
f 140//140 162//162 161//161
f 140//140 161//161 160//160
f 140//140 160//160 159//159
f 140//140 159//159 158//158
f 117//117 118//118 9//9
f 9//9 118//118 10//10
f 118//118 119//119 10//10
f 10//10 119//119 11//11
f 119//119 120//120 11//11
f 11//11 120//120 12//12
f 120//120 121//121 12//12
f 12//12 121//121 13//13
f 121//121 122//122 13//13
f 13//13 122//122 14//14
f 122//122 123//123 14//14
f 14//14 123//123 15//15
f 123//123 124//124 15//15
f 15//15 124//124 16//16
f 124//124 125//125 16//16
f 16//16 125//125 17//17
f 125//125 126//126 17//17
f 17//17 126//126 18//18
f 126//126 127//127 18//18
f 18//18 127//127 19//19
f 127//127 128//128 19//19
f 19//19 128//128 20//20
f 128//128 129//129 20//20
f 20//20 129//129 21//21
f 129//129 130//130 21//21
f 21//21 130//130 22//22
f 130//130 131//131 22//22
f 22//22 131//131 23//23
f 131//131 132//132 23//23
f 23//23 132//132 24//24
f 132//132 133//133 24//24
f 24//24 133//133 25//25
f 133//133 134//134 25//25
f 25//25 134//134 26//26
f 134//134 135//135 26//26
f 26//26 135//135 27//27
f 135//135 136//136 27//27
f 27//27 136//136 28//28
f 136//136 137//137 28//28
f 28//28 137//137 29//29
f 137//137 138//138 29//29
f 29//29 138//138 30//30
f 138//138 139//139 30//30
f 30//30 139//139 31//31
f 139//139 140//140 31//31
f 31//31 140//140 32//32
f 140//140 141//141 32//32
f 32//32 141//141 33//33
f 141//141 142//142 33//33
f 33//33 142//142 34//34
f 142//142 143//143 34//34
f 34//34 143//143 35//35
f 143//143 144//144 35//35
f 35//35 144//144 36//36
f 144//144 145//145 36//36
f 36//36 145//145 37//37
f 145//145 146//146 37//37
f 37//37 146//146 38//38
f 146//146 147//147 38//38
f 38//38 147//147 39//39
f 147//147 148//148 39//39
f 39//39 148//148 40//40
f 148//148 149//149 40//40
f 40//40 149//149 41//41
f 149//149 150//150 41//41
f 41//41 150//150 42//42
f 150//150 151//151 42//42
f 42//42 151//151 43//43
f 151//151 152//152 43//43
f 43//43 152//152 44//44
f 152//152 153//153 44//44
f 44//44 153//153 45//45
f 153//153 154//154 45//45
f 45//45 154//154 46//46
f 154//154 155//155 46//46
f 46//46 155//155 47//47
f 155//155 156//156 47//47
f 47//47 156//156 48//48
f 156//156 157//157 48//48
f 48//48 157//157 49//49
f 157//157 158//158 49//49
f 49//49 158//158 50//50
f 158//158 159//159 50//50
f 50//50 159//159 51//51
f 159//159 160//160 51//51
f 51//51 160//160 52//52
f 160//160 161//161 52//52
f 52//52 161//161 53//53
f 161//161 162//162 53//53
f 53//53 162//162 54//54
f 162//162 163//163 54//54
f 54//54 163//163 55//55
f 163//163 164//164 55//55
f 55//55 164//164 56//56
f 164//164 165//165 56//56
f 56//56 165//165 57//57
f 165//165 166//166 57//57
f 57//57 166//166 58//58
f 166//166 167//167 58//58
f 58//58 167//167 59//59
f 167//167 168//168 59//59
f 59//59 168//168 60//60
f 168//168 169//169 60//60
f 60//60 169//169 61//61
f 169//169 170//170 61//61
f 61//61 170//170 62//62
f 170//170 171//171 62//62
f 62//62 171//171 63//63
f 171//171 172//172 63//63
f 63//63 172//172 64//64
f 172//172 173//173 64//64
f 64//64 173//173 65//65
f 173//173 174//174 65//65
f 65//65 174//174 66//66
f 174//174 175//175 66//66
f 66//66 175//175 67//67
f 175//175 176//176 67//67
f 67//67 176//176 68//68
f 176//176 177//177 68//68
f 68//68 177//177 69//69
f 177//177 178//178 69//69
f 69//69 178//178 70//70
f 178//178 179//179 70//70
f 70//70 179//179 71//71
f 179//179 180//180 71//71
f 71//71 180//180 72//72
f 180//180 181//181 72//72
f 72//72 181//181 73//73
f 181//181 182//182 73//73
f 73//73 182//182 74//74
f 182//182 183//183 74//74
f 74//74 183//183 75//75
f 183//183 184//184 75//75
f 75//75 184//184 76//76
f 184//184 185//185 76//76
f 76//76 185//185 77//77
f 185//185 186//186 77//77
f 77//77 186//186 78//78
f 186//186 187//187 78//78
f 78//78 187//187 79//79
f 187//187 188//188 79//79
f 79//79 188//188 80//80
f 188//188 189//189 80//80
f 80//80 189//189 81//81
f 189//189 190//190 81//81
f 81//81 190//190 82//82
f 190//190 191//191 82//82
f 82//82 191//191 83//83
f 191//191 192//192 83//83
f 83//83 192//192 84//84
f 192//192 193//193 84//84
f 84//84 193//193 85//85
f 193//193 194//194 85//85
f 85//85 194//194 86//86
f 194//194 195//195 86//86
f 86//86 195//195 87//87
f 195//195 196//196 87//87
f 87//87 196//196 88//88
f 196//196 197//197 88//88
f 88//88 197//197 89//89
f 197//197 198//198 89//89
f 89//89 198//198 90//90
f 198//198 199//199 90//90
f 90//90 199//199 91//91
f 199//199 200//200 91//91
f 91//91 200//200 92//92
f 200//200 201//201 92//92
f 92//92 201//201 93//93
f 201//201 202//202 93//93
f 93//93 202//202 94//94
f 202//202 203//203 94//94
f 94//94 203//203 95//95
f 203//203 204//204 95//95
f 95//95 204//204 96//96
f 204//204 205//205 96//96
f 96//96 205//205 97//97
f 205//205 206//206 97//97
f 97//97 206//206 98//98
f 206//206 207//207 98//98
f 98//98 207//207 99//99
f 207//207 208//208 99//99
f 99//99 208//208 100//100
f 208//208 209//209 100//100
f 100//100 209//209 101//101
f 209//209 210//210 101//101
f 101//101 210//210 102//102
f 210//210 211//211 102//102
f 102//102 211//211 103//103
f 211//211 212//212 103//103
f 103//103 212//212 104//104
f 212//212 213//213 104//104
f 104//104 213//213 105//105
f 213//213 214//214 105//105
f 105//105 214//214 106//106
f 214//214 215//215 106//106
f 106//106 215//215 107//107
f 215//215 216//216 107//107
f 107//107 216//216 108//108
f 216//216 217//217 108//108
f 108//108 217//217 109//109
f 217//217 218//218 109//109
f 109//109 218//218 110//110
f 218//218 219//219 110//110
f 110//110 219//219 111//111
f 219//219 220//220 111//111
f 111//111 220//220 112//112
f 220//220 221//221 112//112
f 112//112 221//221 113//113
f 221//221 222//222 113//113
f 113//113 222//222 114//114
f 222//222 223//223 114//114
f 114//114 223//223 115//115
f 224//224 117//117 116//116
f 116//116 117//117 9//9
f 223//223 224//224 115//115
f 115//115 224//224 116//116
f 464//464 465//465 466//466
f 463//463 464//464 466//466
f 462//462 463//463 466//466
f 461//461 462//462 466//466
f 460//460 461//461 466//466
f 459//459 460//460 466//466
f 458//458 459//459 466//466
f 457//457 458//458 466//466
f 456//456 457//457 466//466
f 455//455 456//456 466//466
f 454//454 455//455 466//466
f 453//453 454//454 466//466
f 452//452 453//453 466//466
f 451//451 452//452 466//466
f 450//450 451//451 466//466
f 448//448 449//449 450//450
f 447//447 448//448 450//450
f 446//446 447//447 450//450
f 445//445 446//446 450//450
f 444//444 445//445 450//450
f 443//443 444//444 450//450
f 442//442 443//443 450//450
f 441//441 442//442 450//450
f 440//440 441//441 450//450
f 439//439 440//440 450//450
f 438//438 439//439 450//450
f 437//437 438//438 450//450
f 436//436 437//437 450//450
f 435//435 436//436 450//450
f 434//434 435//435 450//450
f 433//433 434//434 450//450
f 432//432 433//433 450//450
f 431//431 432//432 450//450
f 430//430 431//431 450//450
f 429//429 430//430 450//450
f 428//428 429//429 450//450
f 427//427 428//428 450//450
f 425//425 426//426 427//427
f 424//424 425//425 427//427
f 423//423 424//424 427//427
f 422//422 423//423 427//427
f 421//421 422//422 427//427
f 420//420 421//421 427//427
f 419//419 420//420 427//427
f 418//418 419//419 427//427
f 417//417 418//418 427//427
f 416//416 417//417 427//427
f 415//415 416//416 427//427
f 414//414 415//415 427//427
f 413//413 414//414 427//427
f 412//412 413//413 427//427
f 411//411 412//412 427//427
f 410//410 411//411 427//427
f 409//409 410//410 427//427
f 408//408 409//409 427//427
f 407//407 408//408 427//427
f 406//406 407//407 427//427
f 405//405 406//406 427//427
f 404//404 405//405 427//427
f 403//403 404//404 427//427
f 402//402 403//403 427//427
f 401//401 402//402 427//427
f 400//400 401//401 427//427
f 399//399 400//400 427//427
f 398//398 399//399 427//427
f 397//397 398//398 427//427
f 396//396 397//397 427//427
f 395//395 396//396 427//427
f 394//394 395//395 427//427
f 393//393 394//394 427//427
f 392//392 393//393 427//427
f 342//342 343//343 344//344
f 341//341 342//342 344//344
f 340//340 341//341 344//344
f 339//339 340//340 344//344
f 338//338 339//339 344//344
f 337//337 338//338 344//344
f 336//336 337//337 344//344
f 335//335 336//336 344//344
f 334//334 335//335 344//344
f 333//333 334//334 344//344
f 332//332 333//333 344//344
f 331//331 332//332 344//344
f 330//330 331//331 344//344
f 329//329 330//330 344//344
f 328//328 329//329 344//344
f 327//327 328//328 344//344
f 325//325 326//326 327//327
f 324//324 325//325 327//327
f 323//323 324//324 327//327
f 322//322 323//323 327//327
f 321//321 322//322 327//327
f 320//320 321//321 327//327
f 319//319 320//320 327//327
f 318//318 319//319 327//327
f 317//317 318//318 327//327
f 316//316 317//317 327//327
f 315//315 316//316 327//327
f 314//314 315//315 327//327
f 313//313 314//314 327//327
f 312//312 313//313 327//327
f 311//311 312//312 327//327
f 310//310 311//311 327//327
f 309//309 310//310 327//327
f 308//308 309//309 327//327
f 307//307 308//308 327//327
f 306//306 307//307 327//327
f 305//305 306//306 327//327
f 303//303 304//304 305//305
f 302//302 303//303 305//305
f 301//301 302//302 305//305
f 300//300 301//301 305//305
f 299//299 300//300 305//305
f 298//298 299//299 305//305
f 297//297 298//298 305//305
f 296//296 297//297 305//305
f 295//295 296//296 305//305
f 294//294 295//295 305//305
f 293//293 294//294 305//305
f 292//292 293//293 305//305
f 291//291 292//292 305//305
f 290//290 291//291 305//305
f 289//289 290//290 305//305
f 288//288 289//289 305//305
f 287//287 288//288 305//305
f 286//286 287//287 305//305
f 285//285 286//286 305//305
f 284//284 285//285 305//305
f 283//283 284//284 305//305
f 282//282 283//283 305//305
f 281//281 282//282 305//305
f 280//280 281//281 305//305
f 279//279 280//280 305//305
f 278//278 279//279 305//305
f 277//277 278//278 305//305
f 276//276 277//277 305//305
f 275//275 276//276 305//305
f 274//274 275//275 305//305
f 273//273 274//274 305//305
f 272//272 273//273 305//305
f 271//271 272//272 305//305
f 270//270 271//271 305//305
f 450//450 466//466 467//467
f 327//327 344//344 345//345
f 450//450 467//467 468//468
f 327//327 345//345 346//346
f 450//450 468//468 225//225
f 327//327 346//346 347//347
f 450//450 225//225 226//226
f 327//327 347//347 348//348
f 450//450 226//226 227//227
f 327//327 348//348 349//349
f 450//450 227//227 228//228
f 327//327 349//349 350//350
f 450//450 228//228 229//229
f 327//327 350//350 351//351
f 450//450 229//229 230//230
f 327//327 351//351 352//352
f 450//450 230//230 231//231
f 327//327 352//352 353//353
f 450//450 231//231 232//232
f 327//327 353//353 354//354
f 450//450 232//232 233//233
f 327//327 354//354 355//355
f 450//450 233//233 234//234
f 327//327 355//355 356//356
f 450//450 234//234 235//235
f 327//327 356//356 357//357
f 450//450 235//235 236//236
f 327//327 357//357 358//358
f 450//450 236//236 237//237
f 327//327 358//358 359//359
f 450//450 237//237 238//238
f 327//327 359//359 360//360
f 450//450 238//238 239//239
f 327//327 360//360 361//361
f 450//450 239//239 240//240
f 327//327 361//361 362//362
f 450//450 240//240 241//241
f 327//327 362//362 363//363
f 450//450 241//241 242//242
f 327//327 363//363 364//364
f 450//450 242//242 243//243
f 327//327 364//364 365//365
f 450//450 243//243 244//244
f 327//327 365//365 366//366
f 450//450 244//244 245//245
f 327//327 366//366 367//367
f 450//450 245//245 246//246
f 327//327 367//367 368//368
f 450//450 246//246 247//247
f 427//427 450//450 247//247
f 327//327 368//368 369//369
f 305//305 327//327 369//369
f 427//427 247//247 248//248
f 305//305 369//369 370//370
f 427//427 248//248 249//249
f 305//305 370//370 371//371
f 427//427 249//249 250//250
f 305//305 371//371 372//372
f 427//427 250//250 251//251
f 305//305 372//372 373//373
f 427//427 251//251 252//252
f 305//305 373//373 374//374
f 427//427 252//252 253//253
f 305//305 374//374 375//375
f 427//427 253//253 254//254
f 305//305 375//375 376//376
f 427//427 254//254 255//255
f 305//305 376//376 377//377
f 427//427 255//255 256//256
f 305//305 377//377 378//378
f 427//427 256//256 257//257
f 305//305 378//378 379//379
f 427//427 257//257 258//258
f 305//305 379//379 380//380
f 427//427 258//258 259//259
f 305//305 380//380 381//381
f 427//427 259//259 260//260
f 305//305 381//381 382//382
f 427//427 260//260 261//261
f 305//305 382//382 383//383
f 427//427 261//261 262//262
f 305//305 383//383 384//384
f 427//427 262//262 263//263
f 305//305 384//384 385//385
f 427//427 263//263 264//264
f 305//305 385//385 386//386
f 427//427 264//264 265//265
f 305//305 386//386 387//387
f 427//427 265//265 266//266
f 305//305 387//387 388//388
f 427//427 266//266 267//267
f 305//305 388//388 389//389
f 427//427 267//267 268//268
f 305//305 389//389 390//390
f 427//427 268//268 269//269
f 392//392 427//427 269//269
f 391//391 392//392 269//269
f 305//305 390//390 391//391
f 270//270 305//305 391//391
f 269//269 270//270 391//391
f 710//710 709//709 708//708
f 710//710 708//708 707//707
f 710//710 707//707 706//706
f 710//710 706//706 705//705
f 710//710 705//705 704//704
f 710//710 704//704 703//703
f 710//710 703//703 702//702
f 710//710 702//702 701//701
f 710//710 701//701 700//700
f 710//710 700//700 699//699
f 710//710 699//699 698//698
f 710//710 698//698 697//697
f 710//710 697//697 696//696
f 710//710 696//696 695//695
f 710//710 695//695 694//694
f 694//694 693//693 692//692
f 694//694 692//692 691//691
f 694//694 691//691 690//690
f 694//694 690//690 689//689
f 694//694 689//689 688//688
f 694//694 688//688 687//687
f 694//694 687//687 686//686
f 694//694 686//686 685//685
f 694//694 685//685 684//684
f 694//694 684//684 683//683
f 694//694 683//683 682//682
f 694//694 682//682 681//681
f 694//694 681//681 680//680
f 694//694 680//680 679//679
f 694//694 679//679 678//678
f 694//694 678//678 677//677
f 694//694 677//677 676//676
f 694//694 676//676 675//675
f 694//694 675//675 674//674
f 694//694 674//674 673//673
f 694//694 673//673 672//672
f 694//694 672//672 671//671
f 671//671 670//670 669//669
f 671//671 669//669 668//668
f 671//671 668//668 667//667
f 671//671 667//667 666//666
f 671//671 666//666 665//665
f 671//671 665//665 664//664
f 671//671 664//664 663//663
f 671//671 663//663 662//662
f 671//671 662//662 661//661
f 671//671 661//661 660//660
f 671//671 660//660 659//659
f 671//671 659//659 658//658
f 671//671 658//658 657//657
f 671//671 657//657 656//656
f 671//671 656//656 655//655
f 671//671 655//655 654//654
f 671//671 654//654 653//653
f 671//671 653//653 652//652
f 671//671 652//652 651//651
f 671//671 651//651 650//650
f 671//671 650//650 649//649
f 671//671 649//649 648//648
f 671//671 648//648 647//647
f 671//671 647//647 646//646
f 671//671 646//646 645//645
f 671//671 645//645 644//644
f 671//671 644//644 643//643
f 671//671 643//643 642//642
f 671//671 642//642 641//641
f 671//671 641//641 640//640
f 671//671 640//640 639//639
f 671//671 639//639 638//638
f 671//671 638//638 637//637
f 671//671 637//637 636//636
f 588//588 587//587 586//586
f 588//588 586//586 585//585
f 588//588 585//585 584//584
f 588//588 584//584 583//583
f 588//588 583//583 582//582
f 588//588 582//582 581//581
f 588//588 581//581 580//580
f 588//588 580//580 579//579
f 588//588 579//579 578//578
f 588//588 578//578 577//577
f 588//588 577//577 576//576
f 588//588 576//576 575//575
f 588//588 575//575 574//574
f 588//588 574//574 573//573
f 588//588 573//573 572//572
f 588//588 572//572 571//571
f 571//571 570//570 569//569
f 571//571 569//569 568//568
f 571//571 568//568 567//567
f 571//571 567//567 566//566
f 571//571 566//566 565//565
f 571//571 565//565 564//564
f 571//571 564//564 563//563
f 571//571 563//563 562//562
f 571//571 562//562 561//561
f 571//571 561//561 560//560
f 571//571 560//560 559//559
f 571//571 559//559 558//558
f 571//571 558//558 557//557
f 571//571 557//557 556//556
f 571//571 556//556 555//555
f 571//571 555//555 554//554
f 571//571 554//554 553//553
f 571//571 553//553 552//552
f 571//571 552//552 551//551
f 571//571 551//551 550//550
f 571//571 550//550 549//549
f 549//549 548//548 547//547
f 549//549 547//547 546//546
f 549//549 546//546 545//545
f 549//549 545//545 544//544
f 549//549 544//544 543//543
f 549//549 543//543 542//542
f 549//549 542//542 541//541
f 549//549 541//541 540//540
f 549//549 540//540 539//539
f 549//549 539//539 538//538
f 549//549 538//538 537//537
f 549//549 537//537 536//536
f 549//549 536//536 535//535
f 549//549 535//535 534//534
f 549//549 534//534 533//533
f 549//549 533//533 532//532
f 549//549 532//532 531//531
f 549//549 531//531 530//530
f 549//549 530//530 529//529
f 549//549 529//529 528//528
f 549//549 528//528 527//527
f 549//549 527//527 526//526
f 549//549 526//526 525//525
f 549//549 525//525 524//524
f 549//549 524//524 523//523
f 549//549 523//523 522//522
f 549//549 522//522 521//521
f 549//549 521//521 520//520
f 549//549 520//520 519//519
f 549//549 519//519 518//518
f 549//549 518//518 517//517
f 549//549 517//517 516//516
f 549//549 516//516 515//515
f 549//549 515//515 514//514
f 711//711 710//710 694//694
f 589//589 588//588 571//571
f 712//712 711//711 694//694
f 590//590 589//589 571//571
f 469//469 712//712 694//694
f 591//591 590//590 571//571
f 470//470 469//469 694//694
f 592//592 591//591 571//571
f 471//471 470//470 694//694
f 593//593 592//592 571//571
f 472//472 471//471 694//694
f 594//594 593//593 571//571
f 473//473 472//472 694//694
f 595//595 594//594 571//571
f 474//474 473//473 694//694
f 596//596 595//595 571//571
f 475//475 474//474 694//694
f 597//597 596//596 571//571
f 476//476 475//475 694//694
f 598//598 597//597 571//571
f 477//477 476//476 694//694
f 599//599 598//598 571//571
f 478//478 477//477 694//694
f 600//600 599//599 571//571
f 479//479 478//478 694//694
f 601//601 600//600 571//571
f 480//480 479//479 694//694
f 602//602 601//601 571//571
f 481//481 480//480 694//694
f 603//603 602//602 571//571
f 482//482 481//481 694//694
f 604//604 603//603 571//571
f 483//483 482//482 694//694
f 605//605 604//604 571//571
f 484//484 483//483 694//694
f 606//606 605//605 571//571
f 485//485 484//484 694//694
f 607//607 606//606 571//571
f 486//486 485//485 694//694
f 608//608 607//607 571//571
f 487//487 486//486 694//694
f 609//609 608//608 571//571
f 488//488 487//487 694//694
f 610//610 609//609 571//571
f 489//489 488//488 694//694
f 611//611 610//610 571//571
f 490//490 489//489 694//694
f 612//612 611//611 571//571
f 491//491 490//490 694//694
f 491//491 694//694 671//671
f 613//613 612//612 571//571
f 613//613 571//571 549//549
f 492//492 491//491 671//671
f 614//614 613//613 549//549
f 493//493 492//492 671//671
f 615//615 614//614 549//549
f 494//494 493//493 671//671
f 616//616 615//615 549//549
f 495//495 494//494 671//671
f 617//617 616//616 549//549
f 496//496 495//495 671//671
f 618//618 617//617 549//549
f 497//497 496//496 671//671
f 619//619 618//618 549//549
f 498//498 497//497 671//671
f 620//620 619//619 549//549
f 499//499 498//498 671//671
f 621//621 620//620 549//549
f 500//500 499//499 671//671
f 622//622 621//621 549//549
f 501//501 500//500 671//671
f 623//623 622//622 549//549
f 502//502 501//501 671//671
f 624//624 623//623 549//549
f 503//503 502//502 671//671
f 625//625 624//624 549//549
f 504//504 503//503 671//671
f 626//626 625//625 549//549
f 505//505 504//504 671//671
f 627//627 626//626 549//549
f 506//506 505//505 671//671
f 628//628 627//627 549//549
f 507//507 506//506 671//671
f 629//629 628//628 549//549
f 508//508 507//507 671//671
f 630//630 629//629 549//549
f 509//509 508//508 671//671
f 631//631 630//630 549//549
f 510//510 509//509 671//671
f 632//632 631//631 549//549
f 511//511 510//510 671//671
f 633//633 632//632 549//549
f 512//512 511//511 671//671
f 634//634 633//633 549//549
f 513//513 512//512 671//671
f 513//513 671//671 636//636
f 513//513 636//636 635//635
f 635//635 634//634 549//549
f 635//635 549//549 514//514
f 635//635 514//514 513//513
f 469//469 470//470 225//225
f 225//225 470//470 226//226
f 470//470 471//471 226//226
f 226//226 471//471 227//227
f 471//471 472//472 227//227
f 227//227 472//472 228//228
f 472//472 473//473 228//228
f 228//228 473//473 229//229
f 473//473 474//474 229//229
f 229//229 474//474 230//230
f 474//474 475//475 230//230
f 230//230 475//475 231//231
f 475//475 476//476 231//231
f 231//231 476//476 232//232
f 476//476 477//477 232//232
f 232//232 477//477 233//233
f 477//477 478//478 233//233
f 233//233 478//478 234//234
f 478//478 479//479 234//234
f 234//234 479//479 235//235
f 479//479 480//480 235//235
f 235//235 480//480 236//236
f 480//480 481//481 236//236
f 236//236 481//481 237//237
f 481//481 482//482 237//237
f 237//237 482//482 238//238
f 482//482 483//483 238//238
f 238//238 483//483 239//239
f 483//483 484//484 239//239
f 239//239 484//484 240//240
f 484//484 485//485 240//240
f 240//240 485//485 241//241
f 485//485 486//486 241//241
f 241//241 486//486 242//242
f 486//486 487//487 242//242
f 242//242 487//487 243//243
f 487//487 488//488 243//243
f 243//243 488//488 244//244
f 488//488 489//489 244//244
f 244//244 489//489 245//245
f 489//489 490//490 245//245
f 245//245 490//490 246//246
f 490//490 491//491 246//246
f 246//246 491//491 247//247
f 491//491 492//492 247//247
f 247//247 492//492 248//248
f 492//492 493//493 248//248
f 248//248 493//493 249//249
f 493//493 494//494 249//249
f 249//249 494//494 250//250
f 494//494 495//495 250//250
f 250//250 495//495 251//251
f 495//495 496//496 251//251
f 251//251 496//496 252//252
f 496//496 497//497 252//252
f 252//252 497//497 253//253
f 497//497 498//498 253//253
f 253//253 498//498 254//254
f 498//498 499//499 254//254
f 254//254 499//499 255//255
f 499//499 500//500 255//255
f 255//255 500//500 256//256
f 500//500 501//501 256//256
f 256//256 501//501 257//257
f 501//501 502//502 257//257
f 257//257 502//502 258//258
f 502//502 503//503 258//258
f 258//258 503//503 259//259
f 503//503 504//504 259//259
f 259//259 504//504 260//260
f 504//504 505//505 260//260
f 260//260 505//505 261//261
f 505//505 506//506 261//261
f 261//261 506//506 262//262
f 506//506 507//507 262//262
f 262//262 507//507 263//263
f 507//507 508//508 263//263
f 263//263 508//508 264//264
f 508//508 509//509 264//264
f 264//264 509//509 265//265
f 509//509 510//510 265//265
f 265//265 510//510 266//266
f 510//510 511//511 266//266
f 266//266 511//511 267//267
f 511//511 512//512 267//267
f 267//267 512//512 268//268
f 512//512 513//513 268//268
f 268//268 513//513 269//269
f 513//513 514//514 269//269
f 269//269 514//514 270//270
f 514//514 515//515 270//270
f 270//270 515//515 271//271
f 515//515 516//516 271//271
f 271//271 516//516 272//272
f 516//516 517//517 272//272
f 272//272 517//517 273//273
f 517//517 518//518 273//273
f 273//273 518//518 274//274
f 518//518 519//519 274//274
f 274//274 519//519 275//275
f 519//519 520//520 275//275
f 275//275 520//520 276//276
f 520//520 521//521 276//276
f 276//276 521//521 277//277
f 521//521 522//522 277//277
f 277//277 522//522 278//278
f 522//522 523//523 278//278
f 278//278 523//523 279//279
f 523//523 524//524 279//279
f 279//279 524//524 280//280
f 524//524 525//525 280//280
f 280//280 525//525 281//281
f 525//525 526//526 281//281
f 281//281 526//526 282//282
f 526//526 527//527 282//282
f 282//282 527//527 283//283
f 527//527 528//528 283//283
f 283//283 528//528 284//284
f 528//528 529//529 284//284
f 284//284 529//529 285//285
f 529//529 530//530 285//285
f 285//285 530//530 286//286
f 530//530 531//531 286//286
f 286//286 531//531 287//287
f 531//531 532//532 287//287
f 287//287 532//532 288//288
f 532//532 533//533 288//288
f 288//288 533//533 289//289
f 533//533 534//534 289//289
f 289//289 534//534 290//290
f 534//534 535//535 290//290
f 290//290 535//535 291//291
f 535//535 536//536 291//291
f 291//291 536//536 292//292
f 536//536 537//537 292//292
f 292//292 537//537 293//293
f 537//537 538//538 293//293
f 293//293 538//538 294//294
f 538//538 539//539 294//294
f 294//294 539//539 295//295
f 539//539 540//540 295//295
f 295//295 540//540 296//296
f 540//540 541//541 296//296
f 296//296 541//541 297//297
f 541//541 542//542 297//297
f 297//297 542//542 298//298
f 542//542 543//543 298//298
f 298//298 543//543 299//299
f 543//543 544//544 299//299
f 299//299 544//544 300//300
f 544//544 545//545 300//300
f 300//300 545//545 301//301
f 545//545 546//546 301//301
f 301//301 546//546 302//302
f 546//546 547//547 302//302
f 302//302 547//547 303//303
f 547//547 548//548 303//303
f 303//303 548//548 304//304
f 548//548 549//549 304//304
f 304//304 549//549 305//305
f 549//549 550//550 305//305
f 305//305 550//550 306//306
f 550//550 551//551 306//306
f 306//306 551//551 307//307
f 551//551 552//552 307//307
f 307//307 552//552 308//308
f 552//552 553//553 308//308
f 308//308 553//553 309//309
f 553//553 554//554 309//309
f 309//309 554//554 310//310
f 554//554 555//555 310//310
f 310//310 555//555 311//311
f 555//555 556//556 311//311
f 311//311 556//556 312//312
f 556//556 557//557 312//312
f 312//312 557//557 313//313
f 557//557 558//558 313//313
f 313//313 558//558 314//314
f 558//558 559//559 314//314
f 314//314 559//559 315//315
f 559//559 560//560 315//315
f 315//315 560//560 316//316
f 560//560 561//561 316//316
f 316//316 561//561 317//317
f 561//561 562//562 317//317
f 317//317 562//562 318//318
f 562//562 563//563 318//318
f 318//318 563//563 319//319
f 563//563 564//564 319//319
f 319//319 564//564 320//320
f 564//564 565//565 320//320
f 320//320 565//565 321//321
f 565//565 566//566 321//321
f 321//321 566//566 322//322
f 566//566 567//567 322//322
f 322//322 567//567 323//323
f 567//567 568//568 323//323
f 323//323 568//568 324//324
f 568//568 569//569 324//324
f 324//324 569//569 325//325
f 569//569 570//570 325//325
f 325//325 570//570 326//326
f 570//570 571//571 326//326
f 326//326 571//571 327//327
f 571//571 572//572 327//327
f 327//327 572//572 328//328
f 572//572 573//573 328//328
f 328//328 573//573 329//329
f 573//573 574//574 329//329
f 329//329 574//574 330//330
f 574//574 575//575 330//330
f 330//330 575//575 331//331
f 575//575 576//576 331//331
f 331//331 576//576 332//332
f 576//576 577//577 332//332
f 332//332 577//577 333//333
f 577//577 578//578 333//333
f 333//333 578//578 334//334
f 578//578 579//579 334//334
f 334//334 579//579 335//335
f 579//579 580//580 335//335
f 335//335 580//580 336//336
f 580//580 581//581 336//336
f 336//336 581//581 337//337
f 581//581 582//582 337//337
f 337//337 582//582 338//338
f 582//582 583//583 338//338
f 338//338 583//583 339//339
f 583//583 584//584 339//339
f 339//339 584//584 340//340
f 584//584 585//585 340//340
f 340//340 585//585 341//341
f 585//585 586//586 341//341
f 341//341 586//586 342//342
f 586//586 587//587 342//342
f 342//342 587//587 343//343
f 587//587 588//588 343//343
f 343//343 588//588 344//344
f 588//588 589//589 344//344
f 344//344 589//589 345//345
f 589//589 590//590 345//345
f 345//345 590//590 346//346
f 590//590 591//591 346//346
f 346//346 591//591 347//347
f 591//591 592//592 347//347
f 347//347 592//592 348//348
f 592//592 593//593 348//348
f 348//348 593//593 349//349
f 593//593 594//594 349//349
f 349//349 594//594 350//350
f 594//594 595//595 350//350
f 350//350 595//595 351//351
f 595//595 596//596 351//351
f 351//351 596//596 352//352
f 596//596 597//597 352//352
f 352//352 597//597 353//353
f 597//597 598//598 353//353
f 353//353 598//598 354//354
f 598//598 599//599 354//354
f 354//354 599//599 355//355
f 599//599 600//600 355//355
f 355//355 600//600 356//356
f 600//600 601//601 356//356
f 356//356 601//601 357//357
f 601//601 602//602 357//357
f 357//357 602//602 358//358
f 602//602 603//603 358//358
f 358//358 603//603 359//359
f 603//603 604//604 359//359
f 359//359 604//604 360//360
f 604//604 605//605 360//360
f 360//360 605//605 361//361
f 605//605 606//606 361//361
f 361//361 606//606 362//362
f 606//606 607//607 362//362
f 362//362 607//607 363//363
f 607//607 608//608 363//363
f 363//363 608//608 364//364
f 608//608 609//609 364//364
f 364//364 609//609 365//365
f 609//609 610//610 365//365
f 365//365 610//610 366//366
f 610//610 611//611 366//366
f 366//366 611//611 367//367
f 611//611 612//612 367//367
f 367//367 612//612 368//368
f 612//612 613//613 368//368
f 368//368 613//613 369//369
f 613//613 614//614 369//369
f 369//369 614//614 370//370
f 614//614 615//615 370//370
f 370//370 615//615 371//371
f 615//615 616//616 371//371
f 371//371 616//616 372//372
f 616//616 617//617 372//372
f 372//372 617//617 373//373
f 617//617 618//618 373//373
f 373//373 618//618 374//374
f 618//618 619//619 374//374
f 374//374 619//619 375//375
f 619//619 620//620 375//375
f 375//375 620//620 376//376
f 620//620 621//621 376//376
f 376//376 621//621 377//377
f 621//621 622//622 377//377
f 377//377 622//622 378//378
f 622//622 623//623 378//378
f 378//378 623//623 379//379
f 623//623 624//624 379//379
f 379//379 624//624 380//380
f 624//624 625//625 380//380
f 380//380 625//625 381//381
f 625//625 626//626 381//381
f 381//381 626//626 382//382
f 626//626 627//627 382//382
f 382//382 627//627 383//383
f 627//627 628//628 383//383
f 383//383 628//628 384//384
f 628//628 629//629 384//384
f 384//384 629//629 385//385
f 629//629 630//630 385//385
f 385//385 630//630 386//386
f 630//630 631//631 386//386
f 386//386 631//631 387//387
f 631//631 632//632 387//387
f 387//387 632//632 388//388
f 632//632 633//633 388//388
f 388//388 633//633 389//389
f 633//633 634//634 389//389
f 389//389 634//634 390//390
f 634//634 635//635 390//390
f 390//390 635//635 391//391
f 635//635 636//636 391//391
f 391//391 636//636 392//392
f 636//636 637//637 392//392
f 392//392 637//637 393//393
f 637//637 638//638 393//393
f 393//393 638//638 394//394
f 638//638 639//639 394//394
f 394//394 639//639 395//395
f 639//639 640//640 395//395
f 395//395 640//640 396//396
f 640//640 641//641 396//396
f 396//396 641//641 397//397
f 641//641 642//642 397//397
f 397//397 642//642 398//398
f 642//642 643//643 398//398
f 398//398 643//643 399//399
f 643//643 644//644 399//399
f 399//399 644//644 400//400
f 644//644 645//645 400//400
f 400//400 645//645 401//401
f 645//645 646//646 401//401
f 401//401 646//646 402//402
f 646//646 647//647 402//402
f 402//402 647//647 403//403
f 647//647 648//648 403//403
f 403//403 648//648 404//404
f 648//648 649//649 404//404
f 404//404 649//649 405//405
f 649//649 650//650 405//405
f 405//405 650//650 406//406
f 650//650 651//651 406//406
f 406//406 651//651 407//407
f 651//651 652//652 407//407
f 407//407 652//652 408//408
f 652//652 653//653 408//408
f 408//408 653//653 409//409
f 653//653 654//654 409//409
f 409//409 654//654 410//410
f 654//654 655//655 410//410
f 410//410 655//655 411//411
f 655//655 656//656 411//411
f 411//411 656//656 412//412
f 656//656 657//657 412//412
f 412//412 657//657 413//413
f 657//657 658//658 413//413
f 413//413 658//658 414//414
f 658//658 659//659 414//414
f 414//414 659//659 415//415
f 659//659 660//660 415//415
f 415//415 660//660 416//416
f 660//660 661//661 416//416
f 416//416 661//661 417//417
f 661//661 662//662 417//417
f 417//417 662//662 418//418
f 662//662 663//663 418//418
f 418//418 663//663 419//419
f 663//663 664//664 419//419
f 419//419 664//664 420//420
f 664//664 665//665 420//420
f 420//420 665//665 421//421
f 665//665 666//666 421//421
f 421//421 666//666 422//422
f 666//666 667//667 422//422
f 422//422 667//667 423//423
f 667//667 668//668 423//423
f 423//423 668//668 424//424
f 668//668 669//669 424//424
f 424//424 669//669 425//425
f 669//669 670//670 425//425
f 425//425 670//670 426//426
f 670//670 671//671 426//426
f 426//426 671//671 427//427
f 671//671 672//672 427//427
f 427//427 672//672 428//428
f 672//672 673//673 428//428
f 428//428 673//673 429//429
f 673//673 674//674 429//429
f 429//429 674//674 430//430
f 674//674 675//675 430//430
f 430//430 675//675 431//431
f 675//675 676//676 431//431
f 431//431 676//676 432//432
f 676//676 677//677 432//432
f 432//432 677//677 433//433
f 677//677 678//678 433//433
f 433//433 678//678 434//434
f 678//678 679//679 434//434
f 434//434 679//679 435//435
f 679//679 680//680 435//435
f 435//435 680//680 436//436
f 680//680 681//681 436//436
f 436//436 681//681 437//437
f 681//681 682//682 437//437
f 437//437 682//682 438//438
f 682//682 683//683 438//438
f 438//438 683//683 439//439
f 683//683 684//684 439//439
f 439//439 684//684 440//440
f 684//684 685//685 440//440
f 440//440 685//685 441//441
f 685//685 686//686 441//441
f 441//441 686//686 442//442
f 686//686 687//687 442//442
f 442//442 687//687 443//443
f 687//687 688//688 443//443
f 443//443 688//688 444//444
f 688//688 689//689 444//444
f 444//444 689//689 445//445
f 689//689 690//690 445//445
f 445//445 690//690 446//446
f 690//690 691//691 446//446
f 446//446 691//691 447//447
f 691//691 692//692 447//447
f 447//447 692//692 448//448
f 692//692 693//693 448//448
f 448//448 693//693 449//449
f 693//693 694//694 449//449
f 449//449 694//694 450//450
f 694//694 695//695 450//450
f 450//450 695//695 451//451
f 695//695 696//696 451//451
f 451//451 696//696 452//452
f 696//696 697//697 452//452
f 452//452 697//697 453//453
f 697//697 698//698 453//453
f 453//453 698//698 454//454
f 698//698 699//699 454//454
f 454//454 699//699 455//455
f 699//699 700//700 455//455
f 455//455 700//700 456//456
f 700//700 701//701 456//456
f 456//456 701//701 457//457
f 701//701 702//702 457//457
f 457//457 702//702 458//458
f 702//702 703//703 458//458
f 458//458 703//703 459//459
f 703//703 704//704 459//459
f 459//459 704//704 460//460
f 704//704 705//705 460//460
f 460//460 705//705 461//461
f 705//705 706//706 461//461
f 461//461 706//706 462//462
f 706//706 707//707 462//462
f 462//462 707//707 463//463
f 707//707 708//708 463//463
f 463//463 708//708 464//464
f 708//708 709//709 464//464
f 464//464 709//709 465//465
f 709//709 710//710 465//465
f 465//465 710//710 466//466
f 710//710 711//711 466//466
f 466//466 711//711 467//467
f 712//712 469//469 468//468
f 468//468 469//469 225//225
f 711//711 712//712 467//467
f 467//467 712//712 468//468
f 803//803 804//804 713//713
f 801//801 802//802 803//803
f 800//800 801//801 803//803
f 798//798 799//799 800//800
f 797//797 798//798 800//800
f 795//795 796//796 797//797
f 794//794 795//795 797//797
f 793//793 794//794 797//797
f 792//792 793//793 797//797
f 791//791 792//792 797//797
f 790//790 791//791 797//797
f 789//789 790//790 797//797
f 788//788 789//789 797//797
f 787//787 788//788 797//797
f 786//786 787//787 797//797
f 785//785 786//786 797//797
f 784//784 785//785 797//797
f 783//783 784//784 797//797
f 782//782 783//783 797//797
f 781//781 782//782 797//797
f 780//780 781//781 797//797
f 779//779 780//780 797//797
f 778//778 779//779 797//797
f 777//777 778//778 797//797
f 776//776 777//777 797//797
f 775//775 776//776 797//797
f 774//774 775//775 797//797
f 773//773 774//774 797//797
f 771//771 772//772 773//773
f 770//770 771//771 773//773
f 769//769 770//770 773//773
f 768//768 769//769 773//773
f 767//767 768//768 773//773
f 766//766 767//767 773//773
f 765//765 766//766 773//773
f 764//764 765//765 773//773
f 763//763 764//764 773//773
f 762//762 763//763 773//773
f 761//761 762//762 773//773
f 760//760 761//761 773//773
f 759//759 760//760 773//773
f 758//758 759//759 773//773
f 757//757 758//758 773//773
f 756//756 757//757 773//773
f 755//755 756//756 773//773
f 754//754 755//755 773//773
f 753//753 754//754 773//773
f 752//752 753//753 773//773
f 751//751 752//752 773//773
f 750//750 751//751 773//773
f 749//749 750//750 773//773
f 748//748 749//749 773//773
f 747//747 748//748 773//773
f 746//746 747//747 773//773
f 745//745 746//746 773//773
f 744//744 745//745 773//773
f 743//743 744//744 773//773
f 742//742 743//743 773//773
f 741//741 742//742 773//773
f 740//740 741//741 773//773
f 739//739 740//740 773//773
f 738//738 739//739 773//773
f 737//737 738//738 773//773
f 736//736 737//737 773//773
f 735//735 736//736 773//773
f 734//734 735//735 773//773
f 733//733 734//734 773//773
f 732//732 733//733 773//773
f 731//731 732//732 773//773
f 730//730 731//731 773//773
f 729//729 730//730 773//773
f 728//728 729//729 773//773
f 727//727 728//728 773//773
f 726//726 727//727 773//773
f 725//725 726//726 773//773
f 724//724 725//725 773//773
f 723//723 724//724 773//773
f 722//722 723//723 773//773
f 721//721 722//722 773//773
f 720//720 721//721 773//773
f 719//719 720//720 773//773
f 718//718 719//719 773//773
f 803//803 713//713 714//714
f 800//800 803//803 714//714
f 797//797 800//800 714//714
f 718//718 773//773 797//797
f 717//717 718//718 797//797
f 716//716 717//717 797//797
f 715//715 716//716 797//797
f 714//714 715//715 797//797
f 805//805 896//896 895//895
f 895//895 894//894 893//893
f 895//895 893//893 892//892
f 892//892 891//891 890//890
f 892//892 890//890 889//889
f 889//889 888//888 887//887
f 889//889 887//887 886//886
f 889//889 886//886 885//885
f 889//889 885//885 884//884
f 889//889 884//884 883//883
f 889//889 883//883 882//882
f 889//889 882//882 881//881
f 889//889 881//881 880//880
f 889//889 880//880 879//879
f 889//889 879//879 878//878
f 889//889 878//878 877//877
f 889//889 877//877 876//876
f 889//889 876//876 875//875
f 889//889 875//875 874//874
f 889//889 874//874 873//873
f 889//889 873//873 872//872
f 889//889 872//872 871//871
f 889//889 871//871 870//870
f 889//889 870//870 869//869
f 889//889 869//869 868//868
f 889//889 868//868 867//867
f 889//889 867//867 866//866
f 889//889 866//866 865//865
f 865//865 864//864 863//863
f 865//865 863//863 862//862
f 865//865 862//862 861//861
f 865//865 861//861 860//860
f 865//865 860//860 859//859
f 865//865 859//859 858//858
f 865//865 858//858 857//857
f 865//865 857//857 856//856
f 865//865 856//856 855//855
f 865//865 855//855 854//854
f 865//865 854//854 853//853
f 865//865 853//853 852//852
f 865//865 852//852 851//851
f 865//865 851//851 850//850
f 865//865 850//850 849//849
f 865//865 849//849 848//848
f 865//865 848//848 847//847
f 865//865 847//847 846//846
f 865//865 846//846 845//845
f 865//865 845//845 844//844
f 865//865 844//844 843//843
f 865//865 843//843 842//842
f 865//865 842//842 841//841
f 865//865 841//841 840//840
f 865//865 840//840 839//839
f 865//865 839//839 838//838
f 865//865 838//838 837//837
f 865//865 837//837 836//836
f 865//865 836//836 835//835
f 865//865 835//835 834//834
f 865//865 834//834 833//833
f 865//865 833//833 832//832
f 865//865 832//832 831//831
f 865//865 831//831 830//830
f 865//865 830//830 829//829
f 865//865 829//829 828//828
f 865//865 828//828 827//827
f 865//865 827//827 826//826
f 865//865 826//826 825//825
f 865//865 825//825 824//824
f 865//865 824//824 823//823
f 865//865 823//823 822//822
f 865//865 822//822 821//821
f 865//865 821//821 820//820
f 865//865 820//820 819//819
f 865//865 819//819 818//818
f 865//865 818//818 817//817
f 865//865 817//817 816//816
f 865//865 816//816 815//815
f 865//865 815//815 814//814
f 865//865 814//814 813//813
f 865//865 813//813 812//812
f 865//865 812//812 811//811
f 865//865 811//811 810//810
f 806//806 805//805 895//895
f 806//806 895//895 892//892
f 806//806 892//892 889//889
f 889//889 865//865 810//810
f 889//889 810//810 809//809
f 889//889 809//809 808//808
f 889//889 808//808 807//807
f 889//889 807//807 806//806
f 805//805 806//806 713//713
f 713//713 806//806 714//714
f 806//806 807//807 714//714
f 714//714 807//807 715//715
f 807//807 808//808 715//715
f 715//715 808//808 716//716
f 808//808 809//809 716//716
f 716//716 809//809 717//717
f 809//809 810//810 717//717
f 717//717 810//810 718//718
f 810//810 811//811 718//718
f 718//718 811//811 719//719
f 811//811 812//812 719//719
f 719//719 812//812 720//720
f 812//812 813//813 720//720
f 720//720 813//813 721//721
f 813//813 814//814 721//721
f 721//721 814//814 722//722
f 814//814 815//815 722//722
f 722//722 815//815 723//723
f 815//815 816//816 723//723
f 723//723 816//816 724//724
f 816//816 817//817 724//724
f 724//724 817//817 725//725
f 817//817 818//818 725//725
f 725//725 818//818 726//726
f 818//818 819//819 726//726
f 726//726 819//819 727//727
f 819//819 820//820 727//727
f 727//727 820//820 728//728
f 820//820 821//821 728//728
f 728//728 821//821 729//729
f 821//821 822//822 729//729
f 729//729 822//822 730//730
f 822//822 823//823 730//730
f 730//730 823//823 731//731
f 823//823 824//824 731//731
f 731//731 824//824 732//732
f 824//824 825//825 732//732
f 732//732 825//825 733//733
f 825//825 826//826 733//733
f 733//733 826//826 734//734
f 826//826 827//827 734//734
f 734//734 827//827 735//735
f 827//827 828//828 735//735
f 735//735 828//828 736//736
f 828//828 829//829 736//736
f 736//736 829//829 737//737
f 829//829 830//830 737//737
f 737//737 830//830 738//738
f 830//830 831//831 738//738
f 738//738 831//831 739//739
f 831//831 832//832 739//739
f 739//739 832//832 740//740
f 832//832 833//833 740//740
f 740//740 833//833 741//741
f 833//833 834//834 741//741
f 741//741 834//834 742//742
f 834//834 835//835 742//742
f 742//742 835//835 743//743
f 835//835 836//836 743//743
f 743//743 836//836 744//744
f 836//836 837//837 744//744
f 744//744 837//837 745//745
f 837//837 838//838 745//745
f 745//745 838//838 746//746
f 838//838 839//839 746//746
f 746//746 839//839 747//747
f 839//839 840//840 747//747
f 747//747 840//840 748//748
f 840//840 841//841 748//748
f 748//748 841//841 749//749
f 841//841 842//842 749//749
f 749//749 842//842 750//750
f 842//842 843//843 750//750
f 750//750 843//843 751//751
f 843//843 844//844 751//751
f 751//751 844//844 752//752
f 844//844 845//845 752//752
f 752//752 845//845 753//753
f 845//845 846//846 753//753
f 753//753 846//846 754//754
f 846//846 847//847 754//754
f 754//754 847//847 755//755
f 847//847 848//848 755//755
f 755//755 848//848 756//756
f 848//848 849//849 756//756
f 756//756 849//849 757//757
f 849//849 850//850 757//757
f 757//757 850//850 758//758
f 850//850 851//851 758//758
f 758//758 851//851 759//759
f 851//851 852//852 759//759
f 759//759 852//852 760//760
f 852//852 853//853 760//760
f 760//760 853//853 761//761
f 853//853 854//854 761//761
f 761//761 854//854 762//762
f 854//854 855//855 762//762
f 762//762 855//855 763//763
f 855//855 856//856 763//763
f 763//763 856//856 764//764
f 856//856 857//857 764//764
f 764//764 857//857 765//765
f 857//857 858//858 765//765
f 765//765 858//858 766//766
f 858//858 859//859 766//766
f 766//766 859//859 767//767
f 859//859 860//860 767//767
f 767//767 860//860 768//768
f 860//860 861//861 768//768
f 768//768 861//861 769//769
f 861//861 862//862 769//769
f 769//769 862//862 770//770
f 862//862 863//863 770//770
f 770//770 863//863 771//771
f 863//863 864//864 771//771
f 771//771 864//864 772//772
f 864//864 865//865 772//772
f 772//772 865//865 773//773
f 865//865 866//866 773//773
f 773//773 866//866 774//774
f 866//866 867//867 774//774
f 774//774 867//867 775//775
f 867//867 868//868 775//775
f 775//775 868//868 776//776
f 868//868 869//869 776//776
f 776//776 869//869 777//777
f 869//869 870//870 777//777
f 777//777 870//870 778//778
f 870//870 871//871 778//778
f 778//778 871//871 779//779
f 871//871 872//872 779//779
f 779//779 872//872 780//780
f 872//872 873//873 780//780
f 780//780 873//873 781//781
f 873//873 874//874 781//781
f 781//781 874//874 782//782
f 874//874 875//875 782//782
f 782//782 875//875 783//783
f 875//875 876//876 783//783
f 783//783 876//876 784//784
f 876//876 877//877 784//784
f 784//784 877//877 785//785
f 877//877 878//878 785//785
f 785//785 878//878 786//786
f 878//878 879//879 786//786
f 786//786 879//879 787//787
f 879//879 880//880 787//787
f 787//787 880//880 788//788
f 880//880 881//881 788//788
f 788//788 881//881 789//789
f 881//881 882//882 789//789
f 789//789 882//882 790//790
f 882//882 883//883 790//790
f 790//790 883//883 791//791
f 883//883 884//884 791//791
f 791//791 884//884 792//792
f 884//884 885//885 792//792
f 792//792 885//885 793//793
f 885//885 886//886 793//793
f 793//793 886//886 794//794
f 886//886 887//887 794//794
f 794//794 887//887 795//795
f 887//887 888//888 795//795
f 795//795 888//888 796//796
f 888//888 889//889 796//796
f 796//796 889//889 797//797
f 889//889 890//890 797//797
f 797//797 890//890 798//798
f 890//890 891//891 798//798
f 798//798 891//891 799//799
f 891//891 892//892 799//799
f 799//799 892//892 800//800
f 892//892 893//893 800//800
f 800//800 893//893 801//801
f 893//893 894//894 801//801
f 801//801 894//894 802//802
f 894//894 895//895 802//802
f 802//802 895//895 803//803
f 896//896 805//805 804//804
f 804//804 805//805 713//713
f 895//895 896//896 803//803
f 803//803 896//896 804//804
f 1199//1199 1200//1200 1116//1116
f 1198//1198 1199//1199 1116//1116
f 1197//1197 1198//1198 1116//1116
f 1196//1196 1197//1197 1116//1116
f 1195//1195 1196//1196 1116//1116
f 1194//1194 1195//1195 1116//1116
f 1193//1193 1194//1194 1116//1116
f 1192//1192 1193//1193 1116//1116
f 1191//1191 1192//1192 1116//1116
f 1190//1190 1191//1191 1116//1116
f 1177//1177 1178//1178 1179//1179
f 1176//1176 1177//1177 1179//1179
f 1175//1175 1176//1176 1179//1179
f 1174//1174 1175//1175 1179//1179
f 1173//1173 1174//1174 1179//1179
f 1172//1172 1173//1173 1179//1179
f 1171//1171 1172//1172 1179//1179
f 1170//1170 1171//1171 1179//1179
f 1169//1169 1170//1170 1179//1179
f 1168//1168 1169//1169 1179//1179
f 1167//1167 1168//1168 1179//1179
f 1166//1166 1167//1167 1179//1179
f 1165//1165 1166//1166 1179//1179
f 1164//1164 1165//1165 1179//1179
f 1163//1163 1164//1164 1179//1179
f 1162//1162 1163//1163 1179//1179
f 1161//1161 1162//1162 1179//1179
f 1160//1160 1161//1161 1179//1179
f 1159//1159 1160//1160 1179//1179
f 1116//1116 1200//1200 1201//1201
f 1115//1115 1116//1116 1201//1201
f 1114//1114 1115//1115 1201//1201
f 1113//1113 1114//1114 1201//1201
f 1112//1112 1113//1113 1201//1201
f 1111//1111 1112//1112 1201//1201
f 1110//1110 1111//1111 1201//1201
f 1109//1109 1110//1110 1201//1201
f 1108//1108 1109//1109 1201//1201
f 1107//1107 1108//1108 1201//1201
f 1106//1106 1107//1107 1201//1201
f 1105//1105 1106//1106 1201//1201
f 1104//1104 1105//1105 1201//1201
f 1103//1103 1104//1104 1201//1201
f 1102//1102 1103//1103 1201//1201
f 1101//1101 1102//1102 1201//1201
f 1099//1099 1100//1100 1101//1101
f 1098//1098 1099//1099 1101//1101
f 1097//1097 1098//1098 1101//1101
f 1096//1096 1097//1097 1101//1101
f 1095//1095 1096//1096 1101//1101
f 1094//1094 1095//1095 1101//1101
f 1093//1093 1094//1094 1101//1101
f 1092//1092 1093//1093 1101//1101
f 1091//1091 1092//1092 1101//1101
f 1090//1090 1091//1091 1101//1101
f 1089//1089 1090//1090 1101//1101
f 1088//1088 1089//1089 1101//1101
f 1087//1087 1088//1088 1101//1101
f 1086//1086 1087//1087 1101//1101
f 1085//1085 1086//1086 1101//1101
f 1084//1084 1085//1085 1101//1101
f 1083//1083 1084//1084 1101//1101
f 1082//1082 1083//1083 1101//1101
f 1081//1081 1082//1082 1101//1101
f 1080//1080 1081//1081 1101//1101
f 1079//1079 1080//1080 1101//1101
f 1078//1078 1079//1079 1101//1101
f 1077//1077 1078//1078 1101//1101
f 1076//1076 1077//1077 1101//1101
f 1074//1074 1075//1075 1076//1076
f 1073//1073 1074//1074 1076//1076
f 1072//1072 1073//1073 1076//1076
f 1071//1071 1072//1072 1076//1076
f 1070//1070 1071//1071 1076//1076
f 1069//1069 1070//1070 1076//1076
f 1068//1068 1069//1069 1076//1076
f 1067//1067 1068//1068 1076//1076
f 1066//1066 1067//1067 1076//1076
f 1065//1065 1066//1066 1076//1076
f 1064//1064 1065//1065 1076//1076
f 1063//1063 1064//1064 1076//1076
f 1062//1062 1063//1063 1076//1076
f 1061//1061 1062//1062 1076//1076
f 1060//1060 1061//1061 1076//1076
f 1059//1059 1060//1060 1076//1076
f 1058//1058 1059//1059 1076//1076
f 1057//1057 1058//1058 1076//1076
f 1056//1056 1057//1057 1076//1076
f 1055//1055 1056//1056 1076//1076
f 1054//1054 1055//1055 1076//1076
f 1053//1053 1054//1054 1076//1076
f 1052//1052 1053//1053 1076//1076
f 1051//1051 1052//1052 1076//1076
f 1050//1050 1051//1051 1076//1076
f 1049//1049 1050//1050 1076//1076
f 1048//1048 1049//1049 1076//1076
f 1047//1047 1048//1048 1076//1076
f 1046//1046 1047//1047 1076//1076
f 1045//1045 1046//1046 1076//1076
f 1044//1044 1045//1045 1076//1076
f 1043//1043 1044//1044 1076//1076
f 1042//1042 1043//1043 1076//1076
f 1041//1041 1042//1042 1076//1076
f 1040//1040 1041//1041 1076//1076
f 1039//1039 1040//1040 1076//1076
f 1038//1038 1039//1039 1076//1076
f 1037//1037 1038//1038 1076//1076
f 1036//1036 1037//1037 1076//1076
f 1034//1034 1035//1035 1036//1036
f 1033//1033 1034//1034 1036//1036
f 1032//1032 1033//1033 1036//1036
f 1031//1031 1032//1032 1036//1036
f 1030//1030 1031//1031 1036//1036
f 1029//1029 1030//1030 1036//1036
f 1028//1028 1029//1029 1036//1036
f 1027//1027 1028//1028 1036//1036
f 1026//1026 1027//1027 1036//1036
f 1025//1025 1026//1026 1036//1036
f 1024//1024 1025//1025 1036//1036
f 1023//1023 1024//1024 1036//1036
f 1022//1022 1023//1023 1036//1036
f 1021//1021 1022//1022 1036//1036
f 1020//1020 1021//1021 1036//1036
f 1019//1019 1020//1020 1036//1036
f 1018//1018 1019//1019 1036//1036
f 1017//1017 1018//1018 1036//1036
f 1016//1016 1017//1017 1036//1036
f 1015//1015 1016//1016 1036//1036
f 1014//1014 1015//1015 1036//1036
f 1013//1013 1014//1014 1036//1036
f 1012//1012 1013//1013 1036//1036
f 1011//1011 1012//1012 1036//1036
f 1010//1010 1011//1011 1036//1036
f 1009//1009 1010//1010 1036//1036
f 1008//1008 1009//1009 1036//1036
f 1007//1007 1008//1008 1036//1036
f 1006//1006 1007//1007 1036//1036
f 1005//1005 1006//1006 1036//1036
f 993//993 994//994 995//995
f 992//992 993//993 995//995
f 991//991 992//992 995//995
f 990//990 991//991 995//995
f 989//989 990//990 995//995
f 988//988 989//989 995//995
f 987//987 988//988 995//995
f 986//986 987//987 995//995
f 985//985 986//986 995//995
f 984//984 985//985 995//995
f 983//983 984//984 995//995
f 982//982 983//983 995//995
f 981//981 982//982 995//995
f 980//980 981//981 995//995
f 979//979 980//980 995//995
f 977//977 978//978 979//979
f 976//976 977//977 979//979
f 975//975 976//976 979//979
f 974//974 975//975 979//979
f 973//973 974//974 979//979
f 972//972 973//973 979//979
f 971//971 972//972 979//979
f 970//970 971//971 979//979
f 969//969 970//970 979//979
f 968//968 969//969 979//979
f 967//967 968//968 979//979
f 966//966 967//967 979//979
f 965//965 966//966 979//979
f 964//964 965//965 979//979
f 963//963 964//964 979//979
f 962//962 963//963 979//979
f 961//961 962//962 979//979
f 960//960 961//961 979//979
f 959//959 960//960 979//979
f 958//958 959//959 979//979
f 957//957 958//958 979//979
f 956//956 957//957 979//979
f 955//955 956//956 979//979
f 953//953 954//954 955//955
f 952//952 953//953 955//955
f 951//951 952//952 955//955
f 950//950 951//951 955//955
f 949//949 950//950 955//955
f 948//948 949//949 955//955
f 947//947 948//948 955//955
f 946//946 947//947 955//955
f 945//945 946//946 955//955
f 944//944 945//945 955//955
f 943//943 944//944 955//955
f 942//942 943//943 955//955
f 941//941 942//942 955//955
f 940//940 941//941 955//955
f 939//939 940//940 955//955
f 1135//1135 1136//1136 1137//1137
f 1134//1134 1135//1135 1137//1137
f 1133//1133 1134//1134 1137//1137
f 1132//1132 1133//1133 1137//1137
f 1131//1131 1132//1132 1137//1137
f 1130//1130 1131//1131 1137//1137
f 1129//1129 1130//1130 1137//1137
f 1128//1128 1129//1129 1137//1137
f 1127//1127 1128//1128 1137//1137
f 1126//1126 1127//1127 1137//1137
f 1125//1125 1126//1126 1137//1137
f 1124//1124 1125//1125 1137//1137
f 1123//1123 1124//1124 1137//1137
f 1122//1122 1123//1123 1137//1137
f 1121//1121 1122//1122 1137//1137
f 1120//1120 1121//1121 1137//1137
f 1119//1119 1120//1120 1137//1137
f 1118//1118 1119//1119 1137//1137
f 1117//1117 1118//1118 1137//1137
f 1116//1116 1117//1117 1137//1137
f 1190//1190 1116//1116 1137//1137
f 1189//1189 1190//1190 1137//1137
f 1188//1188 1189//1189 1137//1137
f 1187//1187 1188//1188 1137//1137
f 1186//1186 1187//1187 1137//1137
f 1185//1185 1186//1186 1137//1137
f 1184//1184 1185//1185 1137//1137
f 1183//1183 1184//1184 1137//1137
f 1182//1182 1183//1183 1137//1137
f 1181//1181 1182//1182 1137//1137
f 1180//1180 1181//1181 1137//1137
f 1179//1179 1180//1180 1137//1137
f 1159//1159 1179//1179 1137//1137
f 1101//1101 1201//1201 1202//1202
f 1005//1005 1036//1036 1076//1076
f 1004//1004 1005//1005 1076//1076
f 1003//1003 1004//1004 1076//1076
f 1002//1002 1003//1003 1076//1076
f 1001//1001 1002//1002 1076//1076
f 1000//1000 1001//1001 1076//1076
f 999//999 1000//1000 1076//1076
f 998//998 999//999 1076//1076
f 997//997 998//998 1076//1076
f 996//996 997//997 1076//1076
f 995//995 996//996 1076//1076
f 939//939 955//955 979//979
f 938//938 939//939 979//979
f 937//937 938//938 979//979
f 936//936 937//937 979//979
f 935//935 936//936 979//979
f 934//934 935//935 979//979
f 933//933 934//934 979//979
f 932//932 933//933 979//979
f 931//931 932//932 979//979
f 930//930 931//931 979//979
f 929//929 930//930 979//979
f 928//928 929//929 979//979
f 927//927 928//928 979//979
f 926//926 927//927 979//979
f 925//925 926//926 979//979
f 924//924 925//925 979//979
f 923//923 924//924 979//979
f 922//922 923//923 979//979
f 921//921 922//922 979//979
f 920//920 921//921 979//979
f 919//919 920//920 979//979
f 918//918 919//919 979//979
f 917//917 918//918 979//979
f 916//916 917//917 979//979
f 1159//1159 1137//1137 1138//1138
f 1101//1101 1202//1202 1203//1203
f 916//916 979//979 995//995
f 915//915 916//916 995//995
f 914//914 915//915 995//995
f 913//913 914//914 995//995
f 912//912 913//913 995//995
f 911//911 912//912 995//995
f 910//910 911//911 995//995
f 909//909 910//910 995//995
f 908//908 909//909 995//995
f 907//907 908//908 995//995
f 906//906 907//907 995//995
f 905//905 906//906 995//995
f 904//904 905//905 995//995
f 903//903 904//904 995//995
f 902//902 903//903 995//995
f 901//901 902//902 995//995
f 900//900 901//901 995//995
f 899//899 900//900 995//995
f 898//898 899//899 995//995
f 897//897 898//898 995//995
f 1159//1159 1138//1138 1139//1139
f 1101//1101 1203//1203 1204//1204
f 1159//1159 1139//1139 1140//1140
f 1101//1101 1204//1204 1205//1205
f 1159//1159 1140//1140 897//897
f 1101//1101 1205//1205 1206//1206
f 1159//1159 897//897 995//995
f 1158//1158 1159//1159 995//995
f 1157//1157 1158//1158 995//995
f 1156//1156 1157//1157 995//995
f 1155//1155 1156//1156 995//995
f 1154//1154 1155//1155 995//995
f 1153//1153 1154//1154 995//995
f 1152//1152 1153//1153 995//995
f 1151//1151 1152//1152 995//995
f 1150//1150 1151//1151 995//995
f 1149//1149 1150//1150 995//995
f 1148//1148 1149//1149 995//995
f 1147//1147 1148//1148 995//995
f 1146//1146 1147//1147 995//995
f 1145//1145 1146//1146 995//995
f 1144//1144 1145//1145 995//995
f 1143//1143 1144//1144 995//995
f 1142//1142 1143//1143 995//995
f 1141//1141 1142//1142 995//995
f 1101//1101 1206//1206 1207//1207
f 1141//1141 995//995 1076//1076
f 1222//1222 1141//1141 1076//1076
f 1101//1101 1207//1207 1208//1208
f 1222//1222 1076//1076 1101//1101
f 1221//1221 1222//1222 1101//1101
f 1220//1220 1221//1221 1101//1101
f 1219//1219 1220//1220 1101//1101
f 1218//1218 1219//1219 1101//1101
f 1217//1217 1218//1218 1101//1101
f 1216//1216 1217//1217 1101//1101
f 1215//1215 1216//1216 1101//1101
f 1214//1214 1215//1215 1101//1101
f 1213//1213 1214//1214 1101//1101
f 1212//1212 1213//1213 1101//1101
f 1211//1211 1212//1212 1101//1101
f 1210//1210 1211//1211 1101//1101
f 1209//1209 1210//1210 1101//1101
f 1208//1208 1209//1209 1101//1101
f 1442//1442 1526//1526 1525//1525
f 1442//1442 1525//1525 1524//1524
f 1442//1442 1524//1524 1523//1523
f 1442//1442 1523//1523 1522//1522
f 1442//1442 1522//1522 1521//1521
f 1442//1442 1521//1521 1520//1520
f 1442//1442 1520//1520 1519//1519
f 1442//1442 1519//1519 1518//1518
f 1442//1442 1518//1518 1517//1517
f 1442//1442 1517//1517 1516//1516
f 1505//1505 1504//1504 1503//1503
f 1505//1505 1503//1503 1502//1502
f 1505//1505 1502//1502 1501//1501
f 1505//1505 1501//1501 1500//1500
f 1505//1505 1500//1500 1499//1499
f 1505//1505 1499//1499 1498//1498
f 1505//1505 1498//1498 1497//1497
f 1505//1505 1497//1497 1496//1496
f 1505//1505 1496//1496 1495//1495
f 1505//1505 1495//1495 1494//1494
f 1505//1505 1494//1494 1493//1493
f 1505//1505 1493//1493 1492//1492
f 1505//1505 1492//1492 1491//1491
f 1505//1505 1491//1491 1490//1490
f 1505//1505 1490//1490 1489//1489
f 1505//1505 1489//1489 1488//1488
f 1505//1505 1488//1488 1487//1487
f 1505//1505 1487//1487 1486//1486
f 1505//1505 1486//1486 1485//1485
f 1527//1527 1526//1526 1442//1442
f 1527//1527 1442//1442 1441//1441
f 1527//1527 1441//1441 1440//1440
f 1527//1527 1440//1440 1439//1439
f 1527//1527 1439//1439 1438//1438
f 1527//1527 1438//1438 1437//1437
f 1527//1527 1437//1437 1436//1436
f 1527//1527 1436//1436 1435//1435
f 1527//1527 1435//1435 1434//1434
f 1527//1527 1434//1434 1433//1433
f 1527//1527 1433//1433 1432//1432
f 1527//1527 1432//1432 1431//1431
f 1527//1527 1431//1431 1430//1430
f 1527//1527 1430//1430 1429//1429
f 1527//1527 1429//1429 1428//1428
f 1527//1527 1428//1428 1427//1427
f 1427//1427 1426//1426 1425//1425
f 1427//1427 1425//1425 1424//1424
f 1427//1427 1424//1424 1423//1423
f 1427//1427 1423//1423 1422//1422
f 1427//1427 1422//1422 1421//1421
f 1427//1427 1421//1421 1420//1420
f 1427//1427 1420//1420 1419//1419
f 1427//1427 1419//1419 1418//1418
f 1427//1427 1418//1418 1417//1417
f 1427//1427 1417//1417 1416//1416
f 1427//1427 1416//1416 1415//1415
f 1427//1427 1415//1415 1414//1414
f 1427//1427 1414//1414 1413//1413
f 1427//1427 1413//1413 1412//1412
f 1427//1427 1412//1412 1411//1411
f 1427//1427 1411//1411 1410//1410
f 1427//1427 1410//1410 1409//1409
f 1427//1427 1409//1409 1408//1408
f 1427//1427 1408//1408 1407//1407
f 1427//1427 1407//1407 1406//1406
f 1427//1427 1406//1406 1405//1405
f 1427//1427 1405//1405 1404//1404
f 1427//1427 1404//1404 1403//1403
f 1427//1427 1403//1403 1402//1402
f 1402//1402 1401//1401 1400//1400
f 1402//1402 1400//1400 1399//1399
f 1402//1402 1399//1399 1398//1398
f 1402//1402 1398//1398 1397//1397
f 1402//1402 1397//1397 1396//1396
f 1402//1402 1396//1396 1395//1395
f 1402//1402 1395//1395 1394//1394
f 1402//1402 1394//1394 1393//1393
f 1402//1402 1393//1393 1392//1392
f 1402//1402 1392//1392 1391//1391
f 1402//1402 1391//1391 1390//1390
f 1402//1402 1390//1390 1389//1389
f 1402//1402 1389//1389 1388//1388
f 1402//1402 1388//1388 1387//1387
f 1402//1402 1387//1387 1386//1386
f 1402//1402 1386//1386 1385//1385
f 1402//1402 1385//1385 1384//1384
f 1402//1402 1384//1384 1383//1383
f 1402//1402 1383//1383 1382//1382
f 1402//1402 1382//1382 1381//1381
f 1402//1402 1381//1381 1380//1380
f 1402//1402 1380//1380 1379//1379
f 1402//1402 1379//1379 1378//1378
f 1402//1402 1378//1378 1377//1377
f 1402//1402 1377//1377 1376//1376
f 1402//1402 1376//1376 1375//1375
f 1402//1402 1375//1375 1374//1374
f 1402//1402 1374//1374 1373//1373
f 1402//1402 1373//1373 1372//1372
f 1402//1402 1372//1372 1371//1371
f 1402//1402 1371//1371 1370//1370
f 1402//1402 1370//1370 1369//1369
f 1402//1402 1369//1369 1368//1368
f 1402//1402 1368//1368 1367//1367
f 1402//1402 1367//1367 1366//1366
f 1402//1402 1366//1366 1365//1365
f 1402//1402 1365//1365 1364//1364
f 1402//1402 1364//1364 1363//1363
f 1402//1402 1363//1363 1362//1362
f 1362//1362 1361//1361 1360//1360
f 1362//1362 1360//1360 1359//1359
f 1362//1362 1359//1359 1358//1358
f 1362//1362 1358//1358 1357//1357
f 1362//1362 1357//1357 1356//1356
f 1362//1362 1356//1356 1355//1355
f 1362//1362 1355//1355 1354//1354
f 1362//1362 1354//1354 1353//1353
f 1362//1362 1353//1353 1352//1352
f 1362//1362 1352//1352 1351//1351
f 1362//1362 1351//1351 1350//1350
f 1362//1362 1350//1350 1349//1349
f 1362//1362 1349//1349 1348//1348
f 1362//1362 1348//1348 1347//1347
f 1362//1362 1347//1347 1346//1346
f 1362//1362 1346//1346 1345//1345
f 1362//1362 1345//1345 1344//1344
f 1362//1362 1344//1344 1343//1343
f 1362//1362 1343//1343 1342//1342
f 1362//1362 1342//1342 1341//1341
f 1362//1362 1341//1341 1340//1340
f 1362//1362 1340//1340 1339//1339
f 1362//1362 1339//1339 1338//1338
f 1362//1362 1338//1338 1337//1337
f 1362//1362 1337//1337 1336//1336
f 1362//1362 1336//1336 1335//1335
f 1362//1362 1335//1335 1334//1334
f 1362//1362 1334//1334 1333//1333
f 1362//1362 1333//1333 1332//1332
f 1362//1362 1332//1332 1331//1331
f 1321//1321 1320//1320 1319//1319
f 1321//1321 1319//1319 1318//1318
f 1321//1321 1318//1318 1317//1317
f 1321//1321 1317//1317 1316//1316
f 1321//1321 1316//1316 1315//1315
f 1321//1321 1315//1315 1314//1314
f 1321//1321 1314//1314 1313//1313
f 1321//1321 1313//1313 1312//1312
f 1321//1321 1312//1312 1311//1311
f 1321//1321 1311//1311 1310//1310
f 1321//1321 1310//1310 1309//1309
f 1321//1321 1309//1309 1308//1308
f 1321//1321 1308//1308 1307//1307
f 1321//1321 1307//1307 1306//1306
f 1321//1321 1306//1306 1305//1305
f 1305//1305 1304//1304 1303//1303
f 1305//1305 1303//1303 1302//1302
f 1305//1305 1302//1302 1301//1301
f 1305//1305 1301//1301 1300//1300
f 1305//1305 1300//1300 1299//1299
f 1305//1305 1299//1299 1298//1298
f 1305//1305 1298//1298 1297//1297
f 1305//1305 1297//1297 1296//1296
f 1305//1305 1296//1296 1295//1295
f 1305//1305 1295//1295 1294//1294
f 1305//1305 1294//1294 1293//1293
f 1305//1305 1293//1293 1292//1292
f 1305//1305 1292//1292 1291//1291
f 1305//1305 1291//1291 1290//1290
f 1305//1305 1290//1290 1289//1289
f 1305//1305 1289//1289 1288//1288
f 1305//1305 1288//1288 1287//1287
f 1305//1305 1287//1287 1286//1286
f 1305//1305 1286//1286 1285//1285
f 1305//1305 1285//1285 1284//1284
f 1305//1305 1284//1284 1283//1283
f 1305//1305 1283//1283 1282//1282
f 1305//1305 1282//1282 1281//1281
f 1281//1281 1280//1280 1279//1279
f 1281//1281 1279//1279 1278//1278
f 1281//1281 1278//1278 1277//1277
f 1281//1281 1277//1277 1276//1276
f 1281//1281 1276//1276 1275//1275
f 1281//1281 1275//1275 1274//1274
f 1281//1281 1274//1274 1273//1273
f 1281//1281 1273//1273 1272//1272
f 1281//1281 1272//1272 1271//1271
f 1281//1281 1271//1271 1270//1270
f 1281//1281 1270//1270 1269//1269
f 1281//1281 1269//1269 1268//1268
f 1281//1281 1268//1268 1267//1267
f 1281//1281 1267//1267 1266//1266
f 1281//1281 1266//1266 1265//1265
f 1463//1463 1462//1462 1461//1461
f 1463//1463 1461//1461 1460//1460
f 1463//1463 1460//1460 1459//1459
f 1463//1463 1459//1459 1458//1458
f 1463//1463 1458//1458 1457//1457
f 1463//1463 1457//1457 1456//1456
f 1463//1463 1456//1456 1455//1455
f 1463//1463 1455//1455 1454//1454
f 1463//1463 1454//1454 1453//1453
f 1463//1463 1453//1453 1452//1452
f 1463//1463 1452//1452 1451//1451
f 1463//1463 1451//1451 1450//1450
f 1463//1463 1450//1450 1449//1449
f 1463//1463 1449//1449 1448//1448
f 1463//1463 1448//1448 1447//1447
f 1463//1463 1447//1447 1446//1446
f 1463//1463 1446//1446 1445//1445
f 1463//1463 1445//1445 1444//1444
f 1463//1463 1444//1444 1443//1443
f 1463//1463 1443//1443 1442//1442
f 1463//1463 1442//1442 1516//1516
f 1463//1463 1516//1516 1515//1515
f 1463//1463 1515//1515 1514//1514
f 1463//1463 1514//1514 1513//1513
f 1463//1463 1513//1513 1512//1512
f 1463//1463 1512//1512 1511//1511
f 1463//1463 1511//1511 1510//1510
f 1463//1463 1510//1510 1509//1509
f 1463//1463 1509//1509 1508//1508
f 1463//1463 1508//1508 1507//1507
f 1463//1463 1507//1507 1506//1506
f 1463//1463 1506//1506 1505//1505
f 1463//1463 1505//1505 1485//1485
f 1528//1528 1527//1527 1427//1427
f 1402//1402 1362//1362 1331//1331
f 1402//1402 1331//1331 1330//1330
f 1402//1402 1330//1330 1329//1329
f 1402//1402 1329//1329 1328//1328
f 1402//1402 1328//1328 1327//1327
f 1402//1402 1327//1327 1326//1326
f 1402//1402 1326//1326 1325//1325
f 1402//1402 1325//1325 1324//1324
f 1402//1402 1324//1324 1323//1323
f 1402//1402 1323//1323 1322//1322
f 1402//1402 1322//1322 1321//1321
f 1305//1305 1281//1281 1265//1265
f 1305//1305 1265//1265 1264//1264
f 1305//1305 1264//1264 1263//1263
f 1305//1305 1263//1263 1262//1262
f 1305//1305 1262//1262 1261//1261
f 1305//1305 1261//1261 1260//1260
f 1305//1305 1260//1260 1259//1259
f 1305//1305 1259//1259 1258//1258
f 1305//1305 1258//1258 1257//1257
f 1305//1305 1257//1257 1256//1256
f 1305//1305 1256//1256 1255//1255
f 1305//1305 1255//1255 1254//1254
f 1305//1305 1254//1254 1253//1253
f 1305//1305 1253//1253 1252//1252
f 1305//1305 1252//1252 1251//1251
f 1305//1305 1251//1251 1250//1250
f 1305//1305 1250//1250 1249//1249
f 1305//1305 1249//1249 1248//1248
f 1305//1305 1248//1248 1247//1247
f 1305//1305 1247//1247 1246//1246
f 1305//1305 1246//1246 1245//1245
f 1305//1305 1245//1245 1244//1244
f 1305//1305 1244//1244 1243//1243
f 1305//1305 1243//1243 1242//1242
f 1464//1464 1463//1463 1485//1485
f 1529//1529 1528//1528 1427//1427
f 1321//1321 1305//1305 1242//1242
f 1321//1321 1242//1242 1241//1241
f 1321//1321 1241//1241 1240//1240
f 1321//1321 1240//1240 1239//1239
f 1321//1321 1239//1239 1238//1238
f 1321//1321 1238//1238 1237//1237
f 1321//1321 1237//1237 1236//1236
f 1321//1321 1236//1236 1235//1235
f 1321//1321 1235//1235 1234//1234
f 1321//1321 1234//1234 1233//1233
f 1321//1321 1233//1233 1232//1232
f 1321//1321 1232//1232 1231//1231
f 1321//1321 1231//1231 1230//1230
f 1321//1321 1230//1230 1229//1229
f 1321//1321 1229//1229 1228//1228
f 1321//1321 1228//1228 1227//1227
f 1321//1321 1227//1227 1226//1226
f 1321//1321 1226//1226 1225//1225
f 1321//1321 1225//1225 1224//1224
f 1321//1321 1224//1224 1223//1223
f 1465//1465 1464//1464 1485//1485
f 1530//1530 1529//1529 1427//1427
f 1466//1466 1465//1465 1485//1485
f 1531//1531 1530//1530 1427//1427
f 1223//1223 1466//1466 1485//1485
f 1532//1532 1531//1531 1427//1427
f 1321//1321 1223//1223 1485//1485
f 1321//1321 1485//1485 1484//1484
f 1321//1321 1484//1484 1483//1483
f 1321//1321 1483//1483 1482//1482
f 1321//1321 1482//1482 1481//1481
f 1321//1321 1481//1481 1480//1480
f 1321//1321 1480//1480 1479//1479
f 1321//1321 1479//1479 1478//1478
f 1321//1321 1478//1478 1477//1477
f 1321//1321 1477//1477 1476//1476
f 1321//1321 1476//1476 1475//1475
f 1321//1321 1475//1475 1474//1474
f 1321//1321 1474//1474 1473//1473
f 1321//1321 1473//1473 1472//1472
f 1321//1321 1472//1472 1471//1471
f 1321//1321 1471//1471 1470//1470
f 1321//1321 1470//1470 1469//1469
f 1321//1321 1469//1469 1468//1468
f 1321//1321 1468//1468 1467//1467
f 1533//1533 1532//1532 1427//1427
f 1402//1402 1321//1321 1467//1467
f 1402//1402 1467//1467 1548//1548
f 1534//1534 1533//1533 1427//1427
f 1427//1427 1402//1402 1548//1548
f 1427//1427 1548//1548 1547//1547
f 1427//1427 1547//1547 1546//1546
f 1427//1427 1546//1546 1545//1545
f 1427//1427 1545//1545 1544//1544
f 1427//1427 1544//1544 1543//1543
f 1427//1427 1543//1543 1542//1542
f 1427//1427 1542//1542 1541//1541
f 1427//1427 1541//1541 1540//1540
f 1427//1427 1540//1540 1539//1539
f 1427//1427 1539//1539 1538//1538
f 1427//1427 1538//1538 1537//1537
f 1427//1427 1537//1537 1536//1536
f 1427//1427 1536//1536 1535//1535
f 1427//1427 1535//1535 1534//1534
f 1223//1223 1224//1224 897//897
f 897//897 1224//1224 898//898
f 1224//1224 1225//1225 898//898
f 898//898 1225//1225 899//899
f 1225//1225 1226//1226 899//899
f 899//899 1226//1226 900//900
f 1226//1226 1227//1227 900//900
f 900//900 1227//1227 901//901
f 1227//1227 1228//1228 901//901
f 901//901 1228//1228 902//902
f 1228//1228 1229//1229 902//902
f 902//902 1229//1229 903//903
f 1229//1229 1230//1230 903//903
f 903//903 1230//1230 904//904
f 1230//1230 1231//1231 904//904
f 904//904 1231//1231 905//905
f 1231//1231 1232//1232 905//905
f 905//905 1232//1232 906//906
f 1232//1232 1233//1233 906//906
f 906//906 1233//1233 907//907
f 1233//1233 1234//1234 907//907
f 907//907 1234//1234 908//908
f 1234//1234 1235//1235 908//908
f 908//908 1235//1235 909//909
f 1235//1235 1236//1236 909//909
f 909//909 1236//1236 910//910
f 1236//1236 1237//1237 910//910
f 910//910 1237//1237 911//911
f 1237//1237 1238//1238 911//911
f 911//911 1238//1238 912//912
f 1238//1238 1239//1239 912//912
f 912//912 1239//1239 913//913
f 1239//1239 1240//1240 913//913
f 913//913 1240//1240 914//914
f 1240//1240 1241//1241 914//914
f 914//914 1241//1241 915//915
f 1241//1241 1242//1242 915//915
f 915//915 1242//1242 916//916
f 1242//1242 1243//1243 916//916
f 916//916 1243//1243 917//917
f 1243//1243 1244//1244 917//917
f 917//917 1244//1244 918//918
f 1244//1244 1245//1245 918//918
f 918//918 1245//1245 919//919
f 1245//1245 1246//1246 919//919
f 919//919 1246//1246 920//920
f 1246//1246 1247//1247 920//920
f 920//920 1247//1247 921//921
f 1247//1247 1248//1248 921//921
f 921//921 1248//1248 922//922
f 1248//1248 1249//1249 922//922
f 922//922 1249//1249 923//923
f 1249//1249 1250//1250 923//923
f 923//923 1250//1250 924//924
f 1250//1250 1251//1251 924//924
f 924//924 1251//1251 925//925
f 1251//1251 1252//1252 925//925
f 925//925 1252//1252 926//926
f 1252//1252 1253//1253 926//926
f 926//926 1253//1253 927//927
f 1253//1253 1254//1254 927//927
f 927//927 1254//1254 928//928
f 1254//1254 1255//1255 928//928
f 928//928 1255//1255 929//929
f 1255//1255 1256//1256 929//929
f 929//929 1256//1256 930//930
f 1256//1256 1257//1257 930//930
f 930//930 1257//1257 931//931
f 1257//1257 1258//1258 931//931
f 931//931 1258//1258 932//932
f 1258//1258 1259//1259 932//932
f 932//932 1259//1259 933//933
f 1259//1259 1260//1260 933//933
f 933//933 1260//1260 934//934
f 1260//1260 1261//1261 934//934
f 934//934 1261//1261 935//935
f 1261//1261 1262//1262 935//935
f 935//935 1262//1262 936//936
f 1262//1262 1263//1263 936//936
f 936//936 1263//1263 937//937
f 1263//1263 1264//1264 937//937
f 937//937 1264//1264 938//938
f 1264//1264 1265//1265 938//938
f 938//938 1265//1265 939//939
f 1265//1265 1266//1266 939//939
f 939//939 1266//1266 940//940
f 1266//1266 1267//1267 940//940
f 940//940 1267//1267 941//941
f 1267//1267 1268//1268 941//941
f 941//941 1268//1268 942//942
f 1268//1268 1269//1269 942//942
f 942//942 1269//1269 943//943
f 1269//1269 1270//1270 943//943
f 943//943 1270//1270 944//944
f 1270//1270 1271//1271 944//944
f 944//944 1271//1271 945//945
f 1271//1271 1272//1272 945//945
f 945//945 1272//1272 946//946
f 1272//1272 1273//1273 946//946
f 946//946 1273//1273 947//947
f 1273//1273 1274//1274 947//947
f 947//947 1274//1274 948//948
f 1274//1274 1275//1275 948//948
f 948//948 1275//1275 949//949
f 1275//1275 1276//1276 949//949
f 949//949 1276//1276 950//950
f 1276//1276 1277//1277 950//950
f 950//950 1277//1277 951//951
f 1277//1277 1278//1278 951//951
f 951//951 1278//1278 952//952
f 1278//1278 1279//1279 952//952
f 952//952 1279//1279 953//953
f 1279//1279 1280//1280 953//953
f 953//953 1280//1280 954//954
f 1280//1280 1281//1281 954//954
f 954//954 1281//1281 955//955
f 1281//1281 1282//1282 955//955
f 955//955 1282//1282 956//956
f 1282//1282 1283//1283 956//956
f 956//956 1283//1283 957//957
f 1283//1283 1284//1284 957//957
f 957//957 1284//1284 958//958
f 1284//1284 1285//1285 958//958
f 958//958 1285//1285 959//959
f 1285//1285 1286//1286 959//959
f 959//959 1286//1286 960//960
f 1286//1286 1287//1287 960//960
f 960//960 1287//1287 961//961
f 1287//1287 1288//1288 961//961
f 961//961 1288//1288 962//962
f 1288//1288 1289//1289 962//962
f 962//962 1289//1289 963//963
f 1289//1289 1290//1290 963//963
f 963//963 1290//1290 964//964
f 1290//1290 1291//1291 964//964
f 964//964 1291//1291 965//965
f 1291//1291 1292//1292 965//965
f 965//965 1292//1292 966//966
f 1292//1292 1293//1293 966//966
f 966//966 1293//1293 967//967
f 1293//1293 1294//1294 967//967
f 967//967 1294//1294 968//968
f 1294//1294 1295//1295 968//968
f 968//968 1295//1295 969//969
f 1295//1295 1296//1296 969//969
f 969//969 1296//1296 970//970
f 1296//1296 1297//1297 970//970
f 970//970 1297//1297 971//971
f 1297//1297 1298//1298 971//971
f 971//971 1298//1298 972//972
f 1298//1298 1299//1299 972//972
f 972//972 1299//1299 973//973
f 1299//1299 1300//1300 973//973
f 973//973 1300//1300 974//974
f 1300//1300 1301//1301 974//974
f 974//974 1301//1301 975//975
f 1301//1301 1302//1302 975//975
f 975//975 1302//1302 976//976
f 1302//1302 1303//1303 976//976
f 976//976 1303//1303 977//977
f 1303//1303 1304//1304 977//977
f 977//977 1304//1304 978//978
f 1304//1304 1305//1305 978//978
f 978//978 1305//1305 979//979
f 1305//1305 1306//1306 979//979
f 979//979 1306//1306 980//980
f 1306//1306 1307//1307 980//980
f 980//980 1307//1307 981//981
f 1307//1307 1308//1308 981//981
f 981//981 1308//1308 982//982
f 1308//1308 1309//1309 982//982
f 982//982 1309//1309 983//983
f 1309//1309 1310//1310 983//983
f 983//983 1310//1310 984//984
f 1310//1310 1311//1311 984//984
f 984//984 1311//1311 985//985
f 1311//1311 1312//1312 985//985
f 985//985 1312//1312 986//986
f 1312//1312 1313//1313 986//986
f 986//986 1313//1313 987//987
f 1313//1313 1314//1314 987//987
f 987//987 1314//1314 988//988
f 1314//1314 1315//1315 988//988
f 988//988 1315//1315 989//989
f 1315//1315 1316//1316 989//989
f 989//989 1316//1316 990//990
f 1316//1316 1317//1317 990//990
f 990//990 1317//1317 991//991
f 1317//1317 1318//1318 991//991
f 991//991 1318//1318 992//992
f 1318//1318 1319//1319 992//992
f 992//992 1319//1319 993//993
f 1319//1319 1320//1320 993//993
f 993//993 1320//1320 994//994
f 1320//1320 1321//1321 994//994
f 994//994 1321//1321 995//995
f 1321//1321 1322//1322 995//995
f 995//995 1322//1322 996//996
f 1322//1322 1323//1323 996//996
f 996//996 1323//1323 997//997
f 1323//1323 1324//1324 997//997
f 997//997 1324//1324 998//998
f 1324//1324 1325//1325 998//998
f 998//998 1325//1325 999//999
f 1325//1325 1326//1326 999//999
f 999//999 1326//1326 1000//1000
f 1326//1326 1327//1327 1000//1000
f 1000//1000 1327//1327 1001//1001
f 1327//1327 1328//1328 1001//1001
f 1001//1001 1328//1328 1002//1002
f 1328//1328 1329//1329 1002//1002
f 1002//1002 1329//1329 1003//1003
f 1329//1329 1330//1330 1003//1003
f 1003//1003 1330//1330 1004//1004
f 1330//1330 1331//1331 1004//1004
f 1004//1004 1331//1331 1005//1005
f 1331//1331 1332//1332 1005//1005
f 1005//1005 1332//1332 1006//1006
f 1332//1332 1333//1333 1006//1006
f 1006//1006 1333//1333 1007//1007
f 1333//1333 1334//1334 1007//1007
f 1007//1007 1334//1334 1008//1008
f 1334//1334 1335//1335 1008//1008
f 1008//1008 1335//1335 1009//1009
f 1335//1335 1336//1336 1009//1009
f 1009//1009 1336//1336 1010//1010
f 1336//1336 1337//1337 1010//1010
f 1010//1010 1337//1337 1011//1011
f 1337//1337 1338//1338 1011//1011
f 1011//1011 1338//1338 1012//1012
f 1338//1338 1339//1339 1012//1012
f 1012//1012 1339//1339 1013//1013
f 1339//1339 1340//1340 1013//1013
f 1013//1013 1340//1340 1014//1014
f 1340//1340 1341//1341 1014//1014
f 1014//1014 1341//1341 1015//1015
f 1341//1341 1342//1342 1015//1015
f 1015//1015 1342//1342 1016//1016
f 1342//1342 1343//1343 1016//1016
f 1016//1016 1343//1343 1017//1017
f 1343//1343 1344//1344 1017//1017
f 1017//1017 1344//1344 1018//1018
f 1344//1344 1345//1345 1018//1018
f 1018//1018 1345//1345 1019//1019
f 1345//1345 1346//1346 1019//1019
f 1019//1019 1346//1346 1020//1020
f 1346//1346 1347//1347 1020//1020
f 1020//1020 1347//1347 1021//1021
f 1347//1347 1348//1348 1021//1021
f 1021//1021 1348//1348 1022//1022
f 1348//1348 1349//1349 1022//1022
f 1022//1022 1349//1349 1023//1023
f 1349//1349 1350//1350 1023//1023
f 1023//1023 1350//1350 1024//1024
f 1350//1350 1351//1351 1024//1024
f 1024//1024 1351//1351 1025//1025
f 1351//1351 1352//1352 1025//1025
f 1025//1025 1352//1352 1026//1026
f 1352//1352 1353//1353 1026//1026
f 1026//1026 1353//1353 1027//1027
f 1353//1353 1354//1354 1027//1027
f 1027//1027 1354//1354 1028//1028
f 1354//1354 1355//1355 1028//1028
f 1028//1028 1355//1355 1029//1029
f 1355//1355 1356//1356 1029//1029
f 1029//1029 1356//1356 1030//1030
f 1356//1356 1357//1357 1030//1030
f 1030//1030 1357//1357 1031//1031
f 1357//1357 1358//1358 1031//1031
f 1031//1031 1358//1358 1032//1032
f 1358//1358 1359//1359 1032//1032
f 1032//1032 1359//1359 1033//1033
f 1359//1359 1360//1360 1033//1033
f 1033//1033 1360//1360 1034//1034
f 1360//1360 1361//1361 1034//1034
f 1034//1034 1361//1361 1035//1035
f 1361//1361 1362//1362 1035//1035
f 1035//1035 1362//1362 1036//1036
f 1362//1362 1363//1363 1036//1036
f 1036//1036 1363//1363 1037//1037
f 1363//1363 1364//1364 1037//1037
f 1037//1037 1364//1364 1038//1038
f 1364//1364 1365//1365 1038//1038
f 1038//1038 1365//1365 1039//1039
f 1365//1365 1366//1366 1039//1039
f 1039//1039 1366//1366 1040//1040
f 1366//1366 1367//1367 1040//1040
f 1040//1040 1367//1367 1041//1041
f 1367//1367 1368//1368 1041//1041
f 1041//1041 1368//1368 1042//1042
f 1368//1368 1369//1369 1042//1042
f 1042//1042 1369//1369 1043//1043
f 1369//1369 1370//1370 1043//1043
f 1043//1043 1370//1370 1044//1044
f 1370//1370 1371//1371 1044//1044
f 1044//1044 1371//1371 1045//1045
f 1371//1371 1372//1372 1045//1045
f 1045//1045 1372//1372 1046//1046
f 1372//1372 1373//1373 1046//1046
f 1046//1046 1373//1373 1047//1047
f 1373//1373 1374//1374 1047//1047
f 1047//1047 1374//1374 1048//1048
f 1374//1374 1375//1375 1048//1048
f 1048//1048 1375//1375 1049//1049
f 1375//1375 1376//1376 1049//1049
f 1049//1049 1376//1376 1050//1050
f 1376//1376 1377//1377 1050//1050
f 1050//1050 1377//1377 1051//1051
f 1377//1377 1378//1378 1051//1051
f 1051//1051 1378//1378 1052//1052
f 1378//1378 1379//1379 1052//1052
f 1052//1052 1379//1379 1053//1053
f 1379//1379 1380//1380 1053//1053
f 1053//1053 1380//1380 1054//1054
f 1380//1380 1381//1381 1054//1054
f 1054//1054 1381//1381 1055//1055
f 1381//1381 1382//1382 1055//1055
f 1055//1055 1382//1382 1056//1056
f 1382//1382 1383//1383 1056//1056
f 1056//1056 1383//1383 1057//1057
f 1383//1383 1384//1384 1057//1057
f 1057//1057 1384//1384 1058//1058
f 1384//1384 1385//1385 1058//1058
f 1058//1058 1385//1385 1059//1059
f 1385//1385 1386//1386 1059//1059
f 1059//1059 1386//1386 1060//1060
f 1386//1386 1387//1387 1060//1060
f 1060//1060 1387//1387 1061//1061
f 1387//1387 1388//1388 1061//1061
f 1061//1061 1388//1388 1062//1062
f 1388//1388 1389//1389 1062//1062
f 1062//1062 1389//1389 1063//1063
f 1389//1389 1390//1390 1063//1063
f 1063//1063 1390//1390 1064//1064
f 1390//1390 1391//1391 1064//1064
f 1064//1064 1391//1391 1065//1065
f 1391//1391 1392//1392 1065//1065
f 1065//1065 1392//1392 1066//1066
f 1392//1392 1393//1393 1066//1066
f 1066//1066 1393//1393 1067//1067
f 1393//1393 1394//1394 1067//1067
f 1067//1067 1394//1394 1068//1068
f 1394//1394 1395//1395 1068//1068
f 1068//1068 1395//1395 1069//1069
f 1395//1395 1396//1396 1069//1069
f 1069//1069 1396//1396 1070//1070
f 1396//1396 1397//1397 1070//1070
f 1070//1070 1397//1397 1071//1071
f 1397//1397 1398//1398 1071//1071
f 1071//1071 1398//1398 1072//1072
f 1398//1398 1399//1399 1072//1072
f 1072//1072 1399//1399 1073//1073
f 1399//1399 1400//1400 1073//1073
f 1073//1073 1400//1400 1074//1074
f 1400//1400 1401//1401 1074//1074
f 1074//1074 1401//1401 1075//1075
f 1401//1401 1402//1402 1075//1075
f 1075//1075 1402//1402 1076//1076
f 1402//1402 1403//1403 1076//1076
f 1076//1076 1403//1403 1077//1077
f 1403//1403 1404//1404 1077//1077
f 1077//1077 1404//1404 1078//1078
f 1404//1404 1405//1405 1078//1078
f 1078//1078 1405//1405 1079//1079
f 1405//1405 1406//1406 1079//1079
f 1079//1079 1406//1406 1080//1080
f 1406//1406 1407//1407 1080//1080
f 1080//1080 1407//1407 1081//1081
f 1407//1407 1408//1408 1081//1081
f 1081//1081 1408//1408 1082//1082
f 1408//1408 1409//1409 1082//1082
f 1082//1082 1409//1409 1083//1083
f 1409//1409 1410//1410 1083//1083
f 1083//1083 1410//1410 1084//1084
f 1410//1410 1411//1411 1084//1084
f 1084//1084 1411//1411 1085//1085
f 1411//1411 1412//1412 1085//1085
f 1085//1085 1412//1412 1086//1086
f 1412//1412 1413//1413 1086//1086
f 1086//1086 1413//1413 1087//1087
f 1413//1413 1414//1414 1087//1087
f 1087//1087 1414//1414 1088//1088
f 1414//1414 1415//1415 1088//1088
f 1088//1088 1415//1415 1089//1089
f 1415//1415 1416//1416 1089//1089
f 1089//1089 1416//1416 1090//1090
f 1416//1416 1417//1417 1090//1090
f 1090//1090 1417//1417 1091//1091
f 1417//1417 1418//1418 1091//1091
f 1091//1091 1418//1418 1092//1092
f 1418//1418 1419//1419 1092//1092
f 1092//1092 1419//1419 1093//1093
f 1419//1419 1420//1420 1093//1093
f 1093//1093 1420//1420 1094//1094
f 1420//1420 1421//1421 1094//1094
f 1094//1094 1421//1421 1095//1095
f 1421//1421 1422//1422 1095//1095
f 1095//1095 1422//1422 1096//1096
f 1422//1422 1423//1423 1096//1096
f 1096//1096 1423//1423 1097//1097
f 1423//1423 1424//1424 1097//1097
f 1097//1097 1424//1424 1098//1098
f 1424//1424 1425//1425 1098//1098
f 1098//1098 1425//1425 1099//1099
f 1425//1425 1426//1426 1099//1099
f 1099//1099 1426//1426 1100//1100
f 1426//1426 1427//1427 1100//1100
f 1100//1100 1427//1427 1101//1101
f 1427//1427 1428//1428 1101//1101
f 1101//1101 1428//1428 1102//1102
f 1428//1428 1429//1429 1102//1102
f 1102//1102 1429//1429 1103//1103
f 1429//1429 1430//1430 1103//1103
f 1103//1103 1430//1430 1104//1104
f 1430//1430 1431//1431 1104//1104
f 1104//1104 1431//1431 1105//1105
f 1431//1431 1432//1432 1105//1105
f 1105//1105 1432//1432 1106//1106
f 1432//1432 1433//1433 1106//1106
f 1106//1106 1433//1433 1107//1107
f 1433//1433 1434//1434 1107//1107
f 1107//1107 1434//1434 1108//1108
f 1434//1434 1435//1435 1108//1108
f 1108//1108 1435//1435 1109//1109
f 1435//1435 1436//1436 1109//1109
f 1109//1109 1436//1436 1110//1110
f 1436//1436 1437//1437 1110//1110
f 1110//1110 1437//1437 1111//1111
f 1437//1437 1438//1438 1111//1111
f 1111//1111 1438//1438 1112//1112
f 1438//1438 1439//1439 1112//1112
f 1112//1112 1439//1439 1113//1113
f 1439//1439 1440//1440 1113//1113
f 1113//1113 1440//1440 1114//1114
f 1440//1440 1441//1441 1114//1114
f 1114//1114 1441//1441 1115//1115
f 1441//1441 1442//1442 1115//1115
f 1115//1115 1442//1442 1116//1116
f 1442//1442 1443//1443 1116//1116
f 1116//1116 1443//1443 1117//1117
f 1443//1443 1444//1444 1117//1117
f 1117//1117 1444//1444 1118//1118
f 1444//1444 1445//1445 1118//1118
f 1118//1118 1445//1445 1119//1119
f 1445//1445 1446//1446 1119//1119
f 1119//1119 1446//1446 1120//1120
f 1446//1446 1447//1447 1120//1120
f 1120//1120 1447//1447 1121//1121
f 1447//1447 1448//1448 1121//1121
f 1121//1121 1448//1448 1122//1122
f 1448//1448 1449//1449 1122//1122
f 1122//1122 1449//1449 1123//1123
f 1449//1449 1450//1450 1123//1123
f 1123//1123 1450//1450 1124//1124
f 1450//1450 1451//1451 1124//1124
f 1124//1124 1451//1451 1125//1125
f 1451//1451 1452//1452 1125//1125
f 1125//1125 1452//1452 1126//1126
f 1452//1452 1453//1453 1126//1126
f 1126//1126 1453//1453 1127//1127
f 1453//1453 1454//1454 1127//1127
f 1127//1127 1454//1454 1128//1128
f 1454//1454 1455//1455 1128//1128
f 1128//1128 1455//1455 1129//1129
f 1455//1455 1456//1456 1129//1129
f 1129//1129 1456//1456 1130//1130
f 1456//1456 1457//1457 1130//1130
f 1130//1130 1457//1457 1131//1131
f 1457//1457 1458//1458 1131//1131
f 1131//1131 1458//1458 1132//1132
f 1458//1458 1459//1459 1132//1132
f 1132//1132 1459//1459 1133//1133
f 1459//1459 1460//1460 1133//1133
f 1133//1133 1460//1460 1134//1134
f 1460//1460 1461//1461 1134//1134
f 1134//1134 1461//1461 1135//1135
f 1461//1461 1462//1462 1135//1135
f 1135//1135 1462//1462 1136//1136
f 1462//1462 1463//1463 1136//1136
f 1136//1136 1463//1463 1137//1137
f 1463//1463 1464//1464 1137//1137
f 1137//1137 1464//1464 1138//1138
f 1464//1464 1465//1465 1138//1138
f 1138//1138 1465//1465 1139//1139
f 1466//1466 1223//1223 1140//1140
f 1140//1140 1223//1223 897//897
f 1465//1465 1466//1466 1139//1139
f 1139//1139 1466//1466 1140//1140
f 1467//1467 1468//1468 1141//1141
f 1141//1141 1468//1468 1142//1142
f 1468//1468 1469//1469 1142//1142
f 1142//1142 1469//1469 1143//1143
f 1469//1469 1470//1470 1143//1143
f 1143//1143 1470//1470 1144//1144
f 1470//1470 1471//1471 1144//1144
f 1144//1144 1471//1471 1145//1145
f 1471//1471 1472//1472 1145//1145
f 1145//1145 1472//1472 1146//1146
f 1472//1472 1473//1473 1146//1146
f 1146//1146 1473//1473 1147//1147
f 1473//1473 1474//1474 1147//1147
f 1147//1147 1474//1474 1148//1148
f 1474//1474 1475//1475 1148//1148
f 1148//1148 1475//1475 1149//1149
f 1475//1475 1476//1476 1149//1149
f 1149//1149 1476//1476 1150//1150
f 1476//1476 1477//1477 1150//1150
f 1150//1150 1477//1477 1151//1151
f 1477//1477 1478//1478 1151//1151
f 1151//1151 1478//1478 1152//1152
f 1478//1478 1479//1479 1152//1152
f 1152//1152 1479//1479 1153//1153
f 1479//1479 1480//1480 1153//1153
f 1153//1153 1480//1480 1154//1154
f 1480//1480 1481//1481 1154//1154
f 1154//1154 1481//1481 1155//1155
f 1481//1481 1482//1482 1155//1155
f 1155//1155 1482//1482 1156//1156
f 1482//1482 1483//1483 1156//1156
f 1156//1156 1483//1483 1157//1157
f 1483//1483 1484//1484 1157//1157
f 1157//1157 1484//1484 1158//1158
f 1484//1484 1485//1485 1158//1158
f 1158//1158 1485//1485 1159//1159
f 1485//1485 1486//1486 1159//1159
f 1159//1159 1486//1486 1160//1160
f 1486//1486 1487//1487 1160//1160
f 1160//1160 1487//1487 1161//1161
f 1487//1487 1488//1488 1161//1161
f 1161//1161 1488//1488 1162//1162
f 1488//1488 1489//1489 1162//1162
f 1162//1162 1489//1489 1163//1163
f 1489//1489 1490//1490 1163//1163
f 1163//1163 1490//1490 1164//1164
f 1490//1490 1491//1491 1164//1164
f 1164//1164 1491//1491 1165//1165
f 1491//1491 1492//1492 1165//1165
f 1165//1165 1492//1492 1166//1166
f 1492//1492 1493//1493 1166//1166
f 1166//1166 1493//1493 1167//1167
f 1493//1493 1494//1494 1167//1167
f 1167//1167 1494//1494 1168//1168
f 1494//1494 1495//1495 1168//1168
f 1168//1168 1495//1495 1169//1169
f 1495//1495 1496//1496 1169//1169
f 1169//1169 1496//1496 1170//1170
f 1496//1496 1497//1497 1170//1170
f 1170//1170 1497//1497 1171//1171
f 1497//1497 1498//1498 1171//1171
f 1171//1171 1498//1498 1172//1172
f 1498//1498 1499//1499 1172//1172
f 1172//1172 1499//1499 1173//1173
f 1499//1499 1500//1500 1173//1173
f 1173//1173 1500//1500 1174//1174
f 1500//1500 1501//1501 1174//1174
f 1174//1174 1501//1501 1175//1175
f 1501//1501 1502//1502 1175//1175
f 1175//1175 1502//1502 1176//1176
f 1502//1502 1503//1503 1176//1176
f 1176//1176 1503//1503 1177//1177
f 1503//1503 1504//1504 1177//1177
f 1177//1177 1504//1504 1178//1178
f 1504//1504 1505//1505 1178//1178
f 1178//1178 1505//1505 1179//1179
f 1505//1505 1506//1506 1179//1179
f 1179//1179 1506//1506 1180//1180
f 1506//1506 1507//1507 1180//1180
f 1180//1180 1507//1507 1181//1181
f 1507//1507 1508//1508 1181//1181
f 1181//1181 1508//1508 1182//1182
f 1508//1508 1509//1509 1182//1182
f 1182//1182 1509//1509 1183//1183
f 1509//1509 1510//1510 1183//1183
f 1183//1183 1510//1510 1184//1184
f 1510//1510 1511//1511 1184//1184
f 1184//1184 1511//1511 1185//1185
f 1511//1511 1512//1512 1185//1185
f 1185//1185 1512//1512 1186//1186
f 1512//1512 1513//1513 1186//1186
f 1186//1186 1513//1513 1187//1187
f 1513//1513 1514//1514 1187//1187
f 1187//1187 1514//1514 1188//1188
f 1514//1514 1515//1515 1188//1188
f 1188//1188 1515//1515 1189//1189
f 1515//1515 1516//1516 1189//1189
f 1189//1189 1516//1516 1190//1190
f 1516//1516 1517//1517 1190//1190
f 1190//1190 1517//1517 1191//1191
f 1517//1517 1518//1518 1191//1191
f 1191//1191 1518//1518 1192//1192
f 1518//1518 1519//1519 1192//1192
f 1192//1192 1519//1519 1193//1193
f 1519//1519 1520//1520 1193//1193
f 1193//1193 1520//1520 1194//1194
f 1520//1520 1521//1521 1194//1194
f 1194//1194 1521//1521 1195//1195
f 1521//1521 1522//1522 1195//1195
f 1195//1195 1522//1522 1196//1196
f 1522//1522 1523//1523 1196//1196
f 1196//1196 1523//1523 1197//1197
f 1523//1523 1524//1524 1197//1197
f 1197//1197 1524//1524 1198//1198
f 1524//1524 1525//1525 1198//1198
f 1198//1198 1525//1525 1199//1199
f 1525//1525 1526//1526 1199//1199
f 1199//1199 1526//1526 1200//1200
f 1526//1526 1527//1527 1200//1200
f 1200//1200 1527//1527 1201//1201
f 1527//1527 1528//1528 1201//1201
f 1201//1201 1528//1528 1202//1202
f 1528//1528 1529//1529 1202//1202
f 1202//1202 1529//1529 1203//1203
f 1529//1529 1530//1530 1203//1203
f 1203//1203 1530//1530 1204//1204
f 1530//1530 1531//1531 1204//1204
f 1204//1204 1531//1531 1205//1205
f 1531//1531 1532//1532 1205//1205
f 1205//1205 1532//1532 1206//1206
f 1532//1532 1533//1533 1206//1206
f 1206//1206 1533//1533 1207//1207
f 1533//1533 1534//1534 1207//1207
f 1207//1207 1534//1534 1208//1208
f 1534//1534 1535//1535 1208//1208
f 1208//1208 1535//1535 1209//1209
f 1535//1535 1536//1536 1209//1209
f 1209//1209 1536//1536 1210//1210
f 1536//1536 1537//1537 1210//1210
f 1210//1210 1537//1537 1211//1211
f 1537//1537 1538//1538 1211//1211
f 1211//1211 1538//1538 1212//1212
f 1538//1538 1539//1539 1212//1212
f 1212//1212 1539//1539 1213//1213
f 1539//1539 1540//1540 1213//1213
f 1213//1213 1540//1540 1214//1214
f 1540//1540 1541//1541 1214//1214
f 1214//1214 1541//1541 1215//1215
f 1541//1541 1542//1542 1215//1215
f 1215//1215 1542//1542 1216//1216
f 1542//1542 1543//1543 1216//1216
f 1216//1216 1543//1543 1217//1217
f 1543//1543 1544//1544 1217//1217
f 1217//1217 1544//1544 1218//1218
f 1544//1544 1545//1545 1218//1218
f 1218//1218 1545//1545 1219//1219
f 1545//1545 1546//1546 1219//1219
f 1219//1219 1546//1546 1220//1220
f 1546//1546 1547//1547 1220//1220
f 1220//1220 1547//1547 1221//1221
f 1548//1548 1467//1467 1222//1222
f 1222//1222 1467//1467 1141//1141
f 1547//1547 1548//1548 1221//1221
f 1221//1221 1548//1548 1222//1222
f 1828//1828 1829//1829 1830//1830
f 1827//1827 1828//1828 1830//1830
f 1826//1826 1827//1827 1830//1830
f 1825//1825 1826//1826 1830//1830
f 1824//1824 1825//1825 1830//1830
f 1823//1823 1824//1824 1830//1830
f 1822//1822 1823//1823 1830//1830
f 1821//1821 1822//1822 1830//1830
f 1820//1820 1821//1821 1830//1830
f 1819//1819 1820//1820 1830//1830
f 1818//1818 1819//1819 1830//1830
f 1817//1817 1818//1818 1830//1830
f 1816//1816 1817//1817 1830//1830
f 1815//1815 1816//1816 1830//1830
f 1814//1814 1815//1815 1830//1830
f 1812//1812 1813//1813 1814//1814
f 1811//1811 1812//1812 1814//1814
f 1810//1810 1811//1811 1814//1814
f 1809//1809 1810//1810 1814//1814
f 1808//1808 1809//1809 1814//1814
f 1807//1807 1808//1808 1814//1814
f 1806//1806 1807//1807 1814//1814
f 1805//1805 1806//1806 1814//1814
f 1804//1804 1805//1805 1814//1814
f 1803//1803 1804//1804 1814//1814
f 1802//1802 1803//1803 1814//1814
f 1801//1801 1802//1802 1814//1814
f 1800//1800 1801//1801 1814//1814
f 1799//1799 1800//1800 1814//1814
f 1798//1798 1799//1799 1814//1814
f 1797//1797 1798//1798 1814//1814
f 1796//1796 1797//1797 1814//1814
f 1795//1795 1796//1796 1814//1814
f 1794//1794 1795//1795 1814//1814
f 1793//1793 1794//1794 1814//1814
f 1791//1791 1792//1792 1793//1793
f 1790//1790 1791//1791 1793//1793
f 1789//1789 1790//1790 1793//1793
f 1788//1788 1789//1789 1793//1793
f 1787//1787 1788//1788 1793//1793
f 1786//1786 1787//1787 1793//1793
f 1785//1785 1786//1786 1793//1793
f 1784//1784 1785//1785 1793//1793
f 1783//1783 1784//1784 1793//1793
f 1782//1782 1783//1783 1793//1793
f 1781//1781 1782//1782 1793//1793
f 1780//1780 1781//1781 1793//1793
f 1779//1779 1780//1780 1793//1793
f 1778//1778 1779//1779 1793//1793
f 1777//1777 1778//1778 1793//1793
f 1776//1776 1777//1777 1793//1793
f 1775//1775 1776//1776 1793//1793
f 1774//1774 1775//1775 1793//1793
f 1773//1773 1774//1774 1793//1793
f 1772//1772 1773//1773 1793//1793
f 1771//1771 1772//1772 1793//1793
f 1770//1770 1771//1771 1793//1793
f 1769//1769 1770//1770 1793//1793
f 1768//1768 1769//1769 1793//1793
f 1766//1766 1767//1767 1768//1768
f 1765//1765 1766//1766 1768//1768
f 1764//1764 1765//1765 1768//1768
f 1763//1763 1764//1764 1768//1768
f 1762//1762 1763//1763 1768//1768
f 1761//1761 1762//1762 1768//1768
f 1760//1760 1761//1761 1768//1768
f 1759//1759 1760//1760 1768//1768
f 1758//1758 1759//1759 1768//1768
f 1757//1757 1758//1758 1768//1768
f 1756//1756 1757//1757 1768//1768
f 1755//1755 1756//1756 1768//1768
f 1754//1754 1755//1755 1768//1768
f 1753//1753 1754//1754 1768//1768
f 1752//1752 1753//1753 1768//1768
f 1751//1751 1752//1752 1768//1768
f 1750//1750 1751//1751 1768//1768
f 1749//1749 1750//1750 1768//1768
f 1748//1748 1749//1749 1768//1768
f 1747//1747 1748//1748 1768//1768
f 1746//1746 1747//1747 1768//1768
f 1745//1745 1746//1746 1768//1768
f 1744//1744 1745//1745 1768//1768
f 1743//1743 1744//1744 1768//1768
f 1742//1742 1743//1743 1768//1768
f 1741//1741 1742//1742 1768//1768
f 1740//1740 1741//1741 1768//1768
f 1739//1739 1740//1740 1768//1768
f 1738//1738 1739//1739 1768//1768
f 1737//1737 1738//1738 1768//1768
f 1736//1736 1737//1737 1768//1768
f 1734//1734 1735//1735 1736//1736
f 1733//1733 1734//1734 1736//1736
f 1732//1732 1733//1733 1736//1736
f 1731//1731 1732//1732 1736//1736
f 1730//1730 1731//1731 1736//1736
f 1729//1729 1730//1730 1736//1736
f 1728//1728 1729//1729 1736//1736
f 1727//1727 1728//1728 1736//1736
f 1726//1726 1727//1727 1736//1736
f 1725//1725 1726//1726 1736//1736
f 1724//1724 1725//1725 1736//1736
f 1723//1723 1724//1724 1736//1736
f 1722//1722 1723//1723 1736//1736
f 1721//1721 1722//1722 1736//1736
f 1720//1720 1721//1721 1736//1736
f 1719//1719 1720//1720 1736//1736
f 1718//1718 1719//1719 1736//1736
f 1717//1717 1718//1718 1736//1736
f 1716//1716 1717//1717 1736//1736
f 1715//1715 1716//1716 1736//1736
f 1713//1713 1714//1714 1715//1715
f 1712//1712 1713//1713 1715//1715
f 1711//1711 1712//1712 1715//1715
f 1710//1710 1711//1711 1715//1715
f 1709//1709 1710//1710 1715//1715
f 1708//1708 1709//1709 1715//1715
f 1707//1707 1708//1708 1715//1715
f 1706//1706 1707//1707 1715//1715
f 1705//1705 1706//1706 1715//1715
f 1704//1704 1705//1705 1715//1715
f 1703//1703 1704//1704 1715//1715
f 1702//1702 1703//1703 1715//1715
f 1701//1701 1702//1702 1715//1715
f 1700//1700 1701//1701 1715//1715
f 1699//1699 1700//1700 1715//1715
f 1698//1698 1699//1699 1715//1715
f 1697//1697 1698//1698 1715//1715
f 1696//1696 1697//1697 1715//1715
f 1695//1695 1696//1696 1715//1715
f 1694//1694 1695//1695 1715//1715
f 1693//1693 1694//1694 1715//1715
f 1692//1692 1693//1693 1715//1715
f 1691//1691 1692//1692 1715//1715
f 1690//1690 1691//1691 1715//1715
f 1626//1626 1627//1627 1628//1628
f 1625//1625 1626//1626 1628//1628
f 1624//1624 1625//1625 1628//1628
f 1623//1623 1624//1624 1628//1628
f 1622//1622 1623//1623 1628//1628
f 1621//1621 1622//1622 1628//1628
f 1620//1620 1621//1621 1628//1628
f 1619//1619 1620//1620 1628//1628
f 1618//1618 1619//1619 1628//1628
f 1617//1617 1618//1618 1628//1628
f 1616//1616 1617//1617 1628//1628
f 1615//1615 1616//1616 1628//1628
f 1614//1614 1615//1615 1628//1628
f 1613//1613 1614//1614 1628//1628
f 1612//1612 1613//1613 1628//1628
f 1611//1611 1612//1612 1628//1628
f 1610//1610 1611//1611 1628//1628
f 1609//1609 1610//1610 1628//1628
f 1608//1608 1609//1609 1628//1628
f 1607//1607 1608//1608 1628//1628
f 1606//1606 1607//1607 1628//1628
f 1605//1605 1606//1606 1628//1628
f 1604//1604 1605//1605 1628//1628
f 1603//1603 1604//1604 1628//1628
f 1602//1602 1603//1603 1628//1628
f 1601//1601 1602//1602 1628//1628
f 1600//1600 1601//1601 1628//1628
f 1599//1599 1600//1600 1628//1628
f 1598//1598 1599//1599 1628//1628
f 1597//1597 1598//1598 1628//1628
f 1596//1596 1597//1597 1628//1628
f 1814//1814 1830//1830 1831//1831
f 1690//1690 1715//1715 1736//1736
f 1689//1689 1690//1690 1736//1736
f 1688//1688 1689//1689 1736//1736
f 1687//1687 1688//1688 1736//1736
f 1686//1686 1687//1687 1736//1736
f 1685//1685 1686//1686 1736//1736
f 1684//1684 1685//1685 1736//1736
f 1683//1683 1684//1684 1736//1736
f 1682//1682 1683//1683 1736//1736
f 1681//1681 1682//1682 1736//1736
f 1680//1680 1681//1681 1736//1736
f 1679//1679 1680//1680 1736//1736
f 1678//1678 1679//1679 1736//1736
f 1677//1677 1678//1678 1736//1736
f 1676//1676 1677//1677 1736//1736
f 1675//1675 1676//1676 1736//1736
f 1674//1674 1675//1675 1736//1736
f 1673//1673 1674//1674 1736//1736
f 1672//1672 1673//1673 1736//1736
f 1671//1671 1672//1672 1736//1736
f 1670//1670 1671//1671 1736//1736
f 1669//1669 1670//1670 1736//1736
f 1668//1668 1669//1669 1736//1736
f 1667//1667 1668//1668 1736//1736
f 1666//1666 1667//1667 1736//1736
f 1596//1596 1628//1628 1629//1629
f 1814//1814 1831//1831 1549//1549
f 1666//1666 1736//1736 1768//1768
f 1665//1665 1666//1666 1768//1768
f 1664//1664 1665//1665 1768//1768
f 1663//1663 1664//1664 1768//1768
f 1662//1662 1663//1663 1768//1768
f 1661//1661 1662//1662 1768//1768
f 1660//1660 1661//1661 1768//1768
f 1659//1659 1660//1660 1768//1768
f 1658//1658 1659//1659 1768//1768
f 1657//1657 1658//1658 1768//1768
f 1656//1656 1657//1657 1768//1768
f 1655//1655 1656//1656 1768//1768
f 1654//1654 1655//1655 1768//1768
f 1653//1653 1654//1654 1768//1768
f 1652//1652 1653//1653 1768//1768
f 1651//1651 1652//1652 1768//1768
f 1650//1650 1651//1651 1768//1768
f 1649//1649 1650//1650 1768//1768
f 1648//1648 1649//1649 1768//1768
f 1647//1647 1648//1648 1768//1768
f 1646//1646 1647//1647 1768//1768
f 1645//1645 1646//1646 1768//1768
f 1644//1644 1645//1645 1768//1768
f 1643//1643 1644//1644 1768//1768
f 1642//1642 1643//1643 1768//1768
f 1641//1641 1642//1642 1768//1768
f 1640//1640 1641//1641 1768//1768
f 1639//1639 1640//1640 1768//1768
f 1638//1638 1639//1639 1768//1768
f 1637//1637 1638//1638 1768//1768
f 1636//1636 1637//1637 1768//1768
f 1635//1635 1636//1636 1768//1768
f 1634//1634 1635//1635 1768//1768
f 1633//1633 1634//1634 1768//1768
f 1632//1632 1633//1633 1768//1768
f 1631//1631 1632//1632 1768//1768
f 1630//1630 1631//1631 1768//1768
f 1629//1629 1630//1630 1768//1768
f 1596//1596 1629//1629 1768//1768
f 1595//1595 1596//1596 1768//1768
f 1594//1594 1595//1595 1768//1768
f 1593//1593 1594//1594 1768//1768
f 1592//1592 1593//1593 1768//1768
f 1591//1591 1592//1592 1768//1768
f 1590//1590 1591//1591 1768//1768
f 1589//1589 1590//1590 1768//1768
f 1588//1588 1589//1589 1768//1768
f 1814//1814 1549//1549 1550//1550
f 1588//1588 1768//1768 1793//1793
f 1587//1587 1588//1588 1793//1793
f 1586//1586 1587//1587 1793//1793
f 1585//1585 1586//1586 1793//1793
f 1584//1584 1585//1585 1793//1793
f 1583//1583 1584//1584 1793//1793
f 1582//1582 1583//1583 1793//1793
f 1581//1581 1582//1582 1793//1793
f 1580//1580 1581//1581 1793//1793
f 1579//1579 1580//1580 1793//1793
f 1578//1578 1579//1579 1793//1793
f 1577//1577 1578//1578 1793//1793
f 1576//1576 1577//1577 1793//1793
f 1575//1575 1576//1576 1793//1793
f 1574//1574 1575//1575 1793//1793
f 1573//1573 1574//1574 1793//1793
f 1572//1572 1573//1573 1793//1793
f 1571//1571 1572//1572 1793//1793
f 1570//1570 1571//1571 1793//1793
f 1814//1814 1550//1550 1551//1551
f 1570//1570 1793//1793 1814//1814
f 1569//1569 1570//1570 1814//1814
f 1568//1568 1569//1569 1814//1814
f 1567//1567 1568//1568 1814//1814
f 1566//1566 1567//1567 1814//1814
f 1565//1565 1566//1566 1814//1814
f 1564//1564 1565//1565 1814//1814
f 1563//1563 1564//1564 1814//1814
f 1562//1562 1563//1563 1814//1814
f 1561//1561 1562//1562 1814//1814
f 1560//1560 1561//1561 1814//1814
f 1559//1559 1560//1560 1814//1814
f 1558//1558 1559//1559 1814//1814
f 1557//1557 1558//1558 1814//1814
f 1556//1556 1557//1557 1814//1814
f 1555//1555 1556//1556 1814//1814
f 1554//1554 1555//1555 1814//1814
f 1553//1553 1554//1554 1814//1814
f 1552//1552 1553//1553 1814//1814
f 1551//1551 1552//1552 1814//1814
f 2113//2113 2112//2112 2111//2111
f 2113//2113 2111//2111 2110//2110
f 2113//2113 2110//2110 2109//2109
f 2113//2113 2109//2109 2108//2108
f 2113//2113 2108//2108 2107//2107
f 2113//2113 2107//2107 2106//2106
f 2113//2113 2106//2106 2105//2105
f 2113//2113 2105//2105 2104//2104
f 2113//2113 2104//2104 2103//2103
f 2113//2113 2103//2103 2102//2102
f 2113//2113 2102//2102 2101//2101
f 2113//2113 2101//2101 2100//2100
f 2113//2113 2100//2100 2099//2099
f 2113//2113 2099//2099 2098//2098
f 2113//2113 2098//2098 2097//2097
f 2097//2097 2096//2096 2095//2095
f 2097//2097 2095//2095 2094//2094
f 2097//2097 2094//2094 2093//2093
f 2097//2097 2093//2093 2092//2092
f 2097//2097 2092//2092 2091//2091
f 2097//2097 2091//2091 2090//2090
f 2097//2097 2090//2090 2089//2089
f 2097//2097 2089//2089 2088//2088
f 2097//2097 2088//2088 2087//2087
f 2097//2097 2087//2087 2086//2086
f 2097//2097 2086//2086 2085//2085
f 2097//2097 2085//2085 2084//2084
f 2097//2097 2084//2084 2083//2083
f 2097//2097 2083//2083 2082//2082
f 2097//2097 2082//2082 2081//2081
f 2097//2097 2081//2081 2080//2080
f 2097//2097 2080//2080 2079//2079
f 2097//2097 2079//2079 2078//2078
f 2097//2097 2078//2078 2077//2077
f 2097//2097 2077//2077 2076//2076
f 2076//2076 2075//2075 2074//2074
f 2076//2076 2074//2074 2073//2073
f 2076//2076 2073//2073 2072//2072
f 2076//2076 2072//2072 2071//2071
f 2076//2076 2071//2071 2070//2070
f 2076//2076 2070//2070 2069//2069
f 2076//2076 2069//2069 2068//2068
f 2076//2076 2068//2068 2067//2067
f 2076//2076 2067//2067 2066//2066
f 2076//2076 2066//2066 2065//2065
f 2076//2076 2065//2065 2064//2064
f 2076//2076 2064//2064 2063//2063
f 2076//2076 2063//2063 2062//2062
f 2076//2076 2062//2062 2061//2061
f 2076//2076 2061//2061 2060//2060
f 2076//2076 2060//2060 2059//2059
f 2076//2076 2059//2059 2058//2058
f 2076//2076 2058//2058 2057//2057
f 2076//2076 2057//2057 2056//2056
f 2076//2076 2056//2056 2055//2055
f 2076//2076 2055//2055 2054//2054
f 2076//2076 2054//2054 2053//2053
f 2076//2076 2053//2053 2052//2052
f 2076//2076 2052//2052 2051//2051
f 2051//2051 2050//2050 2049//2049
f 2051//2051 2049//2049 2048//2048
f 2051//2051 2048//2048 2047//2047
f 2051//2051 2047//2047 2046//2046
f 2051//2051 2046//2046 2045//2045
f 2051//2051 2045//2045 2044//2044
f 2051//2051 2044//2044 2043//2043
f 2051//2051 2043//2043 2042//2042
f 2051//2051 2042//2042 2041//2041
f 2051//2051 2041//2041 2040//2040
f 2051//2051 2040//2040 2039//2039
f 2051//2051 2039//2039 2038//2038
f 2051//2051 2038//2038 2037//2037
f 2051//2051 2037//2037 2036//2036
f 2051//2051 2036//2036 2035//2035
f 2051//2051 2035//2035 2034//2034
f 2051//2051 2034//2034 2033//2033
f 2051//2051 2033//2033 2032//2032
f 2051//2051 2032//2032 2031//2031
f 2051//2051 2031//2031 2030//2030
f 2051//2051 2030//2030 2029//2029
f 2051//2051 2029//2029 2028//2028
f 2051//2051 2028//2028 2027//2027
f 2051//2051 2027//2027 2026//2026
f 2051//2051 2026//2026 2025//2025
f 2051//2051 2025//2025 2024//2024
f 2051//2051 2024//2024 2023//2023
f 2051//2051 2023//2023 2022//2022
f 2051//2051 2022//2022 2021//2021
f 2051//2051 2021//2021 2020//2020
f 2051//2051 2020//2020 2019//2019
f 2019//2019 2018//2018 2017//2017
f 2019//2019 2017//2017 2016//2016
f 2019//2019 2016//2016 2015//2015
f 2019//2019 2015//2015 2014//2014
f 2019//2019 2014//2014 2013//2013
f 2019//2019 2013//2013 2012//2012
f 2019//2019 2012//2012 2011//2011
f 2019//2019 2011//2011 2010//2010
f 2019//2019 2010//2010 2009//2009
f 2019//2019 2009//2009 2008//2008
f 2019//2019 2008//2008 2007//2007
f 2019//2019 2007//2007 2006//2006
f 2019//2019 2006//2006 2005//2005
f 2019//2019 2005//2005 2004//2004
f 2019//2019 2004//2004 2003//2003
f 2019//2019 2003//2003 2002//2002
f 2019//2019 2002//2002 2001//2001
f 2019//2019 2001//2001 2000//2000
f 2019//2019 2000//2000 1999//1999
f 2019//2019 1999//1999 1998//1998
f 1998//1998 1997//1997 1996//1996
f 1998//1998 1996//1996 1995//1995
f 1998//1998 1995//1995 1994//1994
f 1998//1998 1994//1994 1993//1993
f 1998//1998 1993//1993 1992//1992
f 1998//1998 1992//1992 1991//1991
f 1998//1998 1991//1991 1990//1990
f 1998//1998 1990//1990 1989//1989
f 1998//1998 1989//1989 1988//1988
f 1998//1998 1988//1988 1987//1987
f 1998//1998 1987//1987 1986//1986
f 1998//1998 1986//1986 1985//1985
f 1998//1998 1985//1985 1984//1984
f 1998//1998 1984//1984 1983//1983
f 1998//1998 1983//1983 1982//1982
f 1998//1998 1982//1982 1981//1981
f 1998//1998 1981//1981 1980//1980
f 1998//1998 1980//1980 1979//1979
f 1998//1998 1979//1979 1978//1978
f 1998//1998 1978//1978 1977//1977
f 1998//1998 1977//1977 1976//1976
f 1998//1998 1976//1976 1975//1975
f 1998//1998 1975//1975 1974//1974
f 1998//1998 1974//1974 1973//1973
f 1911//1911 1910//1910 1909//1909
f 1911//1911 1909//1909 1908//1908
f 1911//1911 1908//1908 1907//1907
f 1911//1911 1907//1907 1906//1906
f 1911//1911 1906//1906 1905//1905
f 1911//1911 1905//1905 1904//1904
f 1911//1911 1904//1904 1903//1903
f 1911//1911 1903//1903 1902//1902
f 1911//1911 1902//1902 1901//1901
f 1911//1911 1901//1901 1900//1900
f 1911//1911 1900//1900 1899//1899
f 1911//1911 1899//1899 1898//1898
f 1911//1911 1898//1898 1897//1897
f 1911//1911 1897//1897 1896//1896
f 1911//1911 1896//1896 1895//1895
f 1911//1911 1895//1895 1894//1894
f 1911//1911 1894//1894 1893//1893
f 1911//1911 1893//1893 1892//1892
f 1911//1911 1892//1892 1891//1891
f 1911//1911 1891//1891 1890//1890
f 1911//1911 1890//1890 1889//1889
f 1911//1911 1889//1889 1888//1888
f 1911//1911 1888//1888 1887//1887
f 1911//1911 1887//1887 1886//1886
f 1911//1911 1886//1886 1885//1885
f 1911//1911 1885//1885 1884//1884
f 1911//1911 1884//1884 1883//1883
f 1911//1911 1883//1883 1882//1882
f 1911//1911 1882//1882 1881//1881
f 1911//1911 1881//1881 1880//1880
f 1911//1911 1880//1880 1879//1879
f 2114//2114 2113//2113 2097//2097
f 2019//2019 1998//1998 1973//1973
f 2019//2019 1973//1973 1972//1972
f 2019//2019 1972//1972 1971//1971
f 2019//2019 1971//1971 1970//1970
f 2019//2019 1970//1970 1969//1969
f 2019//2019 1969//1969 1968//1968
f 2019//2019 1968//1968 1967//1967
f 2019//2019 1967//1967 1966//1966
f 2019//2019 1966//1966 1965//1965
f 2019//2019 1965//1965 1964//1964
f 2019//2019 1964//1964 1963//1963
f 2019//2019 1963//1963 1962//1962
f 2019//2019 1962//1962 1961//1961
f 2019//2019 1961//1961 1960//1960
f 2019//2019 1960//1960 1959//1959
f 2019//2019 1959//1959 1958//1958
f 2019//2019 1958//1958 1957//1957
f 2019//2019 1957//1957 1956//1956
f 2019//2019 1956//1956 1955//1955
f 2019//2019 1955//1955 1954//1954
f 2019//2019 1954//1954 1953//1953
f 2019//2019 1953//1953 1952//1952
f 2019//2019 1952//1952 1951//1951
f 2019//2019 1951//1951 1950//1950
f 2019//2019 1950//1950 1949//1949
f 1912//1912 1911//1911 1879//1879
f 1832//1832 2114//2114 2097//2097
f 2051//2051 2019//2019 1949//1949
f 2051//2051 1949//1949 1948//1948
f 2051//2051 1948//1948 1947//1947
f 2051//2051 1947//1947 1946//1946
f 2051//2051 1946//1946 1945//1945
f 2051//2051 1945//1945 1944//1944
f 2051//2051 1944//1944 1943//1943
f 2051//2051 1943//1943 1942//1942
f 2051//2051 1942//1942 1941//1941
f 2051//2051 1941//1941 1940//1940
f 2051//2051 1940//1940 1939//1939
f 2051//2051 1939//1939 1938//1938
f 2051//2051 1938//1938 1937//1937
f 2051//2051 1937//1937 1936//1936
f 2051//2051 1936//1936 1935//1935
f 2051//2051 1935//1935 1934//1934
f 2051//2051 1934//1934 1933//1933
f 2051//2051 1933//1933 1932//1932
f 2051//2051 1932//1932 1931//1931
f 2051//2051 1931//1931 1930//1930
f 2051//2051 1930//1930 1929//1929
f 2051//2051 1929//1929 1928//1928
f 2051//2051 1928//1928 1927//1927
f 2051//2051 1927//1927 1926//1926
f 2051//2051 1926//1926 1925//1925
f 2051//2051 1925//1925 1924//1924
f 2051//2051 1924//1924 1923//1923
f 2051//2051 1923//1923 1922//1922
f 2051//2051 1922//1922 1921//1921
f 2051//2051 1921//1921 1920//1920
f 2051//2051 1920//1920 1919//1919
f 2051//2051 1919//1919 1918//1918
f 2051//2051 1918//1918 1917//1917
f 2051//2051 1917//1917 1916//1916
f 2051//2051 1916//1916 1915//1915
f 2051//2051 1915//1915 1914//1914
f 2051//2051 1914//1914 1913//1913
f 2051//2051 1913//1913 1912//1912
f 2051//2051 1912//1912 1879//1879
f 2051//2051 1879//1879 1878//1878
f 2051//2051 1878//1878 1877//1877
f 2051//2051 1877//1877 1876//1876
f 2051//2051 1876//1876 1875//1875
f 2051//2051 1875//1875 1874//1874
f 2051//2051 1874//1874 1873//1873
f 2051//2051 1873//1873 1872//1872
f 2051//2051 1872//1872 1871//1871
f 1833//1833 1832//1832 2097//2097
f 2076//2076 2051//2051 1871//1871
f 2076//2076 1871//1871 1870//1870
f 2076//2076 1870//1870 1869//1869
f 2076//2076 1869//1869 1868//1868
f 2076//2076 1868//1868 1867//1867
f 2076//2076 1867//1867 1866//1866
f 2076//2076 1866//1866 1865//1865
f 2076//2076 1865//1865 1864//1864
f 2076//2076 1864//1864 1863//1863
f 2076//2076 1863//1863 1862//1862
f 2076//2076 1862//1862 1861//1861
f 2076//2076 1861//1861 1860//1860
f 2076//2076 1860//1860 1859//1859
f 2076//2076 1859//1859 1858//1858
f 2076//2076 1858//1858 1857//1857
f 2076//2076 1857//1857 1856//1856
f 2076//2076 1856//1856 1855//1855
f 2076//2076 1855//1855 1854//1854
f 2076//2076 1854//1854 1853//1853
f 1834//1834 1833//1833 2097//2097
f 2097//2097 2076//2076 1853//1853
f 2097//2097 1853//1853 1852//1852
f 2097//2097 1852//1852 1851//1851
f 2097//2097 1851//1851 1850//1850
f 2097//2097 1850//1850 1849//1849
f 2097//2097 1849//1849 1848//1848
f 2097//2097 1848//1848 1847//1847
f 2097//2097 1847//1847 1846//1846
f 2097//2097 1846//1846 1845//1845
f 2097//2097 1845//1845 1844//1844
f 2097//2097 1844//1844 1843//1843
f 2097//2097 1843//1843 1842//1842
f 2097//2097 1842//1842 1841//1841
f 2097//2097 1841//1841 1840//1840
f 2097//2097 1840//1840 1839//1839
f 2097//2097 1839//1839 1838//1838
f 2097//2097 1838//1838 1837//1837
f 2097//2097 1837//1837 1836//1836
f 2097//2097 1836//1836 1835//1835
f 2097//2097 1835//1835 1834//1834
f 1832//1832 1833//1833 1549//1549
f 1549//1549 1833//1833 1550//1550
f 1833//1833 1834//1834 1550//1550
f 1550//1550 1834//1834 1551//1551
f 1834//1834 1835//1835 1551//1551
f 1551//1551 1835//1835 1552//1552
f 1835//1835 1836//1836 1552//1552
f 1552//1552 1836//1836 1553//1553
f 1836//1836 1837//1837 1553//1553
f 1553//1553 1837//1837 1554//1554
f 1837//1837 1838//1838 1554//1554
f 1554//1554 1838//1838 1555//1555
f 1838//1838 1839//1839 1555//1555
f 1555//1555 1839//1839 1556//1556
f 1839//1839 1840//1840 1556//1556
f 1556//1556 1840//1840 1557//1557
f 1840//1840 1841//1841 1557//1557
f 1557//1557 1841//1841 1558//1558
f 1841//1841 1842//1842 1558//1558
f 1558//1558 1842//1842 1559//1559
f 1842//1842 1843//1843 1559//1559
f 1559//1559 1843//1843 1560//1560
f 1843//1843 1844//1844 1560//1560
f 1560//1560 1844//1844 1561//1561
f 1844//1844 1845//1845 1561//1561
f 1561//1561 1845//1845 1562//1562
f 1845//1845 1846//1846 1562//1562
f 1562//1562 1846//1846 1563//1563
f 1846//1846 1847//1847 1563//1563
f 1563//1563 1847//1847 1564//1564
f 1847//1847 1848//1848 1564//1564
f 1564//1564 1848//1848 1565//1565
f 1848//1848 1849//1849 1565//1565
f 1565//1565 1849//1849 1566//1566
f 1849//1849 1850//1850 1566//1566
f 1566//1566 1850//1850 1567//1567
f 1850//1850 1851//1851 1567//1567
f 1567//1567 1851//1851 1568//1568
f 1851//1851 1852//1852 1568//1568
f 1568//1568 1852//1852 1569//1569
f 1852//1852 1853//1853 1569//1569
f 1569//1569 1853//1853 1570//1570
f 1853//1853 1854//1854 1570//1570
f 1570//1570 1854//1854 1571//1571
f 1854//1854 1855//1855 1571//1571
f 1571//1571 1855//1855 1572//1572
f 1855//1855 1856//1856 1572//1572
f 1572//1572 1856//1856 1573//1573
f 1856//1856 1857//1857 1573//1573
f 1573//1573 1857//1857 1574//1574
f 1857//1857 1858//1858 1574//1574
f 1574//1574 1858//1858 1575//1575
f 1858//1858 1859//1859 1575//1575
f 1575//1575 1859//1859 1576//1576
f 1859//1859 1860//1860 1576//1576
f 1576//1576 1860//1860 1577//1577
f 1860//1860 1861//1861 1577//1577
f 1577//1577 1861//1861 1578//1578
f 1861//1861 1862//1862 1578//1578
f 1578//1578 1862//1862 1579//1579
f 1862//1862 1863//1863 1579//1579
f 1579//1579 1863//1863 1580//1580
f 1863//1863 1864//1864 1580//1580
f 1580//1580 1864//1864 1581//1581
f 1864//1864 1865//1865 1581//1581
f 1581//1581 1865//1865 1582//1582
f 1865//1865 1866//1866 1582//1582
f 1582//1582 1866//1866 1583//1583
f 1866//1866 1867//1867 1583//1583
f 1583//1583 1867//1867 1584//1584
f 1867//1867 1868//1868 1584//1584
f 1584//1584 1868//1868 1585//1585
f 1868//1868 1869//1869 1585//1585
f 1585//1585 1869//1869 1586//1586
f 1869//1869 1870//1870 1586//1586
f 1586//1586 1870//1870 1587//1587
f 1870//1870 1871//1871 1587//1587
f 1587//1587 1871//1871 1588//1588
f 1871//1871 1872//1872 1588//1588
f 1588//1588 1872//1872 1589//1589
f 1872//1872 1873//1873 1589//1589
f 1589//1589 1873//1873 1590//1590
f 1873//1873 1874//1874 1590//1590
f 1590//1590 1874//1874 1591//1591
f 1874//1874 1875//1875 1591//1591
f 1591//1591 1875//1875 1592//1592
f 1875//1875 1876//1876 1592//1592
f 1592//1592 1876//1876 1593//1593
f 1876//1876 1877//1877 1593//1593
f 1593//1593 1877//1877 1594//1594
f 1877//1877 1878//1878 1594//1594
f 1594//1594 1878//1878 1595//1595
f 1878//1878 1879//1879 1595//1595
f 1595//1595 1879//1879 1596//1596
f 1879//1879 1880//1880 1596//1596
f 1596//1596 1880//1880 1597//1597
f 1880//1880 1881//1881 1597//1597
f 1597//1597 1881//1881 1598//1598
f 1881//1881 1882//1882 1598//1598
f 1598//1598 1882//1882 1599//1599
f 1882//1882 1883//1883 1599//1599
f 1599//1599 1883//1883 1600//1600
f 1883//1883 1884//1884 1600//1600
f 1600//1600 1884//1884 1601//1601
f 1884//1884 1885//1885 1601//1601
f 1601//1601 1885//1885 1602//1602
f 1885//1885 1886//1886 1602//1602
f 1602//1602 1886//1886 1603//1603
f 1886//1886 1887//1887 1603//1603
f 1603//1603 1887//1887 1604//1604
f 1887//1887 1888//1888 1604//1604
f 1604//1604 1888//1888 1605//1605
f 1888//1888 1889//1889 1605//1605
f 1605//1605 1889//1889 1606//1606
f 1889//1889 1890//1890 1606//1606
f 1606//1606 1890//1890 1607//1607
f 1890//1890 1891//1891 1607//1607
f 1607//1607 1891//1891 1608//1608
f 1891//1891 1892//1892 1608//1608
f 1608//1608 1892//1892 1609//1609
f 1892//1892 1893//1893 1609//1609
f 1609//1609 1893//1893 1610//1610
f 1893//1893 1894//1894 1610//1610
f 1610//1610 1894//1894 1611//1611
f 1894//1894 1895//1895 1611//1611
f 1611//1611 1895//1895 1612//1612
f 1895//1895 1896//1896 1612//1612
f 1612//1612 1896//1896 1613//1613
f 1896//1896 1897//1897 1613//1613
f 1613//1613 1897//1897 1614//1614
f 1897//1897 1898//1898 1614//1614
f 1614//1614 1898//1898 1615//1615
f 1898//1898 1899//1899 1615//1615
f 1615//1615 1899//1899 1616//1616
f 1899//1899 1900//1900 1616//1616
f 1616//1616 1900//1900 1617//1617
f 1900//1900 1901//1901 1617//1617
f 1617//1617 1901//1901 1618//1618
f 1901//1901 1902//1902 1618//1618
f 1618//1618 1902//1902 1619//1619
f 1902//1902 1903//1903 1619//1619
f 1619//1619 1903//1903 1620//1620
f 1903//1903 1904//1904 1620//1620
f 1620//1620 1904//1904 1621//1621
f 1904//1904 1905//1905 1621//1621
f 1621//1621 1905//1905 1622//1622
f 1905//1905 1906//1906 1622//1622
f 1622//1622 1906//1906 1623//1623
f 1906//1906 1907//1907 1623//1623
f 1623//1623 1907//1907 1624//1624
f 1907//1907 1908//1908 1624//1624
f 1624//1624 1908//1908 1625//1625
f 1908//1908 1909//1909 1625//1625
f 1625//1625 1909//1909 1626//1626
f 1909//1909 1910//1910 1626//1626
f 1626//1626 1910//1910 1627//1627
f 1910//1910 1911//1911 1627//1627
f 1627//1627 1911//1911 1628//1628
f 1911//1911 1912//1912 1628//1628
f 1628//1628 1912//1912 1629//1629
f 1912//1912 1913//1913 1629//1629
f 1629//1629 1913//1913 1630//1630
f 1913//1913 1914//1914 1630//1630
f 1630//1630 1914//1914 1631//1631
f 1914//1914 1915//1915 1631//1631
f 1631//1631 1915//1915 1632//1632
f 1915//1915 1916//1916 1632//1632
f 1632//1632 1916//1916 1633//1633
f 1916//1916 1917//1917 1633//1633
f 1633//1633 1917//1917 1634//1634
f 1917//1917 1918//1918 1634//1634
f 1634//1634 1918//1918 1635//1635
f 1918//1918 1919//1919 1635//1635
f 1635//1635 1919//1919 1636//1636
f 1919//1919 1920//1920 1636//1636
f 1636//1636 1920//1920 1637//1637
f 1920//1920 1921//1921 1637//1637
f 1637//1637 1921//1921 1638//1638
f 1921//1921 1922//1922 1638//1638
f 1638//1638 1922//1922 1639//1639
f 1922//1922 1923//1923 1639//1639
f 1639//1639 1923//1923 1640//1640
f 1923//1923 1924//1924 1640//1640
f 1640//1640 1924//1924 1641//1641
f 1924//1924 1925//1925 1641//1641
f 1641//1641 1925//1925 1642//1642
f 1925//1925 1926//1926 1642//1642
f 1642//1642 1926//1926 1643//1643
f 1926//1926 1927//1927 1643//1643
f 1643//1643 1927//1927 1644//1644
f 1927//1927 1928//1928 1644//1644
f 1644//1644 1928//1928 1645//1645
f 1928//1928 1929//1929 1645//1645
f 1645//1645 1929//1929 1646//1646
f 1929//1929 1930//1930 1646//1646
f 1646//1646 1930//1930 1647//1647
f 1930//1930 1931//1931 1647//1647
f 1647//1647 1931//1931 1648//1648
f 1931//1931 1932//1932 1648//1648
f 1648//1648 1932//1932 1649//1649
f 1932//1932 1933//1933 1649//1649
f 1649//1649 1933//1933 1650//1650
f 1933//1933 1934//1934 1650//1650
f 1650//1650 1934//1934 1651//1651
f 1934//1934 1935//1935 1651//1651
f 1651//1651 1935//1935 1652//1652
f 1935//1935 1936//1936 1652//1652
f 1652//1652 1936//1936 1653//1653
f 1936//1936 1937//1937 1653//1653
f 1653//1653 1937//1937 1654//1654
f 1937//1937 1938//1938 1654//1654
f 1654//1654 1938//1938 1655//1655
f 1938//1938 1939//1939 1655//1655
f 1655//1655 1939//1939 1656//1656
f 1939//1939 1940//1940 1656//1656
f 1656//1656 1940//1940 1657//1657
f 1940//1940 1941//1941 1657//1657
f 1657//1657 1941//1941 1658//1658
f 1941//1941 1942//1942 1658//1658
f 1658//1658 1942//1942 1659//1659
f 1942//1942 1943//1943 1659//1659
f 1659//1659 1943//1943 1660//1660
f 1943//1943 1944//1944 1660//1660
f 1660//1660 1944//1944 1661//1661
f 1944//1944 1945//1945 1661//1661
f 1661//1661 1945//1945 1662//1662
f 1945//1945 1946//1946 1662//1662
f 1662//1662 1946//1946 1663//1663
f 1946//1946 1947//1947 1663//1663
f 1663//1663 1947//1947 1664//1664
f 1947//1947 1948//1948 1664//1664
f 1664//1664 1948//1948 1665//1665
f 1948//1948 1949//1949 1665//1665
f 1665//1665 1949//1949 1666//1666
f 1949//1949 1950//1950 1666//1666
f 1666//1666 1950//1950 1667//1667
f 1950//1950 1951//1951 1667//1667
f 1667//1667 1951//1951 1668//1668
f 1951//1951 1952//1952 1668//1668
f 1668//1668 1952//1952 1669//1669
f 1952//1952 1953//1953 1669//1669
f 1669//1669 1953//1953 1670//1670
f 1953//1953 1954//1954 1670//1670
f 1670//1670 1954//1954 1671//1671
f 1954//1954 1955//1955 1671//1671
f 1671//1671 1955//1955 1672//1672
f 1955//1955 1956//1956 1672//1672
f 1672//1672 1956//1956 1673//1673
f 1956//1956 1957//1957 1673//1673
f 1673//1673 1957//1957 1674//1674
f 1957//1957 1958//1958 1674//1674
f 1674//1674 1958//1958 1675//1675
f 1958//1958 1959//1959 1675//1675
f 1675//1675 1959//1959 1676//1676
f 1959//1959 1960//1960 1676//1676
f 1676//1676 1960//1960 1677//1677
f 1960//1960 1961//1961 1677//1677
f 1677//1677 1961//1961 1678//1678
f 1961//1961 1962//1962 1678//1678
f 1678//1678 1962//1962 1679//1679
f 1962//1962 1963//1963 1679//1679
f 1679//1679 1963//1963 1680//1680
f 1963//1963 1964//1964 1680//1680
f 1680//1680 1964//1964 1681//1681
f 1964//1964 1965//1965 1681//1681
f 1681//1681 1965//1965 1682//1682
f 1965//1965 1966//1966 1682//1682
f 1682//1682 1966//1966 1683//1683
f 1966//1966 1967//1967 1683//1683
f 1683//1683 1967//1967 1684//1684
f 1967//1967 1968//1968 1684//1684
f 1684//1684 1968//1968 1685//1685
f 1968//1968 1969//1969 1685//1685
f 1685//1685 1969//1969 1686//1686
f 1969//1969 1970//1970 1686//1686
f 1686//1686 1970//1970 1687//1687
f 1970//1970 1971//1971 1687//1687
f 1687//1687 1971//1971 1688//1688
f 1971//1971 1972//1972 1688//1688
f 1688//1688 1972//1972 1689//1689
f 1972//1972 1973//1973 1689//1689
f 1689//1689 1973//1973 1690//1690
f 1973//1973 1974//1974 1690//1690
f 1690//1690 1974//1974 1691//1691
f 1974//1974 1975//1975 1691//1691
f 1691//1691 1975//1975 1692//1692
f 1975//1975 1976//1976 1692//1692
f 1692//1692 1976//1976 1693//1693
f 1976//1976 1977//1977 1693//1693
f 1693//1693 1977//1977 1694//1694
f 1977//1977 1978//1978 1694//1694
f 1694//1694 1978//1978 1695//1695
f 1978//1978 1979//1979 1695//1695
f 1695//1695 1979//1979 1696//1696
f 1979//1979 1980//1980 1696//1696
f 1696//1696 1980//1980 1697//1697
f 1980//1980 1981//1981 1697//1697
f 1697//1697 1981//1981 1698//1698
f 1981//1981 1982//1982 1698//1698
f 1698//1698 1982//1982 1699//1699
f 1982//1982 1983//1983 1699//1699
f 1699//1699 1983//1983 1700//1700
f 1983//1983 1984//1984 1700//1700
f 1700//1700 1984//1984 1701//1701
f 1984//1984 1985//1985 1701//1701
f 1701//1701 1985//1985 1702//1702
f 1985//1985 1986//1986 1702//1702
f 1702//1702 1986//1986 1703//1703
f 1986//1986 1987//1987 1703//1703
f 1703//1703 1987//1987 1704//1704
f 1987//1987 1988//1988 1704//1704
f 1704//1704 1988//1988 1705//1705
f 1988//1988 1989//1989 1705//1705
f 1705//1705 1989//1989 1706//1706
f 1989//1989 1990//1990 1706//1706
f 1706//1706 1990//1990 1707//1707
f 1990//1990 1991//1991 1707//1707
f 1707//1707 1991//1991 1708//1708
f 1991//1991 1992//1992 1708//1708
f 1708//1708 1992//1992 1709//1709
f 1992//1992 1993//1993 1709//1709
f 1709//1709 1993//1993 1710//1710
f 1993//1993 1994//1994 1710//1710
f 1710//1710 1994//1994 1711//1711
f 1994//1994 1995//1995 1711//1711
f 1711//1711 1995//1995 1712//1712
f 1995//1995 1996//1996 1712//1712
f 1712//1712 1996//1996 1713//1713
f 1996//1996 1997//1997 1713//1713
f 1713//1713 1997//1997 1714//1714
f 1997//1997 1998//1998 1714//1714
f 1714//1714 1998//1998 1715//1715
f 1998//1998 1999//1999 1715//1715
f 1715//1715 1999//1999 1716//1716
f 1999//1999 2000//2000 1716//1716
f 1716//1716 2000//2000 1717//1717
f 2000//2000 2001//2001 1717//1717
f 1717//1717 2001//2001 1718//1718
f 2001//2001 2002//2002 1718//1718
f 1718//1718 2002//2002 1719//1719
f 2002//2002 2003//2003 1719//1719
f 1719//1719 2003//2003 1720//1720
f 2003//2003 2004//2004 1720//1720
f 1720//1720 2004//2004 1721//1721
f 2004//2004 2005//2005 1721//1721
f 1721//1721 2005//2005 1722//1722
f 2005//2005 2006//2006 1722//1722
f 1722//1722 2006//2006 1723//1723
f 2006//2006 2007//2007 1723//1723
f 1723//1723 2007//2007 1724//1724
f 2007//2007 2008//2008 1724//1724
f 1724//1724 2008//2008 1725//1725
f 2008//2008 2009//2009 1725//1725
f 1725//1725 2009//2009 1726//1726
f 2009//2009 2010//2010 1726//1726
f 1726//1726 2010//2010 1727//1727
f 2010//2010 2011//2011 1727//1727
f 1727//1727 2011//2011 1728//1728
f 2011//2011 2012//2012 1728//1728
f 1728//1728 2012//2012 1729//1729
f 2012//2012 2013//2013 1729//1729
f 1729//1729 2013//2013 1730//1730
f 2013//2013 2014//2014 1730//1730
f 1730//1730 2014//2014 1731//1731
f 2014//2014 2015//2015 1731//1731
f 1731//1731 2015//2015 1732//1732
f 2015//2015 2016//2016 1732//1732
f 1732//1732 2016//2016 1733//1733
f 2016//2016 2017//2017 1733//1733
f 1733//1733 2017//2017 1734//1734
f 2017//2017 2018//2018 1734//1734
f 1734//1734 2018//2018 1735//1735
f 2018//2018 2019//2019 1735//1735
f 1735//1735 2019//2019 1736//1736
f 2019//2019 2020//2020 1736//1736
f 1736//1736 2020//2020 1737//1737
f 2020//2020 2021//2021 1737//1737
f 1737//1737 2021//2021 1738//1738
f 2021//2021 2022//2022 1738//1738
f 1738//1738 2022//2022 1739//1739
f 2022//2022 2023//2023 1739//1739
f 1739//1739 2023//2023 1740//1740
f 2023//2023 2024//2024 1740//1740
f 1740//1740 2024//2024 1741//1741
f 2024//2024 2025//2025 1741//1741
f 1741//1741 2025//2025 1742//1742
f 2025//2025 2026//2026 1742//1742
f 1742//1742 2026//2026 1743//1743
f 2026//2026 2027//2027 1743//1743
f 1743//1743 2027//2027 1744//1744
f 2027//2027 2028//2028 1744//1744
f 1744//1744 2028//2028 1745//1745
f 2028//2028 2029//2029 1745//1745
f 1745//1745 2029//2029 1746//1746
f 2029//2029 2030//2030 1746//1746
f 1746//1746 2030//2030 1747//1747
f 2030//2030 2031//2031 1747//1747
f 1747//1747 2031//2031 1748//1748
f 2031//2031 2032//2032 1748//1748
f 1748//1748 2032//2032 1749//1749
f 2032//2032 2033//2033 1749//1749
f 1749//1749 2033//2033 1750//1750
f 2033//2033 2034//2034 1750//1750
f 1750//1750 2034//2034 1751//1751
f 2034//2034 2035//2035 1751//1751
f 1751//1751 2035//2035 1752//1752
f 2035//2035 2036//2036 1752//1752
f 1752//1752 2036//2036 1753//1753
f 2036//2036 2037//2037 1753//1753
f 1753//1753 2037//2037 1754//1754
f 2037//2037 2038//2038 1754//1754
f 1754//1754 2038//2038 1755//1755
f 2038//2038 2039//2039 1755//1755
f 1755//1755 2039//2039 1756//1756
f 2039//2039 2040//2040 1756//1756
f 1756//1756 2040//2040 1757//1757
f 2040//2040 2041//2041 1757//1757
f 1757//1757 2041//2041 1758//1758
f 2041//2041 2042//2042 1758//1758
f 1758//1758 2042//2042 1759//1759
f 2042//2042 2043//2043 1759//1759
f 1759//1759 2043//2043 1760//1760
f 2043//2043 2044//2044 1760//1760
f 1760//1760 2044//2044 1761//1761
f 2044//2044 2045//2045 1761//1761
f 1761//1761 2045//2045 1762//1762
f 2045//2045 2046//2046 1762//1762
f 1762//1762 2046//2046 1763//1763
f 2046//2046 2047//2047 1763//1763
f 1763//1763 2047//2047 1764//1764
f 2047//2047 2048//2048 1764//1764
f 1764//1764 2048//2048 1765//1765
f 2048//2048 2049//2049 1765//1765
f 1765//1765 2049//2049 1766//1766
f 2049//2049 2050//2050 1766//1766
f 1766//1766 2050//2050 1767//1767
f 2050//2050 2051//2051 1767//1767
f 1767//1767 2051//2051 1768//1768
f 2051//2051 2052//2052 1768//1768
f 1768//1768 2052//2052 1769//1769
f 2052//2052 2053//2053 1769//1769
f 1769//1769 2053//2053 1770//1770
f 2053//2053 2054//2054 1770//1770
f 1770//1770 2054//2054 1771//1771
f 2054//2054 2055//2055 1771//1771
f 1771//1771 2055//2055 1772//1772
f 2055//2055 2056//2056 1772//1772
f 1772//1772 2056//2056 1773//1773
f 2056//2056 2057//2057 1773//1773
f 1773//1773 2057//2057 1774//1774
f 2057//2057 2058//2058 1774//1774
f 1774//1774 2058//2058 1775//1775
f 2058//2058 2059//2059 1775//1775
f 1775//1775 2059//2059 1776//1776
f 2059//2059 2060//2060 1776//1776
f 1776//1776 2060//2060 1777//1777
f 2060//2060 2061//2061 1777//1777
f 1777//1777 2061//2061 1778//1778
f 2061//2061 2062//2062 1778//1778
f 1778//1778 2062//2062 1779//1779
f 2062//2062 2063//2063 1779//1779
f 1779//1779 2063//2063 1780//1780
f 2063//2063 2064//2064 1780//1780
f 1780//1780 2064//2064 1781//1781
f 2064//2064 2065//2065 1781//1781
f 1781//1781 2065//2065 1782//1782
f 2065//2065 2066//2066 1782//1782
f 1782//1782 2066//2066 1783//1783
f 2066//2066 2067//2067 1783//1783
f 1783//1783 2067//2067 1784//1784
f 2067//2067 2068//2068 1784//1784
f 1784//1784 2068//2068 1785//1785
f 2068//2068 2069//2069 1785//1785
f 1785//1785 2069//2069 1786//1786
f 2069//2069 2070//2070 1786//1786
f 1786//1786 2070//2070 1787//1787
f 2070//2070 2071//2071 1787//1787
f 1787//1787 2071//2071 1788//1788
f 2071//2071 2072//2072 1788//1788
f 1788//1788 2072//2072 1789//1789
f 2072//2072 2073//2073 1789//1789
f 1789//1789 2073//2073 1790//1790
f 2073//2073 2074//2074 1790//1790
f 1790//1790 2074//2074 1791//1791
f 2074//2074 2075//2075 1791//1791
f 1791//1791 2075//2075 1792//1792
f 2075//2075 2076//2076 1792//1792
f 1792//1792 2076//2076 1793//1793
f 2076//2076 2077//2077 1793//1793
f 1793//1793 2077//2077 1794//1794
f 2077//2077 2078//2078 1794//1794
f 1794//1794 2078//2078 1795//1795
f 2078//2078 2079//2079 1795//1795
f 1795//1795 2079//2079 1796//1796
f 2079//2079 2080//2080 1796//1796
f 1796//1796 2080//2080 1797//1797
f 2080//2080 2081//2081 1797//1797
f 1797//1797 2081//2081 1798//1798
f 2081//2081 2082//2082 1798//1798
f 1798//1798 2082//2082 1799//1799
f 2082//2082 2083//2083 1799//1799
f 1799//1799 2083//2083 1800//1800
f 2083//2083 2084//2084 1800//1800
f 1800//1800 2084//2084 1801//1801
f 2084//2084 2085//2085 1801//1801
f 1801//1801 2085//2085 1802//1802
f 2085//2085 2086//2086 1802//1802
f 1802//1802 2086//2086 1803//1803
f 2086//2086 2087//2087 1803//1803
f 1803//1803 2087//2087 1804//1804
f 2087//2087 2088//2088 1804//1804
f 1804//1804 2088//2088 1805//1805
f 2088//2088 2089//2089 1805//1805
f 1805//1805 2089//2089 1806//1806
f 2089//2089 2090//2090 1806//1806
f 1806//1806 2090//2090 1807//1807
f 2090//2090 2091//2091 1807//1807
f 1807//1807 2091//2091 1808//1808
f 2091//2091 2092//2092 1808//1808
f 1808//1808 2092//2092 1809//1809
f 2092//2092 2093//2093 1809//1809
f 1809//1809 2093//2093 1810//1810
f 2093//2093 2094//2094 1810//1810
f 1810//1810 2094//2094 1811//1811
f 2094//2094 2095//2095 1811//1811
f 1811//1811 2095//2095 1812//1812
f 2095//2095 2096//2096 1812//1812
f 1812//1812 2096//2096 1813//1813
f 2096//2096 2097//2097 1813//1813
f 1813//1813 2097//2097 1814//1814
f 2097//2097 2098//2098 1814//1814
f 1814//1814 2098//2098 1815//1815
f 2098//2098 2099//2099 1815//1815
f 1815//1815 2099//2099 1816//1816
f 2099//2099 2100//2100 1816//1816
f 1816//1816 2100//2100 1817//1817
f 2100//2100 2101//2101 1817//1817
f 1817//1817 2101//2101 1818//1818
f 2101//2101 2102//2102 1818//1818
f 1818//1818 2102//2102 1819//1819
f 2102//2102 2103//2103 1819//1819
f 1819//1819 2103//2103 1820//1820
f 2103//2103 2104//2104 1820//1820
f 1820//1820 2104//2104 1821//1821
f 2104//2104 2105//2105 1821//1821
f 1821//1821 2105//2105 1822//1822
f 2105//2105 2106//2106 1822//1822
f 1822//1822 2106//2106 1823//1823
f 2106//2106 2107//2107 1823//1823
f 1823//1823 2107//2107 1824//1824
f 2107//2107 2108//2108 1824//1824
f 1824//1824 2108//2108 1825//1825
f 2108//2108 2109//2109 1825//1825
f 1825//1825 2109//2109 1826//1826
f 2109//2109 2110//2110 1826//1826
f 1826//1826 2110//2110 1827//1827
f 2110//2110 2111//2111 1827//1827
f 1827//1827 2111//2111 1828//1828
f 2111//2111 2112//2112 1828//1828
f 1828//1828 2112//2112 1829//1829
f 2112//2112 2113//2113 1829//1829
f 1829//1829 2113//2113 1830//1830
f 2114//2114 1832//1832 1831//1831
f 1831//1831 1832//1832 1549//1549
f 2113//2113 2114//2114 1830//1830
f 1830//1830 2114//2114 1831//1831
f 2311//2311 2312//2312 2229//2229
f 2310//2310 2311//2311 2229//2229
f 2309//2309 2310//2310 2229//2229
f 2308//2308 2309//2309 2229//2229
f 2307//2307 2308//2308 2229//2229
f 2306//2306 2307//2307 2229//2229
f 2305//2305 2306//2306 2229//2229
f 2304//2304 2305//2305 2229//2229
f 2303//2303 2304//2304 2229//2229
f 2302//2302 2303//2303 2229//2229
f 2301//2301 2302//2302 2229//2229
f 2300//2300 2301//2301 2229//2229
f 2229//2229 2312//2312 2313//2313
f 2228//2228 2229//2229 2313//2313
f 2227//2227 2228//2228 2313//2313
f 2226//2226 2227//2227 2313//2313
f 2225//2225 2226//2226 2313//2313
f 2224//2224 2225//2225 2313//2313
f 2223//2223 2224//2224 2313//2313
f 2222//2222 2223//2223 2313//2313
f 2221//2221 2222//2222 2313//2313
f 2220//2220 2221//2221 2313//2313
f 2219//2219 2220//2220 2313//2313
f 2218//2218 2219//2219 2313//2313
f 2216//2216 2217//2217 2218//2218
f 2215//2215 2216//2216 2218//2218
f 2214//2214 2215//2215 2218//2218
f 2213//2213 2214//2214 2218//2218
f 2212//2212 2213//2213 2218//2218
f 2211//2211 2212//2212 2218//2218
f 2210//2210 2211//2211 2218//2218
f 2209//2209 2210//2210 2218//2218
f 2208//2208 2209//2209 2218//2218
f 2207//2207 2208//2208 2218//2218
f 2206//2206 2207//2207 2218//2218
f 2205//2205 2206//2206 2218//2218
f 2204//2204 2205//2205 2218//2218
f 2203//2203 2204//2204 2218//2218
f 2202//2202 2203//2203 2218//2218
f 2201//2201 2202//2202 2218//2218
f 2200//2200 2201//2201 2218//2218
f 2199//2199 2200//2200 2218//2218
f 2198//2198 2199//2199 2218//2218
f 2196//2196 2197//2197 2198//2198
f 2195//2195 2196//2196 2198//2198
f 2194//2194 2195//2195 2198//2198
f 2193//2193 2194//2194 2198//2198
f 2192//2192 2193//2193 2198//2198
f 2191//2191 2192//2192 2198//2198
f 2190//2190 2191//2191 2198//2198
f 2189//2189 2190//2190 2198//2198
f 2188//2188 2189//2189 2198//2198
f 2187//2187 2188//2188 2198//2198
f 2186//2186 2187//2187 2198//2198
f 2185//2185 2186//2186 2198//2198
f 2184//2184 2185//2185 2198//2198
f 2183//2183 2184//2184 2198//2198
f 2182//2182 2183//2183 2198//2198
f 2181//2181 2182//2182 2198//2198
f 2180//2180 2181//2181 2198//2198
f 2179//2179 2180//2180 2198//2198
f 2178//2178 2179//2179 2198//2198
f 2177//2177 2178//2178 2198//2198
f 2176//2176 2177//2177 2198//2198
f 2175//2175 2176//2176 2198//2198
f 2174//2174 2175//2175 2198//2198
f 2172//2172 2173//2173 2174//2174
f 2171//2171 2172//2172 2174//2174
f 2170//2170 2171//2171 2174//2174
f 2169//2169 2170//2170 2174//2174
f 2168//2168 2169//2169 2174//2174
f 2167//2167 2168//2168 2174//2174
f 2166//2166 2167//2167 2174//2174
f 2165//2165 2166//2166 2174//2174
f 2164//2164 2165//2165 2174//2174
f 2163//2163 2164//2164 2174//2174
f 2162//2162 2163//2163 2174//2174
f 2161//2161 2162//2162 2174//2174
f 2160//2160 2161//2161 2174//2174
f 2159//2159 2160//2160 2174//2174
f 2158//2158 2159//2159 2174//2174
f 2157//2157 2158//2158 2174//2174
f 2156//2156 2157//2157 2174//2174
f 2155//2155 2156//2156 2174//2174
f 2154//2154 2155//2155 2174//2174
f 2153//2153 2154//2154 2174//2174
f 2152//2152 2153//2153 2174//2174
f 2151//2151 2152//2152 2174//2174
f 2271//2271 2272//2272 2273//2273
f 2270//2270 2271//2271 2273//2273
f 2269//2269 2270//2270 2273//2273
f 2268//2268 2269//2269 2273//2273
f 2267//2267 2268//2268 2273//2273
f 2266//2266 2267//2267 2273//2273
f 2265//2265 2266//2266 2273//2273
f 2264//2264 2265//2265 2273//2273
f 2263//2263 2264//2264 2273//2273
f 2262//2262 2263//2263 2273//2273
f 2261//2261 2262//2262 2273//2273
f 2260//2260 2261//2261 2273//2273
f 2259//2259 2260//2260 2273//2273
f 2258//2258 2259//2259 2273//2273
f 2257//2257 2258//2258 2273//2273
f 2256//2256 2257//2257 2273//2273
f 2255//2255 2256//2256 2273//2273
f 2253//2253 2254//2254 2255//2255
f 2252//2252 2253//2253 2255//2255
f 2251//2251 2252//2252 2255//2255
f 2250//2250 2251//2251 2255//2255
f 2249//2249 2250//2250 2255//2255
f 2248//2248 2249//2249 2255//2255
f 2247//2247 2248//2248 2255//2255
f 2246//2246 2247//2247 2255//2255
f 2245//2245 2246//2246 2255//2255
f 2244//2244 2245//2245 2255//2255
f 2243//2243 2244//2244 2255//2255
f 2242//2242 2243//2243 2255//2255
f 2241//2241 2242//2242 2255//2255
f 2239//2239 2240//2240 2241//2241
f 2238//2238 2239//2239 2241//2241
f 2237//2237 2238//2238 2241//2241
f 2236//2236 2237//2237 2241//2241
f 2235//2235 2236//2236 2241//2241
f 2234//2234 2235//2235 2241//2241
f 2233//2233 2234//2234 2241//2241
f 2232//2232 2233//2233 2241//2241
f 2231//2231 2232//2232 2241//2241
f 2230//2230 2231//2231 2241//2241
f 2229//2229 2230//2230 2241//2241
f 2218//2218 2313//2313 2314//2314
f 2255//2255 2273//2273 2274//2274
f 2218//2218 2314//2314 2315//2315
f 2255//2255 2274//2274 2275//2275
f 2218//2218 2315//2315 2316//2316
f 2255//2255 2275//2275 2115//2115
f 2218//2218 2316//2316 2317//2317
f 2255//2255 2115//2115 2116//2116
f 2218//2218 2317//2317 2318//2318
f 2255//2255 2116//2116 2117//2117
f 2218//2218 2318//2318 2319//2319
f 2255//2255 2117//2117 2118//2118
f 2218//2218 2319//2319 2320//2320
f 2255//2255 2118//2118 2119//2119
f 2218//2218 2320//2320 2321//2321
f 2255//2255 2119//2119 2120//2120
f 2218//2218 2321//2321 2322//2322
f 2255//2255 2120//2120 2121//2121
f 2218//2218 2322//2322 2323//2323
f 2255//2255 2121//2121 2122//2122
f 2218//2218 2323//2323 2324//2324
f 2255//2255 2122//2122 2123//2123
f 2218//2218 2324//2324 2325//2325
f 2255//2255 2123//2123 2124//2124
f 2218//2218 2325//2325 2326//2326
f 2255//2255 2124//2124 2125//2125
f 2218//2218 2326//2326 2327//2327
f 2255//2255 2125//2125 2126//2126
f 2218//2218 2327//2327 2328//2328
f 2255//2255 2126//2126 2127//2127
f 2218//2218 2328//2328 2329//2329
f 2255//2255 2127//2127 2128//2128
f 2218//2218 2329//2329 2330//2330
f 2255//2255 2128//2128 2129//2129
f 2218//2218 2330//2330 2331//2331
f 2255//2255 2129//2129 2130//2130
f 2218//2218 2331//2331 2332//2332
f 2255//2255 2130//2130 2131//2131
f 2218//2218 2332//2332 2333//2333
f 2255//2255 2131//2131 2132//2132
f 2218//2218 2333//2333 2334//2334
f 2255//2255 2132//2132 2133//2133
f 2218//2218 2334//2334 2335//2335
f 2198//2198 2218//2218 2335//2335
f 2255//2255 2133//2133 2134//2134
f 2198//2198 2335//2335 2336//2336
f 2255//2255 2134//2134 2135//2135
f 2241//2241 2255//2255 2135//2135
f 2198//2198 2336//2336 2337//2337
f 2241//2241 2135//2135 2136//2136
f 2198//2198 2337//2337 2338//2338
f 2241//2241 2136//2136 2137//2137
f 2198//2198 2338//2338 2339//2339
f 2241//2241 2137//2137 2138//2138
f 2198//2198 2339//2339 2340//2340
f 2241//2241 2138//2138 2139//2139
f 2198//2198 2340//2340 2341//2341
f 2241//2241 2139//2139 2140//2140
f 2198//2198 2341//2341 2342//2342
f 2241//2241 2140//2140 2141//2141
f 2198//2198 2342//2342 2343//2343
f 2241//2241 2141//2141 2142//2142
f 2198//2198 2343//2343 2344//2344
f 2241//2241 2142//2142 2143//2143
f 2229//2229 2241//2241 2143//2143
f 2198//2198 2344//2344 2345//2345
f 2229//2229 2143//2143 2144//2144
f 2198//2198 2345//2345 2346//2346
f 2229//2229 2144//2144 2145//2145
f 2198//2198 2346//2346 2347//2347
f 2229//2229 2145//2145 2146//2146
f 2198//2198 2347//2347 2348//2348
f 2229//2229 2146//2146 2147//2147
f 2198//2198 2348//2348 2349//2349
f 2229//2229 2147//2147 2148//2148
f 2198//2198 2349//2349 2350//2350
f 2229//2229 2148//2148 2149//2149
f 2198//2198 2350//2350 2351//2351
f 2229//2229 2149//2149 2150//2150
f 2198//2198 2351//2351 2352//2352
f 2229//2229 2150//2150 2151//2151
f 2300//2300 2229//2229 2151//2151
f 2299//2299 2300//2300 2151//2151
f 2298//2298 2299//2299 2151//2151
f 2297//2297 2298//2298 2151//2151
f 2296//2296 2297//2297 2151//2151
f 2295//2295 2296//2296 2151//2151
f 2294//2294 2295//2295 2151//2151
f 2293//2293 2294//2294 2151//2151
f 2198//2198 2352//2352 2353//2353
f 2293//2293 2151//2151 2174//2174
f 2292//2292 2293//2293 2174//2174
f 2291//2291 2292//2292 2174//2174
f 2290//2290 2291//2291 2174//2174
f 2289//2289 2290//2290 2174//2174
f 2288//2288 2289//2289 2174//2174
f 2287//2287 2288//2288 2174//2174
f 2286//2286 2287//2287 2174//2174
f 2285//2285 2286//2286 2174//2174
f 2284//2284 2285//2285 2174//2174
f 2283//2283 2284//2284 2174//2174
f 2282//2282 2283//2283 2174//2174
f 2281//2281 2282//2282 2174//2174
f 2280//2280 2281//2281 2174//2174
f 2279//2279 2280//2280 2174//2174
f 2278//2278 2279//2279 2174//2174
f 2198//2198 2353//2353 2354//2354
f 2278//2278 2174//2174 2198//2198
f 2277//2277 2278//2278 2198//2198
f 2276//2276 2277//2277 2198//2198
f 2355//2355 2276//2276 2198//2198
f 2354//2354 2355//2355 2198//2198
f 2470//2470 2553//2553 2552//2552
f 2470//2470 2552//2552 2551//2551
f 2470//2470 2551//2551 2550//2550
f 2470//2470 2550//2550 2549//2549
f 2470//2470 2549//2549 2548//2548
f 2470//2470 2548//2548 2547//2547
f 2470//2470 2547//2547 2546//2546
f 2470//2470 2546//2546 2545//2545
f 2470//2470 2545//2545 2544//2544
f 2470//2470 2544//2544 2543//2543
f 2470//2470 2543//2543 2542//2542
f 2470//2470 2542//2542 2541//2541
f 2554//2554 2553//2553 2470//2470
f 2554//2554 2470//2470 2469//2469
f 2554//2554 2469//2469 2468//2468
f 2554//2554 2468//2468 2467//2467
f 2554//2554 2467//2467 2466//2466
f 2554//2554 2466//2466 2465//2465
f 2554//2554 2465//2465 2464//2464
f 2554//2554 2464//2464 2463//2463
f 2554//2554 2463//2463 2462//2462
f 2554//2554 2462//2462 2461//2461
f 2554//2554 2461//2461 2460//2460
f 2554//2554 2460//2460 2459//2459
f 2459//2459 2458//2458 2457//2457
f 2459//2459 2457//2457 2456//2456
f 2459//2459 2456//2456 2455//2455
f 2459//2459 2455//2455 2454//2454
f 2459//2459 2454//2454 2453//2453
f 2459//2459 2453//2453 2452//2452
f 2459//2459 2452//2452 2451//2451
f 2459//2459 2451//2451 2450//2450
f 2459//2459 2450//2450 2449//2449
f 2459//2459 2449//2449 2448//2448
f 2459//2459 2448//2448 2447//2447
f 2459//2459 2447//2447 2446//2446
f 2459//2459 2446//2446 2445//2445
f 2459//2459 2445//2445 2444//2444
f 2459//2459 2444//2444 2443//2443
f 2459//2459 2443//2443 2442//2442
f 2459//2459 2442//2442 2441//2441
f 2459//2459 2441//2441 2440//2440
f 2459//2459 2440//2440 2439//2439
f 2439//2439 2438//2438 2437//2437
f 2439//2439 2437//2437 2436//2436
f 2439//2439 2436//2436 2435//2435
f 2439//2439 2435//2435 2434//2434
f 2439//2439 2434//2434 2433//2433
f 2439//2439 2433//2433 2432//2432
f 2439//2439 2432//2432 2431//2431
f 2439//2439 2431//2431 2430//2430
f 2439//2439 2430//2430 2429//2429
f 2439//2439 2429//2429 2428//2428
f 2439//2439 2428//2428 2427//2427
f 2439//2439 2427//2427 2426//2426
f 2439//2439 2426//2426 2425//2425
f 2439//2439 2425//2425 2424//2424
f 2439//2439 2424//2424 2423//2423
f 2439//2439 2423//2423 2422//2422
f 2439//2439 2422//2422 2421//2421
f 2439//2439 2421//2421 2420//2420
f 2439//2439 2420//2420 2419//2419
f 2439//2439 2419//2419 2418//2418
f 2439//2439 2418//2418 2417//2417
f 2439//2439 2417//2417 2416//2416
f 2439//2439 2416//2416 2415//2415
f 2415//2415 2414//2414 2413//2413
f 2415//2415 2413//2413 2412//2412
f 2415//2415 2412//2412 2411//2411
f 2415//2415 2411//2411 2410//2410
f 2415//2415 2410//2410 2409//2409
f 2415//2415 2409//2409 2408//2408
f 2415//2415 2408//2408 2407//2407
f 2415//2415 2407//2407 2406//2406
f 2415//2415 2406//2406 2405//2405
f 2415//2415 2405//2405 2404//2404
f 2415//2415 2404//2404 2403//2403
f 2415//2415 2403//2403 2402//2402
f 2415//2415 2402//2402 2401//2401
f 2415//2415 2401//2401 2400//2400
f 2415//2415 2400//2400 2399//2399
f 2415//2415 2399//2399 2398//2398
f 2415//2415 2398//2398 2397//2397
f 2415//2415 2397//2397 2396//2396
f 2415//2415 2396//2396 2395//2395
f 2415//2415 2395//2395 2394//2394
f 2415//2415 2394//2394 2393//2393
f 2415//2415 2393//2393 2392//2392
f 2514//2514 2513//2513 2512//2512
f 2514//2514 2512//2512 2511//2511
f 2514//2514 2511//2511 2510//2510
f 2514//2514 2510//2510 2509//2509
f 2514//2514 2509//2509 2508//2508
f 2514//2514 2508//2508 2507//2507
f 2514//2514 2507//2507 2506//2506
f 2514//2514 2506//2506 2505//2505
f 2514//2514 2505//2505 2504//2504
f 2514//2514 2504//2504 2503//2503
f 2514//2514 2503//2503 2502//2502
f 2514//2514 2502//2502 2501//2501
f 2514//2514 2501//2501 2500//2500
f 2514//2514 2500//2500 2499//2499
f 2514//2514 2499//2499 2498//2498
f 2514//2514 2498//2498 2497//2497
f 2514//2514 2497//2497 2496//2496
f 2496//2496 2495//2495 2494//2494
f 2496//2496 2494//2494 2493//2493
f 2496//2496 2493//2493 2492//2492
f 2496//2496 2492//2492 2491//2491
f 2496//2496 2491//2491 2490//2490
f 2496//2496 2490//2490 2489//2489
f 2496//2496 2489//2489 2488//2488
f 2496//2496 2488//2488 2487//2487
f 2496//2496 2487//2487 2486//2486
f 2496//2496 2486//2486 2485//2485
f 2496//2496 2485//2485 2484//2484
f 2496//2496 2484//2484 2483//2483
f 2496//2496 2483//2483 2482//2482
f 2482//2482 2481//2481 2480//2480
f 2482//2482 2480//2480 2479//2479
f 2482//2482 2479//2479 2478//2478
f 2482//2482 2478//2478 2477//2477
f 2482//2482 2477//2477 2476//2476
f 2482//2482 2476//2476 2475//2475
f 2482//2482 2475//2475 2474//2474
f 2482//2482 2474//2474 2473//2473
f 2482//2482 2473//2473 2472//2472
f 2482//2482 2472//2472 2471//2471
f 2482//2482 2471//2471 2470//2470
f 2555//2555 2554//2554 2459//2459
f 2515//2515 2514//2514 2496//2496
f 2556//2556 2555//2555 2459//2459
f 2516//2516 2515//2515 2496//2496
f 2557//2557 2556//2556 2459//2459
f 2356//2356 2516//2516 2496//2496
f 2558//2558 2557//2557 2459//2459
f 2357//2357 2356//2356 2496//2496
f 2559//2559 2558//2558 2459//2459
f 2358//2358 2357//2357 2496//2496
f 2560//2560 2559//2559 2459//2459
f 2359//2359 2358//2358 2496//2496
f 2561//2561 2560//2560 2459//2459
f 2360//2360 2359//2359 2496//2496
f 2562//2562 2561//2561 2459//2459
f 2361//2361 2360//2360 2496//2496
f 2563//2563 2562//2562 2459//2459
f 2362//2362 2361//2361 2496//2496
f 2564//2564 2563//2563 2459//2459
f 2363//2363 2362//2362 2496//2496
f 2565//2565 2564//2564 2459//2459
f 2364//2364 2363//2363 2496//2496
f 2566//2566 2565//2565 2459//2459
f 2365//2365 2364//2364 2496//2496
f 2567//2567 2566//2566 2459//2459
f 2366//2366 2365//2365 2496//2496
f 2568//2568 2567//2567 2459//2459
f 2367//2367 2366//2366 2496//2496
f 2569//2569 2568//2568 2459//2459
f 2368//2368 2367//2367 2496//2496
f 2570//2570 2569//2569 2459//2459
f 2369//2369 2368//2368 2496//2496
f 2571//2571 2570//2570 2459//2459
f 2370//2370 2369//2369 2496//2496
f 2572//2572 2571//2571 2459//2459
f 2371//2371 2370//2370 2496//2496
f 2573//2573 2572//2572 2459//2459
f 2372//2372 2371//2371 2496//2496
f 2574//2574 2573//2573 2459//2459
f 2373//2373 2372//2372 2496//2496
f 2575//2575 2574//2574 2459//2459
f 2374//2374 2373//2373 2496//2496
f 2576//2576 2575//2575 2459//2459
f 2576//2576 2459//2459 2439//2439
f 2375//2375 2374//2374 2496//2496
f 2577//2577 2576//2576 2439//2439
f 2376//2376 2375//2375 2496//2496
f 2376//2376 2496//2496 2482//2482
f 2578//2578 2577//2577 2439//2439
f 2377//2377 2376//2376 2482//2482
f 2579//2579 2578//2578 2439//2439
f 2378//2378 2377//2377 2482//2482
f 2580//2580 2579//2579 2439//2439
f 2379//2379 2378//2378 2482//2482
f 2581//2581 2580//2580 2439//2439
f 2380//2380 2379//2379 2482//2482
f 2582//2582 2581//2581 2439//2439
f 2381//2381 2380//2380 2482//2482
f 2583//2583 2582//2582 2439//2439
f 2382//2382 2381//2381 2482//2482
f 2584//2584 2583//2583 2439//2439
f 2383//2383 2382//2382 2482//2482
f 2585//2585 2584//2584 2439//2439
f 2384//2384 2383//2383 2482//2482
f 2384//2384 2482//2482 2470//2470
f 2586//2586 2585//2585 2439//2439
f 2385//2385 2384//2384 2470//2470
f 2587//2587 2586//2586 2439//2439
f 2386//2386 2385//2385 2470//2470
f 2588//2588 2587//2587 2439//2439
f 2387//2387 2386//2386 2470//2470
f 2589//2589 2588//2588 2439//2439
f 2388//2388 2387//2387 2470//2470
f 2590//2590 2589//2589 2439//2439
f 2389//2389 2388//2388 2470//2470
f 2591//2591 2590//2590 2439//2439
f 2390//2390 2389//2389 2470//2470
f 2592//2592 2591//2591 2439//2439
f 2391//2391 2390//2390 2470//2470
f 2593//2593 2592//2592 2439//2439
f 2392//2392 2391//2391 2470//2470
f 2392//2392 2470//2470 2541//2541
f 2392//2392 2541//2541 2540//2540
f 2392//2392 2540//2540 2539//2539
f 2392//2392 2539//2539 2538//2538
f 2392//2392 2538//2538 2537//2537
f 2392//2392 2537//2537 2536//2536
f 2392//2392 2536//2536 2535//2535
f 2392//2392 2535//2535 2534//2534
f 2594//2594 2593//2593 2439//2439
f 2415//2415 2392//2392 2534//2534
f 2415//2415 2534//2534 2533//2533
f 2415//2415 2533//2533 2532//2532
f 2415//2415 2532//2532 2531//2531
f 2415//2415 2531//2531 2530//2530
f 2415//2415 2530//2530 2529//2529
f 2415//2415 2529//2529 2528//2528
f 2415//2415 2528//2528 2527//2527
f 2415//2415 2527//2527 2526//2526
f 2415//2415 2526//2526 2525//2525
f 2415//2415 2525//2525 2524//2524
f 2415//2415 2524//2524 2523//2523
f 2415//2415 2523//2523 2522//2522
f 2415//2415 2522//2522 2521//2521
f 2415//2415 2521//2521 2520//2520
f 2415//2415 2520//2520 2519//2519
f 2595//2595 2594//2594 2439//2439
f 2439//2439 2415//2415 2519//2519
f 2439//2439 2519//2519 2518//2518
f 2439//2439 2518//2518 2517//2517
f 2439//2439 2517//2517 2596//2596
f 2439//2439 2596//2596 2595//2595
f 2356//2356 2357//2357 2115//2115
f 2115//2115 2357//2357 2116//2116
f 2357//2357 2358//2358 2116//2116
f 2116//2116 2358//2358 2117//2117
f 2358//2358 2359//2359 2117//2117
f 2117//2117 2359//2359 2118//2118
f 2359//2359 2360//2360 2118//2118
f 2118//2118 2360//2360 2119//2119
f 2360//2360 2361//2361 2119//2119
f 2119//2119 2361//2361 2120//2120
f 2361//2361 2362//2362 2120//2120
f 2120//2120 2362//2362 2121//2121
f 2362//2362 2363//2363 2121//2121
f 2121//2121 2363//2363 2122//2122
f 2363//2363 2364//2364 2122//2122
f 2122//2122 2364//2364 2123//2123
f 2364//2364 2365//2365 2123//2123
f 2123//2123 2365//2365 2124//2124
f 2365//2365 2366//2366 2124//2124
f 2124//2124 2366//2366 2125//2125
f 2366//2366 2367//2367 2125//2125
f 2125//2125 2367//2367 2126//2126
f 2367//2367 2368//2368 2126//2126
f 2126//2126 2368//2368 2127//2127
f 2368//2368 2369//2369 2127//2127
f 2127//2127 2369//2369 2128//2128
f 2369//2369 2370//2370 2128//2128
f 2128//2128 2370//2370 2129//2129
f 2370//2370 2371//2371 2129//2129
f 2129//2129 2371//2371 2130//2130
f 2371//2371 2372//2372 2130//2130
f 2130//2130 2372//2372 2131//2131
f 2372//2372 2373//2373 2131//2131
f 2131//2131 2373//2373 2132//2132
f 2373//2373 2374//2374 2132//2132
f 2132//2132 2374//2374 2133//2133
f 2374//2374 2375//2375 2133//2133
f 2133//2133 2375//2375 2134//2134
f 2375//2375 2376//2376 2134//2134
f 2134//2134 2376//2376 2135//2135
f 2376//2376 2377//2377 2135//2135
f 2135//2135 2377//2377 2136//2136
f 2377//2377 2378//2378 2136//2136
f 2136//2136 2378//2378 2137//2137
f 2378//2378 2379//2379 2137//2137
f 2137//2137 2379//2379 2138//2138
f 2379//2379 2380//2380 2138//2138
f 2138//2138 2380//2380 2139//2139
f 2380//2380 2381//2381 2139//2139
f 2139//2139 2381//2381 2140//2140
f 2381//2381 2382//2382 2140//2140
f 2140//2140 2382//2382 2141//2141
f 2382//2382 2383//2383 2141//2141
f 2141//2141 2383//2383 2142//2142
f 2383//2383 2384//2384 2142//2142
f 2142//2142 2384//2384 2143//2143
f 2384//2384 2385//2385 2143//2143
f 2143//2143 2385//2385 2144//2144
f 2385//2385 2386//2386 2144//2144
f 2144//2144 2386//2386 2145//2145
f 2386//2386 2387//2387 2145//2145
f 2145//2145 2387//2387 2146//2146
f 2387//2387 2388//2388 2146//2146
f 2146//2146 2388//2388 2147//2147
f 2388//2388 2389//2389 2147//2147
f 2147//2147 2389//2389 2148//2148
f 2389//2389 2390//2390 2148//2148
f 2148//2148 2390//2390 2149//2149
f 2390//2390 2391//2391 2149//2149
f 2149//2149 2391//2391 2150//2150
f 2391//2391 2392//2392 2150//2150
f 2150//2150 2392//2392 2151//2151
f 2392//2392 2393//2393 2151//2151
f 2151//2151 2393//2393 2152//2152
f 2393//2393 2394//2394 2152//2152
f 2152//2152 2394//2394 2153//2153
f 2394//2394 2395//2395 2153//2153
f 2153//2153 2395//2395 2154//2154
f 2395//2395 2396//2396 2154//2154
f 2154//2154 2396//2396 2155//2155
f 2396//2396 2397//2397 2155//2155
f 2155//2155 2397//2397 2156//2156
f 2397//2397 2398//2398 2156//2156
f 2156//2156 2398//2398 2157//2157
f 2398//2398 2399//2399 2157//2157
f 2157//2157 2399//2399 2158//2158
f 2399//2399 2400//2400 2158//2158
f 2158//2158 2400//2400 2159//2159
f 2400//2400 2401//2401 2159//2159
f 2159//2159 2401//2401 2160//2160
f 2401//2401 2402//2402 2160//2160
f 2160//2160 2402//2402 2161//2161
f 2402//2402 2403//2403 2161//2161
f 2161//2161 2403//2403 2162//2162
f 2403//2403 2404//2404 2162//2162
f 2162//2162 2404//2404 2163//2163
f 2404//2404 2405//2405 2163//2163
f 2163//2163 2405//2405 2164//2164
f 2405//2405 2406//2406 2164//2164
f 2164//2164 2406//2406 2165//2165
f 2406//2406 2407//2407 2165//2165
f 2165//2165 2407//2407 2166//2166
f 2407//2407 2408//2408 2166//2166
f 2166//2166 2408//2408 2167//2167
f 2408//2408 2409//2409 2167//2167
f 2167//2167 2409//2409 2168//2168
f 2409//2409 2410//2410 2168//2168
f 2168//2168 2410//2410 2169//2169
f 2410//2410 2411//2411 2169//2169
f 2169//2169 2411//2411 2170//2170
f 2411//2411 2412//2412 2170//2170
f 2170//2170 2412//2412 2171//2171
f 2412//2412 2413//2413 2171//2171
f 2171//2171 2413//2413 2172//2172
f 2413//2413 2414//2414 2172//2172
f 2172//2172 2414//2414 2173//2173
f 2414//2414 2415//2415 2173//2173
f 2173//2173 2415//2415 2174//2174
f 2415//2415 2416//2416 2174//2174
f 2174//2174 2416//2416 2175//2175
f 2416//2416 2417//2417 2175//2175
f 2175//2175 2417//2417 2176//2176
f 2417//2417 2418//2418 2176//2176
f 2176//2176 2418//2418 2177//2177
f 2418//2418 2419//2419 2177//2177
f 2177//2177 2419//2419 2178//2178
f 2419//2419 2420//2420 2178//2178
f 2178//2178 2420//2420 2179//2179
f 2420//2420 2421//2421 2179//2179
f 2179//2179 2421//2421 2180//2180
f 2421//2421 2422//2422 2180//2180
f 2180//2180 2422//2422 2181//2181
f 2422//2422 2423//2423 2181//2181
f 2181//2181 2423//2423 2182//2182
f 2423//2423 2424//2424 2182//2182
f 2182//2182 2424//2424 2183//2183
f 2424//2424 2425//2425 2183//2183
f 2183//2183 2425//2425 2184//2184
f 2425//2425 2426//2426 2184//2184
f 2184//2184 2426//2426 2185//2185
f 2426//2426 2427//2427 2185//2185
f 2185//2185 2427//2427 2186//2186
f 2427//2427 2428//2428 2186//2186
f 2186//2186 2428//2428 2187//2187
f 2428//2428 2429//2429 2187//2187
f 2187//2187 2429//2429 2188//2188
f 2429//2429 2430//2430 2188//2188
f 2188//2188 2430//2430 2189//2189
f 2430//2430 2431//2431 2189//2189
f 2189//2189 2431//2431 2190//2190
f 2431//2431 2432//2432 2190//2190
f 2190//2190 2432//2432 2191//2191
f 2432//2432 2433//2433 2191//2191
f 2191//2191 2433//2433 2192//2192
f 2433//2433 2434//2434 2192//2192
f 2192//2192 2434//2434 2193//2193
f 2434//2434 2435//2435 2193//2193
f 2193//2193 2435//2435 2194//2194
f 2435//2435 2436//2436 2194//2194
f 2194//2194 2436//2436 2195//2195
f 2436//2436 2437//2437 2195//2195
f 2195//2195 2437//2437 2196//2196
f 2437//2437 2438//2438 2196//2196
f 2196//2196 2438//2438 2197//2197
f 2438//2438 2439//2439 2197//2197
f 2197//2197 2439//2439 2198//2198
f 2439//2439 2440//2440 2198//2198
f 2198//2198 2440//2440 2199//2199
f 2440//2440 2441//2441 2199//2199
f 2199//2199 2441//2441 2200//2200
f 2441//2441 2442//2442 2200//2200
f 2200//2200 2442//2442 2201//2201
f 2442//2442 2443//2443 2201//2201
f 2201//2201 2443//2443 2202//2202
f 2443//2443 2444//2444 2202//2202
f 2202//2202 2444//2444 2203//2203
f 2444//2444 2445//2445 2203//2203
f 2203//2203 2445//2445 2204//2204
f 2445//2445 2446//2446 2204//2204
f 2204//2204 2446//2446 2205//2205
f 2446//2446 2447//2447 2205//2205
f 2205//2205 2447//2447 2206//2206
f 2447//2447 2448//2448 2206//2206
f 2206//2206 2448//2448 2207//2207
f 2448//2448 2449//2449 2207//2207
f 2207//2207 2449//2449 2208//2208
f 2449//2449 2450//2450 2208//2208
f 2208//2208 2450//2450 2209//2209
f 2450//2450 2451//2451 2209//2209
f 2209//2209 2451//2451 2210//2210
f 2451//2451 2452//2452 2210//2210
f 2210//2210 2452//2452 2211//2211
f 2452//2452 2453//2453 2211//2211
f 2211//2211 2453//2453 2212//2212
f 2453//2453 2454//2454 2212//2212
f 2212//2212 2454//2454 2213//2213
f 2454//2454 2455//2455 2213//2213
f 2213//2213 2455//2455 2214//2214
f 2455//2455 2456//2456 2214//2214
f 2214//2214 2456//2456 2215//2215
f 2456//2456 2457//2457 2215//2215
f 2215//2215 2457//2457 2216//2216
f 2457//2457 2458//2458 2216//2216
f 2216//2216 2458//2458 2217//2217
f 2458//2458 2459//2459 2217//2217
f 2217//2217 2459//2459 2218//2218
f 2459//2459 2460//2460 2218//2218
f 2218//2218 2460//2460 2219//2219
f 2460//2460 2461//2461 2219//2219
f 2219//2219 2461//2461 2220//2220
f 2461//2461 2462//2462 2220//2220
f 2220//2220 2462//2462 2221//2221
f 2462//2462 2463//2463 2221//2221
f 2221//2221 2463//2463 2222//2222
f 2463//2463 2464//2464 2222//2222
f 2222//2222 2464//2464 2223//2223
f 2464//2464 2465//2465 2223//2223
f 2223//2223 2465//2465 2224//2224
f 2465//2465 2466//2466 2224//2224
f 2224//2224 2466//2466 2225//2225
f 2466//2466 2467//2467 2225//2225
f 2225//2225 2467//2467 2226//2226
f 2467//2467 2468//2468 2226//2226
f 2226//2226 2468//2468 2227//2227
f 2468//2468 2469//2469 2227//2227
f 2227//2227 2469//2469 2228//2228
f 2469//2469 2470//2470 2228//2228
f 2228//2228 2470//2470 2229//2229
f 2470//2470 2471//2471 2229//2229
f 2229//2229 2471//2471 2230//2230
f 2471//2471 2472//2472 2230//2230
f 2230//2230 2472//2472 2231//2231
f 2472//2472 2473//2473 2231//2231
f 2231//2231 2473//2473 2232//2232
f 2473//2473 2474//2474 2232//2232
f 2232//2232 2474//2474 2233//2233
f 2474//2474 2475//2475 2233//2233
f 2233//2233 2475//2475 2234//2234
f 2475//2475 2476//2476 2234//2234
f 2234//2234 2476//2476 2235//2235
f 2476//2476 2477//2477 2235//2235
f 2235//2235 2477//2477 2236//2236
f 2477//2477 2478//2478 2236//2236
f 2236//2236 2478//2478 2237//2237
f 2478//2478 2479//2479 2237//2237
f 2237//2237 2479//2479 2238//2238
f 2479//2479 2480//2480 2238//2238
f 2238//2238 2480//2480 2239//2239
f 2480//2480 2481//2481 2239//2239
f 2239//2239 2481//2481 2240//2240
f 2481//2481 2482//2482 2240//2240
f 2240//2240 2482//2482 2241//2241
f 2482//2482 2483//2483 2241//2241
f 2241//2241 2483//2483 2242//2242
f 2483//2483 2484//2484 2242//2242
f 2242//2242 2484//2484 2243//2243
f 2484//2484 2485//2485 2243//2243
f 2243//2243 2485//2485 2244//2244
f 2485//2485 2486//2486 2244//2244
f 2244//2244 2486//2486 2245//2245
f 2486//2486 2487//2487 2245//2245
f 2245//2245 2487//2487 2246//2246
f 2487//2487 2488//2488 2246//2246
f 2246//2246 2488//2488 2247//2247
f 2488//2488 2489//2489 2247//2247
f 2247//2247 2489//2489 2248//2248
f 2489//2489 2490//2490 2248//2248
f 2248//2248 2490//2490 2249//2249
f 2490//2490 2491//2491 2249//2249
f 2249//2249 2491//2491 2250//2250
f 2491//2491 2492//2492 2250//2250
f 2250//2250 2492//2492 2251//2251
f 2492//2492 2493//2493 2251//2251
f 2251//2251 2493//2493 2252//2252
f 2493//2493 2494//2494 2252//2252
f 2252//2252 2494//2494 2253//2253
f 2494//2494 2495//2495 2253//2253
f 2253//2253 2495//2495 2254//2254
f 2495//2495 2496//2496 2254//2254
f 2254//2254 2496//2496 2255//2255
f 2496//2496 2497//2497 2255//2255
f 2255//2255 2497//2497 2256//2256
f 2497//2497 2498//2498 2256//2256
f 2256//2256 2498//2498 2257//2257
f 2498//2498 2499//2499 2257//2257
f 2257//2257 2499//2499 2258//2258
f 2499//2499 2500//2500 2258//2258
f 2258//2258 2500//2500 2259//2259
f 2500//2500 2501//2501 2259//2259
f 2259//2259 2501//2501 2260//2260
f 2501//2501 2502//2502 2260//2260
f 2260//2260 2502//2502 2261//2261
f 2502//2502 2503//2503 2261//2261
f 2261//2261 2503//2503 2262//2262
f 2503//2503 2504//2504 2262//2262
f 2262//2262 2504//2504 2263//2263
f 2504//2504 2505//2505 2263//2263
f 2263//2263 2505//2505 2264//2264
f 2505//2505 2506//2506 2264//2264
f 2264//2264 2506//2506 2265//2265
f 2506//2506 2507//2507 2265//2265
f 2265//2265 2507//2507 2266//2266
f 2507//2507 2508//2508 2266//2266
f 2266//2266 2508//2508 2267//2267
f 2508//2508 2509//2509 2267//2267
f 2267//2267 2509//2509 2268//2268
f 2509//2509 2510//2510 2268//2268
f 2268//2268 2510//2510 2269//2269
f 2510//2510 2511//2511 2269//2269
f 2269//2269 2511//2511 2270//2270
f 2511//2511 2512//2512 2270//2270
f 2270//2270 2512//2512 2271//2271
f 2512//2512 2513//2513 2271//2271
f 2271//2271 2513//2513 2272//2272
f 2513//2513 2514//2514 2272//2272
f 2272//2272 2514//2514 2273//2273
f 2514//2514 2515//2515 2273//2273
f 2273//2273 2515//2515 2274//2274
f 2516//2516 2356//2356 2275//2275
f 2275//2275 2356//2356 2115//2115
f 2515//2515 2516//2516 2274//2274
f 2274//2274 2516//2516 2275//2275
f 2517//2517 2518//2518 2276//2276
f 2276//2276 2518//2518 2277//2277
f 2518//2518 2519//2519 2277//2277
f 2277//2277 2519//2519 2278//2278
f 2519//2519 2520//2520 2278//2278
f 2278//2278 2520//2520 2279//2279
f 2520//2520 2521//2521 2279//2279
f 2279//2279 2521//2521 2280//2280
f 2521//2521 2522//2522 2280//2280
f 2280//2280 2522//2522 2281//2281
f 2522//2522 2523//2523 2281//2281
f 2281//2281 2523//2523 2282//2282
f 2523//2523 2524//2524 2282//2282
f 2282//2282 2524//2524 2283//2283
f 2524//2524 2525//2525 2283//2283
f 2283//2283 2525//2525 2284//2284
f 2525//2525 2526//2526 2284//2284
f 2284//2284 2526//2526 2285//2285
f 2526//2526 2527//2527 2285//2285
f 2285//2285 2527//2527 2286//2286
f 2527//2527 2528//2528 2286//2286
f 2286//2286 2528//2528 2287//2287
f 2528//2528 2529//2529 2287//2287
f 2287//2287 2529//2529 2288//2288
f 2529//2529 2530//2530 2288//2288
f 2288//2288 2530//2530 2289//2289
f 2530//2530 2531//2531 2289//2289
f 2289//2289 2531//2531 2290//2290
f 2531//2531 2532//2532 2290//2290
f 2290//2290 2532//2532 2291//2291
f 2532//2532 2533//2533 2291//2291
f 2291//2291 2533//2533 2292//2292
f 2533//2533 2534//2534 2292//2292
f 2292//2292 2534//2534 2293//2293
f 2534//2534 2535//2535 2293//2293
f 2293//2293 2535//2535 2294//2294
f 2535//2535 2536//2536 2294//2294
f 2294//2294 2536//2536 2295//2295
f 2536//2536 2537//2537 2295//2295
f 2295//2295 2537//2537 2296//2296
f 2537//2537 2538//2538 2296//2296
f 2296//2296 2538//2538 2297//2297
f 2538//2538 2539//2539 2297//2297
f 2297//2297 2539//2539 2298//2298
f 2539//2539 2540//2540 2298//2298
f 2298//2298 2540//2540 2299//2299
f 2540//2540 2541//2541 2299//2299
f 2299//2299 2541//2541 2300//2300
f 2541//2541 2542//2542 2300//2300
f 2300//2300 2542//2542 2301//2301
f 2542//2542 2543//2543 2301//2301
f 2301//2301 2543//2543 2302//2302
f 2543//2543 2544//2544 2302//2302
f 2302//2302 2544//2544 2303//2303
f 2544//2544 2545//2545 2303//2303
f 2303//2303 2545//2545 2304//2304
f 2545//2545 2546//2546 2304//2304
f 2304//2304 2546//2546 2305//2305
f 2546//2546 2547//2547 2305//2305
f 2305//2305 2547//2547 2306//2306
f 2547//2547 2548//2548 2306//2306
f 2306//2306 2548//2548 2307//2307
f 2548//2548 2549//2549 2307//2307
f 2307//2307 2549//2549 2308//2308
f 2549//2549 2550//2550 2308//2308
f 2308//2308 2550//2550 2309//2309
f 2550//2550 2551//2551 2309//2309
f 2309//2309 2551//2551 2310//2310
f 2551//2551 2552//2552 2310//2310
f 2310//2310 2552//2552 2311//2311
f 2552//2552 2553//2553 2311//2311
f 2311//2311 2553//2553 2312//2312
f 2553//2553 2554//2554 2312//2312
f 2312//2312 2554//2554 2313//2313
f 2554//2554 2555//2555 2313//2313
f 2313//2313 2555//2555 2314//2314
f 2555//2555 2556//2556 2314//2314
f 2314//2314 2556//2556 2315//2315
f 2556//2556 2557//2557 2315//2315
f 2315//2315 2557//2557 2316//2316
f 2557//2557 2558//2558 2316//2316
f 2316//2316 2558//2558 2317//2317
f 2558//2558 2559//2559 2317//2317
f 2317//2317 2559//2559 2318//2318
f 2559//2559 2560//2560 2318//2318
f 2318//2318 2560//2560 2319//2319
f 2560//2560 2561//2561 2319//2319
f 2319//2319 2561//2561 2320//2320
f 2561//2561 2562//2562 2320//2320
f 2320//2320 2562//2562 2321//2321
f 2562//2562 2563//2563 2321//2321
f 2321//2321 2563//2563 2322//2322
f 2563//2563 2564//2564 2322//2322
f 2322//2322 2564//2564 2323//2323
f 2564//2564 2565//2565 2323//2323
f 2323//2323 2565//2565 2324//2324
f 2565//2565 2566//2566 2324//2324
f 2324//2324 2566//2566 2325//2325
f 2566//2566 2567//2567 2325//2325
f 2325//2325 2567//2567 2326//2326
f 2567//2567 2568//2568 2326//2326
f 2326//2326 2568//2568 2327//2327
f 2568//2568 2569//2569 2327//2327
f 2327//2327 2569//2569 2328//2328
f 2569//2569 2570//2570 2328//2328
f 2328//2328 2570//2570 2329//2329
f 2570//2570 2571//2571 2329//2329
f 2329//2329 2571//2571 2330//2330
f 2571//2571 2572//2572 2330//2330
f 2330//2330 2572//2572 2331//2331
f 2572//2572 2573//2573 2331//2331
f 2331//2331 2573//2573 2332//2332
f 2573//2573 2574//2574 2332//2332
f 2332//2332 2574//2574 2333//2333
f 2574//2574 2575//2575 2333//2333
f 2333//2333 2575//2575 2334//2334
f 2575//2575 2576//2576 2334//2334
f 2334//2334 2576//2576 2335//2335
f 2576//2576 2577//2577 2335//2335
f 2335//2335 2577//2577 2336//2336
f 2577//2577 2578//2578 2336//2336
f 2336//2336 2578//2578 2337//2337
f 2578//2578 2579//2579 2337//2337
f 2337//2337 2579//2579 2338//2338
f 2579//2579 2580//2580 2338//2338
f 2338//2338 2580//2580 2339//2339
f 2580//2580 2581//2581 2339//2339
f 2339//2339 2581//2581 2340//2340
f 2581//2581 2582//2582 2340//2340
f 2340//2340 2582//2582 2341//2341
f 2582//2582 2583//2583 2341//2341
f 2341//2341 2583//2583 2342//2342
f 2583//2583 2584//2584 2342//2342
f 2342//2342 2584//2584 2343//2343
f 2584//2584 2585//2585 2343//2343
f 2343//2343 2585//2585 2344//2344
f 2585//2585 2586//2586 2344//2344
f 2344//2344 2586//2586 2345//2345
f 2586//2586 2587//2587 2345//2345
f 2345//2345 2587//2587 2346//2346
f 2587//2587 2588//2588 2346//2346
f 2346//2346 2588//2588 2347//2347
f 2588//2588 2589//2589 2347//2347
f 2347//2347 2589//2589 2348//2348
f 2589//2589 2590//2590 2348//2348
f 2348//2348 2590//2590 2349//2349
f 2590//2590 2591//2591 2349//2349
f 2349//2349 2591//2591 2350//2350
f 2591//2591 2592//2592 2350//2350
f 2350//2350 2592//2592 2351//2351
f 2592//2592 2593//2593 2351//2351
f 2351//2351 2593//2593 2352//2352
f 2593//2593 2594//2594 2352//2352
f 2352//2352 2594//2594 2353//2353
f 2594//2594 2595//2595 2353//2353
f 2353//2353 2595//2595 2354//2354
f 2596//2596 2517//2517 2355//2355
f 2355//2355 2517//2517 2276//2276
f 2595//2595 2596//2596 2354//2354
f 2354//2354 2596//2596 2355//2355
f 2712//2712 2713//2713 2642//2642
f 2711//2711 2712//2712 2642//2642
f 2710//2710 2711//2711 2642//2642
f 2709//2709 2710//2710 2642//2642
f 2708//2708 2709//2709 2642//2642
f 2707//2707 2708//2708 2642//2642
f 2706//2706 2707//2707 2642//2642
f 2705//2705 2706//2706 2642//2642
f 2704//2704 2705//2705 2642//2642
f 2703//2703 2704//2704 2642//2642
f 2702//2702 2703//2703 2642//2642
f 2642//2642 2713//2713 2714//2714
f 2641//2641 2642//2642 2714//2714
f 2640//2640 2641//2641 2714//2714
f 2639//2639 2640//2640 2714//2714
f 2638//2638 2639//2639 2714//2714
f 2637//2637 2638//2638 2714//2714
f 2636//2636 2637//2637 2714//2714
f 2635//2635 2636//2636 2714//2714
f 2634//2634 2635//2635 2714//2714
f 2633//2633 2634//2634 2714//2714
f 2632//2632 2633//2633 2714//2714
f 2631//2631 2632//2632 2714//2714
f 2630//2630 2631//2631 2714//2714
f 2629//2629 2630//2630 2714//2714
f 2627//2627 2628//2628 2629//2629
f 2626//2626 2627//2627 2629//2629
f 2625//2625 2626//2626 2629//2629
f 2624//2624 2625//2625 2629//2629
f 2623//2623 2624//2624 2629//2629
f 2622//2622 2623//2623 2629//2629
f 2621//2621 2622//2622 2629//2629
f 2620//2620 2621//2621 2629//2629
f 2619//2619 2620//2620 2629//2629
f 2618//2618 2619//2619 2629//2629
f 2617//2617 2618//2618 2629//2629
f 2616//2616 2617//2617 2629//2629
f 2615//2615 2616//2616 2629//2629
f 2614//2614 2615//2615 2629//2629
f 2613//2613 2614//2614 2629//2629
f 2611//2611 2612//2612 2613//2613
f 2610//2610 2611//2611 2613//2613
f 2609//2609 2610//2610 2613//2613
f 2608//2608 2609//2609 2613//2613
f 2607//2607 2608//2608 2613//2613
f 2606//2606 2607//2607 2613//2613
f 2605//2605 2606//2606 2613//2613
f 2604//2604 2605//2605 2613//2613
f 2603//2603 2604//2604 2613//2613
f 2602//2602 2603//2603 2613//2613
f 2601//2601 2602//2602 2613//2613
f 2600//2600 2601//2601 2613//2613
f 2599//2599 2600//2600 2613//2613
f 2598//2598 2599//2599 2613//2613
f 2597//2597 2598//2598 2613//2613
f 2676//2676 2597//2597 2613//2613
f 2675//2675 2676//2676 2613//2613
f 2674//2674 2675//2675 2613//2613
f 2673//2673 2674//2674 2613//2613
f 2672//2672 2673//2673 2613//2613
f 2671//2671 2672//2672 2613//2613
f 2670//2670 2671//2671 2613//2613
f 2669//2669 2670//2670 2613//2613
f 2668//2668 2669//2669 2613//2613
f 2667//2667 2668//2668 2613//2613
f 2665//2665 2666//2666 2667//2667
f 2664//2664 2665//2665 2667//2667
f 2663//2663 2664//2664 2667//2667
f 2662//2662 2663//2663 2667//2667
f 2661//2661 2662//2662 2667//2667
f 2660//2660 2661//2661 2667//2667
f 2659//2659 2660//2660 2667//2667
f 2658//2658 2659//2659 2667//2667
f 2657//2657 2658//2658 2667//2667
f 2656//2656 2657//2657 2667//2667
f 2655//2655 2656//2656 2667//2667
f 2654//2654 2655//2655 2667//2667
f 2653//2653 2654//2654 2667//2667
f 2651//2651 2652//2652 2653//2653
f 2650//2650 2651//2651 2653//2653
f 2649//2649 2650//2650 2653//2653
f 2648//2648 2649//2649 2653//2653
f 2647//2647 2648//2648 2653//2653
f 2646//2646 2647//2647 2653//2653
f 2645//2645 2646//2646 2653//2653
f 2644//2644 2645//2645 2653//2653
f 2643//2643 2644//2644 2653//2653
f 2642//2642 2643//2643 2653//2653
f 2702//2702 2642//2642 2653//2653
f 2701//2701 2702//2702 2653//2653
f 2700//2700 2701//2701 2653//2653
f 2699//2699 2700//2700 2653//2653
f 2698//2698 2699//2699 2653//2653
f 2697//2697 2698//2698 2653//2653
f 2696//2696 2697//2697 2653//2653
f 2629//2629 2714//2714 2715//2715
f 2696//2696 2653//2653 2667//2667
f 2695//2695 2696//2696 2667//2667
f 2694//2694 2695//2695 2667//2667
f 2693//2693 2694//2694 2667//2667
f 2692//2692 2693//2693 2667//2667
f 2691//2691 2692//2692 2667//2667
f 2690//2690 2691//2691 2667//2667
f 2689//2689 2690//2690 2667//2667
f 2688//2688 2689//2689 2667//2667
f 2687//2687 2688//2688 2667//2667
f 2686//2686 2687//2687 2667//2667
f 2685//2685 2686//2686 2667//2667
f 2684//2684 2685//2685 2667//2667
f 2683//2683 2684//2684 2667//2667
f 2682//2682 2683//2683 2667//2667
f 2681//2681 2682//2682 2667//2667
f 2680//2680 2681//2681 2667//2667
f 2679//2679 2680//2680 2667//2667
f 2678//2678 2679//2679 2667//2667
f 2677//2677 2678//2678 2667//2667
f 2629//2629 2715//2715 2716//2716
f 2677//2677 2667//2667 2613//2613
f 2756//2756 2677//2677 2613//2613
f 2755//2755 2756//2756 2613//2613
f 2754//2754 2755//2755 2613//2613
f 2753//2753 2754//2754 2613//2613
f 2752//2752 2753//2753 2613//2613
f 2751//2751 2752//2752 2613//2613
f 2750//2750 2751//2751 2613//2613
f 2749//2749 2750//2750 2613//2613
f 2748//2748 2749//2749 2613//2613
f 2747//2747 2748//2748 2613//2613
f 2746//2746 2747//2747 2613//2613
f 2745//2745 2746//2746 2613//2613
f 2744//2744 2745//2745 2613//2613
f 2743//2743 2744//2744 2613//2613
f 2742//2742 2743//2743 2613//2613
f 2741//2741 2742//2742 2613//2613
f 2740//2740 2741//2741 2613//2613
f 2739//2739 2740//2740 2613//2613
f 2738//2738 2739//2739 2613//2613
f 2737//2737 2738//2738 2613//2613
f 2736//2736 2737//2737 2613//2613
f 2735//2735 2736//2736 2613//2613
f 2629//2629 2716//2716 2717//2717
f 2735//2735 2613//2613 2629//2629
f 2734//2734 2735//2735 2629//2629
f 2733//2733 2734//2734 2629//2629
f 2732//2732 2733//2733 2629//2629
f 2731//2731 2732//2732 2629//2629
f 2730//2730 2731//2731 2629//2629
f 2729//2729 2730//2730 2629//2629
f 2728//2728 2729//2729 2629//2629
f 2727//2727 2728//2728 2629//2629
f 2726//2726 2727//2727 2629//2629
f 2725//2725 2726//2726 2629//2629
f 2724//2724 2725//2725 2629//2629
f 2723//2723 2724//2724 2629//2629
f 2722//2722 2723//2723 2629//2629
f 2721//2721 2722//2722 2629//2629
f 2720//2720 2721//2721 2629//2629
f 2719//2719 2720//2720 2629//2629
f 2718//2718 2719//2719 2629//2629
f 2717//2717 2718//2718 2629//2629
f 2802//2802 2873//2873 2872//2872
f 2802//2802 2872//2872 2871//2871
f 2802//2802 2871//2871 2870//2870
f 2802//2802 2870//2870 2869//2869
f 2802//2802 2869//2869 2868//2868
f 2802//2802 2868//2868 2867//2867
f 2802//2802 2867//2867 2866//2866
f 2802//2802 2866//2866 2865//2865
f 2802//2802 2865//2865 2864//2864
f 2802//2802 2864//2864 2863//2863
f 2802//2802 2863//2863 2862//2862
f 2874//2874 2873//2873 2802//2802
f 2874//2874 2802//2802 2801//2801
f 2874//2874 2801//2801 2800//2800
f 2874//2874 2800//2800 2799//2799
f 2874//2874 2799//2799 2798//2798
f 2874//2874 2798//2798 2797//2797
f 2874//2874 2797//2797 2796//2796
f 2874//2874 2796//2796 2795//2795
f 2874//2874 2795//2795 2794//2794
f 2874//2874 2794//2794 2793//2793
f 2874//2874 2793//2793 2792//2792
f 2874//2874 2792//2792 2791//2791
f 2874//2874 2791//2791 2790//2790
f 2874//2874 2790//2790 2789//2789
f 2789//2789 2788//2788 2787//2787
f 2789//2789 2787//2787 2786//2786
f 2789//2789 2786//2786 2785//2785
f 2789//2789 2785//2785 2784//2784
f 2789//2789 2784//2784 2783//2783
f 2789//2789 2783//2783 2782//2782
f 2789//2789 2782//2782 2781//2781
f 2789//2789 2781//2781 2780//2780
f 2789//2789 2780//2780 2779//2779
f 2789//2789 2779//2779 2778//2778
f 2789//2789 2778//2778 2777//2777
f 2789//2789 2777//2777 2776//2776
f 2789//2789 2776//2776 2775//2775
f 2789//2789 2775//2775 2774//2774
f 2789//2789 2774//2774 2773//2773
f 2773//2773 2772//2772 2771//2771
f 2773//2773 2771//2771 2770//2770
f 2773//2773 2770//2770 2769//2769
f 2773//2773 2769//2769 2768//2768
f 2773//2773 2768//2768 2767//2767
f 2773//2773 2767//2767 2766//2766
f 2773//2773 2766//2766 2765//2765
f 2773//2773 2765//2765 2764//2764
f 2773//2773 2764//2764 2763//2763
f 2773//2773 2763//2763 2762//2762
f 2773//2773 2762//2762 2761//2761
f 2773//2773 2761//2761 2760//2760
f 2773//2773 2760//2760 2759//2759
f 2773//2773 2759//2759 2758//2758
f 2773//2773 2758//2758 2757//2757
f 2773//2773 2757//2757 2836//2836
f 2773//2773 2836//2836 2835//2835
f 2773//2773 2835//2835 2834//2834
f 2773//2773 2834//2834 2833//2833
f 2773//2773 2833//2833 2832//2832
f 2773//2773 2832//2832 2831//2831
f 2773//2773 2831//2831 2830//2830
f 2773//2773 2830//2830 2829//2829
f 2773//2773 2829//2829 2828//2828
f 2773//2773 2828//2828 2827//2827
f 2827//2827 2826//2826 2825//2825
f 2827//2827 2825//2825 2824//2824
f 2827//2827 2824//2824 2823//2823
f 2827//2827 2823//2823 2822//2822
f 2827//2827 2822//2822 2821//2821
f 2827//2827 2821//2821 2820//2820
f 2827//2827 2820//2820 2819//2819
f 2827//2827 2819//2819 2818//2818
f 2827//2827 2818//2818 2817//2817
f 2827//2827 2817//2817 2816//2816
f 2827//2827 2816//2816 2815//2815
f 2827//2827 2815//2815 2814//2814
f 2827//2827 2814//2814 2813//2813
f 2813//2813 2812//2812 2811//2811
f 2813//2813 2811//2811 2810//2810
f 2813//2813 2810//2810 2809//2809
f 2813//2813 2809//2809 2808//2808
f 2813//2813 2808//2808 2807//2807
f 2813//2813 2807//2807 2806//2806
f 2813//2813 2806//2806 2805//2805
f 2813//2813 2805//2805 2804//2804
f 2813//2813 2804//2804 2803//2803
f 2813//2813 2803//2803 2802//2802
f 2813//2813 2802//2802 2862//2862
f 2813//2813 2862//2862 2861//2861
f 2813//2813 2861//2861 2860//2860
f 2813//2813 2860//2860 2859//2859
f 2813//2813 2859//2859 2858//2858
f 2813//2813 2858//2858 2857//2857
f 2813//2813 2857//2857 2856//2856
f 2875//2875 2874//2874 2789//2789
f 2827//2827 2813//2813 2856//2856
f 2827//2827 2856//2856 2855//2855
f 2827//2827 2855//2855 2854//2854
f 2827//2827 2854//2854 2853//2853
f 2827//2827 2853//2853 2852//2852
f 2827//2827 2852//2852 2851//2851
f 2827//2827 2851//2851 2850//2850
f 2827//2827 2850//2850 2849//2849
f 2827//2827 2849//2849 2848//2848
f 2827//2827 2848//2848 2847//2847
f 2827//2827 2847//2847 2846//2846
f 2827//2827 2846//2846 2845//2845
f 2827//2827 2845//2845 2844//2844
f 2827//2827 2844//2844 2843//2843
f 2827//2827 2843//2843 2842//2842
f 2827//2827 2842//2842 2841//2841
f 2827//2827 2841//2841 2840//2840
f 2827//2827 2840//2840 2839//2839
f 2827//2827 2839//2839 2838//2838
f 2827//2827 2838//2838 2837//2837
f 2876//2876 2875//2875 2789//2789
f 2773//2773 2827//2827 2837//2837
f 2773//2773 2837//2837 2916//2916
f 2773//2773 2916//2916 2915//2915
f 2773//2773 2915//2915 2914//2914
f 2773//2773 2914//2914 2913//2913
f 2773//2773 2913//2913 2912//2912
f 2773//2773 2912//2912 2911//2911
f 2773//2773 2911//2911 2910//2910
f 2773//2773 2910//2910 2909//2909
f 2773//2773 2909//2909 2908//2908
f 2773//2773 2908//2908 2907//2907
f 2773//2773 2907//2907 2906//2906
f 2773//2773 2906//2906 2905//2905
f 2773//2773 2905//2905 2904//2904
f 2773//2773 2904//2904 2903//2903
f 2773//2773 2903//2903 2902//2902
f 2773//2773 2902//2902 2901//2901
f 2773//2773 2901//2901 2900//2900
f 2773//2773 2900//2900 2899//2899
f 2773//2773 2899//2899 2898//2898
f 2773//2773 2898//2898 2897//2897
f 2773//2773 2897//2897 2896//2896
f 2773//2773 2896//2896 2895//2895
f 2877//2877 2876//2876 2789//2789
f 2789//2789 2773//2773 2895//2895
f 2789//2789 2895//2895 2894//2894
f 2789//2789 2894//2894 2893//2893
f 2789//2789 2893//2893 2892//2892
f 2789//2789 2892//2892 2891//2891
f 2789//2789 2891//2891 2890//2890
f 2789//2789 2890//2890 2889//2889
f 2789//2789 2889//2889 2888//2888
f 2789//2789 2888//2888 2887//2887
f 2789//2789 2887//2887 2886//2886
f 2789//2789 2886//2886 2885//2885
f 2789//2789 2885//2885 2884//2884
f 2789//2789 2884//2884 2883//2883
f 2789//2789 2883//2883 2882//2882
f 2789//2789 2882//2882 2881//2881
f 2789//2789 2881//2881 2880//2880
f 2789//2789 2880//2880 2879//2879
f 2789//2789 2879//2879 2878//2878
f 2789//2789 2878//2878 2877//2877
f 2757//2757 2758//2758 2597//2597
f 2597//2597 2758//2758 2598//2598
f 2758//2758 2759//2759 2598//2598
f 2598//2598 2759//2759 2599//2599
f 2759//2759 2760//2760 2599//2599
f 2599//2599 2760//2760 2600//2600
f 2760//2760 2761//2761 2600//2600
f 2600//2600 2761//2761 2601//2601
f 2761//2761 2762//2762 2601//2601
f 2601//2601 2762//2762 2602//2602
f 2762//2762 2763//2763 2602//2602
f 2602//2602 2763//2763 2603//2603
f 2763//2763 2764//2764 2603//2603
f 2603//2603 2764//2764 2604//2604
f 2764//2764 2765//2765 2604//2604
f 2604//2604 2765//2765 2605//2605
f 2765//2765 2766//2766 2605//2605
f 2605//2605 2766//2766 2606//2606
f 2766//2766 2767//2767 2606//2606
f 2606//2606 2767//2767 2607//2607
f 2767//2767 2768//2768 2607//2607
f 2607//2607 2768//2768 2608//2608
f 2768//2768 2769//2769 2608//2608
f 2608//2608 2769//2769 2609//2609
f 2769//2769 2770//2770 2609//2609
f 2609//2609 2770//2770 2610//2610
f 2770//2770 2771//2771 2610//2610
f 2610//2610 2771//2771 2611//2611
f 2771//2771 2772//2772 2611//2611
f 2611//2611 2772//2772 2612//2612
f 2772//2772 2773//2773 2612//2612
f 2612//2612 2773//2773 2613//2613
f 2773//2773 2774//2774 2613//2613
f 2613//2613 2774//2774 2614//2614
f 2774//2774 2775//2775 2614//2614
f 2614//2614 2775//2775 2615//2615
f 2775//2775 2776//2776 2615//2615
f 2615//2615 2776//2776 2616//2616
f 2776//2776 2777//2777 2616//2616
f 2616//2616 2777//2777 2617//2617
f 2777//2777 2778//2778 2617//2617
f 2617//2617 2778//2778 2618//2618
f 2778//2778 2779//2779 2618//2618
f 2618//2618 2779//2779 2619//2619
f 2779//2779 2780//2780 2619//2619
f 2619//2619 2780//2780 2620//2620
f 2780//2780 2781//2781 2620//2620
f 2620//2620 2781//2781 2621//2621
f 2781//2781 2782//2782 2621//2621
f 2621//2621 2782//2782 2622//2622
f 2782//2782 2783//2783 2622//2622
f 2622//2622 2783//2783 2623//2623
f 2783//2783 2784//2784 2623//2623
f 2623//2623 2784//2784 2624//2624
f 2784//2784 2785//2785 2624//2624
f 2624//2624 2785//2785 2625//2625
f 2785//2785 2786//2786 2625//2625
f 2625//2625 2786//2786 2626//2626
f 2786//2786 2787//2787 2626//2626
f 2626//2626 2787//2787 2627//2627
f 2787//2787 2788//2788 2627//2627
f 2627//2627 2788//2788 2628//2628
f 2788//2788 2789//2789 2628//2628
f 2628//2628 2789//2789 2629//2629
f 2789//2789 2790//2790 2629//2629
f 2629//2629 2790//2790 2630//2630
f 2790//2790 2791//2791 2630//2630
f 2630//2630 2791//2791 2631//2631
f 2791//2791 2792//2792 2631//2631
f 2631//2631 2792//2792 2632//2632
f 2792//2792 2793//2793 2632//2632
f 2632//2632 2793//2793 2633//2633
f 2793//2793 2794//2794 2633//2633
f 2633//2633 2794//2794 2634//2634
f 2794//2794 2795//2795 2634//2634
f 2634//2634 2795//2795 2635//2635
f 2795//2795 2796//2796 2635//2635
f 2635//2635 2796//2796 2636//2636
f 2796//2796 2797//2797 2636//2636
f 2636//2636 2797//2797 2637//2637
f 2797//2797 2798//2798 2637//2637
f 2637//2637 2798//2798 2638//2638
f 2798//2798 2799//2799 2638//2638
f 2638//2638 2799//2799 2639//2639
f 2799//2799 2800//2800 2639//2639
f 2639//2639 2800//2800 2640//2640
f 2800//2800 2801//2801 2640//2640
f 2640//2640 2801//2801 2641//2641
f 2801//2801 2802//2802 2641//2641
f 2641//2641 2802//2802 2642//2642
f 2802//2802 2803//2803 2642//2642
f 2642//2642 2803//2803 2643//2643
f 2803//2803 2804//2804 2643//2643
f 2643//2643 2804//2804 2644//2644
f 2804//2804 2805//2805 2644//2644
f 2644//2644 2805//2805 2645//2645
f 2805//2805 2806//2806 2645//2645
f 2645//2645 2806//2806 2646//2646
f 2806//2806 2807//2807 2646//2646
f 2646//2646 2807//2807 2647//2647
f 2807//2807 2808//2808 2647//2647
f 2647//2647 2808//2808 2648//2648
f 2808//2808 2809//2809 2648//2648
f 2648//2648 2809//2809 2649//2649
f 2809//2809 2810//2810 2649//2649
f 2649//2649 2810//2810 2650//2650
f 2810//2810 2811//2811 2650//2650
f 2650//2650 2811//2811 2651//2651
f 2811//2811 2812//2812 2651//2651
f 2651//2651 2812//2812 2652//2652
f 2812//2812 2813//2813 2652//2652
f 2652//2652 2813//2813 2653//2653
f 2813//2813 2814//2814 2653//2653
f 2653//2653 2814//2814 2654//2654
f 2814//2814 2815//2815 2654//2654
f 2654//2654 2815//2815 2655//2655
f 2815//2815 2816//2816 2655//2655
f 2655//2655 2816//2816 2656//2656
f 2816//2816 2817//2817 2656//2656
f 2656//2656 2817//2817 2657//2657
f 2817//2817 2818//2818 2657//2657
f 2657//2657 2818//2818 2658//2658
f 2818//2818 2819//2819 2658//2658
f 2658//2658 2819//2819 2659//2659
f 2819//2819 2820//2820 2659//2659
f 2659//2659 2820//2820 2660//2660
f 2820//2820 2821//2821 2660//2660
f 2660//2660 2821//2821 2661//2661
f 2821//2821 2822//2822 2661//2661
f 2661//2661 2822//2822 2662//2662
f 2822//2822 2823//2823 2662//2662
f 2662//2662 2823//2823 2663//2663
f 2823//2823 2824//2824 2663//2663
f 2663//2663 2824//2824 2664//2664
f 2824//2824 2825//2825 2664//2664
f 2664//2664 2825//2825 2665//2665
f 2825//2825 2826//2826 2665//2665
f 2665//2665 2826//2826 2666//2666
f 2826//2826 2827//2827 2666//2666
f 2666//2666 2827//2827 2667//2667
f 2827//2827 2828//2828 2667//2667
f 2667//2667 2828//2828 2668//2668
f 2828//2828 2829//2829 2668//2668
f 2668//2668 2829//2829 2669//2669
f 2829//2829 2830//2830 2669//2669
f 2669//2669 2830//2830 2670//2670
f 2830//2830 2831//2831 2670//2670
f 2670//2670 2831//2831 2671//2671
f 2831//2831 2832//2832 2671//2671
f 2671//2671 2832//2832 2672//2672
f 2832//2832 2833//2833 2672//2672
f 2672//2672 2833//2833 2673//2673
f 2833//2833 2834//2834 2673//2673
f 2673//2673 2834//2834 2674//2674
f 2834//2834 2835//2835 2674//2674
f 2674//2674 2835//2835 2675//2675
f 2836//2836 2757//2757 2676//2676
f 2676//2676 2757//2757 2597//2597
f 2835//2835 2836//2836 2675//2675
f 2675//2675 2836//2836 2676//2676
f 2837//2837 2838//2838 2677//2677
f 2677//2677 2838//2838 2678//2678
f 2838//2838 2839//2839 2678//2678
f 2678//2678 2839//2839 2679//2679
f 2839//2839 2840//2840 2679//2679
f 2679//2679 2840//2840 2680//2680
f 2840//2840 2841//2841 2680//2680
f 2680//2680 2841//2841 2681//2681
f 2841//2841 2842//2842 2681//2681
f 2681//2681 2842//2842 2682//2682
f 2842//2842 2843//2843 2682//2682
f 2682//2682 2843//2843 2683//2683
f 2843//2843 2844//2844 2683//2683
f 2683//2683 2844//2844 2684//2684
f 2844//2844 2845//2845 2684//2684
f 2684//2684 2845//2845 2685//2685
f 2845//2845 2846//2846 2685//2685
f 2685//2685 2846//2846 2686//2686
f 2846//2846 2847//2847 2686//2686
f 2686//2686 2847//2847 2687//2687
f 2847//2847 2848//2848 2687//2687
f 2687//2687 2848//2848 2688//2688
f 2848//2848 2849//2849 2688//2688
f 2688//2688 2849//2849 2689//2689
f 2849//2849 2850//2850 2689//2689
f 2689//2689 2850//2850 2690//2690
f 2850//2850 2851//2851 2690//2690
f 2690//2690 2851//2851 2691//2691
f 2851//2851 2852//2852 2691//2691
f 2691//2691 2852//2852 2692//2692
f 2852//2852 2853//2853 2692//2692
f 2692//2692 2853//2853 2693//2693
f 2853//2853 2854//2854 2693//2693
f 2693//2693 2854//2854 2694//2694
f 2854//2854 2855//2855 2694//2694
f 2694//2694 2855//2855 2695//2695
f 2855//2855 2856//2856 2695//2695
f 2695//2695 2856//2856 2696//2696
f 2856//2856 2857//2857 2696//2696
f 2696//2696 2857//2857 2697//2697
f 2857//2857 2858//2858 2697//2697
f 2697//2697 2858//2858 2698//2698
f 2858//2858 2859//2859 2698//2698
f 2698//2698 2859//2859 2699//2699
f 2859//2859 2860//2860 2699//2699
f 2699//2699 2860//2860 2700//2700
f 2860//2860 2861//2861 2700//2700
f 2700//2700 2861//2861 2701//2701
f 2861//2861 2862//2862 2701//2701
f 2701//2701 2862//2862 2702//2702
f 2862//2862 2863//2863 2702//2702
f 2702//2702 2863//2863 2703//2703
f 2863//2863 2864//2864 2703//2703
f 2703//2703 2864//2864 2704//2704
f 2864//2864 2865//2865 2704//2704
f 2704//2704 2865//2865 2705//2705
f 2865//2865 2866//2866 2705//2705
f 2705//2705 2866//2866 2706//2706
f 2866//2866 2867//2867 2706//2706
f 2706//2706 2867//2867 2707//2707
f 2867//2867 2868//2868 2707//2707
f 2707//2707 2868//2868 2708//2708
f 2868//2868 2869//2869 2708//2708
f 2708//2708 2869//2869 2709//2709
f 2869//2869 2870//2870 2709//2709
f 2709//2709 2870//2870 2710//2710
f 2870//2870 2871//2871 2710//2710
f 2710//2710 2871//2871 2711//2711
f 2871//2871 2872//2872 2711//2711
f 2711//2711 2872//2872 2712//2712
f 2872//2872 2873//2873 2712//2712
f 2712//2712 2873//2873 2713//2713
f 2873//2873 2874//2874 2713//2713
f 2713//2713 2874//2874 2714//2714
f 2874//2874 2875//2875 2714//2714
f 2714//2714 2875//2875 2715//2715
f 2875//2875 2876//2876 2715//2715
f 2715//2715 2876//2876 2716//2716
f 2876//2876 2877//2877 2716//2716
f 2716//2716 2877//2877 2717//2717
f 2877//2877 2878//2878 2717//2717
f 2717//2717 2878//2878 2718//2718
f 2878//2878 2879//2879 2718//2718
f 2718//2718 2879//2879 2719//2719
f 2879//2879 2880//2880 2719//2719
f 2719//2719 2880//2880 2720//2720
f 2880//2880 2881//2881 2720//2720
f 2720//2720 2881//2881 2721//2721
f 2881//2881 2882//2882 2721//2721
f 2721//2721 2882//2882 2722//2722
f 2882//2882 2883//2883 2722//2722
f 2722//2722 2883//2883 2723//2723
f 2883//2883 2884//2884 2723//2723
f 2723//2723 2884//2884 2724//2724
f 2884//2884 2885//2885 2724//2724
f 2724//2724 2885//2885 2725//2725
f 2885//2885 2886//2886 2725//2725
f 2725//2725 2886//2886 2726//2726
f 2886//2886 2887//2887 2726//2726
f 2726//2726 2887//2887 2727//2727
f 2887//2887 2888//2888 2727//2727
f 2727//2727 2888//2888 2728//2728
f 2888//2888 2889//2889 2728//2728
f 2728//2728 2889//2889 2729//2729
f 2889//2889 2890//2890 2729//2729
f 2729//2729 2890//2890 2730//2730
f 2890//2890 2891//2891 2730//2730
f 2730//2730 2891//2891 2731//2731
f 2891//2891 2892//2892 2731//2731
f 2731//2731 2892//2892 2732//2732
f 2892//2892 2893//2893 2732//2732
f 2732//2732 2893//2893 2733//2733
f 2893//2893 2894//2894 2733//2733
f 2733//2733 2894//2894 2734//2734
f 2894//2894 2895//2895 2734//2734
f 2734//2734 2895//2895 2735//2735
f 2895//2895 2896//2896 2735//2735
f 2735//2735 2896//2896 2736//2736
f 2896//2896 2897//2897 2736//2736
f 2736//2736 2897//2897 2737//2737
f 2897//2897 2898//2898 2737//2737
f 2737//2737 2898//2898 2738//2738
f 2898//2898 2899//2899 2738//2738
f 2738//2738 2899//2899 2739//2739
f 2899//2899 2900//2900 2739//2739
f 2739//2739 2900//2900 2740//2740
f 2900//2900 2901//2901 2740//2740
f 2740//2740 2901//2901 2741//2741
f 2901//2901 2902//2902 2741//2741
f 2741//2741 2902//2902 2742//2742
f 2902//2902 2903//2903 2742//2742
f 2742//2742 2903//2903 2743//2743
f 2903//2903 2904//2904 2743//2743
f 2743//2743 2904//2904 2744//2744
f 2904//2904 2905//2905 2744//2744
f 2744//2744 2905//2905 2745//2745
f 2905//2905 2906//2906 2745//2745
f 2745//2745 2906//2906 2746//2746
f 2906//2906 2907//2907 2746//2746
f 2746//2746 2907//2907 2747//2747
f 2907//2907 2908//2908 2747//2747
f 2747//2747 2908//2908 2748//2748
f 2908//2908 2909//2909 2748//2748
f 2748//2748 2909//2909 2749//2749
f 2909//2909 2910//2910 2749//2749
f 2749//2749 2910//2910 2750//2750
f 2910//2910 2911//2911 2750//2750
f 2750//2750 2911//2911 2751//2751
f 2911//2911 2912//2912 2751//2751
f 2751//2751 2912//2912 2752//2752
f 2912//2912 2913//2913 2752//2752
f 2752//2752 2913//2913 2753//2753
f 2913//2913 2914//2914 2753//2753
f 2753//2753 2914//2914 2754//2754
f 2914//2914 2915//2915 2754//2754
f 2754//2754 2915//2915 2755//2755
f 2916//2916 2837//2837 2756//2756
f 2756//2756 2837//2837 2677//2677
f 2915//2915 2916//2916 2755//2755
f 2755//2755 2916//2916 2756//2756
f 3033//3033 3034//3034 2963//2963
f 3032//3032 3033//3033 2963//2963
f 3031//3031 3032//3032 2963//2963
f 3030//3030 3031//3031 2963//2963
f 3029//3029 3030//3030 2963//2963
f 3028//3028 3029//3029 2963//2963
f 3027//3027 3028//3028 2963//2963
f 3026//3026 3027//3027 2963//2963
f 3025//3025 3026//3026 2963//2963
f 2963//2963 3034//3034 3035//3035
f 2962//2962 2963//2963 3035//3035
f 2961//2961 2962//2962 3035//3035
f 2960//2960 2961//2961 3035//3035
f 2959//2959 2960//2960 3035//3035
f 2958//2958 2959//2959 3035//3035
f 2957//2957 2958//2958 3035//3035
f 2956//2956 2957//2957 3035//3035
f 2955//2955 2956//2956 3035//3035
f 2954//2954 2955//2955 3035//3035
f 2953//2953 2954//2954 3035//3035
f 2952//2952 2953//2953 3035//3035
f 2950//2950 2951//2951 2952//2952
f 2949//2949 2950//2950 2952//2952
f 2948//2948 2949//2949 2952//2952
f 2947//2947 2948//2948 2952//2952
f 2946//2946 2947//2947 2952//2952
f 2945//2945 2946//2946 2952//2952
f 2944//2944 2945//2945 2952//2952
f 2943//2943 2944//2944 2952//2952
f 2942//2942 2943//2943 2952//2952
f 2941//2941 2942//2942 2952//2952
f 2940//2940 2941//2941 2952//2952
f 2939//2939 2940//2940 2952//2952
f 2938//2938 2939//2939 2952//2952
f 2937//2937 2938//2938 2952//2952
f 2936//2936 2937//2937 2952//2952
f 2935//2935 2936//2936 2952//2952
f 2933//2933 2934//2934 2935//2935
f 2932//2932 2933//2933 2935//2935
f 2931//2931 2932//2932 2935//2935
f 2930//2930 2931//2931 2935//2935
f 2929//2929 2930//2930 2935//2935
f 2928//2928 2929//2929 2935//2935
f 2927//2927 2928//2928 2935//2935
f 2926//2926 2927//2927 2935//2935
f 2925//2925 2926//2926 2935//2935
f 2924//2924 2925//2925 2935//2935
f 2923//2923 2924//2924 2935//2935
f 2922//2922 2923//2923 2935//2935
f 2921//2921 2922//2922 2935//2935
f 2920//2920 2921//2921 2935//2935
f 2919//2919 2920//2920 2935//2935
f 2918//2918 2919//2919 2935//2935
f 2917//2917 2918//2918 2935//2935
f 2996//2996 2917//2917 2935//2935
f 2995//2995 2996//2996 2935//2935
f 2994//2994 2995//2995 2935//2935
f 2993//2993 2994//2994 2935//2935
f 2991//2991 2992//2992 2993//2993
f 2990//2990 2991//2991 2993//2993
f 2989//2989 2990//2990 2993//2993
f 2988//2988 2989//2989 2993//2993
f 2987//2987 2988//2988 2993//2993
f 2986//2986 2987//2987 2993//2993
f 2985//2985 2986//2986 2993//2993
f 2984//2984 2985//2985 2993//2993
f 2983//2983 2984//2984 2993//2993
f 2982//2982 2983//2983 2993//2993
f 2981//2981 2982//2982 2993//2993
f 2980//2980 2981//2981 2993//2993
f 2979//2979 2980//2980 2993//2993
f 2978//2978 2979//2979 2993//2993
f 2977//2977 2978//2978 2993//2993
f 2975//2975 2976//2976 2977//2977
f 2974//2974 2975//2975 2977//2977
f 2973//2973 2974//2974 2977//2977
f 2972//2972 2973//2973 2977//2977
f 2971//2971 2972//2972 2977//2977
f 2970//2970 2971//2971 2977//2977
f 2969//2969 2970//2970 2977//2977
f 2968//2968 2969//2969 2977//2977
f 2967//2967 2968//2968 2977//2977
f 2966//2966 2967//2967 2977//2977
f 2965//2965 2966//2966 2977//2977
f 2964//2964 2965//2965 2977//2977
f 2963//2963 2964//2964 2977//2977
f 3025//3025 2963//2963 2977//2977
f 3024//3024 3025//3025 2977//2977
f 3023//3023 3024//3024 2977//2977
f 3022//3022 3023//3023 2977//2977
f 3021//3021 3022//3022 2977//2977
f 3020//3020 3021//3021 2977//2977
f 3019//3019 3020//3020 2977//2977
f 3018//3018 3019//3019 2977//2977
f 3017//3017 3018//3018 2977//2977
f 3016//3016 3017//3017 2977//2977
f 3015//3015 3016//3016 2977//2977
f 3014//3014 3015//3015 2977//2977
f 3013//3013 3014//3014 2977//2977
f 3012//3012 3013//3013 2977//2977
f 2952//2952 3035//3035 3036//3036
f 3012//3012 2977//2977 2993//2993
f 3011//3011 3012//3012 2993//2993
f 3010//3010 3011//3011 2993//2993
f 3009//3009 3010//3010 2993//2993
f 3008//3008 3009//3009 2993//2993
f 3007//3007 3008//3008 2993//2993
f 3006//3006 3007//3007 2993//2993
f 3005//3005 3006//3006 2993//2993
f 3004//3004 3005//3005 2993//2993
f 3003//3003 3004//3004 2993//2993
f 3002//3002 3003//3003 2993//2993
f 3001//3001 3002//3002 2993//2993
f 3000//3000 3001//3001 2993//2993
f 2999//2999 3000//3000 2993//2993
f 2998//2998 2999//2999 2993//2993
f 2997//2997 2998//2998 2993//2993
f 3076//3076 2997//2997 2993//2993
f 3075//3075 3076//3076 2993//2993
f 3074//3074 3075//3075 2993//2993
f 3073//3073 3074//3074 2993//2993
f 3072//3072 3073//3073 2993//2993
f 2952//2952 3036//3036 3037//3037
f 3072//3072 2993//2993 2935//2935
f 3071//3071 3072//3072 2935//2935
f 3070//3070 3071//3071 2935//2935
f 3069//3069 3070//3070 2935//2935
f 3068//3068 3069//3069 2935//2935
f 3067//3067 3068//3068 2935//2935
f 3066//3066 3067//3067 2935//2935
f 3065//3065 3066//3066 2935//2935
f 3064//3064 3065//3065 2935//2935
f 3063//3063 3064//3064 2935//2935
f 3062//3062 3063//3063 2935//2935
f 3061//3061 3062//3062 2935//2935
f 3060//3060 3061//3061 2935//2935
f 3059//3059 3060//3060 2935//2935
f 3058//3058 3059//3059 2935//2935
f 3057//3057 3058//3058 2935//2935
f 3056//3056 3057//3057 2935//2935
f 3055//3055 3056//3056 2935//2935
f 3054//3054 3055//3055 2935//2935
f 3053//3053 3054//3054 2935//2935
f 2952//2952 3037//3037 3038//3038
f 3053//3053 2935//2935 2952//2952
f 3052//3052 3053//3053 2952//2952
f 3051//3051 3052//3052 2952//2952
f 3050//3050 3051//3051 2952//2952
f 3049//3049 3050//3050 2952//2952
f 3048//3048 3049//3049 2952//2952
f 3047//3047 3048//3048 2952//2952
f 3046//3046 3047//3047 2952//2952
f 3045//3045 3046//3046 2952//2952
f 3044//3044 3045//3045 2952//2952
f 3043//3043 3044//3044 2952//2952
f 3042//3042 3043//3043 2952//2952
f 3041//3041 3042//3042 2952//2952
f 3040//3040 3041//3041 2952//2952
f 3039//3039 3040//3040 2952//2952
f 3038//3038 3039//3039 2952//2952
f 3123//3123 3194//3194 3193//3193
f 3123//3123 3193//3193 3192//3192
f 3123//3123 3192//3192 3191//3191
f 3123//3123 3191//3191 3190//3190
f 3123//3123 3190//3190 3189//3189
f 3123//3123 3189//3189 3188//3188
f 3123//3123 3188//3188 3187//3187
f 3123//3123 3187//3187 3186//3186
f 3123//3123 3186//3186 3185//3185
f 3195//3195 3194//3194 3123//3123
f 3195//3195 3123//3123 3122//3122
f 3195//3195 3122//3122 3121//3121
f 3195//3195 3121//3121 3120//3120
f 3195//3195 3120//3120 3119//3119
f 3195//3195 3119//3119 3118//3118
f 3195//3195 3118//3118 3117//3117
f 3195//3195 3117//3117 3116//3116
f 3195//3195 3116//3116 3115//3115
f 3195//3195 3115//3115 3114//3114
f 3195//3195 3114//3114 3113//3113
f 3195//3195 3113//3113 3112//3112
f 3112//3112 3111//3111 3110//3110
f 3112//3112 3110//3110 3109//3109
f 3112//3112 3109//3109 3108//3108
f 3112//3112 3108//3108 3107//3107
f 3112//3112 3107//3107 3106//3106
f 3112//3112 3106//3106 3105//3105
f 3112//3112 3105//3105 3104//3104
f 3112//3112 3104//3104 3103//3103
f 3112//3112 3103//3103 3102//3102
f 3112//3112 3102//3102 3101//3101
f 3112//3112 3101//3101 3100//3100
f 3112//3112 3100//3100 3099//3099
f 3112//3112 3099//3099 3098//3098
f 3112//3112 3098//3098 3097//3097
f 3112//3112 3097//3097 3096//3096
f 3112//3112 3096//3096 3095//3095
f 3095//3095 3094//3094 3093//3093
f 3095//3095 3093//3093 3092//3092
f 3095//3095 3092//3092 3091//3091
f 3095//3095 3091//3091 3090//3090
f 3095//3095 3090//3090 3089//3089
f 3095//3095 3089//3089 3088//3088
f 3095//3095 3088//3088 3087//3087
f 3095//3095 3087//3087 3086//3086
f 3095//3095 3086//3086 3085//3085
f 3095//3095 3085//3085 3084//3084
f 3095//3095 3084//3084 3083//3083
f 3095//3095 3083//3083 3082//3082
f 3095//3095 3082//3082 3081//3081
f 3095//3095 3081//3081 3080//3080
f 3095//3095 3080//3080 3079//3079
f 3095//3095 3079//3079 3078//3078
f 3095//3095 3078//3078 3077//3077
f 3095//3095 3077//3077 3156//3156
f 3095//3095 3156//3156 3155//3155
f 3095//3095 3155//3155 3154//3154
f 3095//3095 3154//3154 3153//3153
f 3153//3153 3152//3152 3151//3151
f 3153//3153 3151//3151 3150//3150
f 3153//3153 3150//3150 3149//3149
f 3153//3153 3149//3149 3148//3148
f 3153//3153 3148//3148 3147//3147
f 3153//3153 3147//3147 3146//3146
f 3153//3153 3146//3146 3145//3145
f 3153//3153 3145//3145 3144//3144
f 3153//3153 3144//3144 3143//3143
f 3153//3153 3143//3143 3142//3142
f 3153//3153 3142//3142 3141//3141
f 3153//3153 3141//3141 3140//3140
f 3153//3153 3140//3140 3139//3139
f 3153//3153 3139//3139 3138//3138
f 3153//3153 3138//3138 3137//3137
f 3137//3137 3136//3136 3135//3135
f 3137//3137 3135//3135 3134//3134
f 3137//3137 3134//3134 3133//3133
f 3137//3137 3133//3133 3132//3132
f 3137//3137 3132//3132 3131//3131
f 3137//3137 3131//3131 3130//3130
f 3137//3137 3130//3130 3129//3129
f 3137//3137 3129//3129 3128//3128
f 3137//3137 3128//3128 3127//3127
f 3137//3137 3127//3127 3126//3126
f 3137//3137 3126//3126 3125//3125
f 3137//3137 3125//3125 3124//3124
f 3137//3137 3124//3124 3123//3123
f 3137//3137 3123//3123 3185//3185
f 3137//3137 3185//3185 3184//3184
f 3137//3137 3184//3184 3183//3183
f 3137//3137 3183//3183 3182//3182
f 3137//3137 3182//3182 3181//3181
f 3137//3137 3181//3181 3180//3180
f 3137//3137 3180//3180 3179//3179
f 3137//3137 3179//3179 3178//3178
f 3137//3137 3178//3178 3177//3177
f 3137//3137 3177//3177 3176//3176
f 3137//3137 3176//3176 3175//3175
f 3137//3137 3175//3175 3174//3174
f 3137//3137 3174//3174 3173//3173
f 3137//3137 3173//3173 3172//3172
f 3196//3196 3195//3195 3112//3112
f 3153//3153 3137//3137 3172//3172
f 3153//3153 3172//3172 3171//3171
f 3153//3153 3171//3171 3170//3170
f 3153//3153 3170//3170 3169//3169
f 3153//3153 3169//3169 3168//3168
f 3153//3153 3168//3168 3167//3167
f 3153//3153 3167//3167 3166//3166
f 3153//3153 3166//3166 3165//3165
f 3153//3153 3165//3165 3164//3164
f 3153//3153 3164//3164 3163//3163
f 3153//3153 3163//3163 3162//3162
f 3153//3153 3162//3162 3161//3161
f 3153//3153 3161//3161 3160//3160
f 3153//3153 3160//3160 3159//3159
f 3153//3153 3159//3159 3158//3158
f 3153//3153 3158//3158 3157//3157
f 3153//3153 3157//3157 3236//3236
f 3153//3153 3236//3236 3235//3235
f 3153//3153 3235//3235 3234//3234
f 3153//3153 3234//3234 3233//3233
f 3153//3153 3233//3233 3232//3232
f 3197//3197 3196//3196 3112//3112
f 3095//3095 3153//3153 3232//3232
f 3095//3095 3232//3232 3231//3231
f 3095//3095 3231//3231 3230//3230
f 3095//3095 3230//3230 3229//3229
f 3095//3095 3229//3229 3228//3228
f 3095//3095 3228//3228 3227//3227
f 3095//3095 3227//3227 3226//3226
f 3095//3095 3226//3226 3225//3225
f 3095//3095 3225//3225 3224//3224
f 3095//3095 3224//3224 3223//3223
f 3095//3095 3223//3223 3222//3222
f 3095//3095 3222//3222 3221//3221
f 3095//3095 3221//3221 3220//3220
f 3095//3095 3220//3220 3219//3219
f 3095//3095 3219//3219 3218//3218
f 3095//3095 3218//3218 3217//3217
f 3095//3095 3217//3217 3216//3216
f 3095//3095 3216//3216 3215//3215
f 3095//3095 3215//3215 3214//3214
f 3095//3095 3214//3214 3213//3213
f 3198//3198 3197//3197 3112//3112
f 3112//3112 3095//3095 3213//3213
f 3112//3112 3213//3213 3212//3212
f 3112//3112 3212//3212 3211//3211
f 3112//3112 3211//3211 3210//3210
f 3112//3112 3210//3210 3209//3209
f 3112//3112 3209//3209 3208//3208
f 3112//3112 3208//3208 3207//3207
f 3112//3112 3207//3207 3206//3206
f 3112//3112 3206//3206 3205//3205
f 3112//3112 3205//3205 3204//3204
f 3112//3112 3204//3204 3203//3203
f 3112//3112 3203//3203 3202//3202
f 3112//3112 3202//3202 3201//3201
f 3112//3112 3201//3201 3200//3200
f 3112//3112 3200//3200 3199//3199
f 3112//3112 3199//3199 3198//3198
f 3077//3077 3078//3078 2917//2917
f 2917//2917 3078//3078 2918//2918
f 3078//3078 3079//3079 2918//2918
f 2918//2918 3079//3079 2919//2919
f 3079//3079 3080//3080 2919//2919
f 2919//2919 3080//3080 2920//2920
f 3080//3080 3081//3081 2920//2920
f 2920//2920 3081//3081 2921//2921
f 3081//3081 3082//3082 2921//2921
f 2921//2921 3082//3082 2922//2922
f 3082//3082 3083//3083 2922//2922
f 2922//2922 3083//3083 2923//2923
f 3083//3083 3084//3084 2923//2923
f 2923//2923 3084//3084 2924//2924
f 3084//3084 3085//3085 2924//2924
f 2924//2924 3085//3085 2925//2925
f 3085//3085 3086//3086 2925//2925
f 2925//2925 3086//3086 2926//2926
f 3086//3086 3087//3087 2926//2926
f 2926//2926 3087//3087 2927//2927
f 3087//3087 3088//3088 2927//2927
f 2927//2927 3088//3088 2928//2928
f 3088//3088 3089//3089 2928//2928
f 2928//2928 3089//3089 2929//2929
f 3089//3089 3090//3090 2929//2929
f 2929//2929 3090//3090 2930//2930
f 3090//3090 3091//3091 2930//2930
f 2930//2930 3091//3091 2931//2931
f 3091//3091 3092//3092 2931//2931
f 2931//2931 3092//3092 2932//2932
f 3092//3092 3093//3093 2932//2932
f 2932//2932 3093//3093 2933//2933
f 3093//3093 3094//3094 2933//2933
f 2933//2933 3094//3094 2934//2934
f 3094//3094 3095//3095 2934//2934
f 2934//2934 3095//3095 2935//2935
f 3095//3095 3096//3096 2935//2935
f 2935//2935 3096//3096 2936//2936
f 3096//3096 3097//3097 2936//2936
f 2936//2936 3097//3097 2937//2937
f 3097//3097 3098//3098 2937//2937
f 2937//2937 3098//3098 2938//2938
f 3098//3098 3099//3099 2938//2938
f 2938//2938 3099//3099 2939//2939
f 3099//3099 3100//3100 2939//2939
f 2939//2939 3100//3100 2940//2940
f 3100//3100 3101//3101 2940//2940
f 2940//2940 3101//3101 2941//2941
f 3101//3101 3102//3102 2941//2941
f 2941//2941 3102//3102 2942//2942
f 3102//3102 3103//3103 2942//2942
f 2942//2942 3103//3103 2943//2943
f 3103//3103 3104//3104 2943//2943
f 2943//2943 3104//3104 2944//2944
f 3104//3104 3105//3105 2944//2944
f 2944//2944 3105//3105 2945//2945
f 3105//3105 3106//3106 2945//2945
f 2945//2945 3106//3106 2946//2946
f 3106//3106 3107//3107 2946//2946
f 2946//2946 3107//3107 2947//2947
f 3107//3107 3108//3108 2947//2947
f 2947//2947 3108//3108 2948//2948
f 3108//3108 3109//3109 2948//2948
f 2948//2948 3109//3109 2949//2949
f 3109//3109 3110//3110 2949//2949
f 2949//2949 3110//3110 2950//2950
f 3110//3110 3111//3111 2950//2950
f 2950//2950 3111//3111 2951//2951
f 3111//3111 3112//3112 2951//2951
f 2951//2951 3112//3112 2952//2952
f 3112//3112 3113//3113 2952//2952
f 2952//2952 3113//3113 2953//2953
f 3113//3113 3114//3114 2953//2953
f 2953//2953 3114//3114 2954//2954
f 3114//3114 3115//3115 2954//2954
f 2954//2954 3115//3115 2955//2955
f 3115//3115 3116//3116 2955//2955
f 2955//2955 3116//3116 2956//2956
f 3116//3116 3117//3117 2956//2956
f 2956//2956 3117//3117 2957//2957
f 3117//3117 3118//3118 2957//2957
f 2957//2957 3118//3118 2958//2958
f 3118//3118 3119//3119 2958//2958
f 2958//2958 3119//3119 2959//2959
f 3119//3119 3120//3120 2959//2959
f 2959//2959 3120//3120 2960//2960
f 3120//3120 3121//3121 2960//2960
f 2960//2960 3121//3121 2961//2961
f 3121//3121 3122//3122 2961//2961
f 2961//2961 3122//3122 2962//2962
f 3122//3122 3123//3123 2962//2962
f 2962//2962 3123//3123 2963//2963
f 3123//3123 3124//3124 2963//2963
f 2963//2963 3124//3124 2964//2964
f 3124//3124 3125//3125 2964//2964
f 2964//2964 3125//3125 2965//2965
f 3125//3125 3126//3126 2965//2965
f 2965//2965 3126//3126 2966//2966
f 3126//3126 3127//3127 2966//2966
f 2966//2966 3127//3127 2967//2967
f 3127//3127 3128//3128 2967//2967
f 2967//2967 3128//3128 2968//2968
f 3128//3128 3129//3129 2968//2968
f 2968//2968 3129//3129 2969//2969
f 3129//3129 3130//3130 2969//2969
f 2969//2969 3130//3130 2970//2970
f 3130//3130 3131//3131 2970//2970
f 2970//2970 3131//3131 2971//2971
f 3131//3131 3132//3132 2971//2971
f 2971//2971 3132//3132 2972//2972
f 3132//3132 3133//3133 2972//2972
f 2972//2972 3133//3133 2973//2973
f 3133//3133 3134//3134 2973//2973
f 2973//2973 3134//3134 2974//2974
f 3134//3134 3135//3135 2974//2974
f 2974//2974 3135//3135 2975//2975
f 3135//3135 3136//3136 2975//2975
f 2975//2975 3136//3136 2976//2976
f 3136//3136 3137//3137 2976//2976
f 2976//2976 3137//3137 2977//2977
f 3137//3137 3138//3138 2977//2977
f 2977//2977 3138//3138 2978//2978
f 3138//3138 3139//3139 2978//2978
f 2978//2978 3139//3139 2979//2979
f 3139//3139 3140//3140 2979//2979
f 2979//2979 3140//3140 2980//2980
f 3140//3140 3141//3141 2980//2980
f 2980//2980 3141//3141 2981//2981
f 3141//3141 3142//3142 2981//2981
f 2981//2981 3142//3142 2982//2982
f 3142//3142 3143//3143 2982//2982
f 2982//2982 3143//3143 2983//2983
f 3143//3143 3144//3144 2983//2983
f 2983//2983 3144//3144 2984//2984
f 3144//3144 3145//3145 2984//2984
f 2984//2984 3145//3145 2985//2985
f 3145//3145 3146//3146 2985//2985
f 2985//2985 3146//3146 2986//2986
f 3146//3146 3147//3147 2986//2986
f 2986//2986 3147//3147 2987//2987
f 3147//3147 3148//3148 2987//2987
f 2987//2987 3148//3148 2988//2988
f 3148//3148 3149//3149 2988//2988
f 2988//2988 3149//3149 2989//2989
f 3149//3149 3150//3150 2989//2989
f 2989//2989 3150//3150 2990//2990
f 3150//3150 3151//3151 2990//2990
f 2990//2990 3151//3151 2991//2991
f 3151//3151 3152//3152 2991//2991
f 2991//2991 3152//3152 2992//2992
f 3152//3152 3153//3153 2992//2992
f 2992//2992 3153//3153 2993//2993
f 3153//3153 3154//3154 2993//2993
f 2993//2993 3154//3154 2994//2994
f 3154//3154 3155//3155 2994//2994
f 2994//2994 3155//3155 2995//2995
f 3156//3156 3077//3077 2996//2996
f 2996//2996 3077//3077 2917//2917
f 3155//3155 3156//3156 2995//2995
f 2995//2995 3156//3156 2996//2996
f 3157//3157 3158//3158 2997//2997
f 2997//2997 3158//3158 2998//2998
f 3158//3158 3159//3159 2998//2998
f 2998//2998 3159//3159 2999//2999
f 3159//3159 3160//3160 2999//2999
f 2999//2999 3160//3160 3000//3000
f 3160//3160 3161//3161 3000//3000
f 3000//3000 3161//3161 3001//3001
f 3161//3161 3162//3162 3001//3001
f 3001//3001 3162//3162 3002//3002
f 3162//3162 3163//3163 3002//3002
f 3002//3002 3163//3163 3003//3003
f 3163//3163 3164//3164 3003//3003
f 3003//3003 3164//3164 3004//3004
f 3164//3164 3165//3165 3004//3004
f 3004//3004 3165//3165 3005//3005
f 3165//3165 3166//3166 3005//3005
f 3005//3005 3166//3166 3006//3006
f 3166//3166 3167//3167 3006//3006
f 3006//3006 3167//3167 3007//3007
f 3167//3167 3168//3168 3007//3007
f 3007//3007 3168//3168 3008//3008
f 3168//3168 3169//3169 3008//3008
f 3008//3008 3169//3169 3009//3009
f 3169//3169 3170//3170 3009//3009
f 3009//3009 3170//3170 3010//3010
f 3170//3170 3171//3171 3010//3010
f 3010//3010 3171//3171 3011//3011
f 3171//3171 3172//3172 3011//3011
f 3011//3011 3172//3172 3012//3012
f 3172//3172 3173//3173 3012//3012
f 3012//3012 3173//3173 3013//3013
f 3173//3173 3174//3174 3013//3013
f 3013//3013 3174//3174 3014//3014
f 3174//3174 3175//3175 3014//3014
f 3014//3014 3175//3175 3015//3015
f 3175//3175 3176//3176 3015//3015
f 3015//3015 3176//3176 3016//3016
f 3176//3176 3177//3177 3016//3016
f 3016//3016 3177//3177 3017//3017
f 3177//3177 3178//3178 3017//3017
f 3017//3017 3178//3178 3018//3018
f 3178//3178 3179//3179 3018//3018
f 3018//3018 3179//3179 3019//3019
f 3179//3179 3180//3180 3019//3019
f 3019//3019 3180//3180 3020//3020
f 3180//3180 3181//3181 3020//3020
f 3020//3020 3181//3181 3021//3021
f 3181//3181 3182//3182 3021//3021
f 3021//3021 3182//3182 3022//3022
f 3182//3182 3183//3183 3022//3022
f 3022//3022 3183//3183 3023//3023
f 3183//3183 3184//3184 3023//3023
f 3023//3023 3184//3184 3024//3024
f 3184//3184 3185//3185 3024//3024
f 3024//3024 3185//3185 3025//3025
f 3185//3185 3186//3186 3025//3025
f 3025//3025 3186//3186 3026//3026
f 3186//3186 3187//3187 3026//3026
f 3026//3026 3187//3187 3027//3027
f 3187//3187 3188//3188 3027//3027
f 3027//3027 3188//3188 3028//3028
f 3188//3188 3189//3189 3028//3028
f 3028//3028 3189//3189 3029//3029
f 3189//3189 3190//3190 3029//3029
f 3029//3029 3190//3190 3030//3030
f 3190//3190 3191//3191 3030//3030
f 3030//3030 3191//3191 3031//3031
f 3191//3191 3192//3192 3031//3031
f 3031//3031 3192//3192 3032//3032
f 3192//3192 3193//3193 3032//3032
f 3032//3032 3193//3193 3033//3033
f 3193//3193 3194//3194 3033//3033
f 3033//3033 3194//3194 3034//3034
f 3194//3194 3195//3195 3034//3034
f 3034//3034 3195//3195 3035//3035
f 3195//3195 3196//3196 3035//3035
f 3035//3035 3196//3196 3036//3036
f 3196//3196 3197//3197 3036//3036
f 3036//3036 3197//3197 3037//3037
f 3197//3197 3198//3198 3037//3037
f 3037//3037 3198//3198 3038//3038
f 3198//3198 3199//3199 3038//3038
f 3038//3038 3199//3199 3039//3039
f 3199//3199 3200//3200 3039//3039
f 3039//3039 3200//3200 3040//3040
f 3200//3200 3201//3201 3040//3040
f 3040//3040 3201//3201 3041//3041
f 3201//3201 3202//3202 3041//3041
f 3041//3041 3202//3202 3042//3042
f 3202//3202 3203//3203 3042//3042
f 3042//3042 3203//3203 3043//3043
f 3203//3203 3204//3204 3043//3043
f 3043//3043 3204//3204 3044//3044
f 3204//3204 3205//3205 3044//3044
f 3044//3044 3205//3205 3045//3045
f 3205//3205 3206//3206 3045//3045
f 3045//3045 3206//3206 3046//3046
f 3206//3206 3207//3207 3046//3046
f 3046//3046 3207//3207 3047//3047
f 3207//3207 3208//3208 3047//3047
f 3047//3047 3208//3208 3048//3048
f 3208//3208 3209//3209 3048//3048
f 3048//3048 3209//3209 3049//3049
f 3209//3209 3210//3210 3049//3049
f 3049//3049 3210//3210 3050//3050
f 3210//3210 3211//3211 3050//3050
f 3050//3050 3211//3211 3051//3051
f 3211//3211 3212//3212 3051//3051
f 3051//3051 3212//3212 3052//3052
f 3212//3212 3213//3213 3052//3052
f 3052//3052 3213//3213 3053//3053
f 3213//3213 3214//3214 3053//3053
f 3053//3053 3214//3214 3054//3054
f 3214//3214 3215//3215 3054//3054
f 3054//3054 3215//3215 3055//3055
f 3215//3215 3216//3216 3055//3055
f 3055//3055 3216//3216 3056//3056
f 3216//3216 3217//3217 3056//3056
f 3056//3056 3217//3217 3057//3057
f 3217//3217 3218//3218 3057//3057
f 3057//3057 3218//3218 3058//3058
f 3218//3218 3219//3219 3058//3058
f 3058//3058 3219//3219 3059//3059
f 3219//3219 3220//3220 3059//3059
f 3059//3059 3220//3220 3060//3060
f 3220//3220 3221//3221 3060//3060
f 3060//3060 3221//3221 3061//3061
f 3221//3221 3222//3222 3061//3061
f 3061//3061 3222//3222 3062//3062
f 3222//3222 3223//3223 3062//3062
f 3062//3062 3223//3223 3063//3063
f 3223//3223 3224//3224 3063//3063
f 3063//3063 3224//3224 3064//3064
f 3224//3224 3225//3225 3064//3064
f 3064//3064 3225//3225 3065//3065
f 3225//3225 3226//3226 3065//3065
f 3065//3065 3226//3226 3066//3066
f 3226//3226 3227//3227 3066//3066
f 3066//3066 3227//3227 3067//3067
f 3227//3227 3228//3228 3067//3067
f 3067//3067 3228//3228 3068//3068
f 3228//3228 3229//3229 3068//3068
f 3068//3068 3229//3229 3069//3069
f 3229//3229 3230//3230 3069//3069
f 3069//3069 3230//3230 3070//3070
f 3230//3230 3231//3231 3070//3070
f 3070//3070 3231//3231 3071//3071
f 3231//3231 3232//3232 3071//3071
f 3071//3071 3232//3232 3072//3072
f 3232//3232 3233//3233 3072//3072
f 3072//3072 3233//3233 3073//3073
f 3233//3233 3234//3234 3073//3073
f 3073//3073 3234//3234 3074//3074
f 3234//3234 3235//3235 3074//3074
f 3074//3074 3235//3235 3075//3075
f 3236//3236 3157//3157 3076//3076
f 3076//3076 3157//3157 2997//2997
f 3235//3235 3236//3236 3075//3075
f 3075//3075 3236//3236 3076//3076
f 3244//3244 3245//3245 3246//3246
f 3242//3242 3243//3243 3244//3244
f 3241//3241 3242//3242 3244//3244
f 3239//3239 3240//3240 3241//3241
f 3237//3237 3238//3238 3239//3239
f 3246//3246 3237//3237 3239//3239
f 3244//3244 3246//3246 3239//3239
f 3241//3241 3244//3244 3239//3239
f 3256//3256 3255//3255 3254//3254
f 3254//3254 3253//3253 3252//3252
f 3254//3254 3252//3252 3251//3251
f 3251//3251 3250//3250 3249//3249
f 3249//3249 3248//3248 3247//3247
f 3249//3249 3247//3247 3256//3256
f 3249//3249 3256//3256 3254//3254
f 3249//3249 3254//3254 3251//3251
f 3247//3247 3248//3248 3237//3237
f 3237//3237 3248//3248 3238//3238
f 3248//3248 3249//3249 3238//3238
f 3238//3238 3249//3249 3239//3239
f 3249//3249 3250//3250 3239//3239
f 3239//3239 3250//3250 3240//3240
f 3250//3250 3251//3251 3240//3240
f 3240//3240 3251//3251 3241//3241
f 3251//3251 3252//3252 3241//3241
f 3241//3241 3252//3252 3242//3242
f 3252//3252 3253//3253 3242//3242
f 3242//3242 3253//3253 3243//3243
f 3253//3253 3254//3254 3243//3243
f 3243//3243 3254//3254 3244//3244
f 3254//3254 3255//3255 3244//3244
f 3244//3244 3255//3255 3245//3245
f 3256//3256 3247//3247 3246//3246
f 3246//3246 3247//3247 3237//3237
f 3255//3255 3256//3256 3245//3245
f 3245//3245 3256//3256 3246//3246
f 3267//3267 3268//3268 3257//3257
f 3266//3266 3267//3267 3257//3257
f 3265//3265 3266//3266 3257//3257
f 3263//3263 3264//3264 3265//3265
f 3262//3262 3263//3263 3265//3265
f 3261//3261 3262//3262 3265//3265
f 3259//3259 3260//3260 3261//3261
f 3258//3258 3259//3259 3261//3261
f 3265//3265 3257//3257 3258//3258
f 3261//3261 3265//3265 3258//3258
f 3269//3269 3280//3280 3279//3279
f 3269//3269 3279//3279 3278//3278
f 3269//3269 3278//3278 3277//3277
f 3277//3277 3276//3276 3275//3275
f 3277//3277 3275//3275 3274//3274
f 3277//3277 3274//3274 3273//3273
f 3273//3273 3272//3272 3271//3271
f 3273//3273 3271//3271 3270//3270
f 3270//3270 3269//3269 3277//3277
f 3270//3270 3277//3277 3273//3273
f 3269//3269 3270//3270 3257//3257
f 3257//3257 3270//3270 3258//3258
f 3270//3270 3271//3271 3258//3258
f 3258//3258 3271//3271 3259//3259
f 3271//3271 3272//3272 3259//3259
f 3259//3259 3272//3272 3260//3260
f 3272//3272 3273//3273 3260//3260
f 3260//3260 3273//3273 3261//3261
f 3273//3273 3274//3274 3261//3261
f 3261//3261 3274//3274 3262//3262
f 3274//3274 3275//3275 3262//3262
f 3262//3262 3275//3275 3263//3263
f 3275//3275 3276//3276 3263//3263
f 3263//3263 3276//3276 3264//3264
f 3276//3276 3277//3277 3264//3264
f 3264//3264 3277//3277 3265//3265
f 3277//3277 3278//3278 3265//3265
f 3265//3265 3278//3278 3266//3266
f 3278//3278 3279//3279 3266//3266
f 3266//3266 3279//3279 3267//3267
f 3280//3280 3269//3269 3268//3268
f 3268//3268 3269//3269 3257//3257
f 3279//3279 3280//3280 3267//3267
f 3267//3267 3280//3280 3268//3268
f 3291//3291 3292//3292 3281//3281
f 3290//3290 3291//3291 3281//3281
f 3288//3288 3289//3289 3290//3290
f 3287//3287 3288//3288 3290//3290
f 3286//3286 3287//3287 3290//3290
f 3285//3285 3286//3286 3290//3290
f 3284//3284 3285//3285 3290//3290
f 3283//3283 3284//3284 3290//3290
f 3282//3282 3283//3283 3290//3290
f 3281//3281 3282//3282 3290//3290
f 3293//3293 3304//3304 3303//3303
f 3293//3293 3303//3303 3302//3302
f 3302//3302 3301//3301 3300//3300
f 3302//3302 3300//3300 3299//3299
f 3302//3302 3299//3299 3298//3298
f 3302//3302 3298//3298 3297//3297
f 3302//3302 3297//3297 3296//3296
f 3302//3302 3296//3296 3295//3295
f 3302//3302 3295//3295 3294//3294
f 3302//3302 3294//3294 3293//3293
f 3293//3293 3294//3294 3281//3281
f 3281//3281 3294//3294 3282//3282
f 3294//3294 3295//3295 3282//3282
f 3282//3282 3295//3295 3283//3283
f 3295//3295 3296//3296 3283//3283
f 3283//3283 3296//3296 3284//3284
f 3296//3296 3297//3297 3284//3284
f 3284//3284 3297//3297 3285//3285
f 3297//3297 3298//3298 3285//3285
f 3285//3285 3298//3298 3286//3286
f 3298//3298 3299//3299 3286//3286
f 3286//3286 3299//3299 3287//3287
f 3299//3299 3300//3300 3287//3287
f 3287//3287 3300//3300 3288//3288
f 3300//3300 3301//3301 3288//3288
f 3288//3288 3301//3301 3289//3289
f 3301//3301 3302//3302 3289//3289
f 3289//3289 3302//3302 3290//3290
f 3302//3302 3303//3303 3290//3290
f 3290//3290 3303//3303 3291//3291
f 3304//3304 3293//3293 3292//3292
f 3292//3292 3293//3293 3281//3281
f 3303//3303 3304//3304 3291//3291
f 3291//3291 3304//3304 3292//3292
