# Independent procedural camera geometry; meters; Z up
o summarit_glass
v 0.0184500000 0.0169684000 0.0344520000
v 0.0184500000 0.0244389000 0.0344520000
v 0.0184500000 0.0244299015 0.0348185601
v 0.0184500000 0.0244029275 0.0351842370
v 0.0184500000 0.0243580431 0.0355481500
v 0.0184500000 0.0242953564 0.0359094223
v 0.0184500000 0.0242150185 0.0362671834
v 0.0184500000 0.0241172228 0.0366205717
v 0.0184500000 0.0240022049 0.0369687356
v 0.0184500000 0.0238702420 0.0373108366
v 0.0184500000 0.0237216520 0.0376460503
v 0.0184500000 0.0235567928 0.0379735693
v 0.0184500000 0.0233760616 0.0382926046
v 0.0184500000 0.0231798937 0.0386023874
v 0.0184500000 0.0229687619 0.0389021717
v 0.0184500000 0.0227431746 0.0391912350
v 0.0184500000 0.0225036754 0.0394688812
v 0.0184500000 0.0222508412 0.0397344412
v 0.0184500000 0.0219852812 0.0399872754
v 0.0184500000 0.0217076350 0.0402267746
v 0.0184500000 0.0214185717 0.0404523619
v 0.0184500000 0.0211187874 0.0406634937
v 0.0184500000 0.0208090046 0.0408596616
v 0.0184500000 0.0204899693 0.0410403928
v 0.0184500000 0.0201624503 0.0412052520
v 0.0184500000 0.0198272366 0.0413538420
v 0.0184500000 0.0194851356 0.0414858049
v 0.0184500000 0.0191369717 0.0416008228
v 0.0184500000 0.0187835834 0.0416986185
v 0.0184500000 0.0184258223 0.0417789564
v 0.0184500000 0.0180645500 0.0418416431
v 0.0184500000 0.0177006370 0.0418865275
v 0.0184500000 0.0173349601 0.0419135015
v 0.0184500000 0.0169684000 0.0419225000
v 0.0184500000 0.0166018399 0.0419135015
v 0.0184500000 0.0162361630 0.0418865275
v 0.0184500000 0.0158722500 0.0418416431
v 0.0184500000 0.0155109777 0.0417789564
v 0.0184500000 0.0151532166 0.0416986185
v 0.0184500000 0.0147998283 0.0416008228
v 0.0184500000 0.0144516644 0.0414858049
v 0.0184500000 0.0141095634 0.0413538420
v 0.0184500000 0.0137743497 0.0412052520
v 0.0184500000 0.0134468307 0.0410403928
v 0.0184500000 0.0131277954 0.0408596616
v 0.0184500000 0.0128180126 0.0406634937
v 0.0184500000 0.0125182283 0.0404523619
v 0.0184500000 0.0122291650 0.0402267746
v 0.0184500000 0.0119515188 0.0399872754
v 0.0184500000 0.0116859588 0.0397344412
v 0.0184500000 0.0114331246 0.0394688812
v 0.0184500000 0.0111936254 0.0391912350
v 0.0184500000 0.0109680381 0.0389021717
v 0.0184500000 0.0107569063 0.0386023874
v 0.0184500000 0.0105607384 0.0382926046
v 0.0184500000 0.0103800072 0.0379735693
v 0.0184500000 0.0102151480 0.0376460503
v 0.0184500000 0.0100665580 0.0373108366
v 0.0184500000 0.0099345951 0.0369687356
v 0.0184500000 0.0098195772 0.0366205717
v 0.0184500000 0.0097217815 0.0362671834
v 0.0184500000 0.0096414436 0.0359094223
v 0.0184500000 0.0095787569 0.0355481500
v 0.0184500000 0.0095338725 0.0351842370
v 0.0184500000 0.0095068985 0.0348185601
v 0.0184500000 0.0094979000 0.0344520000
v 0.0184500000 0.0095068985 0.0340854399
v 0.0184500000 0.0095338725 0.0337197630
v 0.0184500000 0.0095787569 0.0333558500
v 0.0184500000 0.0096414436 0.0329945777
v 0.0184500000 0.0097217815 0.0326368166
v 0.0184500000 0.0098195772 0.0322834283
v 0.0184500000 0.0099345951 0.0319352644
v 0.0184500000 0.0100665580 0.0315931634
v 0.0184500000 0.0102151480 0.0312579497
v 0.0184500000 0.0103800072 0.0309304307
v 0.0184500000 0.0105607384 0.0306113954
v 0.0184500000 0.0107569063 0.0303016126
v 0.0184500000 0.0109680381 0.0300018283
v 0.0184500000 0.0111936254 0.0297127650
v 0.0184500000 0.0114331246 0.0294351188
v 0.0184500000 0.0116859588 0.0291695588
v 0.0184500000 0.0119515188 0.0289167246
v 0.0184500000 0.0122291650 0.0286772254
v 0.0184500000 0.0125182283 0.0284516381
v 0.0184500000 0.0128180126 0.0282405063
v 0.0184500000 0.0131277954 0.0280443384
v 0.0184500000 0.0134468307 0.0278636072
v 0.0184500000 0.0137743497 0.0276987480
v 0.0184500000 0.0141095634 0.0275501580
v 0.0184500000 0.0144516644 0.0274181951
v 0.0184500000 0.0147998283 0.0273031772
v 0.0184500000 0.0151532166 0.0272053815
v 0.0184500000 0.0155109777 0.0271250436
v 0.0184500000 0.0158722500 0.0270623569
v 0.0184500000 0.0162361630 0.0270174725
v 0.0184500000 0.0166018399 0.0269904985
v 0.0184500000 0.0169684000 0.0269815000
v 0.0184500000 0.0173349601 0.0269904985
v 0.0184500000 0.0177006370 0.0270174725
v 0.0184500000 0.0180645500 0.0270623569
v 0.0184500000 0.0184258223 0.0271250436
v 0.0184500000 0.0187835834 0.0272053815
v 0.0184500000 0.0191369717 0.0273031772
v 0.0184500000 0.0194851356 0.0274181951
v 0.0184500000 0.0198272366 0.0275501580
v 0.0184500000 0.0201624503 0.0276987480
v 0.0184500000 0.0204899693 0.0278636072
v 0.0184500000 0.0208090046 0.0280443384
v 0.0184500000 0.0211187874 0.0282405063
v 0.0184500000 0.0214185717 0.0284516381
v 0.0184500000 0.0217076350 0.0286772254
v 0.0184500000 0.0219852812 0.0289167246
v 0.0184500000 0.0222508412 0.0291695588
v 0.0184500000 0.0225036754 0.0294351188
v 0.0184500000 0.0227431746 0.0297127650
v 0.0184500000 0.0229687619 0.0300018283
v 0.0184500000 0.0231798937 0.0303016126
v 0.0184500000 0.0233760616 0.0306113954
v 0.0184500000 0.0235567928 0.0309304307
v 0.0184500000 0.0237216520 0.0312579497
v 0.0184500000 0.0238702420 0.0315931634
v 0.0184500000 0.0240022049 0.0319352644
v 0.0184500000 0.0241172228 0.0322834283
v 0.0184500000 0.0242150185 0.0326368166
v 0.0184500000 0.0242953564 0.0329945777
v 0.0184500000 0.0243580431 0.0333558500
v 0.0184500000 0.0244029275 0.0337197630
v 0.0184500000 0.0244299015 0.0340854399
v 0.0184500000 0.0244389000 0.0344520000
v 0.0184500000 0.0244299015 0.0348185601
v 0.0184500000 0.0244029275 0.0351842370
v 0.0184500000 0.0243580431 0.0355481500
v 0.0184500000 0.0242953564 0.0359094223
v 0.0184500000 0.0242150185 0.0362671834
v 0.0184500000 0.0241172228 0.0366205717
v 0.0184500000 0.0240022049 0.0369687356
v 0.0184500000 0.0238702420 0.0373108366
v 0.0184500000 0.0237216520 0.0376460503
v 0.0184500000 0.0235567928 0.0379735693
v 0.0184500000 0.0233760616 0.0382926046
v 0.0184500000 0.0231798937 0.0386023874
v 0.0184500000 0.0229687619 0.0389021717
v 0.0184500000 0.0227431746 0.0391912350
v 0.0184500000 0.0225036754 0.0394688812
v 0.0184500000 0.0222508412 0.0397344412
v 0.0184500000 0.0219852812 0.0399872754
v 0.0184500000 0.0217076350 0.0402267746
v 0.0184500000 0.0214185717 0.0404523619
v 0.0184500000 0.0211187874 0.0406634937
v 0.0184500000 0.0208090046 0.0408596616
v 0.0184500000 0.0204899693 0.0410403928
v 0.0184500000 0.0201624503 0.0412052520
v 0.0184500000 0.0198272366 0.0413538420
v 0.0184500000 0.0194851356 0.0414858049
v 0.0184500000 0.0191369717 0.0416008228
v 0.0184500000 0.0187835834 0.0416986185
v 0.0184500000 0.0184258223 0.0417789564
v 0.0184500000 0.0180645500 0.0418416431
v 0.0184500000 0.0177006370 0.0418865275
v 0.0184500000 0.0173349601 0.0419135015
v 0.0184500000 0.0169684000 0.0419225000
v 0.0184500000 0.0166018399 0.0419135015
v 0.0184500000 0.0162361630 0.0418865275
v 0.0184500000 0.0158722500 0.0418416431
v 0.0184500000 0.0155109777 0.0417789564
v 0.0184500000 0.0151532166 0.0416986185
v 0.0184500000 0.0147998283 0.0416008228
v 0.0184500000 0.0144516644 0.0414858049
v 0.0184500000 0.0141095634 0.0413538420
v 0.0184500000 0.0137743497 0.0412052520
v 0.0184500000 0.0134468307 0.0410403928
v 0.0184500000 0.0131277954 0.0408596616
v 0.0184500000 0.0128180126 0.0406634937
v 0.0184500000 0.0125182283 0.0404523619
v 0.0184500000 0.0122291650 0.0402267746
v 0.0184500000 0.0119515188 0.0399872754
v 0.0184500000 0.0116859588 0.0397344412
v 0.0184500000 0.0114331246 0.0394688812
v 0.0184500000 0.0111936254 0.0391912350
v 0.0184500000 0.0109680381 0.0389021717
v 0.0184500000 0.0107569063 0.0386023874
v 0.0184500000 0.0105607384 0.0382926046
v 0.0184500000 0.0103800072 0.0379735693
v 0.0184500000 0.0102151480 0.0376460503
v 0.0184500000 0.0100665580 0.0373108366
v 0.0184500000 0.0099345951 0.0369687356
v 0.0184500000 0.0098195772 0.0366205717
v 0.0184500000 0.0097217815 0.0362671834
v 0.0184500000 0.0096414436 0.0359094223
v 0.0184500000 0.0095787569 0.0355481500
v 0.0184500000 0.0095338725 0.0351842370
v 0.0184500000 0.0095068985 0.0348185601
v 0.0184500000 0.0094979000 0.0344520000
v 0.0184500000 0.0095068985 0.0340854399
v 0.0184500000 0.0095338725 0.0337197630
v 0.0184500000 0.0095787569 0.0333558500
v 0.0184500000 0.0096414436 0.0329945777
v 0.0184500000 0.0097217815 0.0326368166
v 0.0184500000 0.0098195772 0.0322834283
v 0.0184500000 0.0099345951 0.0319352644
v 0.0184500000 0.0100665580 0.0315931634
v 0.0184500000 0.0102151480 0.0312579497
v 0.0184500000 0.0103800072 0.0309304307
v 0.0184500000 0.0105607384 0.0306113954
v 0.0184500000 0.0107569063 0.0303016126
v 0.0184500000 0.0109680381 0.0300018283
v 0.0184500000 0.0111936254 0.0297127650
v 0.0184500000 0.0114331246 0.0294351188
v 0.0184500000 0.0116859588 0.0291695588
v 0.0184500000 0.0119515188 0.0289167246
v 0.0184500000 0.0122291650 0.0286772254
v 0.0184500000 0.0125182283 0.0284516381
v 0.0184500000 0.0128180126 0.0282405063
v 0.0184500000 0.0131277954 0.0280443384
v 0.0184500000 0.0134468307 0.0278636072
v 0.0184500000 0.0137743497 0.0276987480
v 0.0184500000 0.0141095634 0.0275501580
v 0.0184500000 0.0144516644 0.0274181951
v 0.0184500000 0.0147998283 0.0273031772
v 0.0184500000 0.0151532166 0.0272053815
v 0.0184500000 0.0155109777 0.0271250436
v 0.0184500000 0.0158722500 0.0270623569
v 0.0184500000 0.0162361630 0.0270174725
v 0.0184500000 0.0166018399 0.0269904985
v 0.0184500000 0.0169684000 0.0269815000
v 0.0184500000 0.0173349601 0.0269904985
v 0.0184500000 0.0177006370 0.0270174725
v 0.0184500000 0.0180645500 0.0270623569
v 0.0184500000 0.0184258223 0.0271250436
v 0.0184500000 0.0187835834 0.0272053815
v 0.0184500000 0.0191369717 0.0273031772
v 0.0184500000 0.0194851356 0.0274181951
v 0.0184500000 0.0198272366 0.0275501580
v 0.0184500000 0.0201624503 0.0276987480
v 0.0184500000 0.0204899693 0.0278636072
v 0.0184500000 0.0208090046 0.0280443384
v 0.0184500000 0.0211187874 0.0282405063
v 0.0184500000 0.0214185717 0.0284516381
v 0.0184500000 0.0217076350 0.0286772254
v 0.0184500000 0.0219852812 0.0289167246
v 0.0184500000 0.0222508412 0.0291695588
v 0.0184500000 0.0225036754 0.0294351188
v 0.0184500000 0.0227431746 0.0297127650
v 0.0184500000 0.0229687619 0.0300018283
v 0.0184500000 0.0231798937 0.0303016126
v 0.0184500000 0.0233760616 0.0306113954
v 0.0184500000 0.0235567928 0.0309304307
v 0.0184500000 0.0237216520 0.0312579497
v 0.0184500000 0.0238702420 0.0315931634
v 0.0184500000 0.0240022049 0.0319352644
v 0.0184500000 0.0241172228 0.0322834283
v 0.0184500000 0.0242150185 0.0326368166
v 0.0184500000 0.0242953564 0.0329945777
v 0.0184500000 0.0243580431 0.0333558500
v 0.0184500000 0.0244029275 0.0337197630
v 0.0184500000 0.0244299015 0.0340854399
v 0.0188300000 0.0244389000 0.0344520000
v 0.0188300000 0.0244299015 0.0348185601
v 0.0188300000 0.0244029275 0.0351842370
v 0.0188300000 0.0243580431 0.0355481500
v 0.0188300000 0.0242953564 0.0359094223
v 0.0188300000 0.0242150185 0.0362671834
v 0.0188300000 0.0241172228 0.0366205717
v 0.0188300000 0.0240022049 0.0369687356
v 0.0188300000 0.0238702420 0.0373108366
v 0.0188300000 0.0237216520 0.0376460503
v 0.0188300000 0.0235567928 0.0379735693
v 0.0188300000 0.0233760616 0.0382926046
v 0.0188300000 0.0231798937 0.0386023874
v 0.0188300000 0.0229687619 0.0389021717
v 0.0188300000 0.0227431746 0.0391912350
v 0.0188300000 0.0225036754 0.0394688812
v 0.0188300000 0.0222508412 0.0397344412
v 0.0188300000 0.0219852812 0.0399872754
v 0.0188300000 0.0217076350 0.0402267746
v 0.0188300000 0.0214185717 0.0404523619
v 0.0188300000 0.0211187874 0.0406634937
v 0.0188300000 0.0208090046 0.0408596616
v 0.0188300000 0.0204899693 0.0410403928
v 0.0188300000 0.0201624503 0.0412052520
v 0.0188300000 0.0198272366 0.0413538420
v 0.0188300000 0.0194851356 0.0414858049
v 0.0188300000 0.0191369717 0.0416008228
v 0.0188300000 0.0187835834 0.0416986185
v 0.0188300000 0.0184258223 0.0417789564
v 0.0188300000 0.0180645500 0.0418416431
v 0.0188300000 0.0177006370 0.0418865275
v 0.0188300000 0.0173349601 0.0419135015
v 0.0188300000 0.0169684000 0.0419225000
v 0.0188300000 0.0166018399 0.0419135015
v 0.0188300000 0.0162361630 0.0418865275
v 0.0188300000 0.0158722500 0.0418416431
v 0.0188300000 0.0155109777 0.0417789564
v 0.0188300000 0.0151532166 0.0416986185
v 0.0188300000 0.0147998283 0.0416008228
v 0.0188300000 0.0144516644 0.0414858049
v 0.0188300000 0.0141095634 0.0413538420
v 0.0188300000 0.0137743497 0.0412052520
v 0.0188300000 0.0134468307 0.0410403928
v 0.0188300000 0.0131277954 0.0408596616
v 0.0188300000 0.0128180126 0.0406634937
v 0.0188300000 0.0125182283 0.0404523619
v 0.0188300000 0.0122291650 0.0402267746
v 0.0188300000 0.0119515188 0.0399872754
v 0.0188300000 0.0116859588 0.0397344412
v 0.0188300000 0.0114331246 0.0394688812
v 0.0188300000 0.0111936254 0.0391912350
v 0.0188300000 0.0109680381 0.0389021717
v 0.0188300000 0.0107569063 0.0386023874
v 0.0188300000 0.0105607384 0.0382926046
v 0.0188300000 0.0103800072 0.0379735693
v 0.0188300000 0.0102151480 0.0376460503
v 0.0188300000 0.0100665580 0.0373108366
v 0.0188300000 0.0099345951 0.0369687356
v 0.0188300000 0.0098195772 0.0366205717
v 0.0188300000 0.0097217815 0.0362671834
v 0.0188300000 0.0096414436 0.0359094223
v 0.0188300000 0.0095787569 0.0355481500
v 0.0188300000 0.0095338725 0.0351842370
v 0.0188300000 0.0095068985 0.0348185601
v 0.0188300000 0.0094979000 0.0344520000
v 0.0188300000 0.0095068985 0.0340854399
v 0.0188300000 0.0095338725 0.0337197630
v 0.0188300000 0.0095787569 0.0333558500
v 0.0188300000 0.0096414436 0.0329945777
v 0.0188300000 0.0097217815 0.0326368166
v 0.0188300000 0.0098195772 0.0322834283
v 0.0188300000 0.0099345951 0.0319352644
v 0.0188300000 0.0100665580 0.0315931634
v 0.0188300000 0.0102151480 0.0312579497
v 0.0188300000 0.0103800072 0.0309304307
v 0.0188300000 0.0105607384 0.0306113954
v 0.0188300000 0.0107569063 0.0303016126
v 0.0188300000 0.0109680381 0.0300018283
v 0.0188300000 0.0111936254 0.0297127650
v 0.0188300000 0.0114331246 0.0294351188
v 0.0188300000 0.0116859588 0.0291695588
v 0.0188300000 0.0119515188 0.0289167246
v 0.0188300000 0.0122291650 0.0286772254
v 0.0188300000 0.0125182283 0.0284516381
v 0.0188300000 0.0128180126 0.0282405063
v 0.0188300000 0.0131277954 0.0280443384
v 0.0188300000 0.0134468307 0.0278636072
v 0.0188300000 0.0137743497 0.0276987480
v 0.0188300000 0.0141095634 0.0275501580
v 0.0188300000 0.0144516644 0.0274181951
v 0.0188300000 0.0147998283 0.0273031772
v 0.0188300000 0.0151532166 0.0272053815
v 0.0188300000 0.0155109777 0.0271250436
v 0.0188300000 0.0158722500 0.0270623569
v 0.0188300000 0.0162361630 0.0270174725
v 0.0188300000 0.0166018399 0.0269904985
v 0.0188300000 0.0169684000 0.0269815000
v 0.0188300000 0.0173349601 0.0269904985
v 0.0188300000 0.0177006370 0.0270174725
v 0.0188300000 0.0180645500 0.0270623569
v 0.0188300000 0.0184258223 0.0271250436
v 0.0188300000 0.0187835834 0.0272053815
v 0.0188300000 0.0191369717 0.0273031772
v 0.0188300000 0.0194851356 0.0274181951
v 0.0188300000 0.0198272366 0.0275501580
v 0.0188300000 0.0201624503 0.0276987480
v 0.0188300000 0.0204899693 0.0278636072
v 0.0188300000 0.0208090046 0.0280443384
v 0.0188300000 0.0211187874 0.0282405063
v 0.0188300000 0.0214185717 0.0284516381
v 0.0188300000 0.0217076350 0.0286772254
v 0.0188300000 0.0219852812 0.0289167246
v 0.0188300000 0.0222508412 0.0291695588
v 0.0188300000 0.0225036754 0.0294351188
v 0.0188300000 0.0227431746 0.0297127650
v 0.0188300000 0.0229687619 0.0300018283
v 0.0188300000 0.0231798937 0.0303016126
v 0.0188300000 0.0233760616 0.0306113954
v 0.0188300000 0.0235567928 0.0309304307
v 0.0188300000 0.0237216520 0.0312579497
v 0.0188300000 0.0238702420 0.0315931634
v 0.0188300000 0.0240022049 0.0319352644
v 0.0188300000 0.0241172228 0.0322834283
v 0.0188300000 0.0242150185 0.0326368166
v 0.0188300000 0.0242953564 0.0329945777
v 0.0188300000 0.0243580431 0.0333558500
v 0.0188300000 0.0244029275 0.0337197630
v 0.0188300000 0.0244299015 0.0340854399
v 0.0188300000 0.0244389000 0.0344520000
v 0.0188300000 0.0244299015 0.0348185601
v 0.0188300000 0.0244029275 0.0351842370
v 0.0188300000 0.0243580431 0.0355481500
v 0.0188300000 0.0242953564 0.0359094223
v 0.0188300000 0.0242150185 0.0362671834
v 0.0188300000 0.0241172228 0.0366205717
v 0.0188300000 0.0240022049 0.0369687356
v 0.0188300000 0.0238702420 0.0373108366
v 0.0188300000 0.0237216520 0.0376460503
v 0.0188300000 0.0235567928 0.0379735693
v 0.0188300000 0.0233760616 0.0382926046
v 0.0188300000 0.0231798937 0.0386023874
v 0.0188300000 0.0229687619 0.0389021717
v 0.0188300000 0.0227431746 0.0391912350
v 0.0188300000 0.0225036754 0.0394688812
v 0.0188300000 0.0222508412 0.0397344412
v 0.0188300000 0.0219852812 0.0399872754
v 0.0188300000 0.0217076350 0.0402267746
v 0.0188300000 0.0214185717 0.0404523619
v 0.0188300000 0.0211187874 0.0406634937
v 0.0188300000 0.0208090046 0.0408596616
v 0.0188300000 0.0204899693 0.0410403928
v 0.0188300000 0.0201624503 0.0412052520
v 0.0188300000 0.0198272366 0.0413538420
v 0.0188300000 0.0194851356 0.0414858049
v 0.0188300000 0.0191369717 0.0416008228
v 0.0188300000 0.0187835834 0.0416986185
v 0.0188300000 0.0184258223 0.0417789564
v 0.0188300000 0.0180645500 0.0418416431
v 0.0188300000 0.0177006370 0.0418865275
v 0.0188300000 0.0173349601 0.0419135015
v 0.0188300000 0.0169684000 0.0419225000
v 0.0188300000 0.0166018399 0.0419135015
v 0.0188300000 0.0162361630 0.0418865275
v 0.0188300000 0.0158722500 0.0418416431
v 0.0188300000 0.0155109777 0.0417789564
v 0.0188300000 0.0151532166 0.0416986185
v 0.0188300000 0.0147998283 0.0416008228
v 0.0188300000 0.0144516644 0.0414858049
v 0.0188300000 0.0141095634 0.0413538420
v 0.0188300000 0.0137743497 0.0412052520
v 0.0188300000 0.0134468307 0.0410403928
v 0.0188300000 0.0131277954 0.0408596616
v 0.0188300000 0.0128180126 0.0406634937
v 0.0188300000 0.0125182283 0.0404523619
v 0.0188300000 0.0122291650 0.0402267746
v 0.0188300000 0.0119515188 0.0399872754
v 0.0188300000 0.0116859588 0.0397344412
v 0.0188300000 0.0114331246 0.0394688812
v 0.0188300000 0.0111936254 0.0391912350
v 0.0188300000 0.0109680381 0.0389021717
v 0.0188300000 0.0107569063 0.0386023874
v 0.0188300000 0.0105607384 0.0382926046
v 0.0188300000 0.0103800072 0.0379735693
v 0.0188300000 0.0102151480 0.0376460503
v 0.0188300000 0.0100665580 0.0373108366
v 0.0188300000 0.0099345951 0.0369687356
v 0.0188300000 0.0098195772 0.0366205717
v 0.0188300000 0.0097217815 0.0362671834
v 0.0188300000 0.0096414436 0.0359094223
v 0.0188300000 0.0095787569 0.0355481500
v 0.0188300000 0.0095338725 0.0351842370
v 0.0188300000 0.0095068985 0.0348185601
v 0.0188300000 0.0094979000 0.0344520000
v 0.0188300000 0.0095068985 0.0340854399
v 0.0188300000 0.0095338725 0.0337197630
v 0.0188300000 0.0095787569 0.0333558500
v 0.0188300000 0.0096414436 0.0329945777
v 0.0188300000 0.0097217815 0.0326368166
v 0.0188300000 0.0098195772 0.0322834283
v 0.0188300000 0.0099345951 0.0319352644
v 0.0188300000 0.0100665580 0.0315931634
v 0.0188300000 0.0102151480 0.0312579497
v 0.0188300000 0.0103800072 0.0309304307
v 0.0188300000 0.0105607384 0.0306113954
v 0.0188300000 0.0107569063 0.0303016126
v 0.0188300000 0.0109680381 0.0300018283
v 0.0188300000 0.0111936254 0.0297127650
v 0.0188300000 0.0114331246 0.0294351188
v 0.0188300000 0.0116859588 0.0291695588
v 0.0188300000 0.0119515188 0.0289167246
v 0.0188300000 0.0122291650 0.0286772254
v 0.0188300000 0.0125182283 0.0284516381
v 0.0188300000 0.0128180126 0.0282405063
v 0.0188300000 0.0131277954 0.0280443384
v 0.0188300000 0.0134468307 0.0278636072
v 0.0188300000 0.0137743497 0.0276987480
v 0.0188300000 0.0141095634 0.0275501580
v 0.0188300000 0.0144516644 0.0274181951
v 0.0188300000 0.0147998283 0.0273031772
v 0.0188300000 0.0151532166 0.0272053815
v 0.0188300000 0.0155109777 0.0271250436
v 0.0188300000 0.0158722500 0.0270623569
v 0.0188300000 0.0162361630 0.0270174725
v 0.0188300000 0.0166018399 0.0269904985
v 0.0188300000 0.0169684000 0.0269815000
v 0.0188300000 0.0173349601 0.0269904985
v 0.0188300000 0.0177006370 0.0270174725
v 0.0188300000 0.0180645500 0.0270623569
v 0.0188300000 0.0184258223 0.0271250436
v 0.0188300000 0.0187835834 0.0272053815
v 0.0188300000 0.0191369717 0.0273031772
v 0.0188300000 0.0194851356 0.0274181951
v 0.0188300000 0.0198272366 0.0275501580
v 0.0188300000 0.0201624503 0.0276987480
v 0.0188300000 0.0204899693 0.0278636072
v 0.0188300000 0.0208090046 0.0280443384
v 0.0188300000 0.0211187874 0.0282405063
v 0.0188300000 0.0214185717 0.0284516381
v 0.0188300000 0.0217076350 0.0286772254
v 0.0188300000 0.0219852812 0.0289167246
v 0.0188300000 0.0222508412 0.0291695588
v 0.0188300000 0.0225036754 0.0294351188
v 0.0188300000 0.0227431746 0.0297127650
v 0.0188300000 0.0229687619 0.0300018283
v 0.0188300000 0.0231798937 0.0303016126
v 0.0188300000 0.0233760616 0.0306113954
v 0.0188300000 0.0235567928 0.0309304307
v 0.0188300000 0.0237216520 0.0312579497
v 0.0188300000 0.0238702420 0.0315931634
v 0.0188300000 0.0240022049 0.0319352644
v 0.0188300000 0.0241172228 0.0322834283
v 0.0188300000 0.0242150185 0.0326368166
v 0.0188300000 0.0242953564 0.0329945777
v 0.0188300000 0.0243580431 0.0333558500
v 0.0188300000 0.0244029275 0.0337197630
v 0.0188300000 0.0244299015 0.0340854399
v 0.0187700000 0.0231009000 0.0344520000
v 0.0187700000 0.0230935131 0.0347529075
v 0.0187700000 0.0230713703 0.0350530901
v 0.0187700000 0.0230345249 0.0353518246
v 0.0187700000 0.0229830657 0.0356483914
v 0.0187700000 0.0229171167 0.0359420760
v 0.0187700000 0.0228368366 0.0362321708
v 0.0187700000 0.0227424190 0.0365179770
v 0.0187700000 0.0226340912 0.0367988061
v 0.0187700000 0.0225121143 0.0370739816
v 0.0187700000 0.0223767822 0.0373428405
v 0.0187700000 0.0222284207 0.0376047351
v 0.0187700000 0.0220673874 0.0378590345
v 0.0187700000 0.0218940702 0.0381051260
v 0.0187700000 0.0217088866 0.0383424168
v 0.0187700000 0.0215122828 0.0385703353
v 0.0187700000 0.0213047323 0.0387883323
v 0.0187700000 0.0210867353 0.0389958828
v 0.0187700000 0.0208588168 0.0391924866
v 0.0187700000 0.0206215260 0.0393776702
v 0.0187700000 0.0203754345 0.0395509874
v 0.0187700000 0.0201211351 0.0397120207
v 0.0187700000 0.0198592405 0.0398603822
v 0.0187700000 0.0195903816 0.0399957143
v 0.0187700000 0.0193152061 0.0401176912
v 0.0187700000 0.0190343770 0.0402260190
v 0.0187700000 0.0187485708 0.0403204366
v 0.0187700000 0.0184584760 0.0404007167
v 0.0187700000 0.0181647914 0.0404666657
v 0.0187700000 0.0178682246 0.0405181249
v 0.0187700000 0.0175694901 0.0405549703
v 0.0187700000 0.0172693075 0.0405771131
v 0.0187700000 0.0169684000 0.0405845000
v 0.0187700000 0.0166674925 0.0405771131
v 0.0187700000 0.0163673099 0.0405549703
v 0.0187700000 0.0160685754 0.0405181249
v 0.0187700000 0.0157720086 0.0404666657
v 0.0187700000 0.0154783240 0.0404007167
v 0.0187700000 0.0151882292 0.0403204366
v 0.0187700000 0.0149024230 0.0402260190
v 0.0187700000 0.0146215939 0.0401176912
v 0.0187700000 0.0143464184 0.0399957143
v 0.0187700000 0.0140775595 0.0398603822
v 0.0187700000 0.0138156649 0.0397120207
v 0.0187700000 0.0135613655 0.0395509874
v 0.0187700000 0.0133152740 0.0393776702
v 0.0187700000 0.0130779832 0.0391924866
v 0.0187700000 0.0128500647 0.0389958828
v 0.0187700000 0.0126320677 0.0387883323
v 0.0187700000 0.0124245172 0.0385703353
v 0.0187700000 0.0122279134 0.0383424168
v 0.0187700000 0.0120427298 0.0381051260
v 0.0187700000 0.0118694126 0.0378590345
v 0.0187700000 0.0117083793 0.0376047351
v 0.0187700000 0.0115600178 0.0373428405
v 0.0187700000 0.0114246857 0.0370739816
v 0.0187700000 0.0113027088 0.0367988061
v 0.0187700000 0.0111943810 0.0365179770
v 0.0187700000 0.0110999634 0.0362321708
v 0.0187700000 0.0110196833 0.0359420760
v 0.0187700000 0.0109537343 0.0356483914
v 0.0187700000 0.0109022751 0.0353518246
v 0.0187700000 0.0108654297 0.0350530901
v 0.0187700000 0.0108432869 0.0347529075
v 0.0187700000 0.0108359000 0.0344520000
v 0.0187700000 0.0108432869 0.0341510925
v 0.0187700000 0.0108654297 0.0338509099
v 0.0187700000 0.0109022751 0.0335521754
v 0.0187700000 0.0109537343 0.0332556086
v 0.0187700000 0.0110196833 0.0329619240
v 0.0187700000 0.0110999634 0.0326718292
v 0.0187700000 0.0111943810 0.0323860230
v 0.0187700000 0.0113027088 0.0321051939
v 0.0187700000 0.0114246857 0.0318300184
v 0.0187700000 0.0115600178 0.0315611595
v 0.0187700000 0.0117083793 0.0312992649
v 0.0187700000 0.0118694126 0.0310449655
v 0.0187700000 0.0120427298 0.0307988740
v 0.0187700000 0.0122279134 0.0305615832
v 0.0187700000 0.0124245172 0.0303336647
v 0.0187700000 0.0126320677 0.0301156677
v 0.0187700000 0.0128500647 0.0299081172
v 0.0187700000 0.0130779832 0.0297115134
v 0.0187700000 0.0133152740 0.0295263298
v 0.0187700000 0.0135613655 0.0293530126
v 0.0187700000 0.0138156649 0.0291919793
v 0.0187700000 0.0140775595 0.0290436178
v 0.0187700000 0.0143464184 0.0289082857
v 0.0187700000 0.0146215939 0.0287863088
v 0.0187700000 0.0149024230 0.0286779810
v 0.0187700000 0.0151882292 0.0285835634
v 0.0187700000 0.0154783240 0.0285032833
v 0.0187700000 0.0157720086 0.0284373343
v 0.0187700000 0.0160685754 0.0283858751
v 0.0187700000 0.0163673099 0.0283490297
v 0.0187700000 0.0166674925 0.0283268869
v 0.0187700000 0.0169684000 0.0283195000
v 0.0187700000 0.0172693075 0.0283268869
v 0.0187700000 0.0175694901 0.0283490297
v 0.0187700000 0.0178682246 0.0283858751
v 0.0187700000 0.0181647914 0.0284373343
v 0.0187700000 0.0184584760 0.0285032833
v 0.0187700000 0.0187485708 0.0285835634
v 0.0187700000 0.0190343770 0.0286779810
v 0.0187700000 0.0193152061 0.0287863088
v 0.0187700000 0.0195903816 0.0289082857
v 0.0187700000 0.0198592405 0.0290436178
v 0.0187700000 0.0201211351 0.0291919793
v 0.0187700000 0.0203754345 0.0293530126
v 0.0187700000 0.0206215260 0.0295263298
v 0.0187700000 0.0208588168 0.0297115134
v 0.0187700000 0.0210867353 0.0299081172
v 0.0187700000 0.0213047323 0.0301156677
v 0.0187700000 0.0215122828 0.0303336647
v 0.0187700000 0.0217088866 0.0305615832
v 0.0187700000 0.0218940702 0.0307988740
v 0.0187700000 0.0220673874 0.0310449655
v 0.0187700000 0.0222284207 0.0312992649
v 0.0187700000 0.0223767822 0.0315611595
v 0.0187700000 0.0225121143 0.0318300184
v 0.0187700000 0.0226340912 0.0321051939
v 0.0187700000 0.0227424190 0.0323860230
v 0.0187700000 0.0228368366 0.0326718292
v 0.0187700000 0.0229171167 0.0329619240
v 0.0187700000 0.0229830657 0.0332556086
v 0.0187700000 0.0230345249 0.0335521754
v 0.0187700000 0.0230713703 0.0338509099
v 0.0187700000 0.0230935131 0.0341510925
v 0.0186900000 0.0212054000 0.0344520000
v 0.0186900000 0.0212002963 0.0346598997
v 0.0186900000 0.0211849977 0.0348672986
v 0.0186900000 0.0211595409 0.0350736970
v 0.0186900000 0.0211239872 0.0352785977
v 0.0186900000 0.0210784224 0.0354815070
v 0.0186900000 0.0210229562 0.0356819362
v 0.0186900000 0.0209577222 0.0358794023
v 0.0186900000 0.0208828776 0.0360734297
v 0.0186900000 0.0207986026 0.0362635509
v 0.0186900000 0.0207051004 0.0364493080
v 0.0186900000 0.0206025961 0.0366302533
v 0.0186900000 0.0204913367 0.0368059511
v 0.0186900000 0.0203715903 0.0369759780
v 0.0186900000 0.0202436453 0.0371399243
v 0.0186900000 0.0201078099 0.0372973953
v 0.0186900000 0.0199644114 0.0374480114
v 0.0186900000 0.0198137953 0.0375914099
v 0.0186900000 0.0196563243 0.0377272453
v 0.0186900000 0.0194923780 0.0378551903
v 0.0186900000 0.0193223511 0.0379749367
v 0.0186900000 0.0191466533 0.0380861961
v 0.0186900000 0.0189657080 0.0381887004
v 0.0186900000 0.0187799509 0.0382822026
v 0.0186900000 0.0185898297 0.0383664776
v 0.0186900000 0.0183958023 0.0384413222
v 0.0186900000 0.0181983362 0.0385065562
v 0.0186900000 0.0179979070 0.0385620224
v 0.0186900000 0.0177949977 0.0386075872
v 0.0186900000 0.0175900970 0.0386431409
v 0.0186900000 0.0173836986 0.0386685977
v 0.0186900000 0.0171762997 0.0386838963
v 0.0186900000 0.0169684000 0.0386890000
v 0.0186900000 0.0167605003 0.0386838963
v 0.0186900000 0.0165531014 0.0386685977
v 0.0186900000 0.0163467030 0.0386431409
v 0.0186900000 0.0161418023 0.0386075872
v 0.0186900000 0.0159388930 0.0385620224
v 0.0186900000 0.0157384638 0.0385065562
v 0.0186900000 0.0155409977 0.0384413222
v 0.0186900000 0.0153469703 0.0383664776
v 0.0186900000 0.0151568491 0.0382822026
v 0.0186900000 0.0149710920 0.0381887004
v 0.0186900000 0.0147901467 0.0380861961
v 0.0186900000 0.0146144489 0.0379749367
v 0.0186900000 0.0144444220 0.0378551903
v 0.0186900000 0.0142804757 0.0377272453
v 0.0186900000 0.0141230047 0.0375914099
v 0.0186900000 0.0139723886 0.0374480114
v 0.0186900000 0.0138289901 0.0372973953
v 0.0186900000 0.0136931547 0.0371399243
v 0.0186900000 0.0135652097 0.0369759780
v 0.0186900000 0.0134454633 0.0368059511
v 0.0186900000 0.0133342039 0.0366302533
v 0.0186900000 0.0132316996 0.0364493080
v 0.0186900000 0.0131381974 0.0362635509
v 0.0186900000 0.0130539224 0.0360734297
v 0.0186900000 0.0129790778 0.0358794023
v 0.0186900000 0.0129138438 0.0356819362
v 0.0186900000 0.0128583776 0.0354815070
v 0.0186900000 0.0128128128 0.0352785977
v 0.0186900000 0.0127772591 0.0350736970
v 0.0186900000 0.0127518023 0.0348672986
v 0.0186900000 0.0127365037 0.0346598997
v 0.0186900000 0.0127314000 0.0344520000
v 0.0186900000 0.0127365037 0.0342441003
v 0.0186900000 0.0127518023 0.0340367014
v 0.0186900000 0.0127772591 0.0338303030
v 0.0186900000 0.0128128128 0.0336254023
v 0.0186900000 0.0128583776 0.0334224930
v 0.0186900000 0.0129138438 0.0332220638
v 0.0186900000 0.0129790778 0.0330245977
v 0.0186900000 0.0130539224 0.0328305703
v 0.0186900000 0.0131381974 0.0326404491
v 0.0186900000 0.0132316996 0.0324546920
v 0.0186900000 0.0133342039 0.0322737467
v 0.0186900000 0.0134454633 0.0320980489
v 0.0186900000 0.0135652097 0.0319280220
v 0.0186900000 0.0136931547 0.0317640757
v 0.0186900000 0.0138289901 0.0316066047
v 0.0186900000 0.0139723886 0.0314559886
v 0.0186900000 0.0141230047 0.0313125901
v 0.0186900000 0.0142804757 0.0311767547
v 0.0186900000 0.0144444220 0.0310488097
v 0.0186900000 0.0146144489 0.0309290633
v 0.0186900000 0.0147901467 0.0308178039
v 0.0186900000 0.0149710920 0.0307152996
v 0.0186900000 0.0151568491 0.0306217974
v 0.0186900000 0.0153469703 0.0305375224
v 0.0186900000 0.0155409977 0.0304626778
v 0.0186900000 0.0157384638 0.0303974438
v 0.0186900000 0.0159388930 0.0303419776
v 0.0186900000 0.0161418023 0.0302964128
v 0.0186900000 0.0163467030 0.0302608591
v 0.0186900000 0.0165531014 0.0302354023
v 0.0186900000 0.0167605003 0.0302201037
v 0.0186900000 0.0169684000 0.0302150000
v 0.0186900000 0.0171762997 0.0302201037
v 0.0186900000 0.0173836986 0.0302354023
v 0.0186900000 0.0175900970 0.0302608591
v 0.0186900000 0.0177949977 0.0302964128
v 0.0186900000 0.0179979070 0.0303419776
v 0.0186900000 0.0181983362 0.0303974438
v 0.0186900000 0.0183958023 0.0304626778
v 0.0186900000 0.0185898297 0.0305375224
v 0.0186900000 0.0187799509 0.0306217974
v 0.0186900000 0.0189657080 0.0307152996
v 0.0186900000 0.0191466533 0.0308178039
v 0.0186900000 0.0193223511 0.0309290633
v 0.0186900000 0.0194923780 0.0310488097
v 0.0186900000 0.0196563243 0.0311767547
v 0.0186900000 0.0198137953 0.0313125901
v 0.0186900000 0.0199644114 0.0314559886
v 0.0186900000 0.0201078099 0.0316066047
v 0.0186900000 0.0202436453 0.0317640757
v 0.0186900000 0.0203715903 0.0319280220
v 0.0186900000 0.0204913367 0.0320980489
v 0.0186900000 0.0206025961 0.0322737467
v 0.0186900000 0.0207051004 0.0324546920
v 0.0186900000 0.0207986026 0.0326404491
v 0.0186900000 0.0208828776 0.0328305703
v 0.0186900000 0.0209577222 0.0330245977
v 0.0186900000 0.0210229562 0.0332220638
v 0.0186900000 0.0210784224 0.0334224930
v 0.0186900000 0.0211239872 0.0336254023
v 0.0186900000 0.0211595409 0.0338303030
v 0.0186900000 0.0211849977 0.0340367014
v 0.0186900000 0.0212002963 0.0342441003
v 0.0186200000 0.0189754000 0.0344520000
v 0.0186200000 0.0189729825 0.0345504788
v 0.0186200000 0.0189657357 0.0346487204
v 0.0186200000 0.0189536773 0.0347464881
v 0.0186200000 0.0189368361 0.0348435463
v 0.0186200000 0.0189152527 0.0349396612
v 0.0186200000 0.0188889793 0.0350346013
v 0.0186200000 0.0188580789 0.0351281379
v 0.0186200000 0.0188226262 0.0352200456
v 0.0186200000 0.0187827065 0.0353101031
v 0.0186200000 0.0187384160 0.0353980933
v 0.0186200000 0.0186898613 0.0354838042
v 0.0186200000 0.0186371595 0.0355670295
v 0.0186200000 0.0185804375 0.0356475685
v 0.0186200000 0.0185198320 0.0357252273
v 0.0186200000 0.0184554889 0.0357998188
v 0.0186200000 0.0183875633 0.0358711633
v 0.0186200000 0.0183162188 0.0359390889
v 0.0186200000 0.0182416273 0.0360034320
v 0.0186200000 0.0181639685 0.0360640375
v 0.0186200000 0.0180834295 0.0361207595
v 0.0186200000 0.0180002042 0.0361734613
v 0.0186200000 0.0179144933 0.0362220160
v 0.0186200000 0.0178265031 0.0362663065
v 0.0186200000 0.0177364456 0.0363062262
v 0.0186200000 0.0176445379 0.0363416789
v 0.0186200000 0.0175510013 0.0363725793
v 0.0186200000 0.0174560612 0.0363988527
v 0.0186200000 0.0173599463 0.0364204361
v 0.0186200000 0.0172628881 0.0364372773
v 0.0186200000 0.0171651204 0.0364493357
v 0.0186200000 0.0170668788 0.0364565825
v 0.0186200000 0.0169684000 0.0364590000
v 0.0186200000 0.0168699212 0.0364565825
v 0.0186200000 0.0167716796 0.0364493357
v 0.0186200000 0.0166739119 0.0364372773
v 0.0186200000 0.0165768537 0.0364204361
v 0.0186200000 0.0164807388 0.0363988527
v 0.0186200000 0.0163857987 0.0363725793
v 0.0186200000 0.0162922621 0.0363416789
v 0.0186200000 0.0162003544 0.0363062262
v 0.0186200000 0.0161102969 0.0362663065
v 0.0186200000 0.0160223067 0.0362220160
v 0.0186200000 0.0159365958 0.0361734613
v 0.0186200000 0.0158533705 0.0361207595
v 0.0186200000 0.0157728315 0.0360640375
v 0.0186200000 0.0156951727 0.0360034320
v 0.0186200000 0.0156205812 0.0359390889
v 0.0186200000 0.0155492367 0.0358711633
v 0.0186200000 0.0154813111 0.0357998188
v 0.0186200000 0.0154169680 0.0357252273
v 0.0186200000 0.0153563625 0.0356475685
v 0.0186200000 0.0152996405 0.0355670295
v 0.0186200000 0.0152469387 0.0354838042
v 0.0186200000 0.0151983840 0.0353980933
v 0.0186200000 0.0151540935 0.0353101031
v 0.0186200000 0.0151141738 0.0352200456
v 0.0186200000 0.0150787211 0.0351281379
v 0.0186200000 0.0150478207 0.0350346013
v 0.0186200000 0.0150215473 0.0349396612
v 0.0186200000 0.0149999639 0.0348435463
v 0.0186200000 0.0149831227 0.0347464881
v 0.0186200000 0.0149710643 0.0346487204
v 0.0186200000 0.0149638175 0.0345504788
v 0.0186200000 0.0149614000 0.0344520000
v 0.0186200000 0.0149638175 0.0343535212
v 0.0186200000 0.0149710643 0.0342552796
v 0.0186200000 0.0149831227 0.0341575119
v 0.0186200000 0.0149999639 0.0340604537
v 0.0186200000 0.0150215473 0.0339643388
v 0.0186200000 0.0150478207 0.0338693987
v 0.0186200000 0.0150787211 0.0337758621
v 0.0186200000 0.0151141738 0.0336839544
v 0.0186200000 0.0151540935 0.0335938969
v 0.0186200000 0.0151983840 0.0335059067
v 0.0186200000 0.0152469387 0.0334201958
v 0.0186200000 0.0152996405 0.0333369705
v 0.0186200000 0.0153563625 0.0332564315
v 0.0186200000 0.0154169680 0.0331787727
v 0.0186200000 0.0154813111 0.0331041812
v 0.0186200000 0.0155492367 0.0330328367
v 0.0186200000 0.0156205812 0.0329649111
v 0.0186200000 0.0156951727 0.0329005680
v 0.0186200000 0.0157728315 0.0328399625
v 0.0186200000 0.0158533705 0.0327832405
v 0.0186200000 0.0159365958 0.0327305387
v 0.0186200000 0.0160223067 0.0326819840
v 0.0186200000 0.0161102969 0.0326376935
v 0.0186200000 0.0162003544 0.0325977738
v 0.0186200000 0.0162922621 0.0325623211
v 0.0186200000 0.0163857987 0.0325314207
v 0.0186200000 0.0164807388 0.0325051473
v 0.0186200000 0.0165768537 0.0324835639
v 0.0186200000 0.0166739119 0.0324667227
v 0.0186200000 0.0167716796 0.0324546643
v 0.0186200000 0.0168699212 0.0324474175
v 0.0186200000 0.0169684000 0.0324450000
v 0.0186200000 0.0170668788 0.0324474175
v 0.0186200000 0.0171651204 0.0324546643
v 0.0186200000 0.0172628881 0.0324667227
v 0.0186200000 0.0173599463 0.0324835639
v 0.0186200000 0.0174560612 0.0325051473
v 0.0186200000 0.0175510013 0.0325314207
v 0.0186200000 0.0176445379 0.0325623211
v 0.0186200000 0.0177364456 0.0325977738
v 0.0186200000 0.0178265031 0.0326376935
v 0.0186200000 0.0179144933 0.0326819840
v 0.0186200000 0.0180002042 0.0327305387
v 0.0186200000 0.0180834295 0.0327832405
v 0.0186200000 0.0181639685 0.0328399625
v 0.0186200000 0.0182416273 0.0329005680
v 0.0186200000 0.0183162188 0.0329649111
v 0.0186200000 0.0183875633 0.0330328367
v 0.0186200000 0.0184554889 0.0331041812
v 0.0186200000 0.0185198320 0.0331787727
v 0.0186200000 0.0185804375 0.0332564315
v 0.0186200000 0.0186371595 0.0333369705
v 0.0186200000 0.0186898613 0.0334201958
v 0.0186200000 0.0187384160 0.0335059067
v 0.0186200000 0.0187827065 0.0335938969
v 0.0186200000 0.0188226262 0.0336839544
v 0.0186200000 0.0188580789 0.0337758621
v 0.0186200000 0.0188889793 0.0338693987
v 0.0186200000 0.0189152527 0.0339643388
v 0.0186200000 0.0189368361 0.0340604537
v 0.0186200000 0.0189536773 0.0341575119
v 0.0186200000 0.0189657357 0.0342552796
v 0.0186200000 0.0189729825 0.0343535212
v 0.0186000000 0.0169684000 0.0344520000
vn -1.00000000 0.00000000 0.00000000
vn -1.00000000 0.00000000 0.00000000
vn -1.00000000 0.00000000 0.00000000
vn -1.00000000 0.00000000 0.00000000
vn -1.00000000 0.00000000 0.00000000
vn -1.00000000 0.00000000 0.00000000
vn -1.00000000 0.00000000 0.00000000
vn -1.00000000 0.00000000 0.00000000
vn -1.00000000 0.00000000 0.00000000
vn -1.00000000 0.00000000 0.00000000
vn -1.00000000 0.00000000 0.00000000
vn -1.00000000 0.00000000 0.00000000
vn -1.00000000 0.00000000 0.00000000
vn -1.00000000 0.00000000 0.00000000
vn -1.00000000 0.00000000 0.00000000
vn -1.00000000 0.00000000 0.00000000
vn -1.00000000 0.00000000 0.00000000
vn -1.00000000 0.00000000 0.00000000
vn -1.00000000 0.00000000 0.00000000
vn -1.00000000 0.00000000 0.00000000
vn -1.00000000 0.00000000 0.00000000
vn -1.00000000 0.00000000 0.00000000
vn -1.00000000 0.00000000 0.00000000
vn -1.00000000 0.00000000 0.00000000
vn -1.00000000 0.00000000 0.00000000
vn -1.00000000 0.00000000 0.00000000
vn -1.00000000 0.00000000 0.00000000
vn -1.00000000 0.00000000 0.00000000
vn -1.00000000 0.00000000 0.00000000
vn -1.00000000 0.00000000 0.00000000
vn -1.00000000 0.00000000 0.00000000
vn -1.00000000 0.00000000 0.00000000
vn -1.00000000 0.00000000 0.00000000
vn -1.00000000 0.00000000 0.00000000
vn -1.00000000 0.00000000 0.00000000
vn -1.00000000 0.00000000 0.00000000
vn -1.00000000 0.00000000 0.00000000
vn -1.00000000 0.00000000 0.00000000
vn -1.00000000 0.00000000 0.00000000
vn -1.00000000 0.00000000 0.00000000
vn -1.00000000 0.00000000 0.00000000
vn -1.00000000 0.00000000 0.00000000
vn -1.00000000 0.00000000 0.00000000
vn -1.00000000 0.00000000 0.00000000
vn -1.00000000 0.00000000 0.00000000
vn -1.00000000 0.00000000 0.00000000
vn -1.00000000 0.00000000 0.00000000
vn -1.00000000 0.00000000 0.00000000
vn -1.00000000 0.00000000 0.00000000
vn -1.00000000 0.00000000 0.00000000
vn -1.00000000 0.00000000 0.00000000
vn -1.00000000 0.00000000 0.00000000
vn -1.00000000 0.00000000 0.00000000
vn -1.00000000 0.00000000 0.00000000
vn -1.00000000 0.00000000 0.00000000
vn -1.00000000 0.00000000 0.00000000
vn -1.00000000 0.00000000 0.00000000
vn -1.00000000 0.00000000 0.00000000
vn -1.00000000 0.00000000 0.00000000
vn -1.00000000 0.00000000 0.00000000
vn -1.00000000 0.00000000 0.00000000
vn -1.00000000 0.00000000 0.00000000
vn -1.00000000 0.00000000 0.00000000
vn -1.00000000 0.00000000 0.00000000
vn -1.00000000 0.00000000 0.00000000
vn -1.00000000 0.00000000 0.00000000
vn -1.00000000 0.00000000 0.00000000
vn -1.00000000 0.00000000 0.00000000
vn -1.00000000 0.00000000 0.00000000
vn -1.00000000 0.00000000 0.00000000
vn -1.00000000 0.00000000 0.00000000
vn -1.00000000 0.00000000 0.00000000
vn -1.00000000 0.00000000 0.00000000
vn -1.00000000 0.00000000 0.00000000
vn -1.00000000 0.00000000 0.00000000
vn -1.00000000 0.00000000 0.00000000
vn -1.00000000 0.00000000 0.00000000
vn -1.00000000 0.00000000 0.00000000
vn -1.00000000 0.00000000 0.00000000
vn -1.00000000 0.00000000 0.00000000
vn -1.00000000 0.00000000 0.00000000
vn -1.00000000 0.00000000 0.00000000
vn -1.00000000 0.00000000 0.00000000
vn -1.00000000 0.00000000 0.00000000
vn -1.00000000 0.00000000 0.00000000
vn -1.00000000 0.00000000 0.00000000
vn -1.00000000 0.00000000 0.00000000
vn -1.00000000 0.00000000 0.00000000
vn -1.00000000 0.00000000 0.00000000
vn -1.00000000 0.00000000 0.00000000
vn -1.00000000 0.00000000 0.00000000
vn -1.00000000 0.00000000 0.00000000
vn -1.00000000 0.00000000 0.00000000
vn -1.00000000 0.00000000 0.00000000
vn -1.00000000 0.00000000 0.00000000
vn -1.00000000 0.00000000 0.00000000
vn -1.00000000 0.00000000 0.00000000
vn -1.00000000 0.00000000 0.00000000
vn -1.00000000 0.00000000 0.00000000
vn -1.00000000 0.00000000 0.00000000
vn -1.00000000 0.00000000 0.00000000
vn -1.00000000 0.00000000 0.00000000
vn -1.00000000 0.00000000 0.00000000
vn -1.00000000 0.00000000 0.00000000
vn -1.00000000 0.00000000 0.00000000
vn -1.00000000 0.00000000 0.00000000
vn -1.00000000 0.00000000 0.00000000
vn -1.00000000 0.00000000 0.00000000
vn -1.00000000 0.00000000 0.00000000
vn -1.00000000 0.00000000 0.00000000
vn -1.00000000 0.00000000 0.00000000
vn -1.00000000 0.00000000 0.00000000
vn -1.00000000 0.00000000 0.00000000
vn -1.00000000 0.00000000 0.00000000
vn -1.00000000 0.00000000 0.00000000
vn -1.00000000 0.00000000 0.00000000
vn -1.00000000 0.00000000 0.00000000
vn -1.00000000 0.00000000 0.00000000
vn -1.00000000 0.00000000 0.00000000
vn -1.00000000 0.00000000 0.00000000
vn -1.00000000 0.00000000 0.00000000
vn -1.00000000 0.00000000 0.00000000
vn -1.00000000 0.00000000 0.00000000
vn -1.00000000 0.00000000 0.00000000
vn -1.00000000 0.00000000 0.00000000
vn -1.00000000 0.00000000 0.00000000
vn -1.00000000 0.00000000 0.00000000
vn -1.00000000 0.00000000 0.00000000
vn -1.00000000 0.00000000 0.00000000
vn 0.00000000 1.00000000 0.00000000
vn 0.00000000 0.99879546 0.04906767
vn 0.00000000 0.99518473 0.09801714
vn 0.00000000 0.98917651 0.14673047
vn 0.00000000 0.98078528 0.19509032
vn 0.00000000 0.97003125 0.24298018
vn 0.00000000 0.95694034 0.29028468
vn 0.00000000 0.94154407 0.33688985
vn 0.00000000 0.92387953 0.38268343
vn 0.00000000 0.90398929 0.42755509
vn 0.00000000 0.88192126 0.47139674
vn 0.00000000 0.85772861 0.51410274
vn 0.00000000 0.83146961 0.55557023
vn 0.00000000 0.80320753 0.59569930
vn 0.00000000 0.77301045 0.63439328
vn 0.00000000 0.74095113 0.67155895
vn 0.00000000 0.70710678 0.70710678
vn 0.00000000 0.67155895 0.74095113
vn 0.00000000 0.63439328 0.77301045
vn 0.00000000 0.59569930 0.80320753
vn 0.00000000 0.55557023 0.83146961
vn 0.00000000 0.51410274 0.85772861
vn 0.00000000 0.47139674 0.88192126
vn 0.00000000 0.42755509 0.90398929
vn 0.00000000 0.38268343 0.92387953
vn 0.00000000 0.33688985 0.94154407
vn 0.00000000 0.29028468 0.95694034
vn 0.00000000 0.24298018 0.97003125
vn 0.00000000 0.19509032 0.98078528
vn 0.00000000 0.14673047 0.98917651
vn 0.00000000 0.09801714 0.99518473
vn 0.00000000 0.04906767 0.99879546
vn 0.00000000 -0.00000000 1.00000000
vn 0.00000000 -0.04906767 0.99879546
vn 0.00000000 -0.09801714 0.99518473
vn 0.00000000 -0.14673047 0.98917651
vn 0.00000000 -0.19509032 0.98078528
vn 0.00000000 -0.24298018 0.97003125
vn 0.00000000 -0.29028468 0.95694034
vn 0.00000000 -0.33688985 0.94154407
vn 0.00000000 -0.38268343 0.92387953
vn 0.00000000 -0.42755509 0.90398929
vn 0.00000000 -0.47139674 0.88192126
vn 0.00000000 -0.51410274 0.85772861
vn 0.00000000 -0.55557023 0.83146961
vn 0.00000000 -0.59569930 0.80320753
vn 0.00000000 -0.63439328 0.77301045
vn 0.00000000 -0.67155895 0.74095113
vn 0.00000000 -0.70710678 0.70710678
vn 0.00000000 -0.74095113 0.67155895
vn 0.00000000 -0.77301045 0.63439328
vn 0.00000000 -0.80320753 0.59569930
vn 0.00000000 -0.83146961 0.55557023
vn 0.00000000 -0.85772861 0.51410274
vn 0.00000000 -0.88192126 0.47139674
vn 0.00000000 -0.90398929 0.42755509
vn 0.00000000 -0.92387953 0.38268343
vn 0.00000000 -0.94154407 0.33688985
vn 0.00000000 -0.95694034 0.29028468
vn 0.00000000 -0.97003125 0.24298018
vn 0.00000000 -0.98078528 0.19509032
vn 0.00000000 -0.98917651 0.14673047
vn 0.00000000 -0.99518473 0.09801714
vn 0.00000000 -0.99879546 0.04906767
vn 0.00000000 -1.00000000 -0.00000000
vn 0.00000000 -0.99879546 -0.04906767
vn 0.00000000 -0.99518473 -0.09801714
vn 0.00000000 -0.98917651 -0.14673047
vn 0.00000000 -0.98078528 -0.19509032
vn 0.00000000 -0.97003125 -0.24298018
vn 0.00000000 -0.95694034 -0.29028468
vn 0.00000000 -0.94154407 -0.33688985
vn 0.00000000 -0.92387953 -0.38268343
vn 0.00000000 -0.90398929 -0.42755509
vn 0.00000000 -0.88192126 -0.47139674
vn 0.00000000 -0.85772861 -0.51410274
vn 0.00000000 -0.83146961 -0.55557023
vn 0.00000000 -0.80320753 -0.59569930
vn 0.00000000 -0.77301045 -0.63439328
vn 0.00000000 -0.74095113 -0.67155895
vn 0.00000000 -0.70710678 -0.70710678
vn 0.00000000 -0.67155895 -0.74095113
vn 0.00000000 -0.63439328 -0.77301045
vn 0.00000000 -0.59569930 -0.80320753
vn 0.00000000 -0.55557023 -0.83146961
vn 0.00000000 -0.51410274 -0.85772861
vn 0.00000000 -0.47139674 -0.88192126
vn 0.00000000 -0.42755509 -0.90398929
vn 0.00000000 -0.38268343 -0.92387953
vn 0.00000000 -0.33688985 -0.94154407
vn 0.00000000 -0.29028468 -0.95694034
vn 0.00000000 -0.24298018 -0.97003125
vn 0.00000000 -0.19509032 -0.98078528
vn 0.00000000 -0.14673047 -0.98917651
vn 0.00000000 -0.09801714 -0.99518473
vn 0.00000000 -0.04906767 -0.99879546
vn 0.00000000 -0.00000000 -1.00000000
vn 0.00000000 0.04906767 -0.99879546
vn 0.00000000 0.09801714 -0.99518473
vn 0.00000000 0.14673047 -0.98917651
vn 0.00000000 0.19509032 -0.98078528
vn 0.00000000 0.24298018 -0.97003125
vn 0.00000000 0.29028468 -0.95694034
vn 0.00000000 0.33688985 -0.94154407
vn 0.00000000 0.38268343 -0.92387953
vn 0.00000000 0.42755509 -0.90398929
vn 0.00000000 0.47139674 -0.88192126
vn 0.00000000 0.51410274 -0.85772861
vn 0.00000000 0.55557023 -0.83146961
vn 0.00000000 0.59569930 -0.80320753
vn 0.00000000 0.63439328 -0.77301045
vn 0.00000000 0.67155895 -0.74095113
vn 0.00000000 0.70710678 -0.70710678
vn 0.00000000 0.74095113 -0.67155895
vn 0.00000000 0.77301045 -0.63439328
vn 0.00000000 0.80320753 -0.59569930
vn 0.00000000 0.83146961 -0.55557023
vn 0.00000000 0.85772861 -0.51410274
vn 0.00000000 0.88192126 -0.47139674
vn 0.00000000 0.90398929 -0.42755509
vn 0.00000000 0.92387953 -0.38268343
vn 0.00000000 0.94154407 -0.33688985
vn 0.00000000 0.95694034 -0.29028468
vn 0.00000000 0.97003125 -0.24298018
vn 0.00000000 0.98078528 -0.19509032
vn 0.00000000 0.98917651 -0.14673047
vn 0.00000000 0.99518473 -0.09801714
vn 0.00000000 0.99879546 -0.04906767
vn 0.00000000 1.00000000 0.00000000
vn 0.00000000 0.99879546 0.04906767
vn 0.00000000 0.99518473 0.09801714
vn 0.00000000 0.98917651 0.14673047
vn 0.00000000 0.98078528 0.19509032
vn 0.00000000 0.97003125 0.24298018
vn 0.00000000 0.95694034 0.29028468
vn 0.00000000 0.94154407 0.33688985
vn 0.00000000 0.92387953 0.38268343
vn 0.00000000 0.90398929 0.42755509
vn 0.00000000 0.88192126 0.47139674
vn 0.00000000 0.85772861 0.51410274
vn 0.00000000 0.83146961 0.55557023
vn 0.00000000 0.80320753 0.59569930
vn 0.00000000 0.77301045 0.63439328
vn 0.00000000 0.74095113 0.67155895
vn 0.00000000 0.70710678 0.70710678
vn 0.00000000 0.67155895 0.74095113
vn 0.00000000 0.63439328 0.77301045
vn 0.00000000 0.59569930 0.80320753
vn 0.00000000 0.55557023 0.83146961
vn 0.00000000 0.51410274 0.85772861
vn 0.00000000 0.47139674 0.88192126
vn 0.00000000 0.42755509 0.90398929
vn 0.00000000 0.38268343 0.92387953
vn 0.00000000 0.33688985 0.94154407
vn 0.00000000 0.29028468 0.95694034
vn 0.00000000 0.24298018 0.97003125
vn 0.00000000 0.19509032 0.98078528
vn 0.00000000 0.14673047 0.98917651
vn 0.00000000 0.09801714 0.99518473
vn 0.00000000 0.04906767 0.99879546
vn 0.00000000 -0.00000000 1.00000000
vn 0.00000000 -0.04906767 0.99879546
vn 0.00000000 -0.09801714 0.99518473
vn 0.00000000 -0.14673047 0.98917651
vn 0.00000000 -0.19509032 0.98078528
vn 0.00000000 -0.24298018 0.97003125
vn 0.00000000 -0.29028468 0.95694034
vn 0.00000000 -0.33688985 0.94154407
vn 0.00000000 -0.38268343 0.92387953
vn 0.00000000 -0.42755509 0.90398929
vn 0.00000000 -0.47139674 0.88192126
vn 0.00000000 -0.51410274 0.85772861
vn 0.00000000 -0.55557023 0.83146961
vn 0.00000000 -0.59569930 0.80320753
vn 0.00000000 -0.63439328 0.77301045
vn 0.00000000 -0.67155895 0.74095113
vn 0.00000000 -0.70710678 0.70710678
vn 0.00000000 -0.74095113 0.67155895
vn 0.00000000 -0.77301045 0.63439328
vn 0.00000000 -0.80320753 0.59569930
vn 0.00000000 -0.83146961 0.55557023
vn 0.00000000 -0.85772861 0.51410274
vn 0.00000000 -0.88192126 0.47139674
vn 0.00000000 -0.90398929 0.42755509
vn 0.00000000 -0.92387953 0.38268343
vn 0.00000000 -0.94154407 0.33688985
vn 0.00000000 -0.95694034 0.29028468
vn 0.00000000 -0.97003125 0.24298018
vn 0.00000000 -0.98078528 0.19509032
vn 0.00000000 -0.98917651 0.14673047
vn 0.00000000 -0.99518473 0.09801714
vn 0.00000000 -0.99879546 0.04906767
vn 0.00000000 -1.00000000 0.00000000
vn 0.00000000 -0.99879546 -0.04906767
vn 0.00000000 -0.99518473 -0.09801714
vn 0.00000000 -0.98917651 -0.14673047
vn 0.00000000 -0.98078528 -0.19509032
vn 0.00000000 -0.97003125 -0.24298018
vn 0.00000000 -0.95694034 -0.29028468
vn 0.00000000 -0.94154407 -0.33688985
vn 0.00000000 -0.92387953 -0.38268343
vn 0.00000000 -0.90398929 -0.42755509
vn 0.00000000 -0.88192126 -0.47139674
vn 0.00000000 -0.85772861 -0.51410274
vn 0.00000000 -0.83146961 -0.55557023
vn 0.00000000 -0.80320753 -0.59569930
vn 0.00000000 -0.77301045 -0.63439328
vn 0.00000000 -0.74095113 -0.67155895
vn 0.00000000 -0.70710678 -0.70710678
vn 0.00000000 -0.67155895 -0.74095113
vn 0.00000000 -0.63439328 -0.77301045
vn 0.00000000 -0.59569930 -0.80320753
vn 0.00000000 -0.55557023 -0.83146961
vn 0.00000000 -0.51410274 -0.85772861
vn 0.00000000 -0.47139674 -0.88192126
vn 0.00000000 -0.42755509 -0.90398929
vn 0.00000000 -0.38268343 -0.92387953
vn 0.00000000 -0.33688985 -0.94154407
vn 0.00000000 -0.29028468 -0.95694034
vn 0.00000000 -0.24298018 -0.97003125
vn 0.00000000 -0.19509032 -0.98078528
vn 0.00000000 -0.14673047 -0.98917651
vn 0.00000000 -0.09801714 -0.99518473
vn 0.00000000 -0.04906767 -0.99879546
vn 0.00000000 -0.00000000 -1.00000000
vn 0.00000000 0.04906767 -0.99879546
vn 0.00000000 0.09801714 -0.99518473
vn 0.00000000 0.14673047 -0.98917651
vn 0.00000000 0.19509032 -0.98078528
vn 0.00000000 0.24298018 -0.97003125
vn 0.00000000 0.29028468 -0.95694034
vn 0.00000000 0.33688985 -0.94154407
vn 0.00000000 0.38268343 -0.92387953
vn 0.00000000 0.42755509 -0.90398929
vn 0.00000000 0.47139674 -0.88192126
vn 0.00000000 0.51410274 -0.85772861
vn 0.00000000 0.55557023 -0.83146961
vn 0.00000000 0.59569930 -0.80320753
vn 0.00000000 0.63439328 -0.77301045
vn 0.00000000 0.67155895 -0.74095113
vn 0.00000000 0.70710678 -0.70710678
vn 0.00000000 0.74095113 -0.67155895
vn 0.00000000 0.77301045 -0.63439328
vn 0.00000000 0.80320753 -0.59569930
vn 0.00000000 0.83146961 -0.55557023
vn 0.00000000 0.85772861 -0.51410274
vn 0.00000000 0.88192126 -0.47139674
vn 0.00000000 0.90398929 -0.42755509
vn 0.00000000 0.92387953 -0.38268343
vn 0.00000000 0.94154407 -0.33688985
vn 0.00000000 0.95694034 -0.29028468
vn 0.00000000 0.97003125 -0.24298018
vn 0.00000000 0.98078528 -0.19509032
vn 0.00000000 0.98917651 -0.14673047
vn 0.00000000 0.99518473 -0.09801714
vn 0.00000000 0.99879546 -0.04906767
vn 0.99899606 -0.04479803 0.00000000
vn 0.99899606 -0.04474407 -0.00219814
vn 0.99899606 -0.04458232 -0.00439097
vn 0.99899606 -0.04431316 -0.00657324
vn 0.99899606 -0.04393725 -0.00873966
vn 0.99899606 -0.04345549 -0.01088503
vn 0.99899606 -0.04286904 -0.01300418
vn 0.99899606 -0.04217932 -0.01509200
vn 0.99899606 -0.04138798 -0.01714346
vn 0.99899606 -0.04049694 -0.01915363
vn 0.99899606 -0.03950834 -0.02111765
vn 0.99899606 -0.03842455 -0.02303079
vn 0.99899606 -0.03724820 -0.02488845
vn 0.99899606 -0.03598211 -0.02668616
vn 0.99899606 -0.03462935 -0.02841957
vn 0.99899606 -0.03319315 -0.03008452
vn 0.99899606 -0.03167699 -0.03167699
vn 0.99899606 -0.03008452 -0.03319315
vn 0.99899606 -0.02841957 -0.03462935
vn 0.99899606 -0.02668616 -0.03598211
vn 0.99899606 -0.02488845 -0.03724820
vn 0.99899606 -0.02303079 -0.03842455
vn 0.99899606 -0.02111765 -0.03950834
vn 0.99899606 -0.01915363 -0.04049694
vn 0.99899606 -0.01714346 -0.04138798
vn 0.99899606 -0.01509200 -0.04217932
vn 0.99899606 -0.01300418 -0.04286904
vn 0.99899606 -0.01088503 -0.04345549
vn 0.99899606 -0.00873966 -0.04393725
vn 0.99899606 -0.00657324 -0.04431316
vn 0.99899606 -0.00439097 -0.04458232
vn 0.99899606 -0.00219814 -0.04474407
vn 0.99899606 -0.00000000 -0.04479803
vn 0.99899606 0.00219814 -0.04474407
vn 0.99899606 0.00439097 -0.04458232
vn 0.99899606 0.00657324 -0.04431316
vn 0.99899606 0.00873966 -0.04393725
vn 0.99899606 0.01088503 -0.04345549
vn 0.99899606 0.01300418 -0.04286904
vn 0.99899606 0.01509200 -0.04217932
vn 0.99899606 0.01714346 -0.04138798
vn 0.99899606 0.01915363 -0.04049694
vn 0.99899606 0.02111765 -0.03950834
vn 0.99899606 0.02303079 -0.03842455
vn 0.99899606 0.02488845 -0.03724820
vn 0.99899606 0.02668616 -0.03598211
vn 0.99899606 0.02841957 -0.03462935
vn 0.99899606 0.03008452 -0.03319315
vn 0.99899606 0.03167699 -0.03167699
vn 0.99899606 0.03319315 -0.03008452
vn 0.99899606 0.03462935 -0.02841957
vn 0.99899606 0.03598211 -0.02668616
vn 0.99899606 0.03724820 -0.02488845
vn 0.99899606 0.03842455 -0.02303079
vn 0.99899606 0.03950834 -0.02111765
vn 0.99899606 0.04049694 -0.01915363
vn 0.99899606 0.04138798 -0.01714346
vn 0.99899606 0.04217932 -0.01509200
vn 0.99899606 0.04286904 -0.01300418
vn 0.99899606 0.04345549 -0.01088503
vn 0.99899606 0.04393725 -0.00873966
vn 0.99899606 0.04431316 -0.00657324
vn 0.99899606 0.04458232 -0.00439097
vn 0.99899606 0.04474407 -0.00219814
vn 0.99899606 0.04479803 -0.00000000
vn 0.99899606 0.04474407 0.00219814
vn 0.99899606 0.04458232 0.00439097
vn 0.99899606 0.04431316 0.00657324
vn 0.99899606 0.04393725 0.00873966
vn 0.99899606 0.04345549 0.01088503
vn 0.99899606 0.04286904 0.01300418
vn 0.99899606 0.04217932 0.01509200
vn 0.99899606 0.04138798 0.01714346
vn 0.99899606 0.04049694 0.01915363
vn 0.99899606 0.03950834 0.02111765
vn 0.99899606 0.03842455 0.02303079
vn 0.99899606 0.03724820 0.02488845
vn 0.99899606 0.03598211 0.02668616
vn 0.99899606 0.03462935 0.02841957
vn 0.99899606 0.03319315 0.03008452
vn 0.99899606 0.03167699 0.03167699
vn 0.99899606 0.03008452 0.03319315
vn 0.99899606 0.02841957 0.03462935
vn 0.99899606 0.02668616 0.03598211
vn 0.99899606 0.02488845 0.03724820
vn 0.99899606 0.02303079 0.03842455
vn 0.99899606 0.02111765 0.03950834
vn 0.99899606 0.01915363 0.04049694
vn 0.99899606 0.01714346 0.04138798
vn 0.99899606 0.01509200 0.04217932
vn 0.99899606 0.01300418 0.04286904
vn 0.99899606 0.01088503 0.04345549
vn 0.99899606 0.00873966 0.04393725
vn 0.99899606 0.00657324 0.04431316
vn 0.99899606 0.00439097 0.04458232
vn 0.99899606 0.00219814 0.04474407
vn 0.99899606 0.00000000 0.04479803
vn 0.99899606 -0.00219814 0.04474407
vn 0.99899606 -0.00439097 0.04458232
vn 0.99899606 -0.00657324 0.04431316
vn 0.99899606 -0.00873966 0.04393725
vn 0.99899606 -0.01088503 0.04345549
vn 0.99899606 -0.01300418 0.04286904
vn 0.99899606 -0.01509200 0.04217932
vn 0.99899606 -0.01714346 0.04138798
vn 0.99899606 -0.01915363 0.04049694
vn 0.99899606 -0.02111765 0.03950834
vn 0.99899606 -0.02303079 0.03842455
vn 0.99899606 -0.02488845 0.03724820
vn 0.99899606 -0.02668616 0.03598211
vn 0.99899606 -0.02841957 0.03462935
vn 0.99899606 -0.03008452 0.03319315
vn 0.99899606 -0.03167699 0.03167699
vn 0.99899606 -0.03319315 0.03008452
vn 0.99899606 -0.03462935 0.02841957
vn 0.99899606 -0.03598211 0.02668616
vn 0.99899606 -0.03724820 0.02488845
vn 0.99899606 -0.03842455 0.02303079
vn 0.99899606 -0.03950834 0.02111765
vn 0.99899606 -0.04049694 0.01915363
vn 0.99899606 -0.04138798 0.01714346
vn 0.99899606 -0.04217932 0.01509200
vn 0.99899606 -0.04286904 0.01300418
vn 0.99899606 -0.04345549 0.01088503
vn 0.99899606 -0.04393725 0.00873966
vn 0.99899606 -0.04431316 0.00657324
vn 0.99899606 -0.04458232 0.00439097
vn 0.99899606 -0.04474407 0.00219814
vn 0.99905328 -0.04350342 -0.00000000
vn 0.99905328 -0.04345102 -0.00213461
vn 0.99905328 -0.04329394 -0.00426408
vn 0.99905328 -0.04303257 -0.00638328
vn 0.99905328 -0.04266752 -0.00848710
vn 0.99905328 -0.04219968 -0.01057047
vn 0.99905328 -0.04163018 -0.01262838
vn 0.99905328 -0.04096039 -0.01465586
vn 0.99905328 -0.04019192 -0.01664804
vn 0.99905328 -0.03932663 -0.01860011
vn 0.99905328 -0.03836660 -0.02050737
vn 0.99905328 -0.03731413 -0.02236523
vn 0.99905328 -0.03617178 -0.02416921
vn 0.99905328 -0.03494228 -0.02591496
vn 0.99905328 -0.03362860 -0.02759828
vn 0.99905328 -0.03223391 -0.02921511
vn 0.99905328 -0.03076157 -0.03076157
vn 0.99905328 -0.02921511 -0.03223391
vn 0.99905328 -0.02759828 -0.03362860
vn 0.99905328 -0.02591496 -0.03494228
vn 0.99905328 -0.02416921 -0.03617178
vn 0.99905328 -0.02236523 -0.03731413
vn 0.99905328 -0.02050737 -0.03836660
vn 0.99905328 -0.01860011 -0.03932663
vn 0.99905328 -0.01664804 -0.04019192
vn 0.99905328 -0.01465586 -0.04096039
vn 0.99905328 -0.01262838 -0.04163018
vn 0.99905328 -0.01057047 -0.04219968
vn 0.99905328 -0.00848710 -0.04266752
vn 0.99905328 -0.00638328 -0.04303257
vn 0.99905328 -0.00426408 -0.04329394
vn 0.99905328 -0.00213461 -0.04345102
vn 0.99905328 0.00000000 -0.04350342
vn 0.99905328 0.00213461 -0.04345102
vn 0.99905328 0.00426408 -0.04329394
vn 0.99905328 0.00638328 -0.04303257
vn 0.99905328 0.00848710 -0.04266752
vn 0.99905328 0.01057047 -0.04219968
vn 0.99905328 0.01262838 -0.04163018
vn 0.99905328 0.01465586 -0.04096039
vn 0.99905328 0.01664804 -0.04019192
vn 0.99905328 0.01860011 -0.03932663
vn 0.99905328 0.02050737 -0.03836660
vn 0.99905328 0.02236523 -0.03731413
vn 0.99905328 0.02416921 -0.03617178
vn 0.99905328 0.02591496 -0.03494228
vn 0.99905328 0.02759828 -0.03362860
vn 0.99905328 0.02921511 -0.03223391
vn 0.99905328 0.03076157 -0.03076157
vn 0.99905328 0.03223391 -0.02921511
vn 0.99905328 0.03362860 -0.02759828
vn 0.99905328 0.03494228 -0.02591496
vn 0.99905328 0.03617178 -0.02416921
vn 0.99905328 0.03731413 -0.02236523
vn 0.99905328 0.03836660 -0.02050737
vn 0.99905328 0.03932663 -0.01860011
vn 0.99905328 0.04019192 -0.01664804
vn 0.99905328 0.04096039 -0.01465586
vn 0.99905328 0.04163018 -0.01262838
vn 0.99905328 0.04219968 -0.01057047
vn 0.99905328 0.04266752 -0.00848710
vn 0.99905328 0.04303257 -0.00638328
vn 0.99905328 0.04329394 -0.00426408
vn 0.99905328 0.04345102 -0.00213461
vn 0.99905328 0.04350342 0.00000000
vn 0.99905328 0.04345102 0.00213461
vn 0.99905328 0.04329394 0.00426408
vn 0.99905328 0.04303257 0.00638328
vn 0.99905328 0.04266752 0.00848710
vn 0.99905328 0.04219968 0.01057047
vn 0.99905328 0.04163018 0.01262838
vn 0.99905328 0.04096039 0.01465586
vn 0.99905328 0.04019192 0.01664804
vn 0.99905328 0.03932663 0.01860011
vn 0.99905328 0.03836660 0.02050737
vn 0.99905328 0.03731413 0.02236523
vn 0.99905328 0.03617178 0.02416921
vn 0.99905328 0.03494228 0.02591496
vn 0.99905328 0.03362860 0.02759828
vn 0.99905328 0.03223391 0.02921511
vn 0.99905328 0.03076157 0.03076157
vn 0.99905328 0.02921511 0.03223391
vn 0.99905328 0.02759828 0.03362860
vn 0.99905328 0.02591496 0.03494228
vn 0.99905328 0.02416921 0.03617178
vn 0.99905328 0.02236523 0.03731413
vn 0.99905328 0.02050737 0.03836660
vn 0.99905328 0.01860011 0.03932663
vn 0.99905328 0.01664804 0.04019192
vn 0.99905328 0.01465586 0.04096039
vn 0.99905328 0.01262838 0.04163018
vn 0.99905328 0.01057047 0.04219968
vn 0.99905328 0.00848710 0.04266752
vn 0.99905328 0.00638328 0.04303257
vn 0.99905328 0.00426408 0.04329394
vn 0.99905328 0.00213461 0.04345102
vn 0.99905328 -0.00000000 0.04350342
vn 0.99905328 -0.00213461 0.04345102
vn 0.99905328 -0.00426408 0.04329394
vn 0.99905328 -0.00638328 0.04303257
vn 0.99905328 -0.00848710 0.04266752
vn 0.99905328 -0.01057047 0.04219968
vn 0.99905328 -0.01262838 0.04163018
vn 0.99905328 -0.01465586 0.04096039
vn 0.99905328 -0.01664804 0.04019192
vn 0.99905328 -0.01860011 0.03932663
vn 0.99905328 -0.02050737 0.03836660
vn 0.99905328 -0.02236523 0.03731413
vn 0.99905328 -0.02416921 0.03617178
vn 0.99905328 -0.02591496 0.03494228
vn 0.99905328 -0.02759828 0.03362860
vn 0.99905328 -0.02921511 0.03223391
vn 0.99905328 -0.03076157 0.03076157
vn 0.99905328 -0.03223391 0.02921511
vn 0.99905328 -0.03362860 0.02759828
vn 0.99905328 -0.03494228 0.02591496
vn 0.99905328 -0.03617178 0.02416921
vn 0.99905328 -0.03731413 0.02236523
vn 0.99905328 -0.03836660 0.02050737
vn 0.99905328 -0.03932663 0.01860011
vn 0.99905328 -0.04019192 0.01664804
vn 0.99905328 -0.04096039 0.01465586
vn 0.99905328 -0.04163018 0.01262838
vn 0.99905328 -0.04219968 0.01057047
vn 0.99905328 -0.04266752 0.00848710
vn 0.99905328 -0.04303257 0.00638328
vn 0.99905328 -0.04329394 0.00426408
vn 0.99905328 -0.04345102 0.00213461
vn 0.99932059 -0.03685598 -0.00000000
vn 0.99932059 -0.03681159 -0.00180844
vn 0.99932059 -0.03667851 -0.00361252
vn 0.99932059 -0.03645707 -0.00540790
vn 0.99932059 -0.03614780 -0.00719025
vn 0.99932059 -0.03575145 -0.00895527
vn 0.99932059 -0.03526897 -0.01069873
vn 0.99932059 -0.03470153 -0.01241641
vn 0.99932059 -0.03405049 -0.01410417
vn 0.99932059 -0.03331741 -0.01575796
vn 0.99932059 -0.03250407 -0.01737379
vn 0.99932059 -0.03161243 -0.01894776
vn 0.99932059 -0.03064463 -0.02047609
vn 0.99932059 -0.02960300 -0.02195508
vn 0.99932059 -0.02849006 -0.02338119
vn 0.99932059 -0.02730848 -0.02475096
vn 0.99932059 -0.02606111 -0.02606111
vn 0.99932059 -0.02475096 -0.02730848
vn 0.99932059 -0.02338119 -0.02849006
vn 0.99932059 -0.02195508 -0.02960300
vn 0.99932059 -0.02047609 -0.03064463
vn 0.99932059 -0.01894776 -0.03161243
vn 0.99932059 -0.01737379 -0.03250407
vn 0.99932059 -0.01575796 -0.03331741
vn 0.99932059 -0.01410417 -0.03405049
vn 0.99932059 -0.01241641 -0.03470153
vn 0.99932059 -0.01069873 -0.03526897
vn 0.99932059 -0.00895527 -0.03575145
vn 0.99932059 -0.00719025 -0.03614780
vn 0.99932059 -0.00540790 -0.03645707
vn 0.99932059 -0.00361252 -0.03667851
vn 0.99932059 -0.00180844 -0.03681159
vn 0.99932059 -0.00000000 -0.03685598
vn 0.99932059 0.00180844 -0.03681159
vn 0.99932059 0.00361252 -0.03667851
vn 0.99932059 0.00540790 -0.03645707
vn 0.99932059 0.00719025 -0.03614780
vn 0.99932059 0.00895527 -0.03575145
vn 0.99932059 0.01069873 -0.03526897
vn 0.99932059 0.01241641 -0.03470153
vn 0.99932059 0.01410417 -0.03405049
vn 0.99932059 0.01575796 -0.03331741
vn 0.99932059 0.01737379 -0.03250407
vn 0.99932059 0.01894776 -0.03161243
vn 0.99932059 0.02047609 -0.03064463
vn 0.99932059 0.02195508 -0.02960300
vn 0.99932059 0.02338119 -0.02849006
vn 0.99932059 0.02475096 -0.02730848
vn 0.99932059 0.02606111 -0.02606111
vn 0.99932059 0.02730848 -0.02475096
vn 0.99932059 0.02849006 -0.02338119
vn 0.99932059 0.02960300 -0.02195508
vn 0.99932059 0.03064463 -0.02047609
vn 0.99932059 0.03161243 -0.01894776
vn 0.99932059 0.03250407 -0.01737379
vn 0.99932059 0.03331741 -0.01575796
vn 0.99932059 0.03405049 -0.01410417
vn 0.99932059 0.03470153 -0.01241641
vn 0.99932059 0.03526897 -0.01069873
vn 0.99932059 0.03575145 -0.00895527
vn 0.99932059 0.03614780 -0.00719025
vn 0.99932059 0.03645707 -0.00540790
vn 0.99932059 0.03667851 -0.00361252
vn 0.99932059 0.03681159 -0.00180844
vn 0.99932059 0.03685598 -0.00000000
vn 0.99932059 0.03681159 0.00180844
vn 0.99932059 0.03667851 0.00361252
vn 0.99932059 0.03645707 0.00540790
vn 0.99932059 0.03614780 0.00719025
vn 0.99932059 0.03575145 0.00895527
vn 0.99932059 0.03526897 0.01069873
vn 0.99932059 0.03470153 0.01241641
vn 0.99932059 0.03405049 0.01410417
vn 0.99932059 0.03331741 0.01575796
vn 0.99932059 0.03250407 0.01737379
vn 0.99932059 0.03161243 0.01894776
vn 0.99932059 0.03064463 0.02047609
vn 0.99932059 0.02960300 0.02195508
vn 0.99932059 0.02849006 0.02338119
vn 0.99932059 0.02730848 0.02475096
vn 0.99932059 0.02606111 0.02606111
vn 0.99932059 0.02475096 0.02730848
vn 0.99932059 0.02338119 0.02849006
vn 0.99932059 0.02195508 0.02960300
vn 0.99932059 0.02047609 0.03064463
vn 0.99932059 0.01894776 0.03161243
vn 0.99932059 0.01737379 0.03250407
vn 0.99932059 0.01575796 0.03331741
vn 0.99932059 0.01410417 0.03405049
vn 0.99932059 0.01241641 0.03470153
vn 0.99932059 0.01069873 0.03526897
vn 0.99932059 0.00895527 0.03575145
vn 0.99932059 0.00719025 0.03614780
vn 0.99932059 0.00540790 0.03645707
vn 0.99932059 0.00361252 0.03667851
vn 0.99932059 0.00180844 0.03681159
vn 0.99932059 0.00000000 0.03685598
vn 0.99932059 -0.00180844 0.03681159
vn 0.99932059 -0.00361252 0.03667851
vn 0.99932059 -0.00540790 0.03645707
vn 0.99932059 -0.00719025 0.03614780
vn 0.99932059 -0.00895527 0.03575145
vn 0.99932059 -0.01069873 0.03526897
vn 0.99932059 -0.01241641 0.03470153
vn 0.99932059 -0.01410417 0.03405049
vn 0.99932059 -0.01575796 0.03331741
vn 0.99932059 -0.01737379 0.03250407
vn 0.99932059 -0.01894776 0.03161243
vn 0.99932059 -0.02047609 0.03064463
vn 0.99932059 -0.02195508 0.02960300
vn 0.99932059 -0.02338119 0.02849006
vn 0.99932059 -0.02475096 0.02730848
vn 0.99932059 -0.02606111 0.02606111
vn 0.99932059 -0.02730848 0.02475096
vn 0.99932059 -0.02849006 0.02338119
vn 0.99932059 -0.02960300 0.02195508
vn 0.99932059 -0.03064463 0.02047609
vn 0.99932059 -0.03161243 0.01894776
vn 0.99932059 -0.03250407 0.01737379
vn 0.99932059 -0.03331741 0.01575796
vn 0.99932059 -0.03405049 0.01410417
vn 0.99932059 -0.03470153 0.01241641
vn 0.99932059 -0.03526897 0.01069873
vn 0.99932059 -0.03575145 0.00895527
vn 0.99932059 -0.03614780 0.00719025
vn 0.99932059 -0.03645707 0.00540790
vn 0.99932059 -0.03667851 0.00361252
vn 0.99932059 -0.03681159 0.00180844
vn 0.99978286 -0.02083807 -0.00000000
vn 0.99978286 -0.02081297 -0.00102248
vn 0.99978286 -0.02073773 -0.00204249
vn 0.99978286 -0.02061253 -0.00305758
vn 0.99978286 -0.02043767 -0.00406531
vn 0.99978286 -0.02021358 -0.00506324
vn 0.99978286 -0.01994079 -0.00604897
vn 0.99978286 -0.01961996 -0.00702013
vn 0.99978286 -0.01925186 -0.00797438
vn 0.99978286 -0.01883739 -0.00890942
vn 0.99978286 -0.01837754 -0.00982300
vn 0.99978286 -0.01787341 -0.01071291
vn 0.99978286 -0.01732622 -0.01157701
vn 0.99978286 -0.01673729 -0.01241322
vn 0.99978286 -0.01610804 -0.01321953
vn 0.99978286 -0.01543999 -0.01399399
vn 0.99978286 -0.01473474 -0.01473474
vn 0.99978286 -0.01399399 -0.01543999
vn 0.99978286 -0.01321953 -0.01610804
vn 0.99978286 -0.01241322 -0.01673729
vn 0.99978286 -0.01157701 -0.01732622
vn 0.99978286 -0.01071291 -0.01787341
vn 0.99978286 -0.00982300 -0.01837754
vn 0.99978286 -0.00890942 -0.01883739
vn 0.99978286 -0.00797438 -0.01925186
vn 0.99978286 -0.00702013 -0.01961996
vn 0.99978286 -0.00604897 -0.01994079
vn 0.99978286 -0.00506324 -0.02021358
vn 0.99978286 -0.00406531 -0.02043767
vn 0.99978286 -0.00305758 -0.02061253
vn 0.99978286 -0.00204249 -0.02073773
vn 0.99978286 -0.00102248 -0.02081297
vn 0.99978286 0.00000000 -0.02083807
vn 0.99978286 0.00102248 -0.02081297
vn 0.99978286 0.00204249 -0.02073773
vn 0.99978286 0.00305758 -0.02061253
vn 0.99978286 0.00406531 -0.02043767
vn 0.99978286 0.00506324 -0.02021358
vn 0.99978286 0.00604897 -0.01994079
vn 0.99978286 0.00702013 -0.01961996
vn 0.99978286 0.00797438 -0.01925186
vn 0.99978286 0.00890942 -0.01883739
vn 0.99978286 0.00982300 -0.01837754
vn 0.99978286 0.01071291 -0.01787341
vn 0.99978286 0.01157701 -0.01732622
vn 0.99978286 0.01241322 -0.01673729
vn 0.99978286 0.01321953 -0.01610804
vn 0.99978286 0.01399399 -0.01543999
vn 0.99978286 0.01473474 -0.01473474
vn 0.99978286 0.01543999 -0.01399399
vn 0.99978286 0.01610804 -0.01321953
vn 0.99978286 0.01673729 -0.01241322
vn 0.99978286 0.01732622 -0.01157701
vn 0.99978286 0.01787341 -0.01071291
vn 0.99978286 0.01837754 -0.00982300
vn 0.99978286 0.01883739 -0.00890942
vn 0.99978286 0.01925186 -0.00797438
vn 0.99978286 0.01961996 -0.00702013
vn 0.99978286 0.01994079 -0.00604897
vn 0.99978286 0.02021358 -0.00506324
vn 0.99978286 0.02043767 -0.00406531
vn 0.99978286 0.02061253 -0.00305758
vn 0.99978286 0.02073773 -0.00204249
vn 0.99978286 0.02081297 -0.00102248
vn 0.99978286 0.02083807 0.00000000
vn 0.99978286 0.02081297 0.00102248
vn 0.99978286 0.02073773 0.00204249
vn 0.99978286 0.02061253 0.00305758
vn 0.99978286 0.02043767 0.00406531
vn 0.99978286 0.02021358 0.00506324
vn 0.99978286 0.01994079 0.00604897
vn 0.99978286 0.01961996 0.00702013
vn 0.99978286 0.01925186 0.00797438
vn 0.99978286 0.01883739 0.00890942
vn 0.99978286 0.01837754 0.00982300
vn 0.99978286 0.01787341 0.01071291
vn 0.99978286 0.01732622 0.01157701
vn 0.99978286 0.01673729 0.01241322
vn 0.99978286 0.01610804 0.01321953
vn 0.99978286 0.01543999 0.01399399
vn 0.99978286 0.01473474 0.01473474
vn 0.99978286 0.01399399 0.01543999
vn 0.99978286 0.01321953 0.01610804
vn 0.99978286 0.01241322 0.01673729
vn 0.99978286 0.01157701 0.01732622
vn 0.99978286 0.01071291 0.01787341
vn 0.99978286 0.00982300 0.01837754
vn 0.99978286 0.00890942 0.01883739
vn 0.99978286 0.00797438 0.01925186
vn 0.99978286 0.00702013 0.01961996
vn 0.99978286 0.00604897 0.01994079
vn 0.99978286 0.00506324 0.02021358
vn 0.99978286 0.00406531 0.02043767
vn 0.99978286 0.00305758 0.02061253
vn 0.99978286 0.00204249 0.02073773
vn 0.99978286 0.00102248 0.02081297
vn 0.99978286 -0.00000000 0.02083807
vn 0.99978286 -0.00102248 0.02081297
vn 0.99978286 -0.00204249 0.02073773
vn 0.99978286 -0.00305758 0.02061253
vn 0.99978286 -0.00406531 0.02043767
vn 0.99978286 -0.00506324 0.02021358
vn 0.99978286 -0.00604897 0.01994079
vn 0.99978286 -0.00702013 0.01961996
vn 0.99978286 -0.00797438 0.01925186
vn 0.99978286 -0.00890942 0.01883739
vn 0.99978286 -0.00982300 0.01837754
vn 0.99978286 -0.01071291 0.01787341
vn 0.99978286 -0.01157701 0.01732622
vn 0.99978286 -0.01241322 0.01673729
vn 0.99978286 -0.01321953 0.01610804
vn 0.99978286 -0.01399399 0.01543999
vn 0.99978286 -0.01473474 0.01473474
vn 0.99978286 -0.01543999 0.01399399
vn 0.99978286 -0.01610804 0.01321953
vn 0.99978286 -0.01673729 0.01241322
vn 0.99978286 -0.01732622 0.01157701
vn 0.99978286 -0.01787341 0.01071291
vn 0.99978286 -0.01837754 0.00982300
vn 0.99978286 -0.01883739 0.00890942
vn 0.99978286 -0.01925186 0.00797438
vn 0.99978286 -0.01961996 0.00702013
vn 0.99978286 -0.01994079 0.00604897
vn 0.99978286 -0.02021358 0.00506324
vn 0.99978286 -0.02043767 0.00406531
vn 0.99978286 -0.02061253 0.00305758
vn 0.99978286 -0.02073773 0.00204249
vn 0.99978286 -0.02081297 0.00102248
vn 1.00000000 0.00000000 -0.00000000
f 3//3 2//2 1//1
f 96//96 95//95 1//1
f 95//95 94//94 1//1
f 94//94 93//93 1//1
f 93//93 92//92 1//1
f 92//92 91//91 1//1
f 91//91 90//90 1//1
f 90//90 89//89 1//1
f 89//89 88//88 1//1
f 88//88 87//87 1//1
f 87//87 86//86 1//1
f 86//86 85//85 1//1
f 85//85 84//84 1//1
f 84//84 83//83 1//1
f 97//97 96//96 1//1
f 83//83 82//82 1//1
f 81//81 80//80 1//1
f 80//80 79//79 1//1
f 79//79 78//78 1//1
f 78//78 77//77 1//1
f 77//77 76//76 1//1
f 76//76 75//75 1//1
f 75//75 74//74 1//1
f 74//74 73//73 1//1
f 73//73 72//72 1//1
f 72//72 71//71 1//1
f 71//71 70//70 1//1
f 70//70 69//69 1//1
f 69//69 68//68 1//1
f 82//82 81//81 1//1
f 98//98 97//97 1//1
f 99//99 98//98 1//1
f 100//100 99//99 1//1
f 129//129 128//128 1//1
f 128//128 127//127 1//1
f 127//127 126//126 1//1
f 126//126 125//125 1//1
f 125//125 124//124 1//1
f 124//124 123//123 1//1
f 123//123 122//122 1//1
f 122//122 121//121 1//1
f 121//121 120//120 1//1
f 120//120 119//119 1//1
f 119//119 118//118 1//1
f 118//118 117//117 1//1
f 117//117 116//116 1//1
f 116//116 115//115 1//1
f 115//115 114//114 1//1
f 114//114 113//113 1//1
f 113//113 112//112 1//1
f 112//112 111//111 1//1
f 111//111 110//110 1//1
f 110//110 109//109 1//1
f 109//109 108//108 1//1
f 108//108 107//107 1//1
f 107//107 106//106 1//1
f 106//106 105//105 1//1
f 105//105 104//104 1//1
f 104//104 103//103 1//1
f 103//103 102//102 1//1
f 102//102 101//101 1//1
f 101//101 100//100 1//1
f 68//68 67//67 1//1
f 67//67 66//66 1//1
f 2//2 129//129 1//1
f 65//65 64//64 1//1
f 31//31 30//30 1//1
f 30//30 29//29 1//1
f 29//29 28//28 1//1
f 28//28 27//27 1//1
f 27//27 26//26 1//1
f 26//26 25//25 1//1
f 25//25 24//24 1//1
f 24//24 23//23 1//1
f 23//23 22//22 1//1
f 22//22 21//21 1//1
f 21//21 20//20 1//1
f 66//66 65//65 1//1
f 19//19 18//18 1//1
f 32//32 31//31 1//1
f 18//18 17//17 1//1
f 16//16 15//15 1//1
f 15//15 14//14 1//1
f 14//14 13//13 1//1
f 13//13 12//12 1//1
f 12//12 11//11 1//1
f 11//11 10//10 1//1
f 10//10 9//9 1//1
f 9//9 8//8 1//1
f 8//8 7//7 1//1
f 7//7 6//6 1//1
f 6//6 5//5 1//1
f 5//5 4//4 1//1
f 4//4 3//3 1//1
f 17//17 16//16 1//1
f 33//33 32//32 1//1
f 20//20 19//19 1//1
f 35//35 34//34 1//1
f 34//34 33//33 1//1
f 63//63 62//62 1//1
f 62//62 61//61 1//1
f 61//61 60//60 1//1
f 60//60 59//59 1//1
f 59//59 58//58 1//1
f 58//58 57//57 1//1
f 57//57 56//56 1//1
f 56//56 55//55 1//1
f 55//55 54//54 1//1
f 54//54 53//53 1//1
f 53//53 52//52 1//1
f 52//52 51//51 1//1
f 51//51 50//50 1//1
f 64//64 63//63 1//1
f 49//49 48//48 1//1
f 50//50 49//49 1//1
f 37//37 36//36 1//1
f 38//38 37//37 1//1
f 39//39 38//38 1//1
f 40//40 39//39 1//1
f 41//41 40//40 1//1
f 36//36 35//35 1//1
f 43//43 42//42 1//1
f 44//44 43//43 1//1
f 45//45 44//44 1//1
f 46//46 45//45 1//1
f 47//47 46//46 1//1
f 42//42 41//41 1//1
f 48//48 47//47 1//1
f 345//345 344//344 216//216
f 216//216 344//344 215//215
f 344//344 343//343 215//215
f 215//215 343//343 214//214
f 343//343 342//342 214//214
f 213//213 341//341 212//212
f 342//342 341//341 213//213
f 341//341 340//340 212//212
f 212//212 340//340 211//211
f 340//340 339//339 211//211
f 217//217 345//345 216//216
f 214//214 342//342 213//213
f 218//218 346//346 217//217
f 222//222 350//350 221//221
f 219//219 347//347 218//218
f 348//348 347//347 219//219
f 220//220 348//348 219//219
f 349//349 348//348 220//220
f 221//221 349//349 220//220
f 350//350 349//349 221//221
f 351//351 350//350 222//222
f 223//223 351//351 222//222
f 352//352 351//351 223//223
f 224//224 352//352 223//223
f 353//353 352//352 224//224
f 225//225 353//353 224//224
f 354//354 353//353 225//225
f 347//347 346//346 218//218
f 211//211 339//339 210//210
f 324//324 323//323 195//195
f 210//210 338//338 209//209
f 226//226 354//354 225//225
f 196//196 324//324 195//195
f 325//325 324//324 196//196
f 197//197 325//325 196//196
f 326//326 325//325 197//197
f 198//198 326//326 197//197
f 327//327 326//326 198//198
f 199//199 327//327 198//198
f 328//328 327//327 199//199
f 200//200 328//328 199//199
f 329//329 328//328 200//200
f 201//201 329//329 200//200
f 330//330 329//329 201//201
f 202//202 330//330 201//201
f 331//331 330//330 202//202
f 203//203 331//331 202//202
f 332//332 331//331 203//203
f 204//204 332//332 203//203
f 333//333 332//332 204//204
f 205//205 333//333 204//204
f 334//334 333//333 205//205
f 206//206 334//334 205//205
f 335//335 334//334 206//206
f 207//207 335//335 206//206
f 336//336 335//335 207//207
f 208//208 336//336 207//207
f 337//337 336//336 208//208
f 209//209 337//337 208//208
f 338//338 337//337 209//209
f 339//339 338//338 210//210
f 355//355 354//354 226//226
f 371//371 370//370 242//242
f 356//356 355//355 227//227
f 245//245 373//373 244//244
f 374//374 373//373 245//245
f 246//246 374//374 245//245
f 375//375 374//374 246//246
f 247//247 375//375 246//246
f 376//376 375//375 247//247
f 248//248 376//376 247//247
f 377//377 376//376 248//248
f 249//249 377//377 248//248
f 378//378 377//377 249//249
f 250//250 378//378 249//249
f 379//379 378//378 250//250
f 251//251 379//379 250//250
f 373//373 372//372 244//244
f 380//380 379//379 251//251
f 381//381 380//380 252//252
f 253//253 381//381 252//252
f 382//382 381//381 253//253
f 254//254 382//382 253//253
f 383//383 382//382 254//254
f 255//255 383//383 254//254
f 384//384 383//383 255//255
f 256//256 384//384 255//255
f 385//385 384//384 256//256
f 257//257 385//385 256//256
f 258//258 385//385 257//257
f 130//130 258//258 257//257
f 195//195 323//323 194//194
f 252//252 380//380 251//251
f 244//244 372//372 243//243
f 372//372 371//371 243//243
f 243//243 371//371 242//242
f 228//228 356//356 227//227
f 357//357 356//356 228//228
f 229//229 357//357 228//228
f 358//358 357//357 229//229
f 230//230 358//358 229//229
f 359//359 358//358 230//230
f 231//231 359//359 230//230
f 360//360 359//359 231//231
f 232//232 360//360 231//231
f 361//361 360//360 232//232
f 233//233 361//361 232//232
f 362//362 361//361 233//233
f 234//234 362//362 233//233
f 363//363 362//362 234//234
f 235//235 363//363 234//234
f 364//364 363//363 235//235
f 236//236 364//364 235//235
f 365//365 364//364 236//236
f 237//237 365//365 236//236
f 366//366 365//365 237//237
f 238//238 366//366 237//237
f 367//367 366//366 238//238
f 239//239 367//367 238//238
f 368//368 367//367 239//239
f 240//240 368//368 239//239
f 369//369 368//368 240//240
f 241//241 369//369 240//240
f 370//370 369//369 241//241
f 242//242 370//370 241//241
f 227//227 355//355 226//226
f 323//323 322//322 194//194
f 346//346 345//345 217//217
f 322//322 321//321 193//193
f 147//147 275//275 146//146
f 276//276 275//275 147//147
f 148//148 276//276 147//147
f 277//277 276//276 148//148
f 149//149 277//277 148//148
f 278//278 277//277 149//149
f 150//150 278//278 149//149
f 279//279 278//278 150//150
f 151//151 279//279 150//150
f 280//280 279//279 151//151
f 152//152 280//280 151//151
f 281//281 280//280 152//152
f 153//153 281//281 152//152
f 275//275 274//274 146//146
f 282//282 281//281 153//153
f 283//283 282//282 154//154
f 155//155 283//283 154//154
f 284//284 283//283 155//155
f 156//156 284//284 155//155
f 285//285 284//284 156//156
f 157//157 285//285 156//156
f 286//286 285//285 157//157
f 158//158 286//286 157//157
f 287//287 286//286 158//158
f 159//159 287//287 158//158
f 288//288 287//287 159//159
f 160//160 288//288 159//159
f 289//289 288//288 160//160
f 154//154 282//282 153//153
f 146//146 274//274 145//145
f 274//274 273//273 145//145
f 145//145 273//273 144//144
f 194//194 322//322 193//193
f 259//259 258//258 130//130
f 131//131 259//259 130//130
f 260//260 259//259 131//131
f 132//132 260//260 131//131
f 261//261 260//260 132//132
f 133//133 261//261 132//132
f 262//262 261//261 133//133
f 134//134 262//262 133//133
f 263//263 262//262 134//134
f 264//264 263//263 135//135
f 136//136 264//264 135//135
f 265//265 264//264 136//136
f 137//137 265//265 136//136
f 266//266 265//265 137//137
f 138//138 266//266 137//137
f 267//267 266//266 138//138
f 139//139 267//267 138//138
f 268//268 267//267 139//139
f 140//140 268//268 139//139
f 269//269 268//268 140//140
f 141//141 269//269 140//140
f 270//270 269//269 141//141
f 142//142 270//270 141//141
f 271//271 270//270 142//142
f 143//143 271//271 142//142
f 272//272 271//271 143//143
f 144//144 272//272 143//143
f 273//273 272//272 144//144
f 161//161 289//289 160//160
f 290//290 289//289 161//161
f 135//135 263//263 134//134
f 291//291 290//290 162//162
f 179//179 307//307 178//178
f 308//308 307//307 179//179
f 180//180 308//308 179//179
f 309//309 308//308 180//180
f 181//181 309//309 180//180
f 310//310 309//309 181//181
f 182//182 310//310 181//181
f 311//311 310//310 182//182
f 183//183 311//311 182//182
f 312//312 311//311 183//183
f 184//184 312//312 183//183
f 313//313 312//312 184//184
f 185//185 313//313 184//184
f 314//314 313//313 185//185
f 186//186 314//314 185//185
f 315//315 314//314 186//186
f 187//187 315//315 186//186
f 316//316 315//315 187//187
f 188//188 316//316 187//187
f 317//317 316//316 188//188
f 189//189 317//317 188//188
f 318//318 317//317 189//189
f 190//190 318//318 189//189
f 191//191 319//319 190//190
f 320//320 319//319 191//191
f 192//192 320//320 191//191
f 321//321 320//320 192//192
f 162//162 290//290 161//161
f 193//193 321//321 192//192
f 307//307 306//306 178//178
f 178//178 306//306 177//177
f 319//319 318//318 190//190
f 177//177 305//305 176//176
f 306//306 305//305 177//177
f 163//163 291//291 162//162
f 164//164 292//292 163//163
f 293//293 292//292 164//164
f 292//292 291//291 163//163
f 294//294 293//293 165//165
f 166//166 294//294 165//165
f 295//295 294//294 166//166
f 167//167 295//295 166//166
f 296//296 295//295 167//167
f 168//168 296//296 167//167
f 297//297 296//296 168//168
f 169//169 297//297 168//168
f 298//298 297//297 169//169
f 165//165 293//293 164//164
f 299//299 298//298 170//170
f 170//170 298//298 169//169
f 176//176 304//304 175//175
f 304//304 303//303 175//175
f 303//303 302//302 174//174
f 174//174 302//302 173//173
f 302//302 301//301 173//173
f 175//175 303//303 174//174
f 301//301 300//300 172//172
f 173//173 301//301 172//172
f 300//300 299//299 171//171
f 171//171 299//299 170//170
f 172//172 300//300 171//171
f 305//305 304//304 176//176
f 686//686 814//814 685//685
f 811//811 810//810 682//682
f 683//683 811//811 682//682
f 682//682 810//810 681//681
f 812//812 811//811 683//683
f 684//684 812//812 683//683
f 681//681 809//809 680//680
f 813//813 812//812 684//684
f 685//685 813//813 684//684
f 814//814 813//813 685//685
f 810//810 809//809 681//681
f 689//689 817//817 688//688
f 687//687 815//815 686//686
f 816//816 815//815 687//687
f 688//688 816//816 687//687
f 817//817 816//816 688//688
f 818//818 817//817 689//689
f 690//690 818//818 689//689
f 819//819 818//818 690//690
f 691//691 819//819 690//690
f 820//820 819//819 691//691
f 692//692 820//820 691//691
f 821//821 820//820 692//692
f 815//815 814//814 686//686
f 809//809 808//808 680//680
f 802//802 801//801 673//673
f 808//808 807//807 679//679
f 667//667 795//795 666//666
f 796//796 795//795 667//667
f 693//693 821//821 692//692
f 668//668 796//796 667//667
f 797//797 796//796 668//668
f 669//669 797//797 668//668
f 798//798 797//797 669//669
f 670//670 798//798 669//669
f 799//799 798//798 670//670
f 671//671 799//799 670//670
f 800//800 799//799 671//671
f 672//672 800//800 671//671
f 801//801 800//800 672//672
f 673//673 801//801 672//672
f 674//674 802//802 673//673
f 803//803 802//802 674//674
f 675//675 803//803 674//674
f 804//804 803//803 675//675
f 676//676 804//804 675//675
f 805//805 804//804 676//676
f 677//677 805//805 676//676
f 806//806 805//805 677//677
f 678//678 806//806 677//677
f 807//807 806//806 678//678
f 679//679 807//807 678//678
f 680//680 808//808 679//679
f 822//822 821//821 693//693
f 837//837 836//836 708//708
f 823//823 822//822 694//694
f 838//838 837//837 709//709
f 710//710 838//838 709//709
f 839//839 838//838 710//710
f 711//711 839//839 710//710
f 840//840 839//839 711//711
f 712//712 840//840 711//711
f 841//841 840//840 712//712
f 713//713 841//841 712//712
f 842//842 841//841 713//713
f 714//714 842//842 713//713
f 843//843 842//842 714//714
f 709//709 837//837 708//708
f 715//715 843//843 714//714
f 716//716 844//844 715//715
f 845//845 844//844 716//716
f 717//717 845//845 716//716
f 846//846 845//845 717//717
f 718//718 846//846 717//717
f 847//847 846//846 718//718
f 719//719 847//847 718//718
f 848//848 847//847 719//719
f 720//720 848//848 719//719
f 795//795 794//794 666//666
f 849//849 848//848 720//720
f 844//844 843//843 715//715
f 694//694 822//822 693//693
f 708//708 836//836 707//707
f 707//707 835//835 706//706
f 695//695 823//823 694//694
f 824//824 823//823 695//695
f 696//696 824//824 695//695
f 825//825 824//824 696//696
f 697//697 825//825 696//696
f 826//826 825//825 697//697
f 698//698 826//826 697//697
f 827//827 826//826 698//698
f 699//699 827//827 698//698
f 828//828 827//827 699//699
f 700//700 828//828 699//699
f 836//836 835//835 707//707
f 829//829 828//828 700//700
f 830//830 829//829 701//701
f 702//702 830//830 701//701
f 831//831 830//830 702//702
f 703//703 831//831 702//702
f 832//832 831//831 703//703
f 704//704 832//832 703//703
f 833//833 832//832 704//704
f 705//705 833//833 704//704
f 834//834 833//833 705//705
f 706//706 834//834 705//705
f 835//835 834//834 706//706
f 701//701 829//829 700//700
f 666//666 794//794 665//665
f 634//634 762//762 633//633
f 665//665 793//793 664//664
f 753//753 752//752 624//624
f 625//625 753//753 624//624
f 754//754 753//753 625//625
f 626//626 754//754 625//625
f 755//755 754//754 626//626
f 627//627 755//755 626//626
f 756//756 755//755 627//627
f 628//628 756//756 627//627
f 757//757 756//756 628//628
f 629//629 757//757 628//628
f 758//758 757//757 629//629
f 624//624 752//752 623//623
f 630//630 758//758 629//629
f 631//631 759//759 630//630
f 760//760 759//759 631//631
f 632//632 760//760 631//631
f 761//761 760//760 632//632
f 633//633 761//761 632//632
f 762//762 761//761 633//633
f 763//763 762//762 634//634
f 635//635 763//763 634//634
f 764//764 763//763 635//635
f 636//636 764//764 635//635
f 765//765 764//764 636//636
f 759//759 758//758 630//630
f 637//637 765//765 636//636
f 752//752 751//751 623//623
f 751//751 750//750 622//622
f 721//721 849//849 720//720
f 611//611 739//739 610//610
f 740//740 739//739 611//611
f 612//612 740//740 611//611
f 741//741 740//740 612//612
f 613//613 741//741 612//612
f 742//742 741//741 613//613
f 614//614 742//742 613//613
f 743//743 742//742 614//614
f 615//615 743//743 614//614
f 744//744 743//743 615//615
f 623//623 751//751 622//622
f 616//616 744//744 615//615
f 617//617 745//745 616//616
f 746//746 745//745 617//617
f 618//618 746//746 617//617
f 747//747 746//746 618//618
f 619//619 747//747 618//618
f 748//748 747//747 619//619
f 620//620 748//748 619//619
f 749//749 748//748 620//620
f 621//621 749//749 620//620
f 750//750 749//749 621//621
f 622//622 750//750 621//621
f 745//745 744//744 616//616
f 794//794 793//793 665//665
f 766//766 765//765 637//637
f 767//767 766//766 638//638
f 653//653 781//781 652//652
f 782//782 781//781 653//653
f 654//654 782//782 653//653
f 783//783 782//782 654//654
f 655//655 783//783 654//654
f 784//784 783//783 655//655
f 656//656 784//784 655//655
f 785//785 784//784 656//656
f 657//657 785//785 656//656
f 786//786 785//785 657//657
f 658//658 786//786 657//657
f 781//781 780//780 652//652
f 787//787 786//786 658//658
f 788//788 787//787 659//659
f 660//660 788//788 659//659
f 789//789 788//788 660//660
f 661//661 789//789 660//660
f 790//790 789//789 661//661
f 662//662 790//790 661//661
f 791//791 790//790 662//662
f 663//663 791//791 662//662
f 792//792 791//791 663//663
f 664//664 792//792 663//663
f 793//793 792//792 664//664
f 659//659 787//787 658//658
f 638//638 766//766 637//637
f 652//652 780//780 651//651
f 651//651 779//779 650//650
f 639//639 767//767 638//638
f 768//768 767//767 639//639
f 640//640 768//768 639//639
f 769//769 768//768 640//640
f 641//641 769//769 640//640
f 642//642 769//769 641//641
f 514//514 642//642 641//641
f 771//771 770//770 642//642
f 643//643 771//771 642//642
f 772//772 771//771 643//643
f 644//644 772//772 643//643
f 780//780 779//779 651//651
f 773//773 772//772 644//644
f 774//774 773//773 645//645
f 646//646 774//774 645//645
f 775//775 774//774 646//646
f 647//647 775//775 646//646
f 776//776 775//775 647//647
f 648//648 776//776 647//647
f 777//777 776//776 648//648
f 649//649 777//777 648//648
f 778//778 777//777 649//649
f 650//650 778//778 649//649
f 779//779 778//778 650//650
f 645//645 773//773 644//644
f 850//850 849//849 721//721
f 865//865 898//898 864//864
f 851//851 850//850 722//722
f 817//817 898//898 816//816
f 818//818 898//898 817//817
f 819//819 898//898 818//818
f 820//820 898//898 819//819
f 821//821 898//898 820//820
f 822//822 898//898 821//821
f 823//823 898//898 822//822
f 824//824 898//898 823//823
f 825//825 898//898 824//824
f 826//826 898//898 825//825
f 827//827 898//898 826//826
f 816//816 898//898 815//815
f 828//828 898//898 827//827
f 830//830 898//898 829//829
f 831//831 898//898 830//830
f 832//832 898//898 831//831
f 833//833 898//898 832//832
f 834//834 898//898 833//833
f 835//835 898//898 834//834
f 836//836 898//898 835//835
f 837//837 898//898 836//836
f 838//838 898//898 837//837
f 839//839 898//898 838//838
f 840//840 898//898 839//839
f 829//829 898//898 828//828
f 841//841 898//898 840//840
f 815//815 898//898 814//814
f 813//813 898//898 812//812
f 789//789 898//898 788//788
f 790//790 898//898 789//789
f 791//791 898//898 790//790
f 792//792 898//898 791//791
f 793//793 898//898 792//792
f 794//794 898//898 793//793
f 795//795 898//898 794//794
f 796//796 898//898 795//795
f 797//797 898//898 796//796
f 798//798 898//898 797//797
f 799//799 898//898 798//798
f 814//814 898//898 813//813
f 800//800 898//898 799//799
f 802//802 898//898 801//801
f 803//803 898//898 802//802
f 804//804 898//898 803//803
f 805//805 898//898 804//804
f 806//806 898//898 805//805
f 807//807 898//898 806//806
f 808//808 898//898 807//807
f 809//809 898//898 808//808
f 810//810 898//898 809//809
f 811//811 898//898 810//810
f 812//812 898//898 811//811
f 801//801 898//898 800//800
f 788//788 898//898 787//787
f 842//842 898//898 841//841
f 844//844 898//898 843//843
f 873//873 898//898 872//872
f 874//874 898//898 873//873
f 875//875 898//898 874//874
f 876//876 898//898 875//875
f 877//877 898//898 876//876
f 878//878 898//898 877//877
f 879//879 898//898 878//878
f 880//880 898//898 879//879
f 881//881 898//898 880//880
f 882//882 898//898 881//881
f 883//883 898//898 882//882
f 872//872 898//898 871//871
f 884//884 898//898 883//883
f 886//886 898//898 885//885
f 887//887 898//898 886//886
f 888//888 898//898 887//887
f 889//889 898//898 888//888
f 890//890 898//898 889//889
f 891//891 898//898 890//890
f 892//892 898//898 891//891
f 893//893 898//898 892//892
f 894//894 898//898 893//893
f 895//895 898//898 894//894
f 896//896 898//898 895//895
f 885//885 898//898 884//884
f 843//843 898//898 842//842
f 871//871 898//898 870//870
f 869//869 898//898 868//868
f 845//845 898//898 844//844
f 846//846 898//898 845//845
f 847//847 898//898 846//846
f 848//848 898//898 847//847
f 849//849 898//898 848//848
f 850//850 898//898 849//849
f 851//851 898//898 850//850
f 852//852 898//898 851//851
f 853//853 898//898 852//852
f 854//854 898//898 853//853
f 855//855 898//898 854//854
f 870//870 898//898 869//869
f 856//856 898//898 855//855
f 858//858 898//898 857//857
f 859//859 898//898 858//858
f 860//860 898//898 859//859
f 861//861 898//898 860//860
f 862//862 898//898 861//861
f 863//863 898//898 862//862
f 864//864 898//898 863//863
f 739//739 738//738 610//610
f 866//866 898//898 865//865
f 867//867 898//898 866//866
f 868//868 898//898 867//867
f 857//857 898//898 856//856
f 787//787 898//898 786//786
f 786//786 898//898 785//785
f 785//785 898//898 784//784
f 737//737 865//865 736//736
f 866//866 865//865 737//737
f 738//738 866//866 737//737
f 867//867 866//866 738//738
f 739//739 867//867 738//738
f 868//868 867//867 739//739
f 740//740 868//868 739//739
f 869//869 868//868 740//740
f 741//741 869//869 740//740
f 870//870 869//869 741//741
f 742//742 870//870 741//741
f 865//865 864//864 736//736
f 871//871 870//870 742//742
f 872//872 871//871 743//743
f 744//744 872//872 743//743
f 873//873 872//872 744//744
f 745//745 873//873 744//744
f 874//874 873//873 745//745
f 746//746 874//874 745//745
f 875//875 874//874 746//746
f 747//747 875//875 746//746
f 876//876 875//875 747//747
f 748//748 876//876 747//747
f 877//877 876//876 748//748
f 743//743 871//871 742//742
f 749//749 877//877 748//748
f 736//736 864//864 735//735
f 735//735 863//863 734//734
f 723//723 851//851 722//722
f 852//852 851//851 723//723
f 724//724 852//852 723//723
f 853//853 852//852 724//724
f 725//725 853//853 724//724
f 854//854 853//853 725//725
f 726//726 854//854 725//725
f 855//855 854//854 726//726
f 727//727 855//855 726//726
f 856//856 855//855 727//727
f 728//728 856//856 727//727
f 864//864 863//863 735//735
f 857//857 856//856 728//728
f 858//858 857//857 729//729
f 730//730 858//858 729//729
f 859//859 858//858 730//730
f 731//731 859//859 730//730
f 860//860 859//859 731//731
f 732//732 860//860 731//731
f 861//861 860//860 732//732
f 733//733 861//861 732//732
f 862//862 861//861 733//733
f 734//734 862//862 733//733
f 863//863 862//862 734//734
f 729//729 857//857 728//728
f 878//878 877//877 749//749
f 750//750 878//878 749//749
f 879//879 878//878 750//750
f 894//894 893//893 765//765
f 766//766 894//894 765//765
f 895//895 894//894 766//766
f 767//767 895//895 766//766
f 896//896 895//895 767//767
f 768//768 896//896 767//767
f 897//897 896//896 768//768
f 769//769 897//897 768//768
f 770//770 897//897 769//769
f 642//642 770//770 769//769
f 771//771 898//898 770//770
f 765//765 893//893 764//764
f 772//772 898//898 771//771
f 774//774 898//898 773//773
f 775//775 898//898 774//774
f 776//776 898//898 775//775
f 777//777 898//898 776//776
f 778//778 898//898 777//777
f 779//779 898//898 778//778
f 780//780 898//898 779//779
f 781//781 898//898 780//780
f 782//782 898//898 781//781
f 783//783 898//898 782//782
f 784//784 898//898 783//783
f 773//773 898//898 772//772
f 893//893 892//892 764//764
f 764//764 892//892 763//763
f 892//892 891//891 763//763
f 751//751 879//879 750//750
f 880//880 879//879 751//751
f 752//752 880//880 751//751
f 881//881 880//880 752//752
f 753//753 881//881 752//752
f 882//882 881//881 753//753
f 754//754 882//882 753//753
f 883//883 882//882 754//754
f 755//755 883//883 754//754
f 884//884 883//883 755//755
f 756//756 884//884 755//755
f 885//885 884//884 756//756
f 757//757 885//885 756//756
f 886//886 885//885 757//757
f 758//758 886//886 757//757
f 887//887 886//886 758//758
f 759//759 887//887 758//758
f 888//888 887//887 759//759
f 760//760 888//888 759//759
f 889//889 888//888 760//760
f 761//761 889//889 760//760
f 890//890 889//889 761//761
f 762//762 890//890 761//761
f 891//891 890//890 762//762
f 763//763 891//891 762//762
f 722//722 850//850 721//721
f 610//610 738//738 609//609
f 386//386 514//514 513//513
f 609//609 737//737 608//608
f 585//585 584//584 456//456
f 457//457 585//585 456//456
f 586//586 585//585 457//457
f 458//458 586//586 457//457
f 587//587 586//586 458//458
f 459//459 587//587 458//458
f 588//588 587//587 459//459
f 460//460 588//588 459//459
f 589//589 588//588 460//460
f 461//461 589//589 460//460
f 590//590 589//589 461//461
f 456//456 584//584 455//455
f 462//462 590//590 461//461
f 463//463 591//591 462//462
f 592//592 591//591 463//463
f 464//464 592//592 463//463
f 593//593 592//592 464//464
f 465//465 593//593 464//464
f 594//594 593//593 465//465
f 466//466 594//594 465//465
f 595//595 594//594 466//466
f 467//467 595//595 466//466
f 596//596 595//595 467//467
f 468//468 596//596 467//467
f 591//591 590//590 462//462
f 597//597 596//596 468//468
f 584//584 583//583 455//455
f 583//583 582//582 454//454
f 571//571 570//570 442//442
f 443//443 571//571 442//442
f 572//572 571//571 443//443
f 444//444 572//572 443//443
f 573//573 572//572 444//444
f 445//445 573//573 444//444
f 574//574 573//573 445//445
f 446//446 574//574 445//445
f 575//575 574//574 446//446
f 447//447 575//575 446//446
f 576//576 575//575 447//447
f 455//455 583//583 454//454
f 448//448 576//576 447//447
f 449//449 577//577 448//448
f 578//578 577//577 449//449
f 450//450 578//578 449//449
f 579//579 578//578 450//450
f 451//451 579//579 450//450
f 580//580 579//579 451//451
f 452//452 580//580 451//451
f 581//581 580//580 452//452
f 453//453 581//581 452//452
f 582//582 581//581 453//453
f 454//454 582//582 453//453
f 577//577 576//576 448//448
f 442//442 570//570 441//441
f 469//469 597//597 468//468
f 470//470 598//598 469//469
f 613//613 612//612 484//484
f 485//485 613//613 484//484
f 614//614 613//613 485//485
f 486//486 614//614 485//485
f 615//615 614//614 486//486
f 487//487 615//615 486//486
f 616//616 615//615 487//487
f 488//488 616//616 487//487
f 617//617 616//616 488//488
f 489//489 617//617 488//488
f 618//618 617//617 489//489
f 484//484 612//612 483//483
f 490//490 618//618 489//489
f 491//491 619//619 490//490
f 620//620 619//619 491//491
f 492//492 620//620 491//491
f 621//621 620//620 492//492
f 493//493 621//621 492//492
f 622//622 621//621 493//493
f 494//494 622//622 493//493
f 623//623 622//622 494//494
f 495//495 623//623 494//494
f 624//624 623//623 495//495
f 496//496 624//624 495//495
f 619//619 618//618 490//490
f 598//598 597//597 469//469
f 612//612 611//611 483//483
f 611//611 610//610 482//482
f 599//599 598//598 470//470
f 471//471 599//599 470//470
f 600//600 599//599 471//471
f 472//472 600//600 471//471
f 601//601 600//600 472//472
f 473//473 601//601 472//472
f 602//602 601//601 473//473
f 474//474 602//602 473//473
f 603//603 602//602 474//474
f 475//475 603//603 474//474
f 604//604 603//603 475//475
f 483//483 611//611 482//482
f 476//476 604//604 475//475
f 477//477 605//605 476//476
f 606//606 605//605 477//477
f 478//478 606//606 477//477
f 607//607 606//606 478//478
f 479//479 607//607 478//478
f 608//608 607//607 479//479
f 480//480 608//608 479//479
f 609//609 608//608 480//480
f 481//481 609//609 480//480
f 610//610 609//609 481//481
f 482//482 610//610 481//481
f 605//605 604//604 476//476
f 625//625 624//624 496//496
f 570//570 569//569 441//441
f 569//569 568//568 440//440
f 529//529 528//528 400//400
f 401//401 529//529 400//400
f 530//530 529//529 401//401
f 402//402 530//530 401//401
f 531//531 530//530 402//402
f 403//403 531//531 402//402
f 532//532 531//531 403//403
f 404//404 532//532 403//403
f 533//533 532//532 404//404
f 405//405 533//533 404//404
f 534//534 533//533 405//405
f 400//400 528//528 399//399
f 406//406 534//534 405//405
f 407//407 535//535 406//406
f 536//536 535//535 407//407
f 408//408 536//536 407//407
f 537//537 536//536 408//408
f 409//409 537//537 408//408
f 538//538 537//537 409//409
f 410//410 538//538 409//409
f 539//539 538//538 410//410
f 411//411 539//539 410//410
f 540//540 539//539 411//411
f 412//412 540//540 411//411
f 535//535 534//534 406//406
f 541//541 540//540 412//412
f 528//528 527//527 399//399
f 527//527 526//526 398//398
f 515//515 514//514 386//386
f 387//387 515//515 386//386
f 516//516 515//515 387//387
f 388//388 516//516 387//387
f 517//517 516//516 388//388
f 389//389 517//517 388//388
f 518//518 517//517 389//389
f 390//390 518//518 389//389
f 519//519 518//518 390//390
f 391//391 519//519 390//390
f 520//520 519//519 391//391
f 399//399 527//527 398//398
f 392//392 520//520 391//391
f 393//393 521//521 392//392
f 522//522 521//521 393//393
f 394//394 522//522 393//393
f 523//523 522//522 394//394
f 395//395 523//523 394//394
f 524//524 523//523 395//395
f 396//396 524//524 395//395
f 525//525 524//524 396//396
f 397//397 525//525 396//396
f 526//526 525//525 397//397
f 398//398 526//526 397//397
f 521//521 520//520 392//392
f 441//441 569//569 440//440
f 413//413 541//541 412//412
f 414//414 542//542 413//413
f 557//557 556//556 428//428
f 429//429 557//557 428//428
f 558//558 557//557 429//429
f 430//430 558//558 429//429
f 559//559 558//558 430//430
f 431//431 559//559 430//430
f 560//560 559//559 431//431
f 432//432 560//560 431//431
f 561//561 560//560 432//432
f 433//433 561//561 432//432
f 562//562 561//561 433//433
f 428//428 556//556 427//427
f 434//434 562//562 433//433
f 435//435 563//563 434//434
f 564//564 563//563 435//435
f 436//436 564//564 435//435
f 565//565 564//564 436//436
f 437//437 565//565 436//436
f 566//566 565//565 437//437
f 438//438 566//566 437//437
f 567//567 566//566 438//438
f 439//439 567//567 438//438
f 568//568 567//567 439//439
f 440//440 568//568 439//439
f 563//563 562//562 434//434
f 542//542 541//541 413//413
f 556//556 555//555 427//427
f 555//555 554//554 426//426
f 543//543 542//542 414//414
f 415//415 543//543 414//414
f 544//544 543//543 415//415
f 416//416 544//544 415//415
f 545//545 544//544 416//416
f 417//417 545//545 416//416
f 546//546 545//545 417//417
f 418//418 546//546 417//417
f 547//547 546//546 418//418
f 419//419 547//547 418//418
f 548//548 547//547 419//419
f 427//427 555//555 426//426
f 420//420 548//548 419//419
f 421//421 549//549 420//420
f 550//550 549//549 421//421
f 422//422 550//550 421//421
f 551//551 550//550 422//422
f 423//423 551//551 422//422
f 552//552 551//551 423//423
f 424//424 552//552 423//423
f 553//553 552//552 424//424
f 425//425 553//553 424//424
f 554//554 553//553 425//425
f 426//426 554//554 425//425
f 549//549 548//548 420//420
f 497//497 625//625 496//496
f 626//626 625//625 497//497
f 498//498 626//626 497//497
f 569//569 697//697 568//568
f 698//698 697//697 569//569
f 570//570 698//698 569//569
f 699//699 698//698 570//570
f 571//571 699//699 570//570
f 700//700 699//699 571//571
f 572//572 700//700 571//571
f 701//701 700//700 572//572
f 573//573 701//701 572//572
f 702//702 701//701 573//573
f 574//574 702//702 573//573
f 697//697 696//696 568//568
f 703//703 702//702 574//574
f 704//704 703//703 575//575
f 576//576 704//704 575//575
f 705//705 704//704 576//576
f 577//577 705//705 576//576
f 706//706 705//705 577//577
f 578//578 706//706 577//577
f 707//707 706//706 578//578
f 579//579 707//707 578//578
f 708//708 707//707 579//579
f 580//580 708//708 579//579
f 709//709 708//708 580//580
f 575//575 703//703 574//574
f 581//581 709//709 580//580
f 568//568 696//696 567//567
f 567//567 695//695 566//566
f 555//555 683//683 554//554
f 684//684 683//683 555//555
f 556//556 684//684 555//555
f 685//685 684//684 556//556
f 557//557 685//685 556//556
f 686//686 685//685 557//557
f 558//558 686//686 557//557
f 687//687 686//686 558//558
f 559//559 687//687 558//558
f 688//688 687//687 559//559
f 560//560 688//688 559//559
f 696//696 695//695 567//567
f 689//689 688//688 560//560
f 690//690 689//689 561//561
f 562//562 690//690 561//561
f 691//691 690//690 562//562
f 563//563 691//691 562//562
f 692//692 691//691 563//563
f 564//564 692//692 563//563
f 693//693 692//692 564//564
f 565//565 693//693 564//564
f 694//694 693//693 565//565
f 566//566 694//694 565//565
f 695//695 694//694 566//566
f 561//561 689//689 560//560
f 683//683 682//682 554//554
f 710//710 709//709 581//581
f 711//711 710//710 582//582
f 597//597 725//725 596//596
f 726//726 725//725 597//597
f 598//598 726//726 597//597
f 727//727 726//726 598//598
f 599//599 727//727 598//598
f 728//728 727//727 599//599
f 600//600 728//728 599//599
f 729//729 728//728 600//600
f 601//601 729//729 600//600
f 730//730 729//729 601//601
f 602//602 730//730 601//601
f 725//725 724//724 596//596
f 731//731 730//730 602//602
f 732//732 731//731 603//603
f 604//604 732//732 603//603
f 733//733 732//732 604//604
f 605//605 733//733 604//604
f 734//734 733//733 605//605
f 606//606 734//734 605//605
f 735//735 734//734 606//606
f 607//607 735//735 606//606
f 736//736 735//735 607//607
f 608//608 736//736 607//607
f 737//737 736//736 608//608
f 603//603 731//731 602//602
f 582//582 710//710 581//581
f 596//596 724//724 595//595
f 595//595 723//723 594//594
f 583//583 711//711 582//582
f 712//712 711//711 583//583
f 584//584 712//712 583//583
f 713//713 712//712 584//584
f 585//585 713//713 584//584
f 714//714 713//713 585//585
f 586//586 714//714 585//585
f 715//715 714//714 586//586
f 587//587 715//715 586//586
f 716//716 715//715 587//587
f 588//588 716//716 587//587
f 724//724 723//723 595//595
f 717//717 716//716 588//588
f 718//718 717//717 589//589
f 590//590 718//718 589//589
f 719//719 718//718 590//590
f 591//591 719//719 590//590
f 720//720 719//719 591//591
f 592//592 720//720 591//591
f 721//721 720//720 592//592
f 593//593 721//721 592//592
f 722//722 721//721 593//593
f 594//594 722//722 593//593
f 723//723 722//722 594//594
f 589//589 717//717 588//588
f 554//554 682//682 553//553
f 682//682 681//681 553//553
f 553//553 681//681 552//552
f 641//641 640//640 512//512
f 513//513 641//641 512//512
f 514//514 641//641 513//513
f 897//897 898//898 896//896
f 643//643 642//642 514//514
f 515//515 643//643 514//514
f 644//644 643//643 515//515
f 516//516 644//644 515//515
f 645//645 644//644 516//516
f 517//517 645//645 516//516
f 646//646 645//645 517//517
f 512//512 640//640 511//511
f 518//518 646//646 517//517
f 519//519 647//647 518//518
f 648//648 647//647 519//519
f 520//520 648//648 519//519
f 649//649 648//648 520//520
f 521//521 649//649 520//520
f 650//650 649//649 521//521
f 522//522 650//650 521//521
f 651//651 650//650 522//522
f 523//523 651//651 522//522
f 652//652 651//651 523//523
f 524//524 652//652 523//523
f 647//647 646//646 518//518
f 653//653 652//652 524//524
f 640//640 639//639 511//511
f 639//639 638//638 510//510
f 627//627 626//626 498//498
f 499//499 627//627 498//498
f 628//628 627//627 499//499
f 500//500 628//628 499//499
f 629//629 628//628 500//500
f 501//501 629//629 500//500
f 630//630 629//629 501//501
f 502//502 630//630 501//501
f 631//631 630//630 502//502
f 503//503 631//631 502//502
f 632//632 631//631 503//503
f 511//511 639//639 510//510
f 504//504 632//632 503//503
f 505//505 633//633 504//504
f 634//634 633//633 505//505
f 506//506 634//634 505//505
f 635//635 634//634 506//506
f 507//507 635//635 506//506
f 636//636 635//635 507//507
f 508//508 636//636 507//507
f 637//637 636//636 508//508
f 509//509 637//637 508//508
f 638//638 637//637 509//509
f 510//510 638//638 509//509
f 633//633 632//632 504//504
f 525//525 653//653 524//524
f 654//654 653//653 525//525
f 526//526 654//654 525//525
f 541//541 669//669 540//540
f 670//670 669//669 541//541
f 542//542 670//670 541//541
f 671//671 670//670 542//542
f 543//543 671//671 542//542
f 672//672 671//671 543//543
f 544//544 672//672 543//543
f 673//673 672//672 544//544
f 545//545 673//673 544//544
f 674//674 673//673 545//545
f 546//546 674//674 545//545
f 669//669 668//668 540//540
f 675//675 674//674 546//546
f 676//676 675//675 547//547
f 548//548 676//676 547//547
f 677//677 676//676 548//548
f 549//549 677//677 548//548
f 678//678 677//677 549//549
f 550//550 678//678 549//549
f 679//679 678//678 550//550
f 551//551 679//679 550//550
f 680//680 679//679 551//551
f 552//552 680//680 551//551
f 681//681 680//680 552//552
f 547//547 675//675 546//546
f 540//540 668//668 539//539
f 668//668 667//667 539//539
f 539//539 667//667 538//538
f 655//655 654//654 526//526
f 527//527 655//655 526//526
f 656//656 655//655 527//527
f 528//528 656//656 527//527
f 657//657 656//656 528//528
f 529//529 657//657 528//528
f 658//658 657//657 529//529
f 530//530 658//658 529//529
f 659//659 658//658 530//530
f 531//531 659//659 530//530
f 660//660 659//659 531//531
f 532//532 660//660 531//531
f 661//661 660//660 532//532
f 533//533 661//661 532//532
f 662//662 661//661 533//533
f 534//534 662//662 533//533
f 663//663 662//662 534//534
f 535//535 663//663 534//534
f 664//664 663//663 535//535
f 536//536 664//664 535//535
f 665//665 664//664 536//536
f 537//537 665//665 536//536
f 666//666 665//665 537//537
f 538//538 666//666 537//537
f 667//667 666//666 538//538
f 738//738 737//737 609//609
f 770//770 898//898 897//897
