# Independent procedural camera geometry; meters; Z up
o front_lens_glass
v 0.0142842000 0.0242562400 0.0292320000
v 0.0142842000 0.0242086832 0.0302000408
v 0.0142842000 0.0240664708 0.0311587588
v 0.0142842000 0.0238309724 0.0320989211
v 0.0142842000 0.0235044560 0.0330114734
v 0.0142842000 0.0230900661 0.0338876273
v 0.0142842000 0.0225917934 0.0347189450
v 0.0142842000 0.0220144368 0.0354974203
v 0.0142842000 0.0213635563 0.0362155563
v 0.0142842000 0.0206454203 0.0368664368
v 0.0142842000 0.0198669450 0.0374437934
v 0.0142842000 0.0190356273 0.0379420661
v 0.0142842000 0.0181594734 0.0383564560
v 0.0142842000 0.0172469211 0.0386829724
v 0.0142842000 0.0163067588 0.0389184708
v 0.0142842000 0.0153480408 0.0390606832
v 0.0142842000 0.0143800000 0.0391082400
v 0.0142842000 0.0134119592 0.0390606832
v 0.0142842000 0.0124532412 0.0389184708
v 0.0142842000 0.0115130789 0.0386829724
v 0.0142842000 0.0106005266 0.0383564560
v 0.0142842000 0.0097243727 0.0379420661
v 0.0142842000 0.0088930550 0.0374437934
v 0.0142842000 0.0081145797 0.0368664368
v 0.0142842000 0.0073964437 0.0362155563
v 0.0142842000 0.0067455632 0.0354974203
v 0.0142842000 0.0061682066 0.0347189450
v 0.0142842000 0.0056699339 0.0338876273
v 0.0142842000 0.0052555440 0.0330114734
v 0.0142842000 0.0049290276 0.0320989211
v 0.0142842000 0.0046935292 0.0311587588
v 0.0142842000 0.0045513168 0.0302000408
v 0.0142842000 0.0045037600 0.0292320000
v 0.0142842000 0.0045513168 0.0282639592
v 0.0142842000 0.0046935292 0.0273052412
v 0.0142842000 0.0049290276 0.0263650789
v 0.0142842000 0.0052555440 0.0254525266
v 0.0142842000 0.0056699339 0.0245763727
v 0.0142842000 0.0061682066 0.0237450550
v 0.0142842000 0.0067455632 0.0229665797
v 0.0142842000 0.0073964437 0.0222484437
v 0.0142842000 0.0081145797 0.0215975632
v 0.0142842000 0.0088930550 0.0210202066
v 0.0142842000 0.0097243727 0.0205219339
v 0.0142842000 0.0106005266 0.0201075440
v 0.0142842000 0.0115130789 0.0197810276
v 0.0142842000 0.0124532412 0.0195455292
v 0.0142842000 0.0134119592 0.0194033168
v 0.0142842000 0.0143800000 0.0193557600
v 0.0142842000 0.0153480408 0.0194033168
v 0.0142842000 0.0163067588 0.0195455292
v 0.0142842000 0.0172469211 0.0197810276
v 0.0142842000 0.0181594734 0.0201075440
v 0.0142842000 0.0190356273 0.0205219339
v 0.0142842000 0.0198669450 0.0210202066
v 0.0142842000 0.0206454203 0.0215975632
v 0.0142842000 0.0213635563 0.0222484437
v 0.0142842000 0.0220144368 0.0229665797
v 0.0142842000 0.0225917934 0.0237450550
v 0.0142842000 0.0230900661 0.0245763727
v 0.0142842000 0.0235044560 0.0254525266
v 0.0142842000 0.0238309724 0.0263650789
v 0.0142842000 0.0240664708 0.0273052412
v 0.0142842000 0.0242086832 0.0282639592
v 0.0148010000 0.0242562400 0.0292320000
v 0.0148010000 0.0242086832 0.0302000408
v 0.0148010000 0.0240664708 0.0311587588
v 0.0148010000 0.0238309724 0.0320989211
v 0.0148010000 0.0235044560 0.0330114734
v 0.0148010000 0.0230900661 0.0338876273
v 0.0148010000 0.0225917934 0.0347189450
v 0.0148010000 0.0220144368 0.0354974203
v 0.0148010000 0.0213635563 0.0362155563
v 0.0148010000 0.0206454203 0.0368664368
v 0.0148010000 0.0198669450 0.0374437934
v 0.0148010000 0.0190356273 0.0379420661
v 0.0148010000 0.0181594734 0.0383564560
v 0.0148010000 0.0172469211 0.0386829724
v 0.0148010000 0.0163067588 0.0389184708
v 0.0148010000 0.0153480408 0.0390606832
v 0.0148010000 0.0143800000 0.0391082400
v 0.0148010000 0.0134119592 0.0390606832
v 0.0148010000 0.0124532412 0.0389184708
v 0.0148010000 0.0115130789 0.0386829724
v 0.0148010000 0.0106005266 0.0383564560
v 0.0148010000 0.0097243727 0.0379420661
v 0.0148010000 0.0088930550 0.0374437934
v 0.0148010000 0.0081145797 0.0368664368
v 0.0148010000 0.0073964437 0.0362155563
v 0.0148010000 0.0067455632 0.0354974203
v 0.0148010000 0.0061682066 0.0347189450
v 0.0148010000 0.0056699339 0.0338876273
v 0.0148010000 0.0052555440 0.0330114734
v 0.0148010000 0.0049290276 0.0320989211
v 0.0148010000 0.0046935292 0.0311587588
v 0.0148010000 0.0045513168 0.0302000408
v 0.0148010000 0.0045037600 0.0292320000
v 0.0148010000 0.0045513168 0.0282639592
v 0.0148010000 0.0046935292 0.0273052412
v 0.0148010000 0.0049290276 0.0263650789
v 0.0148010000 0.0052555440 0.0254525266
v 0.0148010000 0.0056699339 0.0245763727
v 0.0148010000 0.0061682066 0.0237450550
v 0.0148010000 0.0067455632 0.0229665797
v 0.0148010000 0.0073964437 0.0222484437
v 0.0148010000 0.0081145797 0.0215975632
v 0.0148010000 0.0088930550 0.0210202066
v 0.0148010000 0.0097243727 0.0205219339
v 0.0148010000 0.0106005266 0.0201075440
v 0.0148010000 0.0115130789 0.0197810276
v 0.0148010000 0.0124532412 0.0195455292
v 0.0148010000 0.0134119592 0.0194033168
v 0.0148010000 0.0143800000 0.0193557600
v 0.0148010000 0.0153480408 0.0194033168
v 0.0148010000 0.0163067588 0.0195455292
v 0.0148010000 0.0172469211 0.0197810276
v 0.0148010000 0.0181594734 0.0201075440
v 0.0148010000 0.0190356273 0.0205219339
v 0.0148010000 0.0198669450 0.0210202066
v 0.0148010000 0.0206454203 0.0215975632
v 0.0148010000 0.0213635563 0.0222484437
v 0.0148010000 0.0220144368 0.0229665797
v 0.0148010000 0.0225917934 0.0237450550
v 0.0148010000 0.0230900661 0.0245763727
v 0.0148010000 0.0235044560 0.0254525266
v 0.0148010000 0.0238309724 0.0263650789
v 0.0148010000 0.0240664708 0.0273052412
v 0.0148010000 0.0242086832 0.0282639592
v 0.0153985800 0.0233584000 0.0292320000
v 0.0153985800 0.0233151665 0.0301120371
v 0.0153985800 0.0231858826 0.0309835989
v 0.0153985800 0.0229717931 0.0318382919
v 0.0153985800 0.0226749600 0.0326678849
v 0.0153985800 0.0222982419 0.0334643885
v 0.0153985800 0.0218452668 0.0342201318
v 0.0153985800 0.0213203971 0.0349278367
v 0.0153985800 0.0207286875 0.0355806875
v 0.0153985800 0.0200758367 0.0361723971
v 0.0153985800 0.0193681318 0.0366972668
v 0.0153985800 0.0186123885 0.0371502419
v 0.0153985800 0.0178158849 0.0375269600
v 0.0153985800 0.0169862919 0.0378237931
v 0.0153985800 0.0161315989 0.0380378826
v 0.0153985800 0.0152600371 0.0381671665
v 0.0153985800 0.0143800000 0.0382104000
v 0.0153985800 0.0134999629 0.0381671665
v 0.0153985800 0.0126284011 0.0380378826
v 0.0153985800 0.0117737081 0.0378237931
v 0.0153985800 0.0109441151 0.0375269600
v 0.0153985800 0.0101476115 0.0371502419
v 0.0153985800 0.0093918682 0.0366972668
v 0.0153985800 0.0086841633 0.0361723971
v 0.0153985800 0.0080313125 0.0355806875
v 0.0153985800 0.0074396029 0.0349278367
v 0.0153985800 0.0069147332 0.0342201318
v 0.0153985800 0.0064617581 0.0334643885
v 0.0153985800 0.0060850400 0.0326678849
v 0.0153985800 0.0057882069 0.0318382919
v 0.0153985800 0.0055741174 0.0309835989
v 0.0153985800 0.0054448335 0.0301120371
v 0.0153985800 0.0054016000 0.0292320000
v 0.0153985800 0.0054448335 0.0283519629
v 0.0153985800 0.0055741174 0.0274804011
v 0.0153985800 0.0057882069 0.0266257081
v 0.0153985800 0.0060850400 0.0257961151
v 0.0153985800 0.0064617581 0.0249996115
v 0.0153985800 0.0069147332 0.0242438682
v 0.0153985800 0.0074396029 0.0235361633
v 0.0153985800 0.0080313125 0.0228833125
v 0.0153985800 0.0086841633 0.0222916029
v 0.0153985800 0.0093918682 0.0217667332
v 0.0153985800 0.0101476115 0.0213137581
v 0.0153985800 0.0109441151 0.0209370400
v 0.0153985800 0.0117737081 0.0206402069
v 0.0153985800 0.0126284011 0.0204261174
v 0.0153985800 0.0134999629 0.0202968335
v 0.0153985800 0.0143800000 0.0202536000
v 0.0153985800 0.0152600371 0.0202968335
v 0.0153985800 0.0161315989 0.0204261174
v 0.0153985800 0.0169862919 0.0206402069
v 0.0153985800 0.0178158849 0.0209370400
v 0.0153985800 0.0186123885 0.0213137581
v 0.0153985800 0.0193681318 0.0217667332
v 0.0153985800 0.0200758367 0.0222916029
v 0.0153985800 0.0207286875 0.0228833125
v 0.0153985800 0.0213203971 0.0235361633
v 0.0153985800 0.0218452668 0.0242438682
v 0.0153985800 0.0222982419 0.0249996115
v 0.0153985800 0.0226749600 0.0257961151
v 0.0153985800 0.0229717931 0.0266257081
v 0.0153985800 0.0231858826 0.0274804011
v 0.0153985800 0.0233151665 0.0283519629
v 0.0159839950 0.0224605600 0.0292320000
v 0.0159839950 0.0224216499 0.0300240334
v 0.0159839950 0.0223052943 0.0308084391
v 0.0159839950 0.0221126138 0.0315776628
v 0.0159839950 0.0218454640 0.0323242964
v 0.0159839950 0.0215064177 0.0330411496
v 0.0159839950 0.0210987401 0.0337213186
v 0.0159839950 0.0206263573 0.0343582530
v 0.0159839950 0.0200938188 0.0349458188
v 0.0159839950 0.0195062530 0.0354783573
v 0.0159839950 0.0188693186 0.0359507401
v 0.0159839950 0.0181891496 0.0363584177
v 0.0159839950 0.0174722964 0.0366974640
v 0.0159839950 0.0167256628 0.0369646138
v 0.0159839950 0.0159564391 0.0371572943
v 0.0159839950 0.0151720334 0.0372736499
v 0.0159839950 0.0143800000 0.0373125600
v 0.0159839950 0.0135879666 0.0372736499
v 0.0159839950 0.0128035609 0.0371572943
v 0.0159839950 0.0120343372 0.0369646138
v 0.0159839950 0.0112877036 0.0366974640
v 0.0159839950 0.0105708504 0.0363584177
v 0.0159839950 0.0098906814 0.0359507401
v 0.0159839950 0.0092537470 0.0354783573
v 0.0159839950 0.0086661812 0.0349458188
v 0.0159839950 0.0081336427 0.0343582530
v 0.0159839950 0.0076612599 0.0337213186
v 0.0159839950 0.0072535823 0.0330411496
v 0.0159839950 0.0069145360 0.0323242964
v 0.0159839950 0.0066473862 0.0315776628
v 0.0159839950 0.0064547057 0.0308084391
v 0.0159839950 0.0063383501 0.0300240334
v 0.0159839950 0.0062994400 0.0292320000
v 0.0159839950 0.0063383501 0.0284399666
v 0.0159839950 0.0064547057 0.0276555609
v 0.0159839950 0.0066473862 0.0268863372
v 0.0159839950 0.0069145360 0.0261397036
v 0.0159839950 0.0072535823 0.0254228504
v 0.0159839950 0.0076612599 0.0247426814
v 0.0159839950 0.0081336427 0.0241057470
v 0.0159839950 0.0086661812 0.0235181812
v 0.0159839950 0.0092537470 0.0229856427
v 0.0159839950 0.0098906814 0.0225132599
v 0.0159839950 0.0105708504 0.0221055823
v 0.0159839950 0.0112877036 0.0217665360
v 0.0159839950 0.0120343372 0.0214993862
v 0.0159839950 0.0128035609 0.0213067057
v 0.0159839950 0.0135879666 0.0211903501
v 0.0159839950 0.0143800000 0.0211514400
v 0.0159839950 0.0151720334 0.0211903501
v 0.0159839950 0.0159564391 0.0213067057
v 0.0159839950 0.0167256628 0.0214993862
v 0.0159839950 0.0174722964 0.0217665360
v 0.0159839950 0.0181891496 0.0221055823
v 0.0159839950 0.0188693186 0.0225132599
v 0.0159839950 0.0195062530 0.0229856427
v 0.0159839950 0.0200938188 0.0235181812
v 0.0159839950 0.0206263573 0.0241057470
v 0.0159839950 0.0210987401 0.0247426814
v 0.0159839950 0.0215064177 0.0254228504
v 0.0159839950 0.0218454640 0.0261397036
v 0.0159839950 0.0221126138 0.0268863372
v 0.0159839950 0.0223052943 0.0276555609
v 0.0159839950 0.0224216499 0.0284399666
v 0.0165453276 0.0215627200 0.0292320000
v 0.0165453276 0.0215281332 0.0299360297
v 0.0165453276 0.0214247060 0.0306332792
v 0.0165453276 0.0212534345 0.0313170336
v 0.0165453276 0.0210159680 0.0319807079
v 0.0165453276 0.0207145935 0.0326179108
v 0.0165453276 0.0203522134 0.0332225054
v 0.0165453276 0.0199323176 0.0337886693
v 0.0165453276 0.0194589500 0.0343109500
v 0.0165453276 0.0189366693 0.0347843176
v 0.0165453276 0.0183705054 0.0352042134
v 0.0165453276 0.0177659108 0.0355665935
v 0.0165453276 0.0171287079 0.0358679680
v 0.0165453276 0.0164650336 0.0361054345
v 0.0165453276 0.0157812792 0.0362767060
v 0.0165453276 0.0150840297 0.0363801332
v 0.0165453276 0.0143800000 0.0364147200
v 0.0165453276 0.0136759703 0.0363801332
v 0.0165453276 0.0129787208 0.0362767060
v 0.0165453276 0.0122949664 0.0361054345
v 0.0165453276 0.0116312921 0.0358679680
v 0.0165453276 0.0109940892 0.0355665935
v 0.0165453276 0.0103894946 0.0352042134
v 0.0165453276 0.0098233307 0.0347843176
v 0.0165453276 0.0093010500 0.0343109500
v 0.0165453276 0.0088276824 0.0337886693
v 0.0165453276 0.0084077866 0.0332225054
v 0.0165453276 0.0080454065 0.0326179108
v 0.0165453276 0.0077440320 0.0319807079
v 0.0165453276 0.0075065655 0.0313170336
v 0.0165453276 0.0073352940 0.0306332792
v 0.0165453276 0.0072318668 0.0299360297
v 0.0165453276 0.0071972800 0.0292320000
v 0.0165453276 0.0072318668 0.0285279703
v 0.0165453276 0.0073352940 0.0278307208
v 0.0165453276 0.0075065655 0.0271469664
v 0.0165453276 0.0077440320 0.0264832921
v 0.0165453276 0.0080454065 0.0258460892
v 0.0165453276 0.0084077866 0.0252414946
v 0.0165453276 0.0088276824 0.0246753307
v 0.0165453276 0.0093010500 0.0241530500
v 0.0165453276 0.0098233307 0.0236796824
v 0.0165453276 0.0103894946 0.0232597866
v 0.0165453276 0.0109940892 0.0228974065
v 0.0165453276 0.0116312921 0.0225960320
v 0.0165453276 0.0122949664 0.0223585655
v 0.0165453276 0.0129787208 0.0221872940
v 0.0165453276 0.0136759703 0.0220838668
v 0.0165453276 0.0143800000 0.0220492800
v 0.0165453276 0.0150840297 0.0220838668
v 0.0165453276 0.0157812792 0.0221872940
v 0.0165453276 0.0164650336 0.0223585655
v 0.0165453276 0.0171287079 0.0225960320
v 0.0165453276 0.0177659108 0.0228974065
v 0.0165453276 0.0183705054 0.0232597866
v 0.0165453276 0.0189366693 0.0236796824
v 0.0165453276 0.0194589500 0.0241530500
v 0.0165453276 0.0199323176 0.0246753307
v 0.0165453276 0.0203522134 0.0252414946
v 0.0165453276 0.0207145935 0.0258460892
v 0.0165453276 0.0210159680 0.0264832921
v 0.0165453276 0.0212534345 0.0271469664
v 0.0165453276 0.0214247060 0.0278307208
v 0.0165453276 0.0215281332 0.0285279703
v 0.0170711508 0.0206648800 0.0292320000
v 0.0170711508 0.0206346166 0.0298480260
v 0.0170711508 0.0205441178 0.0304581193
v 0.0170711508 0.0203942552 0.0310564044
v 0.0170711508 0.0201864720 0.0316371195
v 0.0170711508 0.0199227693 0.0321946719
v 0.0170711508 0.0196056867 0.0327236922
v 0.0170711508 0.0192382779 0.0332190857
v 0.0170711508 0.0188240813 0.0336760813
v 0.0170711508 0.0183670857 0.0340902779
v 0.0170711508 0.0178716922 0.0344576867
v 0.0170711508 0.0173426719 0.0347747693
v 0.0170711508 0.0167851195 0.0350384720
v 0.0170711508 0.0162044044 0.0352462552
v 0.0170711508 0.0156061193 0.0353961178
v 0.0170711508 0.0149960260 0.0354866166
v 0.0170711508 0.0143800000 0.0355168800
v 0.0170711508 0.0137639740 0.0354866166
v 0.0170711508 0.0131538807 0.0353961178
v 0.0170711508 0.0125555956 0.0352462552
v 0.0170711508 0.0119748805 0.0350384720
v 0.0170711508 0.0114173281 0.0347747693
v 0.0170711508 0.0108883078 0.0344576867
v 0.0170711508 0.0103929143 0.0340902779
v 0.0170711508 0.0099359187 0.0336760813
v 0.0170711508 0.0095217221 0.0332190857
v 0.0170711508 0.0091543133 0.0327236922
v 0.0170711508 0.0088372307 0.0321946719
v 0.0170711508 0.0085735280 0.0316371195
v 0.0170711508 0.0083657448 0.0310564044
v 0.0170711508 0.0082158822 0.0304581193
v 0.0170711508 0.0081253834 0.0298480260
v 0.0170711508 0.0080951200 0.0292320000
v 0.0170711508 0.0081253834 0.0286159740
v 0.0170711508 0.0082158822 0.0280058807
v 0.0170711508 0.0083657448 0.0274075956
v 0.0170711508 0.0085735280 0.0268268805
v 0.0170711508 0.0088372307 0.0262693281
v 0.0170711508 0.0091543133 0.0257403078
v 0.0170711508 0.0095217221 0.0252449143
v 0.0170711508 0.0099359187 0.0247879187
v 0.0170711508 0.0103929143 0.0243737221
v 0.0170711508 0.0108883078 0.0240063133
v 0.0170711508 0.0114173281 0.0236892307
v 0.0170711508 0.0119748805 0.0234255280
v 0.0170711508 0.0125555956 0.0232177448
v 0.0170711508 0.0131538807 0.0230678822
v 0.0170711508 0.0137639740 0.0229773834
v 0.0170711508 0.0143800000 0.0229471200
v 0.0170711508 0.0149960260 0.0229773834
v 0.0170711508 0.0156061193 0.0230678822
v 0.0170711508 0.0162044044 0.0232177448
v 0.0170711508 0.0167851195 0.0234255280
v 0.0170711508 0.0173426719 0.0236892307
v 0.0170711508 0.0178716922 0.0240063133
v 0.0170711508 0.0183670857 0.0243737221
v 0.0170711508 0.0188240813 0.0247879187
v 0.0170711508 0.0192382779 0.0252449143
v 0.0170711508 0.0196056867 0.0257403078
v 0.0170711508 0.0199227693 0.0262693281
v 0.0170711508 0.0201864720 0.0268268805
v 0.0170711508 0.0203942552 0.0274075956
v 0.0170711508 0.0205441178 0.0280058807
v 0.0170711508 0.0206346166 0.0286159740
v 0.0175507602 0.0197670400 0.0292320000
v 0.0175507602 0.0197410999 0.0297600223
v 0.0175507602 0.0196635295 0.0302829594
v 0.0175507602 0.0195350759 0.0307957752
v 0.0175507602 0.0193569760 0.0312935310
v 0.0175507602 0.0191309451 0.0317714331
v 0.0175507602 0.0188591601 0.0322248791
v 0.0175507602 0.0185442382 0.0326495020
v 0.0175507602 0.0181892125 0.0330412125
v 0.0175507602 0.0177975020 0.0333962382
v 0.0175507602 0.0173728791 0.0337111601
v 0.0175507602 0.0169194331 0.0339829451
v 0.0175507602 0.0164415310 0.0342089760
v 0.0175507602 0.0159437752 0.0343870759
v 0.0175507602 0.0154309594 0.0345155295
v 0.0175507602 0.0149080223 0.0345930999
v 0.0175507602 0.0143800000 0.0346190400
v 0.0175507602 0.0138519777 0.0345930999
v 0.0175507602 0.0133290406 0.0345155295
v 0.0175507602 0.0128162248 0.0343870759
v 0.0175507602 0.0123184690 0.0342089760
v 0.0175507602 0.0118405669 0.0339829451
v 0.0175507602 0.0113871209 0.0337111601
v 0.0175507602 0.0109624980 0.0333962382
v 0.0175507602 0.0105707875 0.0330412125
v 0.0175507602 0.0102157618 0.0326495020
v 0.0175507602 0.0099008399 0.0322248791
v 0.0175507602 0.0096290549 0.0317714331
v 0.0175507602 0.0094030240 0.0312935310
v 0.0175507602 0.0092249241 0.0307957752
v 0.0175507602 0.0090964705 0.0302829594
v 0.0175507602 0.0090189001 0.0297600223
v 0.0175507602 0.0089929600 0.0292320000
v 0.0175507602 0.0090189001 0.0287039777
v 0.0175507602 0.0090964705 0.0281810406
v 0.0175507602 0.0092249241 0.0276682248
v 0.0175507602 0.0094030240 0.0271704690
v 0.0175507602 0.0096290549 0.0266925669
v 0.0175507602 0.0099008399 0.0262391209
v 0.0175507602 0.0102157618 0.0258144980
v 0.0175507602 0.0105707875 0.0254227875
v 0.0175507602 0.0109624980 0.0250677618
v 0.0175507602 0.0113871209 0.0247528399
v 0.0175507602 0.0118405669 0.0244810549
v 0.0175507602 0.0123184690 0.0242550240
v 0.0175507602 0.0128162248 0.0240769241
v 0.0175507602 0.0133290406 0.0239484705
v 0.0175507602 0.0138519777 0.0238709001
v 0.0175507602 0.0143800000 0.0238449600
v 0.0175507602 0.0149080223 0.0238709001
v 0.0175507602 0.0154309594 0.0239484705
v 0.0175507602 0.0159437752 0.0240769241
v 0.0175507602 0.0164415310 0.0242550240
v 0.0175507602 0.0169194331 0.0244810549
v 0.0175507602 0.0173728791 0.0247528399
v 0.0175507602 0.0177975020 0.0250677618
v 0.0175507602 0.0181892125 0.0254227875
v 0.0175507602 0.0185442382 0.0258144980
v 0.0175507602 0.0188591601 0.0262391209
v 0.0175507602 0.0191309451 0.0266925669
v 0.0175507602 0.0193569760 0.0271704690
v 0.0175507602 0.0195350759 0.0276682248
v 0.0175507602 0.0196635295 0.0281810406
v 0.0175507602 0.0197410999 0.0287039777
v 0.0179743925 0.0188692000 0.0292320000
v 0.0179743925 0.0188475833 0.0296720185
v 0.0179743925 0.0187829413 0.0301077995
v 0.0179743925 0.0186758966 0.0305351460
v 0.0179743925 0.0185274800 0.0309499425
v 0.0179743925 0.0183391209 0.0313481942
v 0.0179743925 0.0181126334 0.0317260659
v 0.0179743925 0.0178501985 0.0320799183
v 0.0179743925 0.0175543438 0.0324063438
v 0.0179743925 0.0172279183 0.0327021985
v 0.0179743925 0.0168740659 0.0329646334
v 0.0179743925 0.0164961942 0.0331911209
v 0.0179743925 0.0160979425 0.0333794800
v 0.0179743925 0.0156831460 0.0335278966
v 0.0179743925 0.0152557995 0.0336349413
v 0.0179743925 0.0148200185 0.0336995833
v 0.0179743925 0.0143800000 0.0337212000
v 0.0179743925 0.0139399815 0.0336995833
v 0.0179743925 0.0135042005 0.0336349413
v 0.0179743925 0.0130768540 0.0335278966
v 0.0179743925 0.0126620575 0.0333794800
v 0.0179743925 0.0122638058 0.0331911209
v 0.0179743925 0.0118859341 0.0329646334
v 0.0179743925 0.0115320817 0.0327021985
v 0.0179743925 0.0112056562 0.0324063438
v 0.0179743925 0.0109098015 0.0320799183
v 0.0179743925 0.0106473666 0.0317260659
v 0.0179743925 0.0104208791 0.0313481942
v 0.0179743925 0.0102325200 0.0309499425
v 0.0179743925 0.0100841034 0.0305351460
v 0.0179743925 0.0099770587 0.0301077995
v 0.0179743925 0.0099124167 0.0296720185
v 0.0179743925 0.0098908000 0.0292320000
v 0.0179743925 0.0099124167 0.0287919815
v 0.0179743925 0.0099770587 0.0283562005
v 0.0179743925 0.0100841034 0.0279288540
v 0.0179743925 0.0102325200 0.0275140575
v 0.0179743925 0.0104208791 0.0271158058
v 0.0179743925 0.0106473666 0.0267379341
v 0.0179743925 0.0109098015 0.0263840817
v 0.0179743925 0.0112056562 0.0260576562
v 0.0179743925 0.0115320817 0.0257618015
v 0.0179743925 0.0118859341 0.0254993666
v 0.0179743925 0.0122638058 0.0252728791
v 0.0179743925 0.0126620575 0.0250845200
v 0.0179743925 0.0130768540 0.0249361034
v 0.0179743925 0.0135042005 0.0248290587
v 0.0179743925 0.0139399815 0.0247644167
v 0.0179743925 0.0143800000 0.0247428000
v 0.0179743925 0.0148200185 0.0247644167
v 0.0179743925 0.0152557995 0.0248290587
v 0.0179743925 0.0156831460 0.0249361034
v 0.0179743925 0.0160979425 0.0250845200
v 0.0179743925 0.0164961942 0.0252728791
v 0.0179743925 0.0168740659 0.0254993666
v 0.0179743925 0.0172279183 0.0257618015
v 0.0179743925 0.0175543438 0.0260576562
v 0.0179743925 0.0178501985 0.0263840817
v 0.0179743925 0.0181126334 0.0267379341
v 0.0179743925 0.0183391209 0.0271158058
v 0.0179743925 0.0185274800 0.0275140575
v 0.0179743925 0.0186758966 0.0279288540
v 0.0179743925 0.0187829413 0.0283562005
v 0.0179743925 0.0188475833 0.0287919815
v 0.0183334236 0.0179713600 0.0292320000
v 0.0183334236 0.0179540666 0.0295840148
v 0.0183334236 0.0179023530 0.0299326396
v 0.0183334236 0.0178167172 0.0302745168
v 0.0183334236 0.0176979840 0.0306063540
v 0.0183334236 0.0175472968 0.0309249554
v 0.0183334236 0.0173661067 0.0312272527
v 0.0183334236 0.0171561588 0.0315103347
v 0.0183334236 0.0169194750 0.0317714750
v 0.0183334236 0.0166583347 0.0320081588
v 0.0183334236 0.0163752527 0.0322181067
v 0.0183334236 0.0160729554 0.0323992968
v 0.0183334236 0.0157543540 0.0325499840
v 0.0183334236 0.0154225168 0.0326687172
v 0.0183334236 0.0150806396 0.0327543530
v 0.0183334236 0.0147320148 0.0328060666
v 0.0183334236 0.0143800000 0.0328233600
v 0.0183334236 0.0140279852 0.0328060666
v 0.0183334236 0.0136793604 0.0327543530
v 0.0183334236 0.0133374832 0.0326687172
v 0.0183334236 0.0130056460 0.0325499840
v 0.0183334236 0.0126870446 0.0323992968
v 0.0183334236 0.0123847473 0.0322181067
v 0.0183334236 0.0121016653 0.0320081588
v 0.0183334236 0.0118405250 0.0317714750
v 0.0183334236 0.0116038412 0.0315103347
v 0.0183334236 0.0113938933 0.0312272527
v 0.0183334236 0.0112127032 0.0309249554
v 0.0183334236 0.0110620160 0.0306063540
v 0.0183334236 0.0109432828 0.0302745168
v 0.0183334236 0.0108576470 0.0299326396
v 0.0183334236 0.0108059334 0.0295840148
v 0.0183334236 0.0107886400 0.0292320000
v 0.0183334236 0.0108059334 0.0288799852
v 0.0183334236 0.0108576470 0.0285313604
v 0.0183334236 0.0109432828 0.0281894832
v 0.0183334236 0.0110620160 0.0278576460
v 0.0183334236 0.0112127032 0.0275390446
v 0.0183334236 0.0113938933 0.0272367473
v 0.0183334236 0.0116038412 0.0269536653
v 0.0183334236 0.0118405250 0.0266925250
v 0.0183334236 0.0121016653 0.0264558412
v 0.0183334236 0.0123847473 0.0262458933
v 0.0183334236 0.0126870446 0.0260647032
v 0.0183334236 0.0130056460 0.0259140160
v 0.0183334236 0.0133374832 0.0257952828
v 0.0183334236 0.0136793604 0.0257096470
v 0.0183334236 0.0140279852 0.0256579334
v 0.0183334236 0.0143800000 0.0256406400
v 0.0183334236 0.0147320148 0.0256579334
v 0.0183334236 0.0150806396 0.0257096470
v 0.0183334236 0.0154225168 0.0257952828
v 0.0183334236 0.0157543540 0.0259140160
v 0.0183334236 0.0160729554 0.0260647032
v 0.0183334236 0.0163752527 0.0262458933
v 0.0183334236 0.0166583347 0.0264558412
v 0.0183334236 0.0169194750 0.0266925250
v 0.0183334236 0.0171561588 0.0269536653
v 0.0183334236 0.0173661067 0.0272367473
v 0.0183334236 0.0175472968 0.0275390446
v 0.0183334236 0.0176979840 0.0278576460
v 0.0183334236 0.0178167172 0.0281894832
v 0.0183334236 0.0179023530 0.0285313604
v 0.0183334236 0.0179540666 0.0288799852
v 0.0186205447 0.0170735200 0.0292320000
v 0.0186205447 0.0170605500 0.0294960111
v 0.0186205447 0.0170217648 0.0297574797
v 0.0186205447 0.0169575379 0.0300138876
v 0.0186205447 0.0168684880 0.0302627655
v 0.0186205447 0.0167554726 0.0305017165
v 0.0186205447 0.0166195800 0.0307284395
v 0.0186205447 0.0164621191 0.0309407510
v 0.0186205447 0.0162846063 0.0311366063
v 0.0186205447 0.0160887510 0.0313141191
v 0.0186205447 0.0158764395 0.0314715800
v 0.0186205447 0.0156497165 0.0316074726
v 0.0186205447 0.0154107655 0.0317204880
v 0.0186205447 0.0151618876 0.0318095379
v 0.0186205447 0.0149054797 0.0318737648
v 0.0186205447 0.0146440111 0.0319125500
v 0.0186205447 0.0143800000 0.0319255200
v 0.0186205447 0.0141159889 0.0319125500
v 0.0186205447 0.0138545203 0.0318737648
v 0.0186205447 0.0135981124 0.0318095379
v 0.0186205447 0.0133492345 0.0317204880
v 0.0186205447 0.0131102835 0.0316074726
v 0.0186205447 0.0128835605 0.0314715800
v 0.0186205447 0.0126712490 0.0313141191
v 0.0186205447 0.0124753937 0.0311366063
v 0.0186205447 0.0122978809 0.0309407510
v 0.0186205447 0.0121404200 0.0307284395
v 0.0186205447 0.0120045274 0.0305017165
v 0.0186205447 0.0118915120 0.0302627655
v 0.0186205447 0.0118024621 0.0300138876
v 0.0186205447 0.0117382352 0.0297574797
v 0.0186205447 0.0116994500 0.0294960111
v 0.0186205447 0.0116864800 0.0292320000
v 0.0186205447 0.0116994500 0.0289679889
v 0.0186205447 0.0117382352 0.0287065203
v 0.0186205447 0.0118024621 0.0284501124
v 0.0186205447 0.0118915120 0.0282012345
v 0.0186205447 0.0120045274 0.0279622835
v 0.0186205447 0.0121404200 0.0277355605
v 0.0186205447 0.0122978809 0.0275232490
v 0.0186205447 0.0124753937 0.0273273937
v 0.0186205447 0.0126712490 0.0271498809
v 0.0186205447 0.0128835605 0.0269924200
v 0.0186205447 0.0131102835 0.0268565274
v 0.0186205447 0.0133492345 0.0267435120
v 0.0186205447 0.0135981124 0.0266544621
v 0.0186205447 0.0138545203 0.0265902352
v 0.0186205447 0.0141159889 0.0265514500
v 0.0186205447 0.0143800000 0.0265384800
v 0.0186205447 0.0146440111 0.0265514500
v 0.0186205447 0.0149054797 0.0265902352
v 0.0186205447 0.0151618876 0.0266544621
v 0.0186205447 0.0154107655 0.0267435120
v 0.0186205447 0.0156497165 0.0268565274
v 0.0186205447 0.0158764395 0.0269924200
v 0.0186205447 0.0160887510 0.0271498809
v 0.0186205447 0.0162846063 0.0273273937
v 0.0186205447 0.0164621191 0.0275232490
v 0.0186205447 0.0166195800 0.0277355605
v 0.0186205447 0.0167554726 0.0279622835
v 0.0186205447 0.0168684880 0.0282012345
v 0.0186205447 0.0169575379 0.0284501124
v 0.0186205447 0.0170217648 0.0287065203
v 0.0186205447 0.0170605500 0.0289679889
v 0.0188299110 0.0161756800 0.0292320000
v 0.0188299110 0.0161670333 0.0294080074
v 0.0188299110 0.0161411765 0.0295823198
v 0.0188299110 0.0160983586 0.0297532584
v 0.0188299110 0.0160389920 0.0299191770
v 0.0188299110 0.0159636484 0.0300784777
v 0.0188299110 0.0158730534 0.0302296264
v 0.0188299110 0.0157680794 0.0303711673
v 0.0188299110 0.0156497375 0.0305017375
v 0.0188299110 0.0155191673 0.0306200794
v 0.0188299110 0.0153776264 0.0307250534
v 0.0188299110 0.0152264777 0.0308156484
v 0.0188299110 0.0150671770 0.0308909920
v 0.0188299110 0.0149012584 0.0309503586
v 0.0188299110 0.0147303198 0.0309931765
v 0.0188299110 0.0145560074 0.0310190333
v 0.0188299110 0.0143800000 0.0310276800
v 0.0188299110 0.0142039926 0.0310190333
v 0.0188299110 0.0140296802 0.0309931765
v 0.0188299110 0.0138587416 0.0309503586
v 0.0188299110 0.0136928230 0.0308909920
v 0.0188299110 0.0135335223 0.0308156484
v 0.0188299110 0.0133823736 0.0307250534
v 0.0188299110 0.0132408327 0.0306200794
v 0.0188299110 0.0131102625 0.0305017375
v 0.0188299110 0.0129919206 0.0303711673
v 0.0188299110 0.0128869466 0.0302296264
v 0.0188299110 0.0127963516 0.0300784777
v 0.0188299110 0.0127210080 0.0299191770
v 0.0188299110 0.0126616414 0.0297532584
v 0.0188299110 0.0126188235 0.0295823198
v 0.0188299110 0.0125929667 0.0294080074
v 0.0188299110 0.0125843200 0.0292320000
v 0.0188299110 0.0125929667 0.0290559926
v 0.0188299110 0.0126188235 0.0288816802
v 0.0188299110 0.0126616414 0.0287107416
v 0.0188299110 0.0127210080 0.0285448230
v 0.0188299110 0.0127963516 0.0283855223
v 0.0188299110 0.0128869466 0.0282343736
v 0.0188299110 0.0129919206 0.0280928327
v 0.0188299110 0.0131102625 0.0279622625
v 0.0188299110 0.0132408327 0.0278439206
v 0.0188299110 0.0133823736 0.0277389466
v 0.0188299110 0.0135335223 0.0276483516
v 0.0188299110 0.0136928230 0.0275730080
v 0.0188299110 0.0138587416 0.0275136414
v 0.0188299110 0.0140296802 0.0274708235
v 0.0188299110 0.0142039926 0.0274449667
v 0.0188299110 0.0143800000 0.0274363200
v 0.0188299110 0.0145560074 0.0274449667
v 0.0188299110 0.0147303198 0.0274708235
v 0.0188299110 0.0149012584 0.0275136414
v 0.0188299110 0.0150671770 0.0275730080
v 0.0188299110 0.0152264777 0.0276483516
v 0.0188299110 0.0153776264 0.0277389466
v 0.0188299110 0.0155191673 0.0278439206
v 0.0188299110 0.0156497375 0.0279622625
v 0.0188299110 0.0157680794 0.0280928327
v 0.0188299110 0.0158730534 0.0282343736
v 0.0188299110 0.0159636484 0.0283855223
v 0.0188299110 0.0160389920 0.0285448230
v 0.0188299110 0.0160983586 0.0287107416
v 0.0188299110 0.0161411765 0.0288816802
v 0.0188299110 0.0161670333 0.0290559926
v 0.0189572602 0.0152778400 0.0292320000
v 0.0189572602 0.0152735167 0.0293200037
v 0.0189572602 0.0152605883 0.0294071599
v 0.0189572602 0.0152391793 0.0294926292
v 0.0189572602 0.0152094960 0.0295755885
v 0.0189572602 0.0151718242 0.0296552388
v 0.0189572602 0.0151265267 0.0297308132
v 0.0189572602 0.0150740397 0.0298015837
v 0.0189572602 0.0150148688 0.0298668688
v 0.0189572602 0.0149495837 0.0299260397
v 0.0189572602 0.0148788132 0.0299785267
v 0.0189572602 0.0148032388 0.0300238242
v 0.0189572602 0.0147235885 0.0300614960
v 0.0189572602 0.0146406292 0.0300911793
v 0.0189572602 0.0145551599 0.0301125883
v 0.0189572602 0.0144680037 0.0301255167
v 0.0189572602 0.0143800000 0.0301298400
v 0.0189572602 0.0142919963 0.0301255167
v 0.0189572602 0.0142048401 0.0301125883
v 0.0189572602 0.0141193708 0.0300911793
v 0.0189572602 0.0140364115 0.0300614960
v 0.0189572602 0.0139567612 0.0300238242
v 0.0189572602 0.0138811868 0.0299785267
v 0.0189572602 0.0138104163 0.0299260397
v 0.0189572602 0.0137451312 0.0298668688
v 0.0189572602 0.0136859603 0.0298015837
v 0.0189572602 0.0136334733 0.0297308132
v 0.0189572602 0.0135881758 0.0296552388
v 0.0189572602 0.0135505040 0.0295755885
v 0.0189572602 0.0135208207 0.0294926292
v 0.0189572602 0.0134994117 0.0294071599
v 0.0189572602 0.0134864833 0.0293200037
v 0.0189572602 0.0134821600 0.0292320000
v 0.0189572602 0.0134864833 0.0291439963
v 0.0189572602 0.0134994117 0.0290568401
v 0.0189572602 0.0135208207 0.0289713708
v 0.0189572602 0.0135505040 0.0288884115
v 0.0189572602 0.0135881758 0.0288087612
v 0.0189572602 0.0136334733 0.0287331868
v 0.0189572602 0.0136859603 0.0286624163
v 0.0189572602 0.0137451312 0.0285971312
v 0.0189572602 0.0138104163 0.0285379603
v 0.0189572602 0.0138811868 0.0284854733
v 0.0189572602 0.0139567612 0.0284401758
v 0.0189572602 0.0140364115 0.0284025040
v 0.0189572602 0.0141193708 0.0283728207
v 0.0189572602 0.0142048401 0.0283514117
v 0.0189572602 0.0142919963 0.0283384833
v 0.0189572602 0.0143800000 0.0283341600
v 0.0189572602 0.0144680037 0.0283384833
v 0.0189572602 0.0145551599 0.0283514117
v 0.0189572602 0.0146406292 0.0283728207
v 0.0189572602 0.0147235885 0.0284025040
v 0.0189572602 0.0148032388 0.0284401758
v 0.0189572602 0.0148788132 0.0284854733
v 0.0189572602 0.0149495837 0.0285379603
v 0.0189572602 0.0150148688 0.0285971312
v 0.0189572602 0.0150740397 0.0286624163
v 0.0189572602 0.0151265267 0.0287331868
v 0.0189572602 0.0151718242 0.0288087612
v 0.0189572602 0.0152094960 0.0288884115
v 0.0189572602 0.0152391793 0.0289713708
v 0.0189572602 0.0152605883 0.0290568401
v 0.0189572602 0.0152735167 0.0291439963
v 0.0190000000 0.0143800000 0.0292320000
v 0.0142842000 0.0143800000 0.0292320000
vn -0.69622772 0.71782099 -0.00000000
vn -0.69622772 0.71436448 0.07035876
vn -0.69622772 0.70402826 0.14003993
vn -0.69622772 0.68691185 0.20837243
vn -0.69622772 0.66318012 0.27469820
vn -0.69622772 0.63306159 0.33837847
vn -0.69622772 0.59684634 0.39879997
vn -0.69622772 0.55488313 0.45538081
vn -0.69622772 0.50757609 0.50757609
vn -0.69622772 0.45538081 0.55488313
vn -0.69622772 0.39879997 0.59684634
vn -0.69622772 0.33837847 0.63306159
vn -0.69622772 0.27469820 0.66318012
vn -0.69622772 0.20837243 0.68691185
vn -0.69622772 0.14003993 0.70402826
vn -0.69622772 0.07035876 0.71436448
vn -0.69622772 0.00000000 0.71782099
vn -0.69622772 -0.07035876 0.71436448
vn -0.69622772 -0.14003993 0.70402826
vn -0.69622772 -0.20837243 0.68691185
vn -0.69622772 -0.27469820 0.66318012
vn -0.69622772 -0.33837847 0.63306159
vn -0.69622772 -0.39879997 0.59684634
vn -0.69622772 -0.45538081 0.55488313
vn -0.69622772 -0.50757609 0.50757609
vn -0.69622772 -0.55488313 0.45538081
vn -0.69622772 -0.59684634 0.39879997
vn -0.69622772 -0.63306159 0.33837847
vn -0.69622772 -0.66318012 0.27469820
vn -0.69622772 -0.68691185 0.20837243
vn -0.69622772 -0.70402826 0.14003993
vn -0.69622772 -0.71436448 0.07035876
vn -0.69622772 -0.71782099 0.00000000
vn -0.69622772 -0.71436448 -0.07035876
vn -0.69622772 -0.70402826 -0.14003993
vn -0.69622772 -0.68691185 -0.20837243
vn -0.69622772 -0.66318012 -0.27469820
vn -0.69622772 -0.63306159 -0.33837847
vn -0.69622772 -0.59684634 -0.39879997
vn -0.69622772 -0.55488313 -0.45538081
vn -0.69622772 -0.50757609 -0.50757609
vn -0.69622772 -0.45538081 -0.55488313
vn -0.69622772 -0.39879997 -0.59684634
vn -0.69622772 -0.33837847 -0.63306159
vn -0.69622772 -0.27469820 -0.66318012
vn -0.69622772 -0.20837243 -0.68691185
vn -0.69622772 -0.14003993 -0.70402826
vn -0.69622772 -0.07035876 -0.71436448
vn -0.69622772 -0.00000000 -0.71782099
vn -0.69622772 0.07035876 -0.71436448
vn -0.69622772 0.14003993 -0.70402826
vn -0.69622772 0.20837243 -0.68691185
vn -0.69622772 0.27469820 -0.66318012
vn -0.69622772 0.33837847 -0.63306159
vn -0.69622772 0.39879997 -0.59684634
vn -0.69622772 0.45538081 -0.55488313
vn -0.69622772 0.50757609 -0.50757609
vn -0.69622772 0.55488313 -0.45538081
vn -0.69622772 0.59684634 -0.39879997
vn -0.69622772 0.63306159 -0.33837847
vn -0.69622772 0.66318012 -0.27469820
vn -0.69622772 0.68691185 -0.20837243
vn -0.69622772 0.70402826 -0.14003993
vn -0.69622772 0.71436448 -0.07035876
vn 0.46615527 0.88470292 0.00000000
vn 0.46615527 0.88044284 0.08671605
vn 0.46615527 0.86770360 0.17259698
vn 0.46615527 0.84660791 0.25681570
vn 0.46615527 0.81735892 0.33856115
vn 0.46615527 0.78023832 0.41704607
vn 0.46615527 0.73560360 0.49151461
vn 0.46615527 0.68388461 0.56124959
vn 0.46615527 0.62557944 0.62557944
vn 0.46615527 0.56124959 0.68388461
vn 0.46615527 0.49151461 0.73560360
vn 0.46615527 0.41704607 0.78023832
vn 0.46615527 0.33856115 0.81735892
vn 0.46615527 0.25681570 0.84660791
vn 0.46615527 0.17259698 0.86770360
vn 0.46615527 0.08671605 0.88044284
vn 0.46615527 0.00000000 0.88470292
vn 0.46615527 -0.08671605 0.88044284
vn 0.46615527 -0.17259698 0.86770360
vn 0.46615527 -0.25681570 0.84660791
vn 0.46615527 -0.33856115 0.81735892
vn 0.46615527 -0.41704607 0.78023832
vn 0.46615527 -0.49151461 0.73560360
vn 0.46615527 -0.56124959 0.68388461
vn 0.46615527 -0.62557944 0.62557944
vn 0.46615527 -0.68388461 0.56124959
vn 0.46615527 -0.73560360 0.49151461
vn 0.46615527 -0.78023832 0.41704607
vn 0.46615527 -0.81735892 0.33856115
vn 0.46615527 -0.84660791 0.25681570
vn 0.46615527 -0.86770360 0.17259698
vn 0.46615527 -0.88044284 0.08671605
vn 0.46615527 -0.88470292 0.00000000
vn 0.46615527 -0.88044284 -0.08671605
vn 0.46615527 -0.86770360 -0.17259698
vn 0.46615527 -0.84660791 -0.25681570
vn 0.46615527 -0.81735892 -0.33856115
vn 0.46615527 -0.78023832 -0.41704607
vn 0.46615527 -0.73560360 -0.49151461
vn 0.46615527 -0.68388461 -0.56124959
vn 0.46615527 -0.62557944 -0.62557944
vn 0.46615527 -0.56124959 -0.68388461
vn 0.46615527 -0.49151461 -0.73560360
vn 0.46615527 -0.41704607 -0.78023832
vn 0.46615527 -0.33856115 -0.81735892
vn 0.46615527 -0.25681570 -0.84660791
vn 0.46615527 -0.17259698 -0.86770360
vn 0.46615527 -0.08671605 -0.88044284
vn 0.46615527 -0.00000000 -0.88470292
vn 0.46615527 0.08671605 -0.88044284
vn 0.46615527 0.17259698 -0.86770360
vn 0.46615527 0.25681570 -0.84660791
vn 0.46615527 0.33856115 -0.81735892
vn 0.46615527 0.41704607 -0.78023832
vn 0.46615527 0.49151461 -0.73560360
vn 0.46615527 0.56124959 -0.68388461
vn 0.46615527 0.62557944 -0.62557944
vn 0.46615527 0.68388461 -0.56124959
vn 0.46615527 0.73560360 -0.49151461
vn 0.46615527 0.78023832 -0.41704607
vn 0.46615527 0.81735892 -0.33856115
vn 0.46615527 0.84660791 -0.25681570
vn 0.46615527 0.86770360 -0.17259698
vn 0.46615527 0.88044284 -0.08671605
vn 0.83500987 0.55023497 -0.00000000
vn 0.83500987 0.54758544 0.05393246
vn 0.83500987 0.53966236 0.10734552
vn 0.83500987 0.52654203 0.15972478
vn 0.83500987 0.50835082 0.21056581
vn 0.83500987 0.48526392 0.25937897
vn 0.83500987 0.45750365 0.30569417
vn 0.83500987 0.42533738 0.34906537
vn 0.83500987 0.38907488 0.38907488
vn 0.83500987 0.34906537 0.42533738
vn 0.83500987 0.30569417 0.45750365
vn 0.83500987 0.25937897 0.48526392
vn 0.83500987 0.21056581 0.50835082
vn 0.83500987 0.15972478 0.52654203
vn 0.83500987 0.10734552 0.53966236
vn 0.83500987 0.05393246 0.54758544
vn 0.83500987 -0.00000000 0.55023497
vn 0.83500987 -0.05393246 0.54758544
vn 0.83500987 -0.10734552 0.53966236
vn 0.83500987 -0.15972478 0.52654203
vn 0.83500987 -0.21056581 0.50835082
vn 0.83500987 -0.25937897 0.48526392
vn 0.83500987 -0.30569417 0.45750365
vn 0.83500987 -0.34906537 0.42533738
vn 0.83500987 -0.38907488 0.38907488
vn 0.83500987 -0.42533738 0.34906537
vn 0.83500987 -0.45750365 0.30569417
vn 0.83500987 -0.48526392 0.25937897
vn 0.83500987 -0.50835082 0.21056581
vn 0.83500987 -0.52654203 0.15972478
vn 0.83500987 -0.53966236 0.10734552
vn 0.83500987 -0.54758544 0.05393246
vn 0.83500987 -0.55023497 0.00000000
vn 0.83500987 -0.54758544 -0.05393246
vn 0.83500987 -0.53966236 -0.10734552
vn 0.83500987 -0.52654203 -0.15972478
vn 0.83500987 -0.50835082 -0.21056581
vn 0.83500987 -0.48526392 -0.25937897
vn 0.83500987 -0.45750365 -0.30569417
vn 0.83500987 -0.42533738 -0.34906537
vn 0.83500987 -0.38907488 -0.38907488
vn 0.83500987 -0.34906537 -0.42533738
vn 0.83500987 -0.30569417 -0.45750365
vn 0.83500987 -0.25937897 -0.48526392
vn 0.83500987 -0.21056581 -0.50835082
vn 0.83500987 -0.15972478 -0.52654203
vn 0.83500987 -0.10734552 -0.53966236
vn 0.83500987 -0.05393246 -0.54758544
vn 0.83500987 -0.00000000 -0.55023497
vn 0.83500987 0.05393246 -0.54758544
vn 0.83500987 0.10734552 -0.53966236
vn 0.83500987 0.15972478 -0.52654203
vn 0.83500987 0.21056581 -0.50835082
vn 0.83500987 0.25937897 -0.48526392
vn 0.83500987 0.30569417 -0.45750365
vn 0.83500987 0.34906537 -0.42533738
vn 0.83500987 0.38907488 -0.38907488
vn 0.83500987 0.42533738 -0.34906537
vn 0.83500987 0.45750365 -0.30569417
vn 0.83500987 0.48526392 -0.25937897
vn 0.83500987 0.50835082 -0.21056581
vn 0.83500987 0.52654203 -0.15972478
vn 0.83500987 0.53966236 -0.10734552
vn 0.83500987 0.54758544 -0.05393246
vn 0.84269727 0.53838770 -0.00000000
vn 0.84269727 0.53579521 0.05277122
vn 0.84269727 0.52804273 0.10503423
vn 0.84269727 0.51520490 0.15628570
vn 0.84269727 0.49740537 0.20603205
vn 0.84269727 0.47481556 0.25379420
vn 0.84269727 0.44765301 0.29911218
vn 0.84269727 0.41617932 0.34154954
vn 0.84269727 0.38069759 0.38069759
vn 0.84269727 0.34154954 0.41617932
vn 0.84269727 0.29911218 0.44765301
vn 0.84269727 0.25379420 0.47481556
vn 0.84269727 0.20603205 0.49740537
vn 0.84269727 0.15628570 0.51520490
vn 0.84269727 0.10503423 0.52804273
vn 0.84269727 0.05277122 0.53579521
vn 0.84269727 -0.00000000 0.53838770
vn 0.84269727 -0.05277122 0.53579521
vn 0.84269727 -0.10503423 0.52804273
vn 0.84269727 -0.15628570 0.51520490
vn 0.84269727 -0.20603205 0.49740537
vn 0.84269727 -0.25379420 0.47481556
vn 0.84269727 -0.29911218 0.44765301
vn 0.84269727 -0.34154954 0.41617932
vn 0.84269727 -0.38069759 0.38069759
vn 0.84269727 -0.41617932 0.34154954
vn 0.84269727 -0.44765301 0.29911218
vn 0.84269727 -0.47481556 0.25379420
vn 0.84269727 -0.49740537 0.20603205
vn 0.84269727 -0.51520490 0.15628570
vn 0.84269727 -0.52804273 0.10503423
vn 0.84269727 -0.53579521 0.05277122
vn 0.84269727 -0.53838770 0.00000000
vn 0.84269727 -0.53579521 -0.05277122
vn 0.84269727 -0.52804273 -0.10503423
vn 0.84269727 -0.51520490 -0.15628570
vn 0.84269727 -0.49740537 -0.20603205
vn 0.84269727 -0.47481556 -0.25379420
vn 0.84269727 -0.44765301 -0.29911218
vn 0.84269727 -0.41617932 -0.34154954
vn 0.84269727 -0.38069759 -0.38069759
vn 0.84269727 -0.34154954 -0.41617932
vn 0.84269727 -0.29911218 -0.44765301
vn 0.84269727 -0.25379420 -0.47481556
vn 0.84269727 -0.20603205 -0.49740537
vn 0.84269727 -0.15628570 -0.51520490
vn 0.84269727 -0.10503423 -0.52804273
vn 0.84269727 -0.05277122 -0.53579521
vn 0.84269727 0.00000000 -0.53838770
vn 0.84269727 0.05277122 -0.53579521
vn 0.84269727 0.10503423 -0.52804273
vn 0.84269727 0.15628570 -0.51520490
vn 0.84269727 0.20603205 -0.49740537
vn 0.84269727 0.25379420 -0.47481556
vn 0.84269727 0.29911218 -0.44765301
vn 0.84269727 0.34154954 -0.41617932
vn 0.84269727 0.38069759 -0.38069759
vn 0.84269727 0.41617932 -0.34154954
vn 0.84269727 0.44765301 -0.29911218
vn 0.84269727 0.47481556 -0.25379420
vn 0.84269727 0.49740537 -0.20603205
vn 0.84269727 0.51520490 -0.15628570
vn 0.84269727 0.52804273 -0.10503423
vn 0.84269727 0.53579521 -0.05277122
vn 0.85530279 0.51812850 -0.00000000
vn 0.85530279 0.51563357 0.05078547
vn 0.85530279 0.50817281 0.10108186
vn 0.85530279 0.49581806 0.15040476
vn 0.85530279 0.47868832 0.19827919
vn 0.85530279 0.45694854 0.24424408
vn 0.85530279 0.43080810 0.28785677
vn 0.85530279 0.40051875 0.32869724
vn 0.85530279 0.36637218 0.36637218
vn 0.85530279 0.32869724 0.40051875
vn 0.85530279 0.28785677 0.43080810
vn 0.85530279 0.24424408 0.45694854
vn 0.85530279 0.19827919 0.47868832
vn 0.85530279 0.15040476 0.49581806
vn 0.85530279 0.10108186 0.50817281
vn 0.85530279 0.05078547 0.51563357
vn 0.85530279 0.00000000 0.51812850
vn 0.85530279 -0.05078547 0.51563357
vn 0.85530279 -0.10108186 0.50817281
vn 0.85530279 -0.15040476 0.49581806
vn 0.85530279 -0.19827919 0.47868832
vn 0.85530279 -0.24424408 0.45694854
vn 0.85530279 -0.28785677 0.43080810
vn 0.85530279 -0.32869724 0.40051875
vn 0.85530279 -0.36637218 0.36637218
vn 0.85530279 -0.40051875 0.32869724
vn 0.85530279 -0.43080810 0.28785677
vn 0.85530279 -0.45694854 0.24424408
vn 0.85530279 -0.47868832 0.19827919
vn 0.85530279 -0.49581806 0.15040476
vn 0.85530279 -0.50817281 0.10108186
vn 0.85530279 -0.51563357 0.05078547
vn 0.85530279 -0.51812850 0.00000000
vn 0.85530279 -0.51563357 -0.05078547
vn 0.85530279 -0.50817281 -0.10108186
vn 0.85530279 -0.49581806 -0.15040476
vn 0.85530279 -0.47868832 -0.19827919
vn 0.85530279 -0.45694854 -0.24424408
vn 0.85530279 -0.43080810 -0.28785677
vn 0.85530279 -0.40051875 -0.32869724
vn 0.85530279 -0.36637218 -0.36637218
vn 0.85530279 -0.32869724 -0.40051875
vn 0.85530279 -0.28785677 -0.43080810
vn 0.85530279 -0.24424408 -0.45694854
vn 0.85530279 -0.19827919 -0.47868832
vn 0.85530279 -0.15040476 -0.49581806
vn 0.85530279 -0.10108186 -0.50817281
vn 0.85530279 -0.05078547 -0.51563357
vn 0.85530279 -0.00000000 -0.51812850
vn 0.85530279 0.05078547 -0.51563357
vn 0.85530279 0.10108186 -0.50817281
vn 0.85530279 0.15040476 -0.49581806
vn 0.85530279 0.19827919 -0.47868832
vn 0.85530279 0.24424408 -0.45694854
vn 0.85530279 0.28785677 -0.43080810
vn 0.85530279 0.32869724 -0.40051875
vn 0.85530279 0.36637218 -0.36637218
vn 0.85530279 0.40051875 -0.32869724
vn 0.85530279 0.43080810 -0.28785677
vn 0.85530279 0.45694854 -0.24424408
vn 0.85530279 0.47868832 -0.19827919
vn 0.85530279 0.49581806 -0.15040476
vn 0.85530279 0.50817281 -0.10108186
vn 0.85530279 0.51563357 -0.05078547
vn 0.87238078 0.48882694 -0.00000000
vn 0.87238078 0.48647310 0.04791342
vn 0.87238078 0.47943426 0.09536540
vn 0.87238078 0.46777821 0.14189897
vn 0.87238078 0.45161720 0.18706597
vn 0.87238078 0.43110687 0.23043142
vn 0.87238078 0.40644474 0.27157769
vn 0.87238078 0.37786833 0.31010853
vn 0.87238078 0.34565284 0.34565284
vn 0.87238078 0.31010853 0.37786833
vn 0.87238078 0.27157769 0.40644474
vn 0.87238078 0.23043142 0.43110687
vn 0.87238078 0.18706597 0.45161720
vn 0.87238078 0.14189897 0.46777821
vn 0.87238078 0.09536540 0.47943426
vn 0.87238078 0.04791342 0.48647310
vn 0.87238078 0.00000000 0.48882694
vn 0.87238078 -0.04791342 0.48647310
vn 0.87238078 -0.09536540 0.47943426
vn 0.87238078 -0.14189897 0.46777821
vn 0.87238078 -0.18706597 0.45161720
vn 0.87238078 -0.23043142 0.43110687
vn 0.87238078 -0.27157769 0.40644474
vn 0.87238078 -0.31010853 0.37786833
vn 0.87238078 -0.34565284 0.34565284
vn 0.87238078 -0.37786833 0.31010853
vn 0.87238078 -0.40644474 0.27157769
vn 0.87238078 -0.43110687 0.23043142
vn 0.87238078 -0.45161720 0.18706597
vn 0.87238078 -0.46777821 0.14189897
vn 0.87238078 -0.47943426 0.09536540
vn 0.87238078 -0.48647310 0.04791342
vn 0.87238078 -0.48882694 0.00000000
vn 0.87238078 -0.48647310 -0.04791342
vn 0.87238078 -0.47943426 -0.09536540
vn 0.87238078 -0.46777821 -0.14189897
vn 0.87238078 -0.45161720 -0.18706597
vn 0.87238078 -0.43110687 -0.23043142
vn 0.87238078 -0.40644474 -0.27157769
vn 0.87238078 -0.37786833 -0.31010853
vn 0.87238078 -0.34565284 -0.34565284
vn 0.87238078 -0.31010853 -0.37786833
vn 0.87238078 -0.27157769 -0.40644474
vn 0.87238078 -0.23043142 -0.43110687
vn 0.87238078 -0.18706597 -0.45161720
vn 0.87238078 -0.14189897 -0.46777821
vn 0.87238078 -0.09536540 -0.47943426
vn 0.87238078 -0.04791342 -0.48647310
vn 0.87238078 -0.00000000 -0.48882694
vn 0.87238078 0.04791342 -0.48647310
vn 0.87238078 0.09536540 -0.47943426
vn 0.87238078 0.14189897 -0.46777821
vn 0.87238078 0.18706597 -0.45161720
vn 0.87238078 0.23043142 -0.43110687
vn 0.87238078 0.27157769 -0.40644474
vn 0.87238078 0.31010853 -0.37786833
vn 0.87238078 0.34565284 -0.34565284
vn 0.87238078 0.37786833 -0.31010853
vn 0.87238078 0.40644474 -0.27157769
vn 0.87238078 0.43110687 -0.23043142
vn 0.87238078 0.45161720 -0.18706597
vn 0.87238078 0.46777821 -0.14189897
vn 0.87238078 0.47943426 -0.09536540
vn 0.87238078 0.48647310 -0.04791342
vn 0.89317753 0.44970423 0.00000000
vn 0.89317753 0.44753878 0.04407872
vn 0.89317753 0.44106329 0.08773294
vn 0.89317753 0.43034012 0.13054225
vn 0.89317753 0.41547254 0.17209436
vn 0.89317753 0.39660372 0.21198911
vn 0.89317753 0.37391540 0.24984229
vn 0.89317753 0.34762607 0.28528934
vn 0.89317753 0.31798891 0.31798891
vn 0.89317753 0.28528934 0.34762607
vn 0.89317753 0.24984229 0.37391540
vn 0.89317753 0.21198911 0.39660372
vn 0.89317753 0.17209436 0.41547254
vn 0.89317753 0.13054225 0.43034012
vn 0.89317753 0.08773294 0.44106329
vn 0.89317753 0.04407872 0.44753878
vn 0.89317753 0.00000000 0.44970423
vn 0.89317753 -0.04407872 0.44753878
vn 0.89317753 -0.08773294 0.44106329
vn 0.89317753 -0.13054225 0.43034012
vn 0.89317753 -0.17209436 0.41547254
vn 0.89317753 -0.21198911 0.39660372
vn 0.89317753 -0.24984229 0.37391540
vn 0.89317753 -0.28528934 0.34762607
vn 0.89317753 -0.31798891 0.31798891
vn 0.89317753 -0.34762607 0.28528934
vn 0.89317753 -0.37391540 0.24984229
vn 0.89317753 -0.39660372 0.21198911
vn 0.89317753 -0.41547254 0.17209436
vn 0.89317753 -0.43034012 0.13054225
vn 0.89317753 -0.44106329 0.08773294
vn 0.89317753 -0.44753878 0.04407872
vn 0.89317753 -0.44970423 0.00000000
vn 0.89317753 -0.44753878 -0.04407872
vn 0.89317753 -0.44106329 -0.08773294
vn 0.89317753 -0.43034012 -0.13054225
vn 0.89317753 -0.41547254 -0.17209436
vn 0.89317753 -0.39660372 -0.21198911
vn 0.89317753 -0.37391540 -0.24984229
vn 0.89317753 -0.34762607 -0.28528934
vn 0.89317753 -0.31798891 -0.31798891
vn 0.89317753 -0.28528934 -0.34762607
vn 0.89317753 -0.24984229 -0.37391540
vn 0.89317753 -0.21198911 -0.39660372
vn 0.89317753 -0.17209436 -0.41547254
vn 0.89317753 -0.13054225 -0.43034012
vn 0.89317753 -0.08773294 -0.44106329
vn 0.89317753 -0.04407872 -0.44753878
vn 0.89317753 -0.00000000 -0.44970423
vn 0.89317753 0.04407872 -0.44753878
vn 0.89317753 0.08773294 -0.44106329
vn 0.89317753 0.13054225 -0.43034012
vn 0.89317753 0.17209436 -0.41547254
vn 0.89317753 0.21198911 -0.39660372
vn 0.89317753 0.24984229 -0.37391540
vn 0.89317753 0.28528934 -0.34762607
vn 0.89317753 0.31798891 -0.31798891
vn 0.89317753 0.34762607 -0.28528934
vn 0.89317753 0.37391540 -0.24984229
vn 0.89317753 0.39660372 -0.21198911
vn 0.89317753 0.41547254 -0.17209436
vn 0.89317753 0.43034012 -0.13054225
vn 0.89317753 0.44106329 -0.08773294
vn 0.89317753 0.44753878 -0.04407872
vn 0.91652202 0.39998423 0.00000000
vn 0.91652202 0.39805820 0.03920531
vn 0.91652202 0.39229865 0.07803305
vn 0.91652202 0.38276105 0.11610929
vn 0.91652202 0.36953725 0.15306734
vn 0.91652202 0.35275460 0.18855126
vn 0.91652202 0.33257474 0.22221933
vn 0.91652202 0.30919199 0.25374731
vn 0.91652202 0.28283156 0.28283156
vn 0.91652202 0.25374731 0.30919199
vn 0.91652202 0.22221933 0.33257474
vn 0.91652202 0.18855126 0.35275460
vn 0.91652202 0.15306734 0.36953725
vn 0.91652202 0.11610929 0.38276105
vn 0.91652202 0.07803305 0.39229865
vn 0.91652202 0.03920531 0.39805820
vn 0.91652202 -0.00000000 0.39998423
vn 0.91652202 -0.03920531 0.39805820
vn 0.91652202 -0.07803305 0.39229865
vn 0.91652202 -0.11610929 0.38276105
vn 0.91652202 -0.15306734 0.36953725
vn 0.91652202 -0.18855126 0.35275460
vn 0.91652202 -0.22221933 0.33257474
vn 0.91652202 -0.25374731 0.30919199
vn 0.91652202 -0.28283156 0.28283156
vn 0.91652202 -0.30919199 0.25374731
vn 0.91652202 -0.33257474 0.22221933
vn 0.91652202 -0.35275460 0.18855126
vn 0.91652202 -0.36953725 0.15306734
vn 0.91652202 -0.38276105 0.11610929
vn 0.91652202 -0.39229865 0.07803305
vn 0.91652202 -0.39805820 0.03920531
vn 0.91652202 -0.39998423 -0.00000000
vn 0.91652202 -0.39805820 -0.03920531
vn 0.91652202 -0.39229865 -0.07803305
vn 0.91652202 -0.38276105 -0.11610929
vn 0.91652202 -0.36953725 -0.15306734
vn 0.91652202 -0.35275460 -0.18855126
vn 0.91652202 -0.33257474 -0.22221933
vn 0.91652202 -0.30919199 -0.25374731
vn 0.91652202 -0.28283156 -0.28283156
vn 0.91652202 -0.25374731 -0.30919199
vn 0.91652202 -0.22221933 -0.33257474
vn 0.91652202 -0.18855126 -0.35275460
vn 0.91652202 -0.15306734 -0.36953725
vn 0.91652202 -0.11610929 -0.38276105
vn 0.91652202 -0.07803305 -0.39229865
vn 0.91652202 -0.03920531 -0.39805820
vn 0.91652202 -0.00000000 -0.39998423
vn 0.91652202 0.03920531 -0.39805820
vn 0.91652202 0.07803305 -0.39229865
vn 0.91652202 0.11610929 -0.38276105
vn 0.91652202 0.15306734 -0.36953725
vn 0.91652202 0.18855126 -0.35275460
vn 0.91652202 0.22221933 -0.33257474
vn 0.91652202 0.25374731 -0.30919199
vn 0.91652202 0.28283156 -0.28283156
vn 0.91652202 0.30919199 -0.25374731
vn 0.91652202 0.33257474 -0.22221933
vn 0.91652202 0.35275460 -0.18855126
vn 0.91652202 0.36953725 -0.15306734
vn 0.91652202 0.38276105 -0.11610929
vn 0.91652202 0.39229865 -0.07803305
vn 0.91652202 0.39805820 -0.03920531
vn 0.94073641 0.33913863 -0.00000000
vn 0.94073641 0.33750559 0.03324140
vn 0.94073641 0.33262218 0.06616266
vn 0.94073641 0.32453544 0.09844675
vn 0.94073641 0.31332324 0.12978274
vn 0.94073641 0.29909357 0.15986884
vn 0.94073641 0.28198347 0.18841533
vn 0.94073641 0.26215771 0.21514727
vn 0.94073641 0.23980723 0.23980723
vn 0.94073641 0.21514727 0.26215771
vn 0.94073641 0.18841533 0.28198347
vn 0.94073641 0.15986884 0.29909357
vn 0.94073641 0.12978274 0.31332324
vn 0.94073641 0.09844675 0.32453544
vn 0.94073641 0.06616266 0.33262218
vn 0.94073641 0.03324140 0.33750559
vn 0.94073641 -0.00000000 0.33913863
vn 0.94073641 -0.03324140 0.33750559
vn 0.94073641 -0.06616266 0.33262218
vn 0.94073641 -0.09844675 0.32453544
vn 0.94073641 -0.12978274 0.31332324
vn 0.94073641 -0.15986884 0.29909357
vn 0.94073641 -0.18841533 0.28198347
vn 0.94073641 -0.21514727 0.26215771
vn 0.94073641 -0.23980723 0.23980723
vn 0.94073641 -0.26215771 0.21514727
vn 0.94073641 -0.28198347 0.18841533
vn 0.94073641 -0.29909357 0.15986884
vn 0.94073641 -0.31332324 0.12978274
vn 0.94073641 -0.32453544 0.09844675
vn 0.94073641 -0.33262218 0.06616266
vn 0.94073641 -0.33750559 0.03324140
vn 0.94073641 -0.33913863 0.00000000
vn 0.94073641 -0.33750559 -0.03324140
vn 0.94073641 -0.33262218 -0.06616266
vn 0.94073641 -0.32453544 -0.09844675
vn 0.94073641 -0.31332324 -0.12978274
vn 0.94073641 -0.29909357 -0.15986884
vn 0.94073641 -0.28198347 -0.18841533
vn 0.94073641 -0.26215771 -0.21514727
vn 0.94073641 -0.23980723 -0.23980723
vn 0.94073641 -0.21514727 -0.26215771
vn 0.94073641 -0.18841533 -0.28198347
vn 0.94073641 -0.15986884 -0.29909357
vn 0.94073641 -0.12978274 -0.31332324
vn 0.94073641 -0.09844675 -0.32453544
vn 0.94073641 -0.06616266 -0.33262218
vn 0.94073641 -0.03324140 -0.33750559
vn 0.94073641 -0.00000000 -0.33913863
vn 0.94073641 0.03324140 -0.33750559
vn 0.94073641 0.06616266 -0.33262218
vn 0.94073641 0.09844675 -0.32453544
vn 0.94073641 0.12978274 -0.31332324
vn 0.94073641 0.15986884 -0.29909357
vn 0.94073641 0.18841533 -0.28198347
vn 0.94073641 0.21514727 -0.26215771
vn 0.94073641 0.23980723 -0.23980723
vn 0.94073641 0.26215771 -0.21514727
vn 0.94073641 0.28198347 -0.18841533
vn 0.94073641 0.29909357 -0.15986884
vn 0.94073641 0.31332324 -0.12978274
vn 0.94073641 0.32453544 -0.09844675
vn 0.94073641 0.33262218 -0.06616266
vn 0.94073641 0.33750559 -0.03324140
vn 0.96363356 0.26722717 -0.00000000
vn 0.96363356 0.26594040 0.02619284
vn 0.96363356 0.26209248 0.05213344
vn 0.96363356 0.25572046 0.07757195
vn 0.96363356 0.24688572 0.10226341
vn 0.96363356 0.23567333 0.12597002
vn 0.96363356 0.22219128 0.14846346
vn 0.96363356 0.20656940 0.16952712
vn 0.96363356 0.18895815 0.18895815
vn 0.96363356 0.16952712 0.20656940
vn 0.96363356 0.14846346 0.22219128
vn 0.96363356 0.12597002 0.23567333
vn 0.96363356 0.10226341 0.24688572
vn 0.96363356 0.07757195 0.25572046
vn 0.96363356 0.05213344 0.26209248
vn 0.96363356 0.02619284 0.26594040
vn 0.96363356 -0.00000000 0.26722717
vn 0.96363356 -0.02619284 0.26594040
vn 0.96363356 -0.05213344 0.26209248
vn 0.96363356 -0.07757195 0.25572046
vn 0.96363356 -0.10226341 0.24688572
vn 0.96363356 -0.12597002 0.23567333
vn 0.96363356 -0.14846346 0.22219128
vn 0.96363356 -0.16952712 0.20656940
vn 0.96363356 -0.18895815 0.18895815
vn 0.96363356 -0.20656940 0.16952712
vn 0.96363356 -0.22219128 0.14846346
vn 0.96363356 -0.23567333 0.12597002
vn 0.96363356 -0.24688572 0.10226341
vn 0.96363356 -0.25572046 0.07757195
vn 0.96363356 -0.26209248 0.05213344
vn 0.96363356 -0.26594040 0.02619284
vn 0.96363356 -0.26722717 0.00000000
vn 0.96363356 -0.26594040 -0.02619284
vn 0.96363356 -0.26209248 -0.05213344
vn 0.96363356 -0.25572046 -0.07757195
vn 0.96363356 -0.24688572 -0.10226341
vn 0.96363356 -0.23567333 -0.12597002
vn 0.96363356 -0.22219128 -0.14846346
vn 0.96363356 -0.20656940 -0.16952712
vn 0.96363356 -0.18895815 -0.18895815
vn 0.96363356 -0.16952712 -0.20656940
vn 0.96363356 -0.14846346 -0.22219128
vn 0.96363356 -0.12597002 -0.23567333
vn 0.96363356 -0.10226341 -0.24688572
vn 0.96363356 -0.07757195 -0.25572046
vn 0.96363356 -0.05213344 -0.26209248
vn 0.96363356 -0.02619284 -0.26594040
vn 0.96363356 0.00000000 -0.26722717
vn 0.96363356 0.02619284 -0.26594040
vn 0.96363356 0.05213344 -0.26209248
vn 0.96363356 0.07757195 -0.25572046
vn 0.96363356 0.10226341 -0.24688572
vn 0.96363356 0.12597002 -0.23567333
vn 0.96363356 0.14846346 -0.22219128
vn 0.96363356 0.16952712 -0.20656940
vn 0.96363356 0.18895815 -0.18895815
vn 0.96363356 0.20656940 -0.16952712
vn 0.96363356 0.22219128 -0.14846346
vn 0.96363356 0.23567333 -0.12597002
vn 0.96363356 0.24688572 -0.10226341
vn 0.96363356 0.25572046 -0.07757195
vn 0.96363356 0.26209248 -0.05213344
vn 0.96363356 0.26594040 -0.02619284
vn 0.98268687 0.18527417 0.00000000
vn 0.98268687 0.18438202 0.01816004
vn 0.98268687 0.18171418 0.03614520
vn 0.98268687 0.17729633 0.05378225
vn 0.98268687 0.17117101 0.07090136
vn 0.98268687 0.16339723 0.08733764
vn 0.98268687 0.15404984 0.10293281
vn 0.98268687 0.14321887 0.11753669
vn 0.98268687 0.13100862 0.13100862
vn 0.98268687 0.11753669 0.14321887
vn 0.98268687 0.10293281 0.15404984
vn 0.98268687 0.08733764 0.16339723
vn 0.98268687 0.07090136 0.17117101
vn 0.98268687 0.05378225 0.17729633
vn 0.98268687 0.03614520 0.18171418
vn 0.98268687 0.01816004 0.18438202
vn 0.98268687 0.00000000 0.18527417
vn 0.98268687 -0.01816004 0.18438202
vn 0.98268687 -0.03614520 0.18171418
vn 0.98268687 -0.05378225 0.17729633
vn 0.98268687 -0.07090136 0.17117101
vn 0.98268687 -0.08733764 0.16339723
vn 0.98268687 -0.10293281 0.15404984
vn 0.98268687 -0.11753669 0.14321887
vn 0.98268687 -0.13100862 0.13100862
vn 0.98268687 -0.14321887 0.11753669
vn 0.98268687 -0.15404984 0.10293281
vn 0.98268687 -0.16339723 0.08733764
vn 0.98268687 -0.17117101 0.07090136
vn 0.98268687 -0.17729633 0.05378225
vn 0.98268687 -0.18171418 0.03614520
vn 0.98268687 -0.18438202 0.01816004
vn 0.98268687 -0.18527417 -0.00000000
vn 0.98268687 -0.18438202 -0.01816004
vn 0.98268687 -0.18171418 -0.03614520
vn 0.98268687 -0.17729633 -0.05378225
vn 0.98268687 -0.17117101 -0.07090136
vn 0.98268687 -0.16339723 -0.08733764
vn 0.98268687 -0.15404984 -0.10293281
vn 0.98268687 -0.14321887 -0.11753669
vn 0.98268687 -0.13100862 -0.13100862
vn 0.98268687 -0.11753669 -0.14321887
vn 0.98268687 -0.10293281 -0.15404984
vn 0.98268687 -0.08733764 -0.16339723
vn 0.98268687 -0.07090136 -0.17117101
vn 0.98268687 -0.05378225 -0.17729633
vn 0.98268687 -0.03614520 -0.18171418
vn 0.98268687 -0.01816004 -0.18438202
vn 0.98268687 0.00000000 -0.18527417
vn 0.98268687 0.01816004 -0.18438202
vn 0.98268687 0.03614520 -0.18171418
vn 0.98268687 0.05378225 -0.17729633
vn 0.98268687 0.07090136 -0.17117101
vn 0.98268687 0.08733764 -0.16339723
vn 0.98268687 0.10293281 -0.15404984
vn 0.98268687 0.11753669 -0.14321887
vn 0.98268687 0.13100862 -0.13100862
vn 0.98268687 0.14321887 -0.11753669
vn 0.98268687 0.15404984 -0.10293281
vn 0.98268687 0.16339723 -0.08733764
vn 0.98268687 0.17117101 -0.07090136
vn 0.98268687 0.17729633 -0.05378225
vn 0.98268687 0.18171418 -0.03614520
vn 0.98268687 0.18438202 -0.01816004
vn 0.99542574 0.09553842 -0.00000000
vn 0.99542574 0.09507837 0.00936440
vn 0.99542574 0.09370267 0.01863862
vn 0.99542574 0.09142456 0.02773334
vn 0.99542574 0.08826599 0.03656097
vn 0.99542574 0.08425736 0.04503650
vn 0.99542574 0.07943729 0.05307830
vn 0.99542574 0.07385219 0.06060893
vn 0.99542574 0.06755586 0.06755586
vn 0.99542574 0.06060893 0.07385219
vn 0.99542574 0.05307830 0.07943729
vn 0.99542574 0.04503650 0.08425736
vn 0.99542574 0.03656097 0.08826599
vn 0.99542574 0.02773334 0.09142456
vn 0.99542574 0.01863862 0.09370267
vn 0.99542574 0.00936440 0.09507837
vn 0.99542574 -0.00000000 0.09553842
vn 0.99542574 -0.00936440 0.09507837
vn 0.99542574 -0.01863862 0.09370267
vn 0.99542574 -0.02773334 0.09142456
vn 0.99542574 -0.03656097 0.08826599
vn 0.99542574 -0.04503650 0.08425736
vn 0.99542574 -0.05307830 0.07943729
vn 0.99542574 -0.06060893 0.07385219
vn 0.99542574 -0.06755586 0.06755586
vn 0.99542574 -0.07385219 0.06060893
vn 0.99542574 -0.07943729 0.05307830
vn 0.99542574 -0.08425736 0.04503650
vn 0.99542574 -0.08826599 0.03656097
vn 0.99542574 -0.09142456 0.02773334
vn 0.99542574 -0.09370267 0.01863862
vn 0.99542574 -0.09507837 0.00936440
vn 0.99542574 -0.09553842 0.00000000
vn 0.99542574 -0.09507837 -0.00936440
vn 0.99542574 -0.09370267 -0.01863862
vn 0.99542574 -0.09142456 -0.02773334
vn 0.99542574 -0.08826599 -0.03656097
vn 0.99542574 -0.08425736 -0.04503650
vn 0.99542574 -0.07943729 -0.05307830
vn 0.99542574 -0.07385219 -0.06060893
vn 0.99542574 -0.06755586 -0.06755586
vn 0.99542574 -0.06060893 -0.07385219
vn 0.99542574 -0.05307830 -0.07943729
vn 0.99542574 -0.04503650 -0.08425736
vn 0.99542574 -0.03656097 -0.08826599
vn 0.99542574 -0.02773334 -0.09142456
vn 0.99542574 -0.01863862 -0.09370267
vn 0.99542574 -0.00936440 -0.09507837
vn 0.99542574 0.00000000 -0.09553842
vn 0.99542574 0.00936440 -0.09507837
vn 0.99542574 0.01863862 -0.09370267
vn 0.99542574 0.02773334 -0.09142456
vn 0.99542574 0.03656097 -0.08826599
vn 0.99542574 0.04503650 -0.08425736
vn 0.99542574 0.05307830 -0.07943729
vn 0.99542574 0.06060893 -0.07385219
vn 0.99542574 0.06755586 -0.06755586
vn 0.99542574 0.07385219 -0.06060893
vn 0.99542574 0.07943729 -0.05307830
vn 0.99542574 0.08425736 -0.04503650
vn 0.99542574 0.08826599 -0.03656097
vn 0.99542574 0.09142456 -0.02773334
vn 0.99542574 0.09370267 -0.01863862
vn 0.99542574 0.09507837 -0.00936440
vn 1.00000000 -0.00000000 -0.00000000
vn -1.00000000 -0.00000000 -0.00000000
f 66//66 65//65 1//1
f 2//2 66//66 1//1
f 67//67 66//66 2//2
f 3//3 67//67 2//2
f 68//68 67//67 3//3
f 4//4 68//68 3//3
f 69//69 68//68 4//4
f 5//5 69//69 4//4
f 70//70 69//69 5//5
f 6//6 70//70 5//5
f 71//71 70//70 6//6
f 7//7 71//71 6//6
f 72//72 71//71 7//7
f 8//8 72//72 7//7
f 73//73 72//72 8//8
f 9//9 73//73 8//8
f 74//74 73//73 9//9
f 10//10 74//74 9//9
f 75//75 74//74 10//10
f 11//11 75//75 10//10
f 76//76 75//75 11//11
f 12//12 76//76 11//11
f 77//77 76//76 12//12
f 13//13 77//77 12//12
f 78//78 77//77 13//13
f 14//14 78//78 13//13
f 79//79 78//78 14//14
f 15//15 79//79 14//14
f 80//80 79//79 15//15
f 16//16 80//80 15//15
f 81//81 80//80 16//16
f 17//17 81//81 16//16
f 82//82 81//81 17//17
f 18//18 82//82 17//17
f 83//83 82//82 18//18
f 19//19 83//83 18//18
f 84//84 83//83 19//19
f 20//20 84//84 19//19
f 85//85 84//84 20//20
f 21//21 85//85 20//20
f 86//86 85//85 21//21
f 22//22 86//86 21//21
f 87//87 86//86 22//22
f 23//23 87//87 22//22
f 88//88 87//87 23//23
f 24//24 88//88 23//23
f 89//89 88//88 24//24
f 25//25 89//89 24//24
f 90//90 89//89 25//25
f 26//26 90//90 25//25
f 91//91 90//90 26//26
f 27//27 91//91 26//26
f 92//92 91//91 27//27
f 28//28 92//92 27//27
f 93//93 92//92 28//28
f 29//29 93//93 28//28
f 94//94 93//93 29//29
f 30//30 94//94 29//29
f 95//95 94//94 30//30
f 31//31 95//95 30//30
f 96//96 95//95 31//31
f 32//32 96//96 31//31
f 97//97 96//96 32//32
f 33//33 97//97 32//32
f 98//98 97//97 33//33
f 34//34 98//98 33//33
f 99//99 98//98 34//34
f 35//35 99//99 34//34
f 100//100 99//99 35//35
f 36//36 100//100 35//35
f 101//101 100//100 36//36
f 37//37 101//101 36//36
f 102//102 101//101 37//37
f 38//38 102//102 37//37
f 103//103 102//102 38//38
f 39//39 103//103 38//38
f 104//104 103//103 39//39
f 40//40 104//104 39//39
f 105//105 104//104 40//40
f 41//41 105//105 40//40
f 106//106 105//105 41//41
f 42//42 106//106 41//41
f 107//107 106//106 42//42
f 43//43 107//107 42//42
f 108//108 107//107 43//43
f 44//44 108//108 43//43
f 109//109 108//108 44//44
f 45//45 109//109 44//44
f 110//110 109//109 45//45
f 46//46 110//110 45//45
f 111//111 110//110 46//46
f 47//47 111//111 46//46
f 112//112 111//111 47//47
f 48//48 112//112 47//47
f 113//113 112//112 48//48
f 49//49 113//113 48//48
f 114//114 113//113 49//49
f 50//50 114//114 49//49
f 115//115 114//114 50//50
f 51//51 115//115 50//50
f 116//116 115//115 51//51
f 52//52 116//116 51//51
f 117//117 116//116 52//52
f 53//53 117//117 52//52
f 118//118 117//117 53//53
f 54//54 118//118 53//53
f 119//119 118//118 54//54
f 55//55 119//119 54//54
f 120//120 119//119 55//55
f 56//56 120//120 55//55
f 121//121 120//120 56//56
f 57//57 121//121 56//56
f 122//122 121//121 57//57
f 58//58 122//122 57//57
f 123//123 122//122 58//58
f 59//59 123//123 58//58
f 124//124 123//123 59//59
f 60//60 124//124 59//59
f 125//125 124//124 60//60
f 61//61 125//125 60//60
f 126//126 125//125 61//61
f 62//62 126//126 61//61
f 127//127 126//126 62//62
f 63//63 127//127 62//62
f 128//128 127//127 63//63
f 64//64 128//128 63//63
f 65//65 128//128 64//64
f 1//1 65//65 64//64
f 130//130 129//129 65//65
f 66//66 130//130 65//65
f 131//131 130//130 66//66
f 67//67 131//131 66//66
f 132//132 131//131 67//67
f 68//68 132//132 67//67
f 133//133 132//132 68//68
f 69//69 133//133 68//68
f 134//134 133//133 69//69
f 70//70 134//134 69//69
f 135//135 134//134 70//70
f 71//71 135//135 70//70
f 136//136 135//135 71//71
f 72//72 136//136 71//71
f 137//137 136//136 72//72
f 73//73 137//137 72//72
f 138//138 137//137 73//73
f 74//74 138//138 73//73
f 139//139 138//138 74//74
f 75//75 139//139 74//74
f 140//140 139//139 75//75
f 76//76 140//140 75//75
f 141//141 140//140 76//76
f 77//77 141//141 76//76
f 142//142 141//141 77//77
f 78//78 142//142 77//77
f 143//143 142//142 78//78
f 79//79 143//143 78//78
f 144//144 143//143 79//79
f 80//80 144//144 79//79
f 145//145 144//144 80//80
f 81//81 145//145 80//80
f 146//146 145//145 81//81
f 82//82 146//146 81//81
f 147//147 146//146 82//82
f 83//83 147//147 82//82
f 148//148 147//147 83//83
f 84//84 148//148 83//83
f 149//149 148//148 84//84
f 85//85 149//149 84//84
f 150//150 149//149 85//85
f 86//86 150//150 85//85
f 151//151 150//150 86//86
f 87//87 151//151 86//86
f 152//152 151//151 87//87
f 88//88 152//152 87//87
f 153//153 152//152 88//88
f 89//89 153//153 88//88
f 154//154 153//153 89//89
f 90//90 154//154 89//89
f 155//155 154//154 90//90
f 91//91 155//155 90//90
f 156//156 155//155 91//91
f 92//92 156//156 91//91
f 157//157 156//156 92//92
f 93//93 157//157 92//92
f 158//158 157//157 93//93
f 94//94 158//158 93//93
f 159//159 158//158 94//94
f 95//95 159//159 94//94
f 160//160 159//159 95//95
f 96//96 160//160 95//95
f 161//161 160//160 96//96
f 97//97 161//161 96//96
f 162//162 161//161 97//97
f 98//98 162//162 97//97
f 163//163 162//162 98//98
f 99//99 163//163 98//98
f 164//164 163//163 99//99
f 100//100 164//164 99//99
f 165//165 164//164 100//100
f 101//101 165//165 100//100
f 166//166 165//165 101//101
f 102//102 166//166 101//101
f 167//167 166//166 102//102
f 103//103 167//167 102//102
f 168//168 167//167 103//103
f 104//104 168//168 103//103
f 169//169 168//168 104//104
f 105//105 169//169 104//104
f 170//170 169//169 105//105
f 106//106 170//170 105//105
f 171//171 170//170 106//106
f 107//107 171//171 106//106
f 172//172 171//171 107//107
f 108//108 172//172 107//107
f 173//173 172//172 108//108
f 109//109 173//173 108//108
f 174//174 173//173 109//109
f 110//110 174//174 109//109
f 175//175 174//174 110//110
f 111//111 175//175 110//110
f 176//176 175//175 111//111
f 112//112 176//176 111//111
f 177//177 176//176 112//112
f 113//113 177//177 112//112
f 178//178 177//177 113//113
f 114//114 178//178 113//113
f 179//179 178//178 114//114
f 115//115 179//179 114//114
f 180//180 179//179 115//115
f 116//116 180//180 115//115
f 181//181 180//180 116//116
f 117//117 181//181 116//116
f 182//182 181//181 117//117
f 118//118 182//182 117//117
f 183//183 182//182 118//118
f 119//119 183//183 118//118
f 184//184 183//183 119//119
f 120//120 184//184 119//119
f 185//185 184//184 120//120
f 121//121 185//185 120//120
f 186//186 185//185 121//121
f 122//122 186//186 121//121
f 187//187 186//186 122//122
f 123//123 187//187 122//122
f 188//188 187//187 123//123
f 124//124 188//188 123//123
f 189//189 188//188 124//124
f 125//125 189//189 124//124
f 190//190 189//189 125//125
f 126//126 190//190 125//125
f 191//191 190//190 126//126
f 127//127 191//191 126//126
f 192//192 191//191 127//127
f 128//128 192//192 127//127
f 129//129 192//192 128//128
f 65//65 129//129 128//128
f 194//194 193//193 129//129
f 130//130 194//194 129//129
f 195//195 194//194 130//130
f 131//131 195//195 130//130
f 196//196 195//195 131//131
f 132//132 196//196 131//131
f 197//197 196//196 132//132
f 133//133 197//197 132//132
f 198//198 197//197 133//133
f 134//134 198//198 133//133
f 199//199 198//198 134//134
f 135//135 199//199 134//134
f 200//200 199//199 135//135
f 136//136 200//200 135//135
f 201//201 200//200 136//136
f 137//137 201//201 136//136
f 202//202 201//201 137//137
f 138//138 202//202 137//137
f 203//203 202//202 138//138
f 139//139 203//203 138//138
f 204//204 203//203 139//139
f 140//140 204//204 139//139
f 205//205 204//204 140//140
f 141//141 205//205 140//140
f 206//206 205//205 141//141
f 142//142 206//206 141//141
f 207//207 206//206 142//142
f 143//143 207//207 142//142
f 208//208 207//207 143//143
f 144//144 208//208 143//143
f 209//209 208//208 144//144
f 145//145 209//209 144//144
f 210//210 209//209 145//145
f 146//146 210//210 145//145
f 211//211 210//210 146//146
f 147//147 211//211 146//146
f 212//212 211//211 147//147
f 148//148 212//212 147//147
f 213//213 212//212 148//148
f 149//149 213//213 148//148
f 214//214 213//213 149//149
f 150//150 214//214 149//149
f 215//215 214//214 150//150
f 151//151 215//215 150//150
f 216//216 215//215 151//151
f 152//152 216//216 151//151
f 217//217 216//216 152//152
f 153//153 217//217 152//152
f 218//218 217//217 153//153
f 154//154 218//218 153//153
f 219//219 218//218 154//154
f 155//155 219//219 154//154
f 220//220 219//219 155//155
f 156//156 220//220 155//155
f 221//221 220//220 156//156
f 157//157 221//221 156//156
f 222//222 221//221 157//157
f 158//158 222//222 157//157
f 223//223 222//222 158//158
f 159//159 223//223 158//158
f 224//224 223//223 159//159
f 160//160 224//224 159//159
f 225//225 224//224 160//160
f 161//161 225//225 160//160
f 226//226 225//225 161//161
f 162//162 226//226 161//161
f 227//227 226//226 162//162
f 163//163 227//227 162//162
f 228//228 227//227 163//163
f 164//164 228//228 163//163
f 229//229 228//228 164//164
f 165//165 229//229 164//164
f 230//230 229//229 165//165
f 166//166 230//230 165//165
f 231//231 230//230 166//166
f 167//167 231//231 166//166
f 232//232 231//231 167//167
f 168//168 232//232 167//167
f 233//233 232//232 168//168
f 169//169 233//233 168//168
f 234//234 233//233 169//169
f 170//170 234//234 169//169
f 235//235 234//234 170//170
f 171//171 235//235 170//170
f 236//236 235//235 171//171
f 172//172 236//236 171//171
f 237//237 236//236 172//172
f 173//173 237//237 172//172
f 238//238 237//237 173//173
f 174//174 238//238 173//173
f 239//239 238//238 174//174
f 175//175 239//239 174//174
f 240//240 239//239 175//175
f 176//176 240//240 175//175
f 241//241 240//240 176//176
f 177//177 241//241 176//176
f 242//242 241//241 177//177
f 178//178 242//242 177//177
f 243//243 242//242 178//178
f 179//179 243//243 178//178
f 244//244 243//243 179//179
f 180//180 244//244 179//179
f 245//245 244//244 180//180
f 181//181 245//245 180//180
f 246//246 245//245 181//181
f 182//182 246//246 181//181
f 247//247 246//246 182//182
f 183//183 247//247 182//182
f 248//248 247//247 183//183
f 184//184 248//248 183//183
f 249//249 248//248 184//184
f 185//185 249//249 184//184
f 250//250 249//249 185//185
f 186//186 250//250 185//185
f 251//251 250//250 186//186
f 187//187 251//251 186//186
f 252//252 251//251 187//187
f 188//188 252//252 187//187
f 253//253 252//252 188//188
f 189//189 253//253 188//188
f 254//254 253//253 189//189
f 190//190 254//254 189//189
f 255//255 254//254 190//190
f 191//191 255//255 190//190
f 256//256 255//255 191//191
f 192//192 256//256 191//191
f 193//193 256//256 192//192
f 129//129 193//193 192//192
f 258//258 257//257 193//193
f 194//194 258//258 193//193
f 259//259 258//258 194//194
f 195//195 259//259 194//194
f 260//260 259//259 195//195
f 196//196 260//260 195//195
f 261//261 260//260 196//196
f 197//197 261//261 196//196
f 262//262 261//261 197//197
f 198//198 262//262 197//197
f 263//263 262//262 198//198
f 199//199 263//263 198//198
f 264//264 263//263 199//199
f 200//200 264//264 199//199
f 265//265 264//264 200//200
f 201//201 265//265 200//200
f 266//266 265//265 201//201
f 202//202 266//266 201//201
f 267//267 266//266 202//202
f 203//203 267//267 202//202
f 268//268 267//267 203//203
f 204//204 268//268 203//203
f 269//269 268//268 204//204
f 205//205 269//269 204//204
f 270//270 269//269 205//205
f 206//206 270//270 205//205
f 271//271 270//270 206//206
f 207//207 271//271 206//206
f 272//272 271//271 207//207
f 208//208 272//272 207//207
f 273//273 272//272 208//208
f 209//209 273//273 208//208
f 274//274 273//273 209//209
f 210//210 274//274 209//209
f 275//275 274//274 210//210
f 211//211 275//275 210//210
f 276//276 275//275 211//211
f 212//212 276//276 211//211
f 277//277 276//276 212//212
f 213//213 277//277 212//212
f 278//278 277//277 213//213
f 214//214 278//278 213//213
f 279//279 278//278 214//214
f 215//215 279//279 214//214
f 280//280 279//279 215//215
f 216//216 280//280 215//215
f 281//281 280//280 216//216
f 217//217 281//281 216//216
f 282//282 281//281 217//217
f 218//218 282//282 217//217
f 283//283 282//282 218//218
f 219//219 283//283 218//218
f 284//284 283//283 219//219
f 220//220 284//284 219//219
f 285//285 284//284 220//220
f 221//221 285//285 220//220
f 286//286 285//285 221//221
f 222//222 286//286 221//221
f 287//287 286//286 222//222
f 223//223 287//287 222//222
f 288//288 287//287 223//223
f 224//224 288//288 223//223
f 289//289 288//288 224//224
f 225//225 289//289 224//224
f 290//290 289//289 225//225
f 226//226 290//290 225//225
f 291//291 290//290 226//226
f 227//227 291//291 226//226
f 292//292 291//291 227//227
f 228//228 292//292 227//227
f 293//293 292//292 228//228
f 229//229 293//293 228//228
f 294//294 293//293 229//229
f 230//230 294//294 229//229
f 295//295 294//294 230//230
f 231//231 295//295 230//230
f 296//296 295//295 231//231
f 232//232 296//296 231//231
f 297//297 296//296 232//232
f 233//233 297//297 232//232
f 298//298 297//297 233//233
f 234//234 298//298 233//233
f 299//299 298//298 234//234
f 235//235 299//299 234//234
f 300//300 299//299 235//235
f 236//236 300//300 235//235
f 301//301 300//300 236//236
f 237//237 301//301 236//236
f 302//302 301//301 237//237
f 238//238 302//302 237//237
f 303//303 302//302 238//238
f 239//239 303//303 238//238
f 304//304 303//303 239//239
f 240//240 304//304 239//239
f 305//305 304//304 240//240
f 241//241 305//305 240//240
f 306//306 305//305 241//241
f 242//242 306//306 241//241
f 307//307 306//306 242//242
f 243//243 307//307 242//242
f 308//308 307//307 243//243
f 244//244 308//308 243//243
f 309//309 308//308 244//244
f 245//245 309//309 244//244
f 310//310 309//309 245//245
f 246//246 310//310 245//245
f 311//311 310//310 246//246
f 247//247 311//311 246//246
f 312//312 311//311 247//247
f 248//248 312//312 247//247
f 313//313 312//312 248//248
f 249//249 313//313 248//248
f 314//314 313//313 249//249
f 250//250 314//314 249//249
f 315//315 314//314 250//250
f 251//251 315//315 250//250
f 316//316 315//315 251//251
f 252//252 316//316 251//251
f 317//317 316//316 252//252
f 253//253 317//317 252//252
f 318//318 317//317 253//253
f 254//254 318//318 253//253
f 319//319 318//318 254//254
f 255//255 319//319 254//254
f 320//320 319//319 255//255
f 256//256 320//320 255//255
f 257//257 320//320 256//256
f 193//193 257//257 256//256
f 322//322 321//321 257//257
f 258//258 322//322 257//257
f 323//323 322//322 258//258
f 259//259 323//323 258//258
f 324//324 323//323 259//259
f 260//260 324//324 259//259
f 325//325 324//324 260//260
f 261//261 325//325 260//260
f 326//326 325//325 261//261
f 262//262 326//326 261//261
f 327//327 326//326 262//262
f 263//263 327//327 262//262
f 328//328 327//327 263//263
f 264//264 328//328 263//263
f 329//329 328//328 264//264
f 265//265 329//329 264//264
f 330//330 329//329 265//265
f 266//266 330//330 265//265
f 331//331 330//330 266//266
f 267//267 331//331 266//266
f 332//332 331//331 267//267
f 268//268 332//332 267//267
f 333//333 332//332 268//268
f 269//269 333//333 268//268
f 334//334 333//333 269//269
f 270//270 334//334 269//269
f 335//335 334//334 270//270
f 271//271 335//335 270//270
f 336//336 335//335 271//271
f 272//272 336//336 271//271
f 337//337 336//336 272//272
f 273//273 337//337 272//272
f 338//338 337//337 273//273
f 274//274 338//338 273//273
f 339//339 338//338 274//274
f 275//275 339//339 274//274
f 340//340 339//339 275//275
f 276//276 340//340 275//275
f 341//341 340//340 276//276
f 277//277 341//341 276//276
f 342//342 341//341 277//277
f 278//278 342//342 277//277
f 343//343 342//342 278//278
f 279//279 343//343 278//278
f 344//344 343//343 279//279
f 280//280 344//344 279//279
f 345//345 344//344 280//280
f 281//281 345//345 280//280
f 346//346 345//345 281//281
f 282//282 346//346 281//281
f 347//347 346//346 282//282
f 283//283 347//347 282//282
f 348//348 347//347 283//283
f 284//284 348//348 283//283
f 349//349 348//348 284//284
f 285//285 349//349 284//284
f 350//350 349//349 285//285
f 286//286 350//350 285//285
f 351//351 350//350 286//286
f 287//287 351//351 286//286
f 352//352 351//351 287//287
f 288//288 352//352 287//287
f 353//353 352//352 288//288
f 289//289 353//353 288//288
f 354//354 353//353 289//289
f 290//290 354//354 289//289
f 355//355 354//354 290//290
f 291//291 355//355 290//290
f 356//356 355//355 291//291
f 292//292 356//356 291//291
f 357//357 356//356 292//292
f 293//293 357//357 292//292
f 358//358 357//357 293//293
f 294//294 358//358 293//293
f 359//359 358//358 294//294
f 295//295 359//359 294//294
f 360//360 359//359 295//295
f 296//296 360//360 295//295
f 361//361 360//360 296//296
f 297//297 361//361 296//296
f 362//362 361//361 297//297
f 298//298 362//362 297//297
f 363//363 362//362 298//298
f 299//299 363//363 298//298
f 364//364 363//363 299//299
f 300//300 364//364 299//299
f 365//365 364//364 300//300
f 301//301 365//365 300//300
f 366//366 365//365 301//301
f 302//302 366//366 301//301
f 367//367 366//366 302//302
f 303//303 367//367 302//302
f 368//368 367//367 303//303
f 304//304 368//368 303//303
f 369//369 368//368 304//304
f 305//305 369//369 304//304
f 370//370 369//369 305//305
f 306//306 370//370 305//305
f 371//371 370//370 306//306
f 307//307 371//371 306//306
f 372//372 371//371 307//307
f 308//308 372//372 307//307
f 373//373 372//372 308//308
f 309//309 373//373 308//308
f 374//374 373//373 309//309
f 310//310 374//374 309//309
f 375//375 374//374 310//310
f 311//311 375//375 310//310
f 376//376 375//375 311//311
f 312//312 376//376 311//311
f 377//377 376//376 312//312
f 313//313 377//377 312//312
f 378//378 377//377 313//313
f 314//314 378//378 313//313
f 379//379 378//378 314//314
f 315//315 379//379 314//314
f 380//380 379//379 315//315
f 316//316 380//380 315//315
f 381//381 380//380 316//316
f 317//317 381//381 316//316
f 382//382 381//381 317//317
f 318//318 382//382 317//317
f 383//383 382//382 318//318
f 319//319 383//383 318//318
f 384//384 383//383 319//319
f 320//320 384//384 319//319
f 321//321 384//384 320//320
f 257//257 321//321 320//320
f 386//386 385//385 321//321
f 322//322 386//386 321//321
f 387//387 386//386 322//322
f 323//323 387//387 322//322
f 388//388 387//387 323//323
f 324//324 388//388 323//323
f 389//389 388//388 324//324
f 325//325 389//389 324//324
f 390//390 389//389 325//325
f 326//326 390//390 325//325
f 391//391 390//390 326//326
f 327//327 391//391 326//326
f 392//392 391//391 327//327
f 328//328 392//392 327//327
f 393//393 392//392 328//328
f 329//329 393//393 328//328
f 394//394 393//393 329//329
f 330//330 394//394 329//329
f 395//395 394//394 330//330
f 331//331 395//395 330//330
f 396//396 395//395 331//331
f 332//332 396//396 331//331
f 397//397 396//396 332//332
f 333//333 397//397 332//332
f 398//398 397//397 333//333
f 334//334 398//398 333//333
f 399//399 398//398 334//334
f 335//335 399//399 334//334
f 400//400 399//399 335//335
f 336//336 400//400 335//335
f 401//401 400//400 336//336
f 337//337 401//401 336//336
f 402//402 401//401 337//337
f 338//338 402//402 337//337
f 403//403 402//402 338//338
f 339//339 403//403 338//338
f 404//404 403//403 339//339
f 340//340 404//404 339//339
f 405//405 404//404 340//340
f 341//341 405//405 340//340
f 406//406 405//405 341//341
f 342//342 406//406 341//341
f 407//407 406//406 342//342
f 343//343 407//407 342//342
f 408//408 407//407 343//343
f 344//344 408//408 343//343
f 409//409 408//408 344//344
f 345//345 409//409 344//344
f 410//410 409//409 345//345
f 346//346 410//410 345//345
f 411//411 410//410 346//346
f 347//347 411//411 346//346
f 412//412 411//411 347//347
f 348//348 412//412 347//347
f 413//413 412//412 348//348
f 349//349 413//413 348//348
f 414//414 413//413 349//349
f 350//350 414//414 349//349
f 415//415 414//414 350//350
f 351//351 415//415 350//350
f 416//416 415//415 351//351
f 352//352 416//416 351//351
f 417//417 416//416 352//352
f 353//353 417//417 352//352
f 418//418 417//417 353//353
f 354//354 418//418 353//353
f 419//419 418//418 354//354
f 355//355 419//419 354//354
f 420//420 419//419 355//355
f 356//356 420//420 355//355
f 421//421 420//420 356//356
f 357//357 421//421 356//356
f 422//422 421//421 357//357
f 358//358 422//422 357//357
f 423//423 422//422 358//358
f 359//359 423//423 358//358
f 424//424 423//423 359//359
f 360//360 424//424 359//359
f 425//425 424//424 360//360
f 361//361 425//425 360//360
f 426//426 425//425 361//361
f 362//362 426//426 361//361
f 427//427 426//426 362//362
f 363//363 427//427 362//362
f 428//428 427//427 363//363
f 364//364 428//428 363//363
f 429//429 428//428 364//364
f 365//365 429//429 364//364
f 430//430 429//429 365//365
f 366//366 430//430 365//365
f 431//431 430//430 366//366
f 367//367 431//431 366//366
f 432//432 431//431 367//367
f 368//368 432//432 367//367
f 433//433 432//432 368//368
f 369//369 433//433 368//368
f 434//434 433//433 369//369
f 370//370 434//434 369//369
f 435//435 434//434 370//370
f 371//371 435//435 370//370
f 436//436 435//435 371//371
f 372//372 436//436 371//371
f 437//437 436//436 372//372
f 373//373 437//437 372//372
f 438//438 437//437 373//373
f 374//374 438//438 373//373
f 439//439 438//438 374//374
f 375//375 439//439 374//374
f 440//440 439//439 375//375
f 376//376 440//440 375//375
f 441//441 440//440 376//376
f 377//377 441//441 376//376
f 442//442 441//441 377//377
f 378//378 442//442 377//377
f 443//443 442//442 378//378
f 379//379 443//443 378//378
f 444//444 443//443 379//379
f 380//380 444//444 379//379
f 445//445 444//444 380//380
f 381//381 445//445 380//380
f 446//446 445//445 381//381
f 382//382 446//446 381//381
f 447//447 446//446 382//382
f 383//383 447//447 382//382
f 448//448 447//447 383//383
f 384//384 448//448 383//383
f 385//385 448//448 384//384
f 321//321 385//385 384//384
f 450//450 449//449 385//385
f 386//386 450//450 385//385
f 451//451 450//450 386//386
f 387//387 451//451 386//386
f 452//452 451//451 387//387
f 388//388 452//452 387//387
f 453//453 452//452 388//388
f 389//389 453//453 388//388
f 454//454 453//453 389//389
f 390//390 454//454 389//389
f 455//455 454//454 390//390
f 391//391 455//455 390//390
f 456//456 455//455 391//391
f 392//392 456//456 391//391
f 457//457 456//456 392//392
f 393//393 457//457 392//392
f 458//458 457//457 393//393
f 394//394 458//458 393//393
f 459//459 458//458 394//394
f 395//395 459//459 394//394
f 460//460 459//459 395//395
f 396//396 460//460 395//395
f 461//461 460//460 396//396
f 397//397 461//461 396//396
f 462//462 461//461 397//397
f 398//398 462//462 397//397
f 463//463 462//462 398//398
f 399//399 463//463 398//398
f 464//464 463//463 399//399
f 400//400 464//464 399//399
f 465//465 464//464 400//400
f 401//401 465//465 400//400
f 466//466 465//465 401//401
f 402//402 466//466 401//401
f 467//467 466//466 402//402
f 403//403 467//467 402//402
f 468//468 467//467 403//403
f 404//404 468//468 403//403
f 469//469 468//468 404//404
f 405//405 469//469 404//404
f 470//470 469//469 405//405
f 406//406 470//470 405//405
f 471//471 470//470 406//406
f 407//407 471//471 406//406
f 472//472 471//471 407//407
f 408//408 472//472 407//407
f 473//473 472//472 408//408
f 409//409 473//473 408//408
f 474//474 473//473 409//409
f 410//410 474//474 409//409
f 475//475 474//474 410//410
f 411//411 475//475 410//410
f 476//476 475//475 411//411
f 412//412 476//476 411//411
f 477//477 476//476 412//412
f 413//413 477//477 412//412
f 478//478 477//477 413//413
f 414//414 478//478 413//413
f 479//479 478//478 414//414
f 415//415 479//479 414//414
f 480//480 479//479 415//415
f 416//416 480//480 415//415
f 481//481 480//480 416//416
f 417//417 481//481 416//416
f 482//482 481//481 417//417
f 418//418 482//482 417//417
f 483//483 482//482 418//418
f 419//419 483//483 418//418
f 484//484 483//483 419//419
f 420//420 484//484 419//419
f 485//485 484//484 420//420
f 421//421 485//485 420//420
f 486//486 485//485 421//421
f 422//422 486//486 421//421
f 487//487 486//486 422//422
f 423//423 487//487 422//422
f 488//488 487//487 423//423
f 424//424 488//488 423//423
f 489//489 488//488 424//424
f 425//425 489//489 424//424
f 490//490 489//489 425//425
f 426//426 490//490 425//425
f 491//491 490//490 426//426
f 427//427 491//491 426//426
f 492//492 491//491 427//427
f 428//428 492//492 427//427
f 493//493 492//492 428//428
f 429//429 493//493 428//428
f 494//494 493//493 429//429
f 430//430 494//494 429//429
f 495//495 494//494 430//430
f 431//431 495//495 430//430
f 496//496 495//495 431//431
f 432//432 496//496 431//431
f 497//497 496//496 432//432
f 433//433 497//497 432//432
f 498//498 497//497 433//433
f 434//434 498//498 433//433
f 499//499 498//498 434//434
f 435//435 499//499 434//434
f 500//500 499//499 435//435
f 436//436 500//500 435//435
f 501//501 500//500 436//436
f 437//437 501//501 436//436
f 502//502 501//501 437//437
f 438//438 502//502 437//437
f 503//503 502//502 438//438
f 439//439 503//503 438//438
f 504//504 503//503 439//439
f 440//440 504//504 439//439
f 505//505 504//504 440//440
f 441//441 505//505 440//440
f 506//506 505//505 441//441
f 442//442 506//506 441//441
f 507//507 506//506 442//442
f 443//443 507//507 442//442
f 508//508 507//507 443//443
f 444//444 508//508 443//443
f 509//509 508//508 444//444
f 445//445 509//509 444//444
f 510//510 509//509 445//445
f 446//446 510//510 445//445
f 511//511 510//510 446//446
f 447//447 511//511 446//446
f 512//512 511//511 447//447
f 448//448 512//512 447//447
f 449//449 512//512 448//448
f 385//385 449//449 448//448
f 514//514 513//513 449//449
f 450//450 514//514 449//449
f 515//515 514//514 450//450
f 451//451 515//515 450//450
f 516//516 515//515 451//451
f 452//452 516//516 451//451
f 517//517 516//516 452//452
f 453//453 517//517 452//452
f 518//518 517//517 453//453
f 454//454 518//518 453//453
f 519//519 518//518 454//454
f 455//455 519//519 454//454
f 520//520 519//519 455//455
f 456//456 520//520 455//455
f 521//521 520//520 456//456
f 457//457 521//521 456//456
f 522//522 521//521 457//457
f 458//458 522//522 457//457
f 523//523 522//522 458//458
f 459//459 523//523 458//458
f 524//524 523//523 459//459
f 460//460 524//524 459//459
f 525//525 524//524 460//460
f 461//461 525//525 460//460
f 526//526 525//525 461//461
f 462//462 526//526 461//461
f 527//527 526//526 462//462
f 463//463 527//527 462//462
f 528//528 527//527 463//463
f 464//464 528//528 463//463
f 529//529 528//528 464//464
f 465//465 529//529 464//464
f 530//530 529//529 465//465
f 466//466 530//530 465//465
f 531//531 530//530 466//466
f 467//467 531//531 466//466
f 532//532 531//531 467//467
f 468//468 532//532 467//467
f 533//533 532//532 468//468
f 469//469 533//533 468//468
f 534//534 533//533 469//469
f 470//470 534//534 469//469
f 535//535 534//534 470//470
f 471//471 535//535 470//470
f 536//536 535//535 471//471
f 472//472 536//536 471//471
f 537//537 536//536 472//472
f 473//473 537//537 472//472
f 538//538 537//537 473//473
f 474//474 538//538 473//473
f 539//539 538//538 474//474
f 475//475 539//539 474//474
f 540//540 539//539 475//475
f 476//476 540//540 475//475
f 541//541 540//540 476//476
f 477//477 541//541 476//476
f 542//542 541//541 477//477
f 478//478 542//542 477//477
f 543//543 542//542 478//478
f 479//479 543//543 478//478
f 544//544 543//543 479//479
f 480//480 544//544 479//479
f 545//545 544//544 480//480
f 481//481 545//545 480//480
f 546//546 545//545 481//481
f 482//482 546//546 481//481
f 547//547 546//546 482//482
f 483//483 547//547 482//482
f 548//548 547//547 483//483
f 484//484 548//548 483//483
f 549//549 548//548 484//484
f 485//485 549//549 484//484
f 550//550 549//549 485//485
f 486//486 550//550 485//485
f 551//551 550//550 486//486
f 487//487 551//551 486//486
f 552//552 551//551 487//487
f 488//488 552//552 487//487
f 553//553 552//552 488//488
f 489//489 553//553 488//488
f 554//554 553//553 489//489
f 490//490 554//554 489//489
f 555//555 554//554 490//490
f 491//491 555//555 490//490
f 556//556 555//555 491//491
f 492//492 556//556 491//491
f 557//557 556//556 492//492
f 493//493 557//557 492//492
f 558//558 557//557 493//493
f 494//494 558//558 493//493
f 559//559 558//558 494//494
f 495//495 559//559 494//494
f 560//560 559//559 495//495
f 496//496 560//560 495//495
f 561//561 560//560 496//496
f 497//497 561//561 496//496
f 562//562 561//561 497//497
f 498//498 562//562 497//497
f 563//563 562//562 498//498
f 499//499 563//563 498//498
f 564//564 563//563 499//499
f 500//500 564//564 499//499
f 565//565 564//564 500//500
f 501//501 565//565 500//500
f 566//566 565//565 501//501
f 502//502 566//566 501//501
f 567//567 566//566 502//502
f 503//503 567//567 502//502
f 568//568 567//567 503//503
f 504//504 568//568 503//503
f 569//569 568//568 504//504
f 505//505 569//569 504//504
f 570//570 569//569 505//505
f 506//506 570//570 505//505
f 571//571 570//570 506//506
f 507//507 571//571 506//506
f 572//572 571//571 507//507
f 508//508 572//572 507//507
f 573//573 572//572 508//508
f 509//509 573//573 508//508
f 574//574 573//573 509//509
f 510//510 574//574 509//509
f 575//575 574//574 510//510
f 511//511 575//575 510//510
f 576//576 575//575 511//511
f 512//512 576//576 511//511
f 513//513 576//576 512//512
f 449//449 513//513 512//512
f 578//578 577//577 513//513
f 514//514 578//578 513//513
f 579//579 578//578 514//514
f 515//515 579//579 514//514
f 580//580 579//579 515//515
f 516//516 580//580 515//515
f 581//581 580//580 516//516
f 517//517 581//581 516//516
f 582//582 581//581 517//517
f 518//518 582//582 517//517
f 583//583 582//582 518//518
f 519//519 583//583 518//518
f 584//584 583//583 519//519
f 520//520 584//584 519//519
f 585//585 584//584 520//520
f 521//521 585//585 520//520
f 586//586 585//585 521//521
f 522//522 586//586 521//521
f 587//587 586//586 522//522
f 523//523 587//587 522//522
f 588//588 587//587 523//523
f 524//524 588//588 523//523
f 589//589 588//588 524//524
f 525//525 589//589 524//524
f 590//590 589//589 525//525
f 526//526 590//590 525//525
f 591//591 590//590 526//526
f 527//527 591//591 526//526
f 592//592 591//591 527//527
f 528//528 592//592 527//527
f 593//593 592//592 528//528
f 529//529 593//593 528//528
f 594//594 593//593 529//529
f 530//530 594//594 529//529
f 595//595 594//594 530//530
f 531//531 595//595 530//530
f 596//596 595//595 531//531
f 532//532 596//596 531//531
f 597//597 596//596 532//532
f 533//533 597//597 532//532
f 598//598 597//597 533//533
f 534//534 598//598 533//533
f 599//599 598//598 534//534
f 535//535 599//599 534//534
f 600//600 599//599 535//535
f 536//536 600//600 535//535
f 601//601 600//600 536//536
f 537//537 601//601 536//536
f 602//602 601//601 537//537
f 538//538 602//602 537//537
f 603//603 602//602 538//538
f 539//539 603//603 538//538
f 604//604 603//603 539//539
f 540//540 604//604 539//539
f 605//605 604//604 540//540
f 541//541 605//605 540//540
f 606//606 605//605 541//541
f 542//542 606//606 541//541
f 607//607 606//606 542//542
f 543//543 607//607 542//542
f 608//608 607//607 543//543
f 544//544 608//608 543//543
f 609//609 608//608 544//544
f 545//545 609//609 544//544
f 610//610 609//609 545//545
f 546//546 610//610 545//545
f 611//611 610//610 546//546
f 547//547 611//611 546//546
f 612//612 611//611 547//547
f 548//548 612//612 547//547
f 613//613 612//612 548//548
f 549//549 613//613 548//548
f 614//614 613//613 549//549
f 550//550 614//614 549//549
f 615//615 614//614 550//550
f 551//551 615//615 550//550
f 616//616 615//615 551//551
f 552//552 616//616 551//551
f 617//617 616//616 552//552
f 553//553 617//617 552//552
f 618//618 617//617 553//553
f 554//554 618//618 553//553
f 619//619 618//618 554//554
f 555//555 619//619 554//554
f 620//620 619//619 555//555
f 556//556 620//620 555//555
f 621//621 620//620 556//556
f 557//557 621//621 556//556
f 622//622 621//621 557//557
f 558//558 622//622 557//557
f 623//623 622//622 558//558
f 559//559 623//623 558//558
f 624//624 623//623 559//559
f 560//560 624//624 559//559
f 625//625 624//624 560//560
f 561//561 625//625 560//560
f 626//626 625//625 561//561
f 562//562 626//626 561//561
f 627//627 626//626 562//562
f 563//563 627//627 562//562
f 628//628 627//627 563//563
f 564//564 628//628 563//563
f 629//629 628//628 564//564
f 565//565 629//629 564//564
f 630//630 629//629 565//565
f 566//566 630//630 565//565
f 631//631 630//630 566//566
f 567//567 631//631 566//566
f 632//632 631//631 567//567
f 568//568 632//632 567//567
f 633//633 632//632 568//568
f 569//569 633//633 568//568
f 634//634 633//633 569//569
f 570//570 634//634 569//569
f 635//635 634//634 570//570
f 571//571 635//635 570//570
f 636//636 635//635 571//571
f 572//572 636//636 571//571
f 637//637 636//636 572//572
f 573//573 637//637 572//572
f 638//638 637//637 573//573
f 574//574 638//638 573//573
f 639//639 638//638 574//574
f 575//575 639//639 574//574
f 640//640 639//639 575//575
f 576//576 640//640 575//575
f 577//577 640//640 576//576
f 513//513 577//577 576//576
f 642//642 641//641 577//577
f 578//578 642//642 577//577
f 643//643 642//642 578//578
f 579//579 643//643 578//578
f 644//644 643//643 579//579
f 580//580 644//644 579//579
f 645//645 644//644 580//580
f 581//581 645//645 580//580
f 646//646 645//645 581//581
f 582//582 646//646 581//581
f 647//647 646//646 582//582
f 583//583 647//647 582//582
f 648//648 647//647 583//583
f 584//584 648//648 583//583
f 649//649 648//648 584//584
f 585//585 649//649 584//584
f 650//650 649//649 585//585
f 586//586 650//650 585//585
f 651//651 650//650 586//586
f 587//587 651//651 586//586
f 652//652 651//651 587//587
f 588//588 652//652 587//587
f 653//653 652//652 588//588
f 589//589 653//653 588//588
f 654//654 653//653 589//589
f 590//590 654//654 589//589
f 655//655 654//654 590//590
f 591//591 655//655 590//590
f 656//656 655//655 591//591
f 592//592 656//656 591//591
f 657//657 656//656 592//592
f 593//593 657//657 592//592
f 658//658 657//657 593//593
f 594//594 658//658 593//593
f 659//659 658//658 594//594
f 595//595 659//659 594//594
f 660//660 659//659 595//595
f 596//596 660//660 595//595
f 661//661 660//660 596//596
f 597//597 661//661 596//596
f 662//662 661//661 597//597
f 598//598 662//662 597//597
f 663//663 662//662 598//598
f 599//599 663//663 598//598
f 664//664 663//663 599//599
f 600//600 664//664 599//599
f 665//665 664//664 600//600
f 601//601 665//665 600//600
f 666//666 665//665 601//601
f 602//602 666//666 601//601
f 667//667 666//666 602//602
f 603//603 667//667 602//602
f 668//668 667//667 603//603
f 604//604 668//668 603//603
f 669//669 668//668 604//604
f 605//605 669//669 604//604
f 670//670 669//669 605//605
f 606//606 670//670 605//605
f 671//671 670//670 606//606
f 607//607 671//671 606//606
f 672//672 671//671 607//607
f 608//608 672//672 607//607
f 673//673 672//672 608//608
f 609//609 673//673 608//608
f 674//674 673//673 609//609
f 610//610 674//674 609//609
f 675//675 674//674 610//610
f 611//611 675//675 610//610
f 676//676 675//675 611//611
f 612//612 676//676 611//611
f 677//677 676//676 612//612
f 613//613 677//677 612//612
f 678//678 677//677 613//613
f 614//614 678//678 613//613
f 679//679 678//678 614//614
f 615//615 679//679 614//614
f 680//680 679//679 615//615
f 616//616 680//680 615//615
f 681//681 680//680 616//616
f 617//617 681//681 616//616
f 682//682 681//681 617//617
f 618//618 682//682 617//617
f 683//683 682//682 618//618
f 619//619 683//683 618//618
f 684//684 683//683 619//619
f 620//620 684//684 619//619
f 685//685 684//684 620//620
f 621//621 685//685 620//620
f 686//686 685//685 621//621
f 622//622 686//686 621//621
f 687//687 686//686 622//622
f 623//623 687//687 622//622
f 688//688 687//687 623//623
f 624//624 688//688 623//623
f 689//689 688//688 624//624
f 625//625 689//689 624//624
f 690//690 689//689 625//625
f 626//626 690//690 625//625
f 691//691 690//690 626//626
f 627//627 691//691 626//626
f 692//692 691//691 627//627
f 628//628 692//692 627//627
f 693//693 692//692 628//628
f 629//629 693//693 628//628
f 694//694 693//693 629//629
f 630//630 694//694 629//629
f 695//695 694//694 630//630
f 631//631 695//695 630//630
f 696//696 695//695 631//631
f 632//632 696//696 631//631
f 697//697 696//696 632//632
f 633//633 697//697 632//632
f 698//698 697//697 633//633
f 634//634 698//698 633//633
f 699//699 698//698 634//634
f 635//635 699//699 634//634
f 700//700 699//699 635//635
f 636//636 700//700 635//635
f 701//701 700//700 636//636
f 637//637 701//701 636//636
f 702//702 701//701 637//637
f 638//638 702//702 637//637
f 703//703 702//702 638//638
f 639//639 703//703 638//638
f 704//704 703//703 639//639
f 640//640 704//704 639//639
f 641//641 704//704 640//640
f 577//577 641//641 640//640
f 706//706 705//705 641//641
f 642//642 706//706 641//641
f 707//707 706//706 642//642
f 643//643 707//707 642//642
f 708//708 707//707 643//643
f 644//644 708//708 643//643
f 709//709 708//708 644//644
f 645//645 709//709 644//644
f 710//710 709//709 645//645
f 646//646 710//710 645//645
f 711//711 710//710 646//646
f 647//647 711//711 646//646
f 712//712 711//711 647//647
f 648//648 712//712 647//647
f 713//713 712//712 648//648
f 649//649 713//713 648//648
f 714//714 713//713 649//649
f 650//650 714//714 649//649
f 715//715 714//714 650//650
f 651//651 715//715 650//650
f 716//716 715//715 651//651
f 652//652 716//716 651//651
f 717//717 716//716 652//652
f 653//653 717//717 652//652
f 718//718 717//717 653//653
f 654//654 718//718 653//653
f 719//719 718//718 654//654
f 655//655 719//719 654//654
f 720//720 719//719 655//655
f 656//656 720//720 655//655
f 721//721 720//720 656//656
f 657//657 721//721 656//656
f 722//722 721//721 657//657
f 658//658 722//722 657//657
f 723//723 722//722 658//658
f 659//659 723//723 658//658
f 724//724 723//723 659//659
f 660//660 724//724 659//659
f 725//725 724//724 660//660
f 661//661 725//725 660//660
f 726//726 725//725 661//661
f 662//662 726//726 661//661
f 727//727 726//726 662//662
f 663//663 727//727 662//662
f 728//728 727//727 663//663
f 664//664 728//728 663//663
f 729//729 728//728 664//664
f 665//665 729//729 664//664
f 730//730 729//729 665//665
f 666//666 730//730 665//665
f 731//731 730//730 666//666
f 667//667 731//731 666//666
f 732//732 731//731 667//667
f 668//668 732//732 667//667
f 733//733 732//732 668//668
f 669//669 733//733 668//668
f 734//734 733//733 669//669
f 670//670 734//734 669//669
f 735//735 734//734 670//670
f 671//671 735//735 670//670
f 736//736 735//735 671//671
f 672//672 736//736 671//671
f 737//737 736//736 672//672
f 673//673 737//737 672//672
f 738//738 737//737 673//673
f 674//674 738//738 673//673
f 739//739 738//738 674//674
f 675//675 739//739 674//674
f 740//740 739//739 675//675
f 676//676 740//740 675//675
f 741//741 740//740 676//676
f 677//677 741//741 676//676
f 742//742 741//741 677//677
f 678//678 742//742 677//677
f 743//743 742//742 678//678
f 679//679 743//743 678//678
f 744//744 743//743 679//679
f 680//680 744//744 679//679
f 745//745 744//744 680//680
f 681//681 745//745 680//680
f 746//746 745//745 681//681
f 682//682 746//746 681//681
f 747//747 746//746 682//682
f 683//683 747//747 682//682
f 748//748 747//747 683//683
f 684//684 748//748 683//683
f 749//749 748//748 684//684
f 685//685 749//749 684//684
f 750//750 749//749 685//685
f 686//686 750//750 685//685
f 751//751 750//750 686//686
f 687//687 751//751 686//686
f 752//752 751//751 687//687
f 688//688 752//752 687//687
f 753//753 752//752 688//688
f 689//689 753//753 688//688
f 754//754 753//753 689//689
f 690//690 754//754 689//689
f 755//755 754//754 690//690
f 691//691 755//755 690//690
f 756//756 755//755 691//691
f 692//692 756//756 691//691
f 757//757 756//756 692//692
f 693//693 757//757 692//692
f 758//758 757//757 693//693
f 694//694 758//758 693//693
f 759//759 758//758 694//694
f 695//695 759//759 694//694
f 760//760 759//759 695//695
f 696//696 760//760 695//695
f 761//761 760//760 696//696
f 697//697 761//761 696//696
f 762//762 761//761 697//697
f 698//698 762//762 697//697
f 763//763 762//762 698//698
f 699//699 763//763 698//698
f 764//764 763//763 699//699
f 700//700 764//764 699//699
f 765//765 764//764 700//700
f 701//701 765//765 700//700
f 766//766 765//765 701//701
f 702//702 766//766 701//701
f 767//767 766//766 702//702
f 703//703 767//767 702//702
f 768//768 767//767 703//703
f 704//704 768//768 703//703
f 705//705 768//768 704//704
f 641//641 705//705 704//704
f 706//706 769//769 705//705
f 707//707 769//769 706//706
f 708//708 769//769 707//707
f 709//709 769//769 708//708
f 710//710 769//769 709//709
f 711//711 769//769 710//710
f 712//712 769//769 711//711
f 713//713 769//769 712//712
f 714//714 769//769 713//713
f 715//715 769//769 714//714
f 716//716 769//769 715//715
f 717//717 769//769 716//716
f 718//718 769//769 717//717
f 719//719 769//769 718//718
f 720//720 769//769 719//719
f 721//721 769//769 720//720
f 722//722 769//769 721//721
f 723//723 769//769 722//722
f 724//724 769//769 723//723
f 725//725 769//769 724//724
f 726//726 769//769 725//725
f 727//727 769//769 726//726
f 728//728 769//769 727//727
f 729//729 769//769 728//728
f 730//730 769//769 729//729
f 731//731 769//769 730//730
f 732//732 769//769 731//731
f 733//733 769//769 732//732
f 734//734 769//769 733//733
f 735//735 769//769 734//734
f 736//736 769//769 735//735
f 737//737 769//769 736//736
f 738//738 769//769 737//737
f 739//739 769//769 738//738
f 740//740 769//769 739//739
f 741//741 769//769 740//740
f 742//742 769//769 741//741
f 743//743 769//769 742//742
f 744//744 769//769 743//743
f 745//745 769//769 744//744
f 746//746 769//769 745//745
f 747//747 769//769 746//746
f 748//748 769//769 747//747
f 749//749 769//769 748//748
f 750//750 769//769 749//749
f 751//751 769//769 750//750
f 752//752 769//769 751//751
f 753//753 769//769 752//752
f 754//754 769//769 753//753
f 755//755 769//769 754//754
f 756//756 769//769 755//755
f 757//757 769//769 756//756
f 758//758 769//769 757//757
f 759//759 769//769 758//758
f 760//760 769//769 759//759
f 761//761 769//769 760//760
f 762//762 769//769 761//761
f 763//763 769//769 762//762
f 764//764 769//769 763//763
f 765//765 769//769 764//764
f 766//766 769//769 765//765
f 767//767 769//769 766//766
f 768//768 769//769 767//767
f 705//705 769//769 768//768
f 2//2 1//1 770//770
f 3//3 2//2 770//770
f 4//4 3//3 770//770
f 5//5 4//4 770//770
f 6//6 5//5 770//770
f 7//7 6//6 770//770
f 8//8 7//7 770//770
f 9//9 8//8 770//770
f 10//10 9//9 770//770
f 11//11 10//10 770//770
f 12//12 11//11 770//770
f 13//13 12//12 770//770
f 14//14 13//13 770//770
f 15//15 14//14 770//770
f 16//16 15//15 770//770
f 17//17 16//16 770//770
f 18//18 17//17 770//770
f 19//19 18//18 770//770
f 20//20 19//19 770//770
f 21//21 20//20 770//770
f 22//22 21//21 770//770
f 23//23 22//22 770//770
f 24//24 23//23 770//770
f 25//25 24//24 770//770
f 26//26 25//25 770//770
f 27//27 26//26 770//770
f 28//28 27//27 770//770
f 29//29 28//28 770//770
f 30//30 29//29 770//770
f 31//31 30//30 770//770
f 32//32 31//31 770//770
f 33//33 32//32 770//770
f 34//34 33//33 770//770
f 35//35 34//34 770//770
f 36//36 35//35 770//770
f 37//37 36//36 770//770
f 38//38 37//37 770//770
f 39//39 38//38 770//770
f 40//40 39//39 770//770
f 41//41 40//40 770//770
f 42//42 41//41 770//770
f 43//43 42//42 770//770
f 44//44 43//43 770//770
f 45//45 44//44 770//770
f 46//46 45//45 770//770
f 47//47 46//46 770//770
f 48//48 47//47 770//770
f 49//49 48//48 770//770
f 50//50 49//49 770//770
f 51//51 50//50 770//770
f 52//52 51//51 770//770
f 53//53 52//52 770//770
f 54//54 53//53 770//770
f 55//55 54//54 770//770
f 56//56 55//55 770//770
f 57//57 56//56 770//770
f 58//58 57//57 770//770
f 59//59 58//58 770//770
f 60//60 59//59 770//770
f 61//61 60//60 770//770
f 62//62 61//61 770//770
f 63//63 62//62 770//770
f 64//64 63//63 770//770
f 1//1 64//64 770//770
