# Independent procedural camera geometry; meters; Z up
o rear_brand
v -0.0124860000 0.0317657508 0.0138295752
v -0.0124860000 0.0317103473 0.0138251465
v -0.0124860000 0.0316570768 0.0138189464
v -0.0124860000 0.0316059393 0.0138109748
v -0.0124860000 0.0315569348 0.0138012318
v -0.0124860000 0.0315100633 0.0137897172
v -0.0124860000 0.0314653247 0.0137764312
v -0.0124860000 0.0314227192 0.0137613738
v -0.0124860000 0.0313822466 0.0137445449
v -0.0124860000 0.0313111530 0.0137076875
v -0.0124860000 0.0312475429 0.0136650820
v -0.0124860000 0.0311914164 0.0136167282
v -0.0124860000 0.0311427734 0.0135626262
v -0.0124860000 0.0311016139 0.0135027760
v -0.0124860000 0.0310679380 0.0134371775
v -0.0124860000 0.0310417456 0.0133658309
v -0.0124860000 0.0310230368 0.0132887360
v -0.0124860000 0.0310118115 0.0132058928
v -0.0124860000 0.0310080697 0.0131173015
v -0.0124860000 0.0310090549 0.0130704480
v -0.0124860000 0.0310120103 0.0130253299
v -0.0124860000 0.0310169361 0.0129819471
v -0.0124860000 0.0310238321 0.0129402995
v -0.0124860000 0.0310326985 0.0129003873
v -0.0124860000 0.0310435352 0.0128622105
v -0.0124860000 0.0310563422 0.0128257689
v -0.0124860000 0.0310711194 0.0127910626
v -0.0124860000 0.0310878670 0.0127580917
v -0.0124860000 0.0311065849 0.0127268560
v -0.0124860000 0.0311270742 0.0126970846
v -0.0124860000 0.0311491362 0.0126685061
v -0.0124860000 0.0311727708 0.0126411207
v -0.0124860000 0.0311979781 0.0126149283
v -0.0124860000 0.0312247579 0.0125899290
v -0.0124860000 0.0312531104 0.0125661227
v -0.0124860000 0.0312830355 0.0125435094
v -0.0124860000 0.0313145332 0.0125220891
v -0.0124860000 0.0313476036 0.0125018618
v -0.0124860000 0.0313822466 0.0124828276
v -0.0124860000 0.0313519238 0.0124697766
v -0.0124860000 0.0313231375 0.0124559303
v -0.0124860000 0.0312958877 0.0124412886
v -0.0124860000 0.0312701743 0.0124258515
v -0.0124860000 0.0312459974 0.0124096191
v -0.0124860000 0.0312233570 0.0123925913
v -0.0124860000 0.0312022531 0.0123747682
v -0.0124860000 0.0311826856 0.0123561498
v -0.0124860000 0.0311646546 0.0123367360
v -0.0124860000 0.0311481601 0.0123165268
v -0.0124860000 0.0311331298 0.0122946365
v -0.0124860000 0.0311194913 0.0122701795
v -0.0124860000 0.0311072447 0.0122431556
v -0.0124860000 0.0310963899 0.0122135649
v -0.0124860000 0.0310869270 0.0121814074
v -0.0124860000 0.0310788560 0.0121466830
v -0.0124860000 0.0310721769 0.0121093919
v -0.0124860000 0.0310668896 0.0120695339
v -0.0124860000 0.0310629942 0.0120271091
v -0.0124860000 0.0310604906 0.0119821175
v -0.0124860000 0.0310478373 0.0116260168
v -0.0124860000 0.0310466081 0.0115964261
v -0.0124860000 0.0310450897 0.0115683899
v -0.0124860000 0.0310432821 0.0115419083
v -0.0124860000 0.0310411853 0.0115169813
v -0.0124860000 0.0310387992 0.0114936088
v -0.0124860000 0.0310361240 0.0114717908
v -0.0124860000 0.0310331595 0.0114515274
v -0.0124860000 0.0310299057 0.0114328186
v -0.0124860000 0.0310263628 0.0114156643
v -0.0124860000 0.0310225307 0.0114000646
v -0.0124860000 0.0310155171 0.0113756617
v -0.0124860000 0.0310074913 0.0113530665
v -0.0124860000 0.0309984532 0.0113322789
v -0.0124860000 0.0309884028 0.0113132989
v -0.0124860000 0.0309773402 0.0112961265
v -0.0124860000 0.0309652653 0.0112807618
v -0.0124860000 0.0309521782 0.0112672046
v -0.0124860000 0.0309380788 0.0112554551
v -0.0124860000 0.0309229671 0.0112455132
v -0.0124860000 0.0309068431 0.0112373790
v -0.0124860000 0.0309068431 0.0111777276
v -0.0124860000 0.0313479019 0.0111777276
v -0.0124860000 0.0313514448 0.0111847954
v -0.0124860000 0.0313548431 0.0111922608
v -0.0124860000 0.0313580968 0.0112001240
v -0.0124860000 0.0313612059 0.0112083848
v -0.0124860000 0.0313641704 0.0112170433
v -0.0124860000 0.0313669903 0.0112260994
v -0.0124860000 0.0313696656 0.0112355533
v -0.0124860000 0.0313721963 0.0112454048
v -0.0124860000 0.0313745823 0.0112556540
v -0.0124860000 0.0313768238 0.0112663008
v -0.0124860000 0.0313789567 0.0112781588
v -0.0124860000 0.0313810174 0.0112920413
v -0.0124860000 0.0313830058 0.0113079484
v -0.0124860000 0.0313849219 0.0113258799
v -0.0124860000 0.0313867657 0.0113458360
v -0.0124860000 0.0313885371 0.0113678167
v -0.0124860000 0.0313902363 0.0113918218
v -0.0124860000 0.0313918631 0.0114178515
v -0.0124860000 0.0313934177 0.0114459057
v -0.0124860000 0.0313948999 0.0114759845
v -0.0124860000 0.0314165913 0.0119188509
v -0.0124860000 0.0314208031 0.0119691930
v -0.0124860000 0.0314283770 0.0120161007
v -0.0124860000 0.0314393131 0.0120595739
v -0.0124860000 0.0314536114 0.0120996127
v -0.0124860000 0.0314712718 0.0121362169
v -0.0124860000 0.0314922944 0.0121693867
v -0.0124860000 0.0315166791 0.0121991220
v -0.0124860000 0.0315444261 0.0122254229
v -0.0124860000 0.0315755352 0.0122482892
v -0.0124860000 0.0316100065 0.0122677211
v -0.0124860000 0.0316317883 0.0122769942
v -0.0124860000 0.0316559199 0.0122852912
v -0.0124860000 0.0316824015 0.0122926120
v -0.0124860000 0.0317112331 0.0122989567
v -0.0124860000 0.0317424145 0.0123043254
v -0.0124860000 0.0317759458 0.0123087179
v -0.0124860000 0.0318118270 0.0123121343
v -0.0124860000 0.0318500581 0.0123145746
v -0.0124860000 0.0318906391 0.0123160387
v -0.0124860000 0.0319335700 0.0123165268
v -0.0124860000 0.0327524209 0.0123165268
v -0.0124860000 0.0327524209 0.0111777276
v -0.0124860000 0.0331121369 0.0111777276
v -0.0124860000 0.0331121369 0.0138331181
v -0.0124860000 0.0318829567 0.0138331181
v -0.0124860000 0.0318232873 0.0138322324
v -0.0124860000 0.0318239199 0.0126206404
v -0.0124860000 0.0317785939 0.0126257017
v -0.0124860000 0.0317353828 0.0126327876
v -0.0124860000 0.0316942866 0.0126418980
v -0.0124860000 0.0316553054 0.0126530329
v -0.0124860000 0.0316184390 0.0126661924
v -0.0124860000 0.0315836875 0.0126813764
v -0.0124860000 0.0315510510 0.0126985849
v -0.0124860000 0.0315205294 0.0127178179
v -0.0124860000 0.0314925384 0.0127396901
v -0.0124860000 0.0314674939 0.0127648160
v -0.0124860000 0.0314453957 0.0127931956
v -0.0124860000 0.0314262440 0.0128248289
v -0.0124860000 0.0314100387 0.0128597159
v -0.0124860000 0.0313967799 0.0128978567
v -0.0124860000 0.0313864674 0.0129392511
v -0.0124860000 0.0313791014 0.0129838993
v -0.0124860000 0.0313746817 0.0130318012
v -0.0124860000 0.0313732085 0.0130829567
v -0.0124860000 0.0313752692 0.0131379083
v -0.0124860000 0.0313814513 0.0131892447
v -0.0124860000 0.0313917547 0.0132369658
v -0.0124860000 0.0314061795 0.0132810717
v -0.0124860000 0.0314247256 0.0133215623
v -0.0124860000 0.0314473932 0.0133584377
v -0.0124860000 0.0314741821 0.0133916979
v -0.0124860000 0.0315050923 0.0134213428
v -0.0124860000 0.0315401240 0.0134473725
v -0.0124860000 0.0315792770 0.0134697870
v -0.0124860000 0.0316020710 0.0134800904
v -0.0124860000 0.0316263473 0.0134893092
v -0.0124860000 0.0316521059 0.0134974435
v -0.0124860000 0.0316793467 0.0135044932
v -0.0124860000 0.0317080697 0.0135104584
v -0.0124860000 0.0317382750 0.0135153389
v -0.0124860000 0.0317699626 0.0135191349
v -0.0124860000 0.0318031323 0.0135218464
v -0.0124860000 0.0318377844 0.0135234732
v -0.0124860000 0.0318739187 0.0135240155
v -0.0124860000 0.0327524209 0.0135240155
v -0.0124860000 0.0327524209 0.0126165913
v -0.0124860000 0.0319209167 0.0126165913
v -0.0124860000 0.0318713609 0.0126176036
v -0.0124980000 0.0317657508 0.0138295752
v -0.0124980000 0.0317103473 0.0138251465
v -0.0124980000 0.0316570768 0.0138189464
v -0.0124980000 0.0316059393 0.0138109748
v -0.0124980000 0.0315569348 0.0138012318
v -0.0124980000 0.0315100633 0.0137897172
v -0.0124980000 0.0314653247 0.0137764312
v -0.0124980000 0.0314227192 0.0137613738
v -0.0124980000 0.0313822466 0.0137445449
v -0.0124980000 0.0313111530 0.0137076875
v -0.0124980000 0.0312475429 0.0136650820
v -0.0124980000 0.0311914164 0.0136167282
v -0.0124980000 0.0311427734 0.0135626262
v -0.0124980000 0.0311016139 0.0135027760
v -0.0124980000 0.0310679380 0.0134371775
v -0.0124980000 0.0310417456 0.0133658309
v -0.0124980000 0.0310230368 0.0132887360
v -0.0124980000 0.0310118115 0.0132058928
v -0.0124980000 0.0310080697 0.0131173015
v -0.0124980000 0.0310090549 0.0130704480
v -0.0124980000 0.0310120103 0.0130253299
v -0.0124980000 0.0310169361 0.0129819471
v -0.0124980000 0.0310238321 0.0129402995
v -0.0124980000 0.0310326985 0.0129003873
v -0.0124980000 0.0310435352 0.0128622105
v -0.0124980000 0.0310563422 0.0128257689
v -0.0124980000 0.0310711194 0.0127910626
v -0.0124980000 0.0310878670 0.0127580917
v -0.0124980000 0.0311065849 0.0127268560
v -0.0124980000 0.0311270742 0.0126970846
v -0.0124980000 0.0311491362 0.0126685061
v -0.0124980000 0.0311727708 0.0126411207
v -0.0124980000 0.0311979781 0.0126149283
v -0.0124980000 0.0312247579 0.0125899290
v -0.0124980000 0.0312531104 0.0125661227
v -0.0124980000 0.0312830355 0.0125435094
v -0.0124980000 0.0313145332 0.0125220891
v -0.0124980000 0.0313476036 0.0125018618
v -0.0124980000 0.0313822466 0.0124828276
v -0.0124980000 0.0313519238 0.0124697766
v -0.0124980000 0.0313231375 0.0124559303
v -0.0124980000 0.0312958877 0.0124412886
v -0.0124980000 0.0312701743 0.0124258515
v -0.0124980000 0.0312459974 0.0124096191
v -0.0124980000 0.0312233570 0.0123925913
v -0.0124980000 0.0312022531 0.0123747682
v -0.0124980000 0.0311826856 0.0123561498
v -0.0124980000 0.0311646546 0.0123367360
v -0.0124980000 0.0311481601 0.0123165268
v -0.0124980000 0.0311331298 0.0122946365
v -0.0124980000 0.0311194913 0.0122701795
v -0.0124980000 0.0311072447 0.0122431556
v -0.0124980000 0.0310963899 0.0122135649
v -0.0124980000 0.0310869270 0.0121814074
v -0.0124980000 0.0310788560 0.0121466830
v -0.0124980000 0.0310721769 0.0121093919
v -0.0124980000 0.0310668896 0.0120695339
v -0.0124980000 0.0310629942 0.0120271091
v -0.0124980000 0.0310604906 0.0119821175
v -0.0124980000 0.0310478373 0.0116260168
v -0.0124980000 0.0310466081 0.0115964261
v -0.0124980000 0.0310450897 0.0115683899
v -0.0124980000 0.0310432821 0.0115419083
v -0.0124980000 0.0310411853 0.0115169813
v -0.0124980000 0.0310387992 0.0114936088
v -0.0124980000 0.0310361240 0.0114717908
v -0.0124980000 0.0310331595 0.0114515274
v -0.0124980000 0.0310299057 0.0114328186
v -0.0124980000 0.0310263628 0.0114156643
v -0.0124980000 0.0310225307 0.0114000646
v -0.0124980000 0.0310155171 0.0113756617
v -0.0124980000 0.0310074913 0.0113530665
v -0.0124980000 0.0309984532 0.0113322789
v -0.0124980000 0.0309884028 0.0113132989
v -0.0124980000 0.0309773402 0.0112961265
v -0.0124980000 0.0309652653 0.0112807618
v -0.0124980000 0.0309521782 0.0112672046
v -0.0124980000 0.0309380788 0.0112554551
v -0.0124980000 0.0309229671 0.0112455132
v -0.0124980000 0.0309068431 0.0112373790
v -0.0124980000 0.0309068431 0.0111777276
v -0.0124980000 0.0313479019 0.0111777276
v -0.0124980000 0.0313514448 0.0111847954
v -0.0124980000 0.0313548431 0.0111922608
v -0.0124980000 0.0313580968 0.0112001240
v -0.0124980000 0.0313612059 0.0112083848
v -0.0124980000 0.0313641704 0.0112170433
v -0.0124980000 0.0313669903 0.0112260994
v -0.0124980000 0.0313696656 0.0112355533
v -0.0124980000 0.0313721963 0.0112454048
v -0.0124980000 0.0313745823 0.0112556540
v -0.0124980000 0.0313768238 0.0112663008
v -0.0124980000 0.0313789567 0.0112781588
v -0.0124980000 0.0313810174 0.0112920413
v -0.0124980000 0.0313830058 0.0113079484
v -0.0124980000 0.0313849219 0.0113258799
v -0.0124980000 0.0313867657 0.0113458360
v -0.0124980000 0.0313885371 0.0113678167
v -0.0124980000 0.0313902363 0.0113918218
v -0.0124980000 0.0313918631 0.0114178515
v -0.0124980000 0.0313934177 0.0114459057
v -0.0124980000 0.0313948999 0.0114759845
v -0.0124980000 0.0314165913 0.0119188509
v -0.0124980000 0.0314208031 0.0119691930
v -0.0124980000 0.0314283770 0.0120161007
v -0.0124980000 0.0314393131 0.0120595739
v -0.0124980000 0.0314536114 0.0120996127
v -0.0124980000 0.0314712718 0.0121362169
v -0.0124980000 0.0314922944 0.0121693867
v -0.0124980000 0.0315166791 0.0121991220
v -0.0124980000 0.0315444261 0.0122254229
v -0.0124980000 0.0315755352 0.0122482892
v -0.0124980000 0.0316100065 0.0122677211
v -0.0124980000 0.0316317883 0.0122769942
v -0.0124980000 0.0316559199 0.0122852912
v -0.0124980000 0.0316824015 0.0122926120
v -0.0124980000 0.0317112331 0.0122989567
v -0.0124980000 0.0317424145 0.0123043254
v -0.0124980000 0.0317759458 0.0123087179
v -0.0124980000 0.0318118270 0.0123121343
v -0.0124980000 0.0318500581 0.0123145746
v -0.0124980000 0.0318906391 0.0123160387
v -0.0124980000 0.0319335700 0.0123165268
v -0.0124980000 0.0327524209 0.0123165268
v -0.0124980000 0.0327524209 0.0111777276
v -0.0124980000 0.0331121369 0.0111777276
v -0.0124980000 0.0331121369 0.0138331181
v -0.0124980000 0.0318829567 0.0138331181
v -0.0124980000 0.0318232873 0.0138322324
v -0.0124980000 0.0318239199 0.0126206404
v -0.0124980000 0.0317785939 0.0126257017
v -0.0124980000 0.0317353828 0.0126327876
v -0.0124980000 0.0316942866 0.0126418980
v -0.0124980000 0.0316553054 0.0126530329
v -0.0124980000 0.0316184390 0.0126661924
v -0.0124980000 0.0315836875 0.0126813764
v -0.0124980000 0.0315510510 0.0126985849
v -0.0124980000 0.0315205294 0.0127178179
v -0.0124980000 0.0314925384 0.0127396901
v -0.0124980000 0.0314674939 0.0127648160
v -0.0124980000 0.0314453957 0.0127931956
v -0.0124980000 0.0314262440 0.0128248289
v -0.0124980000 0.0314100387 0.0128597159
v -0.0124980000 0.0313967799 0.0128978567
v -0.0124980000 0.0313864674 0.0129392511
v -0.0124980000 0.0313791014 0.0129838993
v -0.0124980000 0.0313746817 0.0130318012
v -0.0124980000 0.0313732085 0.0130829567
v -0.0124980000 0.0313752692 0.0131379083
v -0.0124980000 0.0313814513 0.0131892447
v -0.0124980000 0.0313917547 0.0132369658
v -0.0124980000 0.0314061795 0.0132810717
v -0.0124980000 0.0314247256 0.0133215623
v -0.0124980000 0.0314473932 0.0133584377
v -0.0124980000 0.0314741821 0.0133916979
v -0.0124980000 0.0315050923 0.0134213428
v -0.0124980000 0.0315401240 0.0134473725
v -0.0124980000 0.0315792770 0.0134697870
v -0.0124980000 0.0316020710 0.0134800904
v -0.0124980000 0.0316263473 0.0134893092
v -0.0124980000 0.0316521059 0.0134974435
v -0.0124980000 0.0316793467 0.0135044932
v -0.0124980000 0.0317080697 0.0135104584
v -0.0124980000 0.0317382750 0.0135153389
v -0.0124980000 0.0317699626 0.0135191349
v -0.0124980000 0.0318031323 0.0135218464
v -0.0124980000 0.0318377844 0.0135234732
v -0.0124980000 0.0318739187 0.0135240155
v -0.0124980000 0.0327524209 0.0135240155
v -0.0124980000 0.0327524209 0.0126165913
v -0.0124980000 0.0319209167 0.0126165913
v -0.0124980000 0.0318713609 0.0126176036
v -0.0124860000 0.0289724028 0.0127177637
v -0.0124860000 0.0289574358 0.0126850639
v -0.0124860000 0.0289437702 0.0126513880
v -0.0124860000 0.0289314061 0.0126167360
v -0.0124860000 0.0289203434 0.0125811078
v -0.0124860000 0.0289105823 0.0125445036
v -0.0124860000 0.0289021227 0.0125069232
v -0.0124860000 0.0288949645 0.0124683667
v -0.0124860000 0.0288894693 0.0124400232
v -0.0124860000 0.0288845526 0.0124084984
v -0.0124860000 0.0288802143 0.0123737921
v -0.0124860000 0.0288764545 0.0123359045
v -0.0124860000 0.0288732731 0.0122948354
v -0.0124860000 0.0288706701 0.0122505849
v -0.0124860000 0.0288686456 0.0122031530
v -0.0124860000 0.0288671995 0.0121525397
v -0.0124860000 0.0288663318 0.0120987450
v -0.0124860000 0.0288660426 0.0120417689
v -0.0124860000 0.0302850226 0.0120417689
v -0.0124860000 0.0302820039 0.0119840065
v -0.0124860000 0.0302765629 0.0119285759
v -0.0124860000 0.0302686998 0.0118754771
v -0.0124860000 0.0302584145 0.0118247101
v -0.0124860000 0.0302457069 0.0117762750
v -0.0124860000 0.0302305771 0.0117301717
v -0.0124860000 0.0302130252 0.0116864003
v -0.0124860000 0.0301930510 0.0116449606
v -0.0124860000 0.0301706546 0.0116058528
v -0.0124860000 0.0301458360 0.0115690768
v -0.0124860000 0.0301183783 0.0115352473
v -0.0124860000 0.0300880646 0.0115049787
v -0.0124860000 0.0300548948 0.0114782711
v -0.0124860000 0.0300188689 0.0114551246
v -0.0124860000 0.0299799871 0.0114355391
v -0.0124860000 0.0299382492 0.0114195145
v -0.0124860000 0.0298936553 0.0114070510
v -0.0124860000 0.0298462053 0.0113981485
v -0.0124860000 0.0297958993 0.0113928070
v -0.0124860000 0.0297427372 0.0113910265
v -0.0124860000 0.0296927928 0.0113927076
v -0.0124860000 0.0296449090 0.0113977508
v -0.0124860000 0.0295990859 0.0114061562
v -0.0124860000 0.0295553234 0.0114179238
v -0.0124860000 0.0295136217 0.0114330536
v -0.0124860000 0.0294739806 0.0114515455
v -0.0124860000 0.0294364003 0.0114733996
v -0.0124860000 0.0294008806 0.0114986159
v -0.0124860000 0.0293674216 0.0115271943
v -0.0124860000 0.0293360232 0.0115591349
v -0.0124860000 0.0293191762 0.0115789645
v -0.0124860000 0.0293033415 0.0115994087
v -0.0124860000 0.0292885190 0.0116204674
v -0.0124860000 0.0292747088 0.0116421407
v -0.0124860000 0.0292619109 0.0116644287
v -0.0124860000 0.0292501252 0.0116873312
v -0.0124860000 0.0292393518 0.0117108483
v -0.0124860000 0.0292295907 0.0117349800
v -0.0124860000 0.0292208418 0.0117597263
v -0.0124860000 0.0292131052 0.0117850872
v -0.0124860000 0.0288931569 0.0117850872
v -0.0124860000 0.0288962750 0.0117635132
v -0.0124860000 0.0289005681 0.0117414513
v -0.0124860000 0.0289060362 0.0117189012
v -0.0124860000 0.0289126791 0.0116958631
v -0.0124860000 0.0289204971 0.0116723370
v -0.0124860000 0.0289294900 0.0116483228
v -0.0124860000 0.0289396578 0.0116238205
v -0.0124860000 0.0289510006 0.0115988302
v -0.0124860000 0.0289635184 0.0115733518
v -0.0124860000 0.0289772111 0.0115473854
v -0.0124860000 0.0289916630 0.0115216540
v -0.0124860000 0.0290064584 0.0114968806
v -0.0124860000 0.0290215972 0.0114730652
v -0.0124860000 0.0290370794 0.0114502079
v -0.0124860000 0.0290529051 0.0114283086
v -0.0124860000 0.0290690742 0.0114073673
v -0.0124860000 0.0290855868 0.0113873841
v -0.0124860000 0.0291024429 0.0113683589
v -0.0124860000 0.0291196423 0.0113502918
v -0.0124860000 0.0291371853 0.0113331827
v -0.0124860000 0.0291675352 0.0113052008
v -0.0124860000 0.0291992950 0.0112790988
v -0.0124860000 0.0292324648 0.0112548767
v -0.0124860000 0.0292670445 0.0112325345
v -0.0124860000 0.0293030342 0.0112120723
v -0.0124860000 0.0293404338 0.0111934900
v -0.0124860000 0.0293792434 0.0111767876
v -0.0124860000 0.0294194629 0.0111619651
v -0.0124860000 0.0294610923 0.0111490226
v -0.0124860000 0.0295041317 0.0111379600
v -0.0124860000 0.0295279380 0.0111324648
v -0.0124860000 0.0295523589 0.0111275481
v -0.0124860000 0.0295773944 0.0111232098
v -0.0124860000 0.0296030445 0.0111194500
v -0.0124860000 0.0296293092 0.0111162686
v -0.0124860000 0.0296561885 0.0111136656
v -0.0124860000 0.0296836824 0.0111116411
v -0.0124860000 0.0297117908 0.0111101950
v -0.0124860000 0.0297405139 0.0111093273
v -0.0124860000 0.0297698515 0.0111090381
v -0.0124860000 0.0298410536 0.0111116682
v -0.0124860000 0.0299100504 0.0111195584
v -0.0124860000 0.0299768418 0.0111327088
v -0.0124860000 0.0300414280 0.0111511194
v -0.0124860000 0.0301038089 0.0111747902
v -0.0124860000 0.0301639845 0.0112037211
v -0.0124860000 0.0302219548 0.0112379122
v -0.0124860000 0.0302777198 0.0112773635
v -0.0124860000 0.0303312795 0.0113220749
v -0.0124860000 0.0303826340 0.0113720465
v -0.0124860000 0.0304303731 0.0114267540
v -0.0124860000 0.0304730872 0.0114856733
v -0.0124860000 0.0305107760 0.0115488044
v -0.0124860000 0.0305434396 0.0116161472
v -0.0124860000 0.0305710781 0.0116877017
v -0.0124860000 0.0305936914 0.0117634680
v -0.0124860000 0.0306112795 0.0118434461
v -0.0124860000 0.0306238425 0.0119276359
v -0.0124860000 0.0306313802 0.0120160374
v -0.0124860000 0.0306338928 0.0121086507
v -0.0124860000 0.0306313622 0.0122001704
v -0.0124860000 0.0306237702 0.0122881833
v -0.0124860000 0.0306111168 0.0123726895
v -0.0124860000 0.0305934022 0.0124536888
v -0.0124860000 0.0305706262 0.0125311814
v -0.0124860000 0.0305427889 0.0126051672
v -0.0124860000 0.0305098903 0.0126756462
v -0.0124860000 0.0304719303 0.0127426185
v -0.0124860000 0.0304289090 0.0128060839
v -0.0124860000 0.0303808263 0.0128660426
v -0.0124860000 0.0303286585 0.0129213376
v -0.0124860000 0.0302733815 0.0129708121
v -0.0124860000 0.0302149955 0.0130144661
v -0.0124860000 0.0301535003 0.0130522995
v -0.0124860000 0.0300888961 0.0130843125
v -0.0124860000 0.0300211827 0.0131105048
v -0.0124860000 0.0299503602 0.0131308767
v -0.0124860000 0.0298764287 0.0131454280
v -0.0124860000 0.0297993880 0.0131541588
v -0.0124860000 0.0297192382 0.0131570691
v -0.0124860000 0.0296781511 0.0131561020
v -0.0124860000 0.0296373170 0.0131532008
v -0.0124860000 0.0295967360 0.0131483654
v -0.0124860000 0.0295564080 0.0131415959
v -0.0124860000 0.0295163331 0.0131328922
v -0.0124860000 0.0294765113 0.0131222544
v -0.0124860000 0.0294369425 0.0131096824
v -0.0124860000 0.0293976269 0.0130951762
v -0.0124860000 0.0293585642 0.0130787360
v -0.0124860000 0.0293197547 0.0130603615
v -0.0124860000 0.0292819935 0.0130404506
v -0.0124860000 0.0292460762 0.0130194009
v -0.0124860000 0.0292120026 0.0129972124
v -0.0124860000 0.0291797728 0.0129738851
v -0.0124860000 0.0291493867 0.0129494190
v -0.0124860000 0.0291208444 0.0129238141
v -0.0124860000 0.0290941459 0.0128970704
v -0.0124860000 0.0290692912 0.0128691879
v -0.0124860000 0.0290462802 0.0128401666
v -0.0124860000 0.0290251130 0.0128100065
v -0.0124860000 0.0290062414 0.0127802350
v -0.0124860000 0.0289886714 0.0127494874
v -0.0124860000 0.0292105023 0.0123814564
v -0.0124860000 0.0292171001 0.0124195068
v -0.0124860000 0.0292247463 0.0124558580
v -0.0124860000 0.0292334409 0.0124905100
v -0.0124860000 0.0292431840 0.0125234629
v -0.0124860000 0.0292539755 0.0125547166
v -0.0124860000 0.0292658154 0.0125842711
v -0.0124860000 0.0292787037 0.0126121265
v -0.0124860000 0.0292926404 0.0126382828
v -0.0124860000 0.0293211827 0.0126829309
v -0.0124860000 0.0293533041 0.0127228793
v -0.0124860000 0.0293890045 0.0127581278
v -0.0124860000 0.0294282841 0.0127886766
v -0.0124860000 0.0294711427 0.0128145255
v -0.0124860000 0.0295175804 0.0128356746
v -0.0124860000 0.0295675972 0.0128521240
v -0.0124860000 0.0296211930 0.0128638735
v -0.0124860000 0.0296783680 0.0128709232
v -0.0124860000 0.0297391220 0.0128732731
v -0.0124860000 0.0297832279 0.0128716553
v -0.0124860000 0.0298258877 0.0128668018
v -0.0124860000 0.0298671014 0.0128587127
v -0.0124860000 0.0299068689 0.0128473880
v -0.0124860000 0.0299451904 0.0128328276
v -0.0124860000 0.0299820658 0.0128150316
v -0.0124860000 0.0300174952 0.0127940000
v -0.0124860000 0.0300514784 0.0127697327
v -0.0124860000 0.0300840155 0.0127422298
v -0.0124860000 0.0301151065 0.0127114913
v -0.0124860000 0.0301440465 0.0126782582
v -0.0124860000 0.0301701304 0.0126432718
v -0.0124860000 0.0301933583 0.0126065320
v -0.0124860000 0.0302137301 0.0125680387
v -0.0124860000 0.0302312460 0.0125277921
v -0.0124860000 0.0302459057 0.0124857921
v -0.0124860000 0.0302577095 0.0124420387
v -0.0124860000 0.0302666572 0.0123965320
v -0.0124860000 0.0302727489 0.0123492718
v -0.0124860000 0.0302759845 0.0123002582
v -0.0124860000 0.0292004519 0.0123002582
v -0.0124860000 0.0292049529 0.0123417069
v -0.0124980000 0.0289724028 0.0127177637
v -0.0124980000 0.0289574358 0.0126850639
v -0.0124980000 0.0289437702 0.0126513880
v -0.0124980000 0.0289314061 0.0126167360
v -0.0124980000 0.0289203434 0.0125811078
v -0.0124980000 0.0289105823 0.0125445036
v -0.0124980000 0.0289021227 0.0125069232
v -0.0124980000 0.0288949645 0.0124683667
v -0.0124980000 0.0288894693 0.0124400232
v -0.0124980000 0.0288845526 0.0124084984
v -0.0124980000 0.0288802143 0.0123737921
v -0.0124980000 0.0288764545 0.0123359045
v -0.0124980000 0.0288732731 0.0122948354
v -0.0124980000 0.0288706701 0.0122505849
v -0.0124980000 0.0288686456 0.0122031530
v -0.0124980000 0.0288671995 0.0121525397
v -0.0124980000 0.0288663318 0.0120987450
v -0.0124980000 0.0288660426 0.0120417689
v -0.0124980000 0.0302850226 0.0120417689
v -0.0124980000 0.0302820039 0.0119840065
v -0.0124980000 0.0302765629 0.0119285759
v -0.0124980000 0.0302686998 0.0118754771
v -0.0124980000 0.0302584145 0.0118247101
v -0.0124980000 0.0302457069 0.0117762750
v -0.0124980000 0.0302305771 0.0117301717
v -0.0124980000 0.0302130252 0.0116864003
v -0.0124980000 0.0301930510 0.0116449606
v -0.0124980000 0.0301706546 0.0116058528
v -0.0124980000 0.0301458360 0.0115690768
v -0.0124980000 0.0301183783 0.0115352473
v -0.0124980000 0.0300880646 0.0115049787
v -0.0124980000 0.0300548948 0.0114782711
v -0.0124980000 0.0300188689 0.0114551246
v -0.0124980000 0.0299799871 0.0114355391
v -0.0124980000 0.0299382492 0.0114195145
v -0.0124980000 0.0298936553 0.0114070510
v -0.0124980000 0.0298462053 0.0113981485
v -0.0124980000 0.0297958993 0.0113928070
v -0.0124980000 0.0297427372 0.0113910265
v -0.0124980000 0.0296927928 0.0113927076
v -0.0124980000 0.0296449090 0.0113977508
v -0.0124980000 0.0295990859 0.0114061562
v -0.0124980000 0.0295553234 0.0114179238
v -0.0124980000 0.0295136217 0.0114330536
v -0.0124980000 0.0294739806 0.0114515455
v -0.0124980000 0.0294364003 0.0114733996
v -0.0124980000 0.0294008806 0.0114986159
v -0.0124980000 0.0293674216 0.0115271943
v -0.0124980000 0.0293360232 0.0115591349
v -0.0124980000 0.0293191762 0.0115789645
v -0.0124980000 0.0293033415 0.0115994087
v -0.0124980000 0.0292885190 0.0116204674
v -0.0124980000 0.0292747088 0.0116421407
v -0.0124980000 0.0292619109 0.0116644287
v -0.0124980000 0.0292501252 0.0116873312
v -0.0124980000 0.0292393518 0.0117108483
v -0.0124980000 0.0292295907 0.0117349800
v -0.0124980000 0.0292208418 0.0117597263
v -0.0124980000 0.0292131052 0.0117850872
v -0.0124980000 0.0288931569 0.0117850872
v -0.0124980000 0.0288962750 0.0117635132
v -0.0124980000 0.0289005681 0.0117414513
v -0.0124980000 0.0289060362 0.0117189012
v -0.0124980000 0.0289126791 0.0116958631
v -0.0124980000 0.0289204971 0.0116723370
v -0.0124980000 0.0289294900 0.0116483228
v -0.0124980000 0.0289396578 0.0116238205
v -0.0124980000 0.0289510006 0.0115988302
v -0.0124980000 0.0289635184 0.0115733518
v -0.0124980000 0.0289772111 0.0115473854
v -0.0124980000 0.0289916630 0.0115216540
v -0.0124980000 0.0290064584 0.0114968806
v -0.0124980000 0.0290215972 0.0114730652
v -0.0124980000 0.0290370794 0.0114502079
v -0.0124980000 0.0290529051 0.0114283086
v -0.0124980000 0.0290690742 0.0114073673
v -0.0124980000 0.0290855868 0.0113873841
v -0.0124980000 0.0291024429 0.0113683589
v -0.0124980000 0.0291196423 0.0113502918
v -0.0124980000 0.0291371853 0.0113331827
v -0.0124980000 0.0291675352 0.0113052008
v -0.0124980000 0.0291992950 0.0112790988
v -0.0124980000 0.0292324648 0.0112548767
v -0.0124980000 0.0292670445 0.0112325345
v -0.0124980000 0.0293030342 0.0112120723
v -0.0124980000 0.0293404338 0.0111934900
v -0.0124980000 0.0293792434 0.0111767876
v -0.0124980000 0.0294194629 0.0111619651
v -0.0124980000 0.0294610923 0.0111490226
v -0.0124980000 0.0295041317 0.0111379600
v -0.0124980000 0.0295279380 0.0111324648
v -0.0124980000 0.0295523589 0.0111275481
v -0.0124980000 0.0295773944 0.0111232098
v -0.0124980000 0.0296030445 0.0111194500
v -0.0124980000 0.0296293092 0.0111162686
v -0.0124980000 0.0296561885 0.0111136656
v -0.0124980000 0.0296836824 0.0111116411
v -0.0124980000 0.0297117908 0.0111101950
v -0.0124980000 0.0297405139 0.0111093273
v -0.0124980000 0.0297698515 0.0111090381
v -0.0124980000 0.0298410536 0.0111116682
v -0.0124980000 0.0299100504 0.0111195584
v -0.0124980000 0.0299768418 0.0111327088
v -0.0124980000 0.0300414280 0.0111511194
v -0.0124980000 0.0301038089 0.0111747902
v -0.0124980000 0.0301639845 0.0112037211
v -0.0124980000 0.0302219548 0.0112379122
v -0.0124980000 0.0302777198 0.0112773635
v -0.0124980000 0.0303312795 0.0113220749
v -0.0124980000 0.0303826340 0.0113720465
v -0.0124980000 0.0304303731 0.0114267540
v -0.0124980000 0.0304730872 0.0114856733
v -0.0124980000 0.0305107760 0.0115488044
v -0.0124980000 0.0305434396 0.0116161472
v -0.0124980000 0.0305710781 0.0116877017
v -0.0124980000 0.0305936914 0.0117634680
v -0.0124980000 0.0306112795 0.0118434461
v -0.0124980000 0.0306238425 0.0119276359
v -0.0124980000 0.0306313802 0.0120160374
v -0.0124980000 0.0306338928 0.0121086507
v -0.0124980000 0.0306313622 0.0122001704
v -0.0124980000 0.0306237702 0.0122881833
v -0.0124980000 0.0306111168 0.0123726895
v -0.0124980000 0.0305934022 0.0124536888
v -0.0124980000 0.0305706262 0.0125311814
v -0.0124980000 0.0305427889 0.0126051672
v -0.0124980000 0.0305098903 0.0126756462
v -0.0124980000 0.0304719303 0.0127426185
v -0.0124980000 0.0304289090 0.0128060839
v -0.0124980000 0.0303808263 0.0128660426
v -0.0124980000 0.0303286585 0.0129213376
v -0.0124980000 0.0302733815 0.0129708121
v -0.0124980000 0.0302149955 0.0130144661
v -0.0124980000 0.0301535003 0.0130522995
v -0.0124980000 0.0300888961 0.0130843125
v -0.0124980000 0.0300211827 0.0131105048
v -0.0124980000 0.0299503602 0.0131308767
v -0.0124980000 0.0298764287 0.0131454280
v -0.0124980000 0.0297993880 0.0131541588
v -0.0124980000 0.0297192382 0.0131570691
v -0.0124980000 0.0296781511 0.0131561020
v -0.0124980000 0.0296373170 0.0131532008
v -0.0124980000 0.0295967360 0.0131483654
v -0.0124980000 0.0295564080 0.0131415959
v -0.0124980000 0.0295163331 0.0131328922
v -0.0124980000 0.0294765113 0.0131222544
v -0.0124980000 0.0294369425 0.0131096824
v -0.0124980000 0.0293976269 0.0130951762
v -0.0124980000 0.0293585642 0.0130787360
v -0.0124980000 0.0293197547 0.0130603615
v -0.0124980000 0.0292819935 0.0130404506
v -0.0124980000 0.0292460762 0.0130194009
v -0.0124980000 0.0292120026 0.0129972124
v -0.0124980000 0.0291797728 0.0129738851
v -0.0124980000 0.0291493867 0.0129494190
v -0.0124980000 0.0291208444 0.0129238141
v -0.0124980000 0.0290941459 0.0128970704
v -0.0124980000 0.0290692912 0.0128691879
v -0.0124980000 0.0290462802 0.0128401666
v -0.0124980000 0.0290251130 0.0128100065
v -0.0124980000 0.0290062414 0.0127802350
v -0.0124980000 0.0289886714 0.0127494874
v -0.0124980000 0.0292105023 0.0123814564
v -0.0124980000 0.0292171001 0.0124195068
v -0.0124980000 0.0292247463 0.0124558580
v -0.0124980000 0.0292334409 0.0124905100
v -0.0124980000 0.0292431840 0.0125234629
v -0.0124980000 0.0292539755 0.0125547166
v -0.0124980000 0.0292658154 0.0125842711
v -0.0124980000 0.0292787037 0.0126121265
v -0.0124980000 0.0292926404 0.0126382828
v -0.0124980000 0.0293211827 0.0126829309
v -0.0124980000 0.0293533041 0.0127228793
v -0.0124980000 0.0293890045 0.0127581278
v -0.0124980000 0.0294282841 0.0127886766
v -0.0124980000 0.0294711427 0.0128145255
v -0.0124980000 0.0295175804 0.0128356746
v -0.0124980000 0.0295675972 0.0128521240
v -0.0124980000 0.0296211930 0.0128638735
v -0.0124980000 0.0296783680 0.0128709232
v -0.0124980000 0.0297391220 0.0128732731
v -0.0124980000 0.0297832279 0.0128716553
v -0.0124980000 0.0298258877 0.0128668018
v -0.0124980000 0.0298671014 0.0128587127
v -0.0124980000 0.0299068689 0.0128473880
v -0.0124980000 0.0299451904 0.0128328276
v -0.0124980000 0.0299820658 0.0128150316
v -0.0124980000 0.0300174952 0.0127940000
v -0.0124980000 0.0300514784 0.0127697327
v -0.0124980000 0.0300840155 0.0127422298
v -0.0124980000 0.0301151065 0.0127114913
v -0.0124980000 0.0301440465 0.0126782582
v -0.0124980000 0.0301701304 0.0126432718
v -0.0124980000 0.0301933583 0.0126065320
v -0.0124980000 0.0302137301 0.0125680387
v -0.0124980000 0.0302312460 0.0125277921
v -0.0124980000 0.0302459057 0.0124857921
v -0.0124980000 0.0302577095 0.0124420387
v -0.0124980000 0.0302666572 0.0123965320
v -0.0124980000 0.0302727489 0.0123492718
v -0.0124980000 0.0302759845 0.0123002582
v -0.0124980000 0.0292004519 0.0123002582
v -0.0124980000 0.0292049529 0.0123417069
v -0.0124860000 0.0273871220 0.0123592589
v -0.0124860000 0.0273684132 0.0123654048
v -0.0124860000 0.0273511866 0.0123728522
v -0.0124860000 0.0273354422 0.0123816010
v -0.0124860000 0.0273211801 0.0123916514
v -0.0124860000 0.0273084003 0.0124030032
v -0.0124860000 0.0272971026 0.0124156566
v -0.0124860000 0.0272872873 0.0124296114
v -0.0124860000 0.0272789542 0.0124448677
v -0.0124860000 0.0272748328 0.0124539238
v -0.0124860000 0.0272711453 0.0124637392
v -0.0124860000 0.0272678915 0.0124743138
v -0.0124860000 0.0272650717 0.0124856475
v -0.0124860000 0.0272626856 0.0124977405
v -0.0124860000 0.0272607334 0.0125105926
v -0.0124860000 0.0272592150 0.0125242040
v -0.0124860000 0.0272581304 0.0125385746
v -0.0124860000 0.0272574797 0.0125537043
v -0.0124860000 0.0272572628 0.0125695933
v -0.0124860000 0.0272584467 0.0126019406
v -0.0124860000 0.0272619987 0.0126324622
v -0.0124860000 0.0272679187 0.0126611582
v -0.0124860000 0.0272762066 0.0126880284
v -0.0124860000 0.0272868625 0.0127130730
v -0.0124860000 0.0272998864 0.0127362918
v -0.0124860000 0.0273152782 0.0127576850
v -0.0124860000 0.0273330381 0.0127772524
v -0.0124860000 0.0273531659 0.0127949942
v -0.0124860000 0.0273756617 0.0128109103
v -0.0124860000 0.0274003628 0.0128251633
v -0.0124860000 0.0274271065 0.0128379161
v -0.0124860000 0.0274558928 0.0128491685
v -0.0124860000 0.0274867218 0.0128589206
v -0.0124860000 0.0275195933 0.0128671724
v -0.0124860000 0.0275545074 0.0128739238
v -0.0124860000 0.0275914642 0.0128791750
v -0.0124860000 0.0276304635 0.0128829258
v -0.0124860000 0.0276715055 0.0128851762
v -0.0124860000 0.0277145901 0.0128859264
v -0.0124860000 0.0277640826 0.0128845526
v -0.0124860000 0.0278106107 0.0128804312
v -0.0124860000 0.0278541743 0.0128735623
v -0.0124860000 0.0278947734 0.0128639458
v -0.0124860000 0.0279324080 0.0128515817
v -0.0124860000 0.0279670781 0.0128364700
v -0.0124860000 0.0279987837 0.0128186107
v -0.0124860000 0.0280275249 0.0127980039
v -0.0124860000 0.0280533015 0.0127746495
v -0.0124860000 0.0280761136 0.0127485474
v -0.0124860000 0.0280876281 0.0127326223
v -0.0124860000 0.0280983112 0.0127152150
v -0.0124860000 0.0281081627 0.0126963254
v -0.0124860000 0.0281171827 0.0126759535
v -0.0124860000 0.0281253712 0.0126540994
v -0.0124860000 0.0281327282 0.0126307631
v -0.0124860000 0.0281392537 0.0126059445
v -0.0124860000 0.0281449477 0.0125796436
v -0.0124860000 0.0281498102 0.0125518606
v -0.0124860000 0.0281538412 0.0125225952
v -0.0124860000 0.0284575210 0.0125225952
v -0.0124860000 0.0284535713 0.0125919987
v -0.0124860000 0.0284453376 0.0126570458
v -0.0124860000 0.0284328199 0.0127177366
v -0.0124860000 0.0284160181 0.0127740710
v -0.0124860000 0.0283949322 0.0128260491
v -0.0124860000 0.0283695623 0.0128736708
v -0.0124860000 0.0283399083 0.0129169361
v -0.0124860000 0.0283059703 0.0129558451
v -0.0124860000 0.0282677482 0.0129903977
v -0.0124860000 0.0282252421 0.0130205939
v -0.0124860000 0.0281798799 0.0130472111
v -0.0124860000 0.0281330897 0.0130710265
v -0.0124860000 0.0280848715 0.0130920400
v -0.0124860000 0.0280352253 0.0131102518
v -0.0124860000 0.0279841511 0.0131256617
v -0.0124860000 0.0279316488 0.0131382699
v -0.0124860000 0.0278777185 0.0131480762
v -0.0124860000 0.0278223602 0.0131550807
v -0.0124860000 0.0277655739 0.0131592834
v -0.0124860000 0.0277073596 0.0131606843
v -0.0124860000 0.0276403150 0.0131593828
v -0.0124860000 0.0275758373 0.0131554784
v -0.0124860000 0.0275139264 0.0131489709
v -0.0124860000 0.0274545823 0.0131398606
v -0.0124860000 0.0273978050 0.0131281472
v -0.0124860000 0.0273435946 0.0131138309
v -0.0124860000 0.0272919509 0.0130969116
v -0.0124860000 0.0272428741 0.0130773893
v -0.0124860000 0.0271963641 0.0130552640
v -0.0124860000 0.0271524209 0.0130305358
v -0.0124860000 0.0271122376 0.0130030600
v -0.0124860000 0.0270762841 0.0129726921
v -0.0124860000 0.0270445604 0.0129394319
v -0.0124860000 0.0270170665 0.0129032795
v -0.0124860000 0.0269938025 0.0128642350
v -0.0124860000 0.0269747682 0.0128222983
v -0.0124860000 0.0269599638 0.0127774693
v -0.0124860000 0.0269493893 0.0127297482
v -0.0124860000 0.0269430445 0.0126791349
v -0.0124860000 0.0269409296 0.0126256294
v -0.0124860000 0.0269409296 0.0115103292
v -0.0124860000 0.0269407218 0.0115004054
v -0.0124860000 0.0269400981 0.0114908793
v -0.0124860000 0.0269390587 0.0114817508
v -0.0124860000 0.0269376036 0.0114730200
v -0.0124860000 0.0269357327 0.0114646869
v -0.0124860000 0.0269334461 0.0114567515
v -0.0124860000 0.0269307437 0.0114492137
v -0.0124860000 0.0269276256 0.0114420736
v -0.0124860000 0.0269240917 0.0114353312
v -0.0124860000 0.0269201420 0.0114289864
v -0.0124860000 0.0269155236 0.0114231478
v -0.0124860000 0.0269099832 0.0114179238
v -0.0124860000 0.0269035210 0.0114133144
v -0.0124860000 0.0268961369 0.0114093196
v -0.0124860000 0.0268878309 0.0114059393
v -0.0124860000 0.0268786030 0.0114031737
v -0.0124860000 0.0268684532 0.0114010226
v -0.0124860000 0.0268573815 0.0113994861
v -0.0124860000 0.0268453880 0.0113985642
v -0.0124860000 0.0268324726 0.0113982569
v -0.0124860000 0.0268280801 0.0113982841
v -0.0124860000 0.0268235791 0.0113983654
v -0.0124860000 0.0268189697 0.0113985010
v -0.0124860000 0.0268142518 0.0113986908
v -0.0124860000 0.0268094254 0.0113989348
v -0.0124860000 0.0268044906 0.0113992331
v -0.0124860000 0.0267994474 0.0113995855
v -0.0124860000 0.0267942957 0.0113999923
v -0.0124860000 0.0267890355 0.0114004532
v -0.0124860000 0.0267836669 0.0114009684
v -0.0124860000 0.0267782079 0.0114015378
v -0.0124860000 0.0267726766 0.0114021614
v -0.0124860000 0.0267670730 0.0114028393
v -0.0124860000 0.0267613970 0.0114035713
v -0.0124860000 0.0267556488 0.0114043577
v -0.0124860000 0.0267498283 0.0114051982
v -0.0124860000 0.0267439354 0.0114060930
v -0.0124860000 0.0267379703 0.0114070420
v -0.0124860000 0.0267319329 0.0114080452
v -0.0124860000 0.0267258231 0.0114091026
v -0.0124860000 0.0267258231 0.0111686895
v -0.0124860000 0.0267406456 0.0111645139
v -0.0124860000 0.0267547450 0.0111606637
v -0.0124860000 0.0267681214 0.0111571388
v -0.0124860000 0.0267807747 0.0111539393
v -0.0124860000 0.0267927050 0.0111510652
v -0.0124860000 0.0268039122 0.0111485165
v -0.0124860000 0.0268143964 0.0111462931
v -0.0124860000 0.0268241575 0.0111443951
v -0.0124860000 0.0268331956 0.0111428225
v -0.0124860000 0.0268415107 0.0111415752
v -0.0124860000 0.0268497534 0.0111405449
v -0.0124860000 0.0268585746 0.0111396230
v -0.0124860000 0.0268679742 0.0111388096
v -0.0124860000 0.0268779522 0.0111381046
v -0.0124860000 0.0268885087 0.0111375081
v -0.0124860000 0.0268996436 0.0111370200
v -0.0124860000 0.0269113570 0.0111366404
v -0.0124860000 0.0269236488 0.0111363693
v -0.0124860000 0.0269365190 0.0111362066
v -0.0124860000 0.0269499677 0.0111361524
v -0.0124860000 0.0269826675 0.0111373454
v -0.0124860000 0.0270135236 0.0111409245
v -0.0124860000 0.0270425358 0.0111468896
v -0.0124860000 0.0270697043 0.0111552408
v -0.0124860000 0.0270950291 0.0111659781
v -0.0124860000 0.0271185100 0.0111791014
v -0.0124860000 0.0271401472 0.0111946107
v -0.0124860000 0.0271599406 0.0112125061
v -0.0124860000 0.0271778903 0.0112327876
v -0.0124860000 0.0271939961 0.0112554551
v -0.0124860000 0.0272017147 0.0112686327
v -0.0124860000 0.0272089632 0.0112828586
v -0.0124860000 0.0272157418 0.0112981330
v -0.0124860000 0.0272220504 0.0113144558
v -0.0124860000 0.0272278890 0.0113318270
v -0.0124860000 0.0272332576 0.0113502466
v -0.0124860000 0.0272381562 0.0113697147
v -0.0124860000 0.0272425849 0.0113902311
v -0.0124860000 0.0272465436 0.0114117960
v -0.0124860000 0.0272500323 0.0114344093
v -0.0124860000 0.0272707837 0.0114087230
v -0.0124860000 0.0272932705 0.0113837237
v -0.0124860000 0.0273174926 0.0113594112
v -0.0124860000 0.0273434500 0.0113357857
v -0.0124860000 0.0273711427 0.0113128470
v -0.0124860000 0.0274005707 0.0112905952
v -0.0124860000 0.0274317340 0.0112690303
v -0.0124860000 0.0274646327 0.0112481524
v -0.0124860000 0.0274992666 0.0112279613
v -0.0124860000 0.0275356359 0.0112084571
v -0.0124860000 0.0275732524 0.0111902544
v -0.0124860000 0.0276116281 0.0111739677
v -0.0124860000 0.0276507631 0.0111595972
v -0.0124860000 0.0276906572 0.0111471427
v -0.0124860000 0.0277313105 0.0111366043
v -0.0124860000 0.0277727230 0.0111279819
v -0.0124860000 0.0278148948 0.0111212757
v -0.0124860000 0.0278578257 0.0111164855
v -0.0124860000 0.0279015158 0.0111136114
v -0.0124860000 0.0279459651 0.0111126533
v -0.0124860000 0.0279988470 0.0111142892
v -0.0124860000 0.0280497586 0.0111191969
v -0.0124860000 0.0280986998 0.0111273764
v -0.0124860000 0.0281456708 0.0111388276
v -0.0124860000 0.0281906714 0.0111535507
v -0.0124860000 0.0282337017 0.0111715455
v -0.0124860000 0.0282747618 0.0111928121
v -0.0124860000 0.0283138515 0.0112173505
v -0.0124860000 0.0283509709 0.0112451607
v -0.0124860000 0.0283861201 0.0112762427
v -0.0124860000 0.0284185759 0.0113097831
v -0.0124860000 0.0284476152 0.0113449684
v -0.0124860000 0.0284732382 0.0113817986
v -0.0124860000 0.0284954448 0.0114202737
v -0.0124860000 0.0285142350 0.0114603938
v -0.0124860000 0.0285296088 0.0115021588
v -0.0124860000 0.0285415662 0.0115455688
v -0.0124860000 0.0285501072 0.0115906236
v -0.0124860000 0.0285552318 0.0116373234
v -0.0124860000 0.0285569400 0.0116856682
v -0.0124860000 0.0285552589 0.0117383241
v -0.0124860000 0.0285502156 0.0117885578
v -0.0124860000 0.0285418102 0.0118363693
v -0.0124860000 0.0285300426 0.0118817586
v -0.0124860000 0.0285149128 0.0119247256
v -0.0124860000 0.0284964209 0.0119652705
v -0.0124860000 0.0284745668 0.0120033932
v -0.0124860000 0.0284493505 0.0120390936
v -0.0124860000 0.0284207721 0.0120723719
v -0.0124860000 0.0283888315 0.0121032279
v -0.0124860000 0.0283541614 0.0121317340
v -0.0124860000 0.0283173944 0.0121579626
v -0.0124860000 0.0282785307 0.0121819135
v -0.0124860000 0.0282375700 0.0122035868
v -0.0124860000 0.0281945126 0.0122229826
v -0.0124860000 0.0281493583 0.0122401007
v -0.0124860000 0.0281021072 0.0122549413
v -0.0124860000 0.0280527592 0.0122675042
v -0.0124860000 0.0280013144 0.0122777895
v -0.0124860000 0.0279477728 0.0122857973
v -0.0124860000 0.0274289864 0.0123508715
v -0.0124860000 0.0274073131 0.0123544145
v -0.0124860000 0.0278358089 0.0113900142
v -0.0124860000 0.0278017895 0.0113924003
v -0.0124860000 0.0277679871 0.0113963770
v -0.0124860000 0.0277344015 0.0114019445
v -0.0124860000 0.0277010329 0.0114091026
v -0.0124860000 0.0276678812 0.0114178515
v -0.0124860000 0.0276349464 0.0114281911
v -0.0124860000 0.0276022285 0.0114401214
v -0.0124860000 0.0275697276 0.0114536423
v -0.0124860000 0.0275374435 0.0114687540
v -0.0124860000 0.0274859264 0.0114968263
v -0.0124860000 0.0274398321 0.0115282608
v -0.0124860000 0.0273991607 0.0115630575
v -0.0124860000 0.0273639122 0.0116012163
v -0.0124860000 0.0273340865 0.0116427372
v -0.0124860000 0.0273096837 0.0116876204
v -0.0124860000 0.0272907037 0.0117358657
v -0.0124860000 0.0272771465 0.0117874732
v -0.0124860000 0.0272690123 0.0118424429
v -0.0124860000 0.0272663008 0.0119007747
v -0.0124860000 0.0272663008 0.0121628793
v -0.0124860000 0.0272785746 0.0121554138
v -0.0124860000 0.0272915352 0.0121482014
v -0.0124860000 0.0273051827 0.0121412421
v -0.0124860000 0.0273195171 0.0121345358
v -0.0124860000 0.0273345384 0.0121280826
v -0.0124860000 0.0273502466 0.0121218825
v -0.0124860000 0.0273666417 0.0121159354
v -0.0124860000 0.0273837237 0.0121102414
v -0.0124860000 0.0274014926 0.0121048005
v -0.0124860000 0.0274199484 0.0120996127
v -0.0124860000 0.0274387114 0.0120946959
v -0.0124860000 0.0274574022 0.0120900684
v -0.0124860000 0.0274760207 0.0120857301
v -0.0124860000 0.0274945668 0.0120816811
v -0.0124860000 0.0275130407 0.0120779212
v -0.0124860000 0.0275314422 0.0120744506
v -0.0124860000 0.0275497715 0.0120712692
v -0.0124860000 0.0275680284 0.0120683770
v -0.0124860000 0.0275862130 0.0120657740
v -0.0124860000 0.0276043254 0.0120634603
v -0.0124860000 0.0278013557 0.0120381536
v -0.0124860000 0.0278358993 0.0120331827
v -0.0124860000 0.0278686714 0.0120276695
v -0.0124860000 0.0278996720 0.0120216139
v -0.0124860000 0.0279289012 0.0120150161
v -0.0124860000 0.0279563589 0.0120078760
v -0.0124860000 0.0279820452 0.0120001937
v -0.0124860000 0.0280059600 0.0119919690
v -0.0124860000 0.0280281033 0.0119832021
v -0.0124860000 0.0280484751 0.0119738928
v -0.0124860000 0.0280670755 0.0119640413
v -0.0124860000 0.0280955817 0.0119460374
v -0.0124860000 0.0281210872 0.0119260090
v -0.0124860000 0.0281435920 0.0119039561
v -0.0124860000 0.0281630962 0.0118798786
v -0.0124860000 0.0281795997 0.0118537766
v -0.0124860000 0.0281931026 0.0118256501
v -0.0124860000 0.0282036049 0.0117954990
v -0.0124860000 0.0282111065 0.0117633234
v -0.0124860000 0.0282156075 0.0117291233
v -0.0124860000 0.0282171078 0.0116928986
v -0.0124860000 0.0282160775 0.0116652963
v -0.0124860000 0.0282129864 0.0116388870
v -0.0124860000 0.0282078347 0.0116136708
v -0.0124860000 0.0282006223 0.0115896475
v -0.0124860000 0.0281913493 0.0115668173
v -0.0124860000 0.0281800155 0.0115451801
v -0.0124860000 0.0281666210 0.0115247360
v -0.0124860000 0.0281511659 0.0115054848
v -0.0124860000 0.0281336501 0.0114874267
v -0.0124860000 0.0281140736 0.0114705617
v -0.0124860000 0.0280930872 0.0114551065
v -0.0124860000 0.0280713415 0.0114412782
v -0.0124860000 0.0280488367 0.0114290768
v -0.0124860000 0.0280255726 0.0114185023
v -0.0124860000 0.0280015494 0.0114095546
v -0.0124860000 0.0279767669 0.0114022337
v -0.0124860000 0.0279512253 0.0113965397
v -0.0124860000 0.0279249245 0.0113924726
v -0.0124860000 0.0278978644 0.0113900323
v -0.0124860000 0.0278700452 0.0113892189
v -0.0124980000 0.0273871220 0.0123592589
v -0.0124980000 0.0273684132 0.0123654048
v -0.0124980000 0.0273511866 0.0123728522
v -0.0124980000 0.0273354422 0.0123816010
v -0.0124980000 0.0273211801 0.0123916514
v -0.0124980000 0.0273084003 0.0124030032
v -0.0124980000 0.0272971026 0.0124156566
v -0.0124980000 0.0272872873 0.0124296114
v -0.0124980000 0.0272789542 0.0124448677
v -0.0124980000 0.0272748328 0.0124539238
v -0.0124980000 0.0272711453 0.0124637392
v -0.0124980000 0.0272678915 0.0124743138
v -0.0124980000 0.0272650717 0.0124856475
v -0.0124980000 0.0272626856 0.0124977405
v -0.0124980000 0.0272607334 0.0125105926
v -0.0124980000 0.0272592150 0.0125242040
v -0.0124980000 0.0272581304 0.0125385746
v -0.0124980000 0.0272574797 0.0125537043
v -0.0124980000 0.0272572628 0.0125695933
v -0.0124980000 0.0272584467 0.0126019406
v -0.0124980000 0.0272619987 0.0126324622
v -0.0124980000 0.0272679187 0.0126611582
v -0.0124980000 0.0272762066 0.0126880284
v -0.0124980000 0.0272868625 0.0127130730
v -0.0124980000 0.0272998864 0.0127362918
v -0.0124980000 0.0273152782 0.0127576850
v -0.0124980000 0.0273330381 0.0127772524
v -0.0124980000 0.0273531659 0.0127949942
v -0.0124980000 0.0273756617 0.0128109103
v -0.0124980000 0.0274003628 0.0128251633
v -0.0124980000 0.0274271065 0.0128379161
v -0.0124980000 0.0274558928 0.0128491685
v -0.0124980000 0.0274867218 0.0128589206
v -0.0124980000 0.0275195933 0.0128671724
v -0.0124980000 0.0275545074 0.0128739238
v -0.0124980000 0.0275914642 0.0128791750
v -0.0124980000 0.0276304635 0.0128829258
v -0.0124980000 0.0276715055 0.0128851762
v -0.0124980000 0.0277145901 0.0128859264
v -0.0124980000 0.0277640826 0.0128845526
v -0.0124980000 0.0278106107 0.0128804312
v -0.0124980000 0.0278541743 0.0128735623
v -0.0124980000 0.0278947734 0.0128639458
v -0.0124980000 0.0279324080 0.0128515817
v -0.0124980000 0.0279670781 0.0128364700
v -0.0124980000 0.0279987837 0.0128186107
v -0.0124980000 0.0280275249 0.0127980039
v -0.0124980000 0.0280533015 0.0127746495
v -0.0124980000 0.0280761136 0.0127485474
v -0.0124980000 0.0280876281 0.0127326223
v -0.0124980000 0.0280983112 0.0127152150
v -0.0124980000 0.0281081627 0.0126963254
v -0.0124980000 0.0281171827 0.0126759535
v -0.0124980000 0.0281253712 0.0126540994
v -0.0124980000 0.0281327282 0.0126307631
v -0.0124980000 0.0281392537 0.0126059445
v -0.0124980000 0.0281449477 0.0125796436
v -0.0124980000 0.0281498102 0.0125518606
v -0.0124980000 0.0281538412 0.0125225952
v -0.0124980000 0.0284575210 0.0125225952
v -0.0124980000 0.0284535713 0.0125919987
v -0.0124980000 0.0284453376 0.0126570458
v -0.0124980000 0.0284328199 0.0127177366
v -0.0124980000 0.0284160181 0.0127740710
v -0.0124980000 0.0283949322 0.0128260491
v -0.0124980000 0.0283695623 0.0128736708
v -0.0124980000 0.0283399083 0.0129169361
v -0.0124980000 0.0283059703 0.0129558451
v -0.0124980000 0.0282677482 0.0129903977
v -0.0124980000 0.0282252421 0.0130205939
v -0.0124980000 0.0281798799 0.0130472111
v -0.0124980000 0.0281330897 0.0130710265
v -0.0124980000 0.0280848715 0.0130920400
v -0.0124980000 0.0280352253 0.0131102518
v -0.0124980000 0.0279841511 0.0131256617
v -0.0124980000 0.0279316488 0.0131382699
v -0.0124980000 0.0278777185 0.0131480762
v -0.0124980000 0.0278223602 0.0131550807
v -0.0124980000 0.0277655739 0.0131592834
v -0.0124980000 0.0277073596 0.0131606843
v -0.0124980000 0.0276403150 0.0131593828
v -0.0124980000 0.0275758373 0.0131554784
v -0.0124980000 0.0275139264 0.0131489709
v -0.0124980000 0.0274545823 0.0131398606
v -0.0124980000 0.0273978050 0.0131281472
v -0.0124980000 0.0273435946 0.0131138309
v -0.0124980000 0.0272919509 0.0130969116
v -0.0124980000 0.0272428741 0.0130773893
v -0.0124980000 0.0271963641 0.0130552640
v -0.0124980000 0.0271524209 0.0130305358
v -0.0124980000 0.0271122376 0.0130030600
v -0.0124980000 0.0270762841 0.0129726921
v -0.0124980000 0.0270445604 0.0129394319
v -0.0124980000 0.0270170665 0.0129032795
v -0.0124980000 0.0269938025 0.0128642350
v -0.0124980000 0.0269747682 0.0128222983
v -0.0124980000 0.0269599638 0.0127774693
v -0.0124980000 0.0269493893 0.0127297482
v -0.0124980000 0.0269430445 0.0126791349
v -0.0124980000 0.0269409296 0.0126256294
v -0.0124980000 0.0269409296 0.0115103292
v -0.0124980000 0.0269407218 0.0115004054
v -0.0124980000 0.0269400981 0.0114908793
v -0.0124980000 0.0269390587 0.0114817508
v -0.0124980000 0.0269376036 0.0114730200
v -0.0124980000 0.0269357327 0.0114646869
v -0.0124980000 0.0269334461 0.0114567515
v -0.0124980000 0.0269307437 0.0114492137
v -0.0124980000 0.0269276256 0.0114420736
v -0.0124980000 0.0269240917 0.0114353312
v -0.0124980000 0.0269201420 0.0114289864
v -0.0124980000 0.0269155236 0.0114231478
v -0.0124980000 0.0269099832 0.0114179238
v -0.0124980000 0.0269035210 0.0114133144
v -0.0124980000 0.0268961369 0.0114093196
v -0.0124980000 0.0268878309 0.0114059393
v -0.0124980000 0.0268786030 0.0114031737
v -0.0124980000 0.0268684532 0.0114010226
v -0.0124980000 0.0268573815 0.0113994861
v -0.0124980000 0.0268453880 0.0113985642
v -0.0124980000 0.0268324726 0.0113982569
v -0.0124980000 0.0268280801 0.0113982841
v -0.0124980000 0.0268235791 0.0113983654
v -0.0124980000 0.0268189697 0.0113985010
v -0.0124980000 0.0268142518 0.0113986908
v -0.0124980000 0.0268094254 0.0113989348
v -0.0124980000 0.0268044906 0.0113992331
v -0.0124980000 0.0267994474 0.0113995855
v -0.0124980000 0.0267942957 0.0113999923
v -0.0124980000 0.0267890355 0.0114004532
v -0.0124980000 0.0267836669 0.0114009684
v -0.0124980000 0.0267782079 0.0114015378
v -0.0124980000 0.0267726766 0.0114021614
v -0.0124980000 0.0267670730 0.0114028393
v -0.0124980000 0.0267613970 0.0114035713
v -0.0124980000 0.0267556488 0.0114043577
v -0.0124980000 0.0267498283 0.0114051982
v -0.0124980000 0.0267439354 0.0114060930
v -0.0124980000 0.0267379703 0.0114070420
v -0.0124980000 0.0267319329 0.0114080452
v -0.0124980000 0.0267258231 0.0114091026
v -0.0124980000 0.0267258231 0.0111686895
v -0.0124980000 0.0267406456 0.0111645139
v -0.0124980000 0.0267547450 0.0111606637
v -0.0124980000 0.0267681214 0.0111571388
v -0.0124980000 0.0267807747 0.0111539393
v -0.0124980000 0.0267927050 0.0111510652
v -0.0124980000 0.0268039122 0.0111485165
v -0.0124980000 0.0268143964 0.0111462931
v -0.0124980000 0.0268241575 0.0111443951
v -0.0124980000 0.0268331956 0.0111428225
v -0.0124980000 0.0268415107 0.0111415752
v -0.0124980000 0.0268497534 0.0111405449
v -0.0124980000 0.0268585746 0.0111396230
v -0.0124980000 0.0268679742 0.0111388096
v -0.0124980000 0.0268779522 0.0111381046
v -0.0124980000 0.0268885087 0.0111375081
v -0.0124980000 0.0268996436 0.0111370200
v -0.0124980000 0.0269113570 0.0111366404
v -0.0124980000 0.0269236488 0.0111363693
v -0.0124980000 0.0269365190 0.0111362066
v -0.0124980000 0.0269499677 0.0111361524
v -0.0124980000 0.0269826675 0.0111373454
v -0.0124980000 0.0270135236 0.0111409245
v -0.0124980000 0.0270425358 0.0111468896
v -0.0124980000 0.0270697043 0.0111552408
v -0.0124980000 0.0270950291 0.0111659781
v -0.0124980000 0.0271185100 0.0111791014
v -0.0124980000 0.0271401472 0.0111946107
v -0.0124980000 0.0271599406 0.0112125061
v -0.0124980000 0.0271778903 0.0112327876
v -0.0124980000 0.0271939961 0.0112554551
v -0.0124980000 0.0272017147 0.0112686327
v -0.0124980000 0.0272089632 0.0112828586
v -0.0124980000 0.0272157418 0.0112981330
v -0.0124980000 0.0272220504 0.0113144558
v -0.0124980000 0.0272278890 0.0113318270
v -0.0124980000 0.0272332576 0.0113502466
v -0.0124980000 0.0272381562 0.0113697147
v -0.0124980000 0.0272425849 0.0113902311
v -0.0124980000 0.0272465436 0.0114117960
v -0.0124980000 0.0272500323 0.0114344093
v -0.0124980000 0.0272707837 0.0114087230
v -0.0124980000 0.0272932705 0.0113837237
v -0.0124980000 0.0273174926 0.0113594112
v -0.0124980000 0.0273434500 0.0113357857
v -0.0124980000 0.0273711427 0.0113128470
v -0.0124980000 0.0274005707 0.0112905952
v -0.0124980000 0.0274317340 0.0112690303
v -0.0124980000 0.0274646327 0.0112481524
v -0.0124980000 0.0274992666 0.0112279613
v -0.0124980000 0.0275356359 0.0112084571
v -0.0124980000 0.0275732524 0.0111902544
v -0.0124980000 0.0276116281 0.0111739677
v -0.0124980000 0.0276507631 0.0111595972
v -0.0124980000 0.0276906572 0.0111471427
v -0.0124980000 0.0277313105 0.0111366043
v -0.0124980000 0.0277727230 0.0111279819
v -0.0124980000 0.0278148948 0.0111212757
v -0.0124980000 0.0278578257 0.0111164855
v -0.0124980000 0.0279015158 0.0111136114
v -0.0124980000 0.0279459651 0.0111126533
v -0.0124980000 0.0279988470 0.0111142892
v -0.0124980000 0.0280497586 0.0111191969
v -0.0124980000 0.0280986998 0.0111273764
v -0.0124980000 0.0281456708 0.0111388276
v -0.0124980000 0.0281906714 0.0111535507
v -0.0124980000 0.0282337017 0.0111715455
v -0.0124980000 0.0282747618 0.0111928121
v -0.0124980000 0.0283138515 0.0112173505
v -0.0124980000 0.0283509709 0.0112451607
v -0.0124980000 0.0283861201 0.0112762427
v -0.0124980000 0.0284185759 0.0113097831
v -0.0124980000 0.0284476152 0.0113449684
v -0.0124980000 0.0284732382 0.0113817986
v -0.0124980000 0.0284954448 0.0114202737
v -0.0124980000 0.0285142350 0.0114603938
v -0.0124980000 0.0285296088 0.0115021588
v -0.0124980000 0.0285415662 0.0115455688
v -0.0124980000 0.0285501072 0.0115906236
v -0.0124980000 0.0285552318 0.0116373234
v -0.0124980000 0.0285569400 0.0116856682
v -0.0124980000 0.0285552589 0.0117383241
v -0.0124980000 0.0285502156 0.0117885578
v -0.0124980000 0.0285418102 0.0118363693
v -0.0124980000 0.0285300426 0.0118817586
v -0.0124980000 0.0285149128 0.0119247256
v -0.0124980000 0.0284964209 0.0119652705
v -0.0124980000 0.0284745668 0.0120033932
v -0.0124980000 0.0284493505 0.0120390936
v -0.0124980000 0.0284207721 0.0120723719
v -0.0124980000 0.0283888315 0.0121032279
v -0.0124980000 0.0283541614 0.0121317340
v -0.0124980000 0.0283173944 0.0121579626
v -0.0124980000 0.0282785307 0.0121819135
v -0.0124980000 0.0282375700 0.0122035868
v -0.0124980000 0.0281945126 0.0122229826
v -0.0124980000 0.0281493583 0.0122401007
v -0.0124980000 0.0281021072 0.0122549413
v -0.0124980000 0.0280527592 0.0122675042
v -0.0124980000 0.0280013144 0.0122777895
v -0.0124980000 0.0279477728 0.0122857973
v -0.0124980000 0.0274289864 0.0123508715
v -0.0124980000 0.0274073131 0.0123544145
v -0.0124980000 0.0278358089 0.0113900142
v -0.0124980000 0.0278017895 0.0113924003
v -0.0124980000 0.0277679871 0.0113963770
v -0.0124980000 0.0277344015 0.0114019445
v -0.0124980000 0.0277010329 0.0114091026
v -0.0124980000 0.0276678812 0.0114178515
v -0.0124980000 0.0276349464 0.0114281911
v -0.0124980000 0.0276022285 0.0114401214
v -0.0124980000 0.0275697276 0.0114536423
v -0.0124980000 0.0275374435 0.0114687540
v -0.0124980000 0.0274859264 0.0114968263
v -0.0124980000 0.0274398321 0.0115282608
v -0.0124980000 0.0273991607 0.0115630575
v -0.0124980000 0.0273639122 0.0116012163
v -0.0124980000 0.0273340865 0.0116427372
v -0.0124980000 0.0273096837 0.0116876204
v -0.0124980000 0.0272907037 0.0117358657
v -0.0124980000 0.0272771465 0.0117874732
v -0.0124980000 0.0272690123 0.0118424429
v -0.0124980000 0.0272663008 0.0119007747
v -0.0124980000 0.0272663008 0.0121628793
v -0.0124980000 0.0272785746 0.0121554138
v -0.0124980000 0.0272915352 0.0121482014
v -0.0124980000 0.0273051827 0.0121412421
v -0.0124980000 0.0273195171 0.0121345358
v -0.0124980000 0.0273345384 0.0121280826
v -0.0124980000 0.0273502466 0.0121218825
v -0.0124980000 0.0273666417 0.0121159354
v -0.0124980000 0.0273837237 0.0121102414
v -0.0124980000 0.0274014926 0.0121048005
v -0.0124980000 0.0274199484 0.0120996127
v -0.0124980000 0.0274387114 0.0120946959
v -0.0124980000 0.0274574022 0.0120900684
v -0.0124980000 0.0274760207 0.0120857301
v -0.0124980000 0.0274945668 0.0120816811
v -0.0124980000 0.0275130407 0.0120779212
v -0.0124980000 0.0275314422 0.0120744506
v -0.0124980000 0.0275497715 0.0120712692
v -0.0124980000 0.0275680284 0.0120683770
v -0.0124980000 0.0275862130 0.0120657740
v -0.0124980000 0.0276043254 0.0120634603
v -0.0124980000 0.0278013557 0.0120381536
v -0.0124980000 0.0278358993 0.0120331827
v -0.0124980000 0.0278686714 0.0120276695
v -0.0124980000 0.0278996720 0.0120216139
v -0.0124980000 0.0279289012 0.0120150161
v -0.0124980000 0.0279563589 0.0120078760
v -0.0124980000 0.0279820452 0.0120001937
v -0.0124980000 0.0280059600 0.0119919690
v -0.0124980000 0.0280281033 0.0119832021
v -0.0124980000 0.0280484751 0.0119738928
v -0.0124980000 0.0280670755 0.0119640413
v -0.0124980000 0.0280955817 0.0119460374
v -0.0124980000 0.0281210872 0.0119260090
v -0.0124980000 0.0281435920 0.0119039561
v -0.0124980000 0.0281630962 0.0118798786
v -0.0124980000 0.0281795997 0.0118537766
v -0.0124980000 0.0281931026 0.0118256501
v -0.0124980000 0.0282036049 0.0117954990
v -0.0124980000 0.0282111065 0.0117633234
v -0.0124980000 0.0282156075 0.0117291233
v -0.0124980000 0.0282171078 0.0116928986
v -0.0124980000 0.0282160775 0.0116652963
v -0.0124980000 0.0282129864 0.0116388870
v -0.0124980000 0.0282078347 0.0116136708
v -0.0124980000 0.0282006223 0.0115896475
v -0.0124980000 0.0281913493 0.0115668173
v -0.0124980000 0.0281800155 0.0115451801
v -0.0124980000 0.0281666210 0.0115247360
v -0.0124980000 0.0281511659 0.0115054848
v -0.0124980000 0.0281336501 0.0114874267
v -0.0124980000 0.0281140736 0.0114705617
v -0.0124980000 0.0280930872 0.0114551065
v -0.0124980000 0.0280713415 0.0114412782
v -0.0124980000 0.0280488367 0.0114290768
v -0.0124980000 0.0280255726 0.0114185023
v -0.0124980000 0.0280015494 0.0114095546
v -0.0124980000 0.0279767669 0.0114022337
v -0.0124980000 0.0279512253 0.0113965397
v -0.0124980000 0.0279249245 0.0113924726
v -0.0124980000 0.0278978644 0.0113900323
v -0.0124980000 0.0278700452 0.0113892189
v -0.0124860000 0.0260732731 0.0111777276
v -0.0124860000 0.0263986443 0.0111777276
v -0.0124860000 0.0263986443 0.0138331181
v -0.0124860000 0.0260732731 0.0138331181
v -0.0124980000 0.0260732731 0.0111777276
v -0.0124980000 0.0263986443 0.0111777276
v -0.0124980000 0.0263986443 0.0138331181
v -0.0124980000 0.0260732731 0.0138331181
v -0.0124860000 0.0252985281 0.0119475558
v -0.0124860000 0.0252919303 0.0119066133
v -0.0124860000 0.0252837056 0.0118673699
v -0.0124860000 0.0252738541 0.0118298257
v -0.0124860000 0.0252623757 0.0117939806
v -0.0124860000 0.0252492705 0.0117598347
v -0.0124860000 0.0252345384 0.0117273880
v -0.0124860000 0.0252181795 0.0116966404
v -0.0124860000 0.0252001937 0.0116675920
v -0.0124860000 0.0251616733 0.0116174487
v -0.0124860000 0.0251176940 0.0115725836
v -0.0124860000 0.0250682556 0.0115329968
v -0.0124860000 0.0250133583 0.0114986882
v -0.0124860000 0.0249530019 0.0114696578
v -0.0124860000 0.0248871866 0.0114459057
v -0.0124860000 0.0248159122 0.0114274319
v -0.0124860000 0.0247391788 0.0114142363
v -0.0124860000 0.0246569864 0.0114063189
v -0.0124860000 0.0245693351 0.0114036798
v -0.0124860000 0.0245292059 0.0114042582
v -0.0124860000 0.0244897999 0.0114059935
v -0.0124860000 0.0244511168 0.0114088857
v -0.0124860000 0.0244131569 0.0114129348
v -0.0124860000 0.0243759199 0.0114181407
v -0.0124860000 0.0243394061 0.0114245036
v -0.0124860000 0.0243036152 0.0114320232
v -0.0124860000 0.0242685474 0.0114406998
v -0.0124860000 0.0242342027 0.0114505332
v -0.0124860000 0.0242005810 0.0114615236
v -0.0124860000 0.0241394474 0.0114857095
v -0.0124860000 0.0240847489 0.0115134383
v -0.0124860000 0.0240364855 0.0115447101
v -0.0124860000 0.0239946572 0.0115795249
v -0.0124860000 0.0239592640 0.0116178825
v -0.0124860000 0.0239303060 0.0116597831
v -0.0124860000 0.0239077831 0.0117052266
v -0.0124860000 0.0238916953 0.0117542130
v -0.0124860000 0.0238820426 0.0118067424
v -0.0124860000 0.0238788250 0.0118628147
v -0.0124860000 0.0238801808 0.0119049503
v -0.0124860000 0.0238842479 0.0119445913
v -0.0124860000 0.0238910265 0.0119817379
v -0.0124860000 0.0239005165 0.0120163899
v -0.0124860000 0.0239127179 0.0120485474
v -0.0124860000 0.0239276307 0.0120782105
v -0.0124860000 0.0239452550 0.0121053790
v -0.0124860000 0.0239655907 0.0121300529
v -0.0124860000 0.0239886378 0.0121522324
v -0.0124860000 0.0240143964 0.0121719174
v -0.0124860000 0.0240434267 0.0121897586
v -0.0124860000 0.0240755662 0.0122071298
v -0.0124860000 0.0241108147 0.0122240310
v -0.0124860000 0.0241491724 0.0122404622
v -0.0124860000 0.0241906391 0.0122564235
v -0.0124860000 0.0242352150 0.0122719148
v -0.0124860000 0.0242828999 0.0122869361
v -0.0124860000 0.0243336940 0.0123014874
v -0.0124860000 0.0243875972 0.0123155688
v -0.0124860000 0.0244446094 0.0123291801
v -0.0124860000 0.0248043254 0.0124105229
v -0.0124860000 0.0248727618 0.0124265926
v -0.0124860000 0.0249370768 0.0124429877
v -0.0124860000 0.0249972705 0.0124597082
v -0.0124860000 0.0250533428 0.0124767540
v -0.0124860000 0.0251052937 0.0124941252
v -0.0124860000 0.0251531233 0.0125118218
v -0.0124860000 0.0251968315 0.0125298438
v -0.0124860000 0.0252364183 0.0125481911
v -0.0124860000 0.0252718838 0.0125668638
v -0.0124860000 0.0253032279 0.0125858618
v -0.0124860000 0.0253513105 0.0126207669
v -0.0124860000 0.0253943318 0.0126589619
v -0.0124860000 0.0254322918 0.0127004467
v -0.0124860000 0.0254651904 0.0127452214
v -0.0124860000 0.0254930278 0.0127932860
v -0.0124860000 0.0255158037 0.0128446404
v -0.0124860000 0.0255335184 0.0128992847
v -0.0124860000 0.0255461717 0.0129572189
v -0.0124860000 0.0255537637 0.0130184429
v -0.0124860000 0.0255562944 0.0130829567
v -0.0124860000 0.0255538179 0.0131532550
v -0.0124860000 0.0255463886 0.0132209864
v -0.0124860000 0.0255340065 0.0132861511
v -0.0124860000 0.0255166714 0.0133487489
v -0.0124860000 0.0254943835 0.0134087799
v -0.0124860000 0.0254671427 0.0134662440
v -0.0124860000 0.0254349490 0.0135211414
v -0.0124860000 0.0253978025 0.0135734719
v -0.0124860000 0.0253557030 0.0136232356
v -0.0124860000 0.0253086507 0.0136704325
v -0.0124860000 0.0252570613 0.0137140504
v -0.0124860000 0.0252013505 0.0137530768
v -0.0124860000 0.0251415184 0.0137875119
v -0.0124860000 0.0250775649 0.0138173557
v -0.0124860000 0.0250094900 0.0138426081
v -0.0124860000 0.0249372937 0.0138632692
v -0.0124860000 0.0248609761 0.0138793389
v -0.0124860000 0.0247805371 0.0138908173
v -0.0124860000 0.0246959768 0.0138977043
v -0.0124860000 0.0246072950 0.0139000000
v -0.0124860000 0.0245250394 0.0138979845
v -0.0124860000 0.0244452963 0.0138919380
v -0.0124860000 0.0243680658 0.0138818606
v -0.0124860000 0.0242933480 0.0138677521
v -0.0124860000 0.0242211427 0.0138496127
v -0.0124860000 0.0241514500 0.0138274422
v -0.0124860000 0.0240842699 0.0138012408
v -0.0124860000 0.0240196023 0.0137710084
v -0.0124860000 0.0239574474 0.0137367450
v -0.0124860000 0.0238978050 0.0136984506
v -0.0124860000 0.0238423383 0.0136557276
v -0.0124860000 0.0237927101 0.0136081782
v -0.0124860000 0.0237489206 0.0135558025
v -0.0124860000 0.0237109697 0.0134986004
v -0.0124860000 0.0236788573 0.0134365720
v -0.0124860000 0.0236525836 0.0133697172
v -0.0124860000 0.0236321485 0.0132980362
v -0.0124860000 0.0236175520 0.0132215287
v -0.0124860000 0.0236087941 0.0131401950
v -0.0124860000 0.0236058748 0.0130540349
v -0.0124860000 0.0239438993 0.0130540349
v -0.0124860000 0.0239499367 0.0130957005
v -0.0124860000 0.0239572034 0.0131353777
v -0.0124860000 0.0239656992 0.0131730665
v -0.0124860000 0.0239754241 0.0132087669
v -0.0124860000 0.0239863783 0.0132424790
v -0.0124860000 0.0239985617 0.0132742027
v -0.0124860000 0.0240119742 0.0133039380
v -0.0124860000 0.0240266159 0.0133316850
v -0.0124860000 0.0240424868 0.0133574435
v -0.0124860000 0.0240595868 0.0133812137
v -0.0124860000 0.0240947811 0.0134207101
v -0.0124860000 0.0241345668 0.0134560491
v -0.0124860000 0.0241789438 0.0134872305
v -0.0124860000 0.0242279122 0.0135142544
v -0.0124860000 0.0242814719 0.0135371207
v -0.0124860000 0.0243396230 0.0135558296
v -0.0124860000 0.0244023654 0.0135703809
v -0.0124860000 0.0244696992 0.0135807747
v -0.0124860000 0.0245416243 0.0135870110
v -0.0124860000 0.0246181407 0.0135890897
v -0.0124860000 0.0246799793 0.0135877521
v -0.0124860000 0.0247382389 0.0135837392
v -0.0124860000 0.0247929193 0.0135770510
v -0.0124860000 0.0248440207 0.0135676875
v -0.0124860000 0.0248915429 0.0135556488
v -0.0124860000 0.0249354861 0.0135409348
v -0.0124860000 0.0249758502 0.0135235455
v -0.0124860000 0.0250126352 0.0135034810
v -0.0124860000 0.0250458412 0.0134807411
v -0.0124860000 0.0250754680 0.0134553260
v -0.0124860000 0.0251019135 0.0134281394
v -0.0124860000 0.0251255752 0.0134000852
v -0.0124860000 0.0251464532 0.0133711633
v -0.0124860000 0.0251645474 0.0133413738
v -0.0124860000 0.0251798580 0.0133107166
v -0.0124860000 0.0251923848 0.0132791917
v -0.0124860000 0.0252021278 0.0132467992
v -0.0124860000 0.0252090872 0.0132135391
v -0.0124860000 0.0252132628 0.0131794112
v -0.0124860000 0.0252146546 0.0131444158
v -0.0124860000 0.0252130278 0.0131064196
v -0.0124860000 0.0252081472 0.0130705203
v -0.0124860000 0.0252000129 0.0130367179
v -0.0124860000 0.0251886249 0.0130050123
v -0.0124860000 0.0251739832 0.0129754035
v -0.0124860000 0.0251560878 0.0129478915
v -0.0124860000 0.0251349387 0.0129224764
v -0.0124860000 0.0251105358 0.0128991582
v -0.0124860000 0.0250828793 0.0128779367
v -0.0124860000 0.0250519690 0.0128588121
v -0.0124860000 0.0250279458 0.0128469542
v -0.0124860000 0.0249985358 0.0128345178
v -0.0124860000 0.0249637392 0.0128215029
v -0.0124860000 0.0249235558 0.0128079096
v -0.0124860000 0.0248779858 0.0127937379
v -0.0124860000 0.0248270291 0.0127789877
v -0.0124860000 0.0247706856 0.0127636591
v -0.0124860000 0.0247089555 0.0127477521
v -0.0124860000 0.0246418386 0.0127312666
v -0.0124860000 0.0245693351 0.0127142027
v -0.0124860000 0.0241969658 0.0126292447
v -0.0124860000 0.0241443280 0.0126165010
v -0.0124860000 0.0240941485 0.0126028535
v -0.0124860000 0.0240464274 0.0125883021
v -0.0124860000 0.0240011646 0.0125728470
v -0.0124860000 0.0239583602 0.0125564881
v -0.0124860000 0.0239180142 0.0125392253
v -0.0124860000 0.0238801265 0.0125210587
v -0.0124860000 0.0238446972 0.0125019884
v -0.0124860000 0.0238117263 0.0124820142
v -0.0124860000 0.0237812137 0.0124611362
v -0.0124860000 0.0237331311 0.0124222182
v -0.0124860000 0.0236901097 0.0123799380
v -0.0124860000 0.0236521498 0.0123342957
v -0.0124860000 0.0236192511 0.0122852912
v -0.0124860000 0.0235914138 0.0122329245
v -0.0124860000 0.0235686378 0.0121771956
v -0.0124860000 0.0235509232 0.0121181046
v -0.0124860000 0.0235382699 0.0120556514
v -0.0124860000 0.0235306779 0.0119898360
v -0.0124860000 0.0235281472 0.0119206585
v -0.0124860000 0.0235313557 0.0118349593
v -0.0124860000 0.0235409813 0.0117542853
v -0.0124860000 0.0235570239 0.0116786365
v -0.0124860000 0.0235794835 0.0116080129
v -0.0124860000 0.0236083602 0.0115424145
v -0.0124860000 0.0236436540 0.0114818412
v -0.0124860000 0.0236853648 0.0114262931
v -0.0124860000 0.0237334926 0.0113757702
v -0.0124860000 0.0237880374 0.0113302724
v -0.0124860000 0.0238489994 0.0112897999
v -0.0124860000 0.0239142092 0.0112537379
v -0.0124860000 0.0239814977 0.0112214719
v -0.0124860000 0.0240508651 0.0111930019
v -0.0124860000 0.0241223112 0.0111683280
v -0.0124860000 0.0241958360 0.0111474500
v -0.0124860000 0.0242714396 0.0111303680
v -0.0124860000 0.0243491220 0.0111170820
v -0.0124860000 0.0244288832 0.0111075920
v -0.0124860000 0.0245107230 0.0111018980
v -0.0124860000 0.0245946417 0.0111000000
v -0.0124860000 0.0246915481 0.0111025307
v -0.0124860000 0.0247841524 0.0111101227
v -0.0124860000 0.0248724545 0.0111227760
v -0.0124860000 0.0249564545 0.0111404906
v -0.0124860000 0.0250361524 0.0111632666
v -0.0124860000 0.0251115481 0.0111911039
v -0.0124860000 0.0251826417 0.0112240026
v -0.0124860000 0.0252494332 0.0112619626
v -0.0124860000 0.0253119225 0.0113049839
v -0.0124860000 0.0253701097 0.0113530665
v -0.0124860000 0.0254232899 0.0114051078
v -0.0124860000 0.0254707579 0.0114607282
v -0.0124860000 0.0255125139 0.0115199277
v -0.0124860000 0.0255485578 0.0115827063
v -0.0124860000 0.0255788896 0.0116490639
v -0.0124860000 0.0256035094 0.0117190006
v -0.0124860000 0.0256224170 0.0117925165
v -0.0124860000 0.0256356127 0.0118696114
v -0.0124860000 0.0256430962 0.0119502853
v -0.0124860000 0.0256448677 0.0120345384
v -0.0124860000 0.0253068431 0.0120345384
v -0.0124860000 0.0253034990 0.0119901975
v -0.0124980000 0.0252985281 0.0119475558
v -0.0124980000 0.0252919303 0.0119066133
v -0.0124980000 0.0252837056 0.0118673699
v -0.0124980000 0.0252738541 0.0118298257
v -0.0124980000 0.0252623757 0.0117939806
v -0.0124980000 0.0252492705 0.0117598347
v -0.0124980000 0.0252345384 0.0117273880
v -0.0124980000 0.0252181795 0.0116966404
v -0.0124980000 0.0252001937 0.0116675920
v -0.0124980000 0.0251616733 0.0116174487
v -0.0124980000 0.0251176940 0.0115725836
v -0.0124980000 0.0250682556 0.0115329968
v -0.0124980000 0.0250133583 0.0114986882
v -0.0124980000 0.0249530019 0.0114696578
v -0.0124980000 0.0248871866 0.0114459057
v -0.0124980000 0.0248159122 0.0114274319
v -0.0124980000 0.0247391788 0.0114142363
v -0.0124980000 0.0246569864 0.0114063189
v -0.0124980000 0.0245693351 0.0114036798
v -0.0124980000 0.0245292059 0.0114042582
v -0.0124980000 0.0244897999 0.0114059935
v -0.0124980000 0.0244511168 0.0114088857
v -0.0124980000 0.0244131569 0.0114129348
v -0.0124980000 0.0243759199 0.0114181407
v -0.0124980000 0.0243394061 0.0114245036
v -0.0124980000 0.0243036152 0.0114320232
v -0.0124980000 0.0242685474 0.0114406998
v -0.0124980000 0.0242342027 0.0114505332
v -0.0124980000 0.0242005810 0.0114615236
v -0.0124980000 0.0241394474 0.0114857095
v -0.0124980000 0.0240847489 0.0115134383
v -0.0124980000 0.0240364855 0.0115447101
v -0.0124980000 0.0239946572 0.0115795249
v -0.0124980000 0.0239592640 0.0116178825
v -0.0124980000 0.0239303060 0.0116597831
v -0.0124980000 0.0239077831 0.0117052266
v -0.0124980000 0.0238916953 0.0117542130
v -0.0124980000 0.0238820426 0.0118067424
v -0.0124980000 0.0238788250 0.0118628147
v -0.0124980000 0.0238801808 0.0119049503
v -0.0124980000 0.0238842479 0.0119445913
v -0.0124980000 0.0238910265 0.0119817379
v -0.0124980000 0.0239005165 0.0120163899
v -0.0124980000 0.0239127179 0.0120485474
v -0.0124980000 0.0239276307 0.0120782105
v -0.0124980000 0.0239452550 0.0121053790
v -0.0124980000 0.0239655907 0.0121300529
v -0.0124980000 0.0239886378 0.0121522324
v -0.0124980000 0.0240143964 0.0121719174
v -0.0124980000 0.0240434267 0.0121897586
v -0.0124980000 0.0240755662 0.0122071298
v -0.0124980000 0.0241108147 0.0122240310
v -0.0124980000 0.0241491724 0.0122404622
v -0.0124980000 0.0241906391 0.0122564235
v -0.0124980000 0.0242352150 0.0122719148
v -0.0124980000 0.0242828999 0.0122869361
v -0.0124980000 0.0243336940 0.0123014874
v -0.0124980000 0.0243875972 0.0123155688
v -0.0124980000 0.0244446094 0.0123291801
v -0.0124980000 0.0248043254 0.0124105229
v -0.0124980000 0.0248727618 0.0124265926
v -0.0124980000 0.0249370768 0.0124429877
v -0.0124980000 0.0249972705 0.0124597082
v -0.0124980000 0.0250533428 0.0124767540
v -0.0124980000 0.0251052937 0.0124941252
v -0.0124980000 0.0251531233 0.0125118218
v -0.0124980000 0.0251968315 0.0125298438
v -0.0124980000 0.0252364183 0.0125481911
v -0.0124980000 0.0252718838 0.0125668638
v -0.0124980000 0.0253032279 0.0125858618
v -0.0124980000 0.0253513105 0.0126207669
v -0.0124980000 0.0253943318 0.0126589619
v -0.0124980000 0.0254322918 0.0127004467
v -0.0124980000 0.0254651904 0.0127452214
v -0.0124980000 0.0254930278 0.0127932860
v -0.0124980000 0.0255158037 0.0128446404
v -0.0124980000 0.0255335184 0.0128992847
v -0.0124980000 0.0255461717 0.0129572189
v -0.0124980000 0.0255537637 0.0130184429
v -0.0124980000 0.0255562944 0.0130829567
v -0.0124980000 0.0255538179 0.0131532550
v -0.0124980000 0.0255463886 0.0132209864
v -0.0124980000 0.0255340065 0.0132861511
v -0.0124980000 0.0255166714 0.0133487489
v -0.0124980000 0.0254943835 0.0134087799
v -0.0124980000 0.0254671427 0.0134662440
v -0.0124980000 0.0254349490 0.0135211414
v -0.0124980000 0.0253978025 0.0135734719
v -0.0124980000 0.0253557030 0.0136232356
v -0.0124980000 0.0253086507 0.0136704325
v -0.0124980000 0.0252570613 0.0137140504
v -0.0124980000 0.0252013505 0.0137530768
v -0.0124980000 0.0251415184 0.0137875119
v -0.0124980000 0.0250775649 0.0138173557
v -0.0124980000 0.0250094900 0.0138426081
v -0.0124980000 0.0249372937 0.0138632692
v -0.0124980000 0.0248609761 0.0138793389
v -0.0124980000 0.0247805371 0.0138908173
v -0.0124980000 0.0246959768 0.0138977043
v -0.0124980000 0.0246072950 0.0139000000
v -0.0124980000 0.0245250394 0.0138979845
v -0.0124980000 0.0244452963 0.0138919380
v -0.0124980000 0.0243680658 0.0138818606
v -0.0124980000 0.0242933480 0.0138677521
v -0.0124980000 0.0242211427 0.0138496127
v -0.0124980000 0.0241514500 0.0138274422
v -0.0124980000 0.0240842699 0.0138012408
v -0.0124980000 0.0240196023 0.0137710084
v -0.0124980000 0.0239574474 0.0137367450
v -0.0124980000 0.0238978050 0.0136984506
v -0.0124980000 0.0238423383 0.0136557276
v -0.0124980000 0.0237927101 0.0136081782
v -0.0124980000 0.0237489206 0.0135558025
v -0.0124980000 0.0237109697 0.0134986004
v -0.0124980000 0.0236788573 0.0134365720
v -0.0124980000 0.0236525836 0.0133697172
v -0.0124980000 0.0236321485 0.0132980362
v -0.0124980000 0.0236175520 0.0132215287
v -0.0124980000 0.0236087941 0.0131401950
v -0.0124980000 0.0236058748 0.0130540349
v -0.0124980000 0.0239438993 0.0130540349
v -0.0124980000 0.0239499367 0.0130957005
v -0.0124980000 0.0239572034 0.0131353777
v -0.0124980000 0.0239656992 0.0131730665
v -0.0124980000 0.0239754241 0.0132087669
v -0.0124980000 0.0239863783 0.0132424790
v -0.0124980000 0.0239985617 0.0132742027
v -0.0124980000 0.0240119742 0.0133039380
v -0.0124980000 0.0240266159 0.0133316850
v -0.0124980000 0.0240424868 0.0133574435
v -0.0124980000 0.0240595868 0.0133812137
v -0.0124980000 0.0240947811 0.0134207101
v -0.0124980000 0.0241345668 0.0134560491
v -0.0124980000 0.0241789438 0.0134872305
v -0.0124980000 0.0242279122 0.0135142544
v -0.0124980000 0.0242814719 0.0135371207
v -0.0124980000 0.0243396230 0.0135558296
v -0.0124980000 0.0244023654 0.0135703809
v -0.0124980000 0.0244696992 0.0135807747
v -0.0124980000 0.0245416243 0.0135870110
v -0.0124980000 0.0246181407 0.0135890897
v -0.0124980000 0.0246799793 0.0135877521
v -0.0124980000 0.0247382389 0.0135837392
v -0.0124980000 0.0247929193 0.0135770510
v -0.0124980000 0.0248440207 0.0135676875
v -0.0124980000 0.0248915429 0.0135556488
v -0.0124980000 0.0249354861 0.0135409348
v -0.0124980000 0.0249758502 0.0135235455
v -0.0124980000 0.0250126352 0.0135034810
v -0.0124980000 0.0250458412 0.0134807411
v -0.0124980000 0.0250754680 0.0134553260
v -0.0124980000 0.0251019135 0.0134281394
v -0.0124980000 0.0251255752 0.0134000852
v -0.0124980000 0.0251464532 0.0133711633
v -0.0124980000 0.0251645474 0.0133413738
v -0.0124980000 0.0251798580 0.0133107166
v -0.0124980000 0.0251923848 0.0132791917
v -0.0124980000 0.0252021278 0.0132467992
v -0.0124980000 0.0252090872 0.0132135391
v -0.0124980000 0.0252132628 0.0131794112
v -0.0124980000 0.0252146546 0.0131444158
v -0.0124980000 0.0252130278 0.0131064196
v -0.0124980000 0.0252081472 0.0130705203
v -0.0124980000 0.0252000129 0.0130367179
v -0.0124980000 0.0251886249 0.0130050123
v -0.0124980000 0.0251739832 0.0129754035
v -0.0124980000 0.0251560878 0.0129478915
v -0.0124980000 0.0251349387 0.0129224764
v -0.0124980000 0.0251105358 0.0128991582
v -0.0124980000 0.0250828793 0.0128779367
v -0.0124980000 0.0250519690 0.0128588121
v -0.0124980000 0.0250279458 0.0128469542
v -0.0124980000 0.0249985358 0.0128345178
v -0.0124980000 0.0249637392 0.0128215029
v -0.0124980000 0.0249235558 0.0128079096
v -0.0124980000 0.0248779858 0.0127937379
v -0.0124980000 0.0248270291 0.0127789877
v -0.0124980000 0.0247706856 0.0127636591
v -0.0124980000 0.0247089555 0.0127477521
v -0.0124980000 0.0246418386 0.0127312666
v -0.0124980000 0.0245693351 0.0127142027
v -0.0124980000 0.0241969658 0.0126292447
v -0.0124980000 0.0241443280 0.0126165010
v -0.0124980000 0.0240941485 0.0126028535
v -0.0124980000 0.0240464274 0.0125883021
v -0.0124980000 0.0240011646 0.0125728470
v -0.0124980000 0.0239583602 0.0125564881
v -0.0124980000 0.0239180142 0.0125392253
v -0.0124980000 0.0238801265 0.0125210587
v -0.0124980000 0.0238446972 0.0125019884
v -0.0124980000 0.0238117263 0.0124820142
v -0.0124980000 0.0237812137 0.0124611362
v -0.0124980000 0.0237331311 0.0124222182
v -0.0124980000 0.0236901097 0.0123799380
v -0.0124980000 0.0236521498 0.0123342957
v -0.0124980000 0.0236192511 0.0122852912
v -0.0124980000 0.0235914138 0.0122329245
v -0.0124980000 0.0235686378 0.0121771956
v -0.0124980000 0.0235509232 0.0121181046
v -0.0124980000 0.0235382699 0.0120556514
v -0.0124980000 0.0235306779 0.0119898360
v -0.0124980000 0.0235281472 0.0119206585
v -0.0124980000 0.0235313557 0.0118349593
v -0.0124980000 0.0235409813 0.0117542853
v -0.0124980000 0.0235570239 0.0116786365
v -0.0124980000 0.0235794835 0.0116080129
v -0.0124980000 0.0236083602 0.0115424145
v -0.0124980000 0.0236436540 0.0114818412
v -0.0124980000 0.0236853648 0.0114262931
v -0.0124980000 0.0237334926 0.0113757702
v -0.0124980000 0.0237880374 0.0113302724
v -0.0124980000 0.0238489994 0.0112897999
v -0.0124980000 0.0239142092 0.0112537379
v -0.0124980000 0.0239814977 0.0112214719
v -0.0124980000 0.0240508651 0.0111930019
v -0.0124980000 0.0241223112 0.0111683280
v -0.0124980000 0.0241958360 0.0111474500
v -0.0124980000 0.0242714396 0.0111303680
v -0.0124980000 0.0243491220 0.0111170820
v -0.0124980000 0.0244288832 0.0111075920
v -0.0124980000 0.0245107230 0.0111018980
v -0.0124980000 0.0245946417 0.0111000000
v -0.0124980000 0.0246915481 0.0111025307
v -0.0124980000 0.0247841524 0.0111101227
v -0.0124980000 0.0248724545 0.0111227760
v -0.0124980000 0.0249564545 0.0111404906
v -0.0124980000 0.0250361524 0.0111632666
v -0.0124980000 0.0251115481 0.0111911039
v -0.0124980000 0.0251826417 0.0112240026
v -0.0124980000 0.0252494332 0.0112619626
v -0.0124980000 0.0253119225 0.0113049839
v -0.0124980000 0.0253701097 0.0113530665
v -0.0124980000 0.0254232899 0.0114051078
v -0.0124980000 0.0254707579 0.0114607282
v -0.0124980000 0.0255125139 0.0115199277
v -0.0124980000 0.0255485578 0.0115827063
v -0.0124980000 0.0255788896 0.0116490639
v -0.0124980000 0.0256035094 0.0117190006
v -0.0124980000 0.0256224170 0.0117925165
v -0.0124980000 0.0256356127 0.0118696114
v -0.0124980000 0.0256430962 0.0119502853
v -0.0124980000 0.0256448677 0.0120345384
v -0.0124980000 0.0253068431 0.0120345384
v -0.0124980000 0.0253034990 0.0119901975
v -0.0124860000 0.0215629774 0.0127177637
v -0.0124860000 0.0215480103 0.0126850639
v -0.0124860000 0.0215343447 0.0126513880
v -0.0124860000 0.0215219806 0.0126167360
v -0.0124860000 0.0215109180 0.0125811078
v -0.0124860000 0.0215011569 0.0125445036
v -0.0124860000 0.0214926972 0.0125069232
v -0.0124860000 0.0214855391 0.0124683667
v -0.0124860000 0.0214800439 0.0124400232
v -0.0124860000 0.0214751272 0.0124084984
v -0.0124860000 0.0214707889 0.0123737921
v -0.0124860000 0.0214670291 0.0123359045
v -0.0124860000 0.0214638476 0.0122948354
v -0.0124860000 0.0214612447 0.0122505849
v -0.0124860000 0.0214592201 0.0122031530
v -0.0124860000 0.0214577740 0.0121525397
v -0.0124860000 0.0214569064 0.0120987450
v -0.0124860000 0.0214566172 0.0120417689
v -0.0124860000 0.0228755972 0.0120417689
v -0.0124860000 0.0228725784 0.0119840065
v -0.0124860000 0.0228671375 0.0119285759
v -0.0124860000 0.0228592744 0.0118754771
v -0.0124860000 0.0228489890 0.0118247101
v -0.0124860000 0.0228362815 0.0117762750
v -0.0124860000 0.0228211517 0.0117301717
v -0.0124860000 0.0228035997 0.0116864003
v -0.0124860000 0.0227836256 0.0116449606
v -0.0124860000 0.0227612292 0.0116058528
v -0.0124860000 0.0227364106 0.0115690768
v -0.0124860000 0.0227089529 0.0115352473
v -0.0124860000 0.0226786391 0.0115049787
v -0.0124860000 0.0226454693 0.0114782711
v -0.0124860000 0.0226094435 0.0114551246
v -0.0124860000 0.0225705617 0.0114355391
v -0.0124860000 0.0225288238 0.0114195145
v -0.0124860000 0.0224842298 0.0114070510
v -0.0124860000 0.0224367799 0.0113981485
v -0.0124860000 0.0223864739 0.0113928070
v -0.0124860000 0.0223333118 0.0113910265
v -0.0124860000 0.0222833673 0.0113927076
v -0.0124860000 0.0222354835 0.0113977508
v -0.0124860000 0.0221896604 0.0114061562
v -0.0124860000 0.0221458980 0.0114179238
v -0.0124860000 0.0221041963 0.0114330536
v -0.0124860000 0.0220645552 0.0114515455
v -0.0124860000 0.0220269748 0.0114733996
v -0.0124860000 0.0219914551 0.0114986159
v -0.0124860000 0.0219579961 0.0115271943
v -0.0124860000 0.0219265978 0.0115591349
v -0.0124860000 0.0219097508 0.0115789645
v -0.0124860000 0.0218939161 0.0115994087
v -0.0124860000 0.0218790936 0.0116204674
v -0.0124860000 0.0218652834 0.0116421407
v -0.0124860000 0.0218524855 0.0116644287
v -0.0124860000 0.0218406998 0.0116873312
v -0.0124860000 0.0218299264 0.0117108483
v -0.0124860000 0.0218201653 0.0117349800
v -0.0124860000 0.0218114164 0.0117597263
v -0.0124860000 0.0218036798 0.0117850872
v -0.0124860000 0.0214837314 0.0117850872
v -0.0124860000 0.0214868496 0.0117635132
v -0.0124860000 0.0214911427 0.0117414513
v -0.0124860000 0.0214966107 0.0117189012
v -0.0124860000 0.0215032537 0.0116958631
v -0.0124860000 0.0215110717 0.0116723370
v -0.0124860000 0.0215200646 0.0116483228
v -0.0124860000 0.0215302324 0.0116238205
v -0.0124860000 0.0215415752 0.0115988302
v -0.0124860000 0.0215540930 0.0115733518
v -0.0124860000 0.0215677857 0.0115473854
v -0.0124860000 0.0215822376 0.0115216540
v -0.0124860000 0.0215970329 0.0114968806
v -0.0124860000 0.0216121717 0.0114730652
v -0.0124860000 0.0216276540 0.0114502079
v -0.0124860000 0.0216434797 0.0114283086
v -0.0124860000 0.0216596488 0.0114073673
v -0.0124860000 0.0216761614 0.0113873841
v -0.0124860000 0.0216930174 0.0113683589
v -0.0124860000 0.0217102169 0.0113502918
v -0.0124860000 0.0217277598 0.0113331827
v -0.0124860000 0.0217581097 0.0113052008
v -0.0124860000 0.0217898696 0.0112790988
v -0.0124860000 0.0218230394 0.0112548767
v -0.0124860000 0.0218576191 0.0112325345
v -0.0124860000 0.0218936088 0.0112120723
v -0.0124860000 0.0219310084 0.0111934900
v -0.0124860000 0.0219698179 0.0111767876
v -0.0124860000 0.0220100374 0.0111619651
v -0.0124860000 0.0220516669 0.0111490226
v -0.0124860000 0.0220947063 0.0111379600
v -0.0124860000 0.0221185126 0.0111324648
v -0.0124860000 0.0221429335 0.0111275481
v -0.0124860000 0.0221679690 0.0111232098
v -0.0124860000 0.0221936191 0.0111194500
v -0.0124860000 0.0222198838 0.0111162686
v -0.0124860000 0.0222467631 0.0111136656
v -0.0124860000 0.0222742569 0.0111116411
v -0.0124860000 0.0223023654 0.0111101950
v -0.0124860000 0.0223310884 0.0111093273
v -0.0124860000 0.0223604261 0.0111090381
v -0.0124860000 0.0224316281 0.0111116682
v -0.0124860000 0.0225006249 0.0111195584
v -0.0124860000 0.0225674164 0.0111327088
v -0.0124860000 0.0226320026 0.0111511194
v -0.0124860000 0.0226943835 0.0111747902
v -0.0124860000 0.0227545591 0.0112037211
v -0.0124860000 0.0228125294 0.0112379122
v -0.0124860000 0.0228682944 0.0112773635
v -0.0124860000 0.0229218541 0.0113220749
v -0.0124860000 0.0229732085 0.0113720465
v -0.0124860000 0.0230209477 0.0114267540
v -0.0124860000 0.0230636617 0.0114856733
v -0.0124860000 0.0231013505 0.0115488044
v -0.0124860000 0.0231340142 0.0116161472
v -0.0124860000 0.0231616527 0.0116877017
v -0.0124860000 0.0231842660 0.0117634680
v -0.0124860000 0.0232018541 0.0118434461
v -0.0124860000 0.0232144170 0.0119276359
v -0.0124860000 0.0232219548 0.0120160374
v -0.0124860000 0.0232244674 0.0121086507
v -0.0124860000 0.0232219367 0.0122001704
v -0.0124860000 0.0232143447 0.0122881833
v -0.0124860000 0.0232016914 0.0123726895
v -0.0124860000 0.0231839768 0.0124536888
v -0.0124860000 0.0231612008 0.0125311814
v -0.0124860000 0.0231333635 0.0126051672
v -0.0124860000 0.0231004648 0.0126756462
v -0.0124860000 0.0230625048 0.0127426185
v -0.0124860000 0.0230194835 0.0128060839
v -0.0124860000 0.0229714009 0.0128660426
v -0.0124860000 0.0229192331 0.0129213376
v -0.0124860000 0.0228639561 0.0129708121
v -0.0124860000 0.0228055700 0.0130144661
v -0.0124860000 0.0227440749 0.0130522995
v -0.0124860000 0.0226794706 0.0130843125
v -0.0124860000 0.0226117573 0.0131105048
v -0.0124860000 0.0225409348 0.0131308767
v -0.0124860000 0.0224670032 0.0131454280
v -0.0124860000 0.0223899626 0.0131541588
v -0.0124860000 0.0223098128 0.0131570691
v -0.0124860000 0.0222687256 0.0131561020
v -0.0124860000 0.0222278915 0.0131532008
v -0.0124860000 0.0221873105 0.0131483654
v -0.0124860000 0.0221469826 0.0131415959
v -0.0124860000 0.0221069077 0.0131328922
v -0.0124860000 0.0220670859 0.0131222544
v -0.0124860000 0.0220275171 0.0131096824
v -0.0124860000 0.0219882014 0.0130951762
v -0.0124860000 0.0219491388 0.0130787360
v -0.0124860000 0.0219103292 0.0130603615
v -0.0124860000 0.0218725681 0.0130404506
v -0.0124860000 0.0218366507 0.0130194009
v -0.0124860000 0.0218025771 0.0129972124
v -0.0124860000 0.0217703473 0.0129738851
v -0.0124860000 0.0217399613 0.0129494190
v -0.0124860000 0.0217114190 0.0129238141
v -0.0124860000 0.0216847205 0.0128970704
v -0.0124860000 0.0216598657 0.0128691879
v -0.0124860000 0.0216368547 0.0128401666
v -0.0124860000 0.0216156875 0.0128100065
v -0.0124860000 0.0215968160 0.0127802350
v -0.0124860000 0.0215792460 0.0127494874
v -0.0124860000 0.0218010768 0.0123814564
v -0.0124860000 0.0218076746 0.0124195068
v -0.0124860000 0.0218153209 0.0124558580
v -0.0124860000 0.0218240155 0.0124905100
v -0.0124860000 0.0218337586 0.0125234629
v -0.0124860000 0.0218445500 0.0125547166
v -0.0124860000 0.0218563899 0.0125842711
v -0.0124860000 0.0218692782 0.0126121265
v -0.0124860000 0.0218832150 0.0126382828
v -0.0124860000 0.0219117573 0.0126829309
v -0.0124860000 0.0219438786 0.0127228793
v -0.0124860000 0.0219795791 0.0127581278
v -0.0124860000 0.0220188586 0.0127886766
v -0.0124860000 0.0220617172 0.0128145255
v -0.0124860000 0.0221081549 0.0128356746
v -0.0124860000 0.0221581717 0.0128521240
v -0.0124860000 0.0222117676 0.0128638735
v -0.0124860000 0.0222689425 0.0128709232
v -0.0124860000 0.0223296966 0.0128732731
v -0.0124860000 0.0223738025 0.0128716553
v -0.0124860000 0.0224164622 0.0128668018
v -0.0124860000 0.0224576759 0.0128587127
v -0.0124860000 0.0224974435 0.0128473880
v -0.0124860000 0.0225357650 0.0128328276
v -0.0124860000 0.0225726404 0.0128150316
v -0.0124860000 0.0226080697 0.0127940000
v -0.0124860000 0.0226420529 0.0127697327
v -0.0124860000 0.0226745901 0.0127422298
v -0.0124860000 0.0227056811 0.0127114913
v -0.0124860000 0.0227346210 0.0126782582
v -0.0124860000 0.0227607050 0.0126432718
v -0.0124860000 0.0227839329 0.0126065320
v -0.0124860000 0.0228043047 0.0125680387
v -0.0124860000 0.0228218205 0.0125277921
v -0.0124860000 0.0228364803 0.0124857921
v -0.0124860000 0.0228482841 0.0124420387
v -0.0124860000 0.0228572318 0.0123965320
v -0.0124860000 0.0228633234 0.0123492718
v -0.0124860000 0.0228665591 0.0123002582
v -0.0124860000 0.0217910265 0.0123002582
v -0.0124860000 0.0217955274 0.0123417069
v -0.0124980000 0.0215629774 0.0127177637
v -0.0124980000 0.0215480103 0.0126850639
v -0.0124980000 0.0215343447 0.0126513880
v -0.0124980000 0.0215219806 0.0126167360
v -0.0124980000 0.0215109180 0.0125811078
v -0.0124980000 0.0215011569 0.0125445036
v -0.0124980000 0.0214926972 0.0125069232
v -0.0124980000 0.0214855391 0.0124683667
v -0.0124980000 0.0214800439 0.0124400232
v -0.0124980000 0.0214751272 0.0124084984
v -0.0124980000 0.0214707889 0.0123737921
v -0.0124980000 0.0214670291 0.0123359045
v -0.0124980000 0.0214638476 0.0122948354
v -0.0124980000 0.0214612447 0.0122505849
v -0.0124980000 0.0214592201 0.0122031530
v -0.0124980000 0.0214577740 0.0121525397
v -0.0124980000 0.0214569064 0.0120987450
v -0.0124980000 0.0214566172 0.0120417689
v -0.0124980000 0.0228755972 0.0120417689
v -0.0124980000 0.0228725784 0.0119840065
v -0.0124980000 0.0228671375 0.0119285759
v -0.0124980000 0.0228592744 0.0118754771
v -0.0124980000 0.0228489890 0.0118247101
v -0.0124980000 0.0228362815 0.0117762750
v -0.0124980000 0.0228211517 0.0117301717
v -0.0124980000 0.0228035997 0.0116864003
v -0.0124980000 0.0227836256 0.0116449606
v -0.0124980000 0.0227612292 0.0116058528
v -0.0124980000 0.0227364106 0.0115690768
v -0.0124980000 0.0227089529 0.0115352473
v -0.0124980000 0.0226786391 0.0115049787
v -0.0124980000 0.0226454693 0.0114782711
v -0.0124980000 0.0226094435 0.0114551246
v -0.0124980000 0.0225705617 0.0114355391
v -0.0124980000 0.0225288238 0.0114195145
v -0.0124980000 0.0224842298 0.0114070510
v -0.0124980000 0.0224367799 0.0113981485
v -0.0124980000 0.0223864739 0.0113928070
v -0.0124980000 0.0223333118 0.0113910265
v -0.0124980000 0.0222833673 0.0113927076
v -0.0124980000 0.0222354835 0.0113977508
v -0.0124980000 0.0221896604 0.0114061562
v -0.0124980000 0.0221458980 0.0114179238
v -0.0124980000 0.0221041963 0.0114330536
v -0.0124980000 0.0220645552 0.0114515455
v -0.0124980000 0.0220269748 0.0114733996
v -0.0124980000 0.0219914551 0.0114986159
v -0.0124980000 0.0219579961 0.0115271943
v -0.0124980000 0.0219265978 0.0115591349
v -0.0124980000 0.0219097508 0.0115789645
v -0.0124980000 0.0218939161 0.0115994087
v -0.0124980000 0.0218790936 0.0116204674
v -0.0124980000 0.0218652834 0.0116421407
v -0.0124980000 0.0218524855 0.0116644287
v -0.0124980000 0.0218406998 0.0116873312
v -0.0124980000 0.0218299264 0.0117108483
v -0.0124980000 0.0218201653 0.0117349800
v -0.0124980000 0.0218114164 0.0117597263
v -0.0124980000 0.0218036798 0.0117850872
v -0.0124980000 0.0214837314 0.0117850872
v -0.0124980000 0.0214868496 0.0117635132
v -0.0124980000 0.0214911427 0.0117414513
v -0.0124980000 0.0214966107 0.0117189012
v -0.0124980000 0.0215032537 0.0116958631
v -0.0124980000 0.0215110717 0.0116723370
v -0.0124980000 0.0215200646 0.0116483228
v -0.0124980000 0.0215302324 0.0116238205
v -0.0124980000 0.0215415752 0.0115988302
v -0.0124980000 0.0215540930 0.0115733518
v -0.0124980000 0.0215677857 0.0115473854
v -0.0124980000 0.0215822376 0.0115216540
v -0.0124980000 0.0215970329 0.0114968806
v -0.0124980000 0.0216121717 0.0114730652
v -0.0124980000 0.0216276540 0.0114502079
v -0.0124980000 0.0216434797 0.0114283086
v -0.0124980000 0.0216596488 0.0114073673
v -0.0124980000 0.0216761614 0.0113873841
v -0.0124980000 0.0216930174 0.0113683589
v -0.0124980000 0.0217102169 0.0113502918
v -0.0124980000 0.0217277598 0.0113331827
v -0.0124980000 0.0217581097 0.0113052008
v -0.0124980000 0.0217898696 0.0112790988
v -0.0124980000 0.0218230394 0.0112548767
v -0.0124980000 0.0218576191 0.0112325345
v -0.0124980000 0.0218936088 0.0112120723
v -0.0124980000 0.0219310084 0.0111934900
v -0.0124980000 0.0219698179 0.0111767876
v -0.0124980000 0.0220100374 0.0111619651
v -0.0124980000 0.0220516669 0.0111490226
v -0.0124980000 0.0220947063 0.0111379600
v -0.0124980000 0.0221185126 0.0111324648
v -0.0124980000 0.0221429335 0.0111275481
v -0.0124980000 0.0221679690 0.0111232098
v -0.0124980000 0.0221936191 0.0111194500
v -0.0124980000 0.0222198838 0.0111162686
v -0.0124980000 0.0222467631 0.0111136656
v -0.0124980000 0.0222742569 0.0111116411
v -0.0124980000 0.0223023654 0.0111101950
v -0.0124980000 0.0223310884 0.0111093273
v -0.0124980000 0.0223604261 0.0111090381
v -0.0124980000 0.0224316281 0.0111116682
v -0.0124980000 0.0225006249 0.0111195584
v -0.0124980000 0.0225674164 0.0111327088
v -0.0124980000 0.0226320026 0.0111511194
v -0.0124980000 0.0226943835 0.0111747902
v -0.0124980000 0.0227545591 0.0112037211
v -0.0124980000 0.0228125294 0.0112379122
v -0.0124980000 0.0228682944 0.0112773635
v -0.0124980000 0.0229218541 0.0113220749
v -0.0124980000 0.0229732085 0.0113720465
v -0.0124980000 0.0230209477 0.0114267540
v -0.0124980000 0.0230636617 0.0114856733
v -0.0124980000 0.0231013505 0.0115488044
v -0.0124980000 0.0231340142 0.0116161472
v -0.0124980000 0.0231616527 0.0116877017
v -0.0124980000 0.0231842660 0.0117634680
v -0.0124980000 0.0232018541 0.0118434461
v -0.0124980000 0.0232144170 0.0119276359
v -0.0124980000 0.0232219548 0.0120160374
v -0.0124980000 0.0232244674 0.0121086507
v -0.0124980000 0.0232219367 0.0122001704
v -0.0124980000 0.0232143447 0.0122881833
v -0.0124980000 0.0232016914 0.0123726895
v -0.0124980000 0.0231839768 0.0124536888
v -0.0124980000 0.0231612008 0.0125311814
v -0.0124980000 0.0231333635 0.0126051672
v -0.0124980000 0.0231004648 0.0126756462
v -0.0124980000 0.0230625048 0.0127426185
v -0.0124980000 0.0230194835 0.0128060839
v -0.0124980000 0.0229714009 0.0128660426
v -0.0124980000 0.0229192331 0.0129213376
v -0.0124980000 0.0228639561 0.0129708121
v -0.0124980000 0.0228055700 0.0130144661
v -0.0124980000 0.0227440749 0.0130522995
v -0.0124980000 0.0226794706 0.0130843125
v -0.0124980000 0.0226117573 0.0131105048
v -0.0124980000 0.0225409348 0.0131308767
v -0.0124980000 0.0224670032 0.0131454280
v -0.0124980000 0.0223899626 0.0131541588
v -0.0124980000 0.0223098128 0.0131570691
v -0.0124980000 0.0222687256 0.0131561020
v -0.0124980000 0.0222278915 0.0131532008
v -0.0124980000 0.0221873105 0.0131483654
v -0.0124980000 0.0221469826 0.0131415959
v -0.0124980000 0.0221069077 0.0131328922
v -0.0124980000 0.0220670859 0.0131222544
v -0.0124980000 0.0220275171 0.0131096824
v -0.0124980000 0.0219882014 0.0130951762
v -0.0124980000 0.0219491388 0.0130787360
v -0.0124980000 0.0219103292 0.0130603615
v -0.0124980000 0.0218725681 0.0130404506
v -0.0124980000 0.0218366507 0.0130194009
v -0.0124980000 0.0218025771 0.0129972124
v -0.0124980000 0.0217703473 0.0129738851
v -0.0124980000 0.0217399613 0.0129494190
v -0.0124980000 0.0217114190 0.0129238141
v -0.0124980000 0.0216847205 0.0128970704
v -0.0124980000 0.0216598657 0.0128691879
v -0.0124980000 0.0216368547 0.0128401666
v -0.0124980000 0.0216156875 0.0128100065
v -0.0124980000 0.0215968160 0.0127802350
v -0.0124980000 0.0215792460 0.0127494874
v -0.0124980000 0.0218010768 0.0123814564
v -0.0124980000 0.0218076746 0.0124195068
v -0.0124980000 0.0218153209 0.0124558580
v -0.0124980000 0.0218240155 0.0124905100
v -0.0124980000 0.0218337586 0.0125234629
v -0.0124980000 0.0218445500 0.0125547166
v -0.0124980000 0.0218563899 0.0125842711
v -0.0124980000 0.0218692782 0.0126121265
v -0.0124980000 0.0218832150 0.0126382828
v -0.0124980000 0.0219117573 0.0126829309
v -0.0124980000 0.0219438786 0.0127228793
v -0.0124980000 0.0219795791 0.0127581278
v -0.0124980000 0.0220188586 0.0127886766
v -0.0124980000 0.0220617172 0.0128145255
v -0.0124980000 0.0221081549 0.0128356746
v -0.0124980000 0.0221581717 0.0128521240
v -0.0124980000 0.0222117676 0.0128638735
v -0.0124980000 0.0222689425 0.0128709232
v -0.0124980000 0.0223296966 0.0128732731
v -0.0124980000 0.0223738025 0.0128716553
v -0.0124980000 0.0224164622 0.0128668018
v -0.0124980000 0.0224576759 0.0128587127
v -0.0124980000 0.0224974435 0.0128473880
v -0.0124980000 0.0225357650 0.0128328276
v -0.0124980000 0.0225726404 0.0128150316
v -0.0124980000 0.0226080697 0.0127940000
v -0.0124980000 0.0226420529 0.0127697327
v -0.0124980000 0.0226745901 0.0127422298
v -0.0124980000 0.0227056811 0.0127114913
v -0.0124980000 0.0227346210 0.0126782582
v -0.0124980000 0.0227607050 0.0126432718
v -0.0124980000 0.0227839329 0.0126065320
v -0.0124980000 0.0228043047 0.0125680387
v -0.0124980000 0.0228218205 0.0125277921
v -0.0124980000 0.0228364803 0.0124857921
v -0.0124980000 0.0228482841 0.0124420387
v -0.0124980000 0.0228572318 0.0123965320
v -0.0124980000 0.0228633234 0.0123492718
v -0.0124980000 0.0228665591 0.0123002582
v -0.0124980000 0.0217910265 0.0123002582
v -0.0124980000 0.0217955274 0.0123417069
v -0.0124860000 0.0207480310 0.0128389283
v -0.0124860000 0.0207203925 0.0128719535
v -0.0124860000 0.0206924287 0.0129030626
v -0.0124860000 0.0206641394 0.0129322556
v -0.0124860000 0.0206355249 0.0129595326
v -0.0124860000 0.0206065849 0.0129848935
v -0.0124860000 0.0205773196 0.0130083383
v -0.0124860000 0.0205477289 0.0130298670
v -0.0124860000 0.0205178128 0.0130494797
v -0.0124860000 0.0204875713 0.0130671762
v -0.0124860000 0.0204570045 0.0130829567
v -0.0124860000 0.0204259316 0.0130970381
v -0.0124860000 0.0203941717 0.0131096372
v -0.0124860000 0.0203617250 0.0131207540
v -0.0124860000 0.0203285913 0.0131303886
v -0.0124860000 0.0202947708 0.0131385410
v -0.0124860000 0.0202602634 0.0131452111
v -0.0124860000 0.0202250691 0.0131503990
v -0.0124860000 0.0201891879 0.0131541046
v -0.0124860000 0.0201526198 0.0131563280
v -0.0124860000 0.0201153648 0.0131570691
v -0.0124860000 0.0200356127 0.0131541950
v -0.0124860000 0.0199612111 0.0131455726
v -0.0124860000 0.0198921601 0.0131312021
v -0.0124860000 0.0198284597 0.0131110833
v -0.0124860000 0.0197701097 0.0130852163
v -0.0124860000 0.0197171104 0.0130536010
v -0.0124860000 0.0196694616 0.0130162376
v -0.0124860000 0.0196271633 0.0129731259
v -0.0124860000 0.0195902156 0.0129242660
v -0.0124860000 0.0195586185 0.0128696578
v -0.0124860000 0.0195435068 0.0128368496
v -0.0124860000 0.0195299858 0.0128013299
v -0.0124860000 0.0195180555 0.0127630988
v -0.0124860000 0.0195077159 0.0127221562
v -0.0124860000 0.0194989671 0.0126785023
v -0.0124860000 0.0194918089 0.0126321369
v -0.0124860000 0.0194862414 0.0125830600
v -0.0124860000 0.0194822647 0.0125312718
v -0.0124860000 0.0194798786 0.0124767721
v -0.0124860000 0.0194790833 0.0124195610
v -0.0124860000 0.0194790833 0.0111777276
v -0.0124860000 0.0198098773 0.0111777276
v -0.0124860000 0.0198098773 0.0123978696
v -0.0124860000 0.0198104015 0.0124326120
v -0.0124860000 0.0198119742 0.0124659806
v -0.0124860000 0.0198145952 0.0124979755
v -0.0124860000 0.0198182647 0.0125285965
v -0.0124860000 0.0198229826 0.0125578438
v -0.0124860000 0.0198287489 0.0125857172
v -0.0124860000 0.0198355636 0.0126122169
v -0.0124860000 0.0198434267 0.0126373428
v -0.0124860000 0.0198523383 0.0126610949
v -0.0124860000 0.0198622983 0.0126834732
v -0.0124860000 0.0198810613 0.0127178179
v -0.0124860000 0.0199026443 0.0127485474
v -0.0124860000 0.0199270471 0.0127756617
v -0.0124860000 0.0199542699 0.0127991607
v -0.0124860000 0.0199843125 0.0128190445
v -0.0124860000 0.0200171750 0.0128353131
v -0.0124860000 0.0200528573 0.0128479664
v -0.0124860000 0.0200913596 0.0128570045
v -0.0124860000 0.0201326817 0.0128624274
v -0.0124860000 0.0201768238 0.0128642350
v -0.0124860000 0.0201995455 0.0128640000
v -0.0124860000 0.0202214358 0.0128632950
v -0.0124860000 0.0202424945 0.0128621201
v -0.0124860000 0.0202627218 0.0128604751
v -0.0124860000 0.0202821175 0.0128583602
v -0.0124860000 0.0203006817 0.0128557753
v -0.0124860000 0.0203184145 0.0128527205
v -0.0124860000 0.0203353157 0.0128491956
v -0.0124860000 0.0203513854 0.0128452008
v -0.0124860000 0.0203666236 0.0128407360
v -0.0124860000 0.0203930510 0.0128319871
v -0.0124860000 0.0204188276 0.0128216475
v -0.0124860000 0.0204439535 0.0128097172
v -0.0124860000 0.0204684287 0.0127961963
v -0.0124860000 0.0204922531 0.0127810846
v -0.0124860000 0.0205154267 0.0127643822
v -0.0124860000 0.0205379496 0.0127460891
v -0.0124860000 0.0205598218 0.0127262053
v -0.0124860000 0.0205810433 0.0127047308
v -0.0124860000 0.0206016139 0.0126816656
v -0.0124860000 0.0206173131 0.0126624416
v -0.0124860000 0.0206318735 0.0126430910
v -0.0124860000 0.0206452950 0.0126236139
v -0.0124860000 0.0206575778 0.0126040103
v -0.0124860000 0.0206687218 0.0125842802
v -0.0124860000 0.0206787269 0.0125644235
v -0.0124860000 0.0206875933 0.0125444403
v -0.0124860000 0.0206953209 0.0125243305
v -0.0124860000 0.0207019096 0.0125040943
v -0.0124860000 0.0207073596 0.0124837314
v -0.0124860000 0.0207119961 0.0124624287
v -0.0124860000 0.0207161446 0.0124393725
v -0.0124860000 0.0207198050 0.0124145629
v -0.0124860000 0.0207229774 0.0123880000
v -0.0124860000 0.0207256617 0.0123596837
v -0.0124860000 0.0207278580 0.0123296139
v -0.0124860000 0.0207295662 0.0122977908
v -0.0124860000 0.0207307863 0.0122642143
v -0.0124860000 0.0207315184 0.0122288844
v -0.0124860000 0.0207317624 0.0121918012
v -0.0124860000 0.0207317624 0.0111777276
v -0.0124860000 0.0210571336 0.0111777276
v -0.0124860000 0.0210571336 0.0131136862
v -0.0124860000 0.0207480310 0.0131136862
v -0.0124980000 0.0207480310 0.0128389283
v -0.0124980000 0.0207203925 0.0128719535
v -0.0124980000 0.0206924287 0.0129030626
v -0.0124980000 0.0206641394 0.0129322556
v -0.0124980000 0.0206355249 0.0129595326
v -0.0124980000 0.0206065849 0.0129848935
v -0.0124980000 0.0205773196 0.0130083383
v -0.0124980000 0.0205477289 0.0130298670
v -0.0124980000 0.0205178128 0.0130494797
v -0.0124980000 0.0204875713 0.0130671762
v -0.0124980000 0.0204570045 0.0130829567
v -0.0124980000 0.0204259316 0.0130970381
v -0.0124980000 0.0203941717 0.0131096372
v -0.0124980000 0.0203617250 0.0131207540
v -0.0124980000 0.0203285913 0.0131303886
v -0.0124980000 0.0202947708 0.0131385410
v -0.0124980000 0.0202602634 0.0131452111
v -0.0124980000 0.0202250691 0.0131503990
v -0.0124980000 0.0201891879 0.0131541046
v -0.0124980000 0.0201526198 0.0131563280
v -0.0124980000 0.0201153648 0.0131570691
v -0.0124980000 0.0200356127 0.0131541950
v -0.0124980000 0.0199612111 0.0131455726
v -0.0124980000 0.0198921601 0.0131312021
v -0.0124980000 0.0198284597 0.0131110833
v -0.0124980000 0.0197701097 0.0130852163
v -0.0124980000 0.0197171104 0.0130536010
v -0.0124980000 0.0196694616 0.0130162376
v -0.0124980000 0.0196271633 0.0129731259
v -0.0124980000 0.0195902156 0.0129242660
v -0.0124980000 0.0195586185 0.0128696578
v -0.0124980000 0.0195435068 0.0128368496
v -0.0124980000 0.0195299858 0.0128013299
v -0.0124980000 0.0195180555 0.0127630988
v -0.0124980000 0.0195077159 0.0127221562
v -0.0124980000 0.0194989671 0.0126785023
v -0.0124980000 0.0194918089 0.0126321369
v -0.0124980000 0.0194862414 0.0125830600
v -0.0124980000 0.0194822647 0.0125312718
v -0.0124980000 0.0194798786 0.0124767721
v -0.0124980000 0.0194790833 0.0124195610
v -0.0124980000 0.0194790833 0.0111777276
v -0.0124980000 0.0198098773 0.0111777276
v -0.0124980000 0.0198098773 0.0123978696
v -0.0124980000 0.0198104015 0.0124326120
v -0.0124980000 0.0198119742 0.0124659806
v -0.0124980000 0.0198145952 0.0124979755
v -0.0124980000 0.0198182647 0.0125285965
v -0.0124980000 0.0198229826 0.0125578438
v -0.0124980000 0.0198287489 0.0125857172
v -0.0124980000 0.0198355636 0.0126122169
v -0.0124980000 0.0198434267 0.0126373428
v -0.0124980000 0.0198523383 0.0126610949
v -0.0124980000 0.0198622983 0.0126834732
v -0.0124980000 0.0198810613 0.0127178179
v -0.0124980000 0.0199026443 0.0127485474
v -0.0124980000 0.0199270471 0.0127756617
v -0.0124980000 0.0199542699 0.0127991607
v -0.0124980000 0.0199843125 0.0128190445
v -0.0124980000 0.0200171750 0.0128353131
v -0.0124980000 0.0200528573 0.0128479664
v -0.0124980000 0.0200913596 0.0128570045
v -0.0124980000 0.0201326817 0.0128624274
v -0.0124980000 0.0201768238 0.0128642350
v -0.0124980000 0.0201995455 0.0128640000
v -0.0124980000 0.0202214358 0.0128632950
v -0.0124980000 0.0202424945 0.0128621201
v -0.0124980000 0.0202627218 0.0128604751
v -0.0124980000 0.0202821175 0.0128583602
v -0.0124980000 0.0203006817 0.0128557753
v -0.0124980000 0.0203184145 0.0128527205
v -0.0124980000 0.0203353157 0.0128491956
v -0.0124980000 0.0203513854 0.0128452008
v -0.0124980000 0.0203666236 0.0128407360
v -0.0124980000 0.0203930510 0.0128319871
v -0.0124980000 0.0204188276 0.0128216475
v -0.0124980000 0.0204439535 0.0128097172
v -0.0124980000 0.0204684287 0.0127961963
v -0.0124980000 0.0204922531 0.0127810846
v -0.0124980000 0.0205154267 0.0127643822
v -0.0124980000 0.0205379496 0.0127460891
v -0.0124980000 0.0205598218 0.0127262053
v -0.0124980000 0.0205810433 0.0127047308
v -0.0124980000 0.0206016139 0.0126816656
v -0.0124980000 0.0206173131 0.0126624416
v -0.0124980000 0.0206318735 0.0126430910
v -0.0124980000 0.0206452950 0.0126236139
v -0.0124980000 0.0206575778 0.0126040103
v -0.0124980000 0.0206687218 0.0125842802
v -0.0124980000 0.0206787269 0.0125644235
v -0.0124980000 0.0206875933 0.0125444403
v -0.0124980000 0.0206953209 0.0125243305
v -0.0124980000 0.0207019096 0.0125040943
v -0.0124980000 0.0207073596 0.0124837314
v -0.0124980000 0.0207119961 0.0124624287
v -0.0124980000 0.0207161446 0.0124393725
v -0.0124980000 0.0207198050 0.0124145629
v -0.0124980000 0.0207229774 0.0123880000
v -0.0124980000 0.0207256617 0.0123596837
v -0.0124980000 0.0207278580 0.0123296139
v -0.0124980000 0.0207295662 0.0122977908
v -0.0124980000 0.0207307863 0.0122642143
v -0.0124980000 0.0207315184 0.0122288844
v -0.0124980000 0.0207317624 0.0121918012
v -0.0124980000 0.0207317624 0.0111777276
v -0.0124980000 0.0210571336 0.0111777276
v -0.0124980000 0.0210571336 0.0131136862
v -0.0124980000 0.0207480310 0.0131136862
v -0.0124860000 0.0187969606 0.0117230497
v -0.0124860000 0.0187914474 0.0116943086
v -0.0124860000 0.0187848857 0.0116670859
v -0.0124860000 0.0187772757 0.0116413815
v -0.0124860000 0.0187686172 0.0116171956
v -0.0124860000 0.0187589103 0.0115945281
v -0.0124860000 0.0187481549 0.0115733790
v -0.0124860000 0.0187363512 0.0115537482
v -0.0124860000 0.0187234990 0.0115356359
v -0.0124860000 0.0186971078 0.0115057560
v -0.0124860000 0.0186671014 0.0114790213
v -0.0124860000 0.0186334797 0.0114554319
v -0.0124860000 0.0185962427 0.0114349877
v -0.0124860000 0.0185553906 0.0114176888
v -0.0124860000 0.0185109232 0.0114035352
v -0.0124860000 0.0184628405 0.0113925268
v -0.0124860000 0.0184111427 0.0113846637
v -0.0124860000 0.0183558296 0.0113799458
v -0.0124860000 0.0182969012 0.0113783731
v -0.0124860000 0.0182611827 0.0113791595
v -0.0124860000 0.0182263318 0.0113815184
v -0.0124860000 0.0181923486 0.0113854500
v -0.0124860000 0.0181592331 0.0113909542
v -0.0124860000 0.0181269852 0.0113980310
v -0.0124860000 0.0180956049 0.0114066804
v -0.0124860000 0.0180650923 0.0114169025
v -0.0124860000 0.0180354474 0.0114286972
v -0.0124860000 0.0180066701 0.0114420646
v -0.0124860000 0.0179787605 0.0114570045
v -0.0124860000 0.0179526585 0.0114735894
v -0.0124860000 0.0179293041 0.0114918915
v -0.0124860000 0.0179086972 0.0115119109
v -0.0124860000 0.0178908380 0.0115336475
v -0.0124860000 0.0178757263 0.0115571014
v -0.0124860000 0.0178633622 0.0115822724
v -0.0124860000 0.0178537456 0.0116091607
v -0.0124860000 0.0178468767 0.0116377663
v -0.0124860000 0.0178427553 0.0116680891
v -0.0124860000 0.0178413815 0.0117001291
v -0.0124860000 0.0178424842 0.0117244777
v -0.0124860000 0.0178457921 0.0117476333
v -0.0124860000 0.0178513054 0.0117695959
v -0.0124860000 0.0178590239 0.0117903654
v -0.0124860000 0.0178689477 0.0118099419
v -0.0124860000 0.0178810768 0.0118283254
v -0.0124860000 0.0178954112 0.0118455158
v -0.0124860000 0.0179119509 0.0118615132
v -0.0124860000 0.0179306959 0.0118763176
v -0.0124860000 0.0179516462 0.0118899290
v -0.0124860000 0.0179671194 0.0118980090
v -0.0124860000 0.0179853402 0.0119063422
v -0.0124860000 0.0180063086 0.0119149283
v -0.0124860000 0.0180300245 0.0119237676
v -0.0124860000 0.0180564881 0.0119328599
v -0.0124860000 0.0180856992 0.0119422053
v -0.0124860000 0.0181176578 0.0119518037
v -0.0124860000 0.0181523641 0.0119616553
v -0.0124860000 0.0181898179 0.0119717598
v -0.0124860000 0.0182300194 0.0119821175
v -0.0124860000 0.0184885087 0.0120471917
v -0.0124860000 0.0185367360 0.0120596281
v -0.0124860000 0.0185823602 0.0120723538
v -0.0124860000 0.0186253815 0.0120853686
v -0.0124860000 0.0186657999 0.0120986727
v -0.0124860000 0.0187036152 0.0121122660
v -0.0124860000 0.0187388276 0.0121261485
v -0.0124860000 0.0187714371 0.0121403202
v -0.0124860000 0.0188014435 0.0121547811
v -0.0124860000 0.0188288470 0.0121695313
v -0.0124860000 0.0188536475 0.0121845707
v -0.0124860000 0.0188934874 0.0122119742
v -0.0124860000 0.0189291336 0.0122414022
v -0.0124860000 0.0189605862 0.0122728547
v -0.0124860000 0.0189878451 0.0123063318
v -0.0124860000 0.0190109103 0.0123418334
v -0.0124860000 0.0190297818 0.0123793596
v -0.0124860000 0.0190444597 0.0124189103
v -0.0124860000 0.0190549438 0.0124604855
v -0.0124860000 0.0190612343 0.0125040852
v -0.0124860000 0.0190633312 0.0125497095
v -0.0124860000 0.0190613518 0.0126036127
v -0.0124860000 0.0190554138 0.0126554190
v -0.0124860000 0.0190455171 0.0127051285
v -0.0124860000 0.0190316617 0.0127527411
v -0.0124860000 0.0190138476 0.0127982569
v -0.0124860000 0.0189920749 0.0128416759
v -0.0124860000 0.0189663434 0.0128829981
v -0.0124860000 0.0189366533 0.0129222234
v -0.0124860000 0.0189030045 0.0129593518
v -0.0124860000 0.0188653970 0.0129943835
v -0.0124860000 0.0188244454 0.0130266675
v -0.0124860000 0.0187807644 0.0130555533
v -0.0124860000 0.0187343538 0.0130810407
v -0.0124860000 0.0186852137 0.0131031298
v -0.0124860000 0.0186333441 0.0131218205
v -0.0124860000 0.0185787450 0.0131371130
v -0.0124860000 0.0185214164 0.0131490071
v -0.0124860000 0.0184613583 0.0131575029
v -0.0124860000 0.0183985707 0.0131626004
v -0.0124860000 0.0183330536 0.0131642995
v -0.0124860000 0.0182480052 0.0131617327
v -0.0124860000 0.0181678373 0.0131540323
v -0.0124860000 0.0180925500 0.0131411982
v -0.0124860000 0.0180221433 0.0131232305
v -0.0124860000 0.0179566172 0.0131001291
v -0.0124860000 0.0178959716 0.0130718941
v -0.0124860000 0.0178402066 0.0130385255
v -0.0124860000 0.0177893221 0.0130000232
v -0.0124860000 0.0177433183 0.0129563873
v -0.0124860000 0.0177021950 0.0129076178
v -0.0124860000 0.0176792201 0.0128748276
v -0.0124860000 0.0176587398 0.0128415313
v -0.0124860000 0.0176407540 0.0128077289
v -0.0124860000 0.0176252628 0.0127734203
v -0.0124860000 0.0176122660 0.0127386056
v -0.0124860000 0.0176017637 0.0127032847
v -0.0124860000 0.0175937560 0.0126674577
v -0.0124860000 0.0175882427 0.0126311246
v -0.0124860000 0.0175852240 0.0125942853
v -0.0124860000 0.0175846998 0.0125569400
v -0.0124860000 0.0178919948 0.0125569400
v -0.0124860000 0.0178943990 0.0125787941
v -0.0124860000 0.0178979961 0.0126002505
v -0.0124860000 0.0179027863 0.0126213092
v -0.0124860000 0.0179087695 0.0126419703
v -0.0124860000 0.0179159458 0.0126622337
v -0.0124860000 0.0179243150 0.0126820994
v -0.0124860000 0.0179338773 0.0127015675
v -0.0124860000 0.0179446327 0.0127206378
v -0.0124860000 0.0179565810 0.0127393105
v -0.0124860000 0.0179697224 0.0127575855
v -0.0124860000 0.0179937818 0.0127819703
v -0.0124860000 0.0180211311 0.0128037883
v -0.0124860000 0.0180517702 0.0128230394
v -0.0124860000 0.0180856992 0.0128397237
v -0.0124860000 0.0181229180 0.0128538412
v -0.0124860000 0.0181634267 0.0128653919
v -0.0124860000 0.0182072253 0.0128743757
v -0.0124860000 0.0182543138 0.0128807928
v -0.0124860000 0.0183046921 0.0128846430
v -0.0124860000 0.0183583602 0.0128859264
v -0.0124860000 0.0183943409 0.0128852214
v -0.0124860000 0.0184285320 0.0128831065
v -0.0124860000 0.0184609335 0.0128795817
v -0.0124860000 0.0184915455 0.0128746469
v -0.0124860000 0.0185203680 0.0128683021
v -0.0124860000 0.0185474009 0.0128605474
v -0.0124860000 0.0185726443 0.0128513828
v -0.0124860000 0.0185960981 0.0128408083
v -0.0124860000 0.0186177624 0.0128288238
v -0.0124860000 0.0186376372 0.0128154293
v -0.0124860000 0.0186556682 0.0128008780
v -0.0124860000 0.0186718012 0.0127854229
v -0.0124860000 0.0186860362 0.0127690639
v -0.0124860000 0.0186983731 0.0127518012
v -0.0124860000 0.0187088121 0.0127336346
v -0.0124860000 0.0187173531 0.0127145642
v -0.0124860000 0.0187239961 0.0126945901
v -0.0124860000 0.0187287411 0.0126737121
v -0.0124860000 0.0187315881 0.0126519303
v -0.0124860000 0.0187325371 0.0126292447
v -0.0124860000 0.0187312899 0.0126044442
v -0.0124860000 0.0187275481 0.0125806559
v -0.0124860000 0.0187213118 0.0125578799
v -0.0124860000 0.0187125810 0.0125361162
v -0.0124860000 0.0187013557 0.0125153648
v -0.0124860000 0.0186876359 0.0124956256
v -0.0124860000 0.0186714216 0.0124768986
v -0.0124860000 0.0186527127 0.0124591840
v -0.0124860000 0.0186315094 0.0124424816
v -0.0124860000 0.0186078115 0.0124267915
v -0.0124860000 0.0185926637 0.0124178618
v -0.0124860000 0.0185761420 0.0124091491
v -0.0124860000 0.0185582466 0.0124006533
v -0.0124860000 0.0185389774 0.0123923744
v -0.0124860000 0.0185183344 0.0123843125
v -0.0124860000 0.0184963176 0.0123764674
v -0.0124860000 0.0184729270 0.0123688393
v -0.0124860000 0.0184481627 0.0123614280
v -0.0124860000 0.0184220245 0.0123542337
v -0.0124860000 0.0183945126 0.0123472563
v -0.0124860000 0.0181794061 0.0122948354
v -0.0124860000 0.0181115842 0.0122778980
v -0.0124860000 0.0180483899 0.0122610691
v -0.0124860000 0.0179898231 0.0122443486
v -0.0124860000 0.0179358838 0.0122277366
v -0.0124860000 0.0178865720 0.0122112331
v -0.0124860000 0.0178418877 0.0121948380
v -0.0124860000 0.0178018309 0.0121785513
v -0.0124860000 0.0177664015 0.0121623731
v -0.0124860000 0.0177355997 0.0121463034
v -0.0124860000 0.0177094254 0.0121303422
v -0.0124860000 0.0176733635 0.0121039690
v -0.0124860000 0.0176410975 0.0120747398
v -0.0124860000 0.0176126275 0.0120426546
v -0.0124860000 0.0175879535 0.0120077134
v -0.0124860000 0.0175670755 0.0119699161
v -0.0124860000 0.0175499935 0.0119292628
v -0.0124860000 0.0175367076 0.0118857534
v -0.0124860000 0.0175272176 0.0118393880
v -0.0124860000 0.0175215236 0.0117901666
v -0.0124860000 0.0175196256 0.0117380891
v -0.0124860000 0.0175215868 0.0116870962
v -0.0124860000 0.0175274706 0.0116375132
v -0.0124860000 0.0175372770 0.0115893402
v -0.0124860000 0.0175510058 0.0115425771
v -0.0124860000 0.0175686572 0.0114972240
v -0.0124860000 0.0175902311 0.0114532808
v -0.0124860000 0.0176157276 0.0114107476
v -0.0124860000 0.0176451465 0.0113696243
v -0.0124860000 0.0176784881 0.0113299109
v -0.0124860000 0.0177157521 0.0112916075
v -0.0124860000 0.0177570291 0.0112558890
v -0.0124860000 0.0178024093 0.0112239303
v -0.0124860000 0.0178518928 0.0111957314
v -0.0124860000 0.0179054797 0.0111712924
v -0.0124860000 0.0179631698 0.0111506133
v -0.0124860000 0.0180249632 0.0111336940
v -0.0124860000 0.0180908599 0.0111205345
v -0.0124860000 0.0181608599 0.0111111349
v -0.0124860000 0.0182349632 0.0111054952
v -0.0124860000 0.0183131698 0.0111036152
v -0.0124860000 0.0183970523 0.0111055765
v -0.0124860000 0.0184758915 0.0111114603
v -0.0124860000 0.0185496875 0.0111212666
v -0.0124860000 0.0186184403 0.0111349955
v -0.0124860000 0.0186821498 0.0111526469
v -0.0124860000 0.0187408160 0.0111742208
v -0.0124860000 0.0187944390 0.0111997172
v -0.0124860000 0.0188430187 0.0112291362
v -0.0124860000 0.0188865552 0.0112624777
v -0.0124860000 0.0189250484 0.0112997418
v -0.0124860000 0.0189593480 0.0113398980
v -0.0124860000 0.0189903034 0.0113819161
v -0.0124860000 0.0190179148 0.0114257960
v -0.0124860000 0.0190421821 0.0114715378
v -0.0124860000 0.0190631052 0.0115191414
v -0.0124860000 0.0190806843 0.0115686068
v -0.0124860000 0.0190949193 0.0116199342
v -0.0124860000 0.0191058102 0.0116731233
v -0.0124860000 0.0191133570 0.0117281743
v -0.0124860000 0.0191175597 0.0117850872
v -0.0124860000 0.0188048418 0.0117850872
v -0.0124860000 0.0188014254 0.0117533092
v -0.0124980000 0.0187969606 0.0117230497
v -0.0124980000 0.0187914474 0.0116943086
v -0.0124980000 0.0187848857 0.0116670859
v -0.0124980000 0.0187772757 0.0116413815
v -0.0124980000 0.0187686172 0.0116171956
v -0.0124980000 0.0187589103 0.0115945281
v -0.0124980000 0.0187481549 0.0115733790
v -0.0124980000 0.0187363512 0.0115537482
v -0.0124980000 0.0187234990 0.0115356359
v -0.0124980000 0.0186971078 0.0115057560
v -0.0124980000 0.0186671014 0.0114790213
v -0.0124980000 0.0186334797 0.0114554319
v -0.0124980000 0.0185962427 0.0114349877
v -0.0124980000 0.0185553906 0.0114176888
v -0.0124980000 0.0185109232 0.0114035352
v -0.0124980000 0.0184628405 0.0113925268
v -0.0124980000 0.0184111427 0.0113846637
v -0.0124980000 0.0183558296 0.0113799458
v -0.0124980000 0.0182969012 0.0113783731
v -0.0124980000 0.0182611827 0.0113791595
v -0.0124980000 0.0182263318 0.0113815184
v -0.0124980000 0.0181923486 0.0113854500
v -0.0124980000 0.0181592331 0.0113909542
v -0.0124980000 0.0181269852 0.0113980310
v -0.0124980000 0.0180956049 0.0114066804
v -0.0124980000 0.0180650923 0.0114169025
v -0.0124980000 0.0180354474 0.0114286972
v -0.0124980000 0.0180066701 0.0114420646
v -0.0124980000 0.0179787605 0.0114570045
v -0.0124980000 0.0179526585 0.0114735894
v -0.0124980000 0.0179293041 0.0114918915
v -0.0124980000 0.0179086972 0.0115119109
v -0.0124980000 0.0178908380 0.0115336475
v -0.0124980000 0.0178757263 0.0115571014
v -0.0124980000 0.0178633622 0.0115822724
v -0.0124980000 0.0178537456 0.0116091607
v -0.0124980000 0.0178468767 0.0116377663
v -0.0124980000 0.0178427553 0.0116680891
v -0.0124980000 0.0178413815 0.0117001291
v -0.0124980000 0.0178424842 0.0117244777
v -0.0124980000 0.0178457921 0.0117476333
v -0.0124980000 0.0178513054 0.0117695959
v -0.0124980000 0.0178590239 0.0117903654
v -0.0124980000 0.0178689477 0.0118099419
v -0.0124980000 0.0178810768 0.0118283254
v -0.0124980000 0.0178954112 0.0118455158
v -0.0124980000 0.0179119509 0.0118615132
v -0.0124980000 0.0179306959 0.0118763176
v -0.0124980000 0.0179516462 0.0118899290
v -0.0124980000 0.0179671194 0.0118980090
v -0.0124980000 0.0179853402 0.0119063422
v -0.0124980000 0.0180063086 0.0119149283
v -0.0124980000 0.0180300245 0.0119237676
v -0.0124980000 0.0180564881 0.0119328599
v -0.0124980000 0.0180856992 0.0119422053
v -0.0124980000 0.0181176578 0.0119518037
v -0.0124980000 0.0181523641 0.0119616553
v -0.0124980000 0.0181898179 0.0119717598
v -0.0124980000 0.0182300194 0.0119821175
v -0.0124980000 0.0184885087 0.0120471917
v -0.0124980000 0.0185367360 0.0120596281
v -0.0124980000 0.0185823602 0.0120723538
v -0.0124980000 0.0186253815 0.0120853686
v -0.0124980000 0.0186657999 0.0120986727
v -0.0124980000 0.0187036152 0.0121122660
v -0.0124980000 0.0187388276 0.0121261485
v -0.0124980000 0.0187714371 0.0121403202
v -0.0124980000 0.0188014435 0.0121547811
v -0.0124980000 0.0188288470 0.0121695313
v -0.0124980000 0.0188536475 0.0121845707
v -0.0124980000 0.0188934874 0.0122119742
v -0.0124980000 0.0189291336 0.0122414022
v -0.0124980000 0.0189605862 0.0122728547
v -0.0124980000 0.0189878451 0.0123063318
v -0.0124980000 0.0190109103 0.0123418334
v -0.0124980000 0.0190297818 0.0123793596
v -0.0124980000 0.0190444597 0.0124189103
v -0.0124980000 0.0190549438 0.0124604855
v -0.0124980000 0.0190612343 0.0125040852
v -0.0124980000 0.0190633312 0.0125497095
v -0.0124980000 0.0190613518 0.0126036127
v -0.0124980000 0.0190554138 0.0126554190
v -0.0124980000 0.0190455171 0.0127051285
v -0.0124980000 0.0190316617 0.0127527411
v -0.0124980000 0.0190138476 0.0127982569
v -0.0124980000 0.0189920749 0.0128416759
v -0.0124980000 0.0189663434 0.0128829981
v -0.0124980000 0.0189366533 0.0129222234
v -0.0124980000 0.0189030045 0.0129593518
v -0.0124980000 0.0188653970 0.0129943835
v -0.0124980000 0.0188244454 0.0130266675
v -0.0124980000 0.0187807644 0.0130555533
v -0.0124980000 0.0187343538 0.0130810407
v -0.0124980000 0.0186852137 0.0131031298
v -0.0124980000 0.0186333441 0.0131218205
v -0.0124980000 0.0185787450 0.0131371130
v -0.0124980000 0.0185214164 0.0131490071
v -0.0124980000 0.0184613583 0.0131575029
v -0.0124980000 0.0183985707 0.0131626004
v -0.0124980000 0.0183330536 0.0131642995
v -0.0124980000 0.0182480052 0.0131617327
v -0.0124980000 0.0181678373 0.0131540323
v -0.0124980000 0.0180925500 0.0131411982
v -0.0124980000 0.0180221433 0.0131232305
v -0.0124980000 0.0179566172 0.0131001291
v -0.0124980000 0.0178959716 0.0130718941
v -0.0124980000 0.0178402066 0.0130385255
v -0.0124980000 0.0177893221 0.0130000232
v -0.0124980000 0.0177433183 0.0129563873
v -0.0124980000 0.0177021950 0.0129076178
v -0.0124980000 0.0176792201 0.0128748276
v -0.0124980000 0.0176587398 0.0128415313
v -0.0124980000 0.0176407540 0.0128077289
v -0.0124980000 0.0176252628 0.0127734203
v -0.0124980000 0.0176122660 0.0127386056
v -0.0124980000 0.0176017637 0.0127032847
v -0.0124980000 0.0175937560 0.0126674577
v -0.0124980000 0.0175882427 0.0126311246
v -0.0124980000 0.0175852240 0.0125942853
v -0.0124980000 0.0175846998 0.0125569400
v -0.0124980000 0.0178919948 0.0125569400
v -0.0124980000 0.0178943990 0.0125787941
v -0.0124980000 0.0178979961 0.0126002505
v -0.0124980000 0.0179027863 0.0126213092
v -0.0124980000 0.0179087695 0.0126419703
v -0.0124980000 0.0179159458 0.0126622337
v -0.0124980000 0.0179243150 0.0126820994
v -0.0124980000 0.0179338773 0.0127015675
v -0.0124980000 0.0179446327 0.0127206378
v -0.0124980000 0.0179565810 0.0127393105
v -0.0124980000 0.0179697224 0.0127575855
v -0.0124980000 0.0179937818 0.0127819703
v -0.0124980000 0.0180211311 0.0128037883
v -0.0124980000 0.0180517702 0.0128230394
v -0.0124980000 0.0180856992 0.0128397237
v -0.0124980000 0.0181229180 0.0128538412
v -0.0124980000 0.0181634267 0.0128653919
v -0.0124980000 0.0182072253 0.0128743757
v -0.0124980000 0.0182543138 0.0128807928
v -0.0124980000 0.0183046921 0.0128846430
v -0.0124980000 0.0183583602 0.0128859264
v -0.0124980000 0.0183943409 0.0128852214
v -0.0124980000 0.0184285320 0.0128831065
v -0.0124980000 0.0184609335 0.0128795817
v -0.0124980000 0.0184915455 0.0128746469
v -0.0124980000 0.0185203680 0.0128683021
v -0.0124980000 0.0185474009 0.0128605474
v -0.0124980000 0.0185726443 0.0128513828
v -0.0124980000 0.0185960981 0.0128408083
v -0.0124980000 0.0186177624 0.0128288238
v -0.0124980000 0.0186376372 0.0128154293
v -0.0124980000 0.0186556682 0.0128008780
v -0.0124980000 0.0186718012 0.0127854229
v -0.0124980000 0.0186860362 0.0127690639
v -0.0124980000 0.0186983731 0.0127518012
v -0.0124980000 0.0187088121 0.0127336346
v -0.0124980000 0.0187173531 0.0127145642
v -0.0124980000 0.0187239961 0.0126945901
v -0.0124980000 0.0187287411 0.0126737121
v -0.0124980000 0.0187315881 0.0126519303
v -0.0124980000 0.0187325371 0.0126292447
v -0.0124980000 0.0187312899 0.0126044442
v -0.0124980000 0.0187275481 0.0125806559
v -0.0124980000 0.0187213118 0.0125578799
v -0.0124980000 0.0187125810 0.0125361162
v -0.0124980000 0.0187013557 0.0125153648
v -0.0124980000 0.0186876359 0.0124956256
v -0.0124980000 0.0186714216 0.0124768986
v -0.0124980000 0.0186527127 0.0124591840
v -0.0124980000 0.0186315094 0.0124424816
v -0.0124980000 0.0186078115 0.0124267915
v -0.0124980000 0.0185926637 0.0124178618
v -0.0124980000 0.0185761420 0.0124091491
v -0.0124980000 0.0185582466 0.0124006533
v -0.0124980000 0.0185389774 0.0123923744
v -0.0124980000 0.0185183344 0.0123843125
v -0.0124980000 0.0184963176 0.0123764674
v -0.0124980000 0.0184729270 0.0123688393
v -0.0124980000 0.0184481627 0.0123614280
v -0.0124980000 0.0184220245 0.0123542337
v -0.0124980000 0.0183945126 0.0123472563
v -0.0124980000 0.0181794061 0.0122948354
v -0.0124980000 0.0181115842 0.0122778980
v -0.0124980000 0.0180483899 0.0122610691
v -0.0124980000 0.0179898231 0.0122443486
v -0.0124980000 0.0179358838 0.0122277366
v -0.0124980000 0.0178865720 0.0122112331
v -0.0124980000 0.0178418877 0.0121948380
v -0.0124980000 0.0178018309 0.0121785513
v -0.0124980000 0.0177664015 0.0121623731
v -0.0124980000 0.0177355997 0.0121463034
v -0.0124980000 0.0177094254 0.0121303422
v -0.0124980000 0.0176733635 0.0121039690
v -0.0124980000 0.0176410975 0.0120747398
v -0.0124980000 0.0176126275 0.0120426546
v -0.0124980000 0.0175879535 0.0120077134
v -0.0124980000 0.0175670755 0.0119699161
v -0.0124980000 0.0175499935 0.0119292628
v -0.0124980000 0.0175367076 0.0118857534
v -0.0124980000 0.0175272176 0.0118393880
v -0.0124980000 0.0175215236 0.0117901666
v -0.0124980000 0.0175196256 0.0117380891
v -0.0124980000 0.0175215868 0.0116870962
v -0.0124980000 0.0175274706 0.0116375132
v -0.0124980000 0.0175372770 0.0115893402
v -0.0124980000 0.0175510058 0.0115425771
v -0.0124980000 0.0175686572 0.0114972240
v -0.0124980000 0.0175902311 0.0114532808
v -0.0124980000 0.0176157276 0.0114107476
v -0.0124980000 0.0176451465 0.0113696243
v -0.0124980000 0.0176784881 0.0113299109
v -0.0124980000 0.0177157521 0.0112916075
v -0.0124980000 0.0177570291 0.0112558890
v -0.0124980000 0.0178024093 0.0112239303
v -0.0124980000 0.0178518928 0.0111957314
v -0.0124980000 0.0179054797 0.0111712924
v -0.0124980000 0.0179631698 0.0111506133
v -0.0124980000 0.0180249632 0.0111336940
v -0.0124980000 0.0180908599 0.0111205345
v -0.0124980000 0.0181608599 0.0111111349
v -0.0124980000 0.0182349632 0.0111054952
v -0.0124980000 0.0183131698 0.0111036152
v -0.0124980000 0.0183970523 0.0111055765
v -0.0124980000 0.0184758915 0.0111114603
v -0.0124980000 0.0185496875 0.0111212666
v -0.0124980000 0.0186184403 0.0111349955
v -0.0124980000 0.0186821498 0.0111526469
v -0.0124980000 0.0187408160 0.0111742208
v -0.0124980000 0.0187944390 0.0111997172
v -0.0124980000 0.0188430187 0.0112291362
v -0.0124980000 0.0188865552 0.0112624777
v -0.0124980000 0.0189250484 0.0112997418
v -0.0124980000 0.0189593480 0.0113398980
v -0.0124980000 0.0189903034 0.0113819161
v -0.0124980000 0.0190179148 0.0114257960
v -0.0124980000 0.0190421821 0.0114715378
v -0.0124980000 0.0190631052 0.0115191414
v -0.0124980000 0.0190806843 0.0115686068
v -0.0124980000 0.0190949193 0.0116199342
v -0.0124980000 0.0191058102 0.0116731233
v -0.0124980000 0.0191133570 0.0117281743
v -0.0124980000 0.0191175597 0.0117850872
v -0.0124980000 0.0188048418 0.0117850872
v -0.0124980000 0.0188014254 0.0117533092
v -0.0124860000 0.0155942234 0.0127177637
v -0.0124860000 0.0155792563 0.0126850639
v -0.0124860000 0.0155655907 0.0126513880
v -0.0124860000 0.0155532266 0.0126167360
v -0.0124860000 0.0155421640 0.0125811078
v -0.0124860000 0.0155324028 0.0125445036
v -0.0124860000 0.0155239432 0.0125069232
v -0.0124860000 0.0155167850 0.0124683667
v -0.0124860000 0.0155112899 0.0124400232
v -0.0124860000 0.0155063731 0.0124084984
v -0.0124860000 0.0155020349 0.0123737921
v -0.0124860000 0.0154982750 0.0123359045
v -0.0124860000 0.0154950936 0.0122948354
v -0.0124860000 0.0154924906 0.0122505849
v -0.0124860000 0.0154904661 0.0122031530
v -0.0124860000 0.0154890200 0.0121525397
v -0.0124860000 0.0154881524 0.0120987450
v -0.0124860000 0.0154878631 0.0120417689
v -0.0124860000 0.0169068431 0.0120417689
v -0.0124860000 0.0169038244 0.0119840065
v -0.0124860000 0.0168983835 0.0119285759
v -0.0124860000 0.0168905203 0.0118754771
v -0.0124860000 0.0168802350 0.0118247101
v -0.0124860000 0.0168675274 0.0117762750
v -0.0124860000 0.0168523977 0.0117301717
v -0.0124860000 0.0168348457 0.0116864003
v -0.0124860000 0.0168148715 0.0116449606
v -0.0124860000 0.0167924751 0.0116058528
v -0.0124860000 0.0167676566 0.0115690768
v -0.0124860000 0.0167401988 0.0115352473
v -0.0124860000 0.0167098851 0.0115049787
v -0.0124860000 0.0166767153 0.0114782711
v -0.0124860000 0.0166406895 0.0114551246
v -0.0124860000 0.0166018076 0.0114355391
v -0.0124860000 0.0165600697 0.0114195145
v -0.0124860000 0.0165154758 0.0114070510
v -0.0124860000 0.0164680258 0.0113981485
v -0.0124860000 0.0164177198 0.0113928070
v -0.0124860000 0.0163645578 0.0113910265
v -0.0124860000 0.0163146133 0.0113927076
v -0.0124860000 0.0162667295 0.0113977508
v -0.0124860000 0.0162209064 0.0114061562
v -0.0124860000 0.0161771440 0.0114179238
v -0.0124860000 0.0161354422 0.0114330536
v -0.0124860000 0.0160958012 0.0114515455
v -0.0124860000 0.0160582208 0.0114733996
v -0.0124860000 0.0160227011 0.0114986159
v -0.0124860000 0.0159892421 0.0115271943
v -0.0124860000 0.0159578438 0.0115591349
v -0.0124860000 0.0159409968 0.0115789645
v -0.0124860000 0.0159251620 0.0115994087
v -0.0124860000 0.0159103396 0.0116204674
v -0.0124860000 0.0158965294 0.0116421407
v -0.0124860000 0.0158837314 0.0116644287
v -0.0124860000 0.0158719458 0.0116873312
v -0.0124860000 0.0158611724 0.0117108483
v -0.0124860000 0.0158514112 0.0117349800
v -0.0124860000 0.0158426624 0.0117597263
v -0.0124860000 0.0158349258 0.0117850872
v -0.0124860000 0.0155149774 0.0117850872
v -0.0124860000 0.0155180955 0.0117635132
v -0.0124860000 0.0155223886 0.0117414513
v -0.0124860000 0.0155278567 0.0117189012
v -0.0124860000 0.0155344997 0.0116958631
v -0.0124860000 0.0155423176 0.0116723370
v -0.0124860000 0.0155513105 0.0116483228
v -0.0124860000 0.0155614784 0.0116238205
v -0.0124860000 0.0155728212 0.0115988302
v -0.0124860000 0.0155853389 0.0115733518
v -0.0124860000 0.0155990316 0.0115473854
v -0.0124860000 0.0156134835 0.0115216540
v -0.0124860000 0.0156282789 0.0114968806
v -0.0124860000 0.0156434177 0.0114730652
v -0.0124860000 0.0156588999 0.0114502079
v -0.0124860000 0.0156747256 0.0114283086
v -0.0124860000 0.0156908948 0.0114073673
v -0.0124860000 0.0157074074 0.0113873841
v -0.0124860000 0.0157242634 0.0113683589
v -0.0124860000 0.0157414629 0.0113502918
v -0.0124860000 0.0157590058 0.0113331827
v -0.0124860000 0.0157893557 0.0113052008
v -0.0124860000 0.0158211156 0.0112790988
v -0.0124860000 0.0158542853 0.0112548767
v -0.0124860000 0.0158888651 0.0112325345
v -0.0124860000 0.0159248547 0.0112120723
v -0.0124860000 0.0159622544 0.0111934900
v -0.0124860000 0.0160010639 0.0111767876
v -0.0124860000 0.0160412834 0.0111619651
v -0.0124860000 0.0160829128 0.0111490226
v -0.0124860000 0.0161259522 0.0111379600
v -0.0124860000 0.0161497586 0.0111324648
v -0.0124860000 0.0161741795 0.0111275481
v -0.0124860000 0.0161992150 0.0111232098
v -0.0124860000 0.0162248651 0.0111194500
v -0.0124860000 0.0162511298 0.0111162686
v -0.0124860000 0.0162780090 0.0111136656
v -0.0124860000 0.0163055029 0.0111116411
v -0.0124860000 0.0163336114 0.0111101950
v -0.0124860000 0.0163623344 0.0111093273
v -0.0124860000 0.0163916720 0.0111090381
v -0.0124860000 0.0164628741 0.0111116682
v -0.0124860000 0.0165318709 0.0111195584
v -0.0124860000 0.0165986624 0.0111327088
v -0.0124860000 0.0166632485 0.0111511194
v -0.0124860000 0.0167256294 0.0111747902
v -0.0124860000 0.0167858050 0.0112037211
v -0.0124860000 0.0168437753 0.0112379122
v -0.0124860000 0.0168995403 0.0112773635
v -0.0124860000 0.0169531001 0.0113220749
v -0.0124860000 0.0170044545 0.0113720465
v -0.0124860000 0.0170521937 0.0114267540
v -0.0124860000 0.0170949077 0.0114856733
v -0.0124860000 0.0171325965 0.0115488044
v -0.0124860000 0.0171652602 0.0116161472
v -0.0124860000 0.0171928986 0.0116877017
v -0.0124860000 0.0172155119 0.0117634680
v -0.0124860000 0.0172331001 0.0118434461
v -0.0124860000 0.0172456630 0.0119276359
v -0.0124860000 0.0172532008 0.0120160374
v -0.0124860000 0.0172557134 0.0121086507
v -0.0124860000 0.0172531827 0.0122001704
v -0.0124860000 0.0172455907 0.0122881833
v -0.0124860000 0.0172329374 0.0123726895
v -0.0124860000 0.0172152227 0.0124536888
v -0.0124860000 0.0171924467 0.0125311814
v -0.0124860000 0.0171646094 0.0126051672
v -0.0124860000 0.0171317108 0.0126756462
v -0.0124860000 0.0170937508 0.0127426185
v -0.0124860000 0.0170507295 0.0128060839
v -0.0124860000 0.0170026469 0.0128660426
v -0.0124860000 0.0169504790 0.0129213376
v -0.0124860000 0.0168952021 0.0129708121
v -0.0124860000 0.0168368160 0.0130144661
v -0.0124860000 0.0167753209 0.0130522995
v -0.0124860000 0.0167107166 0.0130843125
v -0.0124860000 0.0166430032 0.0131105048
v -0.0124860000 0.0165721808 0.0131308767
v -0.0124860000 0.0164982492 0.0131454280
v -0.0124860000 0.0164212085 0.0131541588
v -0.0124860000 0.0163410587 0.0131570691
v -0.0124860000 0.0162999716 0.0131561020
v -0.0124860000 0.0162591375 0.0131532008
v -0.0124860000 0.0162185565 0.0131483654
v -0.0124860000 0.0161782285 0.0131415959
v -0.0124860000 0.0161381536 0.0131328922
v -0.0124860000 0.0160983318 0.0131222544
v -0.0124860000 0.0160587631 0.0131096824
v -0.0124860000 0.0160194474 0.0130951762
v -0.0124860000 0.0159803848 0.0130787360
v -0.0124860000 0.0159415752 0.0130603615
v -0.0124860000 0.0159038141 0.0130404506
v -0.0124860000 0.0158678967 0.0130194009
v -0.0124860000 0.0158338231 0.0129972124
v -0.0124860000 0.0158015933 0.0129738851
v -0.0124860000 0.0157712072 0.0129494190
v -0.0124860000 0.0157426649 0.0129238141
v -0.0124860000 0.0157159664 0.0128970704
v -0.0124860000 0.0156911117 0.0128691879
v -0.0124860000 0.0156681007 0.0128401666
v -0.0124860000 0.0156469335 0.0128100065
v -0.0124860000 0.0156280620 0.0127802350
v -0.0124860000 0.0156104919 0.0127494874
v -0.0124860000 0.0158323228 0.0123814564
v -0.0124860000 0.0158389206 0.0124195068
v -0.0124860000 0.0158465668 0.0124558580
v -0.0124860000 0.0158552615 0.0124905100
v -0.0124860000 0.0158650045 0.0125234629
v -0.0124860000 0.0158757960 0.0125547166
v -0.0124860000 0.0158876359 0.0125842711
v -0.0124860000 0.0159005242 0.0126121265
v -0.0124860000 0.0159144609 0.0126382828
v -0.0124860000 0.0159430032 0.0126829309
v -0.0124860000 0.0159751246 0.0127228793
v -0.0124860000 0.0160108250 0.0127581278
v -0.0124860000 0.0160501046 0.0127886766
v -0.0124860000 0.0160929632 0.0128145255
v -0.0124860000 0.0161394009 0.0128356746
v -0.0124860000 0.0161894177 0.0128521240
v -0.0124860000 0.0162430136 0.0128638735
v -0.0124860000 0.0163001885 0.0128709232
v -0.0124860000 0.0163609425 0.0128732731
v -0.0124860000 0.0164050484 0.0128716553
v -0.0124860000 0.0164477082 0.0128668018
v -0.0124860000 0.0164889219 0.0128587127
v -0.0124860000 0.0165286895 0.0128473880
v -0.0124860000 0.0165670110 0.0128328276
v -0.0124860000 0.0166038864 0.0128150316
v -0.0124860000 0.0166393157 0.0127940000
v -0.0124860000 0.0166732989 0.0127697327
v -0.0124860000 0.0167058360 0.0127422298
v -0.0124860000 0.0167369270 0.0127114913
v -0.0124860000 0.0167658670 0.0126782582
v -0.0124860000 0.0167919509 0.0126432718
v -0.0124860000 0.0168151788 0.0126065320
v -0.0124860000 0.0168355507 0.0125680387
v -0.0124860000 0.0168530665 0.0125277921
v -0.0124860000 0.0168677263 0.0124857921
v -0.0124860000 0.0168795300 0.0124420387
v -0.0124860000 0.0168884777 0.0123965320
v -0.0124860000 0.0168945694 0.0123492718
v -0.0124860000 0.0168978050 0.0123002582
v -0.0124860000 0.0158222724 0.0123002582
v -0.0124860000 0.0158267734 0.0123417069
v -0.0124980000 0.0155942234 0.0127177637
v -0.0124980000 0.0155792563 0.0126850639
v -0.0124980000 0.0155655907 0.0126513880
v -0.0124980000 0.0155532266 0.0126167360
v -0.0124980000 0.0155421640 0.0125811078
v -0.0124980000 0.0155324028 0.0125445036
v -0.0124980000 0.0155239432 0.0125069232
v -0.0124980000 0.0155167850 0.0124683667
v -0.0124980000 0.0155112899 0.0124400232
v -0.0124980000 0.0155063731 0.0124084984
v -0.0124980000 0.0155020349 0.0123737921
v -0.0124980000 0.0154982750 0.0123359045
v -0.0124980000 0.0154950936 0.0122948354
v -0.0124980000 0.0154924906 0.0122505849
v -0.0124980000 0.0154904661 0.0122031530
v -0.0124980000 0.0154890200 0.0121525397
v -0.0124980000 0.0154881524 0.0120987450
v -0.0124980000 0.0154878631 0.0120417689
v -0.0124980000 0.0169068431 0.0120417689
v -0.0124980000 0.0169038244 0.0119840065
v -0.0124980000 0.0168983835 0.0119285759
v -0.0124980000 0.0168905203 0.0118754771
v -0.0124980000 0.0168802350 0.0118247101
v -0.0124980000 0.0168675274 0.0117762750
v -0.0124980000 0.0168523977 0.0117301717
v -0.0124980000 0.0168348457 0.0116864003
v -0.0124980000 0.0168148715 0.0116449606
v -0.0124980000 0.0167924751 0.0116058528
v -0.0124980000 0.0167676566 0.0115690768
v -0.0124980000 0.0167401988 0.0115352473
v -0.0124980000 0.0167098851 0.0115049787
v -0.0124980000 0.0166767153 0.0114782711
v -0.0124980000 0.0166406895 0.0114551246
v -0.0124980000 0.0166018076 0.0114355391
v -0.0124980000 0.0165600697 0.0114195145
v -0.0124980000 0.0165154758 0.0114070510
v -0.0124980000 0.0164680258 0.0113981485
v -0.0124980000 0.0164177198 0.0113928070
v -0.0124980000 0.0163645578 0.0113910265
v -0.0124980000 0.0163146133 0.0113927076
v -0.0124980000 0.0162667295 0.0113977508
v -0.0124980000 0.0162209064 0.0114061562
v -0.0124980000 0.0161771440 0.0114179238
v -0.0124980000 0.0161354422 0.0114330536
v -0.0124980000 0.0160958012 0.0114515455
v -0.0124980000 0.0160582208 0.0114733996
v -0.0124980000 0.0160227011 0.0114986159
v -0.0124980000 0.0159892421 0.0115271943
v -0.0124980000 0.0159578438 0.0115591349
v -0.0124980000 0.0159409968 0.0115789645
v -0.0124980000 0.0159251620 0.0115994087
v -0.0124980000 0.0159103396 0.0116204674
v -0.0124980000 0.0158965294 0.0116421407
v -0.0124980000 0.0158837314 0.0116644287
v -0.0124980000 0.0158719458 0.0116873312
v -0.0124980000 0.0158611724 0.0117108483
v -0.0124980000 0.0158514112 0.0117349800
v -0.0124980000 0.0158426624 0.0117597263
v -0.0124980000 0.0158349258 0.0117850872
v -0.0124980000 0.0155149774 0.0117850872
v -0.0124980000 0.0155180955 0.0117635132
v -0.0124980000 0.0155223886 0.0117414513
v -0.0124980000 0.0155278567 0.0117189012
v -0.0124980000 0.0155344997 0.0116958631
v -0.0124980000 0.0155423176 0.0116723370
v -0.0124980000 0.0155513105 0.0116483228
v -0.0124980000 0.0155614784 0.0116238205
v -0.0124980000 0.0155728212 0.0115988302
v -0.0124980000 0.0155853389 0.0115733518
v -0.0124980000 0.0155990316 0.0115473854
v -0.0124980000 0.0156134835 0.0115216540
v -0.0124980000 0.0156282789 0.0114968806
v -0.0124980000 0.0156434177 0.0114730652
v -0.0124980000 0.0156588999 0.0114502079
v -0.0124980000 0.0156747256 0.0114283086
v -0.0124980000 0.0156908948 0.0114073673
v -0.0124980000 0.0157074074 0.0113873841
v -0.0124980000 0.0157242634 0.0113683589
v -0.0124980000 0.0157414629 0.0113502918
v -0.0124980000 0.0157590058 0.0113331827
v -0.0124980000 0.0157893557 0.0113052008
v -0.0124980000 0.0158211156 0.0112790988
v -0.0124980000 0.0158542853 0.0112548767
v -0.0124980000 0.0158888651 0.0112325345
v -0.0124980000 0.0159248547 0.0112120723
v -0.0124980000 0.0159622544 0.0111934900
v -0.0124980000 0.0160010639 0.0111767876
v -0.0124980000 0.0160412834 0.0111619651
v -0.0124980000 0.0160829128 0.0111490226
v -0.0124980000 0.0161259522 0.0111379600
v -0.0124980000 0.0161497586 0.0111324648
v -0.0124980000 0.0161741795 0.0111275481
v -0.0124980000 0.0161992150 0.0111232098
v -0.0124980000 0.0162248651 0.0111194500
v -0.0124980000 0.0162511298 0.0111162686
v -0.0124980000 0.0162780090 0.0111136656
v -0.0124980000 0.0163055029 0.0111116411
v -0.0124980000 0.0163336114 0.0111101950
v -0.0124980000 0.0163623344 0.0111093273
v -0.0124980000 0.0163916720 0.0111090381
v -0.0124980000 0.0164628741 0.0111116682
v -0.0124980000 0.0165318709 0.0111195584
v -0.0124980000 0.0165986624 0.0111327088
v -0.0124980000 0.0166632485 0.0111511194
v -0.0124980000 0.0167256294 0.0111747902
v -0.0124980000 0.0167858050 0.0112037211
v -0.0124980000 0.0168437753 0.0112379122
v -0.0124980000 0.0168995403 0.0112773635
v -0.0124980000 0.0169531001 0.0113220749
v -0.0124980000 0.0170044545 0.0113720465
v -0.0124980000 0.0170521937 0.0114267540
v -0.0124980000 0.0170949077 0.0114856733
v -0.0124980000 0.0171325965 0.0115488044
v -0.0124980000 0.0171652602 0.0116161472
v -0.0124980000 0.0171928986 0.0116877017
v -0.0124980000 0.0172155119 0.0117634680
v -0.0124980000 0.0172331001 0.0118434461
v -0.0124980000 0.0172456630 0.0119276359
v -0.0124980000 0.0172532008 0.0120160374
v -0.0124980000 0.0172557134 0.0121086507
v -0.0124980000 0.0172531827 0.0122001704
v -0.0124980000 0.0172455907 0.0122881833
v -0.0124980000 0.0172329374 0.0123726895
v -0.0124980000 0.0172152227 0.0124536888
v -0.0124980000 0.0171924467 0.0125311814
v -0.0124980000 0.0171646094 0.0126051672
v -0.0124980000 0.0171317108 0.0126756462
v -0.0124980000 0.0170937508 0.0127426185
v -0.0124980000 0.0170507295 0.0128060839
v -0.0124980000 0.0170026469 0.0128660426
v -0.0124980000 0.0169504790 0.0129213376
v -0.0124980000 0.0168952021 0.0129708121
v -0.0124980000 0.0168368160 0.0130144661
v -0.0124980000 0.0167753209 0.0130522995
v -0.0124980000 0.0167107166 0.0130843125
v -0.0124980000 0.0166430032 0.0131105048
v -0.0124980000 0.0165721808 0.0131308767
v -0.0124980000 0.0164982492 0.0131454280
v -0.0124980000 0.0164212085 0.0131541588
v -0.0124980000 0.0163410587 0.0131570691
v -0.0124980000 0.0162999716 0.0131561020
v -0.0124980000 0.0162591375 0.0131532008
v -0.0124980000 0.0162185565 0.0131483654
v -0.0124980000 0.0161782285 0.0131415959
v -0.0124980000 0.0161381536 0.0131328922
v -0.0124980000 0.0160983318 0.0131222544
v -0.0124980000 0.0160587631 0.0131096824
v -0.0124980000 0.0160194474 0.0130951762
v -0.0124980000 0.0159803848 0.0130787360
v -0.0124980000 0.0159415752 0.0130603615
v -0.0124980000 0.0159038141 0.0130404506
v -0.0124980000 0.0158678967 0.0130194009
v -0.0124980000 0.0158338231 0.0129972124
v -0.0124980000 0.0158015933 0.0129738851
v -0.0124980000 0.0157712072 0.0129494190
v -0.0124980000 0.0157426649 0.0129238141
v -0.0124980000 0.0157159664 0.0128970704
v -0.0124980000 0.0156911117 0.0128691879
v -0.0124980000 0.0156681007 0.0128401666
v -0.0124980000 0.0156469335 0.0128100065
v -0.0124980000 0.0156280620 0.0127802350
v -0.0124980000 0.0156104919 0.0127494874
v -0.0124980000 0.0158323228 0.0123814564
v -0.0124980000 0.0158389206 0.0124195068
v -0.0124980000 0.0158465668 0.0124558580
v -0.0124980000 0.0158552615 0.0124905100
v -0.0124980000 0.0158650045 0.0125234629
v -0.0124980000 0.0158757960 0.0125547166
v -0.0124980000 0.0158876359 0.0125842711
v -0.0124980000 0.0159005242 0.0126121265
v -0.0124980000 0.0159144609 0.0126382828
v -0.0124980000 0.0159430032 0.0126829309
v -0.0124980000 0.0159751246 0.0127228793
v -0.0124980000 0.0160108250 0.0127581278
v -0.0124980000 0.0160501046 0.0127886766
v -0.0124980000 0.0160929632 0.0128145255
v -0.0124980000 0.0161394009 0.0128356746
v -0.0124980000 0.0161894177 0.0128521240
v -0.0124980000 0.0162430136 0.0128638735
v -0.0124980000 0.0163001885 0.0128709232
v -0.0124980000 0.0163609425 0.0128732731
v -0.0124980000 0.0164050484 0.0128716553
v -0.0124980000 0.0164477082 0.0128668018
v -0.0124980000 0.0164889219 0.0128587127
v -0.0124980000 0.0165286895 0.0128473880
v -0.0124980000 0.0165670110 0.0128328276
v -0.0124980000 0.0166038864 0.0128150316
v -0.0124980000 0.0166393157 0.0127940000
v -0.0124980000 0.0166732989 0.0127697327
v -0.0124980000 0.0167058360 0.0127422298
v -0.0124980000 0.0167369270 0.0127114913
v -0.0124980000 0.0167658670 0.0126782582
v -0.0124980000 0.0167919509 0.0126432718
v -0.0124980000 0.0168151788 0.0126065320
v -0.0124980000 0.0168355507 0.0125680387
v -0.0124980000 0.0168530665 0.0125277921
v -0.0124980000 0.0168677263 0.0124857921
v -0.0124980000 0.0168795300 0.0124420387
v -0.0124980000 0.0168884777 0.0123965320
v -0.0124980000 0.0168945694 0.0123492718
v -0.0124980000 0.0168978050 0.0123002582
v -0.0124980000 0.0158222724 0.0123002582
v -0.0124980000 0.0158267734 0.0123417069
vn 0.70334344 -0.04472386 0.70944188
vn 0.70306647 -0.06944893 0.70772479
vn 0.70276953 -0.09592936 0.70492024
vn 0.70245316 -0.12423378 0.70080349
vn 0.70211881 -0.15440266 0.69511798
vn 0.70176913 -0.18643596 0.68757670
vn 0.70140828 -0.22027862 0.67786707
vn 0.70104217 -0.25580474 0.66566043
vn 0.69775272 -0.30263475 0.64927140
vn 0.69473660 -0.36623053 0.61904463
vn 0.69375025 -0.43623847 0.57306769
vn 0.69306235 -0.50431191 0.51510590
vn 0.69278718 -0.56642153 0.44633235
vn 0.69297520 -0.61898373 0.36965459
vn 0.69359164 -0.65978292 0.28916628
vn 0.69453141 -0.68839255 0.20914543
vn 0.69565939 -0.70593122 0.13311323
vn 0.69685056 -0.71441291 0.06335213
vn 0.70006038 -0.71404358 0.00756488
vn 0.70214573 -0.71136843 -0.03076254
vn 0.70178433 -0.70955504 -0.06348533
vn 0.70140878 -0.70592659 -0.09845488
vn 0.70102480 -0.70012168 -0.13562395
vn 0.70064028 -0.69175700 -0.17485838
vn 0.70026537 -0.68044695 -0.21591749
vn 0.69991235 -0.66583196 -0.25843859
vn 0.69959510 -0.64761466 -0.30193035
vn 0.69932813 -0.62560079 -0.34578001
vn 0.70009609 -0.60064854 -0.38611760
vn 0.70100939 -0.57620504 -0.42020660
vn 0.70101494 -0.55240192 -0.45103234
vn 0.70105623 -0.52702742 -0.48037720
vn 0.70113182 -0.50034095 -0.50800896
vn 0.70123915 -0.47262867 -0.53374694
vn 0.70137477 -0.44418952 -0.55746668
vn 0.70153458 -0.41532138 -0.57910050
vn 0.70171410 -0.38630878 -0.59863415
vn 0.70190879 -0.35741295 -0.61610067
vn 0.96862248 -0.24825059 0.01192206
vn 0.70242215 -0.29502062 0.64773912
vn 0.70210950 -0.32292652 0.63463432
vn 0.70178645 -0.35203090 0.61933030
vn 0.70145746 -0.38218410 0.60157521
vn 0.70112846 -0.41317026 0.58112754
vn 0.70080692 -0.44470006 0.55777371
vn 0.70050177 -0.47640809 0.53134978
vn 0.70022307 -0.50785698 0.50176583
vn 0.69998142 -0.53855052 0.46903022
vn 0.69790401 -0.57311971 0.42949248
vn 0.69679323 -0.60953638 0.37808015
vn 0.69786448 -0.63950736 0.32251435
vn 0.69888530 -0.66192231 0.27095793
vn 0.69982155 -0.67830504 0.22394659
vn 0.70065904 -0.69001160 0.18155138
vn 0.70139639 -0.69816386 0.14356296
vn 0.70203947 -0.70364934 0.10962752
vn 0.70259748 -0.70715111 0.07933530
vn 0.70308071 -0.70918620 0.05227277
vn 0.70485517 -0.70861540 0.03230175
vn 0.70778236 -0.70590661 0.02720271
vn 0.70852642 -0.70487789 0.03372637
vn 0.70869114 -0.70420107 0.04310131
vn 0.70888557 -0.70328551 0.05357938
vn 0.70911708 -0.70205500 0.06535858
vn 0.70939543 -0.70040480 0.07868447
vn 0.70973361 -0.69818889 0.09386416
vn 0.71014923 -0.69520053 0.11128474
vn 0.71066646 -0.69114208 0.13143746
vn 0.71131883 -0.68557748 0.15494851
vn 0.71151968 -0.67898184 0.18089613
vn 0.71408544 -0.66656485 0.21394692
vn 0.71493375 -0.65042076 0.25655908
vn 0.71585756 -0.62917149 0.30280554
vn 0.71683158 -0.60171572 0.35226506
vn 0.71781058 -0.56698346 0.40407640
vn 0.71872678 -0.52413591 0.45685157
vn 0.71949400 -0.47283125 0.50868359
vn 0.72002136 -0.41349016 0.55731062
vn 0.72023586 -0.34744609 0.60045109
vn 0.60597963 -0.67742356 0.41699641
vn 0.57735027 -0.57735027 -0.57735027
vn 0.60580033 0.41793440 -0.67700576
vn 0.70291156 0.64172376 -0.30676694
vn 0.70320766 0.65212744 -0.28324686
vn 0.70348201 0.66102291 -0.26107809
vn 0.70373524 0.66861794 -0.24022232
vn 0.70396836 0.67509458 -0.22062607
vn 0.70418256 0.68061101 -0.20222654
vn 0.70437917 0.68530380 -0.18495590
vn 0.70455953 0.68929034 -0.16874449
vn 0.70472497 0.69267121 -0.15352300
vn 0.70379963 0.69724476 -0.13607292
vn 0.70367789 0.70113934 -0.11506978
vn 0.70452685 0.70313798 -0.09611919
vn 0.70509743 0.70439376 -0.08165192
vn 0.70549865 0.70522070 -0.07025261
vn 0.70579116 0.70578514 -0.06104245
vn 0.70601083 0.70618130 -0.05344790
vn 0.70617991 0.70646549 -0.04707916
vn 0.70631277 0.70667286 -0.04166221
vn 0.70641905 0.70682615 -0.03699890
vn 0.70707319 0.70628851 -0.03469940
vn 0.71101304 0.70163836 -0.04651945
vn 0.71582937 0.69310418 -0.08482275
vn 0.71695340 0.68276937 -0.14072602
vn 0.71813135 0.66590240 -0.20214195
vn 0.71928867 0.64087879 -0.26813837
vn 0.72031643 0.60631809 -0.33693117
vn 0.72108455 0.56151902 -0.40587370
vn 0.72147348 0.50688770 -0.47174238
vn 0.72141497 0.44413469 -0.53132365
vn 0.72091962 0.37606334 -0.58210932
vn 0.71978776 0.30687790 -0.62268092
vn 0.71522096 0.25066052 -0.65240193
vn 0.71408649 0.20717308 -0.66870008
vn 0.71313153 0.16878914 -0.68040697
vn 0.71233230 0.13499929 -0.68873644
vn 0.71166400 0.10524648 -0.69459162
vn 0.71110404 0.07899464 -0.69863502
vn 0.71063305 0.05575906 -0.70134984
vn 0.71023495 0.03511602 -0.70308831
vn 0.70989665 0.01670192 -0.70410780
vn 0.70838836 0.00401185 -0.70581148
vn 0.90453403 -0.30151134 -0.30151134
vn 0.57735027 -0.57735027 -0.57735027
vn 0.57735027 0.57735027 -0.57735027
vn 0.57735027 0.57735027 0.57735027
vn 0.70544019 -0.00526005 0.70874993
vn 0.70360055 -0.02166731 0.71026529
vn 0.71246601 0.06136620 0.69901815
vn 0.71292888 0.09567890 0.69467831
vn 0.71341943 0.13257870 0.68808110
vn 0.71393029 0.17201322 0.67875989
vn 0.71445006 0.21380901 0.66621830
vn 0.71496272 0.25764011 0.64996144
vn 0.71544768 0.30300330 0.62954239
vn 0.71588062 0.34920930 0.60462203
vn 0.71864777 0.39994810 0.56884700
vn 0.72129011 0.45939157 0.51836277
vn 0.72111047 0.51963742 0.45823209
vn 0.72052883 0.57113200 0.39325112
vn 0.71963943 0.61276780 0.32654971
vn 0.71856479 0.64462761 0.26099785
vn 0.71742048 0.66767889 0.19877817
vn 0.71629424 0.68335264 0.14125057
vn 0.71524126 0.69318204 0.08904264
vn 0.71428927 0.69857451 0.04224329
vn 0.71464039 0.69948543 -0.00303992
vn 0.71649181 0.69543825 -0.05481903
vn 0.71769729 0.68675462 -0.11523319
vn 0.71892996 0.67093448 -0.18162225
vn 0.72009105 0.64621775 -0.25272813
vn 0.72104790 0.61124468 -0.32629721
vn 0.72165912 0.56556827 -0.39917496
vn 0.72181811 0.51006830 -0.46777018
vn 0.72149497 0.44700401 -0.52880283
vn 0.72074951 0.37958890 -0.58002794
vn 0.71799903 0.31661674 -0.61986388
vn 0.71410528 0.26855970 -0.64647454
vn 0.71358267 0.22993067 -0.66176405
vn 0.71307873 0.19345047 -0.67386619
vn 0.71260190 0.15925991 -0.68325311
vn 0.71215703 0.12739569 -0.69036418
vn 0.71174629 0.09781911 -0.69559230
vn 0.71136989 0.07044057 -0.69927891
vn 0.71102681 0.04513900 -0.70171458
vn 0.71071519 0.02177636 -0.70314274
vn 0.70879948 0.00529277 -0.70539016
vn 0.90453403 -0.30151134 -0.30151134
vn 0.90453403 -0.30151134 0.30151134
vn 0.70941249 0.00719720 0.70475678
vn 0.71203493 0.02960376 0.70151969
vn -0.70334344 -0.04472386 0.70944188
vn -0.70306647 -0.06944893 0.70772479
vn -0.70276953 -0.09592936 0.70492024
vn -0.70245316 -0.12423378 0.70080349
vn -0.70211881 -0.15440266 0.69511798
vn -0.70176913 -0.18643596 0.68757670
vn -0.70140828 -0.22027862 0.67786707
vn -0.70104217 -0.25580474 0.66566043
vn -0.69775272 -0.30263475 0.64927140
vn -0.69473660 -0.36623053 0.61904463
vn -0.69375025 -0.43623847 0.57306769
vn -0.69306235 -0.50431191 0.51510590
vn -0.69278718 -0.56642153 0.44633235
vn -0.69297520 -0.61898373 0.36965459
vn -0.69359164 -0.65978292 0.28916628
vn -0.69453141 -0.68839255 0.20914543
vn -0.69565939 -0.70593122 0.13311323
vn -0.69685056 -0.71441291 0.06335213
vn -0.70006038 -0.71404358 0.00756488
vn -0.70214573 -0.71136843 -0.03076254
vn -0.70178433 -0.70955504 -0.06348533
vn -0.70140878 -0.70592659 -0.09845488
vn -0.70102480 -0.70012168 -0.13562395
vn -0.70064028 -0.69175700 -0.17485838
vn -0.70026537 -0.68044695 -0.21591749
vn -0.69991235 -0.66583196 -0.25843859
vn -0.69959510 -0.64761466 -0.30193035
vn -0.69932813 -0.62560079 -0.34578001
vn -0.70009609 -0.60064854 -0.38611760
vn -0.70100939 -0.57620504 -0.42020660
vn -0.70101494 -0.55240192 -0.45103234
vn -0.70105623 -0.52702742 -0.48037720
vn -0.70113182 -0.50034095 -0.50800896
vn -0.70123915 -0.47262867 -0.53374694
vn -0.70137477 -0.44418952 -0.55746668
vn -0.70153458 -0.41532138 -0.57910050
vn -0.70171410 -0.38630878 -0.59863415
vn -0.70190879 -0.35741295 -0.61610067
vn -0.96862248 -0.24825059 0.01192206
vn -0.70242215 -0.29502062 0.64773912
vn -0.70210950 -0.32292652 0.63463432
vn -0.70178645 -0.35203090 0.61933030
vn -0.70145746 -0.38218410 0.60157521
vn -0.70112846 -0.41317026 0.58112754
vn -0.70080692 -0.44470006 0.55777371
vn -0.70050177 -0.47640809 0.53134978
vn -0.70022307 -0.50785698 0.50176583
vn -0.69998142 -0.53855052 0.46903022
vn -0.69790401 -0.57311971 0.42949248
vn -0.69679323 -0.60953638 0.37808015
vn -0.69786448 -0.63950736 0.32251435
vn -0.69888530 -0.66192231 0.27095793
vn -0.69982155 -0.67830504 0.22394659
vn -0.70065904 -0.69001160 0.18155138
vn -0.70139639 -0.69816386 0.14356296
vn -0.70203947 -0.70364934 0.10962752
vn -0.70259748 -0.70715111 0.07933530
vn -0.70308071 -0.70918620 0.05227277
vn -0.70485517 -0.70861540 0.03230175
vn -0.70778236 -0.70590661 0.02720271
vn -0.70852642 -0.70487789 0.03372637
vn -0.70869114 -0.70420107 0.04310131
vn -0.70888557 -0.70328551 0.05357938
vn -0.70911708 -0.70205500 0.06535858
vn -0.70939543 -0.70040480 0.07868447
vn -0.70973361 -0.69818889 0.09386416
vn -0.71014923 -0.69520053 0.11128474
vn -0.71066646 -0.69114208 0.13143746
vn -0.71131883 -0.68557748 0.15494851
vn -0.71151968 -0.67898184 0.18089613
vn -0.71408544 -0.66656485 0.21394692
vn -0.71493375 -0.65042076 0.25655908
vn -0.71585756 -0.62917149 0.30280554
vn -0.71683158 -0.60171572 0.35226506
vn -0.71781058 -0.56698346 0.40407640
vn -0.71872678 -0.52413591 0.45685157
vn -0.71949400 -0.47283125 0.50868359
vn -0.72002136 -0.41349016 0.55731062
vn -0.72023586 -0.34744609 0.60045109
vn -0.60597963 -0.67742356 0.41699641
vn -0.57735027 -0.57735027 -0.57735027
vn -0.60580033 0.41793440 -0.67700576
vn -0.70291156 0.64172376 -0.30676694
vn -0.70320766 0.65212744 -0.28324686
vn -0.70348201 0.66102291 -0.26107809
vn -0.70373524 0.66861794 -0.24022232
vn -0.70396836 0.67509458 -0.22062607
vn -0.70418256 0.68061101 -0.20222654
vn -0.70437917 0.68530380 -0.18495590
vn -0.70455953 0.68929034 -0.16874449
vn -0.70472497 0.69267121 -0.15352300
vn -0.70379963 0.69724476 -0.13607292
vn -0.70367789 0.70113934 -0.11506978
vn -0.70452685 0.70313798 -0.09611919
vn -0.70509743 0.70439376 -0.08165192
vn -0.70549865 0.70522070 -0.07025261
vn -0.70579116 0.70578514 -0.06104245
vn -0.70601083 0.70618130 -0.05344790
vn -0.70617991 0.70646549 -0.04707916
vn -0.70631277 0.70667286 -0.04166221
vn -0.70641905 0.70682615 -0.03699890
vn -0.70707319 0.70628851 -0.03469940
vn -0.71101304 0.70163836 -0.04651945
vn -0.71582937 0.69310418 -0.08482275
vn -0.71695340 0.68276937 -0.14072602
vn -0.71813135 0.66590240 -0.20214195
vn -0.71928867 0.64087879 -0.26813837
vn -0.72031643 0.60631809 -0.33693117
vn -0.72108455 0.56151902 -0.40587370
vn -0.72147348 0.50688770 -0.47174238
vn -0.72141497 0.44413469 -0.53132365
vn -0.72091962 0.37606334 -0.58210932
vn -0.71978776 0.30687790 -0.62268092
vn -0.71522096 0.25066052 -0.65240193
vn -0.71408649 0.20717308 -0.66870008
vn -0.71313153 0.16878914 -0.68040697
vn -0.71233230 0.13499929 -0.68873644
vn -0.71166400 0.10524648 -0.69459162
vn -0.71110404 0.07899464 -0.69863502
vn -0.71063305 0.05575906 -0.70134984
vn -0.71023495 0.03511602 -0.70308831
vn -0.70989665 0.01670192 -0.70410780
vn -0.70838836 0.00401185 -0.70581148
vn -0.90453403 -0.30151134 -0.30151134
vn -0.57735027 -0.57735027 -0.57735027
vn -0.57735027 0.57735027 -0.57735027
vn -0.57735027 0.57735027 0.57735027
vn -0.70544019 -0.00526005 0.70874993
vn -0.70360055 -0.02166731 0.71026529
vn -0.71246601 0.06136620 0.69901815
vn -0.71292888 0.09567890 0.69467831
vn -0.71341943 0.13257870 0.68808110
vn -0.71393029 0.17201322 0.67875989
vn -0.71445006 0.21380901 0.66621830
vn -0.71496272 0.25764011 0.64996144
vn -0.71544768 0.30300330 0.62954239
vn -0.71588062 0.34920930 0.60462203
vn -0.71864777 0.39994810 0.56884700
vn -0.72129011 0.45939157 0.51836277
vn -0.72111047 0.51963742 0.45823209
vn -0.72052883 0.57113200 0.39325112
vn -0.71963943 0.61276780 0.32654971
vn -0.71856479 0.64462761 0.26099785
vn -0.71742048 0.66767889 0.19877817
vn -0.71629424 0.68335264 0.14125057
vn -0.71524126 0.69318204 0.08904264
vn -0.71428927 0.69857451 0.04224329
vn -0.71464039 0.69948543 -0.00303992
vn -0.71649181 0.69543825 -0.05481903
vn -0.71769729 0.68675462 -0.11523319
vn -0.71892996 0.67093448 -0.18162225
vn -0.72009105 0.64621775 -0.25272813
vn -0.72104790 0.61124468 -0.32629721
vn -0.72165912 0.56556827 -0.39917496
vn -0.72181811 0.51006830 -0.46777018
vn -0.72149497 0.44700401 -0.52880283
vn -0.72074951 0.37958890 -0.58002794
vn -0.71799903 0.31661674 -0.61986388
vn -0.71410528 0.26855970 -0.64647454
vn -0.71358267 0.22993067 -0.66176405
vn -0.71307873 0.19345047 -0.67386619
vn -0.71260190 0.15925991 -0.68325311
vn -0.71215703 0.12739569 -0.69036418
vn -0.71174629 0.09781911 -0.69559230
vn -0.71136989 0.07044057 -0.69927891
vn -0.71102681 0.04513900 -0.70171458
vn -0.71071519 0.02177636 -0.70314274
vn -0.70879948 0.00529277 -0.70539016
vn -0.90453403 -0.30151134 -0.30151134
vn -0.90453403 -0.30151134 0.30151134
vn -0.70941249 0.00719720 0.70475678
vn -0.71203493 0.02960376 0.70151969
vn 0.70212188 -0.64068870 0.31071346
vn 0.70221608 -0.65370073 0.28207787
vn 0.70232566 -0.66518724 0.25350463
vn 0.70244836 -0.67517828 0.22516793
vn 0.70258181 -0.68372584 0.19722520
vn 0.70272369 -0.69089975 0.16981443
vn 0.70287175 -0.69678347 0.14305275
vn 0.70800117 -0.69382938 0.13166293
vn 0.70299061 -0.70056952 0.12250120
vn 0.70370592 -0.70358585 0.09881768
vn 0.70425479 -0.70552818 0.07908967
vn 0.70468377 -0.70676906 0.06243621
vn 0.70502464 -0.70754221 0.04821070
vn 0.70529953 -0.70799826 0.03593086
vn 0.70552417 -0.70823657 0.02523122
vn 0.70570992 -0.70832401 0.01583059
vn 0.70586517 -0.70830641 0.00750965
vn 0.57708381 -0.57894727 -0.57601591
vn 0.91058464 -0.29979284 -0.28453449
vn 0.71227784 -0.69992296 0.05261313
vn 0.71268220 -0.69623625 0.08566893
vn 0.71310555 -0.69053686 0.12099303
vn 0.71354136 -0.68244404 0.15852086
vn 0.71398024 -0.67155928 0.19809178
vn 0.71440974 -0.65748985 0.23942812
vn 0.71481446 -0.63988188 0.28211961
vn 0.71517673 -0.61846159 0.32561866
vn 0.71547795 -0.59308027 0.36925208
vn 0.71715989 -0.55993163 0.41491957
vn 0.71903456 -0.51603132 0.46551151
vn 0.71931573 -0.46392077 0.51707099
vn 0.71932077 -0.40616508 0.56356682
vn 0.71904902 -0.34461843 0.60349535
vn 0.71853571 -0.28143170 0.63600521
vn 0.71784125 -0.21871053 0.66096115
vn 0.71703529 -0.15822929 0.67884010
vn 0.71618236 -0.10127373 0.69052622
vn 0.71533340 -0.04861820 0.69708995
vn 0.71473830 0.00005835 0.69939199
vn 0.71521669 0.04838902 0.69722563
vn 0.71581379 0.09963699 0.69114621
vn 0.71636559 0.15365943 0.68059468
vn 0.71683719 0.20961719 0.66498503
vn 0.71719301 0.26639877 0.64394556
vn 0.71740250 0.32269239 0.61741661
vn 0.71744612 0.37711167 0.58571140
vn 0.71731965 0.42835257 0.54951487
vn 0.71703517 0.47534366 0.50981267
vn 0.71536518 0.51574801 0.47144103
vn 0.71223280 0.54508831 0.44227048
vn 0.71228648 0.56458467 0.41700374
vn 0.71231897 0.58307635 0.39067078
vn 0.71232944 0.60042841 0.36341779
vn 0.71231764 0.61652555 0.33540994
vn 0.71228386 0.63127591 0.30682638
vn 0.71222895 0.64461363 0.27785462
vn 0.71215426 0.65650004 0.24868456
vn 0.71206154 0.66692350 0.21950264
vn 0.59453924 0.47847520 0.64620784
vn 0.57017545 -0.62106443 0.53775360
vn 0.70167287 -0.70248420 -0.11904258
vn 0.70199987 -0.69577382 -0.15197032
vn 0.70231760 -0.68806350 -0.18253385
vn 0.70262254 -0.67961749 -0.21081185
vn 0.70291232 -0.67066057 -0.23691490
vn 0.70318559 -0.66137959 -0.26097331
vn 0.70344172 -0.65192675 -0.28312765
vn 0.70368068 -0.64242366 -0.30352155
vn 0.70390284 -0.63296574 -0.32229670
vn 0.70413980 -0.62364648 -0.33948816
vn 0.70412114 -0.61442827 -0.35593724
vn 0.70398497 -0.60461717 -0.37261675
vn 0.70384445 -0.59387398 -0.38976491
vn 0.70370012 -0.58212775 -0.40734926
vn 0.70355272 -0.56930724 -0.42532675
vn 0.70340314 -0.55534252 -0.44364254
vn 0.70325252 -0.54016697 -0.46222888
vn 0.70310219 -0.52371957 -0.48100429
vn 0.70295369 -0.50594770 -0.49987302
vn 0.70396332 -0.48870591 -0.51536607
vn 0.70075994 -0.46845626 -0.53803739
vn 0.70072800 -0.43703842 -0.56389511
vn 0.70073720 -0.40411264 -0.58792886
vn 0.70078720 -0.37001091 -0.60990919
vn 0.70087611 -0.33509489 -0.62966983
vn 0.70100065 -0.29973749 -0.64711322
vn 0.70115650 -0.26430452 -0.66221045
vn 0.70133860 -0.22913841 -0.67499612
vn 0.70154154 -0.19454552 -0.68555927
vn 0.70433383 -0.16820085 -0.68965378
vn 0.70394946 -0.14997901 -0.69423443
vn 0.70407030 -0.13071593 -0.69799596
vn 0.70418852 -0.11211096 -0.70110602
vn 0.70430370 -0.09416905 -0.70362524
vn 0.70441549 -0.07688909 -0.70561100
vn 0.70452364 -0.06026485 -0.70711709
vn 0.70462798 -0.04428596 -0.70819359
vn 0.70472841 -0.02893868 -0.70888675
vn 0.70482486 -0.01420670 -0.70923909
vn 0.70188043 0.00963832 -0.71222957
vn 0.69855169 0.05389628 -0.71352696
vn 0.69815674 0.10991340 -0.70745757
vn 0.69785526 0.16749927 -0.69637780
vn 0.69766978 0.22548420 -0.68001011
vn 0.69761529 0.28257378 -0.65839576
vn 0.69769635 0.33748141 -0.63192255
vn 0.69790620 0.38906793 -0.60129285
vn 0.69822808 0.43645468 -0.56743710
vn 0.69863844 0.47908525 -0.53139595
vn 0.69804461 0.51987752 -0.49240338
vn 0.69709831 0.56091886 -0.44656912
vn 0.69722170 0.59854295 -0.39449744
vn 0.69749236 0.63061098 -0.34034424
vn 0.69788676 0.65681968 -0.28555556
vn 0.69837400 0.67727038 -0.23147048
vn 0.69892119 0.69238522 -0.17919788
vn 0.69949787 0.70279303 -0.12955571
vn 0.70007883 0.70921741 -0.08306806
vn 0.70064511 0.71238775 -0.04000152
vn 0.70099565 0.71316552 0.00018589
vn 0.70059383 0.71240769 0.04054105
vn 0.70013241 0.70910335 0.08358855
vn 0.69968018 0.70265990 0.12929312
vn 0.69925419 0.69254558 0.17726869
vn 0.69887415 0.67828817 0.22693627
vn 0.69856083 0.65953948 0.27752557
vn 0.69833375 0.63614165 0.32810634
vn 0.69820849 0.60818057 0.37765236
vn 0.69819415 0.57601035 0.42513176
vn 0.69817308 0.54007120 0.46997601
vn 0.69773040 0.49985301 0.51314643
vn 0.69733394 0.45404187 0.55459116
vn 0.69706874 0.40294158 0.59307103
vn 0.69695863 0.34744575 0.62731979
vn 0.69701407 0.28883021 0.65631433
vn 0.69722974 0.22861448 0.67941601
vn 0.69758581 0.16837281 0.69643710
vn 0.69805222 0.10954685 0.70761754
vn 0.69859447 0.05330673 0.71352937
vn 0.70043645 0.00455402 0.71370025
vn 0.70181194 -0.03363335 0.71156784
vn 0.70178229 -0.06740682 0.70919528
vn 0.70177649 -0.10114022 0.70518112
vn 0.70179470 -0.13460053 0.69954763
vn 0.70183644 -0.16756119 0.69235025
vn 0.70190060 -0.19980958 0.68367513
vn 0.70198555 -0.23115368 0.67363511
vn 0.70208920 -0.26142713 0.66236441
vn 0.70220916 -0.29049268 0.65001254
vn 0.70229393 -0.31840570 0.63671112
vn 0.70209240 -0.34617614 0.62227674
vn 0.70184401 -0.37454624 0.60591261
vn 0.70160165 -0.40344072 0.58735910
vn 0.70137054 -0.43262144 0.56649630
vn 0.70115645 -0.46180637 0.54324443
vn 0.70096549 -0.49067518 0.51757633
vn 0.70080369 -0.51887923 0.48952889
vn 0.70067668 -0.54605593 0.45921139
vn 0.70058918 -0.57184665 0.42680933
vn 0.70185682 -0.59250542 0.39539137
vn 0.70198761 -0.61009791 0.36741521
vn 0.70204513 -0.62614658 0.33922426
vn 0.71083676 0.69490301 -0.10872397
vn 0.71113857 0.69046553 -0.13243596
vn 0.71146700 0.68475839 -0.15786278
vn 0.71182262 0.67753593 -0.18507735
vn 0.71220509 0.66851678 -0.21412431
vn 0.71261271 0.65738495 -0.24500643
vn 0.71304191 0.64379480 -0.27766794
vn 0.71348674 0.62738169 -0.31197578
vn 0.71613101 0.60249925 -0.35235071
vn 0.71950864 0.56400897 -0.40521748
vn 0.72022094 0.51487684 -0.46495552
vn 0.72062492 0.45717841 -0.52123662
vn 0.72065785 0.39252582 -0.57146806
vn 0.72031436 0.32340638 -0.61364122
vn 0.71964852 0.25273154 -0.64670919
vn 0.71875411 0.18328487 -0.67067070
vn 0.71773539 0.11728679 -0.68636704
vn 0.71668316 0.05619857 -0.69513090
vn 0.71568074 0.00069696 -0.69842722
vn 0.71583001 -0.05230340 -0.69631297
vn 0.71627979 -0.10672604 -0.68960337
vn 0.71663688 -0.16281509 -0.67817610
vn 0.71687419 -0.21949355 -0.66175069
vn 0.71697195 -0.27554724 -0.64033190
vn 0.71692161 -0.32974176 -0.61424245
vn 0.71672759 -0.38095234 -0.58410348
vn 0.71640641 -0.42827644 -0.55076415
vn 0.71598329 -0.47110410 -0.51519788
vn 0.71560232 -0.50928804 -0.47805754
vn 0.71573718 -0.54366945 -0.43834213
vn 0.71585810 -0.57541402 -0.39553241
vn 0.71587604 -0.60409874 -0.35012313
vn 0.71578974 -0.62921392 -0.30287769
vn 0.71560519 -0.65043513 -0.25464358
vn 0.71533468 -0.66764137 -0.20627965
vn 0.71499480 -0.68090576 -0.15858686
vn 0.71460414 -0.69046351 -0.11225449
vn 0.71418115 -0.69666683 -0.06782783
vn 0.91215058 -0.29920439 0.28010364
vn 0.91691601 0.29703431 0.26652514
vn 0.71056037 0.69828225 -0.08663640
vn -0.70212188 -0.64068870 0.31071346
vn -0.70221608 -0.65370073 0.28207787
vn -0.70232566 -0.66518724 0.25350463
vn -0.70244836 -0.67517828 0.22516793
vn -0.70258181 -0.68372584 0.19722520
vn -0.70272369 -0.69089975 0.16981443
vn -0.70287175 -0.69678347 0.14305275
vn -0.70800117 -0.69382938 0.13166293
vn -0.70299061 -0.70056952 0.12250120
vn -0.70370592 -0.70358585 0.09881768
vn -0.70425479 -0.70552818 0.07908967
vn -0.70468377 -0.70676906 0.06243621
vn -0.70502464 -0.70754221 0.04821070
vn -0.70529953 -0.70799826 0.03593086
vn -0.70552417 -0.70823657 0.02523122
vn -0.70570992 -0.70832401 0.01583059
vn -0.70586517 -0.70830641 0.00750965
vn -0.57708381 -0.57894727 -0.57601591
vn -0.91058464 -0.29979284 -0.28453449
vn -0.71227784 -0.69992296 0.05261313
vn -0.71268220 -0.69623625 0.08566893
vn -0.71310555 -0.69053686 0.12099303
vn -0.71354136 -0.68244404 0.15852086
vn -0.71398024 -0.67155928 0.19809178
vn -0.71440974 -0.65748985 0.23942812
vn -0.71481446 -0.63988188 0.28211961
vn -0.71517673 -0.61846159 0.32561866
vn -0.71547795 -0.59308027 0.36925208
vn -0.71715989 -0.55993163 0.41491957
vn -0.71903456 -0.51603132 0.46551151
vn -0.71931573 -0.46392077 0.51707099
vn -0.71932077 -0.40616508 0.56356682
vn -0.71904902 -0.34461843 0.60349535
vn -0.71853571 -0.28143170 0.63600521
vn -0.71784125 -0.21871053 0.66096115
vn -0.71703529 -0.15822929 0.67884010
vn -0.71618236 -0.10127373 0.69052622
vn -0.71533340 -0.04861820 0.69708995
vn -0.71473830 0.00005835 0.69939199
vn -0.71521669 0.04838902 0.69722563
vn -0.71581379 0.09963699 0.69114621
vn -0.71636559 0.15365943 0.68059468
vn -0.71683719 0.20961719 0.66498503
vn -0.71719301 0.26639877 0.64394556
vn -0.71740250 0.32269239 0.61741661
vn -0.71744612 0.37711167 0.58571140
vn -0.71731965 0.42835257 0.54951487
vn -0.71703517 0.47534366 0.50981267
vn -0.71536518 0.51574801 0.47144103
vn -0.71223280 0.54508831 0.44227048
vn -0.71228648 0.56458467 0.41700374
vn -0.71231897 0.58307635 0.39067078
vn -0.71232944 0.60042841 0.36341779
vn -0.71231764 0.61652555 0.33540994
vn -0.71228386 0.63127591 0.30682638
vn -0.71222895 0.64461363 0.27785462
vn -0.71215426 0.65650004 0.24868456
vn -0.71206154 0.66692350 0.21950264
vn -0.59453924 0.47847520 0.64620784
vn -0.57017545 -0.62106443 0.53775360
vn -0.70167287 -0.70248420 -0.11904258
vn -0.70199987 -0.69577382 -0.15197032
vn -0.70231760 -0.68806350 -0.18253385
vn -0.70262254 -0.67961749 -0.21081185
vn -0.70291232 -0.67066057 -0.23691490
vn -0.70318559 -0.66137959 -0.26097331
vn -0.70344172 -0.65192675 -0.28312765
vn -0.70368068 -0.64242366 -0.30352155
vn -0.70390284 -0.63296574 -0.32229670
vn -0.70413980 -0.62364648 -0.33948816
vn -0.70412114 -0.61442827 -0.35593724
vn -0.70398497 -0.60461717 -0.37261675
vn -0.70384445 -0.59387398 -0.38976491
vn -0.70370012 -0.58212775 -0.40734926
vn -0.70355272 -0.56930724 -0.42532675
vn -0.70340314 -0.55534252 -0.44364254
vn -0.70325252 -0.54016697 -0.46222888
vn -0.70310219 -0.52371957 -0.48100429
vn -0.70295369 -0.50594770 -0.49987302
vn -0.70396332 -0.48870591 -0.51536607
vn -0.70075994 -0.46845626 -0.53803739
vn -0.70072800 -0.43703842 -0.56389511
vn -0.70073720 -0.40411264 -0.58792886
vn -0.70078720 -0.37001091 -0.60990919
vn -0.70087611 -0.33509489 -0.62966983
vn -0.70100065 -0.29973749 -0.64711322
vn -0.70115650 -0.26430452 -0.66221045
vn -0.70133860 -0.22913841 -0.67499612
vn -0.70154154 -0.19454552 -0.68555927
vn -0.70433383 -0.16820085 -0.68965378
vn -0.70394946 -0.14997901 -0.69423443
vn -0.70407030 -0.13071593 -0.69799596
vn -0.70418852 -0.11211096 -0.70110602
vn -0.70430370 -0.09416905 -0.70362524
vn -0.70441549 -0.07688909 -0.70561100
vn -0.70452364 -0.06026485 -0.70711709
vn -0.70462798 -0.04428596 -0.70819359
vn -0.70472841 -0.02893868 -0.70888675
vn -0.70482486 -0.01420670 -0.70923909
vn -0.70188043 0.00963832 -0.71222957
vn -0.69855169 0.05389628 -0.71352696
vn -0.69815674 0.10991340 -0.70745757
vn -0.69785526 0.16749927 -0.69637780
vn -0.69766978 0.22548420 -0.68001011
vn -0.69761529 0.28257378 -0.65839576
vn -0.69769635 0.33748141 -0.63192255
vn -0.69790620 0.38906793 -0.60129285
vn -0.69822808 0.43645468 -0.56743710
vn -0.69863844 0.47908525 -0.53139595
vn -0.69804461 0.51987752 -0.49240338
vn -0.69709831 0.56091886 -0.44656912
vn -0.69722170 0.59854295 -0.39449744
vn -0.69749236 0.63061098 -0.34034424
vn -0.69788676 0.65681968 -0.28555556
vn -0.69837400 0.67727038 -0.23147048
vn -0.69892119 0.69238522 -0.17919788
vn -0.69949787 0.70279303 -0.12955571
vn -0.70007883 0.70921741 -0.08306806
vn -0.70064511 0.71238775 -0.04000152
vn -0.70099565 0.71316552 0.00018589
vn -0.70059383 0.71240769 0.04054105
vn -0.70013241 0.70910335 0.08358855
vn -0.69968018 0.70265990 0.12929312
vn -0.69925419 0.69254558 0.17726869
vn -0.69887415 0.67828817 0.22693627
vn -0.69856083 0.65953948 0.27752557
vn -0.69833375 0.63614165 0.32810634
vn -0.69820849 0.60818057 0.37765236
vn -0.69819415 0.57601035 0.42513176
vn -0.69817308 0.54007120 0.46997601
vn -0.69773040 0.49985301 0.51314643
vn -0.69733394 0.45404187 0.55459116
vn -0.69706874 0.40294158 0.59307103
vn -0.69695863 0.34744575 0.62731979
vn -0.69701407 0.28883021 0.65631433
vn -0.69722974 0.22861448 0.67941601
vn -0.69758581 0.16837281 0.69643710
vn -0.69805222 0.10954685 0.70761754
vn -0.69859447 0.05330673 0.71352937
vn -0.70043645 0.00455402 0.71370025
vn -0.70181194 -0.03363335 0.71156784
vn -0.70178229 -0.06740682 0.70919528
vn -0.70177649 -0.10114022 0.70518112
vn -0.70179470 -0.13460053 0.69954763
vn -0.70183644 -0.16756119 0.69235025
vn -0.70190060 -0.19980958 0.68367513
vn -0.70198555 -0.23115368 0.67363511
vn -0.70208920 -0.26142713 0.66236441
vn -0.70220916 -0.29049268 0.65001254
vn -0.70229393 -0.31840570 0.63671112
vn -0.70209240 -0.34617614 0.62227674
vn -0.70184401 -0.37454624 0.60591261
vn -0.70160165 -0.40344072 0.58735910
vn -0.70137054 -0.43262144 0.56649630
vn -0.70115645 -0.46180637 0.54324443
vn -0.70096549 -0.49067518 0.51757633
vn -0.70080369 -0.51887923 0.48952889
vn -0.70067668 -0.54605593 0.45921139
vn -0.70058918 -0.57184665 0.42680933
vn -0.70185682 -0.59250542 0.39539137
vn -0.70198761 -0.61009791 0.36741521
vn -0.70204513 -0.62614658 0.33922426
vn -0.71083676 0.69490301 -0.10872397
vn -0.71113857 0.69046553 -0.13243596
vn -0.71146700 0.68475839 -0.15786278
vn -0.71182262 0.67753593 -0.18507735
vn -0.71220509 0.66851678 -0.21412431
vn -0.71261271 0.65738495 -0.24500643
vn -0.71304191 0.64379480 -0.27766794
vn -0.71348674 0.62738169 -0.31197578
vn -0.71613101 0.60249925 -0.35235071
vn -0.71950864 0.56400897 -0.40521748
vn -0.72022094 0.51487684 -0.46495552
vn -0.72062492 0.45717841 -0.52123662
vn -0.72065785 0.39252582 -0.57146806
vn -0.72031436 0.32340638 -0.61364122
vn -0.71964852 0.25273154 -0.64670919
vn -0.71875411 0.18328487 -0.67067070
vn -0.71773539 0.11728679 -0.68636704
vn -0.71668316 0.05619857 -0.69513090
vn -0.71568074 0.00069696 -0.69842722
vn -0.71583001 -0.05230340 -0.69631297
vn -0.71627979 -0.10672604 -0.68960337
vn -0.71663688 -0.16281509 -0.67817610
vn -0.71687419 -0.21949355 -0.66175069
vn -0.71697195 -0.27554724 -0.64033190
vn -0.71692161 -0.32974176 -0.61424245
vn -0.71672759 -0.38095234 -0.58410348
vn -0.71640641 -0.42827644 -0.55076415
vn -0.71598329 -0.47110410 -0.51519788
vn -0.71560232 -0.50928804 -0.47805754
vn -0.71573718 -0.54366945 -0.43834213
vn -0.71585810 -0.57541402 -0.39553241
vn -0.71587604 -0.60409874 -0.35012313
vn -0.71578974 -0.62921392 -0.30287769
vn -0.71560519 -0.65043513 -0.25464358
vn -0.71533468 -0.66764137 -0.20627965
vn -0.71499480 -0.68090576 -0.15858686
vn -0.71460414 -0.69046351 -0.11225449
vn -0.71418115 -0.69666683 -0.06782783
vn -0.91215058 -0.29920439 0.28010364
vn -0.91691601 0.29703431 0.26652514
vn -0.71056037 0.69828225 -0.08663640
vn 0.71644062 0.19040875 0.67116119
vn 0.71744954 0.24717358 0.65128441
vn 0.71843171 0.30732785 0.62402362
vn 0.71930503 0.36932464 0.58838727
vn 0.71997385 0.43100783 0.54393925
vn 0.72034925 0.48982833 0.49108570
vn 0.72037504 0.54325083 0.43120569
vn 0.72004718 0.58923454 0.36651701
vn 0.71539603 0.62499860 0.31238641
vn 0.71480453 0.64594997 0.26796105
vn 0.71402143 0.66258749 0.22616636
vn 0.71330794 0.67523930 0.18773296
vn 0.71266768 0.68469627 0.15262965
vn 0.71209875 0.69162619 0.12070037
vn 0.71159626 0.69657597 0.09172066
vn 0.71115386 0.69998448 0.06543635
vn 0.71076486 0.70219921 0.04158822
vn 0.71042277 0.70349301 0.01992659
vn 0.71280381 0.70131736 -0.00804272
vn 0.71613504 0.69593532 -0.05314729
vn 0.71709520 0.68811182 -0.11079982
vn 0.71803749 0.67414037 -0.17308067
vn 0.71888959 0.65280662 -0.23883314
vn 0.71956542 0.62324527 -0.30625307
vn 0.71998151 0.58523313 -0.37299974
vn 0.72007938 0.53940118 -0.43649977
vn 0.71984447 0.48724766 -0.49438209
vn 0.71931122 0.43090798 -0.54489419
vn 0.71765088 0.37553833 -0.58647094
vn 0.71603446 0.32492149 -0.61783548
vn 0.71533569 0.27776799 -0.64120184
vn 0.71463920 0.23294301 -0.65956681
vn 0.71396916 0.19091209 -0.67364724
vn 0.71334078 0.15190082 -0.68415720
vn 0.71276206 0.11595443 -0.69175488
vn 0.71223584 0.08299408 -0.69701656
vn 0.71176150 0.05286340 -0.70042918
vn 0.71133635 0.02536340 -0.70239397
vn 0.71222414 -0.00362934 -0.70194273
vn 0.71398935 -0.04062052 -0.69897724
vn 0.71484343 -0.08535676 -0.69405554
vn 0.71578052 -0.13495853 -0.68516016
vn 0.71677787 -0.18935034 -0.67110053
vn 0.71779228 -0.24802887 -0.65058122
vn 0.71875635 -0.30991399 -0.62236857
vn 0.71958116 -0.37326718 -0.58555492
vn 0.72016936 -0.43576149 -0.53987778
vn 0.72043860 -0.49476006 -0.48598426
vn 0.71763001 -0.54494919 -0.43363297
vn 0.71571097 -0.58101280 -0.38753314
vn 0.71503556 -0.60821126 -0.34467841
vn 0.71436805 -0.63047877 -0.30360305
vn 0.71372905 -0.64844757 -0.26477649
vn 0.71313127 -0.66276083 -0.22845540
vn 0.71258121 -0.67402312 -0.19473279
vn 0.71208089 -0.68277422 -0.16358536
vn 0.71162942 -0.68947944 -0.13491354
vn 0.71122415 -0.69453024 -0.10857230
vn 0.58489158 -0.53297769 -0.61142180
vn 0.57441972 0.59502581 -0.56212656
vn 0.69941790 0.71173105 0.06521891
vn 0.69849121 0.70593968 0.11729963
vn 0.69750901 0.69489342 0.17494087
vn 0.69651609 0.67703346 0.23767842
vn 0.69558096 0.65079838 0.30434946
vn 0.69479237 0.61495064 0.37296015
vn 0.69424527 0.56900147 0.44075031
vn 0.69401714 0.51358632 0.50454861
vn 0.69414324 0.45057926 0.56137643
vn 0.69744487 0.38922314 0.60172752
vn 0.70043641 0.34262473 0.62609675
vn 0.70043684 0.30457731 0.64546177
vn 0.70048423 0.26556644 0.66241702
vn 0.70057660 0.22603163 0.67683242
vn 0.70071023 0.18641484 0.68866151
vn 0.70088000 0.14713755 0.69793822
vn 0.70107988 0.10858136 0.70476740
vn 0.70130337 0.07107403 0.70931098
vn 0.70154400 0.03488140 0.71177195
vn 0.70224768 0.00165529 0.71193079
vn 0.70251404 -0.02842046 0.71110218
vn 0.70216177 -0.05874798 0.70958969
vn 0.70178901 -0.09130875 0.70650895
vn 0.70139934 -0.12612612 0.70152061
vn 0.70099829 -0.16315545 0.69424902
vn 0.70059376 -0.20226224 0.68429407
vn 0.70019621 -0.24320051 0.67125165
vn 0.69981856 -0.28559502 0.65474381
vn 0.69947576 -0.32893280 0.63445793
vn 0.69742918 -0.37833879 0.60864792
vn 0.69585071 -0.43495709 0.57149289
vn 0.69519481 -0.49270877 0.52339493
vn 0.69476989 -0.54732172 0.46661947
vn 0.69463248 -0.59623689 0.40247644
vn 0.69480208 -0.63735788 0.33320414
vn 0.69525470 -0.66946557 0.26160417
vn 0.69593080 -0.69237581 0.19051527
vn 0.69675318 -0.70680176 0.12233676
vn 0.69764580 -0.71402925 0.05875857
vn 0.70268795 -0.71135936 0.01405347
vn 0.70947140 -0.70469559 0.00737988
vn 0.71214058 -0.70138318 0.03028901
vn 0.71254846 -0.69882268 0.06262226
vn 0.71297963 -0.69439648 0.09733230
vn 0.71342863 -0.68771775 0.13440194
vn 0.71388709 -0.67836959 0.17372371
vn 0.71434330 -0.66592513 0.21507526
vn 0.71478213 -0.64997846 0.25809786
vn 0.71518542 -0.63018594 0.30228379
vn 0.71553314 -0.60631497 0.34697908
vn 0.71997535 -0.56763077 0.39928786
vn 0.72384296 -0.50858134 0.46625785
vn 0.72277575 -0.43872807 0.53395964
vn 0.72128487 -0.36659802 0.58766829
vn 0.71962385 -0.29651245 0.62787091
vn 0.71798761 -0.23136516 0.65647845
vn 0.71648973 -0.17259835 0.67590848
vn 0.71517736 -0.12056859 0.68846536
vn 0.71405621 -0.07497857 0.69606173
vn 0.71311115 -0.03521391 0.70016603
vn 0.71049407 -0.00619800 0.70367589
vn 0.70844818 0.00855472 0.70571099
vn 0.70838441 0.01675250 0.70562801
vn 0.70832478 0.02456395 0.70545915
vn 0.70826897 0.03201304 0.70521645
vn 0.70821668 0.03912205 0.70491035
vn 0.70816763 0.04591170 0.70455001
vn 0.70812160 0.05240123 0.70414339
vn 0.70807834 0.05860854 0.70369745
vn 0.70803766 0.06455027 0.70321827
vn 0.70803778 0.07035771 0.70266087
vn 0.70804681 0.07618784 0.70204354
vn 0.70802082 0.08196393 0.70141887
vn 0.70799578 0.08757631 0.70076555
vn 0.70797165 0.09303080 0.70008672
vn 0.70794839 0.09833300 0.69938523
vn 0.70792597 0.10348832 0.69866372
vn 0.70790435 0.10850195 0.69792461
vn 0.70788349 0.11337890 0.69717013
vn 0.70786338 0.11812399 0.69640230
vn 0.56886961 -0.52963917 0.62918179
vn 0.59318069 -0.64182598 -0.48600008
vn 0.70620603 -0.18924625 -0.68224548
vn 0.70610418 -0.18348897 -0.68392155
vn 0.70598420 -0.17704376 -0.68574180
vn 0.70584161 -0.16978131 -0.68772227
vn 0.70567042 -0.16153828 -0.68988016
vn 0.70546258 -0.15210560 -0.69223293
vn 0.70520703 -0.14121154 -0.69479662
vn 0.70488835 -0.12849715 -0.69758217
vn 0.70448452 -0.11347938 -0.70058831
vn 0.70435610 -0.09667960 -0.70323221
vn 0.70483780 -0.08086393 -0.70474442
vn 0.70510832 -0.06742328 -0.70588693
vn 0.70533429 -0.05553950 -0.70669577
vn 0.70552475 -0.04496484 -0.70725737
vn 0.70568664 -0.03549988 -0.70763417
vn 0.70582529 -0.02698269 -0.70787187
vn 0.70594489 -0.01928065 -0.70800429
vn 0.70604871 -0.01228425 -0.70805672
vn 0.70613938 -0.00590243 -0.70804826
vn 0.70257750 0.01154028 -0.71151366
vn 0.69832463 0.05432739 -0.71371650
vn 0.69741538 0.11356199 -0.70761250
vn 0.69652645 0.17786759 -0.69513597
vn 0.69572470 0.24604567 -0.67485455
vn 0.69508885 0.31615072 -0.64567811
vn 0.69469479 0.38559812 -0.60721762
vn 0.69459594 0.45151082 -0.56006648
vn 0.69480645 0.51123713 -0.50584641
vn 0.69529652 0.56285122 -0.44694658
vn 0.69735109 0.60193758 -0.38906633
vn 0.70056965 0.62603960 -0.34245668
vn 0.70112848 0.64375898 -0.30658315
vn 0.70164869 0.65813780 -0.27302700
vn 0.70212672 0.66972650 -0.24183566
vn 0.70256195 0.67900820 -0.21296612
vn 0.70295574 0.68639568 -0.18631747
vn 0.70331056 0.69223512 -0.16175534
vn 0.70362949 0.69681320 -0.13912913
vn 0.70391580 0.70036529 -0.11828363
vn 0.97389698 0.05906292 -0.21917171
vn 0.70119049 -0.54253215 -0.46259136
vn 0.70141263 -0.51759436 -0.49001674
vn 0.70165018 -0.49233214 -0.51506901
vn 0.70189741 -0.46703073 -0.53779394
vn 0.70214921 -0.44193681 -0.55828160
vn 0.70240120 -0.41725579 -0.57665429
vn 0.70264981 -0.39315206 -0.59305540
vn 0.70289225 -0.36975160 -0.60763989
vn 0.70312642 -0.34714593 -0.62056663
vn 0.70245932 -0.32326144 -0.63407645
vn 0.70159829 -0.29447323 -0.64888007
vn 0.70158527 -0.26208810 -0.66263711
vn 0.70159895 -0.22905630 -0.67475338
vn 0.70163894 -0.19562615 -0.68515196
vn 0.70170410 -0.16205100 -0.69379451
vn 0.70179265 -0.12857993 -0.70068130
vn 0.70190223 -0.09544920 -0.70584892
vn 0.70203013 -0.06287494 -0.70936622
vn 0.70217336 -0.03104768 -0.71132877
vn 0.70124935 0.00334174 -0.71290826
vn 0.69984643 0.04533582 -0.71285316
vn 0.69937003 0.09325865 -0.70864969
vn 0.69892628 0.14374352 -0.70059964
vn 0.69853778 0.19614525 -0.68816568
vn 0.69822784 0.24959819 -0.67095352
vn 0.69801753 0.30305686 -0.64878969
vn 0.69792248 0.35537594 -0.62178143
vn 0.69795011 0.40541981 -0.59033924
vn 0.69809822 0.45217994 -0.55515059
vn 0.69846132 0.49455255 -0.51727126
vn 0.69832879 0.53362677 -0.47705279
vn 0.69797929 0.57055916 -0.43276685
vn 0.69773602 0.60477595 -0.38394075
vn 0.69761802 0.63526199 -0.33131751
vn 0.69763509 0.66118501 -0.27593416
vn 0.69778579 0.68199900 -0.21902593
vn 0.69805774 0.69749986 -0.16189298
vn 0.69843009 0.70782050 -0.10576177
vn 0.69887717 0.71337270 -0.05167284
vn 0.69961943 0.71451464 -0.00121611
vn 0.69951902 0.71305869 0.04712157
vn 0.69887871 0.70853434 0.09771201
vn 0.69825438 0.69954351 0.15192004
vn 0.69767954 0.68522885 0.20905663
vn 0.69719301 0.66488072 0.26805885
vn 0.69683403 0.63808737 0.32751617
vn 0.69663558 0.60487342 0.38578103
vn 0.69661740 0.56577736 0.44115776
vn 0.69678136 0.52182821 0.49212911
vn 0.69821689 0.47640623 0.53435033
vn 0.69948071 0.43470796 0.56723517
vn 0.69960763 0.39514157 0.59532538
vn 0.69979649 0.35462617 0.62010092
vn 0.70003788 0.31379498 0.64146682
vn 0.70032078 0.27323717 0.65946361
vn 0.70063373 0.23346653 0.67424458
vn 0.70096571 0.19490292 0.68604659
vn 0.70130689 0.15786591 0.69515970
vn 0.70164897 0.12257832 0.70189976
vn 0.70445195 0.09666649 0.70313800
vn 0.71132307 0.10045281 0.69564986
vn 0.71546410 0.13794888 0.68489504
vn 0.71241088 0.03270802 0.70099994
vn 0.71244386 0.06556230 0.69865967
vn 0.71245319 0.09840114 0.69478606
vn 0.71243863 0.13100935 0.68939665
vn 0.71240058 0.16317658 0.68253851
vn 0.71234001 0.19470393 0.67428635
vn 0.71225849 0.22540998 0.66473918
vn 0.71215800 0.25513550 0.65401595
vn 0.71204087 0.28374682 0.64225037
vn 0.71405127 0.31603862 0.62470023
vn 0.71848329 0.36279425 0.59343247
vn 0.71959825 0.42195479 0.55148211
vn 0.72054277 0.48089560 0.49955734
vn 0.72118858 0.53675605 0.43792692
vn 0.72143102 0.58654468 0.36810681
vn 0.72122710 0.62777839 0.29278964
vn 0.72061312 0.65903970 0.21536808
vn 0.71968970 0.68019257 0.13922932
vn 0.71858467 0.69219184 0.06713070
vn 0.71237127 0.70161354 0.01629768
vn 0.95971689 0.13769373 -0.24491616
vn 0.70278284 -0.35787878 -0.61483255
vn 0.70305060 -0.33448369 -0.62756714
vn 0.70330394 -0.31213962 -0.63869588
vn 0.70354225 -0.29086482 -0.64840262
vn 0.70376543 -0.27065582 -0.65685588
vn 0.70397370 -0.25149294 -0.66420804
vn 0.70416757 -0.23334490 -0.67059541
vn 0.70434767 -0.21617246 -0.67613891
vn 0.70451478 -0.19993139 -0.68094520
vn 0.70511519 -0.18582260 -0.68431172
vn 0.70558188 -0.17496796 -0.68668801
vn 0.70555964 -0.16556483 -0.68903837
vn 0.70553751 -0.15599327 -0.69129076
vn 0.70551553 -0.14625456 -0.69343885
vn 0.70549374 -0.13635041 -0.69547621
vn 0.70547217 -0.12628289 -0.69739633
vn 0.70545087 -0.11605456 -0.69919268
vn 0.70542989 -0.10566839 -0.70085866
vn 0.70540926 -0.09512784 -0.70238769
vn 0.70718384 -0.08983119 -0.70129978
vn 0.70881929 -0.09517056 -0.69894047
vn 0.70978891 -0.10860538 -0.69599179
vn 0.71007141 -0.12591285 -0.69278031
vn 0.71039625 -0.14496295 -0.68871105
vn 0.71077105 -0.16597922 -0.68356083
vn 0.71120468 -0.18920896 -0.67704348
vn 0.71170730 -0.21491889 -0.66879189
vn 0.71229019 -0.24338489 -0.65833615
vn 0.71296510 -0.27487177 -0.64507850
vn 0.71374296 -0.30959747 -0.62826778
vn 0.71578606 -0.35012594 -0.60420373
vn 0.71880605 -0.40082481 -0.56802934
vn 0.71964180 -0.45808712 -0.52179677
vn 0.72023798 -0.51314031 -0.46684501
vn 0.72051035 -0.56343972 -0.40422831
vn 0.72041655 -0.60673595 -0.33596352
vn 0.71997145 -0.64152541 -0.26473811
vn 0.71924161 -0.66729505 -0.19341359
vn 0.71832245 -0.68447587 -0.12452160
vn 0.71731131 -0.69417038 -0.05993307
vn 0.71607005 -0.69802697 -0.00142493
vn 0.71612743 -0.69590618 0.05362925
vn 0.71679776 -0.68848345 0.11041519
vn 0.71738931 -0.67559747 0.17006067
vn 0.71785414 -0.65663139 0.23134531
vn 0.71814810 -0.63132638 0.29272907
vn 0.71824019 -0.59989407 0.35250266
vn 0.71812020 -0.56304679 0.40900085
vn 0.71780139 -0.52192263 0.46082311
vn 0.71731702 -0.47792195 0.50699793
vn 0.71580097 -0.43524795 0.54606610
vn 0.71487956 -0.39516206 0.57688314
vn 0.71502200 -0.35438919 0.60262081
vn 0.71508954 -0.31141068 0.62583571
vn 0.71507825 -0.26679301 0.64613047
vn 0.71498880 -0.22117805 0.66322793
vn 0.71482634 -0.17523798 0.67698963
vn 0.71459979 -0.12962799 0.68741816
vn 0.71432067 -0.08494429 0.69464412
vn 0.71400178 -0.04169287 0.69890139
vn 0.71305771 -0.00210484 0.70110218
vn -0.71644062 0.19040875 0.67116119
vn -0.71744954 0.24717358 0.65128441
vn -0.71843171 0.30732785 0.62402362
vn -0.71930503 0.36932464 0.58838727
vn -0.71997385 0.43100783 0.54393925
vn -0.72034925 0.48982833 0.49108570
vn -0.72037504 0.54325083 0.43120569
vn -0.72004718 0.58923454 0.36651701
vn -0.71539603 0.62499860 0.31238641
vn -0.71480453 0.64594997 0.26796105
vn -0.71402143 0.66258749 0.22616636
vn -0.71330794 0.67523930 0.18773296
vn -0.71266768 0.68469627 0.15262965
vn -0.71209875 0.69162619 0.12070037
vn -0.71159626 0.69657597 0.09172066
vn -0.71115386 0.69998448 0.06543635
vn -0.71076486 0.70219921 0.04158822
vn -0.71042277 0.70349301 0.01992659
vn -0.71280381 0.70131736 -0.00804272
vn -0.71613504 0.69593532 -0.05314729
vn -0.71709520 0.68811182 -0.11079982
vn -0.71803749 0.67414037 -0.17308067
vn -0.71888959 0.65280662 -0.23883314
vn -0.71956542 0.62324527 -0.30625307
vn -0.71998151 0.58523313 -0.37299974
vn -0.72007938 0.53940118 -0.43649977
vn -0.71984447 0.48724766 -0.49438209
vn -0.71931122 0.43090798 -0.54489419
vn -0.71765088 0.37553833 -0.58647094
vn -0.71603446 0.32492149 -0.61783548
vn -0.71533569 0.27776799 -0.64120184
vn -0.71463920 0.23294301 -0.65956681
vn -0.71396916 0.19091209 -0.67364724
vn -0.71334078 0.15190082 -0.68415720
vn -0.71276206 0.11595443 -0.69175488
vn -0.71223584 0.08299408 -0.69701656
vn -0.71176150 0.05286340 -0.70042918
vn -0.71133635 0.02536340 -0.70239397
vn -0.71222414 -0.00362934 -0.70194273
vn -0.71398935 -0.04062052 -0.69897724
vn -0.71484343 -0.08535676 -0.69405554
vn -0.71578052 -0.13495853 -0.68516016
vn -0.71677787 -0.18935034 -0.67110053
vn -0.71779228 -0.24802887 -0.65058122
vn -0.71875635 -0.30991399 -0.62236857
vn -0.71958116 -0.37326718 -0.58555492
vn -0.72016936 -0.43576149 -0.53987778
vn -0.72043860 -0.49476006 -0.48598426
vn -0.71763001 -0.54494919 -0.43363297
vn -0.71571097 -0.58101280 -0.38753314
vn -0.71503556 -0.60821126 -0.34467841
vn -0.71436805 -0.63047877 -0.30360305
vn -0.71372905 -0.64844757 -0.26477649
vn -0.71313127 -0.66276083 -0.22845540
vn -0.71258121 -0.67402312 -0.19473279
vn -0.71208089 -0.68277422 -0.16358536
vn -0.71162942 -0.68947944 -0.13491354
vn -0.71122415 -0.69453024 -0.10857230
vn -0.58489158 -0.53297769 -0.61142180
vn -0.57441972 0.59502581 -0.56212656
vn -0.69941790 0.71173105 0.06521891
vn -0.69849121 0.70593968 0.11729963
vn -0.69750901 0.69489342 0.17494087
vn -0.69651609 0.67703346 0.23767842
vn -0.69558096 0.65079838 0.30434946
vn -0.69479237 0.61495064 0.37296015
vn -0.69424527 0.56900147 0.44075031
vn -0.69401714 0.51358632 0.50454861
vn -0.69414324 0.45057926 0.56137643
vn -0.69744487 0.38922314 0.60172752
vn -0.70043641 0.34262473 0.62609675
vn -0.70043684 0.30457731 0.64546177
vn -0.70048423 0.26556644 0.66241702
vn -0.70057660 0.22603163 0.67683242
vn -0.70071023 0.18641484 0.68866151
vn -0.70088000 0.14713755 0.69793822
vn -0.70107988 0.10858136 0.70476740
vn -0.70130337 0.07107403 0.70931098
vn -0.70154400 0.03488140 0.71177195
vn -0.70224768 0.00165529 0.71193079
vn -0.70251404 -0.02842046 0.71110218
vn -0.70216177 -0.05874798 0.70958969
vn -0.70178901 -0.09130875 0.70650895
vn -0.70139934 -0.12612612 0.70152061
vn -0.70099829 -0.16315545 0.69424902
vn -0.70059376 -0.20226224 0.68429407
vn -0.70019621 -0.24320051 0.67125165
vn -0.69981856 -0.28559502 0.65474381
vn -0.69947576 -0.32893280 0.63445793
vn -0.69742918 -0.37833879 0.60864792
vn -0.69585071 -0.43495709 0.57149289
vn -0.69519481 -0.49270877 0.52339493
vn -0.69476989 -0.54732172 0.46661947
vn -0.69463248 -0.59623689 0.40247644
vn -0.69480208 -0.63735788 0.33320414
vn -0.69525470 -0.66946557 0.26160417
vn -0.69593080 -0.69237581 0.19051527
vn -0.69675318 -0.70680176 0.12233676
vn -0.69764580 -0.71402925 0.05875857
vn -0.70268795 -0.71135936 0.01405347
vn -0.70947140 -0.70469559 0.00737988
vn -0.71214058 -0.70138318 0.03028901
vn -0.71254846 -0.69882268 0.06262226
vn -0.71297963 -0.69439648 0.09733230
vn -0.71342863 -0.68771775 0.13440194
vn -0.71388709 -0.67836959 0.17372371
vn -0.71434330 -0.66592513 0.21507526
vn -0.71478213 -0.64997846 0.25809786
vn -0.71518542 -0.63018594 0.30228379
vn -0.71553314 -0.60631497 0.34697908
vn -0.71997535 -0.56763077 0.39928786
vn -0.72384296 -0.50858134 0.46625785
vn -0.72277575 -0.43872807 0.53395964
vn -0.72128487 -0.36659802 0.58766829
vn -0.71962385 -0.29651245 0.62787091
vn -0.71798761 -0.23136516 0.65647845
vn -0.71648973 -0.17259835 0.67590848
vn -0.71517736 -0.12056859 0.68846536
vn -0.71405621 -0.07497857 0.69606173
vn -0.71311115 -0.03521391 0.70016603
vn -0.71049407 -0.00619800 0.70367589
vn -0.70844818 0.00855472 0.70571099
vn -0.70838441 0.01675250 0.70562801
vn -0.70832478 0.02456395 0.70545915
vn -0.70826897 0.03201304 0.70521645
vn -0.70821668 0.03912205 0.70491035
vn -0.70816763 0.04591170 0.70455001
vn -0.70812160 0.05240123 0.70414339
vn -0.70807834 0.05860854 0.70369745
vn -0.70803766 0.06455027 0.70321827
vn -0.70803778 0.07035771 0.70266087
vn -0.70804681 0.07618784 0.70204354
vn -0.70802082 0.08196393 0.70141887
vn -0.70799578 0.08757631 0.70076555
vn -0.70797165 0.09303080 0.70008672
vn -0.70794839 0.09833300 0.69938523
vn -0.70792597 0.10348832 0.69866372
vn -0.70790435 0.10850195 0.69792461
vn -0.70788349 0.11337890 0.69717013
vn -0.70786338 0.11812399 0.69640230
vn -0.56886961 -0.52963917 0.62918179
vn -0.59318069 -0.64182598 -0.48600008
vn -0.70620603 -0.18924625 -0.68224548
vn -0.70610418 -0.18348897 -0.68392155
vn -0.70598420 -0.17704376 -0.68574180
vn -0.70584161 -0.16978131 -0.68772227
vn -0.70567042 -0.16153828 -0.68988016
vn -0.70546258 -0.15210560 -0.69223293
vn -0.70520703 -0.14121154 -0.69479662
vn -0.70488835 -0.12849715 -0.69758217
vn -0.70448452 -0.11347938 -0.70058831
vn -0.70435610 -0.09667960 -0.70323221
vn -0.70483780 -0.08086393 -0.70474442
vn -0.70510832 -0.06742328 -0.70588693
vn -0.70533429 -0.05553950 -0.70669577
vn -0.70552475 -0.04496484 -0.70725737
vn -0.70568664 -0.03549988 -0.70763417
vn -0.70582529 -0.02698269 -0.70787187
vn -0.70594489 -0.01928065 -0.70800429
vn -0.70604871 -0.01228425 -0.70805672
vn -0.70613938 -0.00590243 -0.70804826
vn -0.70257750 0.01154028 -0.71151366
vn -0.69832463 0.05432739 -0.71371650
vn -0.69741538 0.11356199 -0.70761250
vn -0.69652645 0.17786759 -0.69513597
vn -0.69572470 0.24604567 -0.67485455
vn -0.69508885 0.31615072 -0.64567811
vn -0.69469479 0.38559812 -0.60721762
vn -0.69459594 0.45151082 -0.56006648
vn -0.69480645 0.51123713 -0.50584641
vn -0.69529652 0.56285122 -0.44694658
vn -0.69735109 0.60193758 -0.38906633
vn -0.70056965 0.62603960 -0.34245668
vn -0.70112848 0.64375898 -0.30658315
vn -0.70164869 0.65813780 -0.27302700
vn -0.70212672 0.66972650 -0.24183566
vn -0.70256195 0.67900820 -0.21296612
vn -0.70295574 0.68639568 -0.18631747
vn -0.70331056 0.69223512 -0.16175534
vn -0.70362949 0.69681320 -0.13912913
vn -0.70391580 0.70036529 -0.11828363
vn -0.97389698 0.05906292 -0.21917171
vn -0.70119049 -0.54253215 -0.46259136
vn -0.70141263 -0.51759436 -0.49001674
vn -0.70165018 -0.49233214 -0.51506901
vn -0.70189741 -0.46703073 -0.53779394
vn -0.70214921 -0.44193681 -0.55828160
vn -0.70240120 -0.41725579 -0.57665429
vn -0.70264981 -0.39315206 -0.59305540
vn -0.70289225 -0.36975160 -0.60763989
vn -0.70312642 -0.34714593 -0.62056663
vn -0.70245932 -0.32326144 -0.63407645
vn -0.70159829 -0.29447323 -0.64888007
vn -0.70158527 -0.26208810 -0.66263711
vn -0.70159895 -0.22905630 -0.67475338
vn -0.70163894 -0.19562615 -0.68515196
vn -0.70170410 -0.16205100 -0.69379451
vn -0.70179265 -0.12857993 -0.70068130
vn -0.70190223 -0.09544920 -0.70584892
vn -0.70203013 -0.06287494 -0.70936622
vn -0.70217336 -0.03104768 -0.71132877
vn -0.70124935 0.00334174 -0.71290826
vn -0.69984643 0.04533582 -0.71285316
vn -0.69937003 0.09325865 -0.70864969
vn -0.69892628 0.14374352 -0.70059964
vn -0.69853778 0.19614525 -0.68816568
vn -0.69822784 0.24959819 -0.67095352
vn -0.69801753 0.30305686 -0.64878969
vn -0.69792248 0.35537594 -0.62178143
vn -0.69795011 0.40541981 -0.59033924
vn -0.69809822 0.45217994 -0.55515059
vn -0.69846132 0.49455255 -0.51727126
vn -0.69832879 0.53362677 -0.47705279
vn -0.69797929 0.57055916 -0.43276685
vn -0.69773602 0.60477595 -0.38394075
vn -0.69761802 0.63526199 -0.33131751
vn -0.69763509 0.66118501 -0.27593416
vn -0.69778579 0.68199900 -0.21902593
vn -0.69805774 0.69749986 -0.16189298
vn -0.69843009 0.70782050 -0.10576177
vn -0.69887717 0.71337270 -0.05167284
vn -0.69961943 0.71451464 -0.00121611
vn -0.69951902 0.71305869 0.04712157
vn -0.69887871 0.70853434 0.09771201
vn -0.69825438 0.69954351 0.15192004
vn -0.69767954 0.68522885 0.20905663
vn -0.69719301 0.66488072 0.26805885
vn -0.69683403 0.63808737 0.32751617
vn -0.69663558 0.60487342 0.38578103
vn -0.69661740 0.56577736 0.44115776
vn -0.69678136 0.52182821 0.49212911
vn -0.69821689 0.47640623 0.53435033
vn -0.69948071 0.43470796 0.56723517
vn -0.69960763 0.39514157 0.59532538
vn -0.69979649 0.35462617 0.62010092
vn -0.70003788 0.31379498 0.64146682
vn -0.70032078 0.27323717 0.65946361
vn -0.70063373 0.23346653 0.67424458
vn -0.70096571 0.19490292 0.68604659
vn -0.70130689 0.15786591 0.69515970
vn -0.70164897 0.12257832 0.70189976
vn -0.70445195 0.09666649 0.70313800
vn -0.71132307 0.10045281 0.69564986
vn -0.71546410 0.13794888 0.68489504
vn -0.71241088 0.03270802 0.70099994
vn -0.71244386 0.06556230 0.69865967
vn -0.71245319 0.09840114 0.69478606
vn -0.71243863 0.13100935 0.68939665
vn -0.71240058 0.16317658 0.68253851
vn -0.71234001 0.19470393 0.67428635
vn -0.71225849 0.22540998 0.66473918
vn -0.71215800 0.25513550 0.65401595
vn -0.71204087 0.28374682 0.64225037
vn -0.71405127 0.31603862 0.62470023
vn -0.71848329 0.36279425 0.59343247
vn -0.71959825 0.42195479 0.55148211
vn -0.72054277 0.48089560 0.49955734
vn -0.72118858 0.53675605 0.43792692
vn -0.72143102 0.58654468 0.36810681
vn -0.72122710 0.62777839 0.29278964
vn -0.72061312 0.65903970 0.21536808
vn -0.71968970 0.68019257 0.13922932
vn -0.71858467 0.69219184 0.06713070
vn -0.71237127 0.70161354 0.01629768
vn -0.95971689 0.13769373 -0.24491616
vn -0.70278284 -0.35787878 -0.61483255
vn -0.70305060 -0.33448369 -0.62756714
vn -0.70330394 -0.31213962 -0.63869588
vn -0.70354225 -0.29086482 -0.64840262
vn -0.70376543 -0.27065582 -0.65685588
vn -0.70397370 -0.25149294 -0.66420804
vn -0.70416757 -0.23334490 -0.67059541
vn -0.70434767 -0.21617246 -0.67613891
vn -0.70451478 -0.19993139 -0.68094520
vn -0.70511519 -0.18582260 -0.68431172
vn -0.70558188 -0.17496796 -0.68668801
vn -0.70555964 -0.16556483 -0.68903837
vn -0.70553751 -0.15599327 -0.69129076
vn -0.70551553 -0.14625456 -0.69343885
vn -0.70549374 -0.13635041 -0.69547621
vn -0.70547217 -0.12628289 -0.69739633
vn -0.70545087 -0.11605456 -0.69919268
vn -0.70542989 -0.10566839 -0.70085866
vn -0.70540926 -0.09512784 -0.70238769
vn -0.70718384 -0.08983119 -0.70129978
vn -0.70881929 -0.09517056 -0.69894047
vn -0.70978891 -0.10860538 -0.69599179
vn -0.71007141 -0.12591285 -0.69278031
vn -0.71039625 -0.14496295 -0.68871105
vn -0.71077105 -0.16597922 -0.68356083
vn -0.71120468 -0.18920896 -0.67704348
vn -0.71170730 -0.21491889 -0.66879189
vn -0.71229019 -0.24338489 -0.65833615
vn -0.71296510 -0.27487177 -0.64507850
vn -0.71374296 -0.30959747 -0.62826778
vn -0.71578606 -0.35012594 -0.60420373
vn -0.71880605 -0.40082481 -0.56802934
vn -0.71964180 -0.45808712 -0.52179677
vn -0.72023798 -0.51314031 -0.46684501
vn -0.72051035 -0.56343972 -0.40422831
vn -0.72041655 -0.60673595 -0.33596352
vn -0.71997145 -0.64152541 -0.26473811
vn -0.71924161 -0.66729505 -0.19341359
vn -0.71832245 -0.68447587 -0.12452160
vn -0.71731131 -0.69417038 -0.05993307
vn -0.71607005 -0.69802697 -0.00142493
vn -0.71612743 -0.69590618 0.05362925
vn -0.71679776 -0.68848345 0.11041519
vn -0.71738931 -0.67559747 0.17006067
vn -0.71785414 -0.65663139 0.23134531
vn -0.71814810 -0.63132638 0.29272907
vn -0.71824019 -0.59989407 0.35250266
vn -0.71812020 -0.56304679 0.40900085
vn -0.71780139 -0.52192263 0.46082311
vn -0.71731702 -0.47792195 0.50699793
vn -0.71580097 -0.43524795 0.54606610
vn -0.71487956 -0.39516206 0.57688314
vn -0.71502200 -0.35438919 0.60262081
vn -0.71508954 -0.31141068 0.62583571
vn -0.71507825 -0.26679301 0.64613047
vn -0.71498880 -0.22117805 0.66322793
vn -0.71482634 -0.17523798 0.67698963
vn -0.71459979 -0.12962799 0.68741816
vn -0.71432067 -0.08494429 0.69464412
vn -0.71400178 -0.04169287 0.69890139
vn -0.71305771 -0.00210484 0.70110218
vn 0.57735027 -0.57735027 -0.57735027
vn 0.57735027 0.57735027 -0.57735027
vn 0.57735027 0.57735027 0.57735027
vn 0.57735027 -0.57735027 0.57735027
vn -0.57735027 -0.57735027 -0.57735027
vn -0.57735027 0.57735027 -0.57735027
vn -0.57735027 0.57735027 0.57735027
vn -0.57735027 -0.57735027 0.57735027
vn 0.71206027 -0.69545181 0.09652435
vn 0.71241316 -0.69001909 0.12783248
vn 0.71277923 -0.68266139 0.16099440
vn 0.71315297 -0.67307316 0.19592183
vn 0.71352693 -0.66094331 0.23245056
vn 0.71389153 -0.64597360 0.27032757
vn 0.71423526 -0.62790274 0.30920242
vn 0.71454515 -0.60653515 0.34862636
vn 0.71860732 -0.57209113 0.39536723
vn 0.72090005 -0.52320009 0.45449397
vn 0.72087701 -0.46490155 0.51400670
vn 0.72046178 -0.40118080 0.56567551
vn 0.71972115 -0.33494382 0.60812342
vn 0.71876009 -0.26903590 0.64109564
vn 0.71768933 -0.20577470 0.66526596
vn 0.71660118 -0.14673190 0.68187425
vn 0.71555953 -0.09274874 0.69236712
vn 0.71460110 -0.04408717 0.69814153
vn 0.71215041 -0.00550622 0.70200533
vn 0.71045248 0.02055406 0.70344496
vn 0.71056882 0.04171324 0.70239017
vn 0.71068449 0.06354316 0.70063530
vn 0.71079851 0.08601009 0.69811729
vn 0.71090979 0.10906992 0.69477408
vn 0.71101717 0.13266752 0.69054610
vn 0.71111939 0.15673645 0.68537793
vn 0.71121514 0.18119898 0.67922011
vn 0.71130311 0.20596642 0.67203104
vn 0.71401206 0.23765925 0.65856273
vn 0.71765755 0.28584130 0.63502945
vn 0.71919719 0.34647362 0.60225529
vn 0.72076471 0.41091875 0.55825086
vn 0.72219041 0.47645172 0.50143272
vn 0.72325087 0.53915337 0.43153426
vn 0.72373276 0.59455362 0.35030970
vn 0.72352503 0.63879618 0.26163137
vn 0.72267667 0.66978041 0.17068287
vn 0.72137044 0.68760835 0.08257996
vn 0.71731387 0.69669506 0.00876333
vn 0.71507738 0.69746739 -0.04694237
vn 0.71601822 0.69111760 -0.09835843
vn 0.71700564 0.67966729 -0.15477495
vn 0.71799068 0.66180903 -0.21563436
vn 0.71890139 0.63632053 -0.27978022
vn 0.71964815 0.60233598 -0.34539530
vn 0.72013930 0.55965640 -0.41010254
vn 0.72030507 0.50898354 -0.47127101
vn 0.72012011 0.45194549 -0.52647156
vn 0.71870151 0.39363829 -0.57316406
vn 0.71341108 0.35018565 -0.60697170
vn 0.71259548 0.31855273 -0.62508546
vn 0.71190734 0.29014538 -0.63953390
vn 0.71132670 0.26466874 -0.65112579
vn 0.71083563 0.24180957 -0.66048530
vn 0.71041880 0.22126534 -0.66809189
vn 0.71006337 0.20275808 -0.67431385
vn 0.70975883 0.18603939 -0.67943488
vn 0.70949655 0.17089096 -0.68367458
vn 0.70845603 0.15977866 -0.68743060
vn 0.70618020 0.15901006 -0.68994589
vn 0.70497836 0.16866708 -0.68888093
vn 0.70471261 0.18258512 -0.68559668
vn 0.70439650 0.19822752 -0.68156542
vn 0.70401734 0.21590662 -0.67656775
vn 0.70355861 0.23600426 -0.67030387
vn 0.70299871 0.25898644 -0.66235855
vn 0.70230940 0.28541762 -0.65214898
vn 0.70145414 0.31596890 -0.63884720
vn 0.70038674 0.35140657 -0.62126631
vn 0.69788450 0.39633429 -0.59655374
vn 0.69623388 0.44967111 -0.55951253
vn 0.69562616 0.50415994 -0.51178805
vn 0.69522499 0.55556828 -0.45607685
vn 0.69507996 0.60162896 -0.39358156
vn 0.69521023 0.64047410 -0.32630610
vn 0.69559856 0.67098366 -0.25675585
vn 0.69619670 0.69293132 -0.18750024
vn 0.69693919 0.70688911 -0.12076233
vn 0.69775897 0.71396713 -0.05816668
vn 0.69882869 0.71528765 -0.00142828
vn 0.69887064 0.71338301 0.05161889
vn 0.69837781 0.70785068 0.10590491
vn 0.69795462 0.69745178 0.16254343
vn 0.69763022 0.68168607 0.22049077
vn 0.69742991 0.66033600 0.27847421
vn 0.69737067 0.63354458 0.33510508
vn 0.69745772 0.60183722 0.38903044
vn 0.69768343 0.56607352 0.43908839
vn 0.69802889 0.52733841 0.48442736
vn 0.69766024 0.48540155 0.52693028
vn 0.69703412 0.43762529 0.56800311
vn 0.69724706 0.38480279 0.60479198
vn 0.69759984 0.33049141 0.63571212
vn 0.69806275 0.27614052 0.66064727
vn 0.69860160 0.22301862 0.67986653
vn 0.69918304 0.17211709 0.69391554
vn 0.69977831 0.12411976 0.70349457
vn 0.70036502 0.07942414 0.70935227
vn 0.70092741 0.03819194 0.71220934
vn 0.70148150 0.00049282 0.71268750
vn 0.70139255 -0.03568714 0.71188125
vn 0.70107254 -0.07311713 0.70933151
vn 0.70076284 -0.11238117 0.70448699
vn 0.70047245 -0.15322119 0.69703774
vn 0.70021126 -0.19528239 0.68670881
vn 0.69998945 -0.23811547 0.67328730
vn 0.69981667 -0.28118950 0.65664991
vn 0.69970110 -0.32391604 0.63678629
vn 0.69964854 -0.36568349 0.61381390
vn 0.69760694 -0.41253398 0.58579884
vn 0.69519302 -0.46864672 0.54504763
vn 0.69489300 -0.52539812 0.49099952
vn 0.69487826 -0.57635269 0.43007184
vn 0.69515081 -0.61960668 0.36448993
vn 0.69567411 -0.65413053 0.29690198
vn 0.69638443 -0.67985028 0.22989632
vn 0.69720835 -0.69747778 0.16560572
vn 0.69807823 -0.70820526 0.10550875
vn 0.69894122 -0.71339915 0.05042641
vn 0.57559013 -0.58793706 -0.56835378
vn 0.58529715 0.53063598 -0.61306826
vn 0.71132110 0.69360545 -0.11372672
vn 0.71170172 0.68827935 -0.14054251
vn 0.71211900 0.68129169 -0.16949384
vn 0.71257331 0.67228928 -0.20066489
vn 0.71306315 0.66086585 -0.23408818
vn 0.71358428 0.64656711 -0.26971921
vn 0.71412873 0.62890489 -0.30740657
vn 0.71468385 0.60738393 -0.34685984
vn 0.71523162 0.58154443 -0.38762070
vn 0.71902290 0.54225813 -0.43469781
vn 0.72046659 0.48998200 -0.49076016
vn 0.72013094 0.43053097 -0.54410892
vn 0.71948590 0.36796295 -0.58901894
vn 0.71862004 0.30490963 -0.62499228
vn 0.71763213 0.24362838 -0.65241807
vn 0.71660880 0.18575714 -0.67228425
vn 0.71561347 0.13227611 -0.68585741
vn 0.71468536 0.08360811 -0.69443108
vn 0.71384393 0.03977331 -0.69917446
vn 0.71263834 0.00194081 -0.70152893
vn 0.71245051 -0.03170671 -0.70100567
vn 0.71311256 -0.06666735 -0.69787244
vn 0.71386515 -0.10566409 -0.69226559
vn 0.71471075 -0.14899108 -0.68336681
vn 0.71564335 -0.19678642 -0.67017139
vn 0.71664310 -0.24891470 -0.65150912
vn 0.71767014 -0.30482277 -0.62612510
vn 0.71866015 -0.36339925 -0.59284785
vn 0.71952549 -0.42289940 -0.55085312
vn 0.71739529 -0.47697192 -0.50778124
vn 0.71517354 -0.51797351 -0.46928695
vn 0.71569062 -0.55047380 -0.42984362
vn 0.71615157 -0.58167259 -0.38572520
vn 0.71652713 -0.61065118 -0.33718542
vn 0.71678974 -0.63648713 -0.28477465
vn 0.71691809 -0.65835634 -0.22933682
vn 0.71690111 -0.67563600 -0.17195578
vn 0.71674029 -0.68798281 -0.11385525
vn 0.71644934 -0.69536590 -0.05627259
vn 0.71651245 -0.69757350 0.00105977
vn 0.71764334 -0.69365719 0.06186876
vn 0.71865032 -0.68342431 0.12834687
vn 0.71953813 -0.66535786 0.19890650
vn 0.72020528 -0.63844498 0.27146337
vn 0.72055952 -0.60243784 0.34331126
vn 0.72054598 -0.55809092 0.41151916
vn 0.72016682 -0.50713542 0.47346955
vn 0.71948045 -0.45196085 0.52733222
vn 0.71858075 -0.39512999 0.57228838
vn 0.71801536 -0.33752983 0.60870975
vn 0.71374423 -0.29152629 0.63685288
vn 0.71188018 -0.25983784 0.65246525
vn 0.71069378 -0.23597237 0.66274535
vn 0.70989600 -0.21743682 0.66990216
vn 0.70933541 -0.20266346 0.67510799
vn 0.70892718 -0.19063139 0.67903013
vn 0.70862103 -0.18065251 0.68207104
vn 0.70838573 -0.17224832 0.68448534
vn 0.70820107 -0.16507674 0.68644076
vn 0.70787630 -0.15946793 0.68809965
vn 0.70562255 -0.16217917 0.68977876
vn 0.70396713 -0.17677460 0.68788155
vn 0.70369972 -0.19686860 0.68267815
vn 0.70340385 -0.21852749 0.67636437
vn 0.70307697 -0.24186458 0.66871841
vn 0.70271678 -0.26698350 0.65947626
vn 0.70232157 -0.29396784 0.64832656
vn 0.70189056 -0.32286669 0.63490687
vn 0.70142461 -0.35367516 0.61880321
vn 0.70092685 -0.38630943 0.59955531
vn 0.69817483 -0.42769694 0.57413172
vn 0.69643611 -0.47779718 0.53543122
vn 0.69599355 -0.52835148 0.48624859
vn 0.69575270 -0.57505759 0.43039162
vn 0.69574156 -0.61611776 0.36924597
vn 0.69596146 -0.65020652 0.30474436
vn 0.69638671 -0.67667481 0.23907480
vn 0.69697165 -0.69558325 0.17434007
vn 0.69766184 -0.70757399 0.11228091
vn 0.69840469 -0.71365308 0.05413099
vn 0.69887616 -0.71524263 -0.00030613
vn 0.69806985 -0.71384773 -0.05585611
vn 0.69709665 -0.70737300 -0.11696024
vn 0.69614493 -0.69406004 -0.18347450
vn 0.69529132 -0.67232778 -0.25405774
vn 0.69462613 -0.64100122 -0.32651489
vn 0.69423516 -0.59973533 -0.39793853
vn 0.69417548 -0.54933080 -0.46514091
vn 0.69445627 -0.49174672 -0.52527674
vn 0.69503545 -0.42974217 -0.57640905
vn 0.69811390 -0.37155966 -0.61202974
vn 0.70063523 -0.32704362 -0.63415515
vn 0.70067507 -0.28981685 -0.65196674
vn 0.70075628 -0.25197588 -0.66741950
vn 0.70087576 -0.21392285 -0.68044852
vn 0.70102914 -0.17604683 -0.69106125
vn 0.70121123 -0.13870642 -0.69933064
vn 0.70141631 -0.10221638 -0.70538427
vn 0.70163863 -0.06683919 -0.70939111
vn 0.70187266 -0.03278145 -0.71154772
vn 0.70166509 0.00124522 -0.71250583
vn 0.70089347 0.03846519 -0.71222803
vn 0.70035921 0.07982262 -0.70931328
vn 0.69980873 0.12443056 -0.70340940
vn 0.69925800 0.17207907 -0.69384944
vn 0.69872857 0.22233562 -0.67995975
vn 0.69824694 0.27450833 -0.66113266
vn 0.69784255 0.32763875 -0.63692121
vn 0.69754437 0.38054084 -0.60714127
vn 0.69737635 0.43189409 -0.57195605
vn 0.69777983 0.47906638 -0.53253986
vn 0.69714899 0.52390633 -0.48939294
vn 0.69688239 0.56639840 -0.43994065
vn 0.69678024 0.60475330 -0.38570812
vn 0.69685257 0.63782508 -0.32798729
vn 0.69709225 0.66487084 -0.26834522
vn 0.69747663 0.68562898 -0.20842086
vn 0.69797258 0.70029814 -0.14972237
vn 0.69854299 0.70943619 -0.09347720
vn 0.69915244 0.71382122 -0.04056022
vn 0.57625285 0.58394057 0.57179197
vn 0.58141225 -0.55325292 0.59654924
vn 0.71172427 -0.69924713 0.06709701
vn -0.71206027 -0.69545181 0.09652435
vn -0.71241316 -0.69001909 0.12783248
vn -0.71277923 -0.68266139 0.16099440
vn -0.71315297 -0.67307316 0.19592183
vn -0.71352693 -0.66094331 0.23245056
vn -0.71389153 -0.64597360 0.27032757
vn -0.71423526 -0.62790274 0.30920242
vn -0.71454515 -0.60653515 0.34862636
vn -0.71860732 -0.57209113 0.39536723
vn -0.72090005 -0.52320009 0.45449397
vn -0.72087701 -0.46490155 0.51400670
vn -0.72046178 -0.40118080 0.56567551
vn -0.71972115 -0.33494382 0.60812342
vn -0.71876009 -0.26903590 0.64109564
vn -0.71768933 -0.20577470 0.66526596
vn -0.71660118 -0.14673190 0.68187425
vn -0.71555953 -0.09274874 0.69236712
vn -0.71460110 -0.04408717 0.69814153
vn -0.71215041 -0.00550622 0.70200533
vn -0.71045248 0.02055406 0.70344496
vn -0.71056882 0.04171324 0.70239017
vn -0.71068449 0.06354316 0.70063530
vn -0.71079851 0.08601009 0.69811729
vn -0.71090979 0.10906992 0.69477408
vn -0.71101717 0.13266752 0.69054610
vn -0.71111939 0.15673645 0.68537793
vn -0.71121514 0.18119898 0.67922011
vn -0.71130311 0.20596642 0.67203104
vn -0.71401206 0.23765925 0.65856273
vn -0.71765755 0.28584130 0.63502945
vn -0.71919719 0.34647362 0.60225529
vn -0.72076471 0.41091875 0.55825086
vn -0.72219041 0.47645172 0.50143272
vn -0.72325087 0.53915337 0.43153426
vn -0.72373276 0.59455362 0.35030970
vn -0.72352503 0.63879618 0.26163137
vn -0.72267667 0.66978041 0.17068287
vn -0.72137044 0.68760835 0.08257996
vn -0.71731387 0.69669506 0.00876333
vn -0.71507738 0.69746739 -0.04694237
vn -0.71601822 0.69111760 -0.09835843
vn -0.71700564 0.67966729 -0.15477495
vn -0.71799068 0.66180903 -0.21563436
vn -0.71890139 0.63632053 -0.27978022
vn -0.71964815 0.60233598 -0.34539530
vn -0.72013930 0.55965640 -0.41010254
vn -0.72030507 0.50898354 -0.47127101
vn -0.72012011 0.45194549 -0.52647156
vn -0.71870151 0.39363829 -0.57316406
vn -0.71341108 0.35018565 -0.60697170
vn -0.71259548 0.31855273 -0.62508546
vn -0.71190734 0.29014538 -0.63953390
vn -0.71132670 0.26466874 -0.65112579
vn -0.71083563 0.24180957 -0.66048530
vn -0.71041880 0.22126534 -0.66809189
vn -0.71006337 0.20275808 -0.67431385
vn -0.70975883 0.18603939 -0.67943488
vn -0.70949655 0.17089096 -0.68367458
vn -0.70845603 0.15977866 -0.68743060
vn -0.70618020 0.15901006 -0.68994589
vn -0.70497836 0.16866708 -0.68888093
vn -0.70471261 0.18258512 -0.68559668
vn -0.70439650 0.19822752 -0.68156542
vn -0.70401734 0.21590662 -0.67656775
vn -0.70355861 0.23600426 -0.67030387
vn -0.70299871 0.25898644 -0.66235855
vn -0.70230940 0.28541762 -0.65214898
vn -0.70145414 0.31596890 -0.63884720
vn -0.70038674 0.35140657 -0.62126631
vn -0.69788450 0.39633429 -0.59655374
vn -0.69623388 0.44967111 -0.55951253
vn -0.69562616 0.50415994 -0.51178805
vn -0.69522499 0.55556828 -0.45607685
vn -0.69507996 0.60162896 -0.39358156
vn -0.69521023 0.64047410 -0.32630610
vn -0.69559856 0.67098366 -0.25675585
vn -0.69619670 0.69293132 -0.18750024
vn -0.69693919 0.70688911 -0.12076233
vn -0.69775897 0.71396713 -0.05816668
vn -0.69882869 0.71528765 -0.00142828
vn -0.69887064 0.71338301 0.05161889
vn -0.69837781 0.70785068 0.10590491
vn -0.69795462 0.69745178 0.16254343
vn -0.69763022 0.68168607 0.22049077
vn -0.69742991 0.66033600 0.27847421
vn -0.69737067 0.63354458 0.33510508
vn -0.69745772 0.60183722 0.38903044
vn -0.69768343 0.56607352 0.43908839
vn -0.69802889 0.52733841 0.48442736
vn -0.69766024 0.48540155 0.52693028
vn -0.69703412 0.43762529 0.56800311
vn -0.69724706 0.38480279 0.60479198
vn -0.69759984 0.33049141 0.63571212
vn -0.69806275 0.27614052 0.66064727
vn -0.69860160 0.22301862 0.67986653
vn -0.69918304 0.17211709 0.69391554
vn -0.69977831 0.12411976 0.70349457
vn -0.70036502 0.07942414 0.70935227
vn -0.70092741 0.03819194 0.71220934
vn -0.70148150 0.00049282 0.71268750
vn -0.70139255 -0.03568714 0.71188125
vn -0.70107254 -0.07311713 0.70933151
vn -0.70076284 -0.11238117 0.70448699
vn -0.70047245 -0.15322119 0.69703774
vn -0.70021126 -0.19528239 0.68670881
vn -0.69998945 -0.23811547 0.67328730
vn -0.69981667 -0.28118950 0.65664991
vn -0.69970110 -0.32391604 0.63678629
vn -0.69964854 -0.36568349 0.61381390
vn -0.69760694 -0.41253398 0.58579884
vn -0.69519302 -0.46864672 0.54504763
vn -0.69489300 -0.52539812 0.49099952
vn -0.69487826 -0.57635269 0.43007184
vn -0.69515081 -0.61960668 0.36448993
vn -0.69567411 -0.65413053 0.29690198
vn -0.69638443 -0.67985028 0.22989632
vn -0.69720835 -0.69747778 0.16560572
vn -0.69807823 -0.70820526 0.10550875
vn -0.69894122 -0.71339915 0.05042641
vn -0.57559013 -0.58793706 -0.56835378
vn -0.58529715 0.53063598 -0.61306826
vn -0.71132110 0.69360545 -0.11372672
vn -0.71170172 0.68827935 -0.14054251
vn -0.71211900 0.68129169 -0.16949384
vn -0.71257331 0.67228928 -0.20066489
vn -0.71306315 0.66086585 -0.23408818
vn -0.71358428 0.64656711 -0.26971921
vn -0.71412873 0.62890489 -0.30740657
vn -0.71468385 0.60738393 -0.34685984
vn -0.71523162 0.58154443 -0.38762070
vn -0.71902290 0.54225813 -0.43469781
vn -0.72046659 0.48998200 -0.49076016
vn -0.72013094 0.43053097 -0.54410892
vn -0.71948590 0.36796295 -0.58901894
vn -0.71862004 0.30490963 -0.62499228
vn -0.71763213 0.24362838 -0.65241807
vn -0.71660880 0.18575714 -0.67228425
vn -0.71561347 0.13227611 -0.68585741
vn -0.71468536 0.08360811 -0.69443108
vn -0.71384393 0.03977331 -0.69917446
vn -0.71263834 0.00194081 -0.70152893
vn -0.71245051 -0.03170671 -0.70100567
vn -0.71311256 -0.06666735 -0.69787244
vn -0.71386515 -0.10566409 -0.69226559
vn -0.71471075 -0.14899108 -0.68336681
vn -0.71564335 -0.19678642 -0.67017139
vn -0.71664310 -0.24891470 -0.65150912
vn -0.71767014 -0.30482277 -0.62612510
vn -0.71866015 -0.36339925 -0.59284785
vn -0.71952549 -0.42289940 -0.55085312
vn -0.71739529 -0.47697192 -0.50778124
vn -0.71517354 -0.51797351 -0.46928695
vn -0.71569062 -0.55047380 -0.42984362
vn -0.71615157 -0.58167259 -0.38572520
vn -0.71652713 -0.61065118 -0.33718542
vn -0.71678974 -0.63648713 -0.28477465
vn -0.71691809 -0.65835634 -0.22933682
vn -0.71690111 -0.67563600 -0.17195578
vn -0.71674029 -0.68798281 -0.11385525
vn -0.71644934 -0.69536590 -0.05627259
vn -0.71651245 -0.69757350 0.00105977
vn -0.71764334 -0.69365719 0.06186876
vn -0.71865032 -0.68342431 0.12834687
vn -0.71953813 -0.66535786 0.19890650
vn -0.72020528 -0.63844498 0.27146337
vn -0.72055952 -0.60243784 0.34331126
vn -0.72054598 -0.55809092 0.41151916
vn -0.72016682 -0.50713542 0.47346955
vn -0.71948045 -0.45196085 0.52733222
vn -0.71858075 -0.39512999 0.57228838
vn -0.71801536 -0.33752983 0.60870975
vn -0.71374423 -0.29152629 0.63685288
vn -0.71188018 -0.25983784 0.65246525
vn -0.71069378 -0.23597237 0.66274535
vn -0.70989600 -0.21743682 0.66990216
vn -0.70933541 -0.20266346 0.67510799
vn -0.70892718 -0.19063139 0.67903013
vn -0.70862103 -0.18065251 0.68207104
vn -0.70838573 -0.17224832 0.68448534
vn -0.70820107 -0.16507674 0.68644076
vn -0.70787630 -0.15946793 0.68809965
vn -0.70562255 -0.16217917 0.68977876
vn -0.70396713 -0.17677460 0.68788155
vn -0.70369972 -0.19686860 0.68267815
vn -0.70340385 -0.21852749 0.67636437
vn -0.70307697 -0.24186458 0.66871841
vn -0.70271678 -0.26698350 0.65947626
vn -0.70232157 -0.29396784 0.64832656
vn -0.70189056 -0.32286669 0.63490687
vn -0.70142461 -0.35367516 0.61880321
vn -0.70092685 -0.38630943 0.59955531
vn -0.69817483 -0.42769694 0.57413172
vn -0.69643611 -0.47779718 0.53543122
vn -0.69599355 -0.52835148 0.48624859
vn -0.69575270 -0.57505759 0.43039162
vn -0.69574156 -0.61611776 0.36924597
vn -0.69596146 -0.65020652 0.30474436
vn -0.69638671 -0.67667481 0.23907480
vn -0.69697165 -0.69558325 0.17434007
vn -0.69766184 -0.70757399 0.11228091
vn -0.69840469 -0.71365308 0.05413099
vn -0.69887616 -0.71524263 -0.00030613
vn -0.69806985 -0.71384773 -0.05585611
vn -0.69709665 -0.70737300 -0.11696024
vn -0.69614493 -0.69406004 -0.18347450
vn -0.69529132 -0.67232778 -0.25405774
vn -0.69462613 -0.64100122 -0.32651489
vn -0.69423516 -0.59973533 -0.39793853
vn -0.69417548 -0.54933080 -0.46514091
vn -0.69445627 -0.49174672 -0.52527674
vn -0.69503545 -0.42974217 -0.57640905
vn -0.69811390 -0.37155966 -0.61202974
vn -0.70063523 -0.32704362 -0.63415515
vn -0.70067507 -0.28981685 -0.65196674
vn -0.70075628 -0.25197588 -0.66741950
vn -0.70087576 -0.21392285 -0.68044852
vn -0.70102914 -0.17604683 -0.69106125
vn -0.70121123 -0.13870642 -0.69933064
vn -0.70141631 -0.10221638 -0.70538427
vn -0.70163863 -0.06683919 -0.70939111
vn -0.70187266 -0.03278145 -0.71154772
vn -0.70166509 0.00124522 -0.71250583
vn -0.70089347 0.03846519 -0.71222803
vn -0.70035921 0.07982262 -0.70931328
vn -0.69980873 0.12443056 -0.70340940
vn -0.69925800 0.17207907 -0.69384944
vn -0.69872857 0.22233562 -0.67995975
vn -0.69824694 0.27450833 -0.66113266
vn -0.69784255 0.32763875 -0.63692121
vn -0.69754437 0.38054084 -0.60714127
vn -0.69737635 0.43189409 -0.57195605
vn -0.69777983 0.47906638 -0.53253986
vn -0.69714899 0.52390633 -0.48939294
vn -0.69688239 0.56639840 -0.43994065
vn -0.69678024 0.60475330 -0.38570812
vn -0.69685257 0.63782508 -0.32798729
vn -0.69709225 0.66487084 -0.26834522
vn -0.69747663 0.68562898 -0.20842086
vn -0.69797258 0.70029814 -0.14972237
vn -0.69854299 0.70943619 -0.09347720
vn -0.69915244 0.71382122 -0.04056022
vn -0.57625285 0.58394057 0.57179197
vn -0.58141225 -0.55325292 0.59654924
vn -0.71172427 -0.69924713 0.06709701
vn 0.70212188 -0.64068870 0.31071346
vn 0.70221608 -0.65370073 0.28207787
vn 0.70232566 -0.66518724 0.25350463
vn 0.70244836 -0.67517828 0.22516793
vn 0.70258181 -0.68372584 0.19722520
vn 0.70272369 -0.69089975 0.16981443
vn 0.70287175 -0.69678347 0.14305275
vn 0.70800117 -0.69382938 0.13166293
vn 0.70299061 -0.70056952 0.12250120
vn 0.70370592 -0.70358585 0.09881768
vn 0.70425479 -0.70552818 0.07908967
vn 0.70468377 -0.70676906 0.06243621
vn 0.70502464 -0.70754221 0.04821070
vn 0.70529953 -0.70799826 0.03593086
vn 0.70552417 -0.70823657 0.02523122
vn 0.70570992 -0.70832401 0.01583059
vn 0.70586517 -0.70830641 0.00750965
vn 0.57708381 -0.57894727 -0.57601591
vn 0.91058464 -0.29979284 -0.28453449
vn 0.71227784 -0.69992296 0.05261313
vn 0.71268220 -0.69623625 0.08566893
vn 0.71310555 -0.69053686 0.12099303
vn 0.71354136 -0.68244404 0.15852086
vn 0.71398024 -0.67155928 0.19809178
vn 0.71440974 -0.65748985 0.23942812
vn 0.71481446 -0.63988188 0.28211961
vn 0.71517673 -0.61846159 0.32561866
vn 0.71547795 -0.59308027 0.36925208
vn 0.71715989 -0.55993163 0.41491957
vn 0.71903456 -0.51603132 0.46551151
vn 0.71931573 -0.46392077 0.51707099
vn 0.71932077 -0.40616508 0.56356682
vn 0.71904902 -0.34461843 0.60349535
vn 0.71853571 -0.28143170 0.63600521
vn 0.71784125 -0.21871053 0.66096115
vn 0.71703529 -0.15822929 0.67884010
vn 0.71618236 -0.10127373 0.69052622
vn 0.71533340 -0.04861820 0.69708995
vn 0.71473830 0.00005835 0.69939199
vn 0.71521669 0.04838902 0.69722563
vn 0.71581379 0.09963699 0.69114621
vn 0.71636559 0.15365943 0.68059468
vn 0.71683719 0.20961719 0.66498503
vn 0.71719301 0.26639877 0.64394556
vn 0.71740250 0.32269239 0.61741661
vn 0.71744612 0.37711167 0.58571140
vn 0.71731965 0.42835257 0.54951487
vn 0.71703517 0.47534366 0.50981267
vn 0.71536518 0.51574801 0.47144103
vn 0.71223280 0.54508831 0.44227048
vn 0.71228648 0.56458467 0.41700374
vn 0.71231897 0.58307635 0.39067078
vn 0.71232944 0.60042841 0.36341779
vn 0.71231764 0.61652555 0.33540994
vn 0.71228386 0.63127591 0.30682638
vn 0.71222895 0.64461363 0.27785462
vn 0.71215426 0.65650004 0.24868456
vn 0.71206154 0.66692350 0.21950264
vn 0.59453924 0.47847520 0.64620784
vn 0.57017545 -0.62106443 0.53775360
vn 0.70167287 -0.70248420 -0.11904258
vn 0.70199987 -0.69577382 -0.15197032
vn 0.70231760 -0.68806350 -0.18253385
vn 0.70262254 -0.67961749 -0.21081185
vn 0.70291232 -0.67066057 -0.23691490
vn 0.70318559 -0.66137959 -0.26097331
vn 0.70344172 -0.65192675 -0.28312765
vn 0.70368068 -0.64242366 -0.30352155
vn 0.70390284 -0.63296574 -0.32229670
vn 0.70413980 -0.62364648 -0.33948816
vn 0.70412114 -0.61442827 -0.35593724
vn 0.70398497 -0.60461717 -0.37261675
vn 0.70384445 -0.59387398 -0.38976491
vn 0.70370012 -0.58212775 -0.40734926
vn 0.70355272 -0.56930724 -0.42532675
vn 0.70340314 -0.55534252 -0.44364254
vn 0.70325252 -0.54016697 -0.46222888
vn 0.70310219 -0.52371957 -0.48100429
vn 0.70295369 -0.50594770 -0.49987302
vn 0.70396332 -0.48870591 -0.51536607
vn 0.70075994 -0.46845626 -0.53803739
vn 0.70072800 -0.43703842 -0.56389511
vn 0.70073720 -0.40411264 -0.58792886
vn 0.70078720 -0.37001091 -0.60990919
vn 0.70087611 -0.33509489 -0.62966983
vn 0.70100065 -0.29973749 -0.64711322
vn 0.70115650 -0.26430452 -0.66221045
vn 0.70133860 -0.22913841 -0.67499612
vn 0.70154154 -0.19454552 -0.68555927
vn 0.70433383 -0.16820085 -0.68965378
vn 0.70394946 -0.14997901 -0.69423443
vn 0.70407030 -0.13071593 -0.69799596
vn 0.70418852 -0.11211096 -0.70110602
vn 0.70430370 -0.09416905 -0.70362524
vn 0.70441549 -0.07688909 -0.70561100
vn 0.70452364 -0.06026485 -0.70711709
vn 0.70462798 -0.04428596 -0.70819359
vn 0.70472841 -0.02893868 -0.70888675
vn 0.70482486 -0.01420670 -0.70923909
vn 0.70188043 0.00963832 -0.71222957
vn 0.69855169 0.05389628 -0.71352696
vn 0.69815674 0.10991340 -0.70745757
vn 0.69785526 0.16749927 -0.69637780
vn 0.69766978 0.22548420 -0.68001011
vn 0.69761529 0.28257378 -0.65839576
vn 0.69769635 0.33748141 -0.63192255
vn 0.69790620 0.38906793 -0.60129285
vn 0.69822808 0.43645468 -0.56743710
vn 0.69863844 0.47908525 -0.53139595
vn 0.69804461 0.51987752 -0.49240338
vn 0.69709831 0.56091886 -0.44656912
vn 0.69722170 0.59854295 -0.39449744
vn 0.69749236 0.63061098 -0.34034424
vn 0.69788676 0.65681968 -0.28555556
vn 0.69837400 0.67727038 -0.23147048
vn 0.69892119 0.69238522 -0.17919788
vn 0.69949787 0.70279303 -0.12955571
vn 0.70007883 0.70921741 -0.08306806
vn 0.70064511 0.71238775 -0.04000152
vn 0.70099565 0.71316552 0.00018589
vn 0.70059383 0.71240769 0.04054105
vn 0.70013241 0.70910335 0.08358855
vn 0.69968018 0.70265990 0.12929312
vn 0.69925419 0.69254558 0.17726869
vn 0.69887415 0.67828817 0.22693627
vn 0.69856083 0.65953948 0.27752557
vn 0.69833375 0.63614165 0.32810634
vn 0.69820849 0.60818057 0.37765236
vn 0.69819415 0.57601035 0.42513176
vn 0.69817308 0.54007120 0.46997601
vn 0.69773040 0.49985301 0.51314643
vn 0.69733394 0.45404187 0.55459116
vn 0.69706874 0.40294158 0.59307103
vn 0.69695863 0.34744575 0.62731979
vn 0.69701407 0.28883021 0.65631433
vn 0.69722974 0.22861448 0.67941601
vn 0.69758581 0.16837281 0.69643710
vn 0.69805222 0.10954685 0.70761754
vn 0.69859447 0.05330673 0.71352937
vn 0.70043645 0.00455402 0.71370025
vn 0.70181194 -0.03363335 0.71156784
vn 0.70178229 -0.06740682 0.70919528
vn 0.70177649 -0.10114022 0.70518112
vn 0.70179470 -0.13460053 0.69954763
vn 0.70183644 -0.16756119 0.69235025
vn 0.70190060 -0.19980958 0.68367513
vn 0.70198555 -0.23115368 0.67363511
vn 0.70208920 -0.26142713 0.66236441
vn 0.70220916 -0.29049268 0.65001254
vn 0.70229393 -0.31840570 0.63671112
vn 0.70209240 -0.34617614 0.62227674
vn 0.70184401 -0.37454624 0.60591261
vn 0.70160165 -0.40344072 0.58735910
vn 0.70137054 -0.43262144 0.56649630
vn 0.70115645 -0.46180637 0.54324443
vn 0.70096549 -0.49067518 0.51757633
vn 0.70080369 -0.51887923 0.48952889
vn 0.70067668 -0.54605593 0.45921139
vn 0.70058918 -0.57184665 0.42680933
vn 0.70185682 -0.59250542 0.39539137
vn 0.70198761 -0.61009791 0.36741521
vn 0.70204513 -0.62614658 0.33922426
vn 0.71083676 0.69490301 -0.10872397
vn 0.71113857 0.69046553 -0.13243596
vn 0.71146700 0.68475839 -0.15786278
vn 0.71182262 0.67753593 -0.18507735
vn 0.71220509 0.66851678 -0.21412431
vn 0.71261271 0.65738495 -0.24500643
vn 0.71304191 0.64379480 -0.27766794
vn 0.71348674 0.62738169 -0.31197578
vn 0.71613101 0.60249925 -0.35235071
vn 0.71950864 0.56400897 -0.40521748
vn 0.72022094 0.51487684 -0.46495552
vn 0.72062492 0.45717841 -0.52123662
vn 0.72065785 0.39252582 -0.57146806
vn 0.72031436 0.32340638 -0.61364122
vn 0.71964852 0.25273154 -0.64670919
vn 0.71875411 0.18328487 -0.67067070
vn 0.71773539 0.11728679 -0.68636704
vn 0.71668316 0.05619857 -0.69513090
vn 0.71568074 0.00069696 -0.69842722
vn 0.71583001 -0.05230340 -0.69631297
vn 0.71627979 -0.10672604 -0.68960337
vn 0.71663688 -0.16281509 -0.67817610
vn 0.71687419 -0.21949355 -0.66175069
vn 0.71697195 -0.27554724 -0.64033190
vn 0.71692161 -0.32974176 -0.61424245
vn 0.71672759 -0.38095234 -0.58410348
vn 0.71640641 -0.42827644 -0.55076415
vn 0.71598329 -0.47110410 -0.51519788
vn 0.71560232 -0.50928804 -0.47805754
vn 0.71573718 -0.54366945 -0.43834213
vn 0.71585810 -0.57541402 -0.39553241
vn 0.71587604 -0.60409874 -0.35012313
vn 0.71578974 -0.62921392 -0.30287769
vn 0.71560519 -0.65043513 -0.25464358
vn 0.71533468 -0.66764137 -0.20627965
vn 0.71499480 -0.68090576 -0.15858686
vn 0.71460414 -0.69046351 -0.11225449
vn 0.71418115 -0.69666683 -0.06782783
vn 0.91215058 -0.29920439 0.28010364
vn 0.91691601 0.29703431 0.26652514
vn 0.71056037 0.69828225 -0.08663640
vn -0.70212188 -0.64068870 0.31071346
vn -0.70221608 -0.65370073 0.28207787
vn -0.70232566 -0.66518724 0.25350463
vn -0.70244836 -0.67517828 0.22516793
vn -0.70258181 -0.68372584 0.19722520
vn -0.70272369 -0.69089975 0.16981443
vn -0.70287175 -0.69678347 0.14305275
vn -0.70800117 -0.69382938 0.13166293
vn -0.70299061 -0.70056952 0.12250120
vn -0.70370592 -0.70358585 0.09881768
vn -0.70425479 -0.70552818 0.07908967
vn -0.70468377 -0.70676906 0.06243621
vn -0.70502464 -0.70754221 0.04821070
vn -0.70529953 -0.70799826 0.03593086
vn -0.70552417 -0.70823657 0.02523122
vn -0.70570992 -0.70832401 0.01583059
vn -0.70586517 -0.70830641 0.00750965
vn -0.57708381 -0.57894727 -0.57601591
vn -0.91058464 -0.29979284 -0.28453449
vn -0.71227784 -0.69992296 0.05261313
vn -0.71268220 -0.69623625 0.08566893
vn -0.71310555 -0.69053686 0.12099303
vn -0.71354136 -0.68244404 0.15852086
vn -0.71398024 -0.67155928 0.19809178
vn -0.71440974 -0.65748985 0.23942812
vn -0.71481446 -0.63988188 0.28211961
vn -0.71517673 -0.61846159 0.32561866
vn -0.71547795 -0.59308027 0.36925208
vn -0.71715989 -0.55993163 0.41491957
vn -0.71903456 -0.51603132 0.46551151
vn -0.71931573 -0.46392077 0.51707099
vn -0.71932077 -0.40616508 0.56356682
vn -0.71904902 -0.34461843 0.60349535
vn -0.71853571 -0.28143170 0.63600521
vn -0.71784125 -0.21871053 0.66096115
vn -0.71703529 -0.15822929 0.67884010
vn -0.71618236 -0.10127373 0.69052622
vn -0.71533340 -0.04861820 0.69708995
vn -0.71473830 0.00005835 0.69939199
vn -0.71521669 0.04838902 0.69722563
vn -0.71581379 0.09963699 0.69114621
vn -0.71636559 0.15365943 0.68059468
vn -0.71683719 0.20961719 0.66498503
vn -0.71719301 0.26639877 0.64394556
vn -0.71740250 0.32269239 0.61741661
vn -0.71744612 0.37711167 0.58571140
vn -0.71731965 0.42835257 0.54951487
vn -0.71703517 0.47534366 0.50981267
vn -0.71536518 0.51574801 0.47144103
vn -0.71223280 0.54508831 0.44227048
vn -0.71228648 0.56458467 0.41700374
vn -0.71231897 0.58307635 0.39067078
vn -0.71232944 0.60042841 0.36341779
vn -0.71231764 0.61652555 0.33540994
vn -0.71228386 0.63127591 0.30682638
vn -0.71222895 0.64461363 0.27785462
vn -0.71215426 0.65650004 0.24868456
vn -0.71206154 0.66692350 0.21950264
vn -0.59453924 0.47847520 0.64620784
vn -0.57017545 -0.62106443 0.53775360
vn -0.70167287 -0.70248420 -0.11904258
vn -0.70199987 -0.69577382 -0.15197032
vn -0.70231760 -0.68806350 -0.18253385
vn -0.70262254 -0.67961749 -0.21081185
vn -0.70291232 -0.67066057 -0.23691490
vn -0.70318559 -0.66137959 -0.26097331
vn -0.70344172 -0.65192675 -0.28312765
vn -0.70368068 -0.64242366 -0.30352155
vn -0.70390284 -0.63296574 -0.32229670
vn -0.70413980 -0.62364648 -0.33948816
vn -0.70412114 -0.61442827 -0.35593724
vn -0.70398497 -0.60461717 -0.37261675
vn -0.70384445 -0.59387398 -0.38976491
vn -0.70370012 -0.58212775 -0.40734926
vn -0.70355272 -0.56930724 -0.42532675
vn -0.70340314 -0.55534252 -0.44364254
vn -0.70325252 -0.54016697 -0.46222888
vn -0.70310219 -0.52371957 -0.48100429
vn -0.70295369 -0.50594770 -0.49987302
vn -0.70396332 -0.48870591 -0.51536607
vn -0.70075994 -0.46845626 -0.53803739
vn -0.70072800 -0.43703842 -0.56389511
vn -0.70073720 -0.40411264 -0.58792886
vn -0.70078720 -0.37001091 -0.60990919
vn -0.70087611 -0.33509489 -0.62966983
vn -0.70100065 -0.29973749 -0.64711322
vn -0.70115650 -0.26430452 -0.66221045
vn -0.70133860 -0.22913841 -0.67499612
vn -0.70154154 -0.19454552 -0.68555927
vn -0.70433383 -0.16820085 -0.68965378
vn -0.70394946 -0.14997901 -0.69423443
vn -0.70407030 -0.13071593 -0.69799596
vn -0.70418852 -0.11211096 -0.70110602
vn -0.70430370 -0.09416905 -0.70362524
vn -0.70441549 -0.07688909 -0.70561100
vn -0.70452364 -0.06026485 -0.70711709
vn -0.70462798 -0.04428596 -0.70819359
vn -0.70472841 -0.02893868 -0.70888675
vn -0.70482486 -0.01420670 -0.70923909
vn -0.70188043 0.00963832 -0.71222957
vn -0.69855169 0.05389628 -0.71352696
vn -0.69815674 0.10991340 -0.70745757
vn -0.69785526 0.16749927 -0.69637780
vn -0.69766978 0.22548420 -0.68001011
vn -0.69761529 0.28257378 -0.65839576
vn -0.69769635 0.33748141 -0.63192255
vn -0.69790620 0.38906793 -0.60129285
vn -0.69822808 0.43645468 -0.56743710
vn -0.69863844 0.47908525 -0.53139595
vn -0.69804461 0.51987752 -0.49240338
vn -0.69709831 0.56091886 -0.44656912
vn -0.69722170 0.59854295 -0.39449744
vn -0.69749236 0.63061098 -0.34034424
vn -0.69788676 0.65681968 -0.28555556
vn -0.69837400 0.67727038 -0.23147048
vn -0.69892119 0.69238522 -0.17919788
vn -0.69949787 0.70279303 -0.12955571
vn -0.70007883 0.70921741 -0.08306806
vn -0.70064511 0.71238775 -0.04000152
vn -0.70099565 0.71316552 0.00018589
vn -0.70059383 0.71240769 0.04054105
vn -0.70013241 0.70910335 0.08358855
vn -0.69968018 0.70265990 0.12929312
vn -0.69925419 0.69254558 0.17726869
vn -0.69887415 0.67828817 0.22693627
vn -0.69856083 0.65953948 0.27752557
vn -0.69833375 0.63614165 0.32810634
vn -0.69820849 0.60818057 0.37765236
vn -0.69819415 0.57601035 0.42513176
vn -0.69817308 0.54007120 0.46997601
vn -0.69773040 0.49985301 0.51314643
vn -0.69733394 0.45404187 0.55459116
vn -0.69706874 0.40294158 0.59307103
vn -0.69695863 0.34744575 0.62731979
vn -0.69701407 0.28883021 0.65631433
vn -0.69722974 0.22861448 0.67941601
vn -0.69758581 0.16837281 0.69643710
vn -0.69805222 0.10954685 0.70761754
vn -0.69859447 0.05330673 0.71352937
vn -0.70043645 0.00455402 0.71370025
vn -0.70181194 -0.03363335 0.71156784
vn -0.70178229 -0.06740682 0.70919528
vn -0.70177649 -0.10114022 0.70518112
vn -0.70179470 -0.13460053 0.69954763
vn -0.70183644 -0.16756119 0.69235025
vn -0.70190060 -0.19980958 0.68367513
vn -0.70198555 -0.23115368 0.67363511
vn -0.70208920 -0.26142713 0.66236441
vn -0.70220916 -0.29049268 0.65001254
vn -0.70229393 -0.31840570 0.63671112
vn -0.70209240 -0.34617614 0.62227674
vn -0.70184401 -0.37454624 0.60591261
vn -0.70160165 -0.40344072 0.58735910
vn -0.70137054 -0.43262144 0.56649630
vn -0.70115645 -0.46180637 0.54324443
vn -0.70096549 -0.49067518 0.51757633
vn -0.70080369 -0.51887923 0.48952889
vn -0.70067668 -0.54605593 0.45921139
vn -0.70058918 -0.57184665 0.42680933
vn -0.70185682 -0.59250542 0.39539137
vn -0.70198761 -0.61009791 0.36741521
vn -0.70204513 -0.62614658 0.33922426
vn -0.71083676 0.69490301 -0.10872397
vn -0.71113857 0.69046553 -0.13243596
vn -0.71146700 0.68475839 -0.15786278
vn -0.71182262 0.67753593 -0.18507735
vn -0.71220509 0.66851678 -0.21412431
vn -0.71261271 0.65738495 -0.24500643
vn -0.71304191 0.64379480 -0.27766794
vn -0.71348674 0.62738169 -0.31197578
vn -0.71613101 0.60249925 -0.35235071
vn -0.71950864 0.56400897 -0.40521748
vn -0.72022094 0.51487684 -0.46495552
vn -0.72062492 0.45717841 -0.52123662
vn -0.72065785 0.39252582 -0.57146806
vn -0.72031436 0.32340638 -0.61364122
vn -0.71964852 0.25273154 -0.64670919
vn -0.71875411 0.18328487 -0.67067070
vn -0.71773539 0.11728679 -0.68636704
vn -0.71668316 0.05619857 -0.69513090
vn -0.71568074 0.00069696 -0.69842722
vn -0.71583001 -0.05230340 -0.69631297
vn -0.71627979 -0.10672604 -0.68960337
vn -0.71663688 -0.16281509 -0.67817610
vn -0.71687419 -0.21949355 -0.66175069
vn -0.71697195 -0.27554724 -0.64033190
vn -0.71692161 -0.32974176 -0.61424245
vn -0.71672759 -0.38095234 -0.58410348
vn -0.71640641 -0.42827644 -0.55076415
vn -0.71598329 -0.47110410 -0.51519788
vn -0.71560232 -0.50928804 -0.47805754
vn -0.71573718 -0.54366945 -0.43834213
vn -0.71585810 -0.57541402 -0.39553241
vn -0.71587604 -0.60409874 -0.35012313
vn -0.71578974 -0.62921392 -0.30287769
vn -0.71560519 -0.65043513 -0.25464358
vn -0.71533468 -0.66764137 -0.20627965
vn -0.71499480 -0.68090576 -0.15858686
vn -0.71460414 -0.69046351 -0.11225449
vn -0.71418115 -0.69666683 -0.06782783
vn -0.91215058 -0.29920439 0.28010364
vn -0.91691601 0.29703431 0.26652514
vn -0.71056037 0.69828225 -0.08663640
vn 0.98206266 -0.06437460 0.17722539
vn 0.70314799 0.53712808 0.46591451
vn 0.70291424 0.51997550 0.48532160
vn 0.70267198 0.50104777 0.50517642
vn 0.70242324 0.48020704 0.52535968
vn 0.70217075 0.45732559 0.54571928
vn 0.70191801 0.43229407 0.56606796
vn 0.70166933 0.40503124 0.58618244
vn 0.70142976 0.37549489 0.60580515
vn 0.70120503 0.34369323 0.62464908
vn 0.70140322 0.31068904 0.64148721
vn 0.70176395 0.27845674 0.65573562
vn 0.70179237 0.24686237 0.66824131
vn 0.70184413 0.21494752 0.67912619
vn 0.70191790 0.18293974 0.68836350
vn 0.70201180 0.15106024 0.69595993
vn 0.70212358 0.11951698 0.70195311
vn 0.70225069 0.08849901 0.70640774
vn 0.70239048 0.05817235 0.70941073
vn 0.70254026 0.02867742 0.71106595
vn 0.70086898 -0.00575328 0.71326683
vn 0.69828696 -0.05413462 0.71376800
vn 0.69714107 -0.11441911 0.70774472
vn 0.69594879 -0.18151947 0.69477044
vn 0.69479330 -0.25443394 0.67270027
vn 0.69379298 -0.33100610 0.63959851
vn 0.69308397 -0.40787508 0.59436734
vn 0.69278321 -0.48088839 0.53739908
vn 0.69294572 -0.54598791 0.47087517
vn 0.69354137 -0.60022146 0.39841507
vn 0.69680252 -0.63683903 0.33000349
vn 0.69954454 -0.65882335 0.27674760
vn 0.70028002 -0.67462856 0.23341852
vn 0.70095731 -0.68641953 0.19361582
vn 0.70157078 -0.69502075 0.15730413
vn 0.70212033 -0.70112249 0.12431531
vn 0.70260912 -0.70528526 0.09440934
vn 0.70304206 -0.70795513 0.06731569
vn 0.70342472 -0.70948241 0.04275952
vn 0.70376276 -0.71013989 0.02047699
vn 0.70554571 -0.70864730 0.00492559
vn 0.57735027 -0.57735027 -0.57735027
vn 0.57735027 0.57735027 -0.57735027
vn 0.70880863 0.70538075 -0.00532125
vn 0.71072647 0.70312850 -0.02186780
vn 0.71102631 0.70170703 -0.04526395
vn 0.71135437 0.69928695 -0.07051745
vn 0.71171184 0.69563777 -0.09774631
vn 0.71209912 0.69048768 -0.12704963
vn 0.71251537 0.68352131 -0.15849434
vn 0.71295799 0.67438065 -0.19209801
vn 0.71342198 0.66267086 -0.22780784
vn 0.71389930 0.64797362 -0.26547689
vn 0.71636478 0.62539115 -0.30936614
vn 0.71995854 0.58942197 -0.36638974
vn 0.72091561 0.54210317 -0.43174627
vn 0.72154027 0.48448808 -0.49462202
vn 0.72172560 0.41800932 -0.55170677
vn 0.72143726 0.34538335 -0.60019881
vn 0.72072817 0.27009701 -0.63843442
vn 0.71971613 0.19564610 -0.66613159
vn 0.71854029 0.12487342 -0.68418307
vn 0.71732281 0.05964287 -0.69418349
vn 0.71292172 0.01072351 -0.70116163
vn 0.70957423 -0.01498474 -0.70447134
vn 0.70976582 -0.03096058 -0.70375701
vn 0.70997731 -0.04815960 -0.70257589
vn 0.71021091 -0.06669256 -0.70082278
vn 0.71046896 -0.08667643 -0.69837029
vn 0.71075385 -0.10823224 -0.69506457
vn 0.71106794 -0.13148158 -0.69072062
vn 0.71141338 -0.15654112 -0.68511742
vn 0.71179185 -0.18351460 -0.67799318
vn 0.71102965 -0.20938360 -0.67126399
vn 0.71412449 -0.24041967 -0.65743790
vn 0.71413048 -0.28056348 -0.64132815
vn 0.71408262 -0.31954667 -0.62287715
vn 0.71398309 -0.35696201 -0.60233402
vn 0.71383625 -0.39246498 -0.58000780
vn 0.71364820 -0.42578790 -0.55624717
vn 0.71342619 -0.45674652 -0.53141856
vn 0.71317798 -0.48523927 -0.50588539
vn 0.71291125 -0.51124028 -0.47999055
vn 0.71203328 -0.53405616 -0.45584276
vn 0.71160612 -0.55289784 -0.43349822
vn 0.71182948 -0.56990254 -0.41049955
vn 0.71205217 -0.58670800 -0.38568826
vn 0.71227071 -0.60313372 -0.35902669
vn 0.71248109 -0.61897873 -0.33050875
vn 0.71267885 -0.63402589 -0.30016667
vn 0.71285923 -0.64804816 -0.26807704
vn 0.71301736 -0.66081710 -0.23436511
vn 0.71314859 -0.67211292 -0.19920671
vn 0.71245770 -0.68194952 -0.16537497
vn 0.71121269 -0.68949455 -0.13701739
vn 0.71067347 -0.69428167 -0.11364933
vn 0.71022815 -0.69778480 -0.09312550
vn 0.70985741 -0.70034051 -0.07500422
vn 0.70954632 -0.70219121 -0.05891959
vn 0.70928329 -0.70351318 -0.04456928
vn 0.70905926 -0.70443585 -0.03170326
vn 0.70886714 -0.70505517 -0.02011420
vn 0.70870132 -0.70544292 -0.00962951
vn 0.70784809 -0.70636087 -0.00232410
vn 0.57735027 -0.57735027 -0.57735027
vn 0.57735027 0.57735027 -0.57735027
vn 0.57735027 0.57735027 0.57735027
vn 0.57735027 -0.57735027 0.57735027
vn -0.98206266 -0.06437460 0.17722539
vn -0.70314799 0.53712808 0.46591451
vn -0.70291424 0.51997550 0.48532160
vn -0.70267198 0.50104777 0.50517642
vn -0.70242324 0.48020704 0.52535968
vn -0.70217075 0.45732559 0.54571928
vn -0.70191801 0.43229407 0.56606796
vn -0.70166933 0.40503124 0.58618244
vn -0.70142976 0.37549489 0.60580515
vn -0.70120503 0.34369323 0.62464908
vn -0.70140322 0.31068904 0.64148721
vn -0.70176395 0.27845674 0.65573562
vn -0.70179237 0.24686237 0.66824131
vn -0.70184413 0.21494752 0.67912619
vn -0.70191790 0.18293974 0.68836350
vn -0.70201180 0.15106024 0.69595993
vn -0.70212358 0.11951698 0.70195311
vn -0.70225069 0.08849901 0.70640774
vn -0.70239048 0.05817235 0.70941073
vn -0.70254026 0.02867742 0.71106595
vn -0.70086898 -0.00575328 0.71326683
vn -0.69828696 -0.05413462 0.71376800
vn -0.69714107 -0.11441911 0.70774472
vn -0.69594879 -0.18151947 0.69477044
vn -0.69479330 -0.25443394 0.67270027
vn -0.69379298 -0.33100610 0.63959851
vn -0.69308397 -0.40787508 0.59436734
vn -0.69278321 -0.48088839 0.53739908
vn -0.69294572 -0.54598791 0.47087517
vn -0.69354137 -0.60022146 0.39841507
vn -0.69680252 -0.63683903 0.33000349
vn -0.69954454 -0.65882335 0.27674760
vn -0.70028002 -0.67462856 0.23341852
vn -0.70095731 -0.68641953 0.19361582
vn -0.70157078 -0.69502075 0.15730413
vn -0.70212033 -0.70112249 0.12431531
vn -0.70260912 -0.70528526 0.09440934
vn -0.70304206 -0.70795513 0.06731569
vn -0.70342472 -0.70948241 0.04275952
vn -0.70376276 -0.71013989 0.02047699
vn -0.70554571 -0.70864730 0.00492559
vn -0.57735027 -0.57735027 -0.57735027
vn -0.57735027 0.57735027 -0.57735027
vn -0.70880863 0.70538075 -0.00532125
vn -0.71072647 0.70312850 -0.02186780
vn -0.71102631 0.70170703 -0.04526395
vn -0.71135437 0.69928695 -0.07051745
vn -0.71171184 0.69563777 -0.09774631
vn -0.71209912 0.69048768 -0.12704963
vn -0.71251537 0.68352131 -0.15849434
vn -0.71295799 0.67438065 -0.19209801
vn -0.71342198 0.66267086 -0.22780784
vn -0.71389930 0.64797362 -0.26547689
vn -0.71636478 0.62539115 -0.30936614
vn -0.71995854 0.58942197 -0.36638974
vn -0.72091561 0.54210317 -0.43174627
vn -0.72154027 0.48448808 -0.49462202
vn -0.72172560 0.41800932 -0.55170677
vn -0.72143726 0.34538335 -0.60019881
vn -0.72072817 0.27009701 -0.63843442
vn -0.71971613 0.19564610 -0.66613159
vn -0.71854029 0.12487342 -0.68418307
vn -0.71732281 0.05964287 -0.69418349
vn -0.71292172 0.01072351 -0.70116163
vn -0.70957423 -0.01498474 -0.70447134
vn -0.70976582 -0.03096058 -0.70375701
vn -0.70997731 -0.04815960 -0.70257589
vn -0.71021091 -0.06669256 -0.70082278
vn -0.71046896 -0.08667643 -0.69837029
vn -0.71075385 -0.10823224 -0.69506457
vn -0.71106794 -0.13148158 -0.69072062
vn -0.71141338 -0.15654112 -0.68511742
vn -0.71179185 -0.18351460 -0.67799318
vn -0.71102965 -0.20938360 -0.67126399
vn -0.71412449 -0.24041967 -0.65743790
vn -0.71413048 -0.28056348 -0.64132815
vn -0.71408262 -0.31954667 -0.62287715
vn -0.71398309 -0.35696201 -0.60233402
vn -0.71383625 -0.39246498 -0.58000780
vn -0.71364820 -0.42578790 -0.55624717
vn -0.71342619 -0.45674652 -0.53141856
vn -0.71317798 -0.48523927 -0.50588539
vn -0.71291125 -0.51124028 -0.47999055
vn -0.71203328 -0.53405616 -0.45584276
vn -0.71160612 -0.55289784 -0.43349822
vn -0.71182948 -0.56990254 -0.41049955
vn -0.71205217 -0.58670800 -0.38568826
vn -0.71227071 -0.60313372 -0.35902669
vn -0.71248109 -0.61897873 -0.33050875
vn -0.71267885 -0.63402589 -0.30016667
vn -0.71285923 -0.64804816 -0.26807704
vn -0.71301736 -0.66081710 -0.23436511
vn -0.71314859 -0.67211292 -0.19920671
vn -0.71245770 -0.68194952 -0.16537497
vn -0.71121269 -0.68949455 -0.13701739
vn -0.71067347 -0.69428167 -0.11364933
vn -0.71022815 -0.69778480 -0.09312550
vn -0.70985741 -0.70034051 -0.07500422
vn -0.70954632 -0.70219121 -0.05891959
vn -0.70928329 -0.70351318 -0.04456928
vn -0.70905926 -0.70443585 -0.03170326
vn -0.70886714 -0.70505517 -0.02011420
vn -0.70870132 -0.70544292 -0.00962951
vn -0.70784809 -0.70636087 -0.00232410
vn -0.57735027 -0.57735027 -0.57735027
vn -0.57735027 0.57735027 -0.57735027
vn -0.57735027 0.57735027 0.57735027
vn -0.57735027 -0.57735027 0.57735027
vn 0.71198098 -0.69231170 0.11742060
vn 0.71243441 -0.68587681 0.14835843
vn 0.71292708 -0.67727456 0.18175299
vn 0.71345612 -0.66604675 0.21762834
vn 0.71401509 -0.65168354 0.25591211
vn 0.71459284 -0.63364386 0.29639929
vn 0.71517249 -0.61139200 0.33871540
vn 0.71573101 -0.58445351 0.38228681
vn 0.71926808 -0.54441564 0.43158434
vn 0.72079962 -0.49118422 0.48906642
vn 0.72038908 -0.43059076 0.54371975
vn 0.71965820 -0.36702329 0.58939459
vn 0.71870957 -0.30326714 0.62568810
vn 0.71765163 -0.24164203 0.65313495
vn 0.71657509 -0.18376850 0.67286646
vn 0.71554308 -0.13056189 0.68625920
vn 0.71459216 -0.08236460 0.69467555
vn 0.71373847 -0.03912181 0.69931887
vn 0.71262724 -0.00163816 0.70154097
vn 0.71227127 0.03143278 0.70120013
vn 0.71250214 0.06403048 0.69874230
vn 0.71272264 0.09784219 0.69458861
vn 0.71292759 0.13268711 0.68856981
vn 0.71311150 0.16833715 0.68053993
vn 0.71326891 0.20451959 0.67038735
vn 0.71339472 0.24092361 0.65804543
vn 0.71348453 0.27721050 0.64350149
vn 0.71353504 0.31302737 0.62680269
vn 0.71559157 0.35237700 0.60312450
vn 0.71837683 0.40157312 0.56804380
vn 0.71925452 0.45696606 0.52331152
vn 0.71993272 0.51073714 0.46994089
vn 0.72032212 0.56044818 0.40869779
vn 0.72036478 0.60380958 0.34130423
vn 0.72005405 0.63913319 0.27024235
vn 0.71943700 0.66564145 0.19832262
vn 0.71859784 0.68351108 0.12817861
vn 0.71763231 0.69366769 0.06187890
vn 0.71715471 0.69691349 -0.00083764
vn 0.71814205 0.69285196 -0.06502420
vn 0.71900079 0.68198201 -0.13393436
vn 0.71967608 0.66311910 -0.20576539
vn 0.72008286 0.63568810 -0.27817498
vn 0.72016294 0.59994925 -0.34846268
vn 0.71990423 0.55707151 -0.41401598
vn 0.71934503 0.50895309 -0.47276788
vn 0.71856078 0.45784859 -0.52349315
vn 0.71764115 0.40595433 -0.56585534
vn 0.71794225 0.35112486 -0.60105762
vn 0.71304009 0.30817666 -0.62976263
vn 0.71166869 0.27925464 -0.64462743
vn 0.71071318 0.25616601 -0.65518375
vn 0.71002418 0.23739077 -0.66295647
vn 0.70951259 0.22186640 -0.66885513
vn 0.70912309 0.20883948 -0.67344674
vn 0.70882014 0.19776596 -0.67709869
vn 0.70858008 0.18824543 -0.68005730
vn 0.70838679 0.17997785 -0.68249259
vn 0.70773038 0.17437013 -0.68462600
vn 0.70646031 0.17475664 -0.68583814
vn 0.70490363 0.18384944 -0.68506222
vn 0.70466627 0.19805400 -0.68133696
vn 0.70439115 0.21374648 -0.67686450
vn 0.70407059 0.23114387 -0.67145895
vn 0.70369514 0.25049824 -0.66487877
vn 0.70325325 0.27209992 -0.65680781
vn 0.70273087 0.29627816 -0.64682963
vn 0.70211129 0.32339602 -0.63439321
vn 0.70137522 0.35383401 -0.61876837
vn 0.70070504 0.38729297 -0.59917994
vn 0.69738158 0.43163748 -0.57214336
vn 0.69654508 0.48262493 -0.53094080
vn 0.69580801 0.53309939 -0.48130682
vn 0.69524354 0.58088821 -0.42332649
vn 0.69491846 0.62366019 -0.35796132
vn 0.69487574 0.65933996 -0.28708627
vn 0.69512128 0.68653049 -0.21326579
vn 0.69562199 0.70477067 -0.13931389
vn 0.69631623 0.71452541 -0.06780234
vn 0.69792740 0.71616090 -0.00330247
vn 0.69849929 0.71357684 0.05391503
vn 0.69795269 0.70752283 0.11078581
vn 0.69748590 0.69608463 0.17023397
vn 0.69713433 0.67869203 0.23104296
vn 0.69692834 0.65512469 0.29172336
vn 0.69688725 0.62560739 0.35066158
vn 0.69701505 0.59082736 0.40631644
vn 0.69729948 0.55185783 0.45741270
vn 0.69771481 0.51000649 0.50307795
vn 0.69795735 0.46613733 0.54366490
vn 0.69785115 0.41961285 0.58045571
vn 0.69798977 0.37016380 0.61301635
vn 0.69824230 0.31929782 0.64070788
vn 0.69859014 0.26815921 0.66337204
vn 0.69901013 0.21779223 0.68113977
vn 0.69947800 0.16906253 0.69436906
vn 0.69997116 0.12261888 0.70356591
vn 0.70047050 0.07889142 0.70930757
vn 0.70096116 0.03811563 0.71218021
vn 0.70084828 -0.00151318 0.71330876
vn 0.69980074 -0.04494924 0.71292250
vn 0.69897543 -0.09433995 0.70889584
vn 0.69810390 -0.14880518 0.70036273
vn 0.69722106 -0.20801122 0.68601321
vn 0.69637953 -0.27108314 0.66450694
vn 0.69564770 -0.33649011 0.63470361
vn 0.69510099 -0.40205626 0.59597431
vn 0.69480616 -0.46517004 0.54850819
vn 0.69480309 -0.52319300 0.49347517
vn 0.69718903 -0.56815180 0.43718530
vn 0.70044753 -0.59647520 0.39190637
vn 0.70014608 -0.61954658 0.35490492
vn 0.69988091 -0.64110277 0.31488719
vn 0.69966357 -0.66062979 0.27210137
vn 0.69950455 -0.67763842 0.22693515
vn 0.69941212 -0.69170503 0.17990783
vn 0.69939136 -0.70251058 0.13164580
vn 0.69944341 -0.70987035 0.08284326
vn 0.69956539 -0.71374905 0.03421342
vn 0.57661578 -0.58175728 -0.57364859
vn 0.58333178 0.54202589 -0.60492311
vn 0.71352432 0.69398542 -0.09626678
vn 0.71364111 0.68725099 -0.13565560
vn 0.71371654 0.67817720 -0.17516959
vn 0.71374762 0.66677717 -0.21441207
vn 0.71373308 0.65313368 -0.25298514
vn 0.71367352 0.63739659 -0.29050938
vn 0.71357132 0.61977482 -0.32664223
vn 0.71343044 0.60052386 -0.36109292
vn 0.71325604 0.57993035 -0.39363258
vn 0.72498594 0.52632813 -0.44426803
vn 0.72070972 0.46371333 -0.51531296
vn 0.71996947 0.40164485 -0.56597295
vn 0.71899069 0.33868657 -0.60691334
vn 0.71789120 0.27735474 -0.63851905
vn 0.71677010 0.21945399 -0.66187655
vn 0.71569618 0.16604166 -0.67838717
vn 0.71470886 0.11755551 -0.68947223
vn 0.71382514 0.07399792 -0.69640360
vn 0.71304745 0.03510673 -0.70023628
vn 0.71203478 0.00151616 -0.70214256
vn 0.71188504 -0.02856416 -0.70171488
vn 0.71238658 -0.05962817 -0.69924948
vn 0.71294460 -0.09374862 -0.69492531
vn 0.71355971 -0.13111120 -0.68821682
vn 0.71422850 -0.17181638 -0.67849597
vn 0.71494142 -0.21582512 -0.66504006
vn 0.71568048 -0.26289254 -0.64706179
vn 0.71641713 -0.31249816 -0.62377191
vn 0.71711160 -0.36378996 -0.59448113
vn 0.71690946 -0.41411235 -0.56084917
vn 0.71678878 -0.46055467 -0.52354871
vn 0.71746244 -0.50421284 -0.48064234
vn 0.71802004 -0.54629522 -0.43128733
vn 0.71840862 -0.58525905 -0.37597992
vn 0.71858614 -0.61961529 -0.31577024
vn 0.71853194 -0.64815722 -0.25219847
vn 0.71825242 -0.67015126 -0.18711160
vn 0.71777926 -0.68542643 -0.12240730
vn 0.71716099 -0.69433863 -0.05978275
vn 0.71761147 -0.69643746 0.00293930
vn 0.71920017 -0.69111111 0.07153005
vn 0.71983636 -0.67865619 0.14581285
vn 0.72018614 -0.65759836 0.22112512
vn 0.72019821 -0.62807616 0.29467758
vn 0.71987072 -0.59115194 0.36376576
vn 0.71925196 -0.54863092 0.42624023
vn 0.71842376 -0.50268816 0.48080340
vn 0.71747753 -0.45545905 0.52705128
vn 0.71649412 -0.40873608 0.56530611
vn 0.71302418 -0.37168969 0.59451097
vn 0.71247670 -0.34192448 0.61275166
vn 0.71186915 -0.31447177 0.62797278
vn 0.71134498 -0.28948922 0.64045632
vn 0.71089278 -0.26677652 0.65073938
vn 0.71050208 -0.24612209 0.65925011
vn 0.71016366 -0.22731898 0.66632849
vn 0.70986961 -0.21017314 0.67224430
vn 0.70961319 -0.19450730 0.67721195
vn 0.70938875 -0.18016208 0.68140239
vn 0.70815927 -0.17037209 0.68518888
vn 0.70646703 -0.16952724 0.68714252
vn 0.70536253 -0.17708519 0.68637056
vn 0.70510553 -0.18857941 0.68356711
vn 0.70478890 -0.20178975 0.68011286
vn 0.70439331 -0.21711411 0.67578956
vn 0.70389135 -0.23507572 0.67028082
vn 0.70324330 -0.25637152 0.66311576
vn 0.70239058 -0.28194006 0.65357270
vn 0.70124535 -0.31305272 0.64050992
vn 0.69967476 -0.35142026 0.62206031
vn 0.69779430 -0.39823550 0.59539197
vn 0.69552642 -0.45387981 0.55698843
vn 0.69505210 -0.51098944 0.50575920
vn 0.69484043 -0.56355933 0.44676353
vn 0.69492025 -0.60934457 0.38181807
vn 0.69528052 -0.64680321 0.31341762
vn 0.69587393 -0.67534066 0.24428357
vn 0.69663131 -0.69528066 0.17688873
vn 0.69747931 -0.70761904 0.11312786
vn 0.69835416 -0.71369716 0.05420169
vn 0.69877895 -0.71533731 -0.00072000
vn 0.69825199 -0.71366000 -0.05597824
vn 0.69791894 -0.70708994 -0.11372320
vn 0.69769635 -0.69531353 -0.17250770
vn 0.69760191 -0.67820553 -0.23106024
vn 0.69764351 -0.65598507 -0.28805750
vn 0.69781766 -0.62920884 -0.34226708
vn 0.69811016 -0.59870492 -0.39267624
vn 0.69849889 -0.56546432 -0.43857656
vn 0.69895766 -0.53051965 -0.47959054
vn 0.69757792 -0.49166297 -0.52120301
vn 0.69605441 -0.44216513 -0.56568388
vn 0.69650840 -0.38465116 -0.60573883
vn 0.69711170 -0.32657081 -0.63826858
vn 0.69781014 -0.26969330 -0.66357105
vn 0.69855282 -0.21536831 -0.68237852
vn 0.69929845 -0.16448191 -0.69564889
vn 0.70001743 -0.11750361 -0.70439229
vn 0.70069120 -0.07457830 -0.70955614
vn 0.70131002 -0.03562572 -0.71196563
vn 0.70181050 -0.00023381 -0.71236365
vn 0.70139991 0.03486504 -0.71191474
vn 0.70068050 0.07357186 -0.70967176
vn 0.69986765 0.11703996 -0.70461828
vn 0.69896401 0.16560560 -0.69571840
vn 0.69798448 0.21936716 -0.68168594
vn 0.69696237 0.27800847 -0.66102553
vn 0.69595497 0.34059192 -0.63217389
vn 0.69504466 0.40538581 -0.59378048
vn 0.69433068 0.46984054 -0.54511904
vn 0.69660450 0.52286553 -0.49127773
vn 0.69909982 0.56004131 -0.44453703
vn 0.69895203 0.59094084 -0.40280887
vn 0.69888822 0.61901059 -0.35830314
vn 0.69891241 0.64371319 -0.31169661
vn 0.69902305 0.66467280 -0.26377424
vn 0.69921331 0.68170281 -0.21536486
vn 0.69947206 0.69480813 -0.16727370
vn 0.69978540 0.70416377 -0.12022383
vn 0.70013837 0.71007674 -0.07481504
vn 0.57357290 0.60017931 0.55749343
vn 0.58319204 -0.54283977 0.60432775
vn 0.71156718 -0.69697761 0.08885027
vn -0.71198098 -0.69231170 0.11742060
vn -0.71243441 -0.68587681 0.14835843
vn -0.71292708 -0.67727456 0.18175299
vn -0.71345612 -0.66604675 0.21762834
vn -0.71401509 -0.65168354 0.25591211
vn -0.71459284 -0.63364386 0.29639929
vn -0.71517249 -0.61139200 0.33871540
vn -0.71573101 -0.58445351 0.38228681
vn -0.71926808 -0.54441564 0.43158434
vn -0.72079962 -0.49118422 0.48906642
vn -0.72038908 -0.43059076 0.54371975
vn -0.71965820 -0.36702329 0.58939459
vn -0.71870957 -0.30326714 0.62568810
vn -0.71765163 -0.24164203 0.65313495
vn -0.71657509 -0.18376850 0.67286646
vn -0.71554308 -0.13056189 0.68625920
vn -0.71459216 -0.08236460 0.69467555
vn -0.71373847 -0.03912181 0.69931887
vn -0.71262724 -0.00163816 0.70154097
vn -0.71227127 0.03143278 0.70120013
vn -0.71250214 0.06403048 0.69874230
vn -0.71272264 0.09784219 0.69458861
vn -0.71292759 0.13268711 0.68856981
vn -0.71311150 0.16833715 0.68053993
vn -0.71326891 0.20451959 0.67038735
vn -0.71339472 0.24092361 0.65804543
vn -0.71348453 0.27721050 0.64350149
vn -0.71353504 0.31302737 0.62680269
vn -0.71559157 0.35237700 0.60312450
vn -0.71837683 0.40157312 0.56804380
vn -0.71925452 0.45696606 0.52331152
vn -0.71993272 0.51073714 0.46994089
vn -0.72032212 0.56044818 0.40869779
vn -0.72036478 0.60380958 0.34130423
vn -0.72005405 0.63913319 0.27024235
vn -0.71943700 0.66564145 0.19832262
vn -0.71859784 0.68351108 0.12817861
vn -0.71763231 0.69366769 0.06187890
vn -0.71715471 0.69691349 -0.00083764
vn -0.71814205 0.69285196 -0.06502420
vn -0.71900079 0.68198201 -0.13393436
vn -0.71967608 0.66311910 -0.20576539
vn -0.72008286 0.63568810 -0.27817498
vn -0.72016294 0.59994925 -0.34846268
vn -0.71990423 0.55707151 -0.41401598
vn -0.71934503 0.50895309 -0.47276788
vn -0.71856078 0.45784859 -0.52349315
vn -0.71764115 0.40595433 -0.56585534
vn -0.71794225 0.35112486 -0.60105762
vn -0.71304009 0.30817666 -0.62976263
vn -0.71166869 0.27925464 -0.64462743
vn -0.71071318 0.25616601 -0.65518375
vn -0.71002418 0.23739077 -0.66295647
vn -0.70951259 0.22186640 -0.66885513
vn -0.70912309 0.20883948 -0.67344674
vn -0.70882014 0.19776596 -0.67709869
vn -0.70858008 0.18824543 -0.68005730
vn -0.70838679 0.17997785 -0.68249259
vn -0.70773038 0.17437013 -0.68462600
vn -0.70646031 0.17475664 -0.68583814
vn -0.70490363 0.18384944 -0.68506222
vn -0.70466627 0.19805400 -0.68133696
vn -0.70439115 0.21374648 -0.67686450
vn -0.70407059 0.23114387 -0.67145895
vn -0.70369514 0.25049824 -0.66487877
vn -0.70325325 0.27209992 -0.65680781
vn -0.70273087 0.29627816 -0.64682963
vn -0.70211129 0.32339602 -0.63439321
vn -0.70137522 0.35383401 -0.61876837
vn -0.70070504 0.38729297 -0.59917994
vn -0.69738158 0.43163748 -0.57214336
vn -0.69654508 0.48262493 -0.53094080
vn -0.69580801 0.53309939 -0.48130682
vn -0.69524354 0.58088821 -0.42332649
vn -0.69491846 0.62366019 -0.35796132
vn -0.69487574 0.65933996 -0.28708627
vn -0.69512128 0.68653049 -0.21326579
vn -0.69562199 0.70477067 -0.13931389
vn -0.69631623 0.71452541 -0.06780234
vn -0.69792740 0.71616090 -0.00330247
vn -0.69849929 0.71357684 0.05391503
vn -0.69795269 0.70752283 0.11078581
vn -0.69748590 0.69608463 0.17023397
vn -0.69713433 0.67869203 0.23104296
vn -0.69692834 0.65512469 0.29172336
vn -0.69688725 0.62560739 0.35066158
vn -0.69701505 0.59082736 0.40631644
vn -0.69729948 0.55185783 0.45741270
vn -0.69771481 0.51000649 0.50307795
vn -0.69795735 0.46613733 0.54366490
vn -0.69785115 0.41961285 0.58045571
vn -0.69798977 0.37016380 0.61301635
vn -0.69824230 0.31929782 0.64070788
vn -0.69859014 0.26815921 0.66337204
vn -0.69901013 0.21779223 0.68113977
vn -0.69947800 0.16906253 0.69436906
vn -0.69997116 0.12261888 0.70356591
vn -0.70047050 0.07889142 0.70930757
vn -0.70096116 0.03811563 0.71218021
vn -0.70084828 -0.00151318 0.71330876
vn -0.69980074 -0.04494924 0.71292250
vn -0.69897543 -0.09433995 0.70889584
vn -0.69810390 -0.14880518 0.70036273
vn -0.69722106 -0.20801122 0.68601321
vn -0.69637953 -0.27108314 0.66450694
vn -0.69564770 -0.33649011 0.63470361
vn -0.69510099 -0.40205626 0.59597431
vn -0.69480616 -0.46517004 0.54850819
vn -0.69480309 -0.52319300 0.49347517
vn -0.69718903 -0.56815180 0.43718530
vn -0.70044753 -0.59647520 0.39190637
vn -0.70014608 -0.61954658 0.35490492
vn -0.69988091 -0.64110277 0.31488719
vn -0.69966357 -0.66062979 0.27210137
vn -0.69950455 -0.67763842 0.22693515
vn -0.69941212 -0.69170503 0.17990783
vn -0.69939136 -0.70251058 0.13164580
vn -0.69944341 -0.70987035 0.08284326
vn -0.69956539 -0.71374905 0.03421342
vn -0.57661578 -0.58175728 -0.57364859
vn -0.58333178 0.54202589 -0.60492311
vn -0.71352432 0.69398542 -0.09626678
vn -0.71364111 0.68725099 -0.13565560
vn -0.71371654 0.67817720 -0.17516959
vn -0.71374762 0.66677717 -0.21441207
vn -0.71373308 0.65313368 -0.25298514
vn -0.71367352 0.63739659 -0.29050938
vn -0.71357132 0.61977482 -0.32664223
vn -0.71343044 0.60052386 -0.36109292
vn -0.71325604 0.57993035 -0.39363258
vn -0.72498594 0.52632813 -0.44426803
vn -0.72070972 0.46371333 -0.51531296
vn -0.71996947 0.40164485 -0.56597295
vn -0.71899069 0.33868657 -0.60691334
vn -0.71789120 0.27735474 -0.63851905
vn -0.71677010 0.21945399 -0.66187655
vn -0.71569618 0.16604166 -0.67838717
vn -0.71470886 0.11755551 -0.68947223
vn -0.71382514 0.07399792 -0.69640360
vn -0.71304745 0.03510673 -0.70023628
vn -0.71203478 0.00151616 -0.70214256
vn -0.71188504 -0.02856416 -0.70171488
vn -0.71238658 -0.05962817 -0.69924948
vn -0.71294460 -0.09374862 -0.69492531
vn -0.71355971 -0.13111120 -0.68821682
vn -0.71422850 -0.17181638 -0.67849597
vn -0.71494142 -0.21582512 -0.66504006
vn -0.71568048 -0.26289254 -0.64706179
vn -0.71641713 -0.31249816 -0.62377191
vn -0.71711160 -0.36378996 -0.59448113
vn -0.71690946 -0.41411235 -0.56084917
vn -0.71678878 -0.46055467 -0.52354871
vn -0.71746244 -0.50421284 -0.48064234
vn -0.71802004 -0.54629522 -0.43128733
vn -0.71840862 -0.58525905 -0.37597992
vn -0.71858614 -0.61961529 -0.31577024
vn -0.71853194 -0.64815722 -0.25219847
vn -0.71825242 -0.67015126 -0.18711160
vn -0.71777926 -0.68542643 -0.12240730
vn -0.71716099 -0.69433863 -0.05978275
vn -0.71761147 -0.69643746 0.00293930
vn -0.71920017 -0.69111111 0.07153005
vn -0.71983636 -0.67865619 0.14581285
vn -0.72018614 -0.65759836 0.22112512
vn -0.72019821 -0.62807616 0.29467758
vn -0.71987072 -0.59115194 0.36376576
vn -0.71925196 -0.54863092 0.42624023
vn -0.71842376 -0.50268816 0.48080340
vn -0.71747753 -0.45545905 0.52705128
vn -0.71649412 -0.40873608 0.56530611
vn -0.71302418 -0.37168969 0.59451097
vn -0.71247670 -0.34192448 0.61275166
vn -0.71186915 -0.31447177 0.62797278
vn -0.71134498 -0.28948922 0.64045632
vn -0.71089278 -0.26677652 0.65073938
vn -0.71050208 -0.24612209 0.65925011
vn -0.71016366 -0.22731898 0.66632849
vn -0.70986961 -0.21017314 0.67224430
vn -0.70961319 -0.19450730 0.67721195
vn -0.70938875 -0.18016208 0.68140239
vn -0.70815927 -0.17037209 0.68518888
vn -0.70646703 -0.16952724 0.68714252
vn -0.70536253 -0.17708519 0.68637056
vn -0.70510553 -0.18857941 0.68356711
vn -0.70478890 -0.20178975 0.68011286
vn -0.70439331 -0.21711411 0.67578956
vn -0.70389135 -0.23507572 0.67028082
vn -0.70324330 -0.25637152 0.66311576
vn -0.70239058 -0.28194006 0.65357270
vn -0.70124535 -0.31305272 0.64050992
vn -0.69967476 -0.35142026 0.62206031
vn -0.69779430 -0.39823550 0.59539197
vn -0.69552642 -0.45387981 0.55698843
vn -0.69505210 -0.51098944 0.50575920
vn -0.69484043 -0.56355933 0.44676353
vn -0.69492025 -0.60934457 0.38181807
vn -0.69528052 -0.64680321 0.31341762
vn -0.69587393 -0.67534066 0.24428357
vn -0.69663131 -0.69528066 0.17688873
vn -0.69747931 -0.70761904 0.11312786
vn -0.69835416 -0.71369716 0.05420169
vn -0.69877895 -0.71533731 -0.00072000
vn -0.69825199 -0.71366000 -0.05597824
vn -0.69791894 -0.70708994 -0.11372320
vn -0.69769635 -0.69531353 -0.17250770
vn -0.69760191 -0.67820553 -0.23106024
vn -0.69764351 -0.65598507 -0.28805750
vn -0.69781766 -0.62920884 -0.34226708
vn -0.69811016 -0.59870492 -0.39267624
vn -0.69849889 -0.56546432 -0.43857656
vn -0.69895766 -0.53051965 -0.47959054
vn -0.69757792 -0.49166297 -0.52120301
vn -0.69605441 -0.44216513 -0.56568388
vn -0.69650840 -0.38465116 -0.60573883
vn -0.69711170 -0.32657081 -0.63826858
vn -0.69781014 -0.26969330 -0.66357105
vn -0.69855282 -0.21536831 -0.68237852
vn -0.69929845 -0.16448191 -0.69564889
vn -0.70001743 -0.11750361 -0.70439229
vn -0.70069120 -0.07457830 -0.70955614
vn -0.70131002 -0.03562572 -0.71196563
vn -0.70181050 -0.00023381 -0.71236365
vn -0.70139991 0.03486504 -0.71191474
vn -0.70068050 0.07357186 -0.70967176
vn -0.69986765 0.11703996 -0.70461828
vn -0.69896401 0.16560560 -0.69571840
vn -0.69798448 0.21936716 -0.68168594
vn -0.69696237 0.27800847 -0.66102553
vn -0.69595497 0.34059192 -0.63217389
vn -0.69504466 0.40538581 -0.59378048
vn -0.69433068 0.46984054 -0.54511904
vn -0.69660450 0.52286553 -0.49127773
vn -0.69909982 0.56004131 -0.44453703
vn -0.69895203 0.59094084 -0.40280887
vn -0.69888822 0.61901059 -0.35830314
vn -0.69891241 0.64371319 -0.31169661
vn -0.69902305 0.66467280 -0.26377424
vn -0.69921331 0.68170281 -0.21536486
vn -0.69947206 0.69480813 -0.16727370
vn -0.69978540 0.70416377 -0.12022383
vn -0.70013837 0.71007674 -0.07481504
vn -0.57357290 0.60017931 0.55749343
vn -0.58319204 -0.54283977 0.60432775
vn -0.71156718 -0.69697761 0.08885027
vn 0.70212188 -0.64068870 0.31071346
vn 0.70221608 -0.65370073 0.28207787
vn 0.70232566 -0.66518724 0.25350463
vn 0.70244836 -0.67517828 0.22516793
vn 0.70258181 -0.68372584 0.19722520
vn 0.70272369 -0.69089975 0.16981443
vn 0.70287175 -0.69678347 0.14305275
vn 0.70800117 -0.69382938 0.13166293
vn 0.70299061 -0.70056952 0.12250120
vn 0.70370592 -0.70358585 0.09881768
vn 0.70425479 -0.70552818 0.07908967
vn 0.70468377 -0.70676906 0.06243621
vn 0.70502464 -0.70754221 0.04821070
vn 0.70529953 -0.70799826 0.03593086
vn 0.70552417 -0.70823657 0.02523122
vn 0.70570992 -0.70832401 0.01583059
vn 0.70586517 -0.70830641 0.00750965
vn 0.57708381 -0.57894727 -0.57601591
vn 0.91058464 -0.29979284 -0.28453449
vn 0.71227784 -0.69992296 0.05261313
vn 0.71268220 -0.69623625 0.08566893
vn 0.71310555 -0.69053686 0.12099303
vn 0.71354136 -0.68244404 0.15852086
vn 0.71398024 -0.67155928 0.19809178
vn 0.71440974 -0.65748985 0.23942812
vn 0.71481446 -0.63988188 0.28211961
vn 0.71517673 -0.61846159 0.32561866
vn 0.71547795 -0.59308027 0.36925208
vn 0.71715989 -0.55993163 0.41491957
vn 0.71903456 -0.51603132 0.46551151
vn 0.71931573 -0.46392077 0.51707099
vn 0.71932077 -0.40616508 0.56356682
vn 0.71904902 -0.34461843 0.60349535
vn 0.71853571 -0.28143170 0.63600521
vn 0.71784125 -0.21871053 0.66096115
vn 0.71703529 -0.15822929 0.67884010
vn 0.71618236 -0.10127373 0.69052622
vn 0.71533340 -0.04861820 0.69708995
vn 0.71473830 0.00005835 0.69939199
vn 0.71521669 0.04838902 0.69722563
vn 0.71581379 0.09963699 0.69114621
vn 0.71636559 0.15365943 0.68059468
vn 0.71683719 0.20961719 0.66498503
vn 0.71719301 0.26639877 0.64394556
vn 0.71740250 0.32269239 0.61741661
vn 0.71744612 0.37711167 0.58571140
vn 0.71731965 0.42835257 0.54951487
vn 0.71703517 0.47534366 0.50981267
vn 0.71536518 0.51574801 0.47144103
vn 0.71223280 0.54508831 0.44227048
vn 0.71228648 0.56458467 0.41700374
vn 0.71231897 0.58307635 0.39067078
vn 0.71232944 0.60042841 0.36341779
vn 0.71231764 0.61652555 0.33540994
vn 0.71228386 0.63127591 0.30682638
vn 0.71222895 0.64461363 0.27785462
vn 0.71215426 0.65650004 0.24868456
vn 0.71206154 0.66692350 0.21950264
vn 0.59453924 0.47847520 0.64620784
vn 0.57017545 -0.62106443 0.53775360
vn 0.70167287 -0.70248420 -0.11904258
vn 0.70199987 -0.69577382 -0.15197032
vn 0.70231760 -0.68806350 -0.18253385
vn 0.70262254 -0.67961749 -0.21081185
vn 0.70291232 -0.67066057 -0.23691490
vn 0.70318559 -0.66137959 -0.26097331
vn 0.70344172 -0.65192675 -0.28312765
vn 0.70368068 -0.64242366 -0.30352155
vn 0.70390284 -0.63296574 -0.32229670
vn 0.70413980 -0.62364648 -0.33948816
vn 0.70412114 -0.61442827 -0.35593724
vn 0.70398497 -0.60461717 -0.37261675
vn 0.70384445 -0.59387398 -0.38976491
vn 0.70370012 -0.58212775 -0.40734926
vn 0.70355272 -0.56930724 -0.42532675
vn 0.70340314 -0.55534252 -0.44364254
vn 0.70325252 -0.54016697 -0.46222888
vn 0.70310219 -0.52371957 -0.48100429
vn 0.70295369 -0.50594770 -0.49987302
vn 0.70396332 -0.48870591 -0.51536607
vn 0.70075994 -0.46845626 -0.53803739
vn 0.70072800 -0.43703842 -0.56389511
vn 0.70073720 -0.40411264 -0.58792886
vn 0.70078720 -0.37001091 -0.60990919
vn 0.70087611 -0.33509489 -0.62966983
vn 0.70100065 -0.29973749 -0.64711322
vn 0.70115650 -0.26430452 -0.66221045
vn 0.70133860 -0.22913841 -0.67499612
vn 0.70154154 -0.19454552 -0.68555927
vn 0.70433383 -0.16820085 -0.68965378
vn 0.70394946 -0.14997901 -0.69423443
vn 0.70407030 -0.13071593 -0.69799596
vn 0.70418852 -0.11211096 -0.70110602
vn 0.70430370 -0.09416905 -0.70362524
vn 0.70441549 -0.07688909 -0.70561100
vn 0.70452364 -0.06026485 -0.70711709
vn 0.70462798 -0.04428596 -0.70819359
vn 0.70472841 -0.02893868 -0.70888675
vn 0.70482486 -0.01420670 -0.70923909
vn 0.70188043 0.00963832 -0.71222957
vn 0.69855169 0.05389628 -0.71352696
vn 0.69815674 0.10991340 -0.70745757
vn 0.69785526 0.16749927 -0.69637780
vn 0.69766978 0.22548420 -0.68001011
vn 0.69761529 0.28257378 -0.65839576
vn 0.69769635 0.33748141 -0.63192255
vn 0.69790620 0.38906793 -0.60129285
vn 0.69822808 0.43645468 -0.56743710
vn 0.69863844 0.47908525 -0.53139595
vn 0.69804461 0.51987752 -0.49240338
vn 0.69709831 0.56091886 -0.44656912
vn 0.69722170 0.59854295 -0.39449744
vn 0.69749236 0.63061098 -0.34034424
vn 0.69788676 0.65681968 -0.28555556
vn 0.69837400 0.67727038 -0.23147048
vn 0.69892119 0.69238522 -0.17919788
vn 0.69949787 0.70279303 -0.12955571
vn 0.70007883 0.70921741 -0.08306806
vn 0.70064511 0.71238775 -0.04000152
vn 0.70099565 0.71316552 0.00018589
vn 0.70059383 0.71240769 0.04054105
vn 0.70013241 0.70910335 0.08358855
vn 0.69968018 0.70265990 0.12929312
vn 0.69925419 0.69254558 0.17726869
vn 0.69887415 0.67828817 0.22693627
vn 0.69856083 0.65953948 0.27752557
vn 0.69833375 0.63614165 0.32810634
vn 0.69820849 0.60818057 0.37765236
vn 0.69819415 0.57601035 0.42513176
vn 0.69817308 0.54007120 0.46997601
vn 0.69773040 0.49985301 0.51314643
vn 0.69733394 0.45404187 0.55459116
vn 0.69706874 0.40294158 0.59307103
vn 0.69695863 0.34744575 0.62731979
vn 0.69701407 0.28883021 0.65631433
vn 0.69722974 0.22861448 0.67941601
vn 0.69758581 0.16837281 0.69643710
vn 0.69805222 0.10954685 0.70761754
vn 0.69859447 0.05330673 0.71352937
vn 0.70043645 0.00455402 0.71370025
vn 0.70181194 -0.03363335 0.71156784
vn 0.70178229 -0.06740682 0.70919528
vn 0.70177649 -0.10114022 0.70518112
vn 0.70179470 -0.13460053 0.69954763
vn 0.70183644 -0.16756119 0.69235025
vn 0.70190060 -0.19980958 0.68367513
vn 0.70198555 -0.23115368 0.67363511
vn 0.70208920 -0.26142713 0.66236441
vn 0.70220916 -0.29049268 0.65001254
vn 0.70229393 -0.31840570 0.63671112
vn 0.70209240 -0.34617614 0.62227674
vn 0.70184401 -0.37454624 0.60591261
vn 0.70160165 -0.40344072 0.58735910
vn 0.70137054 -0.43262144 0.56649630
vn 0.70115645 -0.46180637 0.54324443
vn 0.70096549 -0.49067518 0.51757633
vn 0.70080369 -0.51887923 0.48952889
vn 0.70067668 -0.54605593 0.45921139
vn 0.70058918 -0.57184665 0.42680933
vn 0.70185682 -0.59250542 0.39539137
vn 0.70198761 -0.61009791 0.36741521
vn 0.70204513 -0.62614658 0.33922426
vn 0.71083676 0.69490301 -0.10872397
vn 0.71113857 0.69046553 -0.13243596
vn 0.71146700 0.68475839 -0.15786278
vn 0.71182262 0.67753593 -0.18507735
vn 0.71220509 0.66851678 -0.21412431
vn 0.71261271 0.65738495 -0.24500643
vn 0.71304191 0.64379480 -0.27766794
vn 0.71348674 0.62738169 -0.31197578
vn 0.71613101 0.60249925 -0.35235071
vn 0.71950864 0.56400897 -0.40521748
vn 0.72022094 0.51487684 -0.46495552
vn 0.72062492 0.45717841 -0.52123662
vn 0.72065785 0.39252582 -0.57146806
vn 0.72031436 0.32340638 -0.61364122
vn 0.71964852 0.25273154 -0.64670919
vn 0.71875411 0.18328487 -0.67067070
vn 0.71773539 0.11728679 -0.68636704
vn 0.71668316 0.05619857 -0.69513090
vn 0.71568074 0.00069696 -0.69842722
vn 0.71583001 -0.05230340 -0.69631297
vn 0.71627979 -0.10672604 -0.68960337
vn 0.71663688 -0.16281509 -0.67817610
vn 0.71687419 -0.21949355 -0.66175069
vn 0.71697195 -0.27554724 -0.64033190
vn 0.71692161 -0.32974176 -0.61424245
vn 0.71672759 -0.38095234 -0.58410348
vn 0.71640641 -0.42827644 -0.55076415
vn 0.71598329 -0.47110410 -0.51519788
vn 0.71560232 -0.50928804 -0.47805754
vn 0.71573718 -0.54366945 -0.43834213
vn 0.71585810 -0.57541402 -0.39553241
vn 0.71587604 -0.60409874 -0.35012313
vn 0.71578974 -0.62921392 -0.30287769
vn 0.71560519 -0.65043513 -0.25464358
vn 0.71533468 -0.66764137 -0.20627965
vn 0.71499480 -0.68090576 -0.15858686
vn 0.71460414 -0.69046351 -0.11225449
vn 0.71418115 -0.69666683 -0.06782783
vn 0.91215058 -0.29920439 0.28010364
vn 0.91691601 0.29703431 0.26652514
vn 0.71056037 0.69828225 -0.08663640
vn -0.70212188 -0.64068870 0.31071346
vn -0.70221608 -0.65370073 0.28207787
vn -0.70232566 -0.66518724 0.25350463
vn -0.70244836 -0.67517828 0.22516793
vn -0.70258181 -0.68372584 0.19722520
vn -0.70272369 -0.69089975 0.16981443
vn -0.70287175 -0.69678347 0.14305275
vn -0.70800117 -0.69382938 0.13166293
vn -0.70299061 -0.70056952 0.12250120
vn -0.70370592 -0.70358585 0.09881768
vn -0.70425479 -0.70552818 0.07908967
vn -0.70468377 -0.70676906 0.06243621
vn -0.70502464 -0.70754221 0.04821070
vn -0.70529953 -0.70799826 0.03593086
vn -0.70552417 -0.70823657 0.02523122
vn -0.70570992 -0.70832401 0.01583059
vn -0.70586517 -0.70830641 0.00750965
vn -0.57708381 -0.57894727 -0.57601591
vn -0.91058464 -0.29979284 -0.28453449
vn -0.71227784 -0.69992296 0.05261313
vn -0.71268220 -0.69623625 0.08566893
vn -0.71310555 -0.69053686 0.12099303
vn -0.71354136 -0.68244404 0.15852086
vn -0.71398024 -0.67155928 0.19809178
vn -0.71440974 -0.65748985 0.23942812
vn -0.71481446 -0.63988188 0.28211961
vn -0.71517673 -0.61846159 0.32561866
vn -0.71547795 -0.59308027 0.36925208
vn -0.71715989 -0.55993163 0.41491957
vn -0.71903456 -0.51603132 0.46551151
vn -0.71931573 -0.46392077 0.51707099
vn -0.71932077 -0.40616508 0.56356682
vn -0.71904902 -0.34461843 0.60349535
vn -0.71853571 -0.28143170 0.63600521
vn -0.71784125 -0.21871053 0.66096115
vn -0.71703529 -0.15822929 0.67884010
vn -0.71618236 -0.10127373 0.69052622
vn -0.71533340 -0.04861820 0.69708995
vn -0.71473830 0.00005835 0.69939199
vn -0.71521669 0.04838902 0.69722563
vn -0.71581379 0.09963699 0.69114621
vn -0.71636559 0.15365943 0.68059468
vn -0.71683719 0.20961719 0.66498503
vn -0.71719301 0.26639877 0.64394556
vn -0.71740250 0.32269239 0.61741661
vn -0.71744612 0.37711167 0.58571140
vn -0.71731965 0.42835257 0.54951487
vn -0.71703517 0.47534366 0.50981267
vn -0.71536518 0.51574801 0.47144103
vn -0.71223280 0.54508831 0.44227048
vn -0.71228648 0.56458467 0.41700374
vn -0.71231897 0.58307635 0.39067078
vn -0.71232944 0.60042841 0.36341779
vn -0.71231764 0.61652555 0.33540994
vn -0.71228386 0.63127591 0.30682638
vn -0.71222895 0.64461363 0.27785462
vn -0.71215426 0.65650004 0.24868456
vn -0.71206154 0.66692350 0.21950264
vn -0.59453924 0.47847520 0.64620784
vn -0.57017545 -0.62106443 0.53775360
vn -0.70167287 -0.70248420 -0.11904258
vn -0.70199987 -0.69577382 -0.15197032
vn -0.70231760 -0.68806350 -0.18253385
vn -0.70262254 -0.67961749 -0.21081185
vn -0.70291232 -0.67066057 -0.23691490
vn -0.70318559 -0.66137959 -0.26097331
vn -0.70344172 -0.65192675 -0.28312765
vn -0.70368068 -0.64242366 -0.30352155
vn -0.70390284 -0.63296574 -0.32229670
vn -0.70413980 -0.62364648 -0.33948816
vn -0.70412114 -0.61442827 -0.35593724
vn -0.70398497 -0.60461717 -0.37261675
vn -0.70384445 -0.59387398 -0.38976491
vn -0.70370012 -0.58212775 -0.40734926
vn -0.70355272 -0.56930724 -0.42532675
vn -0.70340314 -0.55534252 -0.44364254
vn -0.70325252 -0.54016697 -0.46222888
vn -0.70310219 -0.52371957 -0.48100429
vn -0.70295369 -0.50594770 -0.49987302
vn -0.70396332 -0.48870591 -0.51536607
vn -0.70075994 -0.46845626 -0.53803739
vn -0.70072800 -0.43703842 -0.56389511
vn -0.70073720 -0.40411264 -0.58792886
vn -0.70078720 -0.37001091 -0.60990919
vn -0.70087611 -0.33509489 -0.62966983
vn -0.70100065 -0.29973749 -0.64711322
vn -0.70115650 -0.26430452 -0.66221045
vn -0.70133860 -0.22913841 -0.67499612
vn -0.70154154 -0.19454552 -0.68555927
vn -0.70433383 -0.16820085 -0.68965378
vn -0.70394946 -0.14997901 -0.69423443
vn -0.70407030 -0.13071593 -0.69799596
vn -0.70418852 -0.11211096 -0.70110602
vn -0.70430370 -0.09416905 -0.70362524
vn -0.70441549 -0.07688909 -0.70561100
vn -0.70452364 -0.06026485 -0.70711709
vn -0.70462798 -0.04428596 -0.70819359
vn -0.70472841 -0.02893868 -0.70888675
vn -0.70482486 -0.01420670 -0.70923909
vn -0.70188043 0.00963832 -0.71222957
vn -0.69855169 0.05389628 -0.71352696
vn -0.69815674 0.10991340 -0.70745757
vn -0.69785526 0.16749927 -0.69637780
vn -0.69766978 0.22548420 -0.68001011
vn -0.69761529 0.28257378 -0.65839576
vn -0.69769635 0.33748141 -0.63192255
vn -0.69790620 0.38906793 -0.60129285
vn -0.69822808 0.43645468 -0.56743710
vn -0.69863844 0.47908525 -0.53139595
vn -0.69804461 0.51987752 -0.49240338
vn -0.69709831 0.56091886 -0.44656912
vn -0.69722170 0.59854295 -0.39449744
vn -0.69749236 0.63061098 -0.34034424
vn -0.69788676 0.65681968 -0.28555556
vn -0.69837400 0.67727038 -0.23147048
vn -0.69892119 0.69238522 -0.17919788
vn -0.69949787 0.70279303 -0.12955571
vn -0.70007883 0.70921741 -0.08306806
vn -0.70064511 0.71238775 -0.04000152
vn -0.70099565 0.71316552 0.00018589
vn -0.70059383 0.71240769 0.04054105
vn -0.70013241 0.70910335 0.08358855
vn -0.69968018 0.70265990 0.12929312
vn -0.69925419 0.69254558 0.17726869
vn -0.69887415 0.67828817 0.22693627
vn -0.69856083 0.65953948 0.27752557
vn -0.69833375 0.63614165 0.32810634
vn -0.69820849 0.60818057 0.37765236
vn -0.69819415 0.57601035 0.42513176
vn -0.69817308 0.54007120 0.46997601
vn -0.69773040 0.49985301 0.51314643
vn -0.69733394 0.45404187 0.55459116
vn -0.69706874 0.40294158 0.59307103
vn -0.69695863 0.34744575 0.62731979
vn -0.69701407 0.28883021 0.65631433
vn -0.69722974 0.22861448 0.67941601
vn -0.69758581 0.16837281 0.69643710
vn -0.69805222 0.10954685 0.70761754
vn -0.69859447 0.05330673 0.71352937
vn -0.70043645 0.00455402 0.71370025
vn -0.70181194 -0.03363335 0.71156784
vn -0.70178229 -0.06740682 0.70919528
vn -0.70177649 -0.10114022 0.70518112
vn -0.70179470 -0.13460053 0.69954763
vn -0.70183644 -0.16756119 0.69235025
vn -0.70190060 -0.19980958 0.68367513
vn -0.70198555 -0.23115368 0.67363511
vn -0.70208920 -0.26142713 0.66236441
vn -0.70220916 -0.29049268 0.65001254
vn -0.70229393 -0.31840570 0.63671112
vn -0.70209240 -0.34617614 0.62227674
vn -0.70184401 -0.37454624 0.60591261
vn -0.70160165 -0.40344072 0.58735910
vn -0.70137054 -0.43262144 0.56649630
vn -0.70115645 -0.46180637 0.54324443
vn -0.70096549 -0.49067518 0.51757633
vn -0.70080369 -0.51887923 0.48952889
vn -0.70067668 -0.54605593 0.45921139
vn -0.70058918 -0.57184665 0.42680933
vn -0.70185682 -0.59250542 0.39539137
vn -0.70198761 -0.61009791 0.36741521
vn -0.70204513 -0.62614658 0.33922426
vn -0.71083676 0.69490301 -0.10872397
vn -0.71113857 0.69046553 -0.13243596
vn -0.71146700 0.68475839 -0.15786278
vn -0.71182262 0.67753593 -0.18507735
vn -0.71220509 0.66851678 -0.21412431
vn -0.71261271 0.65738495 -0.24500643
vn -0.71304191 0.64379480 -0.27766794
vn -0.71348674 0.62738169 -0.31197578
vn -0.71613101 0.60249925 -0.35235071
vn -0.71950864 0.56400897 -0.40521748
vn -0.72022094 0.51487684 -0.46495552
vn -0.72062492 0.45717841 -0.52123662
vn -0.72065785 0.39252582 -0.57146806
vn -0.72031436 0.32340638 -0.61364122
vn -0.71964852 0.25273154 -0.64670919
vn -0.71875411 0.18328487 -0.67067070
vn -0.71773539 0.11728679 -0.68636704
vn -0.71668316 0.05619857 -0.69513090
vn -0.71568074 0.00069696 -0.69842722
vn -0.71583001 -0.05230340 -0.69631297
vn -0.71627979 -0.10672604 -0.68960337
vn -0.71663688 -0.16281509 -0.67817610
vn -0.71687419 -0.21949355 -0.66175069
vn -0.71697195 -0.27554724 -0.64033190
vn -0.71692161 -0.32974176 -0.61424245
vn -0.71672759 -0.38095234 -0.58410348
vn -0.71640641 -0.42827644 -0.55076415
vn -0.71598329 -0.47110410 -0.51519788
vn -0.71560232 -0.50928804 -0.47805754
vn -0.71573718 -0.54366945 -0.43834213
vn -0.71585810 -0.57541402 -0.39553241
vn -0.71587604 -0.60409874 -0.35012313
vn -0.71578974 -0.62921392 -0.30287769
vn -0.71560519 -0.65043513 -0.25464358
vn -0.71533468 -0.66764137 -0.20627965
vn -0.71499480 -0.68090576 -0.15858686
vn -0.71460414 -0.69046351 -0.11225449
vn -0.71418115 -0.69666683 -0.06782783
vn -0.91215058 -0.29920439 0.28010364
vn -0.91691601 0.29703431 0.26652514
vn -0.71056037 0.69828225 -0.08663640
f 169//169 170//170 126//126
f 124//124 125//125 126//126
f 101//101 102//102 103//103
f 100//100 101//101 103//103
f 99//99 100//100 103//103
f 98//98 99//99 103//103
f 97//97 98//98 103//103
f 96//96 97//97 103//103
f 95//95 96//96 103//103
f 94//94 95//95 103//103
f 93//93 94//94 103//103
f 92//92 93//93 103//103
f 91//91 92//92 103//103
f 90//90 91//91 103//103
f 89//89 90//90 103//103
f 88//88 89//89 103//103
f 87//87 88//88 103//103
f 86//86 87//87 103//103
f 85//85 86//86 103//103
f 84//84 85//85 103//103
f 83//83 84//84 103//103
f 82//82 83//83 103//103
f 81//81 82//82 103//103
f 79//79 80//80 81//81
f 78//78 79//79 81//81
f 77//77 78//78 81//81
f 76//76 77//77 81//81
f 75//75 76//76 81//81
f 74//74 75//75 81//81
f 58//58 59//59 60//60
f 57//57 58//58 60//60
f 56//56 57//57 60//60
f 55//55 56//56 60//60
f 54//54 55//55 60//60
f 53//53 54//54 60//60
f 52//52 53//53 60//60
f 51//51 52//52 60//60
f 50//50 51//51 60//60
f 49//49 50//50 60//60
f 48//48 49//49 60//60
f 47//47 48//48 60//60
f 46//46 47//47 60//60
f 45//45 46//46 60//60
f 44//44 45//45 60//60
f 43//43 44//44 60//60
f 42//42 43//43 60//60
f 41//41 42//42 60//60
f 40//40 41//41 60//60
f 39//39 40//40 60//60
f 37//37 38//38 39//39
f 36//36 37//37 39//39
f 35//35 36//36 39//39
f 34//34 35//35 39//39
f 33//33 34//34 39//39
f 32//32 33//33 39//39
f 31//31 32//32 39//39
f 30//30 31//31 39//39
f 29//29 30//30 39//39
f 28//28 29//29 39//39
f 27//27 28//28 39//39
f 26//26 27//27 39//39
f 25//25 26//26 39//39
f 24//24 25//25 39//39
f 23//23 24//24 39//39
f 22//22 23//23 39//39
f 21//21 22//22 39//39
f 20//20 21//21 39//39
f 19//19 20//20 39//39
f 18//18 19//19 39//39
f 17//17 18//18 39//39
f 16//16 17//17 39//39
f 15//15 16//16 39//39
f 14//14 15//15 39//39
f 13//13 14//14 39//39
f 12//12 13//13 39//39
f 11//11 12//12 39//39
f 10//10 11//11 39//39
f 8//8 9//9 10//10
f 7//7 8//8 10//10
f 6//6 7//7 10//10
f 5//5 6//6 10//10
f 4//4 5//5 10//10
f 3//3 4//4 10//10
f 2//2 3//3 10//10
f 1//1 2//2 10//10
f 129//129 1//1 10//10
f 128//128 129//129 10//10
f 127//127 128//128 10//10
f 169//169 126//126 127//127
f 168//168 169//169 127//127
f 167//167 168//168 127//127
f 166//166 167//167 127//127
f 165//165 166//166 127//127
f 164//164 165//165 127//127
f 163//163 164//164 127//127
f 162//162 163//163 127//127
f 124//124 126//126 170//170
f 123//123 124//124 170//170
f 122//122 123//123 170//170
f 121//121 122//122 170//170
f 120//120 121//121 170//170
f 119//119 120//120 170//170
f 118//118 119//119 170//170
f 117//117 118//118 170//170
f 116//116 117//117 170//170
f 115//115 116//116 170//170
f 81//81 103//103 104//104
f 74//74 81//81 104//104
f 73//73 74//74 104//104
f 72//72 73//73 104//104
f 71//71 72//72 104//104
f 70//70 71//71 104//104
f 69//69 70//70 104//104
f 68//68 69//69 104//104
f 67//67 68//68 104//104
f 66//66 67//67 104//104
f 65//65 66//66 104//104
f 64//64 65//65 104//104
f 63//63 64//64 104//104
f 62//62 63//63 104//104
f 61//61 62//62 104//104
f 60//60 61//61 104//104
f 39//39 60//60 104//104
f 10//10 39//39 104//104
f 162//162 127//127 10//10
f 161//161 162//162 10//10
f 160//160 161//161 10//10
f 159//159 160//160 10//10
f 158//158 159//159 10//10
f 157//157 158//158 10//10
f 156//156 157//157 10//10
f 155//155 156//156 10//10
f 154//154 155//155 10//10
f 153//153 154//154 10//10
f 152//152 153//153 10//10
f 151//151 152//152 10//10
f 150//150 151//151 10//10
f 149//149 150//150 10//10
f 148//148 149//149 10//10
f 147//147 148//148 10//10
f 146//146 147//147 10//10
f 115//115 170//170 171//171
f 114//114 115//115 171//171
f 113//113 114//114 171//171
f 112//112 113//113 171//171
f 111//111 112//112 171//171
f 110//110 111//111 171//171
f 10//10 104//104 105//105
f 146//146 10//10 105//105
f 145//145 146//146 105//105
f 144//144 145//145 105//105
f 143//143 144//144 105//105
f 142//142 143//143 105//105
f 141//141 142//142 105//105
f 140//140 141//141 105//105
f 139//139 140//140 105//105
f 138//138 139//139 105//105
f 137//137 138//138 105//105
f 136//136 137//137 105//105
f 110//110 171//171 172//172
f 136//136 105//105 106//106
f 135//135 136//136 106//106
f 110//110 172//172 130//130
f 109//109 110//110 130//130
f 135//135 106//106 107//107
f 134//134 135//135 107//107
f 133//133 134//134 107//107
f 109//109 130//130 131//131
f 108//108 109//109 131//131
f 133//133 107//107 108//108
f 132//132 133//133 108//108
f 131//131 132//132 108//108
f 298//298 342//342 341//341
f 298//298 297//297 296//296
f 275//275 274//274 273//273
f 275//275 273//273 272//272
f 275//275 272//272 271//271
f 275//275 271//271 270//270
f 275//275 270//270 269//269
f 275//275 269//269 268//268
f 275//275 268//268 267//267
f 275//275 267//267 266//266
f 275//275 266//266 265//265
f 275//275 265//265 264//264
f 275//275 264//264 263//263
f 275//275 263//263 262//262
f 275//275 262//262 261//261
f 275//275 261//261 260//260
f 275//275 260//260 259//259
f 275//275 259//259 258//258
f 275//275 258//258 257//257
f 275//275 257//257 256//256
f 275//275 256//256 255//255
f 275//275 255//255 254//254
f 275//275 254//254 253//253
f 253//253 252//252 251//251
f 253//253 251//251 250//250
f 253//253 250//250 249//249
f 253//253 249//249 248//248
f 253//253 248//248 247//247
f 253//253 247//247 246//246
f 232//232 231//231 230//230
f 232//232 230//230 229//229
f 232//232 229//229 228//228
f 232//232 228//228 227//227
f 232//232 227//227 226//226
f 232//232 226//226 225//225
f 232//232 225//225 224//224
f 232//232 224//224 223//223
f 232//232 223//223 222//222
f 232//232 222//222 221//221
f 232//232 221//221 220//220
f 232//232 220//220 219//219
f 232//232 219//219 218//218
f 232//232 218//218 217//217
f 232//232 217//217 216//216
f 232//232 216//216 215//215
f 232//232 215//215 214//214
f 232//232 214//214 213//213
f 232//232 213//213 212//212
f 232//232 212//212 211//211
f 211//211 210//210 209//209
f 211//211 209//209 208//208
f 211//211 208//208 207//207
f 211//211 207//207 206//206
f 211//211 206//206 205//205
f 211//211 205//205 204//204
f 211//211 204//204 203//203
f 211//211 203//203 202//202
f 211//211 202//202 201//201
f 211//211 201//201 200//200
f 211//211 200//200 199//199
f 211//211 199//199 198//198
f 211//211 198//198 197//197
f 211//211 197//197 196//196
f 211//211 196//196 195//195
f 211//211 195//195 194//194
f 211//211 194//194 193//193
f 211//211 193//193 192//192
f 211//211 192//192 191//191
f 211//211 191//191 190//190
f 211//211 190//190 189//189
f 211//211 189//189 188//188
f 211//211 188//188 187//187
f 211//211 187//187 186//186
f 211//211 186//186 185//185
f 211//211 185//185 184//184
f 211//211 184//184 183//183
f 211//211 183//183 182//182
f 182//182 181//181 180//180
f 182//182 180//180 179//179
f 182//182 179//179 178//178
f 182//182 178//178 177//177
f 182//182 177//177 176//176
f 182//182 176//176 175//175
f 182//182 175//175 174//174
f 182//182 174//174 173//173
f 182//182 173//173 301//301
f 182//182 301//301 300//300
f 182//182 300//300 299//299
f 299//299 298//298 341//341
f 299//299 341//341 340//340
f 299//299 340//340 339//339
f 299//299 339//339 338//338
f 299//299 338//338 337//337
f 299//299 337//337 336//336
f 299//299 336//336 335//335
f 299//299 335//335 334//334
f 342//342 298//298 296//296
f 342//342 296//296 295//295
f 342//342 295//295 294//294
f 342//342 294//294 293//293
f 342//342 293//293 292//292
f 342//342 292//292 291//291
f 342//342 291//291 290//290
f 342//342 290//290 289//289
f 342//342 289//289 288//288
f 342//342 288//288 287//287
f 276//276 275//275 253//253
f 276//276 253//253 246//246
f 276//276 246//246 245//245
f 276//276 245//245 244//244
f 276//276 244//244 243//243
f 276//276 243//243 242//242
f 276//276 242//242 241//241
f 276//276 241//241 240//240
f 276//276 240//240 239//239
f 276//276 239//239 238//238
f 276//276 238//238 237//237
f 276//276 237//237 236//236
f 276//276 236//236 235//235
f 276//276 235//235 234//234
f 276//276 234//234 233//233
f 276//276 233//233 232//232
f 276//276 232//232 211//211
f 276//276 211//211 182//182
f 182//182 299//299 334//334
f 182//182 334//334 333//333
f 182//182 333//333 332//332
f 182//182 332//332 331//331
f 182//182 331//331 330//330
f 182//182 330//330 329//329
f 182//182 329//329 328//328
f 182//182 328//328 327//327
f 182//182 327//327 326//326
f 182//182 326//326 325//325
f 182//182 325//325 324//324
f 182//182 324//324 323//323
f 182//182 323//323 322//322
f 182//182 322//322 321//321
f 182//182 321//321 320//320
f 182//182 320//320 319//319
f 182//182 319//319 318//318
f 343//343 342//342 287//287
f 343//343 287//287 286//286
f 343//343 286//286 285//285
f 343//343 285//285 284//284
f 343//343 284//284 283//283
f 343//343 283//283 282//282
f 277//277 276//276 182//182
f 277//277 182//182 318//318
f 277//277 318//318 317//317
f 277//277 317//317 316//316
f 277//277 316//316 315//315
f 277//277 315//315 314//314
f 277//277 314//314 313//313
f 277//277 313//313 312//312
f 277//277 312//312 311//311
f 277//277 311//311 310//310
f 277//277 310//310 309//309
f 277//277 309//309 308//308
f 344//344 343//343 282//282
f 278//278 277//277 308//308
f 278//278 308//308 307//307
f 302//302 344//344 282//282
f 302//302 282//282 281//281
f 279//279 278//278 307//307
f 279//279 307//307 306//306
f 279//279 306//306 305//305
f 303//303 302//302 281//281
f 303//303 281//281 280//280
f 280//280 279//279 305//305
f 280//280 305//305 304//304
f 280//280 304//304 303//303
f 173//173 174//174 1//1
f 1//1 174//174 2//2
f 174//174 175//175 2//2
f 2//2 175//175 3//3
f 175//175 176//176 3//3
f 3//3 176//176 4//4
f 176//176 177//177 4//4
f 4//4 177//177 5//5
f 177//177 178//178 5//5
f 5//5 178//178 6//6
f 178//178 179//179 6//6
f 6//6 179//179 7//7
f 179//179 180//180 7//7
f 7//7 180//180 8//8
f 180//180 181//181 8//8
f 8//8 181//181 9//9
f 181//181 182//182 9//9
f 9//9 182//182 10//10
f 182//182 183//183 10//10
f 10//10 183//183 11//11
f 183//183 184//184 11//11
f 11//11 184//184 12//12
f 184//184 185//185 12//12
f 12//12 185//185 13//13
f 185//185 186//186 13//13
f 13//13 186//186 14//14
f 186//186 187//187 14//14
f 14//14 187//187 15//15
f 187//187 188//188 15//15
f 15//15 188//188 16//16
f 188//188 189//189 16//16
f 16//16 189//189 17//17
f 189//189 190//190 17//17
f 17//17 190//190 18//18
f 190//190 191//191 18//18
f 18//18 191//191 19//19
f 191//191 192//192 19//19
f 19//19 192//192 20//20
f 192//192 193//193 20//20
f 20//20 193//193 21//21
f 193//193 194//194 21//21
f 21//21 194//194 22//22
f 194//194 195//195 22//22
f 22//22 195//195 23//23
f 195//195 196//196 23//23
f 23//23 196//196 24//24
f 196//196 197//197 24//24
f 24//24 197//197 25//25
f 197//197 198//198 25//25
f 25//25 198//198 26//26
f 198//198 199//199 26//26
f 26//26 199//199 27//27
f 199//199 200//200 27//27
f 27//27 200//200 28//28
f 200//200 201//201 28//28
f 28//28 201//201 29//29
f 201//201 202//202 29//29
f 29//29 202//202 30//30
f 202//202 203//203 30//30
f 30//30 203//203 31//31
f 203//203 204//204 31//31
f 31//31 204//204 32//32
f 204//204 205//205 32//32
f 32//32 205//205 33//33
f 205//205 206//206 33//33
f 33//33 206//206 34//34
f 206//206 207//207 34//34
f 34//34 207//207 35//35
f 207//207 208//208 35//35
f 35//35 208//208 36//36
f 208//208 209//209 36//36
f 36//36 209//209 37//37
f 209//209 210//210 37//37
f 37//37 210//210 38//38
f 210//210 211//211 38//38
f 38//38 211//211 39//39
f 211//211 212//212 39//39
f 39//39 212//212 40//40
f 212//212 213//213 40//40
f 40//40 213//213 41//41
f 213//213 214//214 41//41
f 41//41 214//214 42//42
f 214//214 215//215 42//42
f 42//42 215//215 43//43
f 215//215 216//216 43//43
f 43//43 216//216 44//44
f 216//216 217//217 44//44
f 44//44 217//217 45//45
f 217//217 218//218 45//45
f 45//45 218//218 46//46
f 218//218 219//219 46//46
f 46//46 219//219 47//47
f 219//219 220//220 47//47
f 47//47 220//220 48//48
f 220//220 221//221 48//48
f 48//48 221//221 49//49
f 221//221 222//222 49//49
f 49//49 222//222 50//50
f 222//222 223//223 50//50
f 50//50 223//223 51//51
f 223//223 224//224 51//51
f 51//51 224//224 52//52
f 224//224 225//225 52//52
f 52//52 225//225 53//53
f 225//225 226//226 53//53
f 53//53 226//226 54//54
f 226//226 227//227 54//54
f 54//54 227//227 55//55
f 227//227 228//228 55//55
f 55//55 228//228 56//56
f 228//228 229//229 56//56
f 56//56 229//229 57//57
f 229//229 230//230 57//57
f 57//57 230//230 58//58
f 230//230 231//231 58//58
f 58//58 231//231 59//59
f 231//231 232//232 59//59
f 59//59 232//232 60//60
f 232//232 233//233 60//60
f 60//60 233//233 61//61
f 233//233 234//234 61//61
f 61//61 234//234 62//62
f 234//234 235//235 62//62
f 62//62 235//235 63//63
f 235//235 236//236 63//63
f 63//63 236//236 64//64
f 236//236 237//237 64//64
f 64//64 237//237 65//65
f 237//237 238//238 65//65
f 65//65 238//238 66//66
f 238//238 239//239 66//66
f 66//66 239//239 67//67
f 239//239 240//240 67//67
f 67//67 240//240 68//68
f 240//240 241//241 68//68
f 68//68 241//241 69//69
f 241//241 242//242 69//69
f 69//69 242//242 70//70
f 242//242 243//243 70//70
f 70//70 243//243 71//71
f 243//243 244//244 71//71
f 71//71 244//244 72//72
f 244//244 245//245 72//72
f 72//72 245//245 73//73
f 245//245 246//246 73//73
f 73//73 246//246 74//74
f 246//246 247//247 74//74
f 74//74 247//247 75//75
f 247//247 248//248 75//75
f 75//75 248//248 76//76
f 248//248 249//249 76//76
f 76//76 249//249 77//77
f 249//249 250//250 77//77
f 77//77 250//250 78//78
f 250//250 251//251 78//78
f 78//78 251//251 79//79
f 251//251 252//252 79//79
f 79//79 252//252 80//80
f 252//252 253//253 80//80
f 80//80 253//253 81//81
f 253//253 254//254 81//81
f 81//81 254//254 82//82
f 254//254 255//255 82//82
f 82//82 255//255 83//83
f 255//255 256//256 83//83
f 83//83 256//256 84//84
f 256//256 257//257 84//84
f 84//84 257//257 85//85
f 257//257 258//258 85//85
f 85//85 258//258 86//86
f 258//258 259//259 86//86
f 86//86 259//259 87//87
f 259//259 260//260 87//87
f 87//87 260//260 88//88
f 260//260 261//261 88//88
f 88//88 261//261 89//89
f 261//261 262//262 89//89
f 89//89 262//262 90//90
f 262//262 263//263 90//90
f 90//90 263//263 91//91
f 263//263 264//264 91//91
f 91//91 264//264 92//92
f 264//264 265//265 92//92
f 92//92 265//265 93//93
f 265//265 266//266 93//93
f 93//93 266//266 94//94
f 266//266 267//267 94//94
f 94//94 267//267 95//95
f 267//267 268//268 95//95
f 95//95 268//268 96//96
f 268//268 269//269 96//96
f 96//96 269//269 97//97
f 269//269 270//270 97//97
f 97//97 270//270 98//98
f 270//270 271//271 98//98
f 98//98 271//271 99//99
f 271//271 272//272 99//99
f 99//99 272//272 100//100
f 272//272 273//273 100//100
f 100//100 273//273 101//101
f 273//273 274//274 101//101
f 101//101 274//274 102//102
f 274//274 275//275 102//102
f 102//102 275//275 103//103
f 275//275 276//276 103//103
f 103//103 276//276 104//104
f 276//276 277//277 104//104
f 104//104 277//277 105//105
f 277//277 278//278 105//105
f 105//105 278//278 106//106
f 278//278 279//279 106//106
f 106//106 279//279 107//107
f 279//279 280//280 107//107
f 107//107 280//280 108//108
f 280//280 281//281 108//108
f 108//108 281//281 109//109
f 281//281 282//282 109//109
f 109//109 282//282 110//110
f 282//282 283//283 110//110
f 110//110 283//283 111//111
f 283//283 284//284 111//111
f 111//111 284//284 112//112
f 284//284 285//285 112//112
f 112//112 285//285 113//113
f 285//285 286//286 113//113
f 113//113 286//286 114//114
f 286//286 287//287 114//114
f 114//114 287//287 115//115
f 287//287 288//288 115//115
f 115//115 288//288 116//116
f 288//288 289//289 116//116
f 116//116 289//289 117//117
f 289//289 290//290 117//117
f 117//117 290//290 118//118
f 290//290 291//291 118//118
f 118//118 291//291 119//119
f 291//291 292//292 119//119
f 119//119 292//292 120//120
f 292//292 293//293 120//120
f 120//120 293//293 121//121
f 293//293 294//294 121//121
f 121//121 294//294 122//122
f 294//294 295//295 122//122
f 122//122 295//295 123//123
f 295//295 296//296 123//123
f 123//123 296//296 124//124
f 296//296 297//297 124//124
f 124//124 297//297 125//125
f 297//297 298//298 125//125
f 125//125 298//298 126//126
f 298//298 299//299 126//126
f 126//126 299//299 127//127
f 299//299 300//300 127//127
f 127//127 300//300 128//128
f 301//301 173//173 129//129
f 129//129 173//173 1//1
f 300//300 301//301 128//128
f 128//128 301//301 129//129
f 302//302 303//303 130//130
f 130//130 303//303 131//131
f 303//303 304//304 131//131
f 131//131 304//304 132//132
f 304//304 305//305 132//132
f 132//132 305//305 133//133
f 305//305 306//306 133//133
f 133//133 306//306 134//134
f 306//306 307//307 134//134
f 134//134 307//307 135//135
f 307//307 308//308 135//135
f 135//135 308//308 136//136
f 308//308 309//309 136//136
f 136//136 309//309 137//137
f 309//309 310//310 137//137
f 137//137 310//310 138//138
f 310//310 311//311 138//138
f 138//138 311//311 139//139
f 311//311 312//312 139//139
f 139//139 312//312 140//140
f 312//312 313//313 140//140
f 140//140 313//313 141//141
f 313//313 314//314 141//141
f 141//141 314//314 142//142
f 314//314 315//315 142//142
f 142//142 315//315 143//143
f 315//315 316//316 143//143
f 143//143 316//316 144//144
f 316//316 317//317 144//144
f 144//144 317//317 145//145
f 317//317 318//318 145//145
f 145//145 318//318 146//146
f 318//318 319//319 146//146
f 146//146 319//319 147//147
f 319//319 320//320 147//147
f 147//147 320//320 148//148
f 320//320 321//321 148//148
f 148//148 321//321 149//149
f 321//321 322//322 149//149
f 149//149 322//322 150//150
f 322//322 323//323 150//150
f 150//150 323//323 151//151
f 323//323 324//324 151//151
f 151//151 324//324 152//152
f 324//324 325//325 152//152
f 152//152 325//325 153//153
f 325//325 326//326 153//153
f 153//153 326//326 154//154
f 326//326 327//327 154//154
f 154//154 327//327 155//155
f 327//327 328//328 155//155
f 155//155 328//328 156//156
f 328//328 329//329 156//156
f 156//156 329//329 157//157
f 329//329 330//330 157//157
f 157//157 330//330 158//158
f 330//330 331//331 158//158
f 158//158 331//331 159//159
f 331//331 332//332 159//159
f 159//159 332//332 160//160
f 332//332 333//333 160//160
f 160//160 333//333 161//161
f 333//333 334//334 161//161
f 161//161 334//334 162//162
f 334//334 335//335 162//162
f 162//162 335//335 163//163
f 335//335 336//336 163//163
f 163//163 336//336 164//164
f 336//336 337//337 164//164
f 164//164 337//337 165//165
f 337//337 338//338 165//165
f 165//165 338//338 166//166
f 338//338 339//339 166//166
f 166//166 339//339 167//167
f 339//339 340//340 167//167
f 167//167 340//340 168//168
f 340//340 341//341 168//168
f 168//168 341//341 169//169
f 341//341 342//342 169//169
f 169//169 342//342 170//170
f 342//342 343//343 170//170
f 170//170 343//343 171//171
f 344//344 302//302 172//172
f 172//172 302//302 130//130
f 343//343 344//344 171//171
f 171//171 344//344 172//172
f 544//544 545//545 466//466
f 543//543 544//544 466//466
f 542//542 543//543 466//466
f 541//541 542//542 466//466
f 540//540 541//541 466//466
f 539//539 540//540 466//466
f 538//538 539//539 466//466
f 537//537 538//538 466//466
f 536//536 537//537 466//466
f 535//535 536//536 466//466
f 534//534 535//535 466//466
f 533//533 534//534 466//466
f 466//466 545//545 546//546
f 465//465 466//466 546//546
f 464//464 465//465 546//546
f 463//463 464//464 546//546
f 461//461 462//462 463//463
f 460//460 461//461 463//463
f 459//459 460//460 463//463
f 458//458 459//459 463//463
f 457//457 458//458 463//463
f 456//456 457//457 463//463
f 455//455 456//456 463//463
f 454//454 455//455 463//463
f 453//453 454//454 463//463
f 452//452 453//453 463//463
f 451//451 452//452 463//463
f 450//450 451//451 463//463
f 449//449 450//450 463//463
f 448//448 449//449 463//463
f 447//447 448//448 463//463
f 446//446 447//447 463//463
f 445//445 446//446 463//463
f 444//444 445//445 463//463
f 443//443 444//444 463//463
f 442//442 443//443 463//463
f 441//441 442//442 463//463
f 439//439 440//440 441//441
f 438//438 439//439 441//441
f 437//437 438//438 441//441
f 436//436 437//437 441//441
f 435//435 436//436 441//441
f 434//434 435//435 441//441
f 433//433 434//434 441//441
f 432//432 433//433 441//441
f 431//431 432//432 441//441
f 430//430 431//431 441//441
f 429//429 430//430 441//441
f 428//428 429//429 441//441
f 427//427 428//428 441//441
f 426//426 427//427 441//441
f 425//425 426//426 441//441
f 424//424 425//425 441//441
f 423//423 424//424 441//441
f 422//422 423//423 441//441
f 421//421 422//422 441//441
f 420//420 421//421 441//441
f 419//419 420//420 441//441
f 418//418 419//419 441//441
f 417//417 418//418 441//441
f 416//416 417//417 441//441
f 415//415 416//416 441//441
f 414//414 415//415 441//441
f 413//413 414//414 441//441
f 412//412 413//413 441//441
f 411//411 412//412 441//441
f 410//410 411//411 441//441
f 409//409 410//410 441//441
f 408//408 409//409 441//441
f 407//407 408//408 441//441
f 406//406 407//407 441//441
f 405//405 406//406 441//441
f 404//404 405//405 441//441
f 402//402 403//403 404//404
f 401//401 402//402 404//404
f 400//400 401//401 404//404
f 399//399 400//400 404//404
f 398//398 399//399 404//404
f 397//397 398//398 404//404
f 396//396 397//397 404//404
f 395//395 396//396 404//404
f 394//394 395//395 404//404
f 393//393 394//394 404//404
f 392//392 393//393 404//404
f 391//391 392//392 404//404
f 390//390 391//391 404//404
f 389//389 390//390 404//404
f 361//361 362//362 363//363
f 360//360 361//361 363//363
f 359//359 360//360 363//363
f 358//358 359//359 363//363
f 357//357 358//358 363//363
f 356//356 357//357 363//363
f 355//355 356//356 363//363
f 353//353 354//354 355//355
f 352//352 353//353 355//355
f 351//351 352//352 355//355
f 350//350 351//351 355//355
f 349//349 350//350 355//355
f 348//348 349//349 355//355
f 347//347 348//348 355//355
f 346//346 347//347 355//355
f 345//345 346//346 355//355
f 506//506 345//345 355//355
f 505//505 506//506 355//355
f 504//504 505//505 355//355
f 503//503 504//504 355//355
f 502//502 503//503 355//355
f 501//501 502//502 355//355
f 500//500 501//501 355//355
f 499//499 500//500 355//355
f 498//498 499//499 355//355
f 497//497 498//498 355//355
f 496//496 497//497 355//355
f 495//495 496//496 355//355
f 494//494 495//495 355//355
f 493//493 494//494 355//355
f 492//492 493//493 355//355
f 491//491 492//492 355//355
f 490//490 491//491 355//355
f 489//489 490//490 355//355
f 488//488 489//489 355//355
f 487//487 488//488 355//355
f 486//486 487//487 355//355
f 485//485 486//486 355//355
f 484//484 485//485 355//355
f 483//483 484//484 355//355
f 482//482 483//483 355//355
f 480//480 481//481 482//482
f 479//479 480//480 482//482
f 478//478 479//479 482//482
f 477//477 478//478 482//482
f 476//476 477//477 482//482
f 475//475 476//476 482//482
f 474//474 475//475 482//482
f 473//473 474//474 482//482
f 472//472 473//473 482//482
f 471//471 472//472 482//482
f 470//470 471//471 482//482
f 469//469 470//470 482//482
f 468//468 469//469 482//482
f 467//467 468//468 482//482
f 466//466 467//467 482//482
f 533//533 466//466 482//482
f 532//532 533//533 482//482
f 531//531 532//532 482//482
f 530//530 531//531 482//482
f 529//529 530//530 482//482
f 528//528 529//529 482//482
f 527//527 528//528 482//482
f 526//526 527//527 482//482
f 525//525 526//526 482//482
f 524//524 525//525 482//482
f 523//523 524//524 482//482
f 522//522 523//523 482//482
f 521//521 522//522 482//482
f 520//520 521//521 482//482
f 519//519 520//520 482//482
f 518//518 519//519 482//482
f 389//389 404//404 441//441
f 388//388 389//389 441//441
f 387//387 388//388 441//441
f 386//386 387//387 441//441
f 385//385 386//386 441//441
f 384//384 385//385 441//441
f 383//383 384//384 441//441
f 382//382 383//383 441//441
f 381//381 382//382 441//441
f 380//380 381//381 441//441
f 379//379 380//380 441//441
f 378//378 379//379 441//441
f 377//377 378//378 441//441
f 376//376 377//377 441//441
f 375//375 376//376 441//441
f 518//518 482//482 355//355
f 517//517 518//518 355//355
f 516//516 517//517 355//355
f 515//515 516//516 355//355
f 514//514 515//515 355//355
f 513//513 514//514 355//355
f 512//512 513//513 355//355
f 511//511 512//512 355//355
f 510//510 511//511 355//355
f 509//509 510//510 355//355
f 508//508 509//509 355//355
f 507//507 508//508 355//355
f 547//547 507//507 355//355
f 546//546 547//547 355//355
f 375//375 441//441 463//463
f 374//374 375//375 463//463
f 373//373 374//374 463//463
f 372//372 373//373 463//463
f 371//371 372//372 463//463
f 370//370 371//371 463//463
f 369//369 370//370 463//463
f 368//368 369//369 463//463
f 367//367 368//368 463//463
f 366//366 367//367 463//463
f 365//365 366//366 463//463
f 364//364 365//365 463//463
f 363//363 364//364 463//463
f 546//546 355//355 363//363
f 463//463 546//546 363//363
f 669//669 748//748 747//747
f 669//669 747//747 746//746
f 669//669 746//746 745//745
f 669//669 745//745 744//744
f 669//669 744//744 743//743
f 669//669 743//743 742//742
f 669//669 742//742 741//741
f 669//669 741//741 740//740
f 669//669 740//740 739//739
f 669//669 739//739 738//738
f 669//669 738//738 737//737
f 669//669 737//737 736//736
f 749//749 748//748 669//669
f 749//749 669//669 668//668
f 749//749 668//668 667//667
f 749//749 667//667 666//666
f 666//666 665//665 664//664
f 666//666 664//664 663//663
f 666//666 663//663 662//662
f 666//666 662//662 661//661
f 666//666 661//661 660//660
f 666//666 660//660 659//659
f 666//666 659//659 658//658
f 666//666 658//658 657//657
f 666//666 657//657 656//656
f 666//666 656//656 655//655
f 666//666 655//655 654//654
f 666//666 654//654 653//653
f 666//666 653//653 652//652
f 666//666 652//652 651//651
f 666//666 651//651 650//650
f 666//666 650//650 649//649
f 666//666 649//649 648//648
f 666//666 648//648 647//647
f 666//666 647//647 646//646
f 666//666 646//646 645//645
f 666//666 645//645 644//644
f 644//644 643//643 642//642
f 644//644 642//642 641//641
f 644//644 641//641 640//640
f 644//644 640//640 639//639
f 644//644 639//639 638//638
f 644//644 638//638 637//637
f 644//644 637//637 636//636
f 644//644 636//636 635//635
f 644//644 635//635 634//634
f 644//644 634//634 633//633
f 644//644 633//633 632//632
f 644//644 632//632 631//631
f 644//644 631//631 630//630
f 644//644 630//630 629//629
f 644//644 629//629 628//628
f 644//644 628//628 627//627
f 644//644 627//627 626//626
f 644//644 626//626 625//625
f 644//644 625//625 624//624
f 644//644 624//624 623//623
f 644//644 623//623 622//622
f 644//644 622//622 621//621
f 644//644 621//621 620//620
f 644//644 620//620 619//619
f 644//644 619//619 618//618
f 644//644 618//618 617//617
f 644//644 617//617 616//616
f 644//644 616//616 615//615
f 644//644 615//615 614//614
f 644//644 614//614 613//613
f 644//644 613//613 612//612
f 644//644 612//612 611//611
f 644//644 611//611 610//610
f 644//644 610//610 609//609
f 644//644 609//609 608//608
f 644//644 608//608 607//607
f 607//607 606//606 605//605
f 607//607 605//605 604//604
f 607//607 604//604 603//603
f 607//607 603//603 602//602
f 607//607 602//602 601//601
f 607//607 601//601 600//600
f 607//607 600//600 599//599
f 607//607 599//599 598//598
f 607//607 598//598 597//597
f 607//607 597//597 596//596
f 607//607 596//596 595//595
f 607//607 595//595 594//594
f 607//607 594//594 593//593
f 607//607 593//593 592//592
f 566//566 565//565 564//564
f 566//566 564//564 563//563
f 566//566 563//563 562//562
f 566//566 562//562 561//561
f 566//566 561//561 560//560
f 566//566 560//560 559//559
f 566//566 559//559 558//558
f 558//558 557//557 556//556
f 558//558 556//556 555//555
f 558//558 555//555 554//554
f 558//558 554//554 553//553
f 558//558 553//553 552//552
f 558//558 552//552 551//551
f 558//558 551//551 550//550
f 558//558 550//550 549//549
f 558//558 549//549 548//548
f 558//558 548//548 709//709
f 558//558 709//709 708//708
f 558//558 708//708 707//707
f 558//558 707//707 706//706
f 558//558 706//706 705//705
f 558//558 705//705 704//704
f 558//558 704//704 703//703
f 558//558 703//703 702//702
f 558//558 702//702 701//701
f 558//558 701//701 700//700
f 558//558 700//700 699//699
f 558//558 699//699 698//698
f 558//558 698//698 697//697
f 558//558 697//697 696//696
f 558//558 696//696 695//695
f 558//558 695//695 694//694
f 558//558 694//694 693//693
f 558//558 693//693 692//692
f 558//558 692//692 691//691
f 558//558 691//691 690//690
f 558//558 690//690 689//689
f 558//558 689//689 688//688
f 558//558 688//688 687//687
f 558//558 687//687 686//686
f 558//558 686//686 685//685
f 685//685 684//684 683//683
f 685//685 683//683 682//682
f 685//685 682//682 681//681
f 685//685 681//681 680//680
f 685//685 680//680 679//679
f 685//685 679//679 678//678
f 685//685 678//678 677//677
f 685//685 677//677 676//676
f 685//685 676//676 675//675
f 685//685 675//675 674//674
f 685//685 674//674 673//673
f 685//685 673//673 672//672
f 685//685 672//672 671//671
f 685//685 671//671 670//670
f 685//685 670//670 669//669
f 685//685 669//669 736//736
f 685//685 736//736 735//735
f 685//685 735//735 734//734
f 685//685 734//734 733//733
f 685//685 733//733 732//732
f 685//685 732//732 731//731
f 685//685 731//731 730//730
f 685//685 730//730 729//729
f 685//685 729//729 728//728
f 685//685 728//728 727//727
f 685//685 727//727 726//726
f 685//685 726//726 725//725
f 685//685 725//725 724//724
f 685//685 724//724 723//723
f 685//685 723//723 722//722
f 685//685 722//722 721//721
f 644//644 607//607 592//592
f 644//644 592//592 591//591
f 644//644 591//591 590//590
f 644//644 590//590 589//589
f 644//644 589//589 588//588
f 644//644 588//588 587//587
f 644//644 587//587 586//586
f 644//644 586//586 585//585
f 644//644 585//585 584//584
f 644//644 584//584 583//583
f 644//644 583//583 582//582
f 644//644 582//582 581//581
f 644//644 581//581 580//580
f 644//644 580//580 579//579
f 644//644 579//579 578//578
f 558//558 685//685 721//721
f 558//558 721//721 720//720
f 558//558 720//720 719//719
f 558//558 719//719 718//718
f 558//558 718//718 717//717
f 558//558 717//717 716//716
f 558//558 716//716 715//715
f 558//558 715//715 714//714
f 558//558 714//714 713//713
f 558//558 713//713 712//712
f 558//558 712//712 711//711
f 558//558 711//711 710//710
f 558//558 710//710 750//750
f 558//558 750//750 749//749
f 666//666 644//644 578//578
f 666//666 578//578 577//577
f 666//666 577//577 576//576
f 666//666 576//576 575//575
f 666//666 575//575 574//574
f 666//666 574//574 573//573
f 666//666 573//573 572//572
f 666//666 572//572 571//571
f 666//666 571//571 570//570
f 666//666 570//570 569//569
f 666//666 569//569 568//568
f 666//666 568//568 567//567
f 666//666 567//567 566//566
f 566//566 558//558 749//749
f 566//566 749//749 666//666
f 548//548 549//549 345//345
f 345//345 549//549 346//346
f 549//549 550//550 346//346
f 346//346 550//550 347//347
f 550//550 551//551 347//347
f 347//347 551//551 348//348
f 551//551 552//552 348//348
f 348//348 552//552 349//349
f 552//552 553//553 349//349
f 349//349 553//553 350//350
f 553//553 554//554 350//350
f 350//350 554//554 351//351
f 554//554 555//555 351//351
f 351//351 555//555 352//352
f 555//555 556//556 352//352
f 352//352 556//556 353//353
f 556//556 557//557 353//353
f 353//353 557//557 354//354
f 557//557 558//558 354//354
f 354//354 558//558 355//355
f 558//558 559//559 355//355
f 355//355 559//559 356//356
f 559//559 560//560 356//356
f 356//356 560//560 357//357
f 560//560 561//561 357//357
f 357//357 561//561 358//358
f 561//561 562//562 358//358
f 358//358 562//562 359//359
f 562//562 563//563 359//359
f 359//359 563//563 360//360
f 563//563 564//564 360//360
f 360//360 564//564 361//361
f 564//564 565//565 361//361
f 361//361 565//565 362//362
f 565//565 566//566 362//362
f 362//362 566//566 363//363
f 566//566 567//567 363//363
f 363//363 567//567 364//364
f 567//567 568//568 364//364
f 364//364 568//568 365//365
f 568//568 569//569 365//365
f 365//365 569//569 366//366
f 569//569 570//570 366//366
f 366//366 570//570 367//367
f 570//570 571//571 367//367
f 367//367 571//571 368//368
f 571//571 572//572 368//368
f 368//368 572//572 369//369
f 572//572 573//573 369//369
f 369//369 573//573 370//370
f 573//573 574//574 370//370
f 370//370 574//574 371//371
f 574//574 575//575 371//371
f 371//371 575//575 372//372
f 575//575 576//576 372//372
f 372//372 576//576 373//373
f 576//576 577//577 373//373
f 373//373 577//577 374//374
f 577//577 578//578 374//374
f 374//374 578//578 375//375
f 578//578 579//579 375//375
f 375//375 579//579 376//376
f 579//579 580//580 376//376
f 376//376 580//580 377//377
f 580//580 581//581 377//377
f 377//377 581//581 378//378
f 581//581 582//582 378//378
f 378//378 582//582 379//379
f 582//582 583//583 379//379
f 379//379 583//583 380//380
f 583//583 584//584 380//380
f 380//380 584//584 381//381
f 584//584 585//585 381//381
f 381//381 585//585 382//382
f 585//585 586//586 382//382
f 382//382 586//586 383//383
f 586//586 587//587 383//383
f 383//383 587//587 384//384
f 587//587 588//588 384//384
f 384//384 588//588 385//385
f 588//588 589//589 385//385
f 385//385 589//589 386//386
f 589//589 590//590 386//386
f 386//386 590//590 387//387
f 590//590 591//591 387//387
f 387//387 591//591 388//388
f 591//591 592//592 388//388
f 388//388 592//592 389//389
f 592//592 593//593 389//389
f 389//389 593//593 390//390
f 593//593 594//594 390//390
f 390//390 594//594 391//391
f 594//594 595//595 391//391
f 391//391 595//595 392//392
f 595//595 596//596 392//392
f 392//392 596//596 393//393
f 596//596 597//597 393//393
f 393//393 597//597 394//394
f 597//597 598//598 394//394
f 394//394 598//598 395//395
f 598//598 599//599 395//395
f 395//395 599//599 396//396
f 599//599 600//600 396//396
f 396//396 600//600 397//397
f 600//600 601//601 397//397
f 397//397 601//601 398//398
f 601//601 602//602 398//398
f 398//398 602//602 399//399
f 602//602 603//603 399//399
f 399//399 603//603 400//400
f 603//603 604//604 400//400
f 400//400 604//604 401//401
f 604//604 605//605 401//401
f 401//401 605//605 402//402
f 605//605 606//606 402//402
f 402//402 606//606 403//403
f 606//606 607//607 403//403
f 403//403 607//607 404//404
f 607//607 608//608 404//404
f 404//404 608//608 405//405
f 608//608 609//609 405//405
f 405//405 609//609 406//406
f 609//609 610//610 406//406
f 406//406 610//610 407//407
f 610//610 611//611 407//407
f 407//407 611//611 408//408
f 611//611 612//612 408//408
f 408//408 612//612 409//409
f 612//612 613//613 409//409
f 409//409 613//613 410//410
f 613//613 614//614 410//410
f 410//410 614//614 411//411
f 614//614 615//615 411//411
f 411//411 615//615 412//412
f 615//615 616//616 412//412
f 412//412 616//616 413//413
f 616//616 617//617 413//413
f 413//413 617//617 414//414
f 617//617 618//618 414//414
f 414//414 618//618 415//415
f 618//618 619//619 415//415
f 415//415 619//619 416//416
f 619//619 620//620 416//416
f 416//416 620//620 417//417
f 620//620 621//621 417//417
f 417//417 621//621 418//418
f 621//621 622//622 418//418
f 418//418 622//622 419//419
f 622//622 623//623 419//419
f 419//419 623//623 420//420
f 623//623 624//624 420//420
f 420//420 624//624 421//421
f 624//624 625//625 421//421
f 421//421 625//625 422//422
f 625//625 626//626 422//422
f 422//422 626//626 423//423
f 626//626 627//627 423//423
f 423//423 627//627 424//424
f 627//627 628//628 424//424
f 424//424 628//628 425//425
f 628//628 629//629 425//425
f 425//425 629//629 426//426
f 629//629 630//630 426//426
f 426//426 630//630 427//427
f 630//630 631//631 427//427
f 427//427 631//631 428//428
f 631//631 632//632 428//428
f 428//428 632//632 429//429
f 632//632 633//633 429//429
f 429//429 633//633 430//430
f 633//633 634//634 430//430
f 430//430 634//634 431//431
f 634//634 635//635 431//431
f 431//431 635//635 432//432
f 635//635 636//636 432//432
f 432//432 636//636 433//433
f 636//636 637//637 433//433
f 433//433 637//637 434//434
f 637//637 638//638 434//434
f 434//434 638//638 435//435
f 638//638 639//639 435//435
f 435//435 639//639 436//436
f 639//639 640//640 436//436
f 436//436 640//640 437//437
f 640//640 641//641 437//437
f 437//437 641//641 438//438
f 641//641 642//642 438//438
f 438//438 642//642 439//439
f 642//642 643//643 439//439
f 439//439 643//643 440//440
f 643//643 644//644 440//440
f 440//440 644//644 441//441
f 644//644 645//645 441//441
f 441//441 645//645 442//442
f 645//645 646//646 442//442
f 442//442 646//646 443//443
f 646//646 647//647 443//443
f 443//443 647//647 444//444
f 647//647 648//648 444//444
f 444//444 648//648 445//445
f 648//648 649//649 445//445
f 445//445 649//649 446//446
f 649//649 650//650 446//446
f 446//446 650//650 447//447
f 650//650 651//651 447//447
f 447//447 651//651 448//448
f 651//651 652//652 448//448
f 448//448 652//652 449//449
f 652//652 653//653 449//449
f 449//449 653//653 450//450
f 653//653 654//654 450//450
f 450//450 654//654 451//451
f 654//654 655//655 451//451
f 451//451 655//655 452//452
f 655//655 656//656 452//452
f 452//452 656//656 453//453
f 656//656 657//657 453//453
f 453//453 657//657 454//454
f 657//657 658//658 454//454
f 454//454 658//658 455//455
f 658//658 659//659 455//455
f 455//455 659//659 456//456
f 659//659 660//660 456//456
f 456//456 660//660 457//457
f 660//660 661//661 457//457
f 457//457 661//661 458//458
f 661//661 662//662 458//458
f 458//458 662//662 459//459
f 662//662 663//663 459//459
f 459//459 663//663 460//460
f 663//663 664//664 460//460
f 460//460 664//664 461//461
f 664//664 665//665 461//461
f 461//461 665//665 462//462
f 665//665 666//666 462//462
f 462//462 666//666 463//463
f 666//666 667//667 463//463
f 463//463 667//667 464//464
f 667//667 668//668 464//464
f 464//464 668//668 465//465
f 668//668 669//669 465//465
f 465//465 669//669 466//466
f 669//669 670//670 466//466
f 466//466 670//670 467//467
f 670//670 671//671 467//467
f 467//467 671//671 468//468
f 671//671 672//672 468//468
f 468//468 672//672 469//469
f 672//672 673//673 469//469
f 469//469 673//673 470//470
f 673//673 674//674 470//470
f 470//470 674//674 471//471
f 674//674 675//675 471//471
f 471//471 675//675 472//472
f 675//675 676//676 472//472
f 472//472 676//676 473//473
f 676//676 677//677 473//473
f 473//473 677//677 474//474
f 677//677 678//678 474//474
f 474//474 678//678 475//475
f 678//678 679//679 475//475
f 475//475 679//679 476//476
f 679//679 680//680 476//476
f 476//476 680//680 477//477
f 680//680 681//681 477//477
f 477//477 681//681 478//478
f 681//681 682//682 478//478
f 478//478 682//682 479//479
f 682//682 683//683 479//479
f 479//479 683//683 480//480
f 683//683 684//684 480//480
f 480//480 684//684 481//481
f 684//684 685//685 481//481
f 481//481 685//685 482//482
f 685//685 686//686 482//482
f 482//482 686//686 483//483
f 686//686 687//687 483//483
f 483//483 687//687 484//484
f 687//687 688//688 484//484
f 484//484 688//688 485//485
f 688//688 689//689 485//485
f 485//485 689//689 486//486
f 689//689 690//690 486//486
f 486//486 690//690 487//487
f 690//690 691//691 487//487
f 487//487 691//691 488//488
f 691//691 692//692 488//488
f 488//488 692//692 489//489
f 692//692 693//693 489//489
f 489//489 693//693 490//490
f 693//693 694//694 490//490
f 490//490 694//694 491//491
f 694//694 695//695 491//491
f 491//491 695//695 492//492
f 695//695 696//696 492//492
f 492//492 696//696 493//493
f 696//696 697//697 493//493
f 493//493 697//697 494//494
f 697//697 698//698 494//494
f 494//494 698//698 495//495
f 698//698 699//699 495//495
f 495//495 699//699 496//496
f 699//699 700//700 496//496
f 496//496 700//700 497//497
f 700//700 701//701 497//497
f 497//497 701//701 498//498
f 701//701 702//702 498//498
f 498//498 702//702 499//499
f 702//702 703//703 499//499
f 499//499 703//703 500//500
f 703//703 704//704 500//500
f 500//500 704//704 501//501
f 704//704 705//705 501//501
f 501//501 705//705 502//502
f 705//705 706//706 502//502
f 502//502 706//706 503//503
f 706//706 707//707 503//503
f 503//503 707//707 504//504
f 707//707 708//708 504//504
f 504//504 708//708 505//505
f 709//709 548//548 506//506
f 506//506 548//548 345//345
f 708//708 709//709 505//505
f 505//505 709//709 506//506
f 710//710 711//711 507//507
f 507//507 711//711 508//508
f 711//711 712//712 508//508
f 508//508 712//712 509//509
f 712//712 713//713 509//509
f 509//509 713//713 510//510
f 713//713 714//714 510//510
f 510//510 714//714 511//511
f 714//714 715//715 511//511
f 511//511 715//715 512//512
f 715//715 716//716 512//512
f 512//512 716//716 513//513
f 716//716 717//717 513//513
f 513//513 717//717 514//514
f 717//717 718//718 514//514
f 514//514 718//718 515//515
f 718//718 719//719 515//515
f 515//515 719//719 516//516
f 719//719 720//720 516//516
f 516//516 720//720 517//517
f 720//720 721//721 517//517
f 517//517 721//721 518//518
f 721//721 722//722 518//518
f 518//518 722//722 519//519
f 722//722 723//723 519//519
f 519//519 723//723 520//520
f 723//723 724//724 520//520
f 520//520 724//724 521//521
f 724//724 725//725 521//521
f 521//521 725//725 522//522
f 725//725 726//726 522//522
f 522//522 726//726 523//523
f 726//726 727//727 523//523
f 523//523 727//727 524//524
f 727//727 728//728 524//524
f 524//524 728//728 525//525
f 728//728 729//729 525//525
f 525//525 729//729 526//526
f 729//729 730//730 526//526
f 526//526 730//730 527//527
f 730//730 731//731 527//527
f 527//527 731//731 528//528
f 731//731 732//732 528//528
f 528//528 732//732 529//529
f 732//732 733//733 529//529
f 529//529 733//733 530//530
f 733//733 734//734 530//530
f 530//530 734//734 531//531
f 734//734 735//735 531//531
f 531//531 735//735 532//532
f 735//735 736//736 532//532
f 532//532 736//736 533//533
f 736//736 737//737 533//533
f 533//533 737//737 534//534
f 737//737 738//738 534//534
f 534//534 738//738 535//535
f 738//738 739//739 535//535
f 535//535 739//739 536//536
f 739//739 740//740 536//536
f 536//536 740//740 537//537
f 740//740 741//741 537//537
f 537//537 741//741 538//538
f 741//741 742//742 538//538
f 538//538 742//742 539//539
f 742//742 743//743 539//539
f 539//539 743//743 540//540
f 743//743 744//744 540//540
f 540//540 744//744 541//541
f 744//744 745//745 541//541
f 541//541 745//745 542//542
f 745//745 746//746 542//542
f 542//542 746//746 543//543
f 746//746 747//747 543//543
f 543//543 747//747 544//544
f 747//747 748//748 544//544
f 544//544 748//748 545//545
f 748//748 749//749 545//545
f 545//545 749//749 546//546
f 750//750 710//710 547//547
f 547//547 710//710 507//507
f 749//749 750//750 546//546
f 546//546 750//750 547//547
f 1055//1055 1056//1056 972//972
f 1054//1054 1055//1055 972//972
f 1053//1053 1054//1054 972//972
f 1052//1052 1053//1053 972//972
f 1051//1051 1052//1052 972//972
f 1050//1050 1051//1051 972//972
f 1049//1049 1050//1050 972//972
f 1048//1048 1049//1049 972//972
f 1047//1047 1048//1048 972//972
f 1046//1046 1047//1047 972//972
f 1033//1033 1034//1034 1035//1035
f 1032//1032 1033//1033 1035//1035
f 1031//1031 1032//1032 1035//1035
f 1030//1030 1031//1031 1035//1035
f 1029//1029 1030//1030 1035//1035
f 1028//1028 1029//1029 1035//1035
f 1027//1027 1028//1028 1035//1035
f 1026//1026 1027//1027 1035//1035
f 1025//1025 1026//1026 1035//1035
f 1024//1024 1025//1025 1035//1035
f 1023//1023 1024//1024 1035//1035
f 1022//1022 1023//1023 1035//1035
f 1021//1021 1022//1022 1035//1035
f 1020//1020 1021//1021 1035//1035
f 1019//1019 1020//1020 1035//1035
f 1018//1018 1019//1019 1035//1035
f 1017//1017 1018//1018 1035//1035
f 1016//1016 1017//1017 1035//1035
f 1015//1015 1016//1016 1035//1035
f 972//972 1056//1056 1057//1057
f 971//971 972//972 1057//1057
f 970//970 971//971 1057//1057
f 969//969 970//970 1057//1057
f 968//968 969//969 1057//1057
f 967//967 968//968 1057//1057
f 966//966 967//967 1057//1057
f 965//965 966//966 1057//1057
f 964//964 965//965 1057//1057
f 963//963 964//964 1057//1057
f 962//962 963//963 1057//1057
f 961//961 962//962 1057//1057
f 960//960 961//961 1057//1057
f 959//959 960//960 1057//1057
f 958//958 959//959 1057//1057
f 957//957 958//958 1057//1057
f 955//955 956//956 957//957
f 954//954 955//955 957//957
f 953//953 954//954 957//957
f 952//952 953//953 957//957
f 951//951 952//952 957//957
f 950//950 951//951 957//957
f 949//949 950//950 957//957
f 948//948 949//949 957//957
f 947//947 948//948 957//957
f 946//946 947//947 957//957
f 945//945 946//946 957//957
f 944//944 945//945 957//957
f 943//943 944//944 957//957
f 942//942 943//943 957//957
f 941//941 942//942 957//957
f 940//940 941//941 957//957
f 939//939 940//940 957//957
f 938//938 939//939 957//957
f 937//937 938//938 957//957
f 936//936 937//937 957//957
f 935//935 936//936 957//957
f 934//934 935//935 957//957
f 933//933 934//934 957//957
f 932//932 933//933 957//957
f 930//930 931//931 932//932
f 929//929 930//930 932//932
f 928//928 929//929 932//932
f 927//927 928//928 932//932
f 926//926 927//927 932//932
f 925//925 926//926 932//932
f 924//924 925//925 932//932
f 923//923 924//924 932//932
f 922//922 923//923 932//932
f 921//921 922//922 932//932
f 920//920 921//921 932//932
f 919//919 920//920 932//932
f 918//918 919//919 932//932
f 917//917 918//918 932//932
f 916//916 917//917 932//932
f 915//915 916//916 932//932
f 914//914 915//915 932//932
f 913//913 914//914 932//932
f 912//912 913//913 932//932
f 911//911 912//912 932//932
f 910//910 911//911 932//932
f 909//909 910//910 932//932
f 908//908 909//909 932//932
f 907//907 908//908 932//932
f 906//906 907//907 932//932
f 905//905 906//906 932//932
f 904//904 905//905 932//932
f 903//903 904//904 932//932
f 902//902 903//903 932//932
f 901//901 902//902 932//932
f 900//900 901//901 932//932
f 899//899 900//900 932//932
f 898//898 899//899 932//932
f 897//897 898//898 932//932
f 896//896 897//897 932//932
f 895//895 896//896 932//932
f 894//894 895//895 932//932
f 893//893 894//894 932//932
f 892//892 893//893 932//932
f 890//890 891//891 892//892
f 889//889 890//890 892//892
f 888//888 889//889 892//892
f 887//887 888//888 892//892
f 886//886 887//887 892//892
f 885//885 886//886 892//892
f 884//884 885//885 892//892
f 883//883 884//884 892//892
f 882//882 883//883 892//892
f 881//881 882//882 892//892
f 880//880 881//881 892//892
f 879//879 880//880 892//892
f 878//878 879//879 892//892
f 877//877 878//878 892//892
f 876//876 877//877 892//892
f 875//875 876//876 892//892
f 874//874 875//875 892//892
f 873//873 874//874 892//892
f 872//872 873//873 892//892
f 871//871 872//872 892//892
f 870//870 871//871 892//892
f 869//869 870//870 892//892
f 868//868 869//869 892//892
f 867//867 868//868 892//892
f 866//866 867//867 892//892
f 865//865 866//866 892//892
f 864//864 865//865 892//892
f 863//863 864//864 892//892
f 862//862 863//863 892//892
f 861//861 862//862 892//892
f 849//849 850//850 851//851
f 848//848 849//849 851//851
f 847//847 848//848 851//851
f 846//846 847//847 851//851
f 845//845 846//846 851//851
f 844//844 845//845 851//851
f 843//843 844//844 851//851
f 842//842 843//843 851//851
f 841//841 842//842 851//851
f 840//840 841//841 851//851
f 839//839 840//840 851//851
f 838//838 839//839 851//851
f 837//837 838//838 851//851
f 836//836 837//837 851//851
f 835//835 836//836 851//851
f 833//833 834//834 835//835
f 832//832 833//833 835//835
f 831//831 832//832 835//835
f 830//830 831//831 835//835
f 829//829 830//830 835//835
f 828//828 829//829 835//835
f 827//827 828//828 835//835
f 826//826 827//827 835//835
f 825//825 826//826 835//835
f 824//824 825//825 835//835
f 823//823 824//824 835//835
f 822//822 823//823 835//835
f 821//821 822//822 835//835
f 820//820 821//821 835//835
f 819//819 820//820 835//835
f 818//818 819//819 835//835
f 817//817 818//818 835//835
f 816//816 817//817 835//835
f 815//815 816//816 835//835
f 814//814 815//815 835//835
f 813//813 814//814 835//835
f 812//812 813//813 835//835
f 811//811 812//812 835//835
f 809//809 810//810 811//811
f 808//808 809//809 811//811
f 807//807 808//808 811//811
f 806//806 807//807 811//811
f 805//805 806//806 811//811
f 804//804 805//805 811//811
f 803//803 804//804 811//811
f 802//802 803//803 811//811
f 801//801 802//802 811//811
f 800//800 801//801 811//811
f 799//799 800//800 811//811
f 798//798 799//799 811//811
f 797//797 798//798 811//811
f 796//796 797//797 811//811
f 795//795 796//796 811//811
f 991//991 992//992 993//993
f 990//990 991//991 993//993
f 989//989 990//990 993//993
f 988//988 989//989 993//993
f 987//987 988//988 993//993
f 986//986 987//987 993//993
f 985//985 986//986 993//993
f 984//984 985//985 993//993
f 983//983 984//984 993//993
f 982//982 983//983 993//993
f 981//981 982//982 993//993
f 980//980 981//981 993//993
f 979//979 980//980 993//993
f 978//978 979//979 993//993
f 977//977 978//978 993//993
f 976//976 977//977 993//993
f 975//975 976//976 993//993
f 974//974 975//975 993//993
f 973//973 974//974 993//993
f 972//972 973//973 993//993
f 1046//1046 972//972 993//993
f 1045//1045 1046//1046 993//993
f 1044//1044 1045//1045 993//993
f 1043//1043 1044//1044 993//993
f 1042//1042 1043//1043 993//993
f 1041//1041 1042//1042 993//993
f 1040//1040 1041//1041 993//993
f 1039//1039 1040//1040 993//993
f 1038//1038 1039//1039 993//993
f 1037//1037 1038//1038 993//993
f 1036//1036 1037//1037 993//993
f 1035//1035 1036//1036 993//993
f 1015//1015 1035//1035 993//993
f 957//957 1057//1057 1058//1058
f 861//861 892//892 932//932
f 860//860 861//861 932//932
f 859//859 860//860 932//932
f 858//858 859//859 932//932
f 857//857 858//858 932//932
f 856//856 857//857 932//932
f 855//855 856//856 932//932
f 854//854 855//855 932//932
f 853//853 854//854 932//932
f 852//852 853//853 932//932
f 851//851 852//852 932//932
f 795//795 811//811 835//835
f 794//794 795//795 835//835
f 793//793 794//794 835//835
f 792//792 793//793 835//835
f 791//791 792//792 835//835
f 790//790 791//791 835//835
f 789//789 790//790 835//835
f 788//788 789//789 835//835
f 787//787 788//788 835//835
f 786//786 787//787 835//835
f 785//785 786//786 835//835
f 784//784 785//785 835//835
f 783//783 784//784 835//835
f 782//782 783//783 835//835
f 781//781 782//782 835//835
f 780//780 781//781 835//835
f 779//779 780//780 835//835
f 778//778 779//779 835//835
f 777//777 778//778 835//835
f 776//776 777//777 835//835
f 775//775 776//776 835//835
f 774//774 775//775 835//835
f 773//773 774//774 835//835
f 772//772 773//773 835//835
f 1015//1015 993//993 994//994
f 957//957 1058//1058 1059//1059
f 772//772 835//835 851//851
f 771//771 772//772 851//851
f 770//770 771//771 851//851
f 769//769 770//770 851//851
f 768//768 769//769 851//851
f 767//767 768//768 851//851
f 766//766 767//767 851//851
f 765//765 766//766 851//851
f 764//764 765//765 851//851
f 763//763 764//764 851//851
f 762//762 763//763 851//851
f 761//761 762//762 851//851
f 760//760 761//761 851//851
f 759//759 760//760 851//851
f 758//758 759//759 851//851
f 757//757 758//758 851//851
f 756//756 757//757 851//851
f 755//755 756//756 851//851
f 754//754 755//755 851//851
f 753//753 754//754 851//851
f 1015//1015 994//994 751//751
f 957//957 1059//1059 1060//1060
f 1015//1015 751//751 752//752
f 957//957 1060//1060 1061//1061
f 1015//1015 752//752 753//753
f 957//957 1061//1061 1062//1062
f 1015//1015 753//753 851//851
f 1014//1014 1015//1015 851//851
f 1013//1013 1014//1014 851//851
f 1012//1012 1013//1013 851//851
f 1011//1011 1012//1012 851//851
f 1010//1010 1011//1011 851//851
f 1009//1009 1010//1010 851//851
f 1008//1008 1009//1009 851//851
f 1007//1007 1008//1008 851//851
f 1006//1006 1007//1007 851//851
f 1005//1005 1006//1006 851//851
f 1004//1004 1005//1005 851//851
f 1003//1003 1004//1004 851//851
f 1002//1002 1003//1003 851//851
f 1001//1001 1002//1002 851//851
f 1000//1000 1001//1001 851//851
f 999//999 1000//1000 851//851
f 998//998 999//999 851//851
f 997//997 998//998 851//851
f 957//957 1062//1062 1063//1063
f 997//997 851//851 932//932
f 996//996 997//997 932//932
f 957//957 1063//1063 1064//1064
f 996//996 932//932 957//957
f 995//995 996//996 957//957
f 1076//1076 995//995 957//957
f 1075//1075 1076//1076 957//957
f 1074//1074 1075//1075 957//957
f 1073//1073 1074//1074 957//957
f 1072//1072 1073//1073 957//957
f 1071//1071 1072//1072 957//957
f 1070//1070 1071//1071 957//957
f 1069//1069 1070//1070 957//957
f 1068//1068 1069//1069 957//957
f 1067//1067 1068//1068 957//957
f 1066//1066 1067//1067 957//957
f 1065//1065 1066//1066 957//957
f 1064//1064 1065//1065 957//957
f 1298//1298 1382//1382 1381//1381
f 1298//1298 1381//1381 1380//1380
f 1298//1298 1380//1380 1379//1379
f 1298//1298 1379//1379 1378//1378
f 1298//1298 1378//1378 1377//1377
f 1298//1298 1377//1377 1376//1376
f 1298//1298 1376//1376 1375//1375
f 1298//1298 1375//1375 1374//1374
f 1298//1298 1374//1374 1373//1373
f 1298//1298 1373//1373 1372//1372
f 1361//1361 1360//1360 1359//1359
f 1361//1361 1359//1359 1358//1358
f 1361//1361 1358//1358 1357//1357
f 1361//1361 1357//1357 1356//1356
f 1361//1361 1356//1356 1355//1355
f 1361//1361 1355//1355 1354//1354
f 1361//1361 1354//1354 1353//1353
f 1361//1361 1353//1353 1352//1352
f 1361//1361 1352//1352 1351//1351
f 1361//1361 1351//1351 1350//1350
f 1361//1361 1350//1350 1349//1349
f 1361//1361 1349//1349 1348//1348
f 1361//1361 1348//1348 1347//1347
f 1361//1361 1347//1347 1346//1346
f 1361//1361 1346//1346 1345//1345
f 1361//1361 1345//1345 1344//1344
f 1361//1361 1344//1344 1343//1343
f 1361//1361 1343//1343 1342//1342
f 1361//1361 1342//1342 1341//1341
f 1383//1383 1382//1382 1298//1298
f 1383//1383 1298//1298 1297//1297
f 1383//1383 1297//1297 1296//1296
f 1383//1383 1296//1296 1295//1295
f 1383//1383 1295//1295 1294//1294
f 1383//1383 1294//1294 1293//1293
f 1383//1383 1293//1293 1292//1292
f 1383//1383 1292//1292 1291//1291
f 1383//1383 1291//1291 1290//1290
f 1383//1383 1290//1290 1289//1289
f 1383//1383 1289//1289 1288//1288
f 1383//1383 1288//1288 1287//1287
f 1383//1383 1287//1287 1286//1286
f 1383//1383 1286//1286 1285//1285
f 1383//1383 1285//1285 1284//1284
f 1383//1383 1284//1284 1283//1283
f 1283//1283 1282//1282 1281//1281
f 1283//1283 1281//1281 1280//1280
f 1283//1283 1280//1280 1279//1279
f 1283//1283 1279//1279 1278//1278
f 1283//1283 1278//1278 1277//1277
f 1283//1283 1277//1277 1276//1276
f 1283//1283 1276//1276 1275//1275
f 1283//1283 1275//1275 1274//1274
f 1283//1283 1274//1274 1273//1273
f 1283//1283 1273//1273 1272//1272
f 1283//1283 1272//1272 1271//1271
f 1283//1283 1271//1271 1270//1270
f 1283//1283 1270//1270 1269//1269
f 1283//1283 1269//1269 1268//1268
f 1283//1283 1268//1268 1267//1267
f 1283//1283 1267//1267 1266//1266
f 1283//1283 1266//1266 1265//1265
f 1283//1283 1265//1265 1264//1264
f 1283//1283 1264//1264 1263//1263
f 1283//1283 1263//1263 1262//1262
f 1283//1283 1262//1262 1261//1261
f 1283//1283 1261//1261 1260//1260
f 1283//1283 1260//1260 1259//1259
f 1283//1283 1259//1259 1258//1258
f 1258//1258 1257//1257 1256//1256
f 1258//1258 1256//1256 1255//1255
f 1258//1258 1255//1255 1254//1254
f 1258//1258 1254//1254 1253//1253
f 1258//1258 1253//1253 1252//1252
f 1258//1258 1252//1252 1251//1251
f 1258//1258 1251//1251 1250//1250
f 1258//1258 1250//1250 1249//1249
f 1258//1258 1249//1249 1248//1248
f 1258//1258 1248//1248 1247//1247
f 1258//1258 1247//1247 1246//1246
f 1258//1258 1246//1246 1245//1245
f 1258//1258 1245//1245 1244//1244
f 1258//1258 1244//1244 1243//1243
f 1258//1258 1243//1243 1242//1242
f 1258//1258 1242//1242 1241//1241
f 1258//1258 1241//1241 1240//1240
f 1258//1258 1240//1240 1239//1239
f 1258//1258 1239//1239 1238//1238
f 1258//1258 1238//1238 1237//1237
f 1258//1258 1237//1237 1236//1236
f 1258//1258 1236//1236 1235//1235
f 1258//1258 1235//1235 1234//1234
f 1258//1258 1234//1234 1233//1233
f 1258//1258 1233//1233 1232//1232
f 1258//1258 1232//1232 1231//1231
f 1258//1258 1231//1231 1230//1230
f 1258//1258 1230//1230 1229//1229
f 1258//1258 1229//1229 1228//1228
f 1258//1258 1228//1228 1227//1227
f 1258//1258 1227//1227 1226//1226
f 1258//1258 1226//1226 1225//1225
f 1258//1258 1225//1225 1224//1224
f 1258//1258 1224//1224 1223//1223
f 1258//1258 1223//1223 1222//1222
f 1258//1258 1222//1222 1221//1221
f 1258//1258 1221//1221 1220//1220
f 1258//1258 1220//1220 1219//1219
f 1258//1258 1219//1219 1218//1218
f 1218//1218 1217//1217 1216//1216
f 1218//1218 1216//1216 1215//1215
f 1218//1218 1215//1215 1214//1214
f 1218//1218 1214//1214 1213//1213
f 1218//1218 1213//1213 1212//1212
f 1218//1218 1212//1212 1211//1211
f 1218//1218 1211//1211 1210//1210
f 1218//1218 1210//1210 1209//1209
f 1218//1218 1209//1209 1208//1208
f 1218//1218 1208//1208 1207//1207
f 1218//1218 1207//1207 1206//1206
f 1218//1218 1206//1206 1205//1205
f 1218//1218 1205//1205 1204//1204
f 1218//1218 1204//1204 1203//1203
f 1218//1218 1203//1203 1202//1202
f 1218//1218 1202//1202 1201//1201
f 1218//1218 1201//1201 1200//1200
f 1218//1218 1200//1200 1199//1199
f 1218//1218 1199//1199 1198//1198
f 1218//1218 1198//1198 1197//1197
f 1218//1218 1197//1197 1196//1196
f 1218//1218 1196//1196 1195//1195
f 1218//1218 1195//1195 1194//1194
f 1218//1218 1194//1194 1193//1193
f 1218//1218 1193//1193 1192//1192
f 1218//1218 1192//1192 1191//1191
f 1218//1218 1191//1191 1190//1190
f 1218//1218 1190//1190 1189//1189
f 1218//1218 1189//1189 1188//1188
f 1218//1218 1188//1188 1187//1187
f 1177//1177 1176//1176 1175//1175
f 1177//1177 1175//1175 1174//1174
f 1177//1177 1174//1174 1173//1173
f 1177//1177 1173//1173 1172//1172
f 1177//1177 1172//1172 1171//1171
f 1177//1177 1171//1171 1170//1170
f 1177//1177 1170//1170 1169//1169
f 1177//1177 1169//1169 1168//1168
f 1177//1177 1168//1168 1167//1167
f 1177//1177 1167//1167 1166//1166
f 1177//1177 1166//1166 1165//1165
f 1177//1177 1165//1165 1164//1164
f 1177//1177 1164//1164 1163//1163
f 1177//1177 1163//1163 1162//1162
f 1177//1177 1162//1162 1161//1161
f 1161//1161 1160//1160 1159//1159
f 1161//1161 1159//1159 1158//1158
f 1161//1161 1158//1158 1157//1157
f 1161//1161 1157//1157 1156//1156
f 1161//1161 1156//1156 1155//1155
f 1161//1161 1155//1155 1154//1154
f 1161//1161 1154//1154 1153//1153
f 1161//1161 1153//1153 1152//1152
f 1161//1161 1152//1152 1151//1151
f 1161//1161 1151//1151 1150//1150
f 1161//1161 1150//1150 1149//1149
f 1161//1161 1149//1149 1148//1148
f 1161//1161 1148//1148 1147//1147
f 1161//1161 1147//1147 1146//1146
f 1161//1161 1146//1146 1145//1145
f 1161//1161 1145//1145 1144//1144
f 1161//1161 1144//1144 1143//1143
f 1161//1161 1143//1143 1142//1142
f 1161//1161 1142//1142 1141//1141
f 1161//1161 1141//1141 1140//1140
f 1161//1161 1140//1140 1139//1139
f 1161//1161 1139//1139 1138//1138
f 1161//1161 1138//1138 1137//1137
f 1137//1137 1136//1136 1135//1135
f 1137//1137 1135//1135 1134//1134
f 1137//1137 1134//1134 1133//1133
f 1137//1137 1133//1133 1132//1132
f 1137//1137 1132//1132 1131//1131
f 1137//1137 1131//1131 1130//1130
f 1137//1137 1130//1130 1129//1129
f 1137//1137 1129//1129 1128//1128
f 1137//1137 1128//1128 1127//1127
f 1137//1137 1127//1127 1126//1126
f 1137//1137 1126//1126 1125//1125
f 1137//1137 1125//1125 1124//1124
f 1137//1137 1124//1124 1123//1123
f 1137//1137 1123//1123 1122//1122
f 1137//1137 1122//1122 1121//1121
f 1319//1319 1318//1318 1317//1317
f 1319//1319 1317//1317 1316//1316
f 1319//1319 1316//1316 1315//1315
f 1319//1319 1315//1315 1314//1314
f 1319//1319 1314//1314 1313//1313
f 1319//1319 1313//1313 1312//1312
f 1319//1319 1312//1312 1311//1311
f 1319//1319 1311//1311 1310//1310
f 1319//1319 1310//1310 1309//1309
f 1319//1319 1309//1309 1308//1308
f 1319//1319 1308//1308 1307//1307
f 1319//1319 1307//1307 1306//1306
f 1319//1319 1306//1306 1305//1305
f 1319//1319 1305//1305 1304//1304
f 1319//1319 1304//1304 1303//1303
f 1319//1319 1303//1303 1302//1302
f 1319//1319 1302//1302 1301//1301
f 1319//1319 1301//1301 1300//1300
f 1319//1319 1300//1300 1299//1299
f 1319//1319 1299//1299 1298//1298
f 1319//1319 1298//1298 1372//1372
f 1319//1319 1372//1372 1371//1371
f 1319//1319 1371//1371 1370//1370
f 1319//1319 1370//1370 1369//1369
f 1319//1319 1369//1369 1368//1368
f 1319//1319 1368//1368 1367//1367
f 1319//1319 1367//1367 1366//1366
f 1319//1319 1366//1366 1365//1365
f 1319//1319 1365//1365 1364//1364
f 1319//1319 1364//1364 1363//1363
f 1319//1319 1363//1363 1362//1362
f 1319//1319 1362//1362 1361//1361
f 1319//1319 1361//1361 1341//1341
f 1384//1384 1383//1383 1283//1283
f 1258//1258 1218//1218 1187//1187
f 1258//1258 1187//1187 1186//1186
f 1258//1258 1186//1186 1185//1185
f 1258//1258 1185//1185 1184//1184
f 1258//1258 1184//1184 1183//1183
f 1258//1258 1183//1183 1182//1182
f 1258//1258 1182//1182 1181//1181
f 1258//1258 1181//1181 1180//1180
f 1258//1258 1180//1180 1179//1179
f 1258//1258 1179//1179 1178//1178
f 1258//1258 1178//1178 1177//1177
f 1161//1161 1137//1137 1121//1121
f 1161//1161 1121//1121 1120//1120
f 1161//1161 1120//1120 1119//1119
f 1161//1161 1119//1119 1118//1118
f 1161//1161 1118//1118 1117//1117
f 1161//1161 1117//1117 1116//1116
f 1161//1161 1116//1116 1115//1115
f 1161//1161 1115//1115 1114//1114
f 1161//1161 1114//1114 1113//1113
f 1161//1161 1113//1113 1112//1112
f 1161//1161 1112//1112 1111//1111
f 1161//1161 1111//1111 1110//1110
f 1161//1161 1110//1110 1109//1109
f 1161//1161 1109//1109 1108//1108
f 1161//1161 1108//1108 1107//1107
f 1161//1161 1107//1107 1106//1106
f 1161//1161 1106//1106 1105//1105
f 1161//1161 1105//1105 1104//1104
f 1161//1161 1104//1104 1103//1103
f 1161//1161 1103//1103 1102//1102
f 1161//1161 1102//1102 1101//1101
f 1161//1161 1101//1101 1100//1100
f 1161//1161 1100//1100 1099//1099
f 1161//1161 1099//1099 1098//1098
f 1320//1320 1319//1319 1341//1341
f 1385//1385 1384//1384 1283//1283
f 1177//1177 1161//1161 1098//1098
f 1177//1177 1098//1098 1097//1097
f 1177//1177 1097//1097 1096//1096
f 1177//1177 1096//1096 1095//1095
f 1177//1177 1095//1095 1094//1094
f 1177//1177 1094//1094 1093//1093
f 1177//1177 1093//1093 1092//1092
f 1177//1177 1092//1092 1091//1091
f 1177//1177 1091//1091 1090//1090
f 1177//1177 1090//1090 1089//1089
f 1177//1177 1089//1089 1088//1088
f 1177//1177 1088//1088 1087//1087
f 1177//1177 1087//1087 1086//1086
f 1177//1177 1086//1086 1085//1085
f 1177//1177 1085//1085 1084//1084
f 1177//1177 1084//1084 1083//1083
f 1177//1177 1083//1083 1082//1082
f 1177//1177 1082//1082 1081//1081
f 1177//1177 1081//1081 1080//1080
f 1177//1177 1080//1080 1079//1079
f 1077//1077 1320//1320 1341//1341
f 1386//1386 1385//1385 1283//1283
f 1078//1078 1077//1077 1341//1341
f 1387//1387 1386//1386 1283//1283
f 1079//1079 1078//1078 1341//1341
f 1388//1388 1387//1387 1283//1283
f 1177//1177 1079//1079 1341//1341
f 1177//1177 1341//1341 1340//1340
f 1177//1177 1340//1340 1339//1339
f 1177//1177 1339//1339 1338//1338
f 1177//1177 1338//1338 1337//1337
f 1177//1177 1337//1337 1336//1336
f 1177//1177 1336//1336 1335//1335
f 1177//1177 1335//1335 1334//1334
f 1177//1177 1334//1334 1333//1333
f 1177//1177 1333//1333 1332//1332
f 1177//1177 1332//1332 1331//1331
f 1177//1177 1331//1331 1330//1330
f 1177//1177 1330//1330 1329//1329
f 1177//1177 1329//1329 1328//1328
f 1177//1177 1328//1328 1327//1327
f 1177//1177 1327//1327 1326//1326
f 1177//1177 1326//1326 1325//1325
f 1177//1177 1325//1325 1324//1324
f 1177//1177 1324//1324 1323//1323
f 1389//1389 1388//1388 1283//1283
f 1258//1258 1177//1177 1323//1323
f 1258//1258 1323//1323 1322//1322
f 1390//1390 1389//1389 1283//1283
f 1283//1283 1258//1258 1322//1322
f 1283//1283 1322//1322 1321//1321
f 1283//1283 1321//1321 1402//1402
f 1283//1283 1402//1402 1401//1401
f 1283//1283 1401//1401 1400//1400
f 1283//1283 1400//1400 1399//1399
f 1283//1283 1399//1399 1398//1398
f 1283//1283 1398//1398 1397//1397
f 1283//1283 1397//1397 1396//1396
f 1283//1283 1396//1396 1395//1395
f 1283//1283 1395//1395 1394//1394
f 1283//1283 1394//1394 1393//1393
f 1283//1283 1393//1393 1392//1392
f 1283//1283 1392//1392 1391//1391
f 1283//1283 1391//1391 1390//1390
f 1077//1077 1078//1078 751//751
f 751//751 1078//1078 752//752
f 1078//1078 1079//1079 752//752
f 752//752 1079//1079 753//753
f 1079//1079 1080//1080 753//753
f 753//753 1080//1080 754//754
f 1080//1080 1081//1081 754//754
f 754//754 1081//1081 755//755
f 1081//1081 1082//1082 755//755
f 755//755 1082//1082 756//756
f 1082//1082 1083//1083 756//756
f 756//756 1083//1083 757//757
f 1083//1083 1084//1084 757//757
f 757//757 1084//1084 758//758
f 1084//1084 1085//1085 758//758
f 758//758 1085//1085 759//759
f 1085//1085 1086//1086 759//759
f 759//759 1086//1086 760//760
f 1086//1086 1087//1087 760//760
f 760//760 1087//1087 761//761
f 1087//1087 1088//1088 761//761
f 761//761 1088//1088 762//762
f 1088//1088 1089//1089 762//762
f 762//762 1089//1089 763//763
f 1089//1089 1090//1090 763//763
f 763//763 1090//1090 764//764
f 1090//1090 1091//1091 764//764
f 764//764 1091//1091 765//765
f 1091//1091 1092//1092 765//765
f 765//765 1092//1092 766//766
f 1092//1092 1093//1093 766//766
f 766//766 1093//1093 767//767
f 1093//1093 1094//1094 767//767
f 767//767 1094//1094 768//768
f 1094//1094 1095//1095 768//768
f 768//768 1095//1095 769//769
f 1095//1095 1096//1096 769//769
f 769//769 1096//1096 770//770
f 1096//1096 1097//1097 770//770
f 770//770 1097//1097 771//771
f 1097//1097 1098//1098 771//771
f 771//771 1098//1098 772//772
f 1098//1098 1099//1099 772//772
f 772//772 1099//1099 773//773
f 1099//1099 1100//1100 773//773
f 773//773 1100//1100 774//774
f 1100//1100 1101//1101 774//774
f 774//774 1101//1101 775//775
f 1101//1101 1102//1102 775//775
f 775//775 1102//1102 776//776
f 1102//1102 1103//1103 776//776
f 776//776 1103//1103 777//777
f 1103//1103 1104//1104 777//777
f 777//777 1104//1104 778//778
f 1104//1104 1105//1105 778//778
f 778//778 1105//1105 779//779
f 1105//1105 1106//1106 779//779
f 779//779 1106//1106 780//780
f 1106//1106 1107//1107 780//780
f 780//780 1107//1107 781//781
f 1107//1107 1108//1108 781//781
f 781//781 1108//1108 782//782
f 1108//1108 1109//1109 782//782
f 782//782 1109//1109 783//783
f 1109//1109 1110//1110 783//783
f 783//783 1110//1110 784//784
f 1110//1110 1111//1111 784//784
f 784//784 1111//1111 785//785
f 1111//1111 1112//1112 785//785
f 785//785 1112//1112 786//786
f 1112//1112 1113//1113 786//786
f 786//786 1113//1113 787//787
f 1113//1113 1114//1114 787//787
f 787//787 1114//1114 788//788
f 1114//1114 1115//1115 788//788
f 788//788 1115//1115 789//789
f 1115//1115 1116//1116 789//789
f 789//789 1116//1116 790//790
f 1116//1116 1117//1117 790//790
f 790//790 1117//1117 791//791
f 1117//1117 1118//1118 791//791
f 791//791 1118//1118 792//792
f 1118//1118 1119//1119 792//792
f 792//792 1119//1119 793//793
f 1119//1119 1120//1120 793//793
f 793//793 1120//1120 794//794
f 1120//1120 1121//1121 794//794
f 794//794 1121//1121 795//795
f 1121//1121 1122//1122 795//795
f 795//795 1122//1122 796//796
f 1122//1122 1123//1123 796//796
f 796//796 1123//1123 797//797
f 1123//1123 1124//1124 797//797
f 797//797 1124//1124 798//798
f 1124//1124 1125//1125 798//798
f 798//798 1125//1125 799//799
f 1125//1125 1126//1126 799//799
f 799//799 1126//1126 800//800
f 1126//1126 1127//1127 800//800
f 800//800 1127//1127 801//801
f 1127//1127 1128//1128 801//801
f 801//801 1128//1128 802//802
f 1128//1128 1129//1129 802//802
f 802//802 1129//1129 803//803
f 1129//1129 1130//1130 803//803
f 803//803 1130//1130 804//804
f 1130//1130 1131//1131 804//804
f 804//804 1131//1131 805//805
f 1131//1131 1132//1132 805//805
f 805//805 1132//1132 806//806
f 1132//1132 1133//1133 806//806
f 806//806 1133//1133 807//807
f 1133//1133 1134//1134 807//807
f 807//807 1134//1134 808//808
f 1134//1134 1135//1135 808//808
f 808//808 1135//1135 809//809
f 1135//1135 1136//1136 809//809
f 809//809 1136//1136 810//810
f 1136//1136 1137//1137 810//810
f 810//810 1137//1137 811//811
f 1137//1137 1138//1138 811//811
f 811//811 1138//1138 812//812
f 1138//1138 1139//1139 812//812
f 812//812 1139//1139 813//813
f 1139//1139 1140//1140 813//813
f 813//813 1140//1140 814//814
f 1140//1140 1141//1141 814//814
f 814//814 1141//1141 815//815
f 1141//1141 1142//1142 815//815
f 815//815 1142//1142 816//816
f 1142//1142 1143//1143 816//816
f 816//816 1143//1143 817//817
f 1143//1143 1144//1144 817//817
f 817//817 1144//1144 818//818
f 1144//1144 1145//1145 818//818
f 818//818 1145//1145 819//819
f 1145//1145 1146//1146 819//819
f 819//819 1146//1146 820//820
f 1146//1146 1147//1147 820//820
f 820//820 1147//1147 821//821
f 1147//1147 1148//1148 821//821
f 821//821 1148//1148 822//822
f 1148//1148 1149//1149 822//822
f 822//822 1149//1149 823//823
f 1149//1149 1150//1150 823//823
f 823//823 1150//1150 824//824
f 1150//1150 1151//1151 824//824
f 824//824 1151//1151 825//825
f 1151//1151 1152//1152 825//825
f 825//825 1152//1152 826//826
f 1152//1152 1153//1153 826//826
f 826//826 1153//1153 827//827
f 1153//1153 1154//1154 827//827
f 827//827 1154//1154 828//828
f 1154//1154 1155//1155 828//828
f 828//828 1155//1155 829//829
f 1155//1155 1156//1156 829//829
f 829//829 1156//1156 830//830
f 1156//1156 1157//1157 830//830
f 830//830 1157//1157 831//831
f 1157//1157 1158//1158 831//831
f 831//831 1158//1158 832//832
f 1158//1158 1159//1159 832//832
f 832//832 1159//1159 833//833
f 1159//1159 1160//1160 833//833
f 833//833 1160//1160 834//834
f 1160//1160 1161//1161 834//834
f 834//834 1161//1161 835//835
f 1161//1161 1162//1162 835//835
f 835//835 1162//1162 836//836
f 1162//1162 1163//1163 836//836
f 836//836 1163//1163 837//837
f 1163//1163 1164//1164 837//837
f 837//837 1164//1164 838//838
f 1164//1164 1165//1165 838//838
f 838//838 1165//1165 839//839
f 1165//1165 1166//1166 839//839
f 839//839 1166//1166 840//840
f 1166//1166 1167//1167 840//840
f 840//840 1167//1167 841//841
f 1167//1167 1168//1168 841//841
f 841//841 1168//1168 842//842
f 1168//1168 1169//1169 842//842
f 842//842 1169//1169 843//843
f 1169//1169 1170//1170 843//843
f 843//843 1170//1170 844//844
f 1170//1170 1171//1171 844//844
f 844//844 1171//1171 845//845
f 1171//1171 1172//1172 845//845
f 845//845 1172//1172 846//846
f 1172//1172 1173//1173 846//846
f 846//846 1173//1173 847//847
f 1173//1173 1174//1174 847//847
f 847//847 1174//1174 848//848
f 1174//1174 1175//1175 848//848
f 848//848 1175//1175 849//849
f 1175//1175 1176//1176 849//849
f 849//849 1176//1176 850//850
f 1176//1176 1177//1177 850//850
f 850//850 1177//1177 851//851
f 1177//1177 1178//1178 851//851
f 851//851 1178//1178 852//852
f 1178//1178 1179//1179 852//852
f 852//852 1179//1179 853//853
f 1179//1179 1180//1180 853//853
f 853//853 1180//1180 854//854
f 1180//1180 1181//1181 854//854
f 854//854 1181//1181 855//855
f 1181//1181 1182//1182 855//855
f 855//855 1182//1182 856//856
f 1182//1182 1183//1183 856//856
f 856//856 1183//1183 857//857
f 1183//1183 1184//1184 857//857
f 857//857 1184//1184 858//858
f 1184//1184 1185//1185 858//858
f 858//858 1185//1185 859//859
f 1185//1185 1186//1186 859//859
f 859//859 1186//1186 860//860
f 1186//1186 1187//1187 860//860
f 860//860 1187//1187 861//861
f 1187//1187 1188//1188 861//861
f 861//861 1188//1188 862//862
f 1188//1188 1189//1189 862//862
f 862//862 1189//1189 863//863
f 1189//1189 1190//1190 863//863
f 863//863 1190//1190 864//864
f 1190//1190 1191//1191 864//864
f 864//864 1191//1191 865//865
f 1191//1191 1192//1192 865//865
f 865//865 1192//1192 866//866
f 1192//1192 1193//1193 866//866
f 866//866 1193//1193 867//867
f 1193//1193 1194//1194 867//867
f 867//867 1194//1194 868//868
f 1194//1194 1195//1195 868//868
f 868//868 1195//1195 869//869
f 1195//1195 1196//1196 869//869
f 869//869 1196//1196 870//870
f 1196//1196 1197//1197 870//870
f 870//870 1197//1197 871//871
f 1197//1197 1198//1198 871//871
f 871//871 1198//1198 872//872
f 1198//1198 1199//1199 872//872
f 872//872 1199//1199 873//873
f 1199//1199 1200//1200 873//873
f 873//873 1200//1200 874//874
f 1200//1200 1201//1201 874//874
f 874//874 1201//1201 875//875
f 1201//1201 1202//1202 875//875
f 875//875 1202//1202 876//876
f 1202//1202 1203//1203 876//876
f 876//876 1203//1203 877//877
f 1203//1203 1204//1204 877//877
f 877//877 1204//1204 878//878
f 1204//1204 1205//1205 878//878
f 878//878 1205//1205 879//879
f 1205//1205 1206//1206 879//879
f 879//879 1206//1206 880//880
f 1206//1206 1207//1207 880//880
f 880//880 1207//1207 881//881
f 1207//1207 1208//1208 881//881
f 881//881 1208//1208 882//882
f 1208//1208 1209//1209 882//882
f 882//882 1209//1209 883//883
f 1209//1209 1210//1210 883//883
f 883//883 1210//1210 884//884
f 1210//1210 1211//1211 884//884
f 884//884 1211//1211 885//885
f 1211//1211 1212//1212 885//885
f 885//885 1212//1212 886//886
f 1212//1212 1213//1213 886//886
f 886//886 1213//1213 887//887
f 1213//1213 1214//1214 887//887
f 887//887 1214//1214 888//888
f 1214//1214 1215//1215 888//888
f 888//888 1215//1215 889//889
f 1215//1215 1216//1216 889//889
f 889//889 1216//1216 890//890
f 1216//1216 1217//1217 890//890
f 890//890 1217//1217 891//891
f 1217//1217 1218//1218 891//891
f 891//891 1218//1218 892//892
f 1218//1218 1219//1219 892//892
f 892//892 1219//1219 893//893
f 1219//1219 1220//1220 893//893
f 893//893 1220//1220 894//894
f 1220//1220 1221//1221 894//894
f 894//894 1221//1221 895//895
f 1221//1221 1222//1222 895//895
f 895//895 1222//1222 896//896
f 1222//1222 1223//1223 896//896
f 896//896 1223//1223 897//897
f 1223//1223 1224//1224 897//897
f 897//897 1224//1224 898//898
f 1224//1224 1225//1225 898//898
f 898//898 1225//1225 899//899
f 1225//1225 1226//1226 899//899
f 899//899 1226//1226 900//900
f 1226//1226 1227//1227 900//900
f 900//900 1227//1227 901//901
f 1227//1227 1228//1228 901//901
f 901//901 1228//1228 902//902
f 1228//1228 1229//1229 902//902
f 902//902 1229//1229 903//903
f 1229//1229 1230//1230 903//903
f 903//903 1230//1230 904//904
f 1230//1230 1231//1231 904//904
f 904//904 1231//1231 905//905
f 1231//1231 1232//1232 905//905
f 905//905 1232//1232 906//906
f 1232//1232 1233//1233 906//906
f 906//906 1233//1233 907//907
f 1233//1233 1234//1234 907//907
f 907//907 1234//1234 908//908
f 1234//1234 1235//1235 908//908
f 908//908 1235//1235 909//909
f 1235//1235 1236//1236 909//909
f 909//909 1236//1236 910//910
f 1236//1236 1237//1237 910//910
f 910//910 1237//1237 911//911
f 1237//1237 1238//1238 911//911
f 911//911 1238//1238 912//912
f 1238//1238 1239//1239 912//912
f 912//912 1239//1239 913//913
f 1239//1239 1240//1240 913//913
f 913//913 1240//1240 914//914
f 1240//1240 1241//1241 914//914
f 914//914 1241//1241 915//915
f 1241//1241 1242//1242 915//915
f 915//915 1242//1242 916//916
f 1242//1242 1243//1243 916//916
f 916//916 1243//1243 917//917
f 1243//1243 1244//1244 917//917
f 917//917 1244//1244 918//918
f 1244//1244 1245//1245 918//918
f 918//918 1245//1245 919//919
f 1245//1245 1246//1246 919//919
f 919//919 1246//1246 920//920
f 1246//1246 1247//1247 920//920
f 920//920 1247//1247 921//921
f 1247//1247 1248//1248 921//921
f 921//921 1248//1248 922//922
f 1248//1248 1249//1249 922//922
f 922//922 1249//1249 923//923
f 1249//1249 1250//1250 923//923
f 923//923 1250//1250 924//924
f 1250//1250 1251//1251 924//924
f 924//924 1251//1251 925//925
f 1251//1251 1252//1252 925//925
f 925//925 1252//1252 926//926
f 1252//1252 1253//1253 926//926
f 926//926 1253//1253 927//927
f 1253//1253 1254//1254 927//927
f 927//927 1254//1254 928//928
f 1254//1254 1255//1255 928//928
f 928//928 1255//1255 929//929
f 1255//1255 1256//1256 929//929
f 929//929 1256//1256 930//930
f 1256//1256 1257//1257 930//930
f 930//930 1257//1257 931//931
f 1257//1257 1258//1258 931//931
f 931//931 1258//1258 932//932
f 1258//1258 1259//1259 932//932
f 932//932 1259//1259 933//933
f 1259//1259 1260//1260 933//933
f 933//933 1260//1260 934//934
f 1260//1260 1261//1261 934//934
f 934//934 1261//1261 935//935
f 1261//1261 1262//1262 935//935
f 935//935 1262//1262 936//936
f 1262//1262 1263//1263 936//936
f 936//936 1263//1263 937//937
f 1263//1263 1264//1264 937//937
f 937//937 1264//1264 938//938
f 1264//1264 1265//1265 938//938
f 938//938 1265//1265 939//939
f 1265//1265 1266//1266 939//939
f 939//939 1266//1266 940//940
f 1266//1266 1267//1267 940//940
f 940//940 1267//1267 941//941
f 1267//1267 1268//1268 941//941
f 941//941 1268//1268 942//942
f 1268//1268 1269//1269 942//942
f 942//942 1269//1269 943//943
f 1269//1269 1270//1270 943//943
f 943//943 1270//1270 944//944
f 1270//1270 1271//1271 944//944
f 944//944 1271//1271 945//945
f 1271//1271 1272//1272 945//945
f 945//945 1272//1272 946//946
f 1272//1272 1273//1273 946//946
f 946//946 1273//1273 947//947
f 1273//1273 1274//1274 947//947
f 947//947 1274//1274 948//948
f 1274//1274 1275//1275 948//948
f 948//948 1275//1275 949//949
f 1275//1275 1276//1276 949//949
f 949//949 1276//1276 950//950
f 1276//1276 1277//1277 950//950
f 950//950 1277//1277 951//951
f 1277//1277 1278//1278 951//951
f 951//951 1278//1278 952//952
f 1278//1278 1279//1279 952//952
f 952//952 1279//1279 953//953
f 1279//1279 1280//1280 953//953
f 953//953 1280//1280 954//954
f 1280//1280 1281//1281 954//954
f 954//954 1281//1281 955//955
f 1281//1281 1282//1282 955//955
f 955//955 1282//1282 956//956
f 1282//1282 1283//1283 956//956
f 956//956 1283//1283 957//957
f 1283//1283 1284//1284 957//957
f 957//957 1284//1284 958//958
f 1284//1284 1285//1285 958//958
f 958//958 1285//1285 959//959
f 1285//1285 1286//1286 959//959
f 959//959 1286//1286 960//960
f 1286//1286 1287//1287 960//960
f 960//960 1287//1287 961//961
f 1287//1287 1288//1288 961//961
f 961//961 1288//1288 962//962
f 1288//1288 1289//1289 962//962
f 962//962 1289//1289 963//963
f 1289//1289 1290//1290 963//963
f 963//963 1290//1290 964//964
f 1290//1290 1291//1291 964//964
f 964//964 1291//1291 965//965
f 1291//1291 1292//1292 965//965
f 965//965 1292//1292 966//966
f 1292//1292 1293//1293 966//966
f 966//966 1293//1293 967//967
f 1293//1293 1294//1294 967//967
f 967//967 1294//1294 968//968
f 1294//1294 1295//1295 968//968
f 968//968 1295//1295 969//969
f 1295//1295 1296//1296 969//969
f 969//969 1296//1296 970//970
f 1296//1296 1297//1297 970//970
f 970//970 1297//1297 971//971
f 1297//1297 1298//1298 971//971
f 971//971 1298//1298 972//972
f 1298//1298 1299//1299 972//972
f 972//972 1299//1299 973//973
f 1299//1299 1300//1300 973//973
f 973//973 1300//1300 974//974
f 1300//1300 1301//1301 974//974
f 974//974 1301//1301 975//975
f 1301//1301 1302//1302 975//975
f 975//975 1302//1302 976//976
f 1302//1302 1303//1303 976//976
f 976//976 1303//1303 977//977
f 1303//1303 1304//1304 977//977
f 977//977 1304//1304 978//978
f 1304//1304 1305//1305 978//978
f 978//978 1305//1305 979//979
f 1305//1305 1306//1306 979//979
f 979//979 1306//1306 980//980
f 1306//1306 1307//1307 980//980
f 980//980 1307//1307 981//981
f 1307//1307 1308//1308 981//981
f 981//981 1308//1308 982//982
f 1308//1308 1309//1309 982//982
f 982//982 1309//1309 983//983
f 1309//1309 1310//1310 983//983
f 983//983 1310//1310 984//984
f 1310//1310 1311//1311 984//984
f 984//984 1311//1311 985//985
f 1311//1311 1312//1312 985//985
f 985//985 1312//1312 986//986
f 1312//1312 1313//1313 986//986
f 986//986 1313//1313 987//987
f 1313//1313 1314//1314 987//987
f 987//987 1314//1314 988//988
f 1314//1314 1315//1315 988//988
f 988//988 1315//1315 989//989
f 1315//1315 1316//1316 989//989
f 989//989 1316//1316 990//990
f 1316//1316 1317//1317 990//990
f 990//990 1317//1317 991//991
f 1317//1317 1318//1318 991//991
f 991//991 1318//1318 992//992
f 1318//1318 1319//1319 992//992
f 992//992 1319//1319 993//993
f 1320//1320 1077//1077 994//994
f 994//994 1077//1077 751//751
f 1319//1319 1320//1320 993//993
f 993//993 1320//1320 994//994
f 1321//1321 1322//1322 995//995
f 995//995 1322//1322 996//996
f 1322//1322 1323//1323 996//996
f 996//996 1323//1323 997//997
f 1323//1323 1324//1324 997//997
f 997//997 1324//1324 998//998
f 1324//1324 1325//1325 998//998
f 998//998 1325//1325 999//999
f 1325//1325 1326//1326 999//999
f 999//999 1326//1326 1000//1000
f 1326//1326 1327//1327 1000//1000
f 1000//1000 1327//1327 1001//1001
f 1327//1327 1328//1328 1001//1001
f 1001//1001 1328//1328 1002//1002
f 1328//1328 1329//1329 1002//1002
f 1002//1002 1329//1329 1003//1003
f 1329//1329 1330//1330 1003//1003
f 1003//1003 1330//1330 1004//1004
f 1330//1330 1331//1331 1004//1004
f 1004//1004 1331//1331 1005//1005
f 1331//1331 1332//1332 1005//1005
f 1005//1005 1332//1332 1006//1006
f 1332//1332 1333//1333 1006//1006
f 1006//1006 1333//1333 1007//1007
f 1333//1333 1334//1334 1007//1007
f 1007//1007 1334//1334 1008//1008
f 1334//1334 1335//1335 1008//1008
f 1008//1008 1335//1335 1009//1009
f 1335//1335 1336//1336 1009//1009
f 1009//1009 1336//1336 1010//1010
f 1336//1336 1337//1337 1010//1010
f 1010//1010 1337//1337 1011//1011
f 1337//1337 1338//1338 1011//1011
f 1011//1011 1338//1338 1012//1012
f 1338//1338 1339//1339 1012//1012
f 1012//1012 1339//1339 1013//1013
f 1339//1339 1340//1340 1013//1013
f 1013//1013 1340//1340 1014//1014
f 1340//1340 1341//1341 1014//1014
f 1014//1014 1341//1341 1015//1015
f 1341//1341 1342//1342 1015//1015
f 1015//1015 1342//1342 1016//1016
f 1342//1342 1343//1343 1016//1016
f 1016//1016 1343//1343 1017//1017
f 1343//1343 1344//1344 1017//1017
f 1017//1017 1344//1344 1018//1018
f 1344//1344 1345//1345 1018//1018
f 1018//1018 1345//1345 1019//1019
f 1345//1345 1346//1346 1019//1019
f 1019//1019 1346//1346 1020//1020
f 1346//1346 1347//1347 1020//1020
f 1020//1020 1347//1347 1021//1021
f 1347//1347 1348//1348 1021//1021
f 1021//1021 1348//1348 1022//1022
f 1348//1348 1349//1349 1022//1022
f 1022//1022 1349//1349 1023//1023
f 1349//1349 1350//1350 1023//1023
f 1023//1023 1350//1350 1024//1024
f 1350//1350 1351//1351 1024//1024
f 1024//1024 1351//1351 1025//1025
f 1351//1351 1352//1352 1025//1025
f 1025//1025 1352//1352 1026//1026
f 1352//1352 1353//1353 1026//1026
f 1026//1026 1353//1353 1027//1027
f 1353//1353 1354//1354 1027//1027
f 1027//1027 1354//1354 1028//1028
f 1354//1354 1355//1355 1028//1028
f 1028//1028 1355//1355 1029//1029
f 1355//1355 1356//1356 1029//1029
f 1029//1029 1356//1356 1030//1030
f 1356//1356 1357//1357 1030//1030
f 1030//1030 1357//1357 1031//1031
f 1357//1357 1358//1358 1031//1031
f 1031//1031 1358//1358 1032//1032
f 1358//1358 1359//1359 1032//1032
f 1032//1032 1359//1359 1033//1033
f 1359//1359 1360//1360 1033//1033
f 1033//1033 1360//1360 1034//1034
f 1360//1360 1361//1361 1034//1034
f 1034//1034 1361//1361 1035//1035
f 1361//1361 1362//1362 1035//1035
f 1035//1035 1362//1362 1036//1036
f 1362//1362 1363//1363 1036//1036
f 1036//1036 1363//1363 1037//1037
f 1363//1363 1364//1364 1037//1037
f 1037//1037 1364//1364 1038//1038
f 1364//1364 1365//1365 1038//1038
f 1038//1038 1365//1365 1039//1039
f 1365//1365 1366//1366 1039//1039
f 1039//1039 1366//1366 1040//1040
f 1366//1366 1367//1367 1040//1040
f 1040//1040 1367//1367 1041//1041
f 1367//1367 1368//1368 1041//1041
f 1041//1041 1368//1368 1042//1042
f 1368//1368 1369//1369 1042//1042
f 1042//1042 1369//1369 1043//1043
f 1369//1369 1370//1370 1043//1043
f 1043//1043 1370//1370 1044//1044
f 1370//1370 1371//1371 1044//1044
f 1044//1044 1371//1371 1045//1045
f 1371//1371 1372//1372 1045//1045
f 1045//1045 1372//1372 1046//1046
f 1372//1372 1373//1373 1046//1046
f 1046//1046 1373//1373 1047//1047
f 1373//1373 1374//1374 1047//1047
f 1047//1047 1374//1374 1048//1048
f 1374//1374 1375//1375 1048//1048
f 1048//1048 1375//1375 1049//1049
f 1375//1375 1376//1376 1049//1049
f 1049//1049 1376//1376 1050//1050
f 1376//1376 1377//1377 1050//1050
f 1050//1050 1377//1377 1051//1051
f 1377//1377 1378//1378 1051//1051
f 1051//1051 1378//1378 1052//1052
f 1378//1378 1379//1379 1052//1052
f 1052//1052 1379//1379 1053//1053
f 1379//1379 1380//1380 1053//1053
f 1053//1053 1380//1380 1054//1054
f 1380//1380 1381//1381 1054//1054
f 1054//1054 1381//1381 1055//1055
f 1381//1381 1382//1382 1055//1055
f 1055//1055 1382//1382 1056//1056
f 1382//1382 1383//1383 1056//1056
f 1056//1056 1383//1383 1057//1057
f 1383//1383 1384//1384 1057//1057
f 1057//1057 1384//1384 1058//1058
f 1384//1384 1385//1385 1058//1058
f 1058//1058 1385//1385 1059//1059
f 1385//1385 1386//1386 1059//1059
f 1059//1059 1386//1386 1060//1060
f 1386//1386 1387//1387 1060//1060
f 1060//1060 1387//1387 1061//1061
f 1387//1387 1388//1388 1061//1061
f 1061//1061 1388//1388 1062//1062
f 1388//1388 1389//1389 1062//1062
f 1062//1062 1389//1389 1063//1063
f 1389//1389 1390//1390 1063//1063
f 1063//1063 1390//1390 1064//1064
f 1390//1390 1391//1391 1064//1064
f 1064//1064 1391//1391 1065//1065
f 1391//1391 1392//1392 1065//1065
f 1065//1065 1392//1392 1066//1066
f 1392//1392 1393//1393 1066//1066
f 1066//1066 1393//1393 1067//1067
f 1393//1393 1394//1394 1067//1067
f 1067//1067 1394//1394 1068//1068
f 1394//1394 1395//1395 1068//1068
f 1068//1068 1395//1395 1069//1069
f 1395//1395 1396//1396 1069//1069
f 1069//1069 1396//1396 1070//1070
f 1396//1396 1397//1397 1070//1070
f 1070//1070 1397//1397 1071//1071
f 1397//1397 1398//1398 1071//1071
f 1071//1071 1398//1398 1072//1072
f 1398//1398 1399//1399 1072//1072
f 1072//1072 1399//1399 1073//1073
f 1399//1399 1400//1400 1073//1073
f 1073//1073 1400//1400 1074//1074
f 1400//1400 1401//1401 1074//1074
f 1074//1074 1401//1401 1075//1075
f 1402//1402 1321//1321 1076//1076
f 1076//1076 1321//1321 995//995
f 1401//1401 1402//1402 1075//1075
f 1075//1075 1402//1402 1076//1076
f 1405//1405 1406//1406 1403//1403
f 1404//1404 1405//1405 1403//1403
f 1407//1407 1410//1410 1409//1409
f 1407//1407 1409//1409 1408//1408
f 1407//1407 1408//1408 1403//1403
f 1403//1403 1408//1408 1404//1404
f 1408//1408 1409//1409 1404//1404
f 1404//1404 1409//1409 1405//1405
f 1410//1410 1407//1407 1406//1406
f 1406//1406 1407//1407 1403//1403
f 1409//1409 1410//1410 1405//1405
f 1405//1405 1410//1410 1406//1406
f 1652//1652 1653//1653 1654//1654
f 1651//1651 1652//1652 1654//1654
f 1650//1650 1651//1651 1654//1654
f 1649//1649 1650//1650 1654//1654
f 1648//1648 1649//1649 1654//1654
f 1647//1647 1648//1648 1654//1654
f 1646//1646 1647//1647 1654//1654
f 1645//1645 1646//1646 1654//1654
f 1644//1644 1645//1645 1654//1654
f 1643//1643 1644//1644 1654//1654
f 1642//1642 1643//1643 1654//1654
f 1641//1641 1642//1642 1654//1654
f 1640//1640 1641//1641 1654//1654
f 1638//1638 1639//1639 1640//1640
f 1637//1637 1638//1638 1640//1640
f 1636//1636 1637//1637 1640//1640
f 1635//1635 1636//1636 1640//1640
f 1634//1634 1635//1635 1640//1640
f 1633//1633 1634//1634 1640//1640
f 1632//1632 1633//1633 1640//1640
f 1631//1631 1632//1632 1640//1640
f 1630//1630 1631//1631 1640//1640
f 1629//1629 1630//1630 1640//1640
f 1628//1628 1629//1629 1640//1640
f 1627//1627 1628//1628 1640//1640
f 1626//1626 1627//1627 1640//1640
f 1625//1625 1626//1626 1640//1640
f 1624//1624 1625//1625 1640//1640
f 1623//1623 1624//1624 1640//1640
f 1622//1622 1623//1623 1640//1640
f 1621//1621 1622//1622 1640//1640
f 1620//1620 1621//1621 1640//1640
f 1619//1619 1620//1620 1640//1640
f 1618//1618 1619//1619 1640//1640
f 1617//1617 1618//1618 1640//1640
f 1615//1615 1616//1616 1617//1617
f 1614//1614 1615//1615 1617//1617
f 1613//1613 1614//1614 1617//1617
f 1612//1612 1613//1613 1617//1617
f 1611//1611 1612//1612 1617//1617
f 1610//1610 1611//1611 1617//1617
f 1609//1609 1610//1610 1617//1617
f 1608//1608 1609//1609 1617//1617
f 1607//1607 1608//1608 1617//1617
f 1606//1606 1607//1607 1617//1617
f 1605//1605 1606//1606 1617//1617
f 1604//1604 1605//1605 1617//1617
f 1603//1603 1604//1604 1617//1617
f 1602//1602 1603//1603 1617//1617
f 1601//1601 1602//1602 1617//1617
f 1600//1600 1601//1601 1617//1617
f 1599//1599 1600//1600 1617//1617
f 1598//1598 1599//1599 1617//1617
f 1597//1597 1598//1598 1617//1617
f 1596//1596 1597//1597 1617//1617
f 1595//1595 1596//1596 1617//1617
f 1594//1594 1595//1595 1617//1617
f 1593//1593 1594//1594 1617//1617
f 1592//1592 1593//1593 1617//1617
f 1530//1530 1531//1531 1532//1532
f 1529//1529 1530//1530 1532//1532
f 1528//1528 1529//1529 1532//1532
f 1527//1527 1528//1528 1532//1532
f 1526//1526 1527//1527 1532//1532
f 1525//1525 1526//1526 1532//1532
f 1524//1524 1525//1525 1532//1532
f 1523//1523 1524//1524 1532//1532
f 1522//1522 1523//1523 1532//1532
f 1521//1521 1522//1522 1532//1532
f 1520//1520 1521//1521 1532//1532
f 1519//1519 1520//1520 1532//1532
f 1518//1518 1519//1519 1532//1532
f 1516//1516 1517//1517 1518//1518
f 1515//1515 1516//1516 1518//1518
f 1514//1514 1515//1515 1518//1518
f 1513//1513 1514//1514 1518//1518
f 1512//1512 1513//1513 1518//1518
f 1511//1511 1512//1512 1518//1518
f 1510//1510 1511//1511 1518//1518
f 1509//1509 1510//1510 1518//1518
f 1508//1508 1509//1509 1518//1518
f 1507//1507 1508//1508 1518//1518
f 1506//1506 1507//1507 1518//1518
f 1505//1505 1506//1506 1518//1518
f 1504//1504 1505//1505 1518//1518
f 1503//1503 1504//1504 1518//1518
f 1502//1502 1503//1503 1518//1518
f 1501//1501 1502//1502 1518//1518
f 1500//1500 1501//1501 1518//1518
f 1499//1499 1500//1500 1518//1518
f 1498//1498 1499//1499 1518//1518
f 1497//1497 1498//1498 1518//1518
f 1496//1496 1497//1497 1518//1518
f 1495//1495 1496//1496 1518//1518
f 1493//1493 1494//1494 1495//1495
f 1492//1492 1493//1493 1495//1495
f 1491//1491 1492//1492 1495//1495
f 1490//1490 1491//1491 1495//1495
f 1489//1489 1490//1490 1495//1495
f 1488//1488 1489//1489 1495//1495
f 1487//1487 1488//1488 1495//1495
f 1486//1486 1487//1487 1495//1495
f 1485//1485 1486//1486 1495//1495
f 1484//1484 1485//1485 1495//1495
f 1483//1483 1484//1484 1495//1495
f 1482//1482 1483//1483 1495//1495
f 1481//1481 1482//1482 1495//1495
f 1480//1480 1481//1481 1495//1495
f 1479//1479 1480//1480 1495//1495
f 1478//1478 1479//1479 1495//1495
f 1477//1477 1478//1478 1495//1495
f 1476//1476 1477//1477 1495//1495
f 1475//1475 1476//1476 1495//1495
f 1474//1474 1475//1475 1495//1495
f 1473//1473 1474//1474 1495//1495
f 1472//1472 1473//1473 1495//1495
f 1471//1471 1472//1472 1495//1495
f 1470//1470 1471//1471 1495//1495
f 1640//1640 1654//1654 1411//1411
f 1518//1518 1532//1532 1533//1533
f 1640//1640 1411//1411 1412//1412
f 1518//1518 1533//1533 1534//1534
f 1640//1640 1412//1412 1413//1413
f 1518//1518 1534//1534 1535//1535
f 1640//1640 1413//1413 1414//1414
f 1518//1518 1535//1535 1536//1536
f 1640//1640 1414//1414 1415//1415
f 1518//1518 1536//1536 1537//1537
f 1640//1640 1415//1415 1416//1416
f 1518//1518 1537//1537 1538//1538
f 1640//1640 1416//1416 1417//1417
f 1518//1518 1538//1538 1539//1539
f 1640//1640 1417//1417 1418//1418
f 1518//1518 1539//1539 1540//1540
f 1640//1640 1418//1418 1419//1419
f 1518//1518 1540//1540 1541//1541
f 1640//1640 1419//1419 1420//1420
f 1518//1518 1541//1541 1542//1542
f 1640//1640 1420//1420 1421//1421
f 1518//1518 1542//1542 1543//1543
f 1640//1640 1421//1421 1422//1422
f 1518//1518 1543//1543 1544//1544
f 1640//1640 1422//1422 1423//1423
f 1518//1518 1544//1544 1545//1545
f 1640//1640 1423//1423 1424//1424
f 1518//1518 1545//1545 1546//1546
f 1640//1640 1424//1424 1425//1425
f 1518//1518 1546//1546 1547//1547
f 1640//1640 1425//1425 1426//1426
f 1518//1518 1547//1547 1548//1548
f 1640//1640 1426//1426 1427//1427
f 1518//1518 1548//1548 1549//1549
f 1640//1640 1427//1427 1428//1428
f 1518//1518 1549//1549 1550//1550
f 1640//1640 1428//1428 1429//1429
f 1518//1518 1550//1550 1551//1551
f 1640//1640 1429//1429 1430//1430
f 1518//1518 1551//1551 1552//1552
f 1640//1640 1430//1430 1431//1431
f 1518//1518 1552//1552 1553//1553
f 1640//1640 1431//1431 1432//1432
f 1518//1518 1553//1553 1554//1554
f 1640//1640 1432//1432 1433//1433
f 1518//1518 1554//1554 1555//1555
f 1495//1495 1518//1518 1555//1555
f 1640//1640 1433//1433 1434//1434
f 1617//1617 1640//1640 1434//1434
f 1495//1495 1555//1555 1556//1556
f 1617//1617 1434//1434 1435//1435
f 1495//1495 1556//1556 1557//1557
f 1617//1617 1435//1435 1436//1436
f 1495//1495 1557//1557 1558//1558
f 1617//1617 1436//1436 1437//1437
f 1495//1495 1558//1558 1559//1559
f 1617//1617 1437//1437 1438//1438
f 1495//1495 1559//1559 1560//1560
f 1617//1617 1438//1438 1439//1439
f 1495//1495 1560//1560 1561//1561
f 1617//1617 1439//1439 1440//1440
f 1495//1495 1561//1561 1562//1562
f 1617//1617 1440//1440 1441//1441
f 1495//1495 1562//1562 1563//1563
f 1617//1617 1441//1441 1442//1442
f 1495//1495 1563//1563 1564//1564
f 1617//1617 1442//1442 1443//1443
f 1495//1495 1564//1564 1565//1565
f 1617//1617 1443//1443 1444//1444
f 1495//1495 1565//1565 1566//1566
f 1617//1617 1444//1444 1445//1445
f 1495//1495 1566//1566 1567//1567
f 1617//1617 1445//1445 1446//1446
f 1495//1495 1567//1567 1568//1568
f 1617//1617 1446//1446 1447//1447
f 1495//1495 1568//1568 1569//1569
f 1617//1617 1447//1447 1448//1448
f 1495//1495 1569//1569 1570//1570
f 1617//1617 1448//1448 1449//1449
f 1495//1495 1570//1570 1571//1571
f 1617//1617 1449//1449 1450//1450
f 1495//1495 1571//1571 1572//1572
f 1617//1617 1450//1450 1451//1451
f 1495//1495 1572//1572 1573//1573
f 1617//1617 1451//1451 1452//1452
f 1495//1495 1573//1573 1574//1574
f 1617//1617 1452//1452 1453//1453
f 1495//1495 1574//1574 1575//1575
f 1617//1617 1453//1453 1454//1454
f 1592//1592 1617//1617 1454//1454
f 1495//1495 1575//1575 1576//1576
f 1592//1592 1454//1454 1455//1455
f 1495//1495 1576//1576 1577//1577
f 1470//1470 1495//1495 1577//1577
f 1592//1592 1455//1455 1456//1456
f 1470//1470 1577//1577 1578//1578
f 1592//1592 1456//1456 1457//1457
f 1591//1591 1592//1592 1457//1457
f 1470//1470 1578//1578 1579//1579
f 1469//1469 1470//1470 1579//1579
f 1468//1468 1469//1469 1579//1579
f 1467//1467 1468//1468 1579//1579
f 1591//1591 1457//1457 1458//1458
f 1590//1590 1591//1591 1458//1458
f 1589//1589 1590//1590 1458//1458
f 1588//1588 1589//1589 1458//1458
f 1467//1467 1579//1579 1580//1580
f 1466//1466 1467//1467 1580//1580
f 1465//1465 1466//1466 1580//1580
f 1464//1464 1465//1465 1580//1580
f 1463//1463 1464//1464 1580//1580
f 1462//1462 1463//1463 1580//1580
f 1461//1461 1462//1462 1580//1580
f 1460//1460 1461//1461 1580//1580
f 1459//1459 1460//1460 1580//1580
f 1588//1588 1458//1458 1459//1459
f 1587//1587 1588//1588 1459//1459
f 1586//1586 1587//1587 1459//1459
f 1585//1585 1586//1586 1459//1459
f 1584//1584 1585//1585 1459//1459
f 1583//1583 1584//1584 1459//1459
f 1582//1582 1583//1583 1459//1459
f 1581//1581 1582//1582 1459//1459
f 1580//1580 1581//1581 1459//1459
f 1898//1898 1897//1897 1896//1896
f 1898//1898 1896//1896 1895//1895
f 1898//1898 1895//1895 1894//1894
f 1898//1898 1894//1894 1893//1893
f 1898//1898 1893//1893 1892//1892
f 1898//1898 1892//1892 1891//1891
f 1898//1898 1891//1891 1890//1890
f 1898//1898 1890//1890 1889//1889
f 1898//1898 1889//1889 1888//1888
f 1898//1898 1888//1888 1887//1887
f 1898//1898 1887//1887 1886//1886
f 1898//1898 1886//1886 1885//1885
f 1898//1898 1885//1885 1884//1884
f 1884//1884 1883//1883 1882//1882
f 1884//1884 1882//1882 1881//1881
f 1884//1884 1881//1881 1880//1880
f 1884//1884 1880//1880 1879//1879
f 1884//1884 1879//1879 1878//1878
f 1884//1884 1878//1878 1877//1877
f 1884//1884 1877//1877 1876//1876
f 1884//1884 1876//1876 1875//1875
f 1884//1884 1875//1875 1874//1874
f 1884//1884 1874//1874 1873//1873
f 1884//1884 1873//1873 1872//1872
f 1884//1884 1872//1872 1871//1871
f 1884//1884 1871//1871 1870//1870
f 1884//1884 1870//1870 1869//1869
f 1884//1884 1869//1869 1868//1868
f 1884//1884 1868//1868 1867//1867
f 1884//1884 1867//1867 1866//1866
f 1884//1884 1866//1866 1865//1865
f 1884//1884 1865//1865 1864//1864
f 1884//1884 1864//1864 1863//1863
f 1884//1884 1863//1863 1862//1862
f 1884//1884 1862//1862 1861//1861
f 1861//1861 1860//1860 1859//1859
f 1861//1861 1859//1859 1858//1858
f 1861//1861 1858//1858 1857//1857
f 1861//1861 1857//1857 1856//1856
f 1861//1861 1856//1856 1855//1855
f 1861//1861 1855//1855 1854//1854
f 1861//1861 1854//1854 1853//1853
f 1861//1861 1853//1853 1852//1852
f 1861//1861 1852//1852 1851//1851
f 1861//1861 1851//1851 1850//1850
f 1861//1861 1850//1850 1849//1849
f 1861//1861 1849//1849 1848//1848
f 1861//1861 1848//1848 1847//1847
f 1861//1861 1847//1847 1846//1846
f 1861//1861 1846//1846 1845//1845
f 1861//1861 1845//1845 1844//1844
f 1861//1861 1844//1844 1843//1843
f 1861//1861 1843//1843 1842//1842
f 1861//1861 1842//1842 1841//1841
f 1861//1861 1841//1841 1840//1840
f 1861//1861 1840//1840 1839//1839
f 1861//1861 1839//1839 1838//1838
f 1861//1861 1838//1838 1837//1837
f 1861//1861 1837//1837 1836//1836
f 1776//1776 1775//1775 1774//1774
f 1776//1776 1774//1774 1773//1773
f 1776//1776 1773//1773 1772//1772
f 1776//1776 1772//1772 1771//1771
f 1776//1776 1771//1771 1770//1770
f 1776//1776 1770//1770 1769//1769
f 1776//1776 1769//1769 1768//1768
f 1776//1776 1768//1768 1767//1767
f 1776//1776 1767//1767 1766//1766
f 1776//1776 1766//1766 1765//1765
f 1776//1776 1765//1765 1764//1764
f 1776//1776 1764//1764 1763//1763
f 1776//1776 1763//1763 1762//1762
f 1762//1762 1761//1761 1760//1760
f 1762//1762 1760//1760 1759//1759
f 1762//1762 1759//1759 1758//1758
f 1762//1762 1758//1758 1757//1757
f 1762//1762 1757//1757 1756//1756
f 1762//1762 1756//1756 1755//1755
f 1762//1762 1755//1755 1754//1754
f 1762//1762 1754//1754 1753//1753
f 1762//1762 1753//1753 1752//1752
f 1762//1762 1752//1752 1751//1751
f 1762//1762 1751//1751 1750//1750
f 1762//1762 1750//1750 1749//1749
f 1762//1762 1749//1749 1748//1748
f 1762//1762 1748//1748 1747//1747
f 1762//1762 1747//1747 1746//1746
f 1762//1762 1746//1746 1745//1745
f 1762//1762 1745//1745 1744//1744
f 1762//1762 1744//1744 1743//1743
f 1762//1762 1743//1743 1742//1742
f 1762//1762 1742//1742 1741//1741
f 1762//1762 1741//1741 1740//1740
f 1762//1762 1740//1740 1739//1739
f 1739//1739 1738//1738 1737//1737
f 1739//1739 1737//1737 1736//1736
f 1739//1739 1736//1736 1735//1735
f 1739//1739 1735//1735 1734//1734
f 1739//1739 1734//1734 1733//1733
f 1739//1739 1733//1733 1732//1732
f 1739//1739 1732//1732 1731//1731
f 1739//1739 1731//1731 1730//1730
f 1739//1739 1730//1730 1729//1729
f 1739//1739 1729//1729 1728//1728
f 1739//1739 1728//1728 1727//1727
f 1739//1739 1727//1727 1726//1726
f 1739//1739 1726//1726 1725//1725
f 1739//1739 1725//1725 1724//1724
f 1739//1739 1724//1724 1723//1723
f 1739//1739 1723//1723 1722//1722
f 1739//1739 1722//1722 1721//1721
f 1739//1739 1721//1721 1720//1720
f 1739//1739 1720//1720 1719//1719
f 1739//1739 1719//1719 1718//1718
f 1739//1739 1718//1718 1717//1717
f 1739//1739 1717//1717 1716//1716
f 1739//1739 1716//1716 1715//1715
f 1739//1739 1715//1715 1714//1714
f 1655//1655 1898//1898 1884//1884
f 1777//1777 1776//1776 1762//1762
f 1656//1656 1655//1655 1884//1884
f 1778//1778 1777//1777 1762//1762
f 1657//1657 1656//1656 1884//1884
f 1779//1779 1778//1778 1762//1762
f 1658//1658 1657//1657 1884//1884
f 1780//1780 1779//1779 1762//1762
f 1659//1659 1658//1658 1884//1884
f 1781//1781 1780//1780 1762//1762
f 1660//1660 1659//1659 1884//1884
f 1782//1782 1781//1781 1762//1762
f 1661//1661 1660//1660 1884//1884
f 1783//1783 1782//1782 1762//1762
f 1662//1662 1661//1661 1884//1884
f 1784//1784 1783//1783 1762//1762
f 1663//1663 1662//1662 1884//1884
f 1785//1785 1784//1784 1762//1762
f 1664//1664 1663//1663 1884//1884
f 1786//1786 1785//1785 1762//1762
f 1665//1665 1664//1664 1884//1884
f 1787//1787 1786//1786 1762//1762
f 1666//1666 1665//1665 1884//1884
f 1788//1788 1787//1787 1762//1762
f 1667//1667 1666//1666 1884//1884
f 1789//1789 1788//1788 1762//1762
f 1668//1668 1667//1667 1884//1884
f 1790//1790 1789//1789 1762//1762
f 1669//1669 1668//1668 1884//1884
f 1791//1791 1790//1790 1762//1762
f 1670//1670 1669//1669 1884//1884
f 1792//1792 1791//1791 1762//1762
f 1671//1671 1670//1670 1884//1884
f 1793//1793 1792//1792 1762//1762
f 1672//1672 1671//1671 1884//1884
f 1794//1794 1793//1793 1762//1762
f 1673//1673 1672//1672 1884//1884
f 1795//1795 1794//1794 1762//1762
f 1674//1674 1673//1673 1884//1884
f 1796//1796 1795//1795 1762//1762
f 1675//1675 1674//1674 1884//1884
f 1797//1797 1796//1796 1762//1762
f 1676//1676 1675//1675 1884//1884
f 1798//1798 1797//1797 1762//1762
f 1677//1677 1676//1676 1884//1884
f 1799//1799 1798//1798 1762//1762
f 1799//1799 1762//1762 1739//1739
f 1678//1678 1677//1677 1884//1884
f 1678//1678 1884//1884 1861//1861
f 1800//1800 1799//1799 1739//1739
f 1679//1679 1678//1678 1861//1861
f 1801//1801 1800//1800 1739//1739
f 1680//1680 1679//1679 1861//1861
f 1802//1802 1801//1801 1739//1739
f 1681//1681 1680//1680 1861//1861
f 1803//1803 1802//1802 1739//1739
f 1682//1682 1681//1681 1861//1861
f 1804//1804 1803//1803 1739//1739
f 1683//1683 1682//1682 1861//1861
f 1805//1805 1804//1804 1739//1739
f 1684//1684 1683//1683 1861//1861
f 1806//1806 1805//1805 1739//1739
f 1685//1685 1684//1684 1861//1861
f 1807//1807 1806//1806 1739//1739
f 1686//1686 1685//1685 1861//1861
f 1808//1808 1807//1807 1739//1739
f 1687//1687 1686//1686 1861//1861
f 1809//1809 1808//1808 1739//1739
f 1688//1688 1687//1687 1861//1861
f 1810//1810 1809//1809 1739//1739
f 1689//1689 1688//1688 1861//1861
f 1811//1811 1810//1810 1739//1739
f 1690//1690 1689//1689 1861//1861
f 1812//1812 1811//1811 1739//1739
f 1691//1691 1690//1690 1861//1861
f 1813//1813 1812//1812 1739//1739
f 1692//1692 1691//1691 1861//1861
f 1814//1814 1813//1813 1739//1739
f 1693//1693 1692//1692 1861//1861
f 1815//1815 1814//1814 1739//1739
f 1694//1694 1693//1693 1861//1861
f 1816//1816 1815//1815 1739//1739
f 1695//1695 1694//1694 1861//1861
f 1817//1817 1816//1816 1739//1739
f 1696//1696 1695//1695 1861//1861
f 1818//1818 1817//1817 1739//1739
f 1697//1697 1696//1696 1861//1861
f 1819//1819 1818//1818 1739//1739
f 1698//1698 1697//1697 1861//1861
f 1698//1698 1861//1861 1836//1836
f 1820//1820 1819//1819 1739//1739
f 1699//1699 1698//1698 1836//1836
f 1821//1821 1820//1820 1739//1739
f 1821//1821 1739//1739 1714//1714
f 1700//1700 1699//1699 1836//1836
f 1822//1822 1821//1821 1714//1714
f 1701//1701 1700//1700 1836//1836
f 1701//1701 1836//1836 1835//1835
f 1823//1823 1822//1822 1714//1714
f 1823//1823 1714//1714 1713//1713
f 1823//1823 1713//1713 1712//1712
f 1823//1823 1712//1712 1711//1711
f 1702//1702 1701//1701 1835//1835
f 1702//1702 1835//1835 1834//1834
f 1702//1702 1834//1834 1833//1833
f 1702//1702 1833//1833 1832//1832
f 1824//1824 1823//1823 1711//1711
f 1824//1824 1711//1711 1710//1710
f 1824//1824 1710//1710 1709//1709
f 1824//1824 1709//1709 1708//1708
f 1824//1824 1708//1708 1707//1707
f 1824//1824 1707//1707 1706//1706
f 1824//1824 1706//1706 1705//1705
f 1824//1824 1705//1705 1704//1704
f 1824//1824 1704//1704 1703//1703
f 1703//1703 1702//1702 1832//1832
f 1703//1703 1832//1832 1831//1831
f 1703//1703 1831//1831 1830//1830
f 1703//1703 1830//1830 1829//1829
f 1703//1703 1829//1829 1828//1828
f 1703//1703 1828//1828 1827//1827
f 1703//1703 1827//1827 1826//1826
f 1703//1703 1826//1826 1825//1825
f 1703//1703 1825//1825 1824//1824
f 1655//1655 1656//1656 1411//1411
f 1411//1411 1656//1656 1412//1412
f 1656//1656 1657//1657 1412//1412
f 1412//1412 1657//1657 1413//1413
f 1657//1657 1658//1658 1413//1413
f 1413//1413 1658//1658 1414//1414
f 1658//1658 1659//1659 1414//1414
f 1414//1414 1659//1659 1415//1415
f 1659//1659 1660//1660 1415//1415
f 1415//1415 1660//1660 1416//1416
f 1660//1660 1661//1661 1416//1416
f 1416//1416 1661//1661 1417//1417
f 1661//1661 1662//1662 1417//1417
f 1417//1417 1662//1662 1418//1418
f 1662//1662 1663//1663 1418//1418
f 1418//1418 1663//1663 1419//1419
f 1663//1663 1664//1664 1419//1419
f 1419//1419 1664//1664 1420//1420
f 1664//1664 1665//1665 1420//1420
f 1420//1420 1665//1665 1421//1421
f 1665//1665 1666//1666 1421//1421
f 1421//1421 1666//1666 1422//1422
f 1666//1666 1667//1667 1422//1422
f 1422//1422 1667//1667 1423//1423
f 1667//1667 1668//1668 1423//1423
f 1423//1423 1668//1668 1424//1424
f 1668//1668 1669//1669 1424//1424
f 1424//1424 1669//1669 1425//1425
f 1669//1669 1670//1670 1425//1425
f 1425//1425 1670//1670 1426//1426
f 1670//1670 1671//1671 1426//1426
f 1426//1426 1671//1671 1427//1427
f 1671//1671 1672//1672 1427//1427
f 1427//1427 1672//1672 1428//1428
f 1672//1672 1673//1673 1428//1428
f 1428//1428 1673//1673 1429//1429
f 1673//1673 1674//1674 1429//1429
f 1429//1429 1674//1674 1430//1430
f 1674//1674 1675//1675 1430//1430
f 1430//1430 1675//1675 1431//1431
f 1675//1675 1676//1676 1431//1431
f 1431//1431 1676//1676 1432//1432
f 1676//1676 1677//1677 1432//1432
f 1432//1432 1677//1677 1433//1433
f 1677//1677 1678//1678 1433//1433
f 1433//1433 1678//1678 1434//1434
f 1678//1678 1679//1679 1434//1434
f 1434//1434 1679//1679 1435//1435
f 1679//1679 1680//1680 1435//1435
f 1435//1435 1680//1680 1436//1436
f 1680//1680 1681//1681 1436//1436
f 1436//1436 1681//1681 1437//1437
f 1681//1681 1682//1682 1437//1437
f 1437//1437 1682//1682 1438//1438
f 1682//1682 1683//1683 1438//1438
f 1438//1438 1683//1683 1439//1439
f 1683//1683 1684//1684 1439//1439
f 1439//1439 1684//1684 1440//1440
f 1684//1684 1685//1685 1440//1440
f 1440//1440 1685//1685 1441//1441
f 1685//1685 1686//1686 1441//1441
f 1441//1441 1686//1686 1442//1442
f 1686//1686 1687//1687 1442//1442
f 1442//1442 1687//1687 1443//1443
f 1687//1687 1688//1688 1443//1443
f 1443//1443 1688//1688 1444//1444
f 1688//1688 1689//1689 1444//1444
f 1444//1444 1689//1689 1445//1445
f 1689//1689 1690//1690 1445//1445
f 1445//1445 1690//1690 1446//1446
f 1690//1690 1691//1691 1446//1446
f 1446//1446 1691//1691 1447//1447
f 1691//1691 1692//1692 1447//1447
f 1447//1447 1692//1692 1448//1448
f 1692//1692 1693//1693 1448//1448
f 1448//1448 1693//1693 1449//1449
f 1693//1693 1694//1694 1449//1449
f 1449//1449 1694//1694 1450//1450
f 1694//1694 1695//1695 1450//1450
f 1450//1450 1695//1695 1451//1451
f 1695//1695 1696//1696 1451//1451
f 1451//1451 1696//1696 1452//1452
f 1696//1696 1697//1697 1452//1452
f 1452//1452 1697//1697 1453//1453
f 1697//1697 1698//1698 1453//1453
f 1453//1453 1698//1698 1454//1454
f 1698//1698 1699//1699 1454//1454
f 1454//1454 1699//1699 1455//1455
f 1699//1699 1700//1700 1455//1455
f 1455//1455 1700//1700 1456//1456
f 1700//1700 1701//1701 1456//1456
f 1456//1456 1701//1701 1457//1457
f 1701//1701 1702//1702 1457//1457
f 1457//1457 1702//1702 1458//1458
f 1702//1702 1703//1703 1458//1458
f 1458//1458 1703//1703 1459//1459
f 1703//1703 1704//1704 1459//1459
f 1459//1459 1704//1704 1460//1460
f 1704//1704 1705//1705 1460//1460
f 1460//1460 1705//1705 1461//1461
f 1705//1705 1706//1706 1461//1461
f 1461//1461 1706//1706 1462//1462
f 1706//1706 1707//1707 1462//1462
f 1462//1462 1707//1707 1463//1463
f 1707//1707 1708//1708 1463//1463
f 1463//1463 1708//1708 1464//1464
f 1708//1708 1709//1709 1464//1464
f 1464//1464 1709//1709 1465//1465
f 1709//1709 1710//1710 1465//1465
f 1465//1465 1710//1710 1466//1466
f 1710//1710 1711//1711 1466//1466
f 1466//1466 1711//1711 1467//1467
f 1711//1711 1712//1712 1467//1467
f 1467//1467 1712//1712 1468//1468
f 1712//1712 1713//1713 1468//1468
f 1468//1468 1713//1713 1469//1469
f 1713//1713 1714//1714 1469//1469
f 1469//1469 1714//1714 1470//1470
f 1714//1714 1715//1715 1470//1470
f 1470//1470 1715//1715 1471//1471
f 1715//1715 1716//1716 1471//1471
f 1471//1471 1716//1716 1472//1472
f 1716//1716 1717//1717 1472//1472
f 1472//1472 1717//1717 1473//1473
f 1717//1717 1718//1718 1473//1473
f 1473//1473 1718//1718 1474//1474
f 1718//1718 1719//1719 1474//1474
f 1474//1474 1719//1719 1475//1475
f 1719//1719 1720//1720 1475//1475
f 1475//1475 1720//1720 1476//1476
f 1720//1720 1721//1721 1476//1476
f 1476//1476 1721//1721 1477//1477
f 1721//1721 1722//1722 1477//1477
f 1477//1477 1722//1722 1478//1478
f 1722//1722 1723//1723 1478//1478
f 1478//1478 1723//1723 1479//1479
f 1723//1723 1724//1724 1479//1479
f 1479//1479 1724//1724 1480//1480
f 1724//1724 1725//1725 1480//1480
f 1480//1480 1725//1725 1481//1481
f 1725//1725 1726//1726 1481//1481
f 1481//1481 1726//1726 1482//1482
f 1726//1726 1727//1727 1482//1482
f 1482//1482 1727//1727 1483//1483
f 1727//1727 1728//1728 1483//1483
f 1483//1483 1728//1728 1484//1484
f 1728//1728 1729//1729 1484//1484
f 1484//1484 1729//1729 1485//1485
f 1729//1729 1730//1730 1485//1485
f 1485//1485 1730//1730 1486//1486
f 1730//1730 1731//1731 1486//1486
f 1486//1486 1731//1731 1487//1487
f 1731//1731 1732//1732 1487//1487
f 1487//1487 1732//1732 1488//1488
f 1732//1732 1733//1733 1488//1488
f 1488//1488 1733//1733 1489//1489
f 1733//1733 1734//1734 1489//1489
f 1489//1489 1734//1734 1490//1490
f 1734//1734 1735//1735 1490//1490
f 1490//1490 1735//1735 1491//1491
f 1735//1735 1736//1736 1491//1491
f 1491//1491 1736//1736 1492//1492
f 1736//1736 1737//1737 1492//1492
f 1492//1492 1737//1737 1493//1493
f 1737//1737 1738//1738 1493//1493
f 1493//1493 1738//1738 1494//1494
f 1738//1738 1739//1739 1494//1494
f 1494//1494 1739//1739 1495//1495
f 1739//1739 1740//1740 1495//1495
f 1495//1495 1740//1740 1496//1496
f 1740//1740 1741//1741 1496//1496
f 1496//1496 1741//1741 1497//1497
f 1741//1741 1742//1742 1497//1497
f 1497//1497 1742//1742 1498//1498
f 1742//1742 1743//1743 1498//1498
f 1498//1498 1743//1743 1499//1499
f 1743//1743 1744//1744 1499//1499
f 1499//1499 1744//1744 1500//1500
f 1744//1744 1745//1745 1500//1500
f 1500//1500 1745//1745 1501//1501
f 1745//1745 1746//1746 1501//1501
f 1501//1501 1746//1746 1502//1502
f 1746//1746 1747//1747 1502//1502
f 1502//1502 1747//1747 1503//1503
f 1747//1747 1748//1748 1503//1503
f 1503//1503 1748//1748 1504//1504
f 1748//1748 1749//1749 1504//1504
f 1504//1504 1749//1749 1505//1505
f 1749//1749 1750//1750 1505//1505
f 1505//1505 1750//1750 1506//1506
f 1750//1750 1751//1751 1506//1506
f 1506//1506 1751//1751 1507//1507
f 1751//1751 1752//1752 1507//1507
f 1507//1507 1752//1752 1508//1508
f 1752//1752 1753//1753 1508//1508
f 1508//1508 1753//1753 1509//1509
f 1753//1753 1754//1754 1509//1509
f 1509//1509 1754//1754 1510//1510
f 1754//1754 1755//1755 1510//1510
f 1510//1510 1755//1755 1511//1511
f 1755//1755 1756//1756 1511//1511
f 1511//1511 1756//1756 1512//1512
f 1756//1756 1757//1757 1512//1512
f 1512//1512 1757//1757 1513//1513
f 1757//1757 1758//1758 1513//1513
f 1513//1513 1758//1758 1514//1514
f 1758//1758 1759//1759 1514//1514
f 1514//1514 1759//1759 1515//1515
f 1759//1759 1760//1760 1515//1515
f 1515//1515 1760//1760 1516//1516
f 1760//1760 1761//1761 1516//1516
f 1516//1516 1761//1761 1517//1517
f 1761//1761 1762//1762 1517//1517
f 1517//1517 1762//1762 1518//1518
f 1762//1762 1763//1763 1518//1518
f 1518//1518 1763//1763 1519//1519
f 1763//1763 1764//1764 1519//1519
f 1519//1519 1764//1764 1520//1520
f 1764//1764 1765//1765 1520//1520
f 1520//1520 1765//1765 1521//1521
f 1765//1765 1766//1766 1521//1521
f 1521//1521 1766//1766 1522//1522
f 1766//1766 1767//1767 1522//1522
f 1522//1522 1767//1767 1523//1523
f 1767//1767 1768//1768 1523//1523
f 1523//1523 1768//1768 1524//1524
f 1768//1768 1769//1769 1524//1524
f 1524//1524 1769//1769 1525//1525
f 1769//1769 1770//1770 1525//1525
f 1525//1525 1770//1770 1526//1526
f 1770//1770 1771//1771 1526//1526
f 1526//1526 1771//1771 1527//1527
f 1771//1771 1772//1772 1527//1527
f 1527//1527 1772//1772 1528//1528
f 1772//1772 1773//1773 1528//1528
f 1528//1528 1773//1773 1529//1529
f 1773//1773 1774//1774 1529//1529
f 1529//1529 1774//1774 1530//1530
f 1774//1774 1775//1775 1530//1530
f 1530//1530 1775//1775 1531//1531
f 1775//1775 1776//1776 1531//1531
f 1531//1531 1776//1776 1532//1532
f 1776//1776 1777//1777 1532//1532
f 1532//1532 1777//1777 1533//1533
f 1777//1777 1778//1778 1533//1533
f 1533//1533 1778//1778 1534//1534
f 1778//1778 1779//1779 1534//1534
f 1534//1534 1779//1779 1535//1535
f 1779//1779 1780//1780 1535//1535
f 1535//1535 1780//1780 1536//1536
f 1780//1780 1781//1781 1536//1536
f 1536//1536 1781//1781 1537//1537
f 1781//1781 1782//1782 1537//1537
f 1537//1537 1782//1782 1538//1538
f 1782//1782 1783//1783 1538//1538
f 1538//1538 1783//1783 1539//1539
f 1783//1783 1784//1784 1539//1539
f 1539//1539 1784//1784 1540//1540
f 1784//1784 1785//1785 1540//1540
f 1540//1540 1785//1785 1541//1541
f 1785//1785 1786//1786 1541//1541
f 1541//1541 1786//1786 1542//1542
f 1786//1786 1787//1787 1542//1542
f 1542//1542 1787//1787 1543//1543
f 1787//1787 1788//1788 1543//1543
f 1543//1543 1788//1788 1544//1544
f 1788//1788 1789//1789 1544//1544
f 1544//1544 1789//1789 1545//1545
f 1789//1789 1790//1790 1545//1545
f 1545//1545 1790//1790 1546//1546
f 1790//1790 1791//1791 1546//1546
f 1546//1546 1791//1791 1547//1547
f 1791//1791 1792//1792 1547//1547
f 1547//1547 1792//1792 1548//1548
f 1792//1792 1793//1793 1548//1548
f 1548//1548 1793//1793 1549//1549
f 1793//1793 1794//1794 1549//1549
f 1549//1549 1794//1794 1550//1550
f 1794//1794 1795//1795 1550//1550
f 1550//1550 1795//1795 1551//1551
f 1795//1795 1796//1796 1551//1551
f 1551//1551 1796//1796 1552//1552
f 1796//1796 1797//1797 1552//1552
f 1552//1552 1797//1797 1553//1553
f 1797//1797 1798//1798 1553//1553
f 1553//1553 1798//1798 1554//1554
f 1798//1798 1799//1799 1554//1554
f 1554//1554 1799//1799 1555//1555
f 1799//1799 1800//1800 1555//1555
f 1555//1555 1800//1800 1556//1556
f 1800//1800 1801//1801 1556//1556
f 1556//1556 1801//1801 1557//1557
f 1801//1801 1802//1802 1557//1557
f 1557//1557 1802//1802 1558//1558
f 1802//1802 1803//1803 1558//1558
f 1558//1558 1803//1803 1559//1559
f 1803//1803 1804//1804 1559//1559
f 1559//1559 1804//1804 1560//1560
f 1804//1804 1805//1805 1560//1560
f 1560//1560 1805//1805 1561//1561
f 1805//1805 1806//1806 1561//1561
f 1561//1561 1806//1806 1562//1562
f 1806//1806 1807//1807 1562//1562
f 1562//1562 1807//1807 1563//1563
f 1807//1807 1808//1808 1563//1563
f 1563//1563 1808//1808 1564//1564
f 1808//1808 1809//1809 1564//1564
f 1564//1564 1809//1809 1565//1565
f 1809//1809 1810//1810 1565//1565
f 1565//1565 1810//1810 1566//1566
f 1810//1810 1811//1811 1566//1566
f 1566//1566 1811//1811 1567//1567
f 1811//1811 1812//1812 1567//1567
f 1567//1567 1812//1812 1568//1568
f 1812//1812 1813//1813 1568//1568
f 1568//1568 1813//1813 1569//1569
f 1813//1813 1814//1814 1569//1569
f 1569//1569 1814//1814 1570//1570
f 1814//1814 1815//1815 1570//1570
f 1570//1570 1815//1815 1571//1571
f 1815//1815 1816//1816 1571//1571
f 1571//1571 1816//1816 1572//1572
f 1816//1816 1817//1817 1572//1572
f 1572//1572 1817//1817 1573//1573
f 1817//1817 1818//1818 1573//1573
f 1573//1573 1818//1818 1574//1574
f 1818//1818 1819//1819 1574//1574
f 1574//1574 1819//1819 1575//1575
f 1819//1819 1820//1820 1575//1575
f 1575//1575 1820//1820 1576//1576
f 1820//1820 1821//1821 1576//1576
f 1576//1576 1821//1821 1577//1577
f 1821//1821 1822//1822 1577//1577
f 1577//1577 1822//1822 1578//1578
f 1822//1822 1823//1823 1578//1578
f 1578//1578 1823//1823 1579//1579
f 1823//1823 1824//1824 1579//1579
f 1579//1579 1824//1824 1580//1580
f 1824//1824 1825//1825 1580//1580
f 1580//1580 1825//1825 1581//1581
f 1825//1825 1826//1826 1581//1581
f 1581//1581 1826//1826 1582//1582
f 1826//1826 1827//1827 1582//1582
f 1582//1582 1827//1827 1583//1583
f 1827//1827 1828//1828 1583//1583
f 1583//1583 1828//1828 1584//1584
f 1828//1828 1829//1829 1584//1584
f 1584//1584 1829//1829 1585//1585
f 1829//1829 1830//1830 1585//1585
f 1585//1585 1830//1830 1586//1586
f 1830//1830 1831//1831 1586//1586
f 1586//1586 1831//1831 1587//1587
f 1831//1831 1832//1832 1587//1587
f 1587//1587 1832//1832 1588//1588
f 1832//1832 1833//1833 1588//1588
f 1588//1588 1833//1833 1589//1589
f 1833//1833 1834//1834 1589//1589
f 1589//1589 1834//1834 1590//1590
f 1834//1834 1835//1835 1590//1590
f 1590//1590 1835//1835 1591//1591
f 1835//1835 1836//1836 1591//1591
f 1591//1591 1836//1836 1592//1592
f 1836//1836 1837//1837 1592//1592
f 1592//1592 1837//1837 1593//1593
f 1837//1837 1838//1838 1593//1593
f 1593//1593 1838//1838 1594//1594
f 1838//1838 1839//1839 1594//1594
f 1594//1594 1839//1839 1595//1595
f 1839//1839 1840//1840 1595//1595
f 1595//1595 1840//1840 1596//1596
f 1840//1840 1841//1841 1596//1596
f 1596//1596 1841//1841 1597//1597
f 1841//1841 1842//1842 1597//1597
f 1597//1597 1842//1842 1598//1598
f 1842//1842 1843//1843 1598//1598
f 1598//1598 1843//1843 1599//1599
f 1843//1843 1844//1844 1599//1599
f 1599//1599 1844//1844 1600//1600
f 1844//1844 1845//1845 1600//1600
f 1600//1600 1845//1845 1601//1601
f 1845//1845 1846//1846 1601//1601
f 1601//1601 1846//1846 1602//1602
f 1846//1846 1847//1847 1602//1602
f 1602//1602 1847//1847 1603//1603
f 1847//1847 1848//1848 1603//1603
f 1603//1603 1848//1848 1604//1604
f 1848//1848 1849//1849 1604//1604
f 1604//1604 1849//1849 1605//1605
f 1849//1849 1850//1850 1605//1605
f 1605//1605 1850//1850 1606//1606
f 1850//1850 1851//1851 1606//1606
f 1606//1606 1851//1851 1607//1607
f 1851//1851 1852//1852 1607//1607
f 1607//1607 1852//1852 1608//1608
f 1852//1852 1853//1853 1608//1608
f 1608//1608 1853//1853 1609//1609
f 1853//1853 1854//1854 1609//1609
f 1609//1609 1854//1854 1610//1610
f 1854//1854 1855//1855 1610//1610
f 1610//1610 1855//1855 1611//1611
f 1855//1855 1856//1856 1611//1611
f 1611//1611 1856//1856 1612//1612
f 1856//1856 1857//1857 1612//1612
f 1612//1612 1857//1857 1613//1613
f 1857//1857 1858//1858 1613//1613
f 1613//1613 1858//1858 1614//1614
f 1858//1858 1859//1859 1614//1614
f 1614//1614 1859//1859 1615//1615
f 1859//1859 1860//1860 1615//1615
f 1615//1615 1860//1860 1616//1616
f 1860//1860 1861//1861 1616//1616
f 1616//1616 1861//1861 1617//1617
f 1861//1861 1862//1862 1617//1617
f 1617//1617 1862//1862 1618//1618
f 1862//1862 1863//1863 1618//1618
f 1618//1618 1863//1863 1619//1619
f 1863//1863 1864//1864 1619//1619
f 1619//1619 1864//1864 1620//1620
f 1864//1864 1865//1865 1620//1620
f 1620//1620 1865//1865 1621//1621
f 1865//1865 1866//1866 1621//1621
f 1621//1621 1866//1866 1622//1622
f 1866//1866 1867//1867 1622//1622
f 1622//1622 1867//1867 1623//1623
f 1867//1867 1868//1868 1623//1623
f 1623//1623 1868//1868 1624//1624
f 1868//1868 1869//1869 1624//1624
f 1624//1624 1869//1869 1625//1625
f 1869//1869 1870//1870 1625//1625
f 1625//1625 1870//1870 1626//1626
f 1870//1870 1871//1871 1626//1626
f 1626//1626 1871//1871 1627//1627
f 1871//1871 1872//1872 1627//1627
f 1627//1627 1872//1872 1628//1628
f 1872//1872 1873//1873 1628//1628
f 1628//1628 1873//1873 1629//1629
f 1873//1873 1874//1874 1629//1629
f 1629//1629 1874//1874 1630//1630
f 1874//1874 1875//1875 1630//1630
f 1630//1630 1875//1875 1631//1631
f 1875//1875 1876//1876 1631//1631
f 1631//1631 1876//1876 1632//1632
f 1876//1876 1877//1877 1632//1632
f 1632//1632 1877//1877 1633//1633
f 1877//1877 1878//1878 1633//1633
f 1633//1633 1878//1878 1634//1634
f 1878//1878 1879//1879 1634//1634
f 1634//1634 1879//1879 1635//1635
f 1879//1879 1880//1880 1635//1635
f 1635//1635 1880//1880 1636//1636
f 1880//1880 1881//1881 1636//1636
f 1636//1636 1881//1881 1637//1637
f 1881//1881 1882//1882 1637//1637
f 1637//1637 1882//1882 1638//1638
f 1882//1882 1883//1883 1638//1638
f 1638//1638 1883//1883 1639//1639
f 1883//1883 1884//1884 1639//1639
f 1639//1639 1884//1884 1640//1640
f 1884//1884 1885//1885 1640//1640
f 1640//1640 1885//1885 1641//1641
f 1885//1885 1886//1886 1641//1641
f 1641//1641 1886//1886 1642//1642
f 1886//1886 1887//1887 1642//1642
f 1642//1642 1887//1887 1643//1643
f 1887//1887 1888//1888 1643//1643
f 1643//1643 1888//1888 1644//1644
f 1888//1888 1889//1889 1644//1644
f 1644//1644 1889//1889 1645//1645
f 1889//1889 1890//1890 1645//1645
f 1645//1645 1890//1890 1646//1646
f 1890//1890 1891//1891 1646//1646
f 1646//1646 1891//1891 1647//1647
f 1891//1891 1892//1892 1647//1647
f 1647//1647 1892//1892 1648//1648
f 1892//1892 1893//1893 1648//1648
f 1648//1648 1893//1893 1649//1649
f 1893//1893 1894//1894 1649//1649
f 1649//1649 1894//1894 1650//1650
f 1894//1894 1895//1895 1650//1650
f 1650//1650 1895//1895 1651//1651
f 1895//1895 1896//1896 1651//1651
f 1651//1651 1896//1896 1652//1652
f 1896//1896 1897//1897 1652//1652
f 1652//1652 1897//1897 1653//1653
f 1898//1898 1655//1655 1654//1654
f 1654//1654 1655//1655 1411//1411
f 1897//1897 1898//1898 1653//1653
f 1653//1653 1898//1898 1654//1654
f 2098//2098 2099//2099 2020//2020
f 2097//2097 2098//2098 2020//2020
f 2096//2096 2097//2097 2020//2020
f 2095//2095 2096//2096 2020//2020
f 2094//2094 2095//2095 2020//2020
f 2093//2093 2094//2094 2020//2020
f 2092//2092 2093//2093 2020//2020
f 2091//2091 2092//2092 2020//2020
f 2090//2090 2091//2091 2020//2020
f 2089//2089 2090//2090 2020//2020
f 2088//2088 2089//2089 2020//2020
f 2087//2087 2088//2088 2020//2020
f 2020//2020 2099//2099 2100//2100
f 2019//2019 2020//2020 2100//2100
f 2018//2018 2019//2019 2100//2100
f 2017//2017 2018//2018 2100//2100
f 2015//2015 2016//2016 2017//2017
f 2014//2014 2015//2015 2017//2017
f 2013//2013 2014//2014 2017//2017
f 2012//2012 2013//2013 2017//2017
f 2011//2011 2012//2012 2017//2017
f 2010//2010 2011//2011 2017//2017
f 2009//2009 2010//2010 2017//2017
f 2008//2008 2009//2009 2017//2017
f 2007//2007 2008//2008 2017//2017
f 2006//2006 2007//2007 2017//2017
f 2005//2005 2006//2006 2017//2017
f 2004//2004 2005//2005 2017//2017
f 2003//2003 2004//2004 2017//2017
f 2002//2002 2003//2003 2017//2017
f 2001//2001 2002//2002 2017//2017
f 2000//2000 2001//2001 2017//2017
f 1999//1999 2000//2000 2017//2017
f 1998//1998 1999//1999 2017//2017
f 1997//1997 1998//1998 2017//2017
f 1996//1996 1997//1997 2017//2017
f 1995//1995 1996//1996 2017//2017
f 1993//1993 1994//1994 1995//1995
f 1992//1992 1993//1993 1995//1995
f 1991//1991 1992//1992 1995//1995
f 1990//1990 1991//1991 1995//1995
f 1989//1989 1990//1990 1995//1995
f 1988//1988 1989//1989 1995//1995
f 1987//1987 1988//1988 1995//1995
f 1986//1986 1987//1987 1995//1995
f 1985//1985 1986//1986 1995//1995
f 1984//1984 1985//1985 1995//1995
f 1983//1983 1984//1984 1995//1995
f 1982//1982 1983//1983 1995//1995
f 1981//1981 1982//1982 1995//1995
f 1980//1980 1981//1981 1995//1995
f 1979//1979 1980//1980 1995//1995
f 1978//1978 1979//1979 1995//1995
f 1977//1977 1978//1978 1995//1995
f 1976//1976 1977//1977 1995//1995
f 1975//1975 1976//1976 1995//1995
f 1974//1974 1975//1975 1995//1995
f 1973//1973 1974//1974 1995//1995
f 1972//1972 1973//1973 1995//1995
f 1971//1971 1972//1972 1995//1995
f 1970//1970 1971//1971 1995//1995
f 1969//1969 1970//1970 1995//1995
f 1968//1968 1969//1969 1995//1995
f 1967//1967 1968//1968 1995//1995
f 1966//1966 1967//1967 1995//1995
f 1965//1965 1966//1966 1995//1995
f 1964//1964 1965//1965 1995//1995
f 1963//1963 1964//1964 1995//1995
f 1962//1962 1963//1963 1995//1995
f 1961//1961 1962//1962 1995//1995
f 1960//1960 1961//1961 1995//1995
f 1959//1959 1960//1960 1995//1995
f 1958//1958 1959//1959 1995//1995
f 1956//1956 1957//1957 1958//1958
f 1955//1955 1956//1956 1958//1958
f 1954//1954 1955//1955 1958//1958
f 1953//1953 1954//1954 1958//1958
f 1952//1952 1953//1953 1958//1958
f 1951//1951 1952//1952 1958//1958
f 1950//1950 1951//1951 1958//1958
f 1949//1949 1950//1950 1958//1958
f 1948//1948 1949//1949 1958//1958
f 1947//1947 1948//1948 1958//1958
f 1946//1946 1947//1947 1958//1958
f 1945//1945 1946//1946 1958//1958
f 1944//1944 1945//1945 1958//1958
f 1943//1943 1944//1944 1958//1958
f 1915//1915 1916//1916 1917//1917
f 1914//1914 1915//1915 1917//1917
f 1913//1913 1914//1914 1917//1917
f 1912//1912 1913//1913 1917//1917
f 1911//1911 1912//1912 1917//1917
f 1910//1910 1911//1911 1917//1917
f 1909//1909 1910//1910 1917//1917
f 1907//1907 1908//1908 1909//1909
f 1906//1906 1907//1907 1909//1909
f 1905//1905 1906//1906 1909//1909
f 1904//1904 1905//1905 1909//1909
f 1903//1903 1904//1904 1909//1909
f 1902//1902 1903//1903 1909//1909
f 1901//1901 1902//1902 1909//1909
f 1900//1900 1901//1901 1909//1909
f 1899//1899 1900//1900 1909//1909
f 2060//2060 1899//1899 1909//1909
f 2059//2059 2060//2060 1909//1909
f 2058//2058 2059//2059 1909//1909
f 2057//2057 2058//2058 1909//1909
f 2056//2056 2057//2057 1909//1909
f 2055//2055 2056//2056 1909//1909
f 2054//2054 2055//2055 1909//1909
f 2053//2053 2054//2054 1909//1909
f 2052//2052 2053//2053 1909//1909
f 2051//2051 2052//2052 1909//1909
f 2050//2050 2051//2051 1909//1909
f 2049//2049 2050//2050 1909//1909
f 2048//2048 2049//2049 1909//1909
f 2047//2047 2048//2048 1909//1909
f 2046//2046 2047//2047 1909//1909
f 2045//2045 2046//2046 1909//1909
f 2044//2044 2045//2045 1909//1909
f 2043//2043 2044//2044 1909//1909
f 2042//2042 2043//2043 1909//1909
f 2041//2041 2042//2042 1909//1909
f 2040//2040 2041//2041 1909//1909
f 2039//2039 2040//2040 1909//1909
f 2038//2038 2039//2039 1909//1909
f 2037//2037 2038//2038 1909//1909
f 2036//2036 2037//2037 1909//1909
f 2034//2034 2035//2035 2036//2036
f 2033//2033 2034//2034 2036//2036
f 2032//2032 2033//2033 2036//2036
f 2031//2031 2032//2032 2036//2036
f 2030//2030 2031//2031 2036//2036
f 2029//2029 2030//2030 2036//2036
f 2028//2028 2029//2029 2036//2036
f 2027//2027 2028//2028 2036//2036
f 2026//2026 2027//2027 2036//2036
f 2025//2025 2026//2026 2036//2036
f 2024//2024 2025//2025 2036//2036
f 2023//2023 2024//2024 2036//2036
f 2022//2022 2023//2023 2036//2036
f 2021//2021 2022//2022 2036//2036
f 2020//2020 2021//2021 2036//2036
f 2087//2087 2020//2020 2036//2036
f 2086//2086 2087//2087 2036//2036
f 2085//2085 2086//2086 2036//2036
f 2084//2084 2085//2085 2036//2036
f 2083//2083 2084//2084 2036//2036
f 2082//2082 2083//2083 2036//2036
f 2081//2081 2082//2082 2036//2036
f 2080//2080 2081//2081 2036//2036
f 2079//2079 2080//2080 2036//2036
f 2078//2078 2079//2079 2036//2036
f 2077//2077 2078//2078 2036//2036
f 2076//2076 2077//2077 2036//2036
f 2075//2075 2076//2076 2036//2036
f 2074//2074 2075//2075 2036//2036
f 2073//2073 2074//2074 2036//2036
f 2072//2072 2073//2073 2036//2036
f 1943//1943 1958//1958 1995//1995
f 1942//1942 1943//1943 1995//1995
f 1941//1941 1942//1942 1995//1995
f 1940//1940 1941//1941 1995//1995
f 1939//1939 1940//1940 1995//1995
f 1938//1938 1939//1939 1995//1995
f 1937//1937 1938//1938 1995//1995
f 1936//1936 1937//1937 1995//1995
f 1935//1935 1936//1936 1995//1995
f 1934//1934 1935//1935 1995//1995
f 1933//1933 1934//1934 1995//1995
f 1932//1932 1933//1933 1995//1995
f 1931//1931 1932//1932 1995//1995
f 1930//1930 1931//1931 1995//1995
f 1929//1929 1930//1930 1995//1995
f 2072//2072 2036//2036 1909//1909
f 2071//2071 2072//2072 1909//1909
f 2070//2070 2071//2071 1909//1909
f 2069//2069 2070//2070 1909//1909
f 2068//2068 2069//2069 1909//1909
f 2067//2067 2068//2068 1909//1909
f 2066//2066 2067//2067 1909//1909
f 2065//2065 2066//2066 1909//1909
f 2064//2064 2065//2065 1909//1909
f 2063//2063 2064//2064 1909//1909
f 2062//2062 2063//2063 1909//1909
f 2061//2061 2062//2062 1909//1909
f 2101//2101 2061//2061 1909//1909
f 2100//2100 2101//2101 1909//1909
f 1929//1929 1995//1995 2017//2017
f 1928//1928 1929//1929 2017//2017
f 1927//1927 1928//1928 2017//2017
f 1926//1926 1927//1927 2017//2017
f 1925//1925 1926//1926 2017//2017
f 1924//1924 1925//1925 2017//2017
f 1923//1923 1924//1924 2017//2017
f 1922//1922 1923//1923 2017//2017
f 1921//1921 1922//1922 2017//2017
f 1920//1920 1921//1921 2017//2017
f 1919//1919 1920//1920 2017//2017
f 1918//1918 1919//1919 2017//2017
f 1917//1917 1918//1918 2017//2017
f 2100//2100 1909//1909 1917//1917
f 2017//2017 2100//2100 1917//1917
f 2223//2223 2302//2302 2301//2301
f 2223//2223 2301//2301 2300//2300
f 2223//2223 2300//2300 2299//2299
f 2223//2223 2299//2299 2298//2298
f 2223//2223 2298//2298 2297//2297
f 2223//2223 2297//2297 2296//2296
f 2223//2223 2296//2296 2295//2295
f 2223//2223 2295//2295 2294//2294
f 2223//2223 2294//2294 2293//2293
f 2223//2223 2293//2293 2292//2292
f 2223//2223 2292//2292 2291//2291
f 2223//2223 2291//2291 2290//2290
f 2303//2303 2302//2302 2223//2223
f 2303//2303 2223//2223 2222//2222
f 2303//2303 2222//2222 2221//2221
f 2303//2303 2221//2221 2220//2220
f 2220//2220 2219//2219 2218//2218
f 2220//2220 2218//2218 2217//2217
f 2220//2220 2217//2217 2216//2216
f 2220//2220 2216//2216 2215//2215
f 2220//2220 2215//2215 2214//2214
f 2220//2220 2214//2214 2213//2213
f 2220//2220 2213//2213 2212//2212
f 2220//2220 2212//2212 2211//2211
f 2220//2220 2211//2211 2210//2210
f 2220//2220 2210//2210 2209//2209
f 2220//2220 2209//2209 2208//2208
f 2220//2220 2208//2208 2207//2207
f 2220//2220 2207//2207 2206//2206
f 2220//2220 2206//2206 2205//2205
f 2220//2220 2205//2205 2204//2204
f 2220//2220 2204//2204 2203//2203
f 2220//2220 2203//2203 2202//2202
f 2220//2220 2202//2202 2201//2201
f 2220//2220 2201//2201 2200//2200
f 2220//2220 2200//2200 2199//2199
f 2220//2220 2199//2199 2198//2198
f 2198//2198 2197//2197 2196//2196
f 2198//2198 2196//2196 2195//2195
f 2198//2198 2195//2195 2194//2194
f 2198//2198 2194//2194 2193//2193
f 2198//2198 2193//2193 2192//2192
f 2198//2198 2192//2192 2191//2191
f 2198//2198 2191//2191 2190//2190
f 2198//2198 2190//2190 2189//2189
f 2198//2198 2189//2189 2188//2188
f 2198//2198 2188//2188 2187//2187
f 2198//2198 2187//2187 2186//2186
f 2198//2198 2186//2186 2185//2185
f 2198//2198 2185//2185 2184//2184
f 2198//2198 2184//2184 2183//2183
f 2198//2198 2183//2183 2182//2182
f 2198//2198 2182//2182 2181//2181
f 2198//2198 2181//2181 2180//2180
f 2198//2198 2180//2180 2179//2179
f 2198//2198 2179//2179 2178//2178
f 2198//2198 2178//2178 2177//2177
f 2198//2198 2177//2177 2176//2176
f 2198//2198 2176//2176 2175//2175
f 2198//2198 2175//2175 2174//2174
f 2198//2198 2174//2174 2173//2173
f 2198//2198 2173//2173 2172//2172
f 2198//2198 2172//2172 2171//2171
f 2198//2198 2171//2171 2170//2170
f 2198//2198 2170//2170 2169//2169
f 2198//2198 2169//2169 2168//2168
f 2198//2198 2168//2168 2167//2167
f 2198//2198 2167//2167 2166//2166
f 2198//2198 2166//2166 2165//2165
f 2198//2198 2165//2165 2164//2164
f 2198//2198 2164//2164 2163//2163
f 2198//2198 2163//2163 2162//2162
f 2198//2198 2162//2162 2161//2161
f 2161//2161 2160//2160 2159//2159
f 2161//2161 2159//2159 2158//2158
f 2161//2161 2158//2158 2157//2157
f 2161//2161 2157//2157 2156//2156
f 2161//2161 2156//2156 2155//2155
f 2161//2161 2155//2155 2154//2154
f 2161//2161 2154//2154 2153//2153
f 2161//2161 2153//2153 2152//2152
f 2161//2161 2152//2152 2151//2151
f 2161//2161 2151//2151 2150//2150
f 2161//2161 2150//2150 2149//2149
f 2161//2161 2149//2149 2148//2148
f 2161//2161 2148//2148 2147//2147
f 2161//2161 2147//2147 2146//2146
f 2120//2120 2119//2119 2118//2118
f 2120//2120 2118//2118 2117//2117
f 2120//2120 2117//2117 2116//2116
f 2120//2120 2116//2116 2115//2115
f 2120//2120 2115//2115 2114//2114
f 2120//2120 2114//2114 2113//2113
f 2120//2120 2113//2113 2112//2112
f 2112//2112 2111//2111 2110//2110
f 2112//2112 2110//2110 2109//2109
f 2112//2112 2109//2109 2108//2108
f 2112//2112 2108//2108 2107//2107
f 2112//2112 2107//2107 2106//2106
f 2112//2112 2106//2106 2105//2105
f 2112//2112 2105//2105 2104//2104
f 2112//2112 2104//2104 2103//2103
f 2112//2112 2103//2103 2102//2102
f 2112//2112 2102//2102 2263//2263
f 2112//2112 2263//2263 2262//2262
f 2112//2112 2262//2262 2261//2261
f 2112//2112 2261//2261 2260//2260
f 2112//2112 2260//2260 2259//2259
f 2112//2112 2259//2259 2258//2258
f 2112//2112 2258//2258 2257//2257
f 2112//2112 2257//2257 2256//2256
f 2112//2112 2256//2256 2255//2255
f 2112//2112 2255//2255 2254//2254
f 2112//2112 2254//2254 2253//2253
f 2112//2112 2253//2253 2252//2252
f 2112//2112 2252//2252 2251//2251
f 2112//2112 2251//2251 2250//2250
f 2112//2112 2250//2250 2249//2249
f 2112//2112 2249//2249 2248//2248
f 2112//2112 2248//2248 2247//2247
f 2112//2112 2247//2247 2246//2246
f 2112//2112 2246//2246 2245//2245
f 2112//2112 2245//2245 2244//2244
f 2112//2112 2244//2244 2243//2243
f 2112//2112 2243//2243 2242//2242
f 2112//2112 2242//2242 2241//2241
f 2112//2112 2241//2241 2240//2240
f 2112//2112 2240//2240 2239//2239
f 2239//2239 2238//2238 2237//2237
f 2239//2239 2237//2237 2236//2236
f 2239//2239 2236//2236 2235//2235
f 2239//2239 2235//2235 2234//2234
f 2239//2239 2234//2234 2233//2233
f 2239//2239 2233//2233 2232//2232
f 2239//2239 2232//2232 2231//2231
f 2239//2239 2231//2231 2230//2230
f 2239//2239 2230//2230 2229//2229
f 2239//2239 2229//2229 2228//2228
f 2239//2239 2228//2228 2227//2227
f 2239//2239 2227//2227 2226//2226
f 2239//2239 2226//2226 2225//2225
f 2239//2239 2225//2225 2224//2224
f 2239//2239 2224//2224 2223//2223
f 2239//2239 2223//2223 2290//2290
f 2239//2239 2290//2290 2289//2289
f 2239//2239 2289//2289 2288//2288
f 2239//2239 2288//2288 2287//2287
f 2239//2239 2287//2287 2286//2286
f 2239//2239 2286//2286 2285//2285
f 2239//2239 2285//2285 2284//2284
f 2239//2239 2284//2284 2283//2283
f 2239//2239 2283//2283 2282//2282
f 2239//2239 2282//2282 2281//2281
f 2239//2239 2281//2281 2280//2280
f 2239//2239 2280//2280 2279//2279
f 2239//2239 2279//2279 2278//2278
f 2239//2239 2278//2278 2277//2277
f 2239//2239 2277//2277 2276//2276
f 2239//2239 2276//2276 2275//2275
f 2198//2198 2161//2161 2146//2146
f 2198//2198 2146//2146 2145//2145
f 2198//2198 2145//2145 2144//2144
f 2198//2198 2144//2144 2143//2143
f 2198//2198 2143//2143 2142//2142
f 2198//2198 2142//2142 2141//2141
f 2198//2198 2141//2141 2140//2140
f 2198//2198 2140//2140 2139//2139
f 2198//2198 2139//2139 2138//2138
f 2198//2198 2138//2138 2137//2137
f 2198//2198 2137//2137 2136//2136
f 2198//2198 2136//2136 2135//2135
f 2198//2198 2135//2135 2134//2134
f 2198//2198 2134//2134 2133//2133
f 2198//2198 2133//2133 2132//2132
f 2112//2112 2239//2239 2275//2275
f 2112//2112 2275//2275 2274//2274
f 2112//2112 2274//2274 2273//2273
f 2112//2112 2273//2273 2272//2272
f 2112//2112 2272//2272 2271//2271
f 2112//2112 2271//2271 2270//2270
f 2112//2112 2270//2270 2269//2269
f 2112//2112 2269//2269 2268//2268
f 2112//2112 2268//2268 2267//2267
f 2112//2112 2267//2267 2266//2266
f 2112//2112 2266//2266 2265//2265
f 2112//2112 2265//2265 2264//2264
f 2112//2112 2264//2264 2304//2304
f 2112//2112 2304//2304 2303//2303
f 2220//2220 2198//2198 2132//2132
f 2220//2220 2132//2132 2131//2131
f 2220//2220 2131//2131 2130//2130
f 2220//2220 2130//2130 2129//2129
f 2220//2220 2129//2129 2128//2128
f 2220//2220 2128//2128 2127//2127
f 2220//2220 2127//2127 2126//2126
f 2220//2220 2126//2126 2125//2125
f 2220//2220 2125//2125 2124//2124
f 2220//2220 2124//2124 2123//2123
f 2220//2220 2123//2123 2122//2122
f 2220//2220 2122//2122 2121//2121
f 2220//2220 2121//2121 2120//2120
f 2120//2120 2112//2112 2303//2303
f 2120//2120 2303//2303 2220//2220
f 2102//2102 2103//2103 1899//1899
f 1899//1899 2103//2103 1900//1900
f 2103//2103 2104//2104 1900//1900
f 1900//1900 2104//2104 1901//1901
f 2104//2104 2105//2105 1901//1901
f 1901//1901 2105//2105 1902//1902
f 2105//2105 2106//2106 1902//1902
f 1902//1902 2106//2106 1903//1903
f 2106//2106 2107//2107 1903//1903
f 1903//1903 2107//2107 1904//1904
f 2107//2107 2108//2108 1904//1904
f 1904//1904 2108//2108 1905//1905
f 2108//2108 2109//2109 1905//1905
f 1905//1905 2109//2109 1906//1906
f 2109//2109 2110//2110 1906//1906
f 1906//1906 2110//2110 1907//1907
f 2110//2110 2111//2111 1907//1907
f 1907//1907 2111//2111 1908//1908
f 2111//2111 2112//2112 1908//1908
f 1908//1908 2112//2112 1909//1909
f 2112//2112 2113//2113 1909//1909
f 1909//1909 2113//2113 1910//1910
f 2113//2113 2114//2114 1910//1910
f 1910//1910 2114//2114 1911//1911
f 2114//2114 2115//2115 1911//1911
f 1911//1911 2115//2115 1912//1912
f 2115//2115 2116//2116 1912//1912
f 1912//1912 2116//2116 1913//1913
f 2116//2116 2117//2117 1913//1913
f 1913//1913 2117//2117 1914//1914
f 2117//2117 2118//2118 1914//1914
f 1914//1914 2118//2118 1915//1915
f 2118//2118 2119//2119 1915//1915
f 1915//1915 2119//2119 1916//1916
f 2119//2119 2120//2120 1916//1916
f 1916//1916 2120//2120 1917//1917
f 2120//2120 2121//2121 1917//1917
f 1917//1917 2121//2121 1918//1918
f 2121//2121 2122//2122 1918//1918
f 1918//1918 2122//2122 1919//1919
f 2122//2122 2123//2123 1919//1919
f 1919//1919 2123//2123 1920//1920
f 2123//2123 2124//2124 1920//1920
f 1920//1920 2124//2124 1921//1921
f 2124//2124 2125//2125 1921//1921
f 1921//1921 2125//2125 1922//1922
f 2125//2125 2126//2126 1922//1922
f 1922//1922 2126//2126 1923//1923
f 2126//2126 2127//2127 1923//1923
f 1923//1923 2127//2127 1924//1924
f 2127//2127 2128//2128 1924//1924
f 1924//1924 2128//2128 1925//1925
f 2128//2128 2129//2129 1925//1925
f 1925//1925 2129//2129 1926//1926
f 2129//2129 2130//2130 1926//1926
f 1926//1926 2130//2130 1927//1927
f 2130//2130 2131//2131 1927//1927
f 1927//1927 2131//2131 1928//1928
f 2131//2131 2132//2132 1928//1928
f 1928//1928 2132//2132 1929//1929
f 2132//2132 2133//2133 1929//1929
f 1929//1929 2133//2133 1930//1930
f 2133//2133 2134//2134 1930//1930
f 1930//1930 2134//2134 1931//1931
f 2134//2134 2135//2135 1931//1931
f 1931//1931 2135//2135 1932//1932
f 2135//2135 2136//2136 1932//1932
f 1932//1932 2136//2136 1933//1933
f 2136//2136 2137//2137 1933//1933
f 1933//1933 2137//2137 1934//1934
f 2137//2137 2138//2138 1934//1934
f 1934//1934 2138//2138 1935//1935
f 2138//2138 2139//2139 1935//1935
f 1935//1935 2139//2139 1936//1936
f 2139//2139 2140//2140 1936//1936
f 1936//1936 2140//2140 1937//1937
f 2140//2140 2141//2141 1937//1937
f 1937//1937 2141//2141 1938//1938
f 2141//2141 2142//2142 1938//1938
f 1938//1938 2142//2142 1939//1939
f 2142//2142 2143//2143 1939//1939
f 1939//1939 2143//2143 1940//1940
f 2143//2143 2144//2144 1940//1940
f 1940//1940 2144//2144 1941//1941
f 2144//2144 2145//2145 1941//1941
f 1941//1941 2145//2145 1942//1942
f 2145//2145 2146//2146 1942//1942
f 1942//1942 2146//2146 1943//1943
f 2146//2146 2147//2147 1943//1943
f 1943//1943 2147//2147 1944//1944
f 2147//2147 2148//2148 1944//1944
f 1944//1944 2148//2148 1945//1945
f 2148//2148 2149//2149 1945//1945
f 1945//1945 2149//2149 1946//1946
f 2149//2149 2150//2150 1946//1946
f 1946//1946 2150//2150 1947//1947
f 2150//2150 2151//2151 1947//1947
f 1947//1947 2151//2151 1948//1948
f 2151//2151 2152//2152 1948//1948
f 1948//1948 2152//2152 1949//1949
f 2152//2152 2153//2153 1949//1949
f 1949//1949 2153//2153 1950//1950
f 2153//2153 2154//2154 1950//1950
f 1950//1950 2154//2154 1951//1951
f 2154//2154 2155//2155 1951//1951
f 1951//1951 2155//2155 1952//1952
f 2155//2155 2156//2156 1952//1952
f 1952//1952 2156//2156 1953//1953
f 2156//2156 2157//2157 1953//1953
f 1953//1953 2157//2157 1954//1954
f 2157//2157 2158//2158 1954//1954
f 1954//1954 2158//2158 1955//1955
f 2158//2158 2159//2159 1955//1955
f 1955//1955 2159//2159 1956//1956
f 2159//2159 2160//2160 1956//1956
f 1956//1956 2160//2160 1957//1957
f 2160//2160 2161//2161 1957//1957
f 1957//1957 2161//2161 1958//1958
f 2161//2161 2162//2162 1958//1958
f 1958//1958 2162//2162 1959//1959
f 2162//2162 2163//2163 1959//1959
f 1959//1959 2163//2163 1960//1960
f 2163//2163 2164//2164 1960//1960
f 1960//1960 2164//2164 1961//1961
f 2164//2164 2165//2165 1961//1961
f 1961//1961 2165//2165 1962//1962
f 2165//2165 2166//2166 1962//1962
f 1962//1962 2166//2166 1963//1963
f 2166//2166 2167//2167 1963//1963
f 1963//1963 2167//2167 1964//1964
f 2167//2167 2168//2168 1964//1964
f 1964//1964 2168//2168 1965//1965
f 2168//2168 2169//2169 1965//1965
f 1965//1965 2169//2169 1966//1966
f 2169//2169 2170//2170 1966//1966
f 1966//1966 2170//2170 1967//1967
f 2170//2170 2171//2171 1967//1967
f 1967//1967 2171//2171 1968//1968
f 2171//2171 2172//2172 1968//1968
f 1968//1968 2172//2172 1969//1969
f 2172//2172 2173//2173 1969//1969
f 1969//1969 2173//2173 1970//1970
f 2173//2173 2174//2174 1970//1970
f 1970//1970 2174//2174 1971//1971
f 2174//2174 2175//2175 1971//1971
f 1971//1971 2175//2175 1972//1972
f 2175//2175 2176//2176 1972//1972
f 1972//1972 2176//2176 1973//1973
f 2176//2176 2177//2177 1973//1973
f 1973//1973 2177//2177 1974//1974
f 2177//2177 2178//2178 1974//1974
f 1974//1974 2178//2178 1975//1975
f 2178//2178 2179//2179 1975//1975
f 1975//1975 2179//2179 1976//1976
f 2179//2179 2180//2180 1976//1976
f 1976//1976 2180//2180 1977//1977
f 2180//2180 2181//2181 1977//1977
f 1977//1977 2181//2181 1978//1978
f 2181//2181 2182//2182 1978//1978
f 1978//1978 2182//2182 1979//1979
f 2182//2182 2183//2183 1979//1979
f 1979//1979 2183//2183 1980//1980
f 2183//2183 2184//2184 1980//1980
f 1980//1980 2184//2184 1981//1981
f 2184//2184 2185//2185 1981//1981
f 1981//1981 2185//2185 1982//1982
f 2185//2185 2186//2186 1982//1982
f 1982//1982 2186//2186 1983//1983
f 2186//2186 2187//2187 1983//1983
f 1983//1983 2187//2187 1984//1984
f 2187//2187 2188//2188 1984//1984
f 1984//1984 2188//2188 1985//1985
f 2188//2188 2189//2189 1985//1985
f 1985//1985 2189//2189 1986//1986
f 2189//2189 2190//2190 1986//1986
f 1986//1986 2190//2190 1987//1987
f 2190//2190 2191//2191 1987//1987
f 1987//1987 2191//2191 1988//1988
f 2191//2191 2192//2192 1988//1988
f 1988//1988 2192//2192 1989//1989
f 2192//2192 2193//2193 1989//1989
f 1989//1989 2193//2193 1990//1990
f 2193//2193 2194//2194 1990//1990
f 1990//1990 2194//2194 1991//1991
f 2194//2194 2195//2195 1991//1991
f 1991//1991 2195//2195 1992//1992
f 2195//2195 2196//2196 1992//1992
f 1992//1992 2196//2196 1993//1993
f 2196//2196 2197//2197 1993//1993
f 1993//1993 2197//2197 1994//1994
f 2197//2197 2198//2198 1994//1994
f 1994//1994 2198//2198 1995//1995
f 2198//2198 2199//2199 1995//1995
f 1995//1995 2199//2199 1996//1996
f 2199//2199 2200//2200 1996//1996
f 1996//1996 2200//2200 1997//1997
f 2200//2200 2201//2201 1997//1997
f 1997//1997 2201//2201 1998//1998
f 2201//2201 2202//2202 1998//1998
f 1998//1998 2202//2202 1999//1999
f 2202//2202 2203//2203 1999//1999
f 1999//1999 2203//2203 2000//2000
f 2203//2203 2204//2204 2000//2000
f 2000//2000 2204//2204 2001//2001
f 2204//2204 2205//2205 2001//2001
f 2001//2001 2205//2205 2002//2002
f 2205//2205 2206//2206 2002//2002
f 2002//2002 2206//2206 2003//2003
f 2206//2206 2207//2207 2003//2003
f 2003//2003 2207//2207 2004//2004
f 2207//2207 2208//2208 2004//2004
f 2004//2004 2208//2208 2005//2005
f 2208//2208 2209//2209 2005//2005
f 2005//2005 2209//2209 2006//2006
f 2209//2209 2210//2210 2006//2006
f 2006//2006 2210//2210 2007//2007
f 2210//2210 2211//2211 2007//2007
f 2007//2007 2211//2211 2008//2008
f 2211//2211 2212//2212 2008//2008
f 2008//2008 2212//2212 2009//2009
f 2212//2212 2213//2213 2009//2009
f 2009//2009 2213//2213 2010//2010
f 2213//2213 2214//2214 2010//2010
f 2010//2010 2214//2214 2011//2011
f 2214//2214 2215//2215 2011//2011
f 2011//2011 2215//2215 2012//2012
f 2215//2215 2216//2216 2012//2012
f 2012//2012 2216//2216 2013//2013
f 2216//2216 2217//2217 2013//2013
f 2013//2013 2217//2217 2014//2014
f 2217//2217 2218//2218 2014//2014
f 2014//2014 2218//2218 2015//2015
f 2218//2218 2219//2219 2015//2015
f 2015//2015 2219//2219 2016//2016
f 2219//2219 2220//2220 2016//2016
f 2016//2016 2220//2220 2017//2017
f 2220//2220 2221//2221 2017//2017
f 2017//2017 2221//2221 2018//2018
f 2221//2221 2222//2222 2018//2018
f 2018//2018 2222//2222 2019//2019
f 2222//2222 2223//2223 2019//2019
f 2019//2019 2223//2223 2020//2020
f 2223//2223 2224//2224 2020//2020
f 2020//2020 2224//2224 2021//2021
f 2224//2224 2225//2225 2021//2021
f 2021//2021 2225//2225 2022//2022
f 2225//2225 2226//2226 2022//2022
f 2022//2022 2226//2226 2023//2023
f 2226//2226 2227//2227 2023//2023
f 2023//2023 2227//2227 2024//2024
f 2227//2227 2228//2228 2024//2024
f 2024//2024 2228//2228 2025//2025
f 2228//2228 2229//2229 2025//2025
f 2025//2025 2229//2229 2026//2026
f 2229//2229 2230//2230 2026//2026
f 2026//2026 2230//2230 2027//2027
f 2230//2230 2231//2231 2027//2027
f 2027//2027 2231//2231 2028//2028
f 2231//2231 2232//2232 2028//2028
f 2028//2028 2232//2232 2029//2029
f 2232//2232 2233//2233 2029//2029
f 2029//2029 2233//2233 2030//2030
f 2233//2233 2234//2234 2030//2030
f 2030//2030 2234//2234 2031//2031
f 2234//2234 2235//2235 2031//2031
f 2031//2031 2235//2235 2032//2032
f 2235//2235 2236//2236 2032//2032
f 2032//2032 2236//2236 2033//2033
f 2236//2236 2237//2237 2033//2033
f 2033//2033 2237//2237 2034//2034
f 2237//2237 2238//2238 2034//2034
f 2034//2034 2238//2238 2035//2035
f 2238//2238 2239//2239 2035//2035
f 2035//2035 2239//2239 2036//2036
f 2239//2239 2240//2240 2036//2036
f 2036//2036 2240//2240 2037//2037
f 2240//2240 2241//2241 2037//2037
f 2037//2037 2241//2241 2038//2038
f 2241//2241 2242//2242 2038//2038
f 2038//2038 2242//2242 2039//2039
f 2242//2242 2243//2243 2039//2039
f 2039//2039 2243//2243 2040//2040
f 2243//2243 2244//2244 2040//2040
f 2040//2040 2244//2244 2041//2041
f 2244//2244 2245//2245 2041//2041
f 2041//2041 2245//2245 2042//2042
f 2245//2245 2246//2246 2042//2042
f 2042//2042 2246//2246 2043//2043
f 2246//2246 2247//2247 2043//2043
f 2043//2043 2247//2247 2044//2044
f 2247//2247 2248//2248 2044//2044
f 2044//2044 2248//2248 2045//2045
f 2248//2248 2249//2249 2045//2045
f 2045//2045 2249//2249 2046//2046
f 2249//2249 2250//2250 2046//2046
f 2046//2046 2250//2250 2047//2047
f 2250//2250 2251//2251 2047//2047
f 2047//2047 2251//2251 2048//2048
f 2251//2251 2252//2252 2048//2048
f 2048//2048 2252//2252 2049//2049
f 2252//2252 2253//2253 2049//2049
f 2049//2049 2253//2253 2050//2050
f 2253//2253 2254//2254 2050//2050
f 2050//2050 2254//2254 2051//2051
f 2254//2254 2255//2255 2051//2051
f 2051//2051 2255//2255 2052//2052
f 2255//2255 2256//2256 2052//2052
f 2052//2052 2256//2256 2053//2053
f 2256//2256 2257//2257 2053//2053
f 2053//2053 2257//2257 2054//2054
f 2257//2257 2258//2258 2054//2054
f 2054//2054 2258//2258 2055//2055
f 2258//2258 2259//2259 2055//2055
f 2055//2055 2259//2259 2056//2056
f 2259//2259 2260//2260 2056//2056
f 2056//2056 2260//2260 2057//2057
f 2260//2260 2261//2261 2057//2057
f 2057//2057 2261//2261 2058//2058
f 2261//2261 2262//2262 2058//2058
f 2058//2058 2262//2262 2059//2059
f 2263//2263 2102//2102 2060//2060
f 2060//2060 2102//2102 1899//1899
f 2262//2262 2263//2263 2059//2059
f 2059//2059 2263//2263 2060//2060
f 2264//2264 2265//2265 2061//2061
f 2061//2061 2265//2265 2062//2062
f 2265//2265 2266//2266 2062//2062
f 2062//2062 2266//2266 2063//2063
f 2266//2266 2267//2267 2063//2063
f 2063//2063 2267//2267 2064//2064
f 2267//2267 2268//2268 2064//2064
f 2064//2064 2268//2268 2065//2065
f 2268//2268 2269//2269 2065//2065
f 2065//2065 2269//2269 2066//2066
f 2269//2269 2270//2270 2066//2066
f 2066//2066 2270//2270 2067//2067
f 2270//2270 2271//2271 2067//2067
f 2067//2067 2271//2271 2068//2068
f 2271//2271 2272//2272 2068//2068
f 2068//2068 2272//2272 2069//2069
f 2272//2272 2273//2273 2069//2069
f 2069//2069 2273//2273 2070//2070
f 2273//2273 2274//2274 2070//2070
f 2070//2070 2274//2274 2071//2071
f 2274//2274 2275//2275 2071//2071
f 2071//2071 2275//2275 2072//2072
f 2275//2275 2276//2276 2072//2072
f 2072//2072 2276//2276 2073//2073
f 2276//2276 2277//2277 2073//2073
f 2073//2073 2277//2277 2074//2074
f 2277//2277 2278//2278 2074//2074
f 2074//2074 2278//2278 2075//2075
f 2278//2278 2279//2279 2075//2075
f 2075//2075 2279//2279 2076//2076
f 2279//2279 2280//2280 2076//2076
f 2076//2076 2280//2280 2077//2077
f 2280//2280 2281//2281 2077//2077
f 2077//2077 2281//2281 2078//2078
f 2281//2281 2282//2282 2078//2078
f 2078//2078 2282//2282 2079//2079
f 2282//2282 2283//2283 2079//2079
f 2079//2079 2283//2283 2080//2080
f 2283//2283 2284//2284 2080//2080
f 2080//2080 2284//2284 2081//2081
f 2284//2284 2285//2285 2081//2081
f 2081//2081 2285//2285 2082//2082
f 2285//2285 2286//2286 2082//2082
f 2082//2082 2286//2286 2083//2083
f 2286//2286 2287//2287 2083//2083
f 2083//2083 2287//2287 2084//2084
f 2287//2287 2288//2288 2084//2084
f 2084//2084 2288//2288 2085//2085
f 2288//2288 2289//2289 2085//2085
f 2085//2085 2289//2289 2086//2086
f 2289//2289 2290//2290 2086//2086
f 2086//2086 2290//2290 2087//2087
f 2290//2290 2291//2291 2087//2087
f 2087//2087 2291//2291 2088//2088
f 2291//2291 2292//2292 2088//2088
f 2088//2088 2292//2292 2089//2089
f 2292//2292 2293//2293 2089//2089
f 2089//2089 2293//2293 2090//2090
f 2293//2293 2294//2294 2090//2090
f 2090//2090 2294//2294 2091//2091
f 2294//2294 2295//2295 2091//2091
f 2091//2091 2295//2295 2092//2092
f 2295//2295 2296//2296 2092//2092
f 2092//2092 2296//2296 2093//2093
f 2296//2296 2297//2297 2093//2093
f 2093//2093 2297//2297 2094//2094
f 2297//2297 2298//2298 2094//2094
f 2094//2094 2298//2298 2095//2095
f 2298//2298 2299//2299 2095//2095
f 2095//2095 2299//2299 2096//2096
f 2299//2299 2300//2300 2096//2096
f 2096//2096 2300//2300 2097//2097
f 2300//2300 2301//2301 2097//2097
f 2097//2097 2301//2301 2098//2098
f 2301//2301 2302//2302 2098//2098
f 2098//2098 2302//2302 2099//2099
f 2302//2302 2303//2303 2099//2099
f 2099//2099 2303//2303 2100//2100
f 2304//2304 2264//2264 2101//2101
f 2101//2101 2264//2264 2061//2061
f 2303//2303 2304//2304 2100//2100
f 2100//2100 2304//2304 2101//2101
f 2411//2411 2412//2412 2305//2305
f 2410//2410 2411//2411 2305//2305
f 2409//2409 2410//2410 2305//2305
f 2408//2408 2409//2409 2305//2305
f 2407//2407 2408//2408 2305//2305
f 2406//2406 2407//2407 2305//2305
f 2405//2405 2406//2406 2305//2305
f 2404//2404 2405//2405 2305//2305
f 2403//2403 2404//2404 2305//2305
f 2402//2402 2403//2403 2305//2305
f 2401//2401 2402//2402 2305//2305
f 2400//2400 2401//2401 2305//2305
f 2399//2399 2400//2400 2305//2305
f 2398//2398 2399//2399 2305//2305
f 2397//2397 2398//2398 2305//2305
f 2396//2396 2397//2397 2305//2305
f 2395//2395 2396//2396 2305//2305
f 2394//2394 2395//2395 2305//2305
f 2393//2393 2394//2394 2305//2305
f 2392//2392 2393//2393 2305//2305
f 2391//2391 2392//2392 2305//2305
f 2390//2390 2391//2391 2305//2305
f 2389//2389 2390//2390 2305//2305
f 2388//2388 2389//2389 2305//2305
f 2387//2387 2388//2388 2305//2305
f 2386//2386 2387//2387 2305//2305
f 2385//2385 2386//2386 2305//2305
f 2384//2384 2385//2385 2305//2305
f 2383//2383 2384//2384 2305//2305
f 2382//2382 2383//2383 2305//2305
f 2381//2381 2382//2382 2305//2305
f 2380//2380 2381//2381 2305//2305
f 2379//2379 2380//2380 2305//2305
f 2378//2378 2379//2379 2305//2305
f 2377//2377 2378//2378 2305//2305
f 2376//2376 2377//2377 2305//2305
f 2375//2375 2376//2376 2305//2305
f 2374//2374 2375//2375 2305//2305
f 2373//2373 2374//2374 2305//2305
f 2372//2372 2373//2373 2305//2305
f 2371//2371 2372//2372 2305//2305
f 2370//2370 2371//2371 2305//2305
f 2346//2346 2347//2347 2348//2348
f 2345//2345 2346//2346 2348//2348
f 2344//2344 2345//2345 2348//2348
f 2343//2343 2344//2344 2348//2348
f 2342//2342 2343//2343 2348//2348
f 2341//2341 2342//2342 2348//2348
f 2340//2340 2341//2341 2348//2348
f 2339//2339 2340//2340 2348//2348
f 2338//2338 2339//2339 2348//2348
f 2337//2337 2338//2338 2348//2348
f 2336//2336 2337//2337 2348//2348
f 2335//2335 2336//2336 2348//2348
f 2334//2334 2335//2335 2348//2348
f 2333//2333 2334//2334 2348//2348
f 2332//2332 2333//2333 2348//2348
f 2331//2331 2332//2332 2348//2348
f 2330//2330 2331//2331 2348//2348
f 2328//2328 2329//2329 2330//2330
f 2327//2327 2328//2328 2330//2330
f 2326//2326 2327//2327 2330//2330
f 2325//2325 2326//2326 2330//2330
f 2324//2324 2325//2325 2330//2330
f 2323//2323 2324//2324 2330//2330
f 2322//2322 2323//2323 2330//2330
f 2321//2321 2322//2322 2330//2330
f 2320//2320 2321//2321 2330//2330
f 2319//2319 2320//2320 2330//2330
f 2318//2318 2319//2319 2330//2330
f 2317//2317 2318//2318 2330//2330
f 2316//2316 2317//2317 2330//2330
f 2315//2315 2316//2316 2330//2330
f 2314//2314 2315//2315 2330//2330
f 2313//2313 2314//2314 2330//2330
f 2312//2312 2313//2313 2330//2330
f 2311//2311 2312//2312 2330//2330
f 2310//2310 2311//2311 2330//2330
f 2309//2309 2310//2310 2330//2330
f 2308//2308 2309//2309 2330//2330
f 2307//2307 2308//2308 2330//2330
f 2306//2306 2307//2307 2330//2330
f 2305//2305 2306//2306 2330//2330
f 2370//2370 2305//2305 2330//2330
f 2369//2369 2370//2370 2330//2330
f 2368//2368 2369//2369 2330//2330
f 2367//2367 2368//2368 2330//2330
f 2366//2366 2367//2367 2330//2330
f 2365//2365 2366//2366 2330//2330
f 2364//2364 2365//2365 2330//2330
f 2363//2363 2364//2364 2330//2330
f 2362//2362 2363//2363 2330//2330
f 2361//2361 2362//2362 2330//2330
f 2360//2360 2361//2361 2330//2330
f 2359//2359 2360//2360 2330//2330
f 2358//2358 2359//2359 2330//2330
f 2357//2357 2358//2358 2330//2330
f 2356//2356 2357//2357 2330//2330
f 2355//2355 2356//2356 2330//2330
f 2354//2354 2355//2355 2330//2330
f 2353//2353 2354//2354 2330//2330
f 2352//2352 2353//2353 2330//2330
f 2351//2351 2352//2352 2330//2330
f 2350//2350 2351//2351 2330//2330
f 2349//2349 2350//2350 2330//2330
f 2348//2348 2349//2349 2330//2330
f 2413//2413 2520//2520 2519//2519
f 2413//2413 2519//2519 2518//2518
f 2413//2413 2518//2518 2517//2517
f 2413//2413 2517//2517 2516//2516
f 2413//2413 2516//2516 2515//2515
f 2413//2413 2515//2515 2514//2514
f 2413//2413 2514//2514 2513//2513
f 2413//2413 2513//2513 2512//2512
f 2413//2413 2512//2512 2511//2511
f 2413//2413 2511//2511 2510//2510
f 2413//2413 2510//2510 2509//2509
f 2413//2413 2509//2509 2508//2508
f 2413//2413 2508//2508 2507//2507
f 2413//2413 2507//2507 2506//2506
f 2413//2413 2506//2506 2505//2505
f 2413//2413 2505//2505 2504//2504
f 2413//2413 2504//2504 2503//2503
f 2413//2413 2503//2503 2502//2502
f 2413//2413 2502//2502 2501//2501
f 2413//2413 2501//2501 2500//2500
f 2413//2413 2500//2500 2499//2499
f 2413//2413 2499//2499 2498//2498
f 2413//2413 2498//2498 2497//2497
f 2413//2413 2497//2497 2496//2496
f 2413//2413 2496//2496 2495//2495
f 2413//2413 2495//2495 2494//2494
f 2413//2413 2494//2494 2493//2493
f 2413//2413 2493//2493 2492//2492
f 2413//2413 2492//2492 2491//2491
f 2413//2413 2491//2491 2490//2490
f 2413//2413 2490//2490 2489//2489
f 2413//2413 2489//2489 2488//2488
f 2413//2413 2488//2488 2487//2487
f 2413//2413 2487//2487 2486//2486
f 2413//2413 2486//2486 2485//2485
f 2413//2413 2485//2485 2484//2484
f 2413//2413 2484//2484 2483//2483
f 2413//2413 2483//2483 2482//2482
f 2413//2413 2482//2482 2481//2481
f 2413//2413 2481//2481 2480//2480
f 2413//2413 2480//2480 2479//2479
f 2413//2413 2479//2479 2478//2478
f 2456//2456 2455//2455 2454//2454
f 2456//2456 2454//2454 2453//2453
f 2456//2456 2453//2453 2452//2452
f 2456//2456 2452//2452 2451//2451
f 2456//2456 2451//2451 2450//2450
f 2456//2456 2450//2450 2449//2449
f 2456//2456 2449//2449 2448//2448
f 2456//2456 2448//2448 2447//2447
f 2456//2456 2447//2447 2446//2446
f 2456//2456 2446//2446 2445//2445
f 2456//2456 2445//2445 2444//2444
f 2456//2456 2444//2444 2443//2443
f 2456//2456 2443//2443 2442//2442
f 2456//2456 2442//2442 2441//2441
f 2456//2456 2441//2441 2440//2440
f 2456//2456 2440//2440 2439//2439
f 2456//2456 2439//2439 2438//2438
f 2438//2438 2437//2437 2436//2436
f 2438//2438 2436//2436 2435//2435
f 2438//2438 2435//2435 2434//2434
f 2438//2438 2434//2434 2433//2433
f 2438//2438 2433//2433 2432//2432
f 2438//2438 2432//2432 2431//2431
f 2438//2438 2431//2431 2430//2430
f 2438//2438 2430//2430 2429//2429
f 2438//2438 2429//2429 2428//2428
f 2438//2438 2428//2428 2427//2427
f 2438//2438 2427//2427 2426//2426
f 2438//2438 2426//2426 2425//2425
f 2438//2438 2425//2425 2424//2424
f 2438//2438 2424//2424 2423//2423
f 2438//2438 2423//2423 2422//2422
f 2438//2438 2422//2422 2421//2421
f 2438//2438 2421//2421 2420//2420
f 2438//2438 2420//2420 2419//2419
f 2438//2438 2419//2419 2418//2418
f 2438//2438 2418//2418 2417//2417
f 2438//2438 2417//2417 2416//2416
f 2438//2438 2416//2416 2415//2415
f 2438//2438 2415//2415 2414//2414
f 2438//2438 2414//2414 2413//2413
f 2438//2438 2413//2413 2478//2478
f 2438//2438 2478//2478 2477//2477
f 2438//2438 2477//2477 2476//2476
f 2438//2438 2476//2476 2475//2475
f 2438//2438 2475//2475 2474//2474
f 2438//2438 2474//2474 2473//2473
f 2438//2438 2473//2473 2472//2472
f 2438//2438 2472//2472 2471//2471
f 2438//2438 2471//2471 2470//2470
f 2438//2438 2470//2470 2469//2469
f 2438//2438 2469//2469 2468//2468
f 2438//2438 2468//2468 2467//2467
f 2438//2438 2467//2467 2466//2466
f 2438//2438 2466//2466 2465//2465
f 2438//2438 2465//2465 2464//2464
f 2438//2438 2464//2464 2463//2463
f 2438//2438 2463//2463 2462//2462
f 2438//2438 2462//2462 2461//2461
f 2438//2438 2461//2461 2460//2460
f 2438//2438 2460//2460 2459//2459
f 2438//2438 2459//2459 2458//2458
f 2438//2438 2458//2458 2457//2457
f 2438//2438 2457//2457 2456//2456
f 2413//2413 2414//2414 2305//2305
f 2305//2305 2414//2414 2306//2306
f 2414//2414 2415//2415 2306//2306
f 2306//2306 2415//2415 2307//2307
f 2415//2415 2416//2416 2307//2307
f 2307//2307 2416//2416 2308//2308
f 2416//2416 2417//2417 2308//2308
f 2308//2308 2417//2417 2309//2309
f 2417//2417 2418//2418 2309//2309
f 2309//2309 2418//2418 2310//2310
f 2418//2418 2419//2419 2310//2310
f 2310//2310 2419//2419 2311//2311
f 2419//2419 2420//2420 2311//2311
f 2311//2311 2420//2420 2312//2312
f 2420//2420 2421//2421 2312//2312
f 2312//2312 2421//2421 2313//2313
f 2421//2421 2422//2422 2313//2313
f 2313//2313 2422//2422 2314//2314
f 2422//2422 2423//2423 2314//2314
f 2314//2314 2423//2423 2315//2315
f 2423//2423 2424//2424 2315//2315
f 2315//2315 2424//2424 2316//2316
f 2424//2424 2425//2425 2316//2316
f 2316//2316 2425//2425 2317//2317
f 2425//2425 2426//2426 2317//2317
f 2317//2317 2426//2426 2318//2318
f 2426//2426 2427//2427 2318//2318
f 2318//2318 2427//2427 2319//2319
f 2427//2427 2428//2428 2319//2319
f 2319//2319 2428//2428 2320//2320
f 2428//2428 2429//2429 2320//2320
f 2320//2320 2429//2429 2321//2321
f 2429//2429 2430//2430 2321//2321
f 2321//2321 2430//2430 2322//2322
f 2430//2430 2431//2431 2322//2322
f 2322//2322 2431//2431 2323//2323
f 2431//2431 2432//2432 2323//2323
f 2323//2323 2432//2432 2324//2324
f 2432//2432 2433//2433 2324//2324
f 2324//2324 2433//2433 2325//2325
f 2433//2433 2434//2434 2325//2325
f 2325//2325 2434//2434 2326//2326
f 2434//2434 2435//2435 2326//2326
f 2326//2326 2435//2435 2327//2327
f 2435//2435 2436//2436 2327//2327
f 2327//2327 2436//2436 2328//2328
f 2436//2436 2437//2437 2328//2328
f 2328//2328 2437//2437 2329//2329
f 2437//2437 2438//2438 2329//2329
f 2329//2329 2438//2438 2330//2330
f 2438//2438 2439//2439 2330//2330
f 2330//2330 2439//2439 2331//2331
f 2439//2439 2440//2440 2331//2331
f 2331//2331 2440//2440 2332//2332
f 2440//2440 2441//2441 2332//2332
f 2332//2332 2441//2441 2333//2333
f 2441//2441 2442//2442 2333//2333
f 2333//2333 2442//2442 2334//2334
f 2442//2442 2443//2443 2334//2334
f 2334//2334 2443//2443 2335//2335
f 2443//2443 2444//2444 2335//2335
f 2335//2335 2444//2444 2336//2336
f 2444//2444 2445//2445 2336//2336
f 2336//2336 2445//2445 2337//2337
f 2445//2445 2446//2446 2337//2337
f 2337//2337 2446//2446 2338//2338
f 2446//2446 2447//2447 2338//2338
f 2338//2338 2447//2447 2339//2339
f 2447//2447 2448//2448 2339//2339
f 2339//2339 2448//2448 2340//2340
f 2448//2448 2449//2449 2340//2340
f 2340//2340 2449//2449 2341//2341
f 2449//2449 2450//2450 2341//2341
f 2341//2341 2450//2450 2342//2342
f 2450//2450 2451//2451 2342//2342
f 2342//2342 2451//2451 2343//2343
f 2451//2451 2452//2452 2343//2343
f 2343//2343 2452//2452 2344//2344
f 2452//2452 2453//2453 2344//2344
f 2344//2344 2453//2453 2345//2345
f 2453//2453 2454//2454 2345//2345
f 2345//2345 2454//2454 2346//2346
f 2454//2454 2455//2455 2346//2346
f 2346//2346 2455//2455 2347//2347
f 2455//2455 2456//2456 2347//2347
f 2347//2347 2456//2456 2348//2348
f 2456//2456 2457//2457 2348//2348
f 2348//2348 2457//2457 2349//2349
f 2457//2457 2458//2458 2349//2349
f 2349//2349 2458//2458 2350//2350
f 2458//2458 2459//2459 2350//2350
f 2350//2350 2459//2459 2351//2351
f 2459//2459 2460//2460 2351//2351
f 2351//2351 2460//2460 2352//2352
f 2460//2460 2461//2461 2352//2352
f 2352//2352 2461//2461 2353//2353
f 2461//2461 2462//2462 2353//2353
f 2353//2353 2462//2462 2354//2354
f 2462//2462 2463//2463 2354//2354
f 2354//2354 2463//2463 2355//2355
f 2463//2463 2464//2464 2355//2355
f 2355//2355 2464//2464 2356//2356
f 2464//2464 2465//2465 2356//2356
f 2356//2356 2465//2465 2357//2357
f 2465//2465 2466//2466 2357//2357
f 2357//2357 2466//2466 2358//2358
f 2466//2466 2467//2467 2358//2358
f 2358//2358 2467//2467 2359//2359
f 2467//2467 2468//2468 2359//2359
f 2359//2359 2468//2468 2360//2360
f 2468//2468 2469//2469 2360//2360
f 2360//2360 2469//2469 2361//2361
f 2469//2469 2470//2470 2361//2361
f 2361//2361 2470//2470 2362//2362
f 2470//2470 2471//2471 2362//2362
f 2362//2362 2471//2471 2363//2363
f 2471//2471 2472//2472 2363//2363
f 2363//2363 2472//2472 2364//2364
f 2472//2472 2473//2473 2364//2364
f 2364//2364 2473//2473 2365//2365
f 2473//2473 2474//2474 2365//2365
f 2365//2365 2474//2474 2366//2366
f 2474//2474 2475//2475 2366//2366
f 2366//2366 2475//2475 2367//2367
f 2475//2475 2476//2476 2367//2367
f 2367//2367 2476//2476 2368//2368
f 2476//2476 2477//2477 2368//2368
f 2368//2368 2477//2477 2369//2369
f 2477//2477 2478//2478 2369//2369
f 2369//2369 2478//2478 2370//2370
f 2478//2478 2479//2479 2370//2370
f 2370//2370 2479//2479 2371//2371
f 2479//2479 2480//2480 2371//2371
f 2371//2371 2480//2480 2372//2372
f 2480//2480 2481//2481 2372//2372
f 2372//2372 2481//2481 2373//2373
f 2481//2481 2482//2482 2373//2373
f 2373//2373 2482//2482 2374//2374
f 2482//2482 2483//2483 2374//2374
f 2374//2374 2483//2483 2375//2375
f 2483//2483 2484//2484 2375//2375
f 2375//2375 2484//2484 2376//2376
f 2484//2484 2485//2485 2376//2376
f 2376//2376 2485//2485 2377//2377
f 2485//2485 2486//2486 2377//2377
f 2377//2377 2486//2486 2378//2378
f 2486//2486 2487//2487 2378//2378
f 2378//2378 2487//2487 2379//2379
f 2487//2487 2488//2488 2379//2379
f 2379//2379 2488//2488 2380//2380
f 2488//2488 2489//2489 2380//2380
f 2380//2380 2489//2489 2381//2381
f 2489//2489 2490//2490 2381//2381
f 2381//2381 2490//2490 2382//2382
f 2490//2490 2491//2491 2382//2382
f 2382//2382 2491//2491 2383//2383
f 2491//2491 2492//2492 2383//2383
f 2383//2383 2492//2492 2384//2384
f 2492//2492 2493//2493 2384//2384
f 2384//2384 2493//2493 2385//2385
f 2493//2493 2494//2494 2385//2385
f 2385//2385 2494//2494 2386//2386
f 2494//2494 2495//2495 2386//2386
f 2386//2386 2495//2495 2387//2387
f 2495//2495 2496//2496 2387//2387
f 2387//2387 2496//2496 2388//2388
f 2496//2496 2497//2497 2388//2388
f 2388//2388 2497//2497 2389//2389
f 2497//2497 2498//2498 2389//2389
f 2389//2389 2498//2498 2390//2390
f 2498//2498 2499//2499 2390//2390
f 2390//2390 2499//2499 2391//2391
f 2499//2499 2500//2500 2391//2391
f 2391//2391 2500//2500 2392//2392
f 2500//2500 2501//2501 2392//2392
f 2392//2392 2501//2501 2393//2393
f 2501//2501 2502//2502 2393//2393
f 2393//2393 2502//2502 2394//2394
f 2502//2502 2503//2503 2394//2394
f 2394//2394 2503//2503 2395//2395
f 2503//2503 2504//2504 2395//2395
f 2395//2395 2504//2504 2396//2396
f 2504//2504 2505//2505 2396//2396
f 2396//2396 2505//2505 2397//2397
f 2505//2505 2506//2506 2397//2397
f 2397//2397 2506//2506 2398//2398
f 2506//2506 2507//2507 2398//2398
f 2398//2398 2507//2507 2399//2399
f 2507//2507 2508//2508 2399//2399
f 2399//2399 2508//2508 2400//2400
f 2508//2508 2509//2509 2400//2400
f 2400//2400 2509//2509 2401//2401
f 2509//2509 2510//2510 2401//2401
f 2401//2401 2510//2510 2402//2402
f 2510//2510 2511//2511 2402//2402
f 2402//2402 2511//2511 2403//2403
f 2511//2511 2512//2512 2403//2403
f 2403//2403 2512//2512 2404//2404
f 2512//2512 2513//2513 2404//2404
f 2404//2404 2513//2513 2405//2405
f 2513//2513 2514//2514 2405//2405
f 2405//2405 2514//2514 2406//2406
f 2514//2514 2515//2515 2406//2406
f 2406//2406 2515//2515 2407//2407
f 2515//2515 2516//2516 2407//2407
f 2407//2407 2516//2516 2408//2408
f 2516//2516 2517//2517 2408//2408
f 2408//2408 2517//2517 2409//2409
f 2517//2517 2518//2518 2409//2409
f 2409//2409 2518//2518 2410//2410
f 2518//2518 2519//2519 2410//2410
f 2410//2410 2519//2519 2411//2411
f 2520//2520 2413//2413 2412//2412
f 2412//2412 2413//2413 2305//2305
f 2519//2519 2520//2520 2411//2411
f 2411//2411 2520//2520 2412//2412
f 2762//2762 2763//2763 2764//2764
f 2761//2761 2762//2762 2764//2764
f 2760//2760 2761//2761 2764//2764
f 2759//2759 2760//2760 2764//2764
f 2758//2758 2759//2759 2764//2764
f 2757//2757 2758//2758 2764//2764
f 2756//2756 2757//2757 2764//2764
f 2755//2755 2756//2756 2764//2764
f 2754//2754 2755//2755 2764//2764
f 2753//2753 2754//2754 2764//2764
f 2752//2752 2753//2753 2764//2764
f 2751//2751 2752//2752 2764//2764
f 2750//2750 2751//2751 2764//2764
f 2749//2749 2750//2750 2764//2764
f 2748//2748 2749//2749 2764//2764
f 2746//2746 2747//2747 2748//2748
f 2745//2745 2746//2746 2748//2748
f 2744//2744 2745//2745 2748//2748
f 2743//2743 2744//2744 2748//2748
f 2742//2742 2743//2743 2748//2748
f 2741//2741 2742//2742 2748//2748
f 2740//2740 2741//2741 2748//2748
f 2739//2739 2740//2740 2748//2748
f 2738//2738 2739//2739 2748//2748
f 2737//2737 2738//2738 2748//2748
f 2736//2736 2737//2737 2748//2748
f 2735//2735 2736//2736 2748//2748
f 2734//2734 2735//2735 2748//2748
f 2733//2733 2734//2734 2748//2748
f 2732//2732 2733//2733 2748//2748
f 2731//2731 2732//2732 2748//2748
f 2730//2730 2731//2731 2748//2748
f 2729//2729 2730//2730 2748//2748
f 2728//2728 2729//2729 2748//2748
f 2727//2727 2728//2728 2748//2748
f 2726//2726 2727//2727 2748//2748
f 2725//2725 2726//2726 2748//2748
f 2723//2723 2724//2724 2725//2725
f 2722//2722 2723//2723 2725//2725
f 2721//2721 2722//2722 2725//2725
f 2720//2720 2721//2721 2725//2725
f 2719//2719 2720//2720 2725//2725
f 2718//2718 2719//2719 2725//2725
f 2717//2717 2718//2718 2725//2725
f 2716//2716 2717//2717 2725//2725
f 2715//2715 2716//2716 2725//2725
f 2714//2714 2715//2715 2725//2725
f 2713//2713 2714//2714 2725//2725
f 2712//2712 2713//2713 2725//2725
f 2711//2711 2712//2712 2725//2725
f 2710//2710 2711//2711 2725//2725
f 2709//2709 2710//2710 2725//2725
f 2708//2708 2709//2709 2725//2725
f 2707//2707 2708//2708 2725//2725
f 2706//2706 2707//2707 2725//2725
f 2705//2705 2706//2706 2725//2725
f 2704//2704 2705//2705 2725//2725
f 2703//2703 2704//2704 2725//2725
f 2702//2702 2703//2703 2725//2725
f 2701//2701 2702//2702 2725//2725
f 2700//2700 2701//2701 2725//2725
f 2699//2699 2700//2700 2725//2725
f 2698//2698 2699//2699 2725//2725
f 2697//2697 2698//2698 2725//2725
f 2696//2696 2697//2697 2725//2725
f 2695//2695 2696//2696 2725//2725
f 2694//2694 2695//2695 2725//2725
f 2693//2693 2694//2694 2725//2725
f 2692//2692 2693//2693 2725//2725
f 2691//2691 2692//2692 2725//2725
f 2690//2690 2691//2691 2725//2725
f 2640//2640 2641//2641 2642//2642
f 2639//2639 2640//2640 2642//2642
f 2638//2638 2639//2639 2642//2642
f 2637//2637 2638//2638 2642//2642
f 2636//2636 2637//2637 2642//2642
f 2635//2635 2636//2636 2642//2642
f 2634//2634 2635//2635 2642//2642
f 2633//2633 2634//2634 2642//2642
f 2632//2632 2633//2633 2642//2642
f 2631//2631 2632//2632 2642//2642
f 2630//2630 2631//2631 2642//2642
f 2629//2629 2630//2630 2642//2642
f 2628//2628 2629//2629 2642//2642
f 2627//2627 2628//2628 2642//2642
f 2626//2626 2627//2627 2642//2642
f 2625//2625 2626//2626 2642//2642
f 2623//2623 2624//2624 2625//2625
f 2622//2622 2623//2623 2625//2625
f 2621//2621 2622//2622 2625//2625
f 2620//2620 2621//2621 2625//2625
f 2619//2619 2620//2620 2625//2625
f 2618//2618 2619//2619 2625//2625
f 2617//2617 2618//2618 2625//2625
f 2616//2616 2617//2617 2625//2625
f 2615//2615 2616//2616 2625//2625
f 2614//2614 2615//2615 2625//2625
f 2613//2613 2614//2614 2625//2625
f 2612//2612 2613//2613 2625//2625
f 2611//2611 2612//2612 2625//2625
f 2610//2610 2611//2611 2625//2625
f 2609//2609 2610//2610 2625//2625
f 2608//2608 2609//2609 2625//2625
f 2607//2607 2608//2608 2625//2625
f 2606//2606 2607//2607 2625//2625
f 2605//2605 2606//2606 2625//2625
f 2604//2604 2605//2605 2625//2625
f 2603//2603 2604//2604 2625//2625
f 2601//2601 2602//2602 2603//2603
f 2600//2600 2601//2601 2603//2603
f 2599//2599 2600//2600 2603//2603
f 2598//2598 2599//2599 2603//2603
f 2597//2597 2598//2598 2603//2603
f 2596//2596 2597//2597 2603//2603
f 2595//2595 2596//2596 2603//2603
f 2594//2594 2595//2595 2603//2603
f 2593//2593 2594//2594 2603//2603
f 2592//2592 2593//2593 2603//2603
f 2591//2591 2592//2592 2603//2603
f 2590//2590 2591//2591 2603//2603
f 2589//2589 2590//2590 2603//2603
f 2588//2588 2589//2589 2603//2603
f 2587//2587 2588//2588 2603//2603
f 2586//2586 2587//2587 2603//2603
f 2585//2585 2586//2586 2603//2603
f 2584//2584 2585//2585 2603//2603
f 2583//2583 2584//2584 2603//2603
f 2582//2582 2583//2583 2603//2603
f 2581//2581 2582//2582 2603//2603
f 2580//2580 2581//2581 2603//2603
f 2579//2579 2580//2580 2603//2603
f 2578//2578 2579//2579 2603//2603
f 2577//2577 2578//2578 2603//2603
f 2576//2576 2577//2577 2603//2603
f 2575//2575 2576//2576 2603//2603
f 2574//2574 2575//2575 2603//2603
f 2573//2573 2574//2574 2603//2603
f 2572//2572 2573//2573 2603//2603
f 2571//2571 2572//2572 2603//2603
f 2570//2570 2571//2571 2603//2603
f 2569//2569 2570//2570 2603//2603
f 2568//2568 2569//2569 2603//2603
f 2748//2748 2764//2764 2521//2521
f 2625//2625 2642//2642 2643//2643
f 2748//2748 2521//2521 2522//2522
f 2625//2625 2643//2643 2644//2644
f 2748//2748 2522//2522 2523//2523
f 2625//2625 2644//2644 2645//2645
f 2748//2748 2523//2523 2524//2524
f 2625//2625 2645//2645 2646//2646
f 2748//2748 2524//2524 2525//2525
f 2625//2625 2646//2646 2647//2647
f 2748//2748 2525//2525 2526//2526
f 2625//2625 2647//2647 2648//2648
f 2748//2748 2526//2526 2527//2527
f 2625//2625 2648//2648 2649//2649
f 2748//2748 2527//2527 2528//2528
f 2625//2625 2649//2649 2650//2650
f 2748//2748 2528//2528 2529//2529
f 2625//2625 2650//2650 2651//2651
f 2748//2748 2529//2529 2530//2530
f 2625//2625 2651//2651 2652//2652
f 2748//2748 2530//2530 2531//2531
f 2625//2625 2652//2652 2653//2653
f 2748//2748 2531//2531 2532//2532
f 2625//2625 2653//2653 2654//2654
f 2748//2748 2532//2532 2533//2533
f 2625//2625 2654//2654 2655//2655
f 2748//2748 2533//2533 2534//2534
f 2625//2625 2655//2655 2656//2656
f 2748//2748 2534//2534 2535//2535
f 2625//2625 2656//2656 2657//2657
f 2748//2748 2535//2535 2536//2536
f 2625//2625 2657//2657 2658//2658
f 2748//2748 2536//2536 2537//2537
f 2625//2625 2658//2658 2659//2659
f 2748//2748 2537//2537 2538//2538
f 2625//2625 2659//2659 2660//2660
f 2748//2748 2538//2538 2539//2539
f 2625//2625 2660//2660 2661//2661
f 2748//2748 2539//2539 2540//2540
f 2625//2625 2661//2661 2662//2662
f 2748//2748 2540//2540 2541//2541
f 2625//2625 2662//2662 2663//2663
f 2748//2748 2541//2541 2542//2542
f 2625//2625 2663//2663 2664//2664
f 2748//2748 2542//2542 2543//2543
f 2625//2625 2664//2664 2665//2665
f 2748//2748 2543//2543 2544//2544
f 2625//2625 2665//2665 2666//2666
f 2748//2748 2544//2544 2545//2545
f 2725//2725 2748//2748 2545//2545
f 2625//2625 2666//2666 2667//2667
f 2603//2603 2625//2625 2667//2667
f 2725//2725 2545//2545 2546//2546
f 2603//2603 2667//2667 2668//2668
f 2725//2725 2546//2546 2547//2547
f 2603//2603 2668//2668 2669//2669
f 2725//2725 2547//2547 2548//2548
f 2603//2603 2669//2669 2670//2670
f 2725//2725 2548//2548 2549//2549
f 2603//2603 2670//2670 2671//2671
f 2725//2725 2549//2549 2550//2550
f 2603//2603 2671//2671 2672//2672
f 2725//2725 2550//2550 2551//2551
f 2603//2603 2672//2672 2673//2673
f 2725//2725 2551//2551 2552//2552
f 2603//2603 2673//2673 2674//2674
f 2725//2725 2552//2552 2553//2553
f 2603//2603 2674//2674 2675//2675
f 2725//2725 2553//2553 2554//2554
f 2603//2603 2675//2675 2676//2676
f 2725//2725 2554//2554 2555//2555
f 2603//2603 2676//2676 2677//2677
f 2725//2725 2555//2555 2556//2556
f 2603//2603 2677//2677 2678//2678
f 2725//2725 2556//2556 2557//2557
f 2603//2603 2678//2678 2679//2679
f 2725//2725 2557//2557 2558//2558
f 2603//2603 2679//2679 2680//2680
f 2725//2725 2558//2558 2559//2559
f 2603//2603 2680//2680 2681//2681
f 2725//2725 2559//2559 2560//2560
f 2603//2603 2681//2681 2682//2682
f 2725//2725 2560//2560 2561//2561
f 2603//2603 2682//2682 2683//2683
f 2725//2725 2561//2561 2562//2562
f 2603//2603 2683//2683 2684//2684
f 2725//2725 2562//2562 2563//2563
f 2603//2603 2684//2684 2685//2685
f 2725//2725 2563//2563 2564//2564
f 2603//2603 2685//2685 2686//2686
f 2725//2725 2564//2564 2565//2565
f 2603//2603 2686//2686 2687//2687
f 2725//2725 2565//2565 2566//2566
f 2603//2603 2687//2687 2688//2688
f 2725//2725 2566//2566 2567//2567
f 2690//2690 2725//2725 2567//2567
f 2689//2689 2690//2690 2567//2567
f 2603//2603 2688//2688 2689//2689
f 2568//2568 2603//2603 2689//2689
f 2567//2567 2568//2568 2689//2689
f 3008//3008 3007//3007 3006//3006
f 3008//3008 3006//3006 3005//3005
f 3008//3008 3005//3005 3004//3004
f 3008//3008 3004//3004 3003//3003
f 3008//3008 3003//3003 3002//3002
f 3008//3008 3002//3002 3001//3001
f 3008//3008 3001//3001 3000//3000
f 3008//3008 3000//3000 2999//2999
f 3008//3008 2999//2999 2998//2998
f 3008//3008 2998//2998 2997//2997
f 3008//3008 2997//2997 2996//2996
f 3008//3008 2996//2996 2995//2995
f 3008//3008 2995//2995 2994//2994
f 3008//3008 2994//2994 2993//2993
f 3008//3008 2993//2993 2992//2992
f 2992//2992 2991//2991 2990//2990
f 2992//2992 2990//2990 2989//2989
f 2992//2992 2989//2989 2988//2988
f 2992//2992 2988//2988 2987//2987
f 2992//2992 2987//2987 2986//2986
f 2992//2992 2986//2986 2985//2985
f 2992//2992 2985//2985 2984//2984
f 2992//2992 2984//2984 2983//2983
f 2992//2992 2983//2983 2982//2982
f 2992//2992 2982//2982 2981//2981
f 2992//2992 2981//2981 2980//2980
f 2992//2992 2980//2980 2979//2979
f 2992//2992 2979//2979 2978//2978
f 2992//2992 2978//2978 2977//2977
f 2992//2992 2977//2977 2976//2976
f 2992//2992 2976//2976 2975//2975
f 2992//2992 2975//2975 2974//2974
f 2992//2992 2974//2974 2973//2973
f 2992//2992 2973//2973 2972//2972
f 2992//2992 2972//2972 2971//2971
f 2992//2992 2971//2971 2970//2970
f 2992//2992 2970//2970 2969//2969
f 2969//2969 2968//2968 2967//2967
f 2969//2969 2967//2967 2966//2966
f 2969//2969 2966//2966 2965//2965
f 2969//2969 2965//2965 2964//2964
f 2969//2969 2964//2964 2963//2963
f 2969//2969 2963//2963 2962//2962
f 2969//2969 2962//2962 2961//2961
f 2969//2969 2961//2961 2960//2960
f 2969//2969 2960//2960 2959//2959
f 2969//2969 2959//2959 2958//2958
f 2969//2969 2958//2958 2957//2957
f 2969//2969 2957//2957 2956//2956
f 2969//2969 2956//2956 2955//2955
f 2969//2969 2955//2955 2954//2954
f 2969//2969 2954//2954 2953//2953
f 2969//2969 2953//2953 2952//2952
f 2969//2969 2952//2952 2951//2951
f 2969//2969 2951//2951 2950//2950
f 2969//2969 2950//2950 2949//2949
f 2969//2969 2949//2949 2948//2948
f 2969//2969 2948//2948 2947//2947
f 2969//2969 2947//2947 2946//2946
f 2969//2969 2946//2946 2945//2945
f 2969//2969 2945//2945 2944//2944
f 2969//2969 2944//2944 2943//2943
f 2969//2969 2943//2943 2942//2942
f 2969//2969 2942//2942 2941//2941
f 2969//2969 2941//2941 2940//2940
f 2969//2969 2940//2940 2939//2939
f 2969//2969 2939//2939 2938//2938
f 2969//2969 2938//2938 2937//2937
f 2969//2969 2937//2937 2936//2936
f 2969//2969 2936//2936 2935//2935
f 2969//2969 2935//2935 2934//2934
f 2886//2886 2885//2885 2884//2884
f 2886//2886 2884//2884 2883//2883
f 2886//2886 2883//2883 2882//2882
f 2886//2886 2882//2882 2881//2881
f 2886//2886 2881//2881 2880//2880
f 2886//2886 2880//2880 2879//2879
f 2886//2886 2879//2879 2878//2878
f 2886//2886 2878//2878 2877//2877
f 2886//2886 2877//2877 2876//2876
f 2886//2886 2876//2876 2875//2875
f 2886//2886 2875//2875 2874//2874
f 2886//2886 2874//2874 2873//2873
f 2886//2886 2873//2873 2872//2872
f 2886//2886 2872//2872 2871//2871
f 2886//2886 2871//2871 2870//2870
f 2886//2886 2870//2870 2869//2869
f 2869//2869 2868//2868 2867//2867
f 2869//2869 2867//2867 2866//2866
f 2869//2869 2866//2866 2865//2865
f 2869//2869 2865//2865 2864//2864
f 2869//2869 2864//2864 2863//2863
f 2869//2869 2863//2863 2862//2862
f 2869//2869 2862//2862 2861//2861
f 2869//2869 2861//2861 2860//2860
f 2869//2869 2860//2860 2859//2859
f 2869//2869 2859//2859 2858//2858
f 2869//2869 2858//2858 2857//2857
f 2869//2869 2857//2857 2856//2856
f 2869//2869 2856//2856 2855//2855
f 2869//2869 2855//2855 2854//2854
f 2869//2869 2854//2854 2853//2853
f 2869//2869 2853//2853 2852//2852
f 2869//2869 2852//2852 2851//2851
f 2869//2869 2851//2851 2850//2850
f 2869//2869 2850//2850 2849//2849
f 2869//2869 2849//2849 2848//2848
f 2869//2869 2848//2848 2847//2847
f 2847//2847 2846//2846 2845//2845
f 2847//2847 2845//2845 2844//2844
f 2847//2847 2844//2844 2843//2843
f 2847//2847 2843//2843 2842//2842
f 2847//2847 2842//2842 2841//2841
f 2847//2847 2841//2841 2840//2840
f 2847//2847 2840//2840 2839//2839
f 2847//2847 2839//2839 2838//2838
f 2847//2847 2838//2838 2837//2837
f 2847//2847 2837//2837 2836//2836
f 2847//2847 2836//2836 2835//2835
f 2847//2847 2835//2835 2834//2834
f 2847//2847 2834//2834 2833//2833
f 2847//2847 2833//2833 2832//2832
f 2847//2847 2832//2832 2831//2831
f 2847//2847 2831//2831 2830//2830
f 2847//2847 2830//2830 2829//2829
f 2847//2847 2829//2829 2828//2828
f 2847//2847 2828//2828 2827//2827
f 2847//2847 2827//2827 2826//2826
f 2847//2847 2826//2826 2825//2825
f 2847//2847 2825//2825 2824//2824
f 2847//2847 2824//2824 2823//2823
f 2847//2847 2823//2823 2822//2822
f 2847//2847 2822//2822 2821//2821
f 2847//2847 2821//2821 2820//2820
f 2847//2847 2820//2820 2819//2819
f 2847//2847 2819//2819 2818//2818
f 2847//2847 2818//2818 2817//2817
f 2847//2847 2817//2817 2816//2816
f 2847//2847 2816//2816 2815//2815
f 2847//2847 2815//2815 2814//2814
f 2847//2847 2814//2814 2813//2813
f 2847//2847 2813//2813 2812//2812
f 2765//2765 3008//3008 2992//2992
f 2887//2887 2886//2886 2869//2869
f 2766//2766 2765//2765 2992//2992
f 2888//2888 2887//2887 2869//2869
f 2767//2767 2766//2766 2992//2992
f 2889//2889 2888//2888 2869//2869
f 2768//2768 2767//2767 2992//2992
f 2890//2890 2889//2889 2869//2869
f 2769//2769 2768//2768 2992//2992
f 2891//2891 2890//2890 2869//2869
f 2770//2770 2769//2769 2992//2992
f 2892//2892 2891//2891 2869//2869
f 2771//2771 2770//2770 2992//2992
f 2893//2893 2892//2892 2869//2869
f 2772//2772 2771//2771 2992//2992
f 2894//2894 2893//2893 2869//2869
f 2773//2773 2772//2772 2992//2992
f 2895//2895 2894//2894 2869//2869
f 2774//2774 2773//2773 2992//2992
f 2896//2896 2895//2895 2869//2869
f 2775//2775 2774//2774 2992//2992
f 2897//2897 2896//2896 2869//2869
f 2776//2776 2775//2775 2992//2992
f 2898//2898 2897//2897 2869//2869
f 2777//2777 2776//2776 2992//2992
f 2899//2899 2898//2898 2869//2869
f 2778//2778 2777//2777 2992//2992
f 2900//2900 2899//2899 2869//2869
f 2779//2779 2778//2778 2992//2992
f 2901//2901 2900//2900 2869//2869
f 2780//2780 2779//2779 2992//2992
f 2902//2902 2901//2901 2869//2869
f 2781//2781 2780//2780 2992//2992
f 2903//2903 2902//2902 2869//2869
f 2782//2782 2781//2781 2992//2992
f 2904//2904 2903//2903 2869//2869
f 2783//2783 2782//2782 2992//2992
f 2905//2905 2904//2904 2869//2869
f 2784//2784 2783//2783 2992//2992
f 2906//2906 2905//2905 2869//2869
f 2785//2785 2784//2784 2992//2992
f 2907//2907 2906//2906 2869//2869
f 2786//2786 2785//2785 2992//2992
f 2908//2908 2907//2907 2869//2869
f 2787//2787 2786//2786 2992//2992
f 2909//2909 2908//2908 2869//2869
f 2788//2788 2787//2787 2992//2992
f 2910//2910 2909//2909 2869//2869
f 2789//2789 2788//2788 2992//2992
f 2789//2789 2992//2992 2969//2969
f 2911//2911 2910//2910 2869//2869
f 2911//2911 2869//2869 2847//2847
f 2790//2790 2789//2789 2969//2969
f 2912//2912 2911//2911 2847//2847
f 2791//2791 2790//2790 2969//2969
f 2913//2913 2912//2912 2847//2847
f 2792//2792 2791//2791 2969//2969
f 2914//2914 2913//2913 2847//2847
f 2793//2793 2792//2792 2969//2969
f 2915//2915 2914//2914 2847//2847
f 2794//2794 2793//2793 2969//2969
f 2916//2916 2915//2915 2847//2847
f 2795//2795 2794//2794 2969//2969
f 2917//2917 2916//2916 2847//2847
f 2796//2796 2795//2795 2969//2969
f 2918//2918 2917//2917 2847//2847
f 2797//2797 2796//2796 2969//2969
f 2919//2919 2918//2918 2847//2847
f 2798//2798 2797//2797 2969//2969
f 2920//2920 2919//2919 2847//2847
f 2799//2799 2798//2798 2969//2969
f 2921//2921 2920//2920 2847//2847
f 2800//2800 2799//2799 2969//2969
f 2922//2922 2921//2921 2847//2847
f 2801//2801 2800//2800 2969//2969
f 2923//2923 2922//2922 2847//2847
f 2802//2802 2801//2801 2969//2969
f 2924//2924 2923//2923 2847//2847
f 2803//2803 2802//2802 2969//2969
f 2925//2925 2924//2924 2847//2847
f 2804//2804 2803//2803 2969//2969
f 2926//2926 2925//2925 2847//2847
f 2805//2805 2804//2804 2969//2969
f 2927//2927 2926//2926 2847//2847
f 2806//2806 2805//2805 2969//2969
f 2928//2928 2927//2927 2847//2847
f 2807//2807 2806//2806 2969//2969
f 2929//2929 2928//2928 2847//2847
f 2808//2808 2807//2807 2969//2969
f 2930//2930 2929//2929 2847//2847
f 2809//2809 2808//2808 2969//2969
f 2931//2931 2930//2930 2847//2847
f 2810//2810 2809//2809 2969//2969
f 2932//2932 2931//2931 2847//2847
f 2811//2811 2810//2810 2969//2969
f 2811//2811 2969//2969 2934//2934
f 2811//2811 2934//2934 2933//2933
f 2933//2933 2932//2932 2847//2847
f 2933//2933 2847//2847 2812//2812
f 2933//2933 2812//2812 2811//2811
f 2765//2765 2766//2766 2521//2521
f 2521//2521 2766//2766 2522//2522
f 2766//2766 2767//2767 2522//2522
f 2522//2522 2767//2767 2523//2523
f 2767//2767 2768//2768 2523//2523
f 2523//2523 2768//2768 2524//2524
f 2768//2768 2769//2769 2524//2524
f 2524//2524 2769//2769 2525//2525
f 2769//2769 2770//2770 2525//2525
f 2525//2525 2770//2770 2526//2526
f 2770//2770 2771//2771 2526//2526
f 2526//2526 2771//2771 2527//2527
f 2771//2771 2772//2772 2527//2527
f 2527//2527 2772//2772 2528//2528
f 2772//2772 2773//2773 2528//2528
f 2528//2528 2773//2773 2529//2529
f 2773//2773 2774//2774 2529//2529
f 2529//2529 2774//2774 2530//2530
f 2774//2774 2775//2775 2530//2530
f 2530//2530 2775//2775 2531//2531
f 2775//2775 2776//2776 2531//2531
f 2531//2531 2776//2776 2532//2532
f 2776//2776 2777//2777 2532//2532
f 2532//2532 2777//2777 2533//2533
f 2777//2777 2778//2778 2533//2533
f 2533//2533 2778//2778 2534//2534
f 2778//2778 2779//2779 2534//2534
f 2534//2534 2779//2779 2535//2535
f 2779//2779 2780//2780 2535//2535
f 2535//2535 2780//2780 2536//2536
f 2780//2780 2781//2781 2536//2536
f 2536//2536 2781//2781 2537//2537
f 2781//2781 2782//2782 2537//2537
f 2537//2537 2782//2782 2538//2538
f 2782//2782 2783//2783 2538//2538
f 2538//2538 2783//2783 2539//2539
f 2783//2783 2784//2784 2539//2539
f 2539//2539 2784//2784 2540//2540
f 2784//2784 2785//2785 2540//2540
f 2540//2540 2785//2785 2541//2541
f 2785//2785 2786//2786 2541//2541
f 2541//2541 2786//2786 2542//2542
f 2786//2786 2787//2787 2542//2542
f 2542//2542 2787//2787 2543//2543
f 2787//2787 2788//2788 2543//2543
f 2543//2543 2788//2788 2544//2544
f 2788//2788 2789//2789 2544//2544
f 2544//2544 2789//2789 2545//2545
f 2789//2789 2790//2790 2545//2545
f 2545//2545 2790//2790 2546//2546
f 2790//2790 2791//2791 2546//2546
f 2546//2546 2791//2791 2547//2547
f 2791//2791 2792//2792 2547//2547
f 2547//2547 2792//2792 2548//2548
f 2792//2792 2793//2793 2548//2548
f 2548//2548 2793//2793 2549//2549
f 2793//2793 2794//2794 2549//2549
f 2549//2549 2794//2794 2550//2550
f 2794//2794 2795//2795 2550//2550
f 2550//2550 2795//2795 2551//2551
f 2795//2795 2796//2796 2551//2551
f 2551//2551 2796//2796 2552//2552
f 2796//2796 2797//2797 2552//2552
f 2552//2552 2797//2797 2553//2553
f 2797//2797 2798//2798 2553//2553
f 2553//2553 2798//2798 2554//2554
f 2798//2798 2799//2799 2554//2554
f 2554//2554 2799//2799 2555//2555
f 2799//2799 2800//2800 2555//2555
f 2555//2555 2800//2800 2556//2556
f 2800//2800 2801//2801 2556//2556
f 2556//2556 2801//2801 2557//2557
f 2801//2801 2802//2802 2557//2557
f 2557//2557 2802//2802 2558//2558
f 2802//2802 2803//2803 2558//2558
f 2558//2558 2803//2803 2559//2559
f 2803//2803 2804//2804 2559//2559
f 2559//2559 2804//2804 2560//2560
f 2804//2804 2805//2805 2560//2560
f 2560//2560 2805//2805 2561//2561
f 2805//2805 2806//2806 2561//2561
f 2561//2561 2806//2806 2562//2562
f 2806//2806 2807//2807 2562//2562
f 2562//2562 2807//2807 2563//2563
f 2807//2807 2808//2808 2563//2563
f 2563//2563 2808//2808 2564//2564
f 2808//2808 2809//2809 2564//2564
f 2564//2564 2809//2809 2565//2565
f 2809//2809 2810//2810 2565//2565
f 2565//2565 2810//2810 2566//2566
f 2810//2810 2811//2811 2566//2566
f 2566//2566 2811//2811 2567//2567
f 2811//2811 2812//2812 2567//2567
f 2567//2567 2812//2812 2568//2568
f 2812//2812 2813//2813 2568//2568
f 2568//2568 2813//2813 2569//2569
f 2813//2813 2814//2814 2569//2569
f 2569//2569 2814//2814 2570//2570
f 2814//2814 2815//2815 2570//2570
f 2570//2570 2815//2815 2571//2571
f 2815//2815 2816//2816 2571//2571
f 2571//2571 2816//2816 2572//2572
f 2816//2816 2817//2817 2572//2572
f 2572//2572 2817//2817 2573//2573
f 2817//2817 2818//2818 2573//2573
f 2573//2573 2818//2818 2574//2574
f 2818//2818 2819//2819 2574//2574
f 2574//2574 2819//2819 2575//2575
f 2819//2819 2820//2820 2575//2575
f 2575//2575 2820//2820 2576//2576
f 2820//2820 2821//2821 2576//2576
f 2576//2576 2821//2821 2577//2577
f 2821//2821 2822//2822 2577//2577
f 2577//2577 2822//2822 2578//2578
f 2822//2822 2823//2823 2578//2578
f 2578//2578 2823//2823 2579//2579
f 2823//2823 2824//2824 2579//2579
f 2579//2579 2824//2824 2580//2580
f 2824//2824 2825//2825 2580//2580
f 2580//2580 2825//2825 2581//2581
f 2825//2825 2826//2826 2581//2581
f 2581//2581 2826//2826 2582//2582
f 2826//2826 2827//2827 2582//2582
f 2582//2582 2827//2827 2583//2583
f 2827//2827 2828//2828 2583//2583
f 2583//2583 2828//2828 2584//2584
f 2828//2828 2829//2829 2584//2584
f 2584//2584 2829//2829 2585//2585
f 2829//2829 2830//2830 2585//2585
f 2585//2585 2830//2830 2586//2586
f 2830//2830 2831//2831 2586//2586
f 2586//2586 2831//2831 2587//2587
f 2831//2831 2832//2832 2587//2587
f 2587//2587 2832//2832 2588//2588
f 2832//2832 2833//2833 2588//2588
f 2588//2588 2833//2833 2589//2589
f 2833//2833 2834//2834 2589//2589
f 2589//2589 2834//2834 2590//2590
f 2834//2834 2835//2835 2590//2590
f 2590//2590 2835//2835 2591//2591
f 2835//2835 2836//2836 2591//2591
f 2591//2591 2836//2836 2592//2592
f 2836//2836 2837//2837 2592//2592
f 2592//2592 2837//2837 2593//2593
f 2837//2837 2838//2838 2593//2593
f 2593//2593 2838//2838 2594//2594
f 2838//2838 2839//2839 2594//2594
f 2594//2594 2839//2839 2595//2595
f 2839//2839 2840//2840 2595//2595
f 2595//2595 2840//2840 2596//2596
f 2840//2840 2841//2841 2596//2596
f 2596//2596 2841//2841 2597//2597
f 2841//2841 2842//2842 2597//2597
f 2597//2597 2842//2842 2598//2598
f 2842//2842 2843//2843 2598//2598
f 2598//2598 2843//2843 2599//2599
f 2843//2843 2844//2844 2599//2599
f 2599//2599 2844//2844 2600//2600
f 2844//2844 2845//2845 2600//2600
f 2600//2600 2845//2845 2601//2601
f 2845//2845 2846//2846 2601//2601
f 2601//2601 2846//2846 2602//2602
f 2846//2846 2847//2847 2602//2602
f 2602//2602 2847//2847 2603//2603
f 2847//2847 2848//2848 2603//2603
f 2603//2603 2848//2848 2604//2604
f 2848//2848 2849//2849 2604//2604
f 2604//2604 2849//2849 2605//2605
f 2849//2849 2850//2850 2605//2605
f 2605//2605 2850//2850 2606//2606
f 2850//2850 2851//2851 2606//2606
f 2606//2606 2851//2851 2607//2607
f 2851//2851 2852//2852 2607//2607
f 2607//2607 2852//2852 2608//2608
f 2852//2852 2853//2853 2608//2608
f 2608//2608 2853//2853 2609//2609
f 2853//2853 2854//2854 2609//2609
f 2609//2609 2854//2854 2610//2610
f 2854//2854 2855//2855 2610//2610
f 2610//2610 2855//2855 2611//2611
f 2855//2855 2856//2856 2611//2611
f 2611//2611 2856//2856 2612//2612
f 2856//2856 2857//2857 2612//2612
f 2612//2612 2857//2857 2613//2613
f 2857//2857 2858//2858 2613//2613
f 2613//2613 2858//2858 2614//2614
f 2858//2858 2859//2859 2614//2614
f 2614//2614 2859//2859 2615//2615
f 2859//2859 2860//2860 2615//2615
f 2615//2615 2860//2860 2616//2616
f 2860//2860 2861//2861 2616//2616
f 2616//2616 2861//2861 2617//2617
f 2861//2861 2862//2862 2617//2617
f 2617//2617 2862//2862 2618//2618
f 2862//2862 2863//2863 2618//2618
f 2618//2618 2863//2863 2619//2619
f 2863//2863 2864//2864 2619//2619
f 2619//2619 2864//2864 2620//2620
f 2864//2864 2865//2865 2620//2620
f 2620//2620 2865//2865 2621//2621
f 2865//2865 2866//2866 2621//2621
f 2621//2621 2866//2866 2622//2622
f 2866//2866 2867//2867 2622//2622
f 2622//2622 2867//2867 2623//2623
f 2867//2867 2868//2868 2623//2623
f 2623//2623 2868//2868 2624//2624
f 2868//2868 2869//2869 2624//2624
f 2624//2624 2869//2869 2625//2625
f 2869//2869 2870//2870 2625//2625
f 2625//2625 2870//2870 2626//2626
f 2870//2870 2871//2871 2626//2626
f 2626//2626 2871//2871 2627//2627
f 2871//2871 2872//2872 2627//2627
f 2627//2627 2872//2872 2628//2628
f 2872//2872 2873//2873 2628//2628
f 2628//2628 2873//2873 2629//2629
f 2873//2873 2874//2874 2629//2629
f 2629//2629 2874//2874 2630//2630
f 2874//2874 2875//2875 2630//2630
f 2630//2630 2875//2875 2631//2631
f 2875//2875 2876//2876 2631//2631
f 2631//2631 2876//2876 2632//2632
f 2876//2876 2877//2877 2632//2632
f 2632//2632 2877//2877 2633//2633
f 2877//2877 2878//2878 2633//2633
f 2633//2633 2878//2878 2634//2634
f 2878//2878 2879//2879 2634//2634
f 2634//2634 2879//2879 2635//2635
f 2879//2879 2880//2880 2635//2635
f 2635//2635 2880//2880 2636//2636
f 2880//2880 2881//2881 2636//2636
f 2636//2636 2881//2881 2637//2637
f 2881//2881 2882//2882 2637//2637
f 2637//2637 2882//2882 2638//2638
f 2882//2882 2883//2883 2638//2638
f 2638//2638 2883//2883 2639//2639
f 2883//2883 2884//2884 2639//2639
f 2639//2639 2884//2884 2640//2640
f 2884//2884 2885//2885 2640//2640
f 2640//2640 2885//2885 2641//2641
f 2885//2885 2886//2886 2641//2641
f 2641//2641 2886//2886 2642//2642
f 2886//2886 2887//2887 2642//2642
f 2642//2642 2887//2887 2643//2643
f 2887//2887 2888//2888 2643//2643
f 2643//2643 2888//2888 2644//2644
f 2888//2888 2889//2889 2644//2644
f 2644//2644 2889//2889 2645//2645
f 2889//2889 2890//2890 2645//2645
f 2645//2645 2890//2890 2646//2646
f 2890//2890 2891//2891 2646//2646
f 2646//2646 2891//2891 2647//2647
f 2891//2891 2892//2892 2647//2647
f 2647//2647 2892//2892 2648//2648
f 2892//2892 2893//2893 2648//2648
f 2648//2648 2893//2893 2649//2649
f 2893//2893 2894//2894 2649//2649
f 2649//2649 2894//2894 2650//2650
f 2894//2894 2895//2895 2650//2650
f 2650//2650 2895//2895 2651//2651
f 2895//2895 2896//2896 2651//2651
f 2651//2651 2896//2896 2652//2652
f 2896//2896 2897//2897 2652//2652
f 2652//2652 2897//2897 2653//2653
f 2897//2897 2898//2898 2653//2653
f 2653//2653 2898//2898 2654//2654
f 2898//2898 2899//2899 2654//2654
f 2654//2654 2899//2899 2655//2655
f 2899//2899 2900//2900 2655//2655
f 2655//2655 2900//2900 2656//2656
f 2900//2900 2901//2901 2656//2656
f 2656//2656 2901//2901 2657//2657
f 2901//2901 2902//2902 2657//2657
f 2657//2657 2902//2902 2658//2658
f 2902//2902 2903//2903 2658//2658
f 2658//2658 2903//2903 2659//2659
f 2903//2903 2904//2904 2659//2659
f 2659//2659 2904//2904 2660//2660
f 2904//2904 2905//2905 2660//2660
f 2660//2660 2905//2905 2661//2661
f 2905//2905 2906//2906 2661//2661
f 2661//2661 2906//2906 2662//2662
f 2906//2906 2907//2907 2662//2662
f 2662//2662 2907//2907 2663//2663
f 2907//2907 2908//2908 2663//2663
f 2663//2663 2908//2908 2664//2664
f 2908//2908 2909//2909 2664//2664
f 2664//2664 2909//2909 2665//2665
f 2909//2909 2910//2910 2665//2665
f 2665//2665 2910//2910 2666//2666
f 2910//2910 2911//2911 2666//2666
f 2666//2666 2911//2911 2667//2667
f 2911//2911 2912//2912 2667//2667
f 2667//2667 2912//2912 2668//2668
f 2912//2912 2913//2913 2668//2668
f 2668//2668 2913//2913 2669//2669
f 2913//2913 2914//2914 2669//2669
f 2669//2669 2914//2914 2670//2670
f 2914//2914 2915//2915 2670//2670
f 2670//2670 2915//2915 2671//2671
f 2915//2915 2916//2916 2671//2671
f 2671//2671 2916//2916 2672//2672
f 2916//2916 2917//2917 2672//2672
f 2672//2672 2917//2917 2673//2673
f 2917//2917 2918//2918 2673//2673
f 2673//2673 2918//2918 2674//2674
f 2918//2918 2919//2919 2674//2674
f 2674//2674 2919//2919 2675//2675
f 2919//2919 2920//2920 2675//2675
f 2675//2675 2920//2920 2676//2676
f 2920//2920 2921//2921 2676//2676
f 2676//2676 2921//2921 2677//2677
f 2921//2921 2922//2922 2677//2677
f 2677//2677 2922//2922 2678//2678
f 2922//2922 2923//2923 2678//2678
f 2678//2678 2923//2923 2679//2679
f 2923//2923 2924//2924 2679//2679
f 2679//2679 2924//2924 2680//2680
f 2924//2924 2925//2925 2680//2680
f 2680//2680 2925//2925 2681//2681
f 2925//2925 2926//2926 2681//2681
f 2681//2681 2926//2926 2682//2682
f 2926//2926 2927//2927 2682//2682
f 2682//2682 2927//2927 2683//2683
f 2927//2927 2928//2928 2683//2683
f 2683//2683 2928//2928 2684//2684
f 2928//2928 2929//2929 2684//2684
f 2684//2684 2929//2929 2685//2685
f 2929//2929 2930//2930 2685//2685
f 2685//2685 2930//2930 2686//2686
f 2930//2930 2931//2931 2686//2686
f 2686//2686 2931//2931 2687//2687
f 2931//2931 2932//2932 2687//2687
f 2687//2687 2932//2932 2688//2688
f 2932//2932 2933//2933 2688//2688
f 2688//2688 2933//2933 2689//2689
f 2933//2933 2934//2934 2689//2689
f 2689//2689 2934//2934 2690//2690
f 2934//2934 2935//2935 2690//2690
f 2690//2690 2935//2935 2691//2691
f 2935//2935 2936//2936 2691//2691
f 2691//2691 2936//2936 2692//2692
f 2936//2936 2937//2937 2692//2692
f 2692//2692 2937//2937 2693//2693
f 2937//2937 2938//2938 2693//2693
f 2693//2693 2938//2938 2694//2694
f 2938//2938 2939//2939 2694//2694
f 2694//2694 2939//2939 2695//2695
f 2939//2939 2940//2940 2695//2695
f 2695//2695 2940//2940 2696//2696
f 2940//2940 2941//2941 2696//2696
f 2696//2696 2941//2941 2697//2697
f 2941//2941 2942//2942 2697//2697
f 2697//2697 2942//2942 2698//2698
f 2942//2942 2943//2943 2698//2698
f 2698//2698 2943//2943 2699//2699
f 2943//2943 2944//2944 2699//2699
f 2699//2699 2944//2944 2700//2700
f 2944//2944 2945//2945 2700//2700
f 2700//2700 2945//2945 2701//2701
f 2945//2945 2946//2946 2701//2701
f 2701//2701 2946//2946 2702//2702
f 2946//2946 2947//2947 2702//2702
f 2702//2702 2947//2947 2703//2703
f 2947//2947 2948//2948 2703//2703
f 2703//2703 2948//2948 2704//2704
f 2948//2948 2949//2949 2704//2704
f 2704//2704 2949//2949 2705//2705
f 2949//2949 2950//2950 2705//2705
f 2705//2705 2950//2950 2706//2706
f 2950//2950 2951//2951 2706//2706
f 2706//2706 2951//2951 2707//2707
f 2951//2951 2952//2952 2707//2707
f 2707//2707 2952//2952 2708//2708
f 2952//2952 2953//2953 2708//2708
f 2708//2708 2953//2953 2709//2709
f 2953//2953 2954//2954 2709//2709
f 2709//2709 2954//2954 2710//2710
f 2954//2954 2955//2955 2710//2710
f 2710//2710 2955//2955 2711//2711
f 2955//2955 2956//2956 2711//2711
f 2711//2711 2956//2956 2712//2712
f 2956//2956 2957//2957 2712//2712
f 2712//2712 2957//2957 2713//2713
f 2957//2957 2958//2958 2713//2713
f 2713//2713 2958//2958 2714//2714
f 2958//2958 2959//2959 2714//2714
f 2714//2714 2959//2959 2715//2715
f 2959//2959 2960//2960 2715//2715
f 2715//2715 2960//2960 2716//2716
f 2960//2960 2961//2961 2716//2716
f 2716//2716 2961//2961 2717//2717
f 2961//2961 2962//2962 2717//2717
f 2717//2717 2962//2962 2718//2718
f 2962//2962 2963//2963 2718//2718
f 2718//2718 2963//2963 2719//2719
f 2963//2963 2964//2964 2719//2719
f 2719//2719 2964//2964 2720//2720
f 2964//2964 2965//2965 2720//2720
f 2720//2720 2965//2965 2721//2721
f 2965//2965 2966//2966 2721//2721
f 2721//2721 2966//2966 2722//2722
f 2966//2966 2967//2967 2722//2722
f 2722//2722 2967//2967 2723//2723
f 2967//2967 2968//2968 2723//2723
f 2723//2723 2968//2968 2724//2724
f 2968//2968 2969//2969 2724//2724
f 2724//2724 2969//2969 2725//2725
f 2969//2969 2970//2970 2725//2725
f 2725//2725 2970//2970 2726//2726
f 2970//2970 2971//2971 2726//2726
f 2726//2726 2971//2971 2727//2727
f 2971//2971 2972//2972 2727//2727
f 2727//2727 2972//2972 2728//2728
f 2972//2972 2973//2973 2728//2728
f 2728//2728 2973//2973 2729//2729
f 2973//2973 2974//2974 2729//2729
f 2729//2729 2974//2974 2730//2730
f 2974//2974 2975//2975 2730//2730
f 2730//2730 2975//2975 2731//2731
f 2975//2975 2976//2976 2731//2731
f 2731//2731 2976//2976 2732//2732
f 2976//2976 2977//2977 2732//2732
f 2732//2732 2977//2977 2733//2733
f 2977//2977 2978//2978 2733//2733
f 2733//2733 2978//2978 2734//2734
f 2978//2978 2979//2979 2734//2734
f 2734//2734 2979//2979 2735//2735
f 2979//2979 2980//2980 2735//2735
f 2735//2735 2980//2980 2736//2736
f 2980//2980 2981//2981 2736//2736
f 2736//2736 2981//2981 2737//2737
f 2981//2981 2982//2982 2737//2737
f 2737//2737 2982//2982 2738//2738
f 2982//2982 2983//2983 2738//2738
f 2738//2738 2983//2983 2739//2739
f 2983//2983 2984//2984 2739//2739
f 2739//2739 2984//2984 2740//2740
f 2984//2984 2985//2985 2740//2740
f 2740//2740 2985//2985 2741//2741
f 2985//2985 2986//2986 2741//2741
f 2741//2741 2986//2986 2742//2742
f 2986//2986 2987//2987 2742//2742
f 2742//2742 2987//2987 2743//2743
f 2987//2987 2988//2988 2743//2743
f 2743//2743 2988//2988 2744//2744
f 2988//2988 2989//2989 2744//2744
f 2744//2744 2989//2989 2745//2745
f 2989//2989 2990//2990 2745//2745
f 2745//2745 2990//2990 2746//2746
f 2990//2990 2991//2991 2746//2746
f 2746//2746 2991//2991 2747//2747
f 2991//2991 2992//2992 2747//2747
f 2747//2747 2992//2992 2748//2748
f 2992//2992 2993//2993 2748//2748
f 2748//2748 2993//2993 2749//2749
f 2993//2993 2994//2994 2749//2749
f 2749//2749 2994//2994 2750//2750
f 2994//2994 2995//2995 2750//2750
f 2750//2750 2995//2995 2751//2751
f 2995//2995 2996//2996 2751//2751
f 2751//2751 2996//2996 2752//2752
f 2996//2996 2997//2997 2752//2752
f 2752//2752 2997//2997 2753//2753
f 2997//2997 2998//2998 2753//2753
f 2753//2753 2998//2998 2754//2754
f 2998//2998 2999//2999 2754//2754
f 2754//2754 2999//2999 2755//2755
f 2999//2999 3000//3000 2755//2755
f 2755//2755 3000//3000 2756//2756
f 3000//3000 3001//3001 2756//2756
f 2756//2756 3001//3001 2757//2757
f 3001//3001 3002//3002 2757//2757
f 2757//2757 3002//3002 2758//2758
f 3002//3002 3003//3003 2758//2758
f 2758//2758 3003//3003 2759//2759
f 3003//3003 3004//3004 2759//2759
f 2759//2759 3004//3004 2760//2760
f 3004//3004 3005//3005 2760//2760
f 2760//2760 3005//3005 2761//2761
f 3005//3005 3006//3006 2761//2761
f 2761//2761 3006//3006 2762//2762
f 3006//3006 3007//3007 2762//2762
f 2762//2762 3007//3007 2763//2763
f 3008//3008 2765//2765 2764//2764
f 2764//2764 2765//2765 2521//2521
f 3007//3007 3008//3008 2763//2763
f 2763//2763 3008//3008 2764//2764
f 3208//3208 3209//3209 3130//3130
f 3207//3207 3208//3208 3130//3130
f 3206//3206 3207//3207 3130//3130
f 3205//3205 3206//3206 3130//3130
f 3204//3204 3205//3205 3130//3130
f 3203//3203 3204//3204 3130//3130
f 3202//3202 3203//3203 3130//3130
f 3201//3201 3202//3202 3130//3130
f 3200//3200 3201//3201 3130//3130
f 3199//3199 3200//3200 3130//3130
f 3198//3198 3199//3199 3130//3130
f 3197//3197 3198//3198 3130//3130
f 3130//3130 3209//3209 3210//3210
f 3129//3129 3130//3130 3210//3210
f 3128//3128 3129//3129 3210//3210
f 3127//3127 3128//3128 3210//3210
f 3125//3125 3126//3126 3127//3127
f 3124//3124 3125//3125 3127//3127
f 3123//3123 3124//3124 3127//3127
f 3122//3122 3123//3123 3127//3127
f 3121//3121 3122//3122 3127//3127
f 3120//3120 3121//3121 3127//3127
f 3119//3119 3120//3120 3127//3127
f 3118//3118 3119//3119 3127//3127
f 3117//3117 3118//3118 3127//3127
f 3116//3116 3117//3117 3127//3127
f 3115//3115 3116//3116 3127//3127
f 3114//3114 3115//3115 3127//3127
f 3113//3113 3114//3114 3127//3127
f 3112//3112 3113//3113 3127//3127
f 3111//3111 3112//3112 3127//3127
f 3110//3110 3111//3111 3127//3127
f 3109//3109 3110//3110 3127//3127
f 3108//3108 3109//3109 3127//3127
f 3107//3107 3108//3108 3127//3127
f 3106//3106 3107//3107 3127//3127
f 3105//3105 3106//3106 3127//3127
f 3103//3103 3104//3104 3105//3105
f 3102//3102 3103//3103 3105//3105
f 3101//3101 3102//3102 3105//3105
f 3100//3100 3101//3101 3105//3105
f 3099//3099 3100//3100 3105//3105
f 3098//3098 3099//3099 3105//3105
f 3097//3097 3098//3098 3105//3105
f 3096//3096 3097//3097 3105//3105
f 3095//3095 3096//3096 3105//3105
f 3094//3094 3095//3095 3105//3105
f 3093//3093 3094//3094 3105//3105
f 3092//3092 3093//3093 3105//3105
f 3091//3091 3092//3092 3105//3105
f 3090//3090 3091//3091 3105//3105
f 3089//3089 3090//3090 3105//3105
f 3088//3088 3089//3089 3105//3105
f 3087//3087 3088//3088 3105//3105
f 3086//3086 3087//3087 3105//3105
f 3085//3085 3086//3086 3105//3105
f 3084//3084 3085//3085 3105//3105
f 3083//3083 3084//3084 3105//3105
f 3082//3082 3083//3083 3105//3105
f 3081//3081 3082//3082 3105//3105
f 3080//3080 3081//3081 3105//3105
f 3079//3079 3080//3080 3105//3105
f 3078//3078 3079//3079 3105//3105
f 3077//3077 3078//3078 3105//3105
f 3076//3076 3077//3077 3105//3105
f 3075//3075 3076//3076 3105//3105
f 3074//3074 3075//3075 3105//3105
f 3073//3073 3074//3074 3105//3105
f 3072//3072 3073//3073 3105//3105
f 3071//3071 3072//3072 3105//3105
f 3070//3070 3071//3071 3105//3105
f 3069//3069 3070//3070 3105//3105
f 3068//3068 3069//3069 3105//3105
f 3066//3066 3067//3067 3068//3068
f 3065//3065 3066//3066 3068//3068
f 3064//3064 3065//3065 3068//3068
f 3063//3063 3064//3064 3068//3068
f 3062//3062 3063//3063 3068//3068
f 3061//3061 3062//3062 3068//3068
f 3060//3060 3061//3061 3068//3068
f 3059//3059 3060//3060 3068//3068
f 3058//3058 3059//3059 3068//3068
f 3057//3057 3058//3058 3068//3068
f 3056//3056 3057//3057 3068//3068
f 3055//3055 3056//3056 3068//3068
f 3054//3054 3055//3055 3068//3068
f 3053//3053 3054//3054 3068//3068
f 3025//3025 3026//3026 3027//3027
f 3024//3024 3025//3025 3027//3027
f 3023//3023 3024//3024 3027//3027
f 3022//3022 3023//3023 3027//3027
f 3021//3021 3022//3022 3027//3027
f 3020//3020 3021//3021 3027//3027
f 3019//3019 3020//3020 3027//3027
f 3017//3017 3018//3018 3019//3019
f 3016//3016 3017//3017 3019//3019
f 3015//3015 3016//3016 3019//3019
f 3014//3014 3015//3015 3019//3019
f 3013//3013 3014//3014 3019//3019
f 3012//3012 3013//3013 3019//3019
f 3011//3011 3012//3012 3019//3019
f 3010//3010 3011//3011 3019//3019
f 3009//3009 3010//3010 3019//3019
f 3170//3170 3009//3009 3019//3019
f 3169//3169 3170//3170 3019//3019
f 3168//3168 3169//3169 3019//3019
f 3167//3167 3168//3168 3019//3019
f 3166//3166 3167//3167 3019//3019
f 3165//3165 3166//3166 3019//3019
f 3164//3164 3165//3165 3019//3019
f 3163//3163 3164//3164 3019//3019
f 3162//3162 3163//3163 3019//3019
f 3161//3161 3162//3162 3019//3019
f 3160//3160 3161//3161 3019//3019
f 3159//3159 3160//3160 3019//3019
f 3158//3158 3159//3159 3019//3019
f 3157//3157 3158//3158 3019//3019
f 3156//3156 3157//3157 3019//3019
f 3155//3155 3156//3156 3019//3019
f 3154//3154 3155//3155 3019//3019
f 3153//3153 3154//3154 3019//3019
f 3152//3152 3153//3153 3019//3019
f 3151//3151 3152//3152 3019//3019
f 3150//3150 3151//3151 3019//3019
f 3149//3149 3150//3150 3019//3019
f 3148//3148 3149//3149 3019//3019
f 3147//3147 3148//3148 3019//3019
f 3146//3146 3147//3147 3019//3019
f 3144//3144 3145//3145 3146//3146
f 3143//3143 3144//3144 3146//3146
f 3142//3142 3143//3143 3146//3146
f 3141//3141 3142//3142 3146//3146
f 3140//3140 3141//3141 3146//3146
f 3139//3139 3140//3140 3146//3146
f 3138//3138 3139//3139 3146//3146
f 3137//3137 3138//3138 3146//3146
f 3136//3136 3137//3137 3146//3146
f 3135//3135 3136//3136 3146//3146
f 3134//3134 3135//3135 3146//3146
f 3133//3133 3134//3134 3146//3146
f 3132//3132 3133//3133 3146//3146
f 3131//3131 3132//3132 3146//3146
f 3130//3130 3131//3131 3146//3146
f 3197//3197 3130//3130 3146//3146
f 3196//3196 3197//3197 3146//3146
f 3195//3195 3196//3196 3146//3146
f 3194//3194 3195//3195 3146//3146
f 3193//3193 3194//3194 3146//3146
f 3192//3192 3193//3193 3146//3146
f 3191//3191 3192//3192 3146//3146
f 3190//3190 3191//3191 3146//3146
f 3189//3189 3190//3190 3146//3146
f 3188//3188 3189//3189 3146//3146
f 3187//3187 3188//3188 3146//3146
f 3186//3186 3187//3187 3146//3146
f 3185//3185 3186//3186 3146//3146
f 3184//3184 3185//3185 3146//3146
f 3183//3183 3184//3184 3146//3146
f 3182//3182 3183//3183 3146//3146
f 3053//3053 3068//3068 3105//3105
f 3052//3052 3053//3053 3105//3105
f 3051//3051 3052//3052 3105//3105
f 3050//3050 3051//3051 3105//3105
f 3049//3049 3050//3050 3105//3105
f 3048//3048 3049//3049 3105//3105
f 3047//3047 3048//3048 3105//3105
f 3046//3046 3047//3047 3105//3105
f 3045//3045 3046//3046 3105//3105
f 3044//3044 3045//3045 3105//3105
f 3043//3043 3044//3044 3105//3105
f 3042//3042 3043//3043 3105//3105
f 3041//3041 3042//3042 3105//3105
f 3040//3040 3041//3041 3105//3105
f 3039//3039 3040//3040 3105//3105
f 3182//3182 3146//3146 3019//3019
f 3181//3181 3182//3182 3019//3019
f 3180//3180 3181//3181 3019//3019
f 3179//3179 3180//3180 3019//3019
f 3178//3178 3179//3179 3019//3019
f 3177//3177 3178//3178 3019//3019
f 3176//3176 3177//3177 3019//3019
f 3175//3175 3176//3176 3019//3019
f 3174//3174 3175//3175 3019//3019
f 3173//3173 3174//3174 3019//3019
f 3172//3172 3173//3173 3019//3019
f 3171//3171 3172//3172 3019//3019
f 3211//3211 3171//3171 3019//3019
f 3210//3210 3211//3211 3019//3019
f 3039//3039 3105//3105 3127//3127
f 3038//3038 3039//3039 3127//3127
f 3037//3037 3038//3038 3127//3127
f 3036//3036 3037//3037 3127//3127
f 3035//3035 3036//3036 3127//3127
f 3034//3034 3035//3035 3127//3127
f 3033//3033 3034//3034 3127//3127
f 3032//3032 3033//3033 3127//3127
f 3031//3031 3032//3032 3127//3127
f 3030//3030 3031//3031 3127//3127
f 3029//3029 3030//3030 3127//3127
f 3028//3028 3029//3029 3127//3127
f 3027//3027 3028//3028 3127//3127
f 3210//3210 3019//3019 3027//3027
f 3127//3127 3210//3210 3027//3027
f 3333//3333 3412//3412 3411//3411
f 3333//3333 3411//3411 3410//3410
f 3333//3333 3410//3410 3409//3409
f 3333//3333 3409//3409 3408//3408
f 3333//3333 3408//3408 3407//3407
f 3333//3333 3407//3407 3406//3406
f 3333//3333 3406//3406 3405//3405
f 3333//3333 3405//3405 3404//3404
f 3333//3333 3404//3404 3403//3403
f 3333//3333 3403//3403 3402//3402
f 3333//3333 3402//3402 3401//3401
f 3333//3333 3401//3401 3400//3400
f 3413//3413 3412//3412 3333//3333
f 3413//3413 3333//3333 3332//3332
f 3413//3413 3332//3332 3331//3331
f 3413//3413 3331//3331 3330//3330
f 3330//3330 3329//3329 3328//3328
f 3330//3330 3328//3328 3327//3327
f 3330//3330 3327//3327 3326//3326
f 3330//3330 3326//3326 3325//3325
f 3330//3330 3325//3325 3324//3324
f 3330//3330 3324//3324 3323//3323
f 3330//3330 3323//3323 3322//3322
f 3330//3330 3322//3322 3321//3321
f 3330//3330 3321//3321 3320//3320
f 3330//3330 3320//3320 3319//3319
f 3330//3330 3319//3319 3318//3318
f 3330//3330 3318//3318 3317//3317
f 3330//3330 3317//3317 3316//3316
f 3330//3330 3316//3316 3315//3315
f 3330//3330 3315//3315 3314//3314
f 3330//3330 3314//3314 3313//3313
f 3330//3330 3313//3313 3312//3312
f 3330//3330 3312//3312 3311//3311
f 3330//3330 3311//3311 3310//3310
f 3330//3330 3310//3310 3309//3309
f 3330//3330 3309//3309 3308//3308
f 3308//3308 3307//3307 3306//3306
f 3308//3308 3306//3306 3305//3305
f 3308//3308 3305//3305 3304//3304
f 3308//3308 3304//3304 3303//3303
f 3308//3308 3303//3303 3302//3302
f 3308//3308 3302//3302 3301//3301
f 3308//3308 3301//3301 3300//3300
f 3308//3308 3300//3300 3299//3299
f 3308//3308 3299//3299 3298//3298
f 3308//3308 3298//3298 3297//3297
f 3308//3308 3297//3297 3296//3296
f 3308//3308 3296//3296 3295//3295
f 3308//3308 3295//3295 3294//3294
f 3308//3308 3294//3294 3293//3293
f 3308//3308 3293//3293 3292//3292
f 3308//3308 3292//3292 3291//3291
f 3308//3308 3291//3291 3290//3290
f 3308//3308 3290//3290 3289//3289
f 3308//3308 3289//3289 3288//3288
f 3308//3308 3288//3288 3287//3287
f 3308//3308 3287//3287 3286//3286
f 3308//3308 3286//3286 3285//3285
f 3308//3308 3285//3285 3284//3284
f 3308//3308 3284//3284 3283//3283
f 3308//3308 3283//3283 3282//3282
f 3308//3308 3282//3282 3281//3281
f 3308//3308 3281//3281 3280//3280
f 3308//3308 3280//3280 3279//3279
f 3308//3308 3279//3279 3278//3278
f 3308//3308 3278//3278 3277//3277
f 3308//3308 3277//3277 3276//3276
f 3308//3308 3276//3276 3275//3275
f 3308//3308 3275//3275 3274//3274
f 3308//3308 3274//3274 3273//3273
f 3308//3308 3273//3273 3272//3272
f 3308//3308 3272//3272 3271//3271
f 3271//3271 3270//3270 3269//3269
f 3271//3271 3269//3269 3268//3268
f 3271//3271 3268//3268 3267//3267
f 3271//3271 3267//3267 3266//3266
f 3271//3271 3266//3266 3265//3265
f 3271//3271 3265//3265 3264//3264
f 3271//3271 3264//3264 3263//3263
f 3271//3271 3263//3263 3262//3262
f 3271//3271 3262//3262 3261//3261
f 3271//3271 3261//3261 3260//3260
f 3271//3271 3260//3260 3259//3259
f 3271//3271 3259//3259 3258//3258
f 3271//3271 3258//3258 3257//3257
f 3271//3271 3257//3257 3256//3256
f 3230//3230 3229//3229 3228//3228
f 3230//3230 3228//3228 3227//3227
f 3230//3230 3227//3227 3226//3226
f 3230//3230 3226//3226 3225//3225
f 3230//3230 3225//3225 3224//3224
f 3230//3230 3224//3224 3223//3223
f 3230//3230 3223//3223 3222//3222
f 3222//3222 3221//3221 3220//3220
f 3222//3222 3220//3220 3219//3219
f 3222//3222 3219//3219 3218//3218
f 3222//3222 3218//3218 3217//3217
f 3222//3222 3217//3217 3216//3216
f 3222//3222 3216//3216 3215//3215
f 3222//3222 3215//3215 3214//3214
f 3222//3222 3214//3214 3213//3213
f 3222//3222 3213//3213 3212//3212
f 3222//3222 3212//3212 3373//3373
f 3222//3222 3373//3373 3372//3372
f 3222//3222 3372//3372 3371//3371
f 3222//3222 3371//3371 3370//3370
f 3222//3222 3370//3370 3369//3369
f 3222//3222 3369//3369 3368//3368
f 3222//3222 3368//3368 3367//3367
f 3222//3222 3367//3367 3366//3366
f 3222//3222 3366//3366 3365//3365
f 3222//3222 3365//3365 3364//3364
f 3222//3222 3364//3364 3363//3363
f 3222//3222 3363//3363 3362//3362
f 3222//3222 3362//3362 3361//3361
f 3222//3222 3361//3361 3360//3360
f 3222//3222 3360//3360 3359//3359
f 3222//3222 3359//3359 3358//3358
f 3222//3222 3358//3358 3357//3357
f 3222//3222 3357//3357 3356//3356
f 3222//3222 3356//3356 3355//3355
f 3222//3222 3355//3355 3354//3354
f 3222//3222 3354//3354 3353//3353
f 3222//3222 3353//3353 3352//3352
f 3222//3222 3352//3352 3351//3351
f 3222//3222 3351//3351 3350//3350
f 3222//3222 3350//3350 3349//3349
f 3349//3349 3348//3348 3347//3347
f 3349//3349 3347//3347 3346//3346
f 3349//3349 3346//3346 3345//3345
f 3349//3349 3345//3345 3344//3344
f 3349//3349 3344//3344 3343//3343
f 3349//3349 3343//3343 3342//3342
f 3349//3349 3342//3342 3341//3341
f 3349//3349 3341//3341 3340//3340
f 3349//3349 3340//3340 3339//3339
f 3349//3349 3339//3339 3338//3338
f 3349//3349 3338//3338 3337//3337
f 3349//3349 3337//3337 3336//3336
f 3349//3349 3336//3336 3335//3335
f 3349//3349 3335//3335 3334//3334
f 3349//3349 3334//3334 3333//3333
f 3349//3349 3333//3333 3400//3400
f 3349//3349 3400//3400 3399//3399
f 3349//3349 3399//3399 3398//3398
f 3349//3349 3398//3398 3397//3397
f 3349//3349 3397//3397 3396//3396
f 3349//3349 3396//3396 3395//3395
f 3349//3349 3395//3395 3394//3394
f 3349//3349 3394//3394 3393//3393
f 3349//3349 3393//3393 3392//3392
f 3349//3349 3392//3392 3391//3391
f 3349//3349 3391//3391 3390//3390
f 3349//3349 3390//3390 3389//3389
f 3349//3349 3389//3389 3388//3388
f 3349//3349 3388//3388 3387//3387
f 3349//3349 3387//3387 3386//3386
f 3349//3349 3386//3386 3385//3385
f 3308//3308 3271//3271 3256//3256
f 3308//3308 3256//3256 3255//3255
f 3308//3308 3255//3255 3254//3254
f 3308//3308 3254//3254 3253//3253
f 3308//3308 3253//3253 3252//3252
f 3308//3308 3252//3252 3251//3251
f 3308//3308 3251//3251 3250//3250
f 3308//3308 3250//3250 3249//3249
f 3308//3308 3249//3249 3248//3248
f 3308//3308 3248//3248 3247//3247
f 3308//3308 3247//3247 3246//3246
f 3308//3308 3246//3246 3245//3245
f 3308//3308 3245//3245 3244//3244
f 3308//3308 3244//3244 3243//3243
f 3308//3308 3243//3243 3242//3242
f 3222//3222 3349//3349 3385//3385
f 3222//3222 3385//3385 3384//3384
f 3222//3222 3384//3384 3383//3383
f 3222//3222 3383//3383 3382//3382
f 3222//3222 3382//3382 3381//3381
f 3222//3222 3381//3381 3380//3380
f 3222//3222 3380//3380 3379//3379
f 3222//3222 3379//3379 3378//3378
f 3222//3222 3378//3378 3377//3377
f 3222//3222 3377//3377 3376//3376
f 3222//3222 3376//3376 3375//3375
f 3222//3222 3375//3375 3374//3374
f 3222//3222 3374//3374 3414//3414
f 3222//3222 3414//3414 3413//3413
f 3330//3330 3308//3308 3242//3242
f 3330//3330 3242//3242 3241//3241
f 3330//3330 3241//3241 3240//3240
f 3330//3330 3240//3240 3239//3239
f 3330//3330 3239//3239 3238//3238
f 3330//3330 3238//3238 3237//3237
f 3330//3330 3237//3237 3236//3236
f 3330//3330 3236//3236 3235//3235
f 3330//3330 3235//3235 3234//3234
f 3330//3330 3234//3234 3233//3233
f 3330//3330 3233//3233 3232//3232
f 3330//3330 3232//3232 3231//3231
f 3330//3330 3231//3231 3230//3230
f 3230//3230 3222//3222 3413//3413
f 3230//3230 3413//3413 3330//3330
f 3212//3212 3213//3213 3009//3009
f 3009//3009 3213//3213 3010//3010
f 3213//3213 3214//3214 3010//3010
f 3010//3010 3214//3214 3011//3011
f 3214//3214 3215//3215 3011//3011
f 3011//3011 3215//3215 3012//3012
f 3215//3215 3216//3216 3012//3012
f 3012//3012 3216//3216 3013//3013
f 3216//3216 3217//3217 3013//3013
f 3013//3013 3217//3217 3014//3014
f 3217//3217 3218//3218 3014//3014
f 3014//3014 3218//3218 3015//3015
f 3218//3218 3219//3219 3015//3015
f 3015//3015 3219//3219 3016//3016
f 3219//3219 3220//3220 3016//3016
f 3016//3016 3220//3220 3017//3017
f 3220//3220 3221//3221 3017//3017
f 3017//3017 3221//3221 3018//3018
f 3221//3221 3222//3222 3018//3018
f 3018//3018 3222//3222 3019//3019
f 3222//3222 3223//3223 3019//3019
f 3019//3019 3223//3223 3020//3020
f 3223//3223 3224//3224 3020//3020
f 3020//3020 3224//3224 3021//3021
f 3224//3224 3225//3225 3021//3021
f 3021//3021 3225//3225 3022//3022
f 3225//3225 3226//3226 3022//3022
f 3022//3022 3226//3226 3023//3023
f 3226//3226 3227//3227 3023//3023
f 3023//3023 3227//3227 3024//3024
f 3227//3227 3228//3228 3024//3024
f 3024//3024 3228//3228 3025//3025
f 3228//3228 3229//3229 3025//3025
f 3025//3025 3229//3229 3026//3026
f 3229//3229 3230//3230 3026//3026
f 3026//3026 3230//3230 3027//3027
f 3230//3230 3231//3231 3027//3027
f 3027//3027 3231//3231 3028//3028
f 3231//3231 3232//3232 3028//3028
f 3028//3028 3232//3232 3029//3029
f 3232//3232 3233//3233 3029//3029
f 3029//3029 3233//3233 3030//3030
f 3233//3233 3234//3234 3030//3030
f 3030//3030 3234//3234 3031//3031
f 3234//3234 3235//3235 3031//3031
f 3031//3031 3235//3235 3032//3032
f 3235//3235 3236//3236 3032//3032
f 3032//3032 3236//3236 3033//3033
f 3236//3236 3237//3237 3033//3033
f 3033//3033 3237//3237 3034//3034
f 3237//3237 3238//3238 3034//3034
f 3034//3034 3238//3238 3035//3035
f 3238//3238 3239//3239 3035//3035
f 3035//3035 3239//3239 3036//3036
f 3239//3239 3240//3240 3036//3036
f 3036//3036 3240//3240 3037//3037
f 3240//3240 3241//3241 3037//3037
f 3037//3037 3241//3241 3038//3038
f 3241//3241 3242//3242 3038//3038
f 3038//3038 3242//3242 3039//3039
f 3242//3242 3243//3243 3039//3039
f 3039//3039 3243//3243 3040//3040
f 3243//3243 3244//3244 3040//3040
f 3040//3040 3244//3244 3041//3041
f 3244//3244 3245//3245 3041//3041
f 3041//3041 3245//3245 3042//3042
f 3245//3245 3246//3246 3042//3042
f 3042//3042 3246//3246 3043//3043
f 3246//3246 3247//3247 3043//3043
f 3043//3043 3247//3247 3044//3044
f 3247//3247 3248//3248 3044//3044
f 3044//3044 3248//3248 3045//3045
f 3248//3248 3249//3249 3045//3045
f 3045//3045 3249//3249 3046//3046
f 3249//3249 3250//3250 3046//3046
f 3046//3046 3250//3250 3047//3047
f 3250//3250 3251//3251 3047//3047
f 3047//3047 3251//3251 3048//3048
f 3251//3251 3252//3252 3048//3048
f 3048//3048 3252//3252 3049//3049
f 3252//3252 3253//3253 3049//3049
f 3049//3049 3253//3253 3050//3050
f 3253//3253 3254//3254 3050//3050
f 3050//3050 3254//3254 3051//3051
f 3254//3254 3255//3255 3051//3051
f 3051//3051 3255//3255 3052//3052
f 3255//3255 3256//3256 3052//3052
f 3052//3052 3256//3256 3053//3053
f 3256//3256 3257//3257 3053//3053
f 3053//3053 3257//3257 3054//3054
f 3257//3257 3258//3258 3054//3054
f 3054//3054 3258//3258 3055//3055
f 3258//3258 3259//3259 3055//3055
f 3055//3055 3259//3259 3056//3056
f 3259//3259 3260//3260 3056//3056
f 3056//3056 3260//3260 3057//3057
f 3260//3260 3261//3261 3057//3057
f 3057//3057 3261//3261 3058//3058
f 3261//3261 3262//3262 3058//3058
f 3058//3058 3262//3262 3059//3059
f 3262//3262 3263//3263 3059//3059
f 3059//3059 3263//3263 3060//3060
f 3263//3263 3264//3264 3060//3060
f 3060//3060 3264//3264 3061//3061
f 3264//3264 3265//3265 3061//3061
f 3061//3061 3265//3265 3062//3062
f 3265//3265 3266//3266 3062//3062
f 3062//3062 3266//3266 3063//3063
f 3266//3266 3267//3267 3063//3063
f 3063//3063 3267//3267 3064//3064
f 3267//3267 3268//3268 3064//3064
f 3064//3064 3268//3268 3065//3065
f 3268//3268 3269//3269 3065//3065
f 3065//3065 3269//3269 3066//3066
f 3269//3269 3270//3270 3066//3066
f 3066//3066 3270//3270 3067//3067
f 3270//3270 3271//3271 3067//3067
f 3067//3067 3271//3271 3068//3068
f 3271//3271 3272//3272 3068//3068
f 3068//3068 3272//3272 3069//3069
f 3272//3272 3273//3273 3069//3069
f 3069//3069 3273//3273 3070//3070
f 3273//3273 3274//3274 3070//3070
f 3070//3070 3274//3274 3071//3071
f 3274//3274 3275//3275 3071//3071
f 3071//3071 3275//3275 3072//3072
f 3275//3275 3276//3276 3072//3072
f 3072//3072 3276//3276 3073//3073
f 3276//3276 3277//3277 3073//3073
f 3073//3073 3277//3277 3074//3074
f 3277//3277 3278//3278 3074//3074
f 3074//3074 3278//3278 3075//3075
f 3278//3278 3279//3279 3075//3075
f 3075//3075 3279//3279 3076//3076
f 3279//3279 3280//3280 3076//3076
f 3076//3076 3280//3280 3077//3077
f 3280//3280 3281//3281 3077//3077
f 3077//3077 3281//3281 3078//3078
f 3281//3281 3282//3282 3078//3078
f 3078//3078 3282//3282 3079//3079
f 3282//3282 3283//3283 3079//3079
f 3079//3079 3283//3283 3080//3080
f 3283//3283 3284//3284 3080//3080
f 3080//3080 3284//3284 3081//3081
f 3284//3284 3285//3285 3081//3081
f 3081//3081 3285//3285 3082//3082
f 3285//3285 3286//3286 3082//3082
f 3082//3082 3286//3286 3083//3083
f 3286//3286 3287//3287 3083//3083
f 3083//3083 3287//3287 3084//3084
f 3287//3287 3288//3288 3084//3084
f 3084//3084 3288//3288 3085//3085
f 3288//3288 3289//3289 3085//3085
f 3085//3085 3289//3289 3086//3086
f 3289//3289 3290//3290 3086//3086
f 3086//3086 3290//3290 3087//3087
f 3290//3290 3291//3291 3087//3087
f 3087//3087 3291//3291 3088//3088
f 3291//3291 3292//3292 3088//3088
f 3088//3088 3292//3292 3089//3089
f 3292//3292 3293//3293 3089//3089
f 3089//3089 3293//3293 3090//3090
f 3293//3293 3294//3294 3090//3090
f 3090//3090 3294//3294 3091//3091
f 3294//3294 3295//3295 3091//3091
f 3091//3091 3295//3295 3092//3092
f 3295//3295 3296//3296 3092//3092
f 3092//3092 3296//3296 3093//3093
f 3296//3296 3297//3297 3093//3093
f 3093//3093 3297//3297 3094//3094
f 3297//3297 3298//3298 3094//3094
f 3094//3094 3298//3298 3095//3095
f 3298//3298 3299//3299 3095//3095
f 3095//3095 3299//3299 3096//3096
f 3299//3299 3300//3300 3096//3096
f 3096//3096 3300//3300 3097//3097
f 3300//3300 3301//3301 3097//3097
f 3097//3097 3301//3301 3098//3098
f 3301//3301 3302//3302 3098//3098
f 3098//3098 3302//3302 3099//3099
f 3302//3302 3303//3303 3099//3099
f 3099//3099 3303//3303 3100//3100
f 3303//3303 3304//3304 3100//3100
f 3100//3100 3304//3304 3101//3101
f 3304//3304 3305//3305 3101//3101
f 3101//3101 3305//3305 3102//3102
f 3305//3305 3306//3306 3102//3102
f 3102//3102 3306//3306 3103//3103
f 3306//3306 3307//3307 3103//3103
f 3103//3103 3307//3307 3104//3104
f 3307//3307 3308//3308 3104//3104
f 3104//3104 3308//3308 3105//3105
f 3308//3308 3309//3309 3105//3105
f 3105//3105 3309//3309 3106//3106
f 3309//3309 3310//3310 3106//3106
f 3106//3106 3310//3310 3107//3107
f 3310//3310 3311//3311 3107//3107
f 3107//3107 3311//3311 3108//3108
f 3311//3311 3312//3312 3108//3108
f 3108//3108 3312//3312 3109//3109
f 3312//3312 3313//3313 3109//3109
f 3109//3109 3313//3313 3110//3110
f 3313//3313 3314//3314 3110//3110
f 3110//3110 3314//3314 3111//3111
f 3314//3314 3315//3315 3111//3111
f 3111//3111 3315//3315 3112//3112
f 3315//3315 3316//3316 3112//3112
f 3112//3112 3316//3316 3113//3113
f 3316//3316 3317//3317 3113//3113
f 3113//3113 3317//3317 3114//3114
f 3317//3317 3318//3318 3114//3114
f 3114//3114 3318//3318 3115//3115
f 3318//3318 3319//3319 3115//3115
f 3115//3115 3319//3319 3116//3116
f 3319//3319 3320//3320 3116//3116
f 3116//3116 3320//3320 3117//3117
f 3320//3320 3321//3321 3117//3117
f 3117//3117 3321//3321 3118//3118
f 3321//3321 3322//3322 3118//3118
f 3118//3118 3322//3322 3119//3119
f 3322//3322 3323//3323 3119//3119
f 3119//3119 3323//3323 3120//3120
f 3323//3323 3324//3324 3120//3120
f 3120//3120 3324//3324 3121//3121
f 3324//3324 3325//3325 3121//3121
f 3121//3121 3325//3325 3122//3122
f 3325//3325 3326//3326 3122//3122
f 3122//3122 3326//3326 3123//3123
f 3326//3326 3327//3327 3123//3123
f 3123//3123 3327//3327 3124//3124
f 3327//3327 3328//3328 3124//3124
f 3124//3124 3328//3328 3125//3125
f 3328//3328 3329//3329 3125//3125
f 3125//3125 3329//3329 3126//3126
f 3329//3329 3330//3330 3126//3126
f 3126//3126 3330//3330 3127//3127
f 3330//3330 3331//3331 3127//3127
f 3127//3127 3331//3331 3128//3128
f 3331//3331 3332//3332 3128//3128
f 3128//3128 3332//3332 3129//3129
f 3332//3332 3333//3333 3129//3129
f 3129//3129 3333//3333 3130//3130
f 3333//3333 3334//3334 3130//3130
f 3130//3130 3334//3334 3131//3131
f 3334//3334 3335//3335 3131//3131
f 3131//3131 3335//3335 3132//3132
f 3335//3335 3336//3336 3132//3132
f 3132//3132 3336//3336 3133//3133
f 3336//3336 3337//3337 3133//3133
f 3133//3133 3337//3337 3134//3134
f 3337//3337 3338//3338 3134//3134
f 3134//3134 3338//3338 3135//3135
f 3338//3338 3339//3339 3135//3135
f 3135//3135 3339//3339 3136//3136
f 3339//3339 3340//3340 3136//3136
f 3136//3136 3340//3340 3137//3137
f 3340//3340 3341//3341 3137//3137
f 3137//3137 3341//3341 3138//3138
f 3341//3341 3342//3342 3138//3138
f 3138//3138 3342//3342 3139//3139
f 3342//3342 3343//3343 3139//3139
f 3139//3139 3343//3343 3140//3140
f 3343//3343 3344//3344 3140//3140
f 3140//3140 3344//3344 3141//3141
f 3344//3344 3345//3345 3141//3141
f 3141//3141 3345//3345 3142//3142
f 3345//3345 3346//3346 3142//3142
f 3142//3142 3346//3346 3143//3143
f 3346//3346 3347//3347 3143//3143
f 3143//3143 3347//3347 3144//3144
f 3347//3347 3348//3348 3144//3144
f 3144//3144 3348//3348 3145//3145
f 3348//3348 3349//3349 3145//3145
f 3145//3145 3349//3349 3146//3146
f 3349//3349 3350//3350 3146//3146
f 3146//3146 3350//3350 3147//3147
f 3350//3350 3351//3351 3147//3147
f 3147//3147 3351//3351 3148//3148
f 3351//3351 3352//3352 3148//3148
f 3148//3148 3352//3352 3149//3149
f 3352//3352 3353//3353 3149//3149
f 3149//3149 3353//3353 3150//3150
f 3353//3353 3354//3354 3150//3150
f 3150//3150 3354//3354 3151//3151
f 3354//3354 3355//3355 3151//3151
f 3151//3151 3355//3355 3152//3152
f 3355//3355 3356//3356 3152//3152
f 3152//3152 3356//3356 3153//3153
f 3356//3356 3357//3357 3153//3153
f 3153//3153 3357//3357 3154//3154
f 3357//3357 3358//3358 3154//3154
f 3154//3154 3358//3358 3155//3155
f 3358//3358 3359//3359 3155//3155
f 3155//3155 3359//3359 3156//3156
f 3359//3359 3360//3360 3156//3156
f 3156//3156 3360//3360 3157//3157
f 3360//3360 3361//3361 3157//3157
f 3157//3157 3361//3361 3158//3158
f 3361//3361 3362//3362 3158//3158
f 3158//3158 3362//3362 3159//3159
f 3362//3362 3363//3363 3159//3159
f 3159//3159 3363//3363 3160//3160
f 3363//3363 3364//3364 3160//3160
f 3160//3160 3364//3364 3161//3161
f 3364//3364 3365//3365 3161//3161
f 3161//3161 3365//3365 3162//3162
f 3365//3365 3366//3366 3162//3162
f 3162//3162 3366//3366 3163//3163
f 3366//3366 3367//3367 3163//3163
f 3163//3163 3367//3367 3164//3164
f 3367//3367 3368//3368 3164//3164
f 3164//3164 3368//3368 3165//3165
f 3368//3368 3369//3369 3165//3165
f 3165//3165 3369//3369 3166//3166
f 3369//3369 3370//3370 3166//3166
f 3166//3166 3370//3370 3167//3167
f 3370//3370 3371//3371 3167//3167
f 3167//3167 3371//3371 3168//3168
f 3371//3371 3372//3372 3168//3168
f 3168//3168 3372//3372 3169//3169
f 3373//3373 3212//3212 3170//3170
f 3170//3170 3212//3212 3009//3009
f 3372//3372 3373//3373 3169//3169
f 3169//3169 3373//3373 3170//3170
f 3374//3374 3375//3375 3171//3171
f 3171//3171 3375//3375 3172//3172
f 3375//3375 3376//3376 3172//3172
f 3172//3172 3376//3376 3173//3173
f 3376//3376 3377//3377 3173//3173
f 3173//3173 3377//3377 3174//3174
f 3377//3377 3378//3378 3174//3174
f 3174//3174 3378//3378 3175//3175
f 3378//3378 3379//3379 3175//3175
f 3175//3175 3379//3379 3176//3176
f 3379//3379 3380//3380 3176//3176
f 3176//3176 3380//3380 3177//3177
f 3380//3380 3381//3381 3177//3177
f 3177//3177 3381//3381 3178//3178
f 3381//3381 3382//3382 3178//3178
f 3178//3178 3382//3382 3179//3179
f 3382//3382 3383//3383 3179//3179
f 3179//3179 3383//3383 3180//3180
f 3383//3383 3384//3384 3180//3180
f 3180//3180 3384//3384 3181//3181
f 3384//3384 3385//3385 3181//3181
f 3181//3181 3385//3385 3182//3182
f 3385//3385 3386//3386 3182//3182
f 3182//3182 3386//3386 3183//3183
f 3386//3386 3387//3387 3183//3183
f 3183//3183 3387//3387 3184//3184
f 3387//3387 3388//3388 3184//3184
f 3184//3184 3388//3388 3185//3185
f 3388//3388 3389//3389 3185//3185
f 3185//3185 3389//3389 3186//3186
f 3389//3389 3390//3390 3186//3186
f 3186//3186 3390//3390 3187//3187
f 3390//3390 3391//3391 3187//3187
f 3187//3187 3391//3391 3188//3188
f 3391//3391 3392//3392 3188//3188
f 3188//3188 3392//3392 3189//3189
f 3392//3392 3393//3393 3189//3189
f 3189//3189 3393//3393 3190//3190
f 3393//3393 3394//3394 3190//3190
f 3190//3190 3394//3394 3191//3191
f 3394//3394 3395//3395 3191//3191
f 3191//3191 3395//3395 3192//3192
f 3395//3395 3396//3396 3192//3192
f 3192//3192 3396//3396 3193//3193
f 3396//3396 3397//3397 3193//3193
f 3193//3193 3397//3397 3194//3194
f 3397//3397 3398//3398 3194//3194
f 3194//3194 3398//3398 3195//3195
f 3398//3398 3399//3399 3195//3195
f 3195//3195 3399//3399 3196//3196
f 3399//3399 3400//3400 3196//3196
f 3196//3196 3400//3400 3197//3197
f 3400//3400 3401//3401 3197//3197
f 3197//3197 3401//3401 3198//3198
f 3401//3401 3402//3402 3198//3198
f 3198//3198 3402//3402 3199//3199
f 3402//3402 3403//3403 3199//3199
f 3199//3199 3403//3403 3200//3200
f 3403//3403 3404//3404 3200//3200
f 3200//3200 3404//3404 3201//3201
f 3404//3404 3405//3405 3201//3201
f 3201//3201 3405//3405 3202//3202
f 3405//3405 3406//3406 3202//3202
f 3202//3202 3406//3406 3203//3203
f 3406//3406 3407//3407 3203//3203
f 3203//3203 3407//3407 3204//3204
f 3407//3407 3408//3408 3204//3204
f 3204//3204 3408//3408 3205//3205
f 3408//3408 3409//3409 3205//3205
f 3205//3205 3409//3409 3206//3206
f 3409//3409 3410//3410 3206//3206
f 3206//3206 3410//3410 3207//3207
f 3410//3410 3411//3411 3207//3207
f 3207//3207 3411//3411 3208//3208
f 3411//3411 3412//3412 3208//3208
f 3208//3208 3412//3412 3209//3209
f 3412//3412 3413//3413 3209//3209
f 3209//3209 3413//3413 3210//3210
f 3414//3414 3374//3374 3211//3211
f 3211//3211 3374//3374 3171//3171
f 3413//3413 3414//3414 3210//3210
f 3210//3210 3414//3414 3211//3211
