# Independent procedural camera geometry; meters; Z up
o lens_guard_optical_cup
v 0.0105500000 0.0023650000 0.0416000000
v 0.0105500000 0.0023631767 0.0416928495
v 0.0105500000 0.0023577095 0.0417855558
v 0.0105500000 0.0023486069 0.0418779759
v 0.0105500000 0.0023358829 0.0419699675
v 0.0105500000 0.0023195572 0.0420613886
v 0.0105500000 0.0022996549 0.0421520983
v 0.0105500000 0.0022762066 0.0422419567
v 0.0105500000 0.0022492487 0.0423308252
v 0.0105500000 0.0022188225 0.0424185668
v 0.0105500000 0.0021849751 0.0425050463
v 0.0105500000 0.0021477586 0.0425901303
v 0.0105500000 0.0021072304 0.0426736875
v 0.0105500000 0.0020634531 0.0427555892
v 0.0105500000 0.0020164940 0.0428357091
v 0.0105500000 0.0019664256 0.0429139236
v 0.0105500000 0.0019133252 0.0429901121
v 0.0105500000 0.0018572745 0.0430641572
v 0.0105500000 0.0017983601 0.0431359446
v 0.0105500000 0.0017366727 0.0432053638
v 0.0105500000 0.0016723075 0.0432723075
v 0.0105500000 0.0016053638 0.0433366727
v 0.0105500000 0.0015359446 0.0433983601
v 0.0105500000 0.0014641572 0.0434572745
v 0.0105500000 0.0013901121 0.0435133252
v 0.0105500000 0.0013139236 0.0435664256
v 0.0105500000 0.0012357091 0.0436164940
v 0.0105500000 0.0011555892 0.0436634531
v 0.0105500000 0.0010736875 0.0437072304
v 0.0105500000 0.0009901303 0.0437477586
v 0.0105500000 0.0009050463 0.0437849751
v 0.0105500000 0.0008185668 0.0438188225
v 0.0105500000 0.0007308252 0.0438492487
v 0.0105500000 0.0006419567 0.0438762066
v 0.0105500000 0.0005520983 0.0438996549
v 0.0105500000 0.0004613886 0.0439195572
v 0.0105500000 0.0003699675 0.0439358829
v 0.0105500000 0.0002779759 0.0439486069
v 0.0105500000 0.0001855558 0.0439577095
v 0.0105500000 0.0000928495 0.0439631767
v 0.0105500000 0.0000000000 0.0439650000
v 0.0105500000 -0.0000928495 0.0439631767
v 0.0105500000 -0.0001855558 0.0439577095
v 0.0105500000 -0.0002779759 0.0439486069
v 0.0105500000 -0.0003699675 0.0439358829
v 0.0105500000 -0.0004613886 0.0439195572
v 0.0105500000 -0.0005520983 0.0438996549
v 0.0105500000 -0.0006419567 0.0438762066
v 0.0105500000 -0.0007308252 0.0438492487
v 0.0105500000 -0.0008185668 0.0438188225
v 0.0105500000 -0.0009050463 0.0437849751
v 0.0105500000 -0.0009901303 0.0437477586
v 0.0105500000 -0.0010736875 0.0437072304
v 0.0105500000 -0.0011555892 0.0436634531
v 0.0105500000 -0.0012357091 0.0436164940
v 0.0105500000 -0.0013139236 0.0435664256
v 0.0105500000 -0.0013901121 0.0435133252
v 0.0105500000 -0.0014641572 0.0434572745
v 0.0105500000 -0.0015359446 0.0433983601
v 0.0105500000 -0.0016053638 0.0433366727
v 0.0105500000 -0.0016723075 0.0432723075
v 0.0105500000 -0.0017366727 0.0432053638
v 0.0105500000 -0.0017983601 0.0431359446
v 0.0105500000 -0.0018572745 0.0430641572
v 0.0105500000 -0.0019133252 0.0429901121
v 0.0105500000 -0.0019664256 0.0429139236
v 0.0105500000 -0.0020164940 0.0428357091
v 0.0105500000 -0.0020634531 0.0427555892
v 0.0105500000 -0.0021072304 0.0426736875
v 0.0105500000 -0.0021477586 0.0425901303
v 0.0105500000 -0.0021849751 0.0425050463
v 0.0105500000 -0.0022188225 0.0424185668
v 0.0105500000 -0.0022492487 0.0423308252
v 0.0105500000 -0.0022762066 0.0422419567
v 0.0105500000 -0.0022996549 0.0421520983
v 0.0105500000 -0.0023195572 0.0420613886
v 0.0105500000 -0.0023358829 0.0419699675
v 0.0105500000 -0.0023486069 0.0418779759
v 0.0105500000 -0.0023577095 0.0417855558
v 0.0105500000 -0.0023631767 0.0416928495
v 0.0105500000 -0.0023650000 0.0416000000
v 0.0105500000 -0.0023631767 0.0415071505
v 0.0105500000 -0.0023577095 0.0414144442
v 0.0105500000 -0.0023486069 0.0413220241
v 0.0105500000 -0.0023358829 0.0412300325
v 0.0105500000 -0.0023195572 0.0411386114
v 0.0105500000 -0.0022996549 0.0410479017
v 0.0105500000 -0.0022762066 0.0409580433
v 0.0105500000 -0.0022492487 0.0408691748
v 0.0105500000 -0.0022188225 0.0407814332
v 0.0105500000 -0.0021849751 0.0406949537
v 0.0105500000 -0.0021477586 0.0406098697
v 0.0105500000 -0.0021072304 0.0405263125
v 0.0105500000 -0.0020634531 0.0404444108
v 0.0105500000 -0.0020164940 0.0403642909
v 0.0105500000 -0.0019664256 0.0402860764
v 0.0105500000 -0.0019133252 0.0402098879
v 0.0105500000 -0.0018572745 0.0401358428
v 0.0105500000 -0.0017983601 0.0400640554
v 0.0105500000 -0.0017366727 0.0399946362
v 0.0105500000 -0.0016723075 0.0399276925
v 0.0105500000 -0.0016053638 0.0398633273
v 0.0105500000 -0.0015359446 0.0398016399
v 0.0105500000 -0.0014641572 0.0397427255
v 0.0105500000 -0.0013901121 0.0396866748
v 0.0105500000 -0.0013139236 0.0396335744
v 0.0105500000 -0.0012357091 0.0395835060
v 0.0105500000 -0.0011555892 0.0395365469
v 0.0105500000 -0.0010736875 0.0394927696
v 0.0105500000 -0.0009901303 0.0394522414
v 0.0105500000 -0.0009050463 0.0394150249
v 0.0105500000 -0.0008185668 0.0393811775
v 0.0105500000 -0.0007308252 0.0393507513
v 0.0105500000 -0.0006419567 0.0393237934
v 0.0105500000 -0.0005520983 0.0393003451
v 0.0105500000 -0.0004613886 0.0392804428
v 0.0105500000 -0.0003699675 0.0392641171
v 0.0105500000 -0.0002779759 0.0392513931
v 0.0105500000 -0.0001855558 0.0392422905
v 0.0105500000 -0.0000928495 0.0392368233
v 0.0105500000 -0.0000000000 0.0392350000
v 0.0105500000 0.0000928495 0.0392368233
v 0.0105500000 0.0001855558 0.0392422905
v 0.0105500000 0.0002779759 0.0392513931
v 0.0105500000 0.0003699675 0.0392641171
v 0.0105500000 0.0004613886 0.0392804428
v 0.0105500000 0.0005520983 0.0393003451
v 0.0105500000 0.0006419567 0.0393237934
v 0.0105500000 0.0007308252 0.0393507513
v 0.0105500000 0.0008185668 0.0393811775
v 0.0105500000 0.0009050463 0.0394150249
v 0.0105500000 0.0009901303 0.0394522414
v 0.0105500000 0.0010736875 0.0394927696
v 0.0105500000 0.0011555892 0.0395365469
v 0.0105500000 0.0012357091 0.0395835060
v 0.0105500000 0.0013139236 0.0396335744
v 0.0105500000 0.0013901121 0.0396866748
v 0.0105500000 0.0014641572 0.0397427255
v 0.0105500000 0.0015359446 0.0398016399
v 0.0105500000 0.0016053638 0.0398633273
v 0.0105500000 0.0016723075 0.0399276925
v 0.0105500000 0.0017366727 0.0399946362
v 0.0105500000 0.0017983601 0.0400640554
v 0.0105500000 0.0018572745 0.0401358428
v 0.0105500000 0.0019133252 0.0402098879
v 0.0105500000 0.0019664256 0.0402860764
v 0.0105500000 0.0020164940 0.0403642909
v 0.0105500000 0.0020634531 0.0404444108
v 0.0105500000 0.0021072304 0.0405263125
v 0.0105500000 0.0021477586 0.0406098697
v 0.0105500000 0.0021849751 0.0406949537
v 0.0105500000 0.0022188225 0.0407814332
v 0.0105500000 0.0022492487 0.0408691748
v 0.0105500000 0.0022762066 0.0409580433
v 0.0105500000 0.0022996549 0.0410479017
v 0.0105500000 0.0023195572 0.0411386114
v 0.0105500000 0.0023358829 0.0412300325
v 0.0105500000 0.0023486069 0.0413220241
v 0.0105500000 0.0023577095 0.0414144442
v 0.0105500000 0.0023631767 0.0415071505
v 0.0105500000 0.0043000000 0.0416000000
v 0.0105500000 0.0042966849 0.0417688172
v 0.0105500000 0.0042867445 0.0419373741
v 0.0105500000 0.0042701944 0.0421054108
v 0.0105500000 0.0042470599 0.0422726682
v 0.0105500000 0.0042173767 0.0424388884
v 0.0105500000 0.0041811907 0.0426038151
v 0.0105500000 0.0041385575 0.0427671939
v 0.0105500000 0.0040895430 0.0429287731
v 0.0105500000 0.0040342227 0.0430883033
v 0.0105500000 0.0039726820 0.0432455388
v 0.0105500000 0.0039050156 0.0434002369
v 0.0105500000 0.0038313281 0.0435521591
v 0.0105500000 0.0037517328 0.0437010713
v 0.0105500000 0.0036663527 0.0438467438
v 0.0105500000 0.0035753193 0.0439889520
v 0.0105500000 0.0034787731 0.0441274766
v 0.0105500000 0.0033768628 0.0442621040
v 0.0105500000 0.0032697457 0.0443926266
v 0.0105500000 0.0031575868 0.0445188432
v 0.0105500000 0.0030405592 0.0446405592
v 0.0105500000 0.0029188432 0.0447575868
v 0.0105500000 0.0027926266 0.0448697457
v 0.0105500000 0.0026621040 0.0449768628
v 0.0105500000 0.0025274766 0.0450787731
v 0.0105500000 0.0023889520 0.0451753193
v 0.0105500000 0.0022467438 0.0452663527
v 0.0105500000 0.0021010713 0.0453517328
v 0.0105500000 0.0019521591 0.0454313281
v 0.0105500000 0.0018002369 0.0455050156
v 0.0105500000 0.0016455388 0.0455726820
v 0.0105500000 0.0014883033 0.0456342227
v 0.0105500000 0.0013287731 0.0456895430
v 0.0105500000 0.0011671939 0.0457385575
v 0.0105500000 0.0010038151 0.0457811907
v 0.0105500000 0.0008388884 0.0458173767
v 0.0105500000 0.0006726682 0.0458470599
v 0.0105500000 0.0005054108 0.0458701944
v 0.0105500000 0.0003373741 0.0458867445
v 0.0105500000 0.0001688172 0.0458966849
v 0.0105500000 0.0000000000 0.0459000000
v 0.0105500000 -0.0001688172 0.0458966849
v 0.0105500000 -0.0003373741 0.0458867445
v 0.0105500000 -0.0005054108 0.0458701944
v 0.0105500000 -0.0006726682 0.0458470599
v 0.0105500000 -0.0008388884 0.0458173767
v 0.0105500000 -0.0010038151 0.0457811907
v 0.0105500000 -0.0011671939 0.0457385575
v 0.0105500000 -0.0013287731 0.0456895430
v 0.0105500000 -0.0014883033 0.0456342227
v 0.0105500000 -0.0016455388 0.0455726820
v 0.0105500000 -0.0018002369 0.0455050156
v 0.0105500000 -0.0019521591 0.0454313281
v 0.0105500000 -0.0021010713 0.0453517328
v 0.0105500000 -0.0022467438 0.0452663527
v 0.0105500000 -0.0023889520 0.0451753193
v 0.0105500000 -0.0025274766 0.0450787731
v 0.0105500000 -0.0026621040 0.0449768628
v 0.0105500000 -0.0027926266 0.0448697457
v 0.0105500000 -0.0029188432 0.0447575868
v 0.0105500000 -0.0030405592 0.0446405592
v 0.0105500000 -0.0031575868 0.0445188432
v 0.0105500000 -0.0032697457 0.0443926266
v 0.0105500000 -0.0033768628 0.0442621040
v 0.0105500000 -0.0034787731 0.0441274766
v 0.0105500000 -0.0035753193 0.0439889520
v 0.0105500000 -0.0036663527 0.0438467438
v 0.0105500000 -0.0037517328 0.0437010713
v 0.0105500000 -0.0038313281 0.0435521591
v 0.0105500000 -0.0039050156 0.0434002369
v 0.0105500000 -0.0039726820 0.0432455388
v 0.0105500000 -0.0040342227 0.0430883033
v 0.0105500000 -0.0040895430 0.0429287731
v 0.0105500000 -0.0041385575 0.0427671939
v 0.0105500000 -0.0041811907 0.0426038151
v 0.0105500000 -0.0042173767 0.0424388884
v 0.0105500000 -0.0042470599 0.0422726682
v 0.0105500000 -0.0042701944 0.0421054108
v 0.0105500000 -0.0042867445 0.0419373741
v 0.0105500000 -0.0042966849 0.0417688172
v 0.0105500000 -0.0043000000 0.0416000000
v 0.0105500000 -0.0042966849 0.0414311828
v 0.0105500000 -0.0042867445 0.0412626259
v 0.0105500000 -0.0042701944 0.0410945892
v 0.0105500000 -0.0042470599 0.0409273318
v 0.0105500000 -0.0042173767 0.0407611116
v 0.0105500000 -0.0041811907 0.0405961849
v 0.0105500000 -0.0041385575 0.0404328061
v 0.0105500000 -0.0040895430 0.0402712269
v 0.0105500000 -0.0040342227 0.0401116967
v 0.0105500000 -0.0039726820 0.0399544612
v 0.0105500000 -0.0039050156 0.0397997631
v 0.0105500000 -0.0038313281 0.0396478409
v 0.0105500000 -0.0037517328 0.0394989287
v 0.0105500000 -0.0036663527 0.0393532562
v 0.0105500000 -0.0035753193 0.0392110480
v 0.0105500000 -0.0034787731 0.0390725234
v 0.0105500000 -0.0033768628 0.0389378960
v 0.0105500000 -0.0032697457 0.0388073734
v 0.0105500000 -0.0031575868 0.0386811568
v 0.0105500000 -0.0030405592 0.0385594408
v 0.0105500000 -0.0029188432 0.0384424132
v 0.0105500000 -0.0027926266 0.0383302543
v 0.0105500000 -0.0026621040 0.0382231372
v 0.0105500000 -0.0025274766 0.0381212269
v 0.0105500000 -0.0023889520 0.0380246807
v 0.0105500000 -0.0022467438 0.0379336473
v 0.0105500000 -0.0021010713 0.0378482672
v 0.0105500000 -0.0019521591 0.0377686719
v 0.0105500000 -0.0018002369 0.0376949844
v 0.0105500000 -0.0016455388 0.0376273180
v 0.0105500000 -0.0014883033 0.0375657773
v 0.0105500000 -0.0013287731 0.0375104570
v 0.0105500000 -0.0011671939 0.0374614425
v 0.0105500000 -0.0010038151 0.0374188093
v 0.0105500000 -0.0008388884 0.0373826233
v 0.0105500000 -0.0006726682 0.0373529401
v 0.0105500000 -0.0005054108 0.0373298056
v 0.0105500000 -0.0003373741 0.0373132555
v 0.0105500000 -0.0001688172 0.0373033151
v 0.0105500000 -0.0000000000 0.0373000000
v 0.0105500000 0.0001688172 0.0373033151
v 0.0105500000 0.0003373741 0.0373132555
v 0.0105500000 0.0005054108 0.0373298056
v 0.0105500000 0.0006726682 0.0373529401
v 0.0105500000 0.0008388884 0.0373826233
v 0.0105500000 0.0010038151 0.0374188093
v 0.0105500000 0.0011671939 0.0374614425
v 0.0105500000 0.0013287731 0.0375104570
v 0.0105500000 0.0014883033 0.0375657773
v 0.0105500000 0.0016455388 0.0376273180
v 0.0105500000 0.0018002369 0.0376949844
v 0.0105500000 0.0019521591 0.0377686719
v 0.0105500000 0.0021010713 0.0378482672
v 0.0105500000 0.0022467438 0.0379336473
v 0.0105500000 0.0023889520 0.0380246807
v 0.0105500000 0.0025274766 0.0381212269
v 0.0105500000 0.0026621040 0.0382231372
v 0.0105500000 0.0027926266 0.0383302543
v 0.0105500000 0.0029188432 0.0384424132
v 0.0105500000 0.0030405592 0.0385594408
v 0.0105500000 0.0031575868 0.0386811568
v 0.0105500000 0.0032697457 0.0388073734
v 0.0105500000 0.0033768628 0.0389378960
v 0.0105500000 0.0034787731 0.0390725234
v 0.0105500000 0.0035753193 0.0392110480
v 0.0105500000 0.0036663527 0.0393532562
v 0.0105500000 0.0037517328 0.0394989287
v 0.0105500000 0.0038313281 0.0396478409
v 0.0105500000 0.0039050156 0.0397997631
v 0.0105500000 0.0039726820 0.0399544612
v 0.0105500000 0.0040342227 0.0401116967
v 0.0105500000 0.0040895430 0.0402712269
v 0.0105500000 0.0041385575 0.0404328061
v 0.0105500000 0.0041811907 0.0405961849
v 0.0105500000 0.0042173767 0.0407611116
v 0.0105500000 0.0042470599 0.0409273318
v 0.0105500000 0.0042701944 0.0410945892
v 0.0105500000 0.0042867445 0.0412626259
v 0.0105500000 0.0042966849 0.0414311828
v 0.0108200000 0.0064500000 0.0416000000
v 0.0108200000 0.0064450273 0.0418532258
v 0.0108200000 0.0064301168 0.0421060612
v 0.0108200000 0.0064052915 0.0423581162
v 0.0108200000 0.0063705898 0.0426090023
v 0.0108200000 0.0063260651 0.0428583326
v 0.0108200000 0.0062717860 0.0431057226
v 0.0108200000 0.0062078363 0.0433507909
v 0.0108200000 0.0061343145 0.0435931596
v 0.0108200000 0.0060513341 0.0438324550
v 0.0108200000 0.0059590230 0.0440683081
v 0.0108200000 0.0058575235 0.0443003553
v 0.0108200000 0.0057469921 0.0445282387
v 0.0108200000 0.0056275992 0.0447516070
v 0.0108200000 0.0054995291 0.0449701157
v 0.0108200000 0.0053629790 0.0451834280
v 0.0108200000 0.0052181596 0.0453912149
v 0.0108200000 0.0050652942 0.0455931560
v 0.0108200000 0.0049046185 0.0457889399
v 0.0108200000 0.0047363802 0.0459782648
v 0.0108200000 0.0045608387 0.0461608387
v 0.0108200000 0.0043782648 0.0463363802
v 0.0108200000 0.0041889399 0.0465046185
v 0.0108200000 0.0039931560 0.0466652942
v 0.0108200000 0.0037912149 0.0468181596
v 0.0108200000 0.0035834280 0.0469629790
v 0.0108200000 0.0033701157 0.0470995291
v 0.0108200000 0.0031516070 0.0472275992
v 0.0108200000 0.0029282387 0.0473469921
v 0.0108200000 0.0027003553 0.0474575235
v 0.0108200000 0.0024683081 0.0475590230
v 0.0108200000 0.0022324550 0.0476513341
v 0.0108200000 0.0019931596 0.0477343145
v 0.0108200000 0.0017507909 0.0478078363
v 0.0108200000 0.0015057226 0.0478717860
v 0.0108200000 0.0012583326 0.0479260651
v 0.0108200000 0.0010090023 0.0479705898
v 0.0108200000 0.0007581162 0.0480052915
v 0.0108200000 0.0005060612 0.0480301168
v 0.0108200000 0.0002532258 0.0480450273
v 0.0108200000 0.0000000000 0.0480500000
v 0.0108200000 -0.0002532258 0.0480450273
v 0.0108200000 -0.0005060612 0.0480301168
v 0.0108200000 -0.0007581162 0.0480052915
v 0.0108200000 -0.0010090023 0.0479705898
v 0.0108200000 -0.0012583326 0.0479260651
v 0.0108200000 -0.0015057226 0.0478717860
v 0.0108200000 -0.0017507909 0.0478078363
v 0.0108200000 -0.0019931596 0.0477343145
v 0.0108200000 -0.0022324550 0.0476513341
v 0.0108200000 -0.0024683081 0.0475590230
v 0.0108200000 -0.0027003553 0.0474575235
v 0.0108200000 -0.0029282387 0.0473469921
v 0.0108200000 -0.0031516070 0.0472275992
v 0.0108200000 -0.0033701157 0.0470995291
v 0.0108200000 -0.0035834280 0.0469629790
v 0.0108200000 -0.0037912149 0.0468181596
v 0.0108200000 -0.0039931560 0.0466652942
v 0.0108200000 -0.0041889399 0.0465046185
v 0.0108200000 -0.0043782648 0.0463363802
v 0.0108200000 -0.0045608387 0.0461608387
v 0.0108200000 -0.0047363802 0.0459782648
v 0.0108200000 -0.0049046185 0.0457889399
v 0.0108200000 -0.0050652942 0.0455931560
v 0.0108200000 -0.0052181596 0.0453912149
v 0.0108200000 -0.0053629790 0.0451834280
v 0.0108200000 -0.0054995291 0.0449701157
v 0.0108200000 -0.0056275992 0.0447516070
v 0.0108200000 -0.0057469921 0.0445282387
v 0.0108200000 -0.0058575235 0.0443003553
v 0.0108200000 -0.0059590230 0.0440683081
v 0.0108200000 -0.0060513341 0.0438324550
v 0.0108200000 -0.0061343145 0.0435931596
v 0.0108200000 -0.0062078363 0.0433507909
v 0.0108200000 -0.0062717860 0.0431057226
v 0.0108200000 -0.0063260651 0.0428583326
v 0.0108200000 -0.0063705898 0.0426090023
v 0.0108200000 -0.0064052915 0.0423581162
v 0.0108200000 -0.0064301168 0.0421060612
v 0.0108200000 -0.0064450273 0.0418532258
v 0.0108200000 -0.0064500000 0.0416000000
v 0.0108200000 -0.0064450273 0.0413467742
v 0.0108200000 -0.0064301168 0.0410939388
v 0.0108200000 -0.0064052915 0.0408418838
v 0.0108200000 -0.0063705898 0.0405909977
v 0.0108200000 -0.0063260651 0.0403416674
v 0.0108200000 -0.0062717860 0.0400942774
v 0.0108200000 -0.0062078363 0.0398492091
v 0.0108200000 -0.0061343145 0.0396068404
v 0.0108200000 -0.0060513341 0.0393675450
v 0.0108200000 -0.0059590230 0.0391316919
v 0.0108200000 -0.0058575235 0.0388996447
v 0.0108200000 -0.0057469921 0.0386717613
v 0.0108200000 -0.0056275992 0.0384483930
v 0.0108200000 -0.0054995291 0.0382298843
v 0.0108200000 -0.0053629790 0.0380165720
v 0.0108200000 -0.0052181596 0.0378087851
v 0.0108200000 -0.0050652942 0.0376068440
v 0.0108200000 -0.0049046185 0.0374110601
v 0.0108200000 -0.0047363802 0.0372217352
v 0.0108200000 -0.0045608387 0.0370391613
v 0.0108200000 -0.0043782648 0.0368636198
v 0.0108200000 -0.0041889399 0.0366953815
v 0.0108200000 -0.0039931560 0.0365347058
v 0.0108200000 -0.0037912149 0.0363818404
v 0.0108200000 -0.0035834280 0.0362370210
v 0.0108200000 -0.0033701157 0.0361004709
v 0.0108200000 -0.0031516070 0.0359724008
v 0.0108200000 -0.0029282387 0.0358530079
v 0.0108200000 -0.0027003553 0.0357424765
v 0.0108200000 -0.0024683081 0.0356409770
v 0.0108200000 -0.0022324550 0.0355486659
v 0.0108200000 -0.0019931596 0.0354656855
v 0.0108200000 -0.0017507909 0.0353921637
v 0.0108200000 -0.0015057226 0.0353282140
v 0.0108200000 -0.0012583326 0.0352739349
v 0.0108200000 -0.0010090023 0.0352294102
v 0.0108200000 -0.0007581162 0.0351947085
v 0.0108200000 -0.0005060612 0.0351698832
v 0.0108200000 -0.0002532258 0.0351549727
v 0.0108200000 -0.0000000000 0.0351500000
v 0.0108200000 0.0002532258 0.0351549727
v 0.0108200000 0.0005060612 0.0351698832
v 0.0108200000 0.0007581162 0.0351947085
v 0.0108200000 0.0010090023 0.0352294102
v 0.0108200000 0.0012583326 0.0352739349
v 0.0108200000 0.0015057226 0.0353282140
v 0.0108200000 0.0017507909 0.0353921637
v 0.0108200000 0.0019931596 0.0354656855
v 0.0108200000 0.0022324550 0.0355486659
v 0.0108200000 0.0024683081 0.0356409770
v 0.0108200000 0.0027003553 0.0357424765
v 0.0108200000 0.0029282387 0.0358530079
v 0.0108200000 0.0031516070 0.0359724008
v 0.0108200000 0.0033701157 0.0361004709
v 0.0108200000 0.0035834280 0.0362370210
v 0.0108200000 0.0037912149 0.0363818404
v 0.0108200000 0.0039931560 0.0365347058
v 0.0108200000 0.0041889399 0.0366953815
v 0.0108200000 0.0043782648 0.0368636198
v 0.0108200000 0.0045608387 0.0370391613
v 0.0108200000 0.0047363802 0.0372217352
v 0.0108200000 0.0049046185 0.0374110601
v 0.0108200000 0.0050652942 0.0376068440
v 0.0108200000 0.0052181596 0.0378087851
v 0.0108200000 0.0053629790 0.0380165720
v 0.0108200000 0.0054995291 0.0382298843
v 0.0108200000 0.0056275992 0.0384483930
v 0.0108200000 0.0057469921 0.0386717613
v 0.0108200000 0.0058575235 0.0388996447
v 0.0108200000 0.0059590230 0.0391316919
v 0.0108200000 0.0060513341 0.0393675450
v 0.0108200000 0.0061343145 0.0396068404
v 0.0108200000 0.0062078363 0.0398492091
v 0.0108200000 0.0062717860 0.0400942774
v 0.0108200000 0.0063260651 0.0403416674
v 0.0108200000 0.0063705898 0.0405909977
v 0.0108200000 0.0064052915 0.0408418838
v 0.0108200000 0.0064301168 0.0410939388
v 0.0108200000 0.0064450273 0.0413467742
v 0.0112700000 0.0083850000 0.0416000000
v 0.0112700000 0.0083785355 0.0419291936
v 0.0112700000 0.0083591518 0.0422578795
v 0.0112700000 0.0083268790 0.0425855511
v 0.0112700000 0.0082817667 0.0429117030
v 0.0112700000 0.0082238846 0.0432358324
v 0.0112700000 0.0081533218 0.0435574394
v 0.0112700000 0.0080701872 0.0438760282
v 0.0112700000 0.0079746089 0.0441911075
v 0.0112700000 0.0078667344 0.0445021915
v 0.0112700000 0.0077467299 0.0448088006
v 0.0112700000 0.0076147805 0.0451104619
v 0.0112700000 0.0074710897 0.0454067103
v 0.0112700000 0.0073158790 0.0456970891
v 0.0112700000 0.0071493878 0.0459811505
v 0.0112700000 0.0069718727 0.0462584564
v 0.0112700000 0.0067836075 0.0465285793
v 0.0112700000 0.0065848825 0.0467911028
v 0.0112700000 0.0063760040 0.0470456219
v 0.0112700000 0.0061572942 0.0472917443
v 0.0112700000 0.0059290904 0.0475290904
v 0.0112700000 0.0056917443 0.0477572942
v 0.0112700000 0.0054456219 0.0479760040
v 0.0112700000 0.0051911028 0.0481848825
v 0.0112700000 0.0049285793 0.0483836075
v 0.0112700000 0.0046584564 0.0485718727
v 0.0112700000 0.0043811505 0.0487493878
v 0.0112700000 0.0040970891 0.0489158790
v 0.0112700000 0.0038067103 0.0490710897
v 0.0112700000 0.0035104619 0.0492147805
v 0.0112700000 0.0032088006 0.0493467299
v 0.0112700000 0.0029021915 0.0494667344
v 0.0112700000 0.0025911075 0.0495746089
v 0.0112700000 0.0022760282 0.0496701872
v 0.0112700000 0.0019574394 0.0497533218
v 0.0112700000 0.0016358324 0.0498238846
v 0.0112700000 0.0013117030 0.0498817667
v 0.0112700000 0.0009855511 0.0499268790
v 0.0112700000 0.0006578795 0.0499591518
v 0.0112700000 0.0003291936 0.0499785355
v 0.0112700000 0.0000000000 0.0499850000
v 0.0112700000 -0.0003291936 0.0499785355
v 0.0112700000 -0.0006578795 0.0499591518
v 0.0112700000 -0.0009855511 0.0499268790
v 0.0112700000 -0.0013117030 0.0498817667
v 0.0112700000 -0.0016358324 0.0498238846
v 0.0112700000 -0.0019574394 0.0497533218
v 0.0112700000 -0.0022760282 0.0496701872
v 0.0112700000 -0.0025911075 0.0495746089
v 0.0112700000 -0.0029021915 0.0494667344
v 0.0112700000 -0.0032088006 0.0493467299
v 0.0112700000 -0.0035104619 0.0492147805
v 0.0112700000 -0.0038067103 0.0490710897
v 0.0112700000 -0.0040970891 0.0489158790
v 0.0112700000 -0.0043811505 0.0487493878
v 0.0112700000 -0.0046584564 0.0485718727
v 0.0112700000 -0.0049285793 0.0483836075
v 0.0112700000 -0.0051911028 0.0481848825
v 0.0112700000 -0.0054456219 0.0479760040
v 0.0112700000 -0.0056917443 0.0477572942
v 0.0112700000 -0.0059290904 0.0475290904
v 0.0112700000 -0.0061572942 0.0472917443
v 0.0112700000 -0.0063760040 0.0470456219
v 0.0112700000 -0.0065848825 0.0467911028
v 0.0112700000 -0.0067836075 0.0465285793
v 0.0112700000 -0.0069718727 0.0462584564
v 0.0112700000 -0.0071493878 0.0459811505
v 0.0112700000 -0.0073158790 0.0456970891
v 0.0112700000 -0.0074710897 0.0454067103
v 0.0112700000 -0.0076147805 0.0451104619
v 0.0112700000 -0.0077467299 0.0448088006
v 0.0112700000 -0.0078667344 0.0445021915
v 0.0112700000 -0.0079746089 0.0441911075
v 0.0112700000 -0.0080701872 0.0438760282
v 0.0112700000 -0.0081533218 0.0435574394
v 0.0112700000 -0.0082238846 0.0432358324
v 0.0112700000 -0.0082817667 0.0429117030
v 0.0112700000 -0.0083268790 0.0425855511
v 0.0112700000 -0.0083591518 0.0422578795
v 0.0112700000 -0.0083785355 0.0419291936
v 0.0112700000 -0.0083850000 0.0416000000
v 0.0112700000 -0.0083785355 0.0412708064
v 0.0112700000 -0.0083591518 0.0409421205
v 0.0112700000 -0.0083268790 0.0406144489
v 0.0112700000 -0.0082817667 0.0402882970
v 0.0112700000 -0.0082238846 0.0399641676
v 0.0112700000 -0.0081533218 0.0396425606
v 0.0112700000 -0.0080701872 0.0393239718
v 0.0112700000 -0.0079746089 0.0390088925
v 0.0112700000 -0.0078667344 0.0386978085
v 0.0112700000 -0.0077467299 0.0383911994
v 0.0112700000 -0.0076147805 0.0380895381
v 0.0112700000 -0.0074710897 0.0377932897
v 0.0112700000 -0.0073158790 0.0375029109
v 0.0112700000 -0.0071493878 0.0372188495
v 0.0112700000 -0.0069718727 0.0369415436
v 0.0112700000 -0.0067836075 0.0366714207
v 0.0112700000 -0.0065848825 0.0364088972
v 0.0112700000 -0.0063760040 0.0361543781
v 0.0112700000 -0.0061572942 0.0359082557
v 0.0112700000 -0.0059290904 0.0356709096
v 0.0112700000 -0.0056917443 0.0354427058
v 0.0112700000 -0.0054456219 0.0352239960
v 0.0112700000 -0.0051911028 0.0350151175
v 0.0112700000 -0.0049285793 0.0348163925
v 0.0112700000 -0.0046584564 0.0346281273
v 0.0112700000 -0.0043811505 0.0344506122
v 0.0112700000 -0.0040970891 0.0342841210
v 0.0112700000 -0.0038067103 0.0341289103
v 0.0112700000 -0.0035104619 0.0339852195
v 0.0112700000 -0.0032088006 0.0338532701
v 0.0112700000 -0.0029021915 0.0337332656
v 0.0112700000 -0.0025911075 0.0336253911
v 0.0112700000 -0.0022760282 0.0335298128
v 0.0112700000 -0.0019574394 0.0334466782
v 0.0112700000 -0.0016358324 0.0333761154
v 0.0112700000 -0.0013117030 0.0333182333
v 0.0112700000 -0.0009855511 0.0332731210
v 0.0112700000 -0.0006578795 0.0332408482
v 0.0112700000 -0.0003291936 0.0332214645
v 0.0112700000 -0.0000000000 0.0332150000
v 0.0112700000 0.0003291936 0.0332214645
v 0.0112700000 0.0006578795 0.0332408482
v 0.0112700000 0.0009855511 0.0332731210
v 0.0112700000 0.0013117030 0.0333182333
v 0.0112700000 0.0016358324 0.0333761154
v 0.0112700000 0.0019574394 0.0334466782
v 0.0112700000 0.0022760282 0.0335298128
v 0.0112700000 0.0025911075 0.0336253911
v 0.0112700000 0.0029021915 0.0337332656
v 0.0112700000 0.0032088006 0.0338532701
v 0.0112700000 0.0035104619 0.0339852195
v 0.0112700000 0.0038067103 0.0341289103
v 0.0112700000 0.0040970891 0.0342841210
v 0.0112700000 0.0043811505 0.0344506122
v 0.0112700000 0.0046584564 0.0346281273
v 0.0112700000 0.0049285793 0.0348163925
v 0.0112700000 0.0051911028 0.0350151175
v 0.0112700000 0.0054456219 0.0352239960
v 0.0112700000 0.0056917443 0.0354427058
v 0.0112700000 0.0059290904 0.0356709096
v 0.0112700000 0.0061572942 0.0359082557
v 0.0112700000 0.0063760040 0.0361543781
v 0.0112700000 0.0065848825 0.0364088972
v 0.0112700000 0.0067836075 0.0366714207
v 0.0112700000 0.0069718727 0.0369415436
v 0.0112700000 0.0071493878 0.0372188495
v 0.0112700000 0.0073158790 0.0375029109
v 0.0112700000 0.0074710897 0.0377932897
v 0.0112700000 0.0076147805 0.0380895381
v 0.0112700000 0.0077467299 0.0383911994
v 0.0112700000 0.0078667344 0.0386978085
v 0.0112700000 0.0079746089 0.0390088925
v 0.0112700000 0.0080701872 0.0393239718
v 0.0112700000 0.0081533218 0.0396425606
v 0.0112700000 0.0082238846 0.0399641676
v 0.0112700000 0.0082817667 0.0402882970
v 0.0112700000 0.0083268790 0.0406144489
v 0.0112700000 0.0083591518 0.0409421205
v 0.0112700000 0.0083785355 0.0412708064
v 0.0114100000 0.0094600000 0.0416000000
v 0.0114100000 0.0094527067 0.0419713979
v 0.0114100000 0.0094308380 0.0423422230
v 0.0114100000 0.0093944276 0.0427119038
v 0.0114100000 0.0093435317 0.0430798700
v 0.0114100000 0.0092782288 0.0434455544
v 0.0114100000 0.0091986194 0.0438083931
v 0.0114100000 0.0091048265 0.0441678267
v 0.0114100000 0.0089969946 0.0445233008
v 0.0114100000 0.0088752900 0.0448742674
v 0.0114100000 0.0087399004 0.0452201853
v 0.0114100000 0.0085910344 0.0455605211
v 0.0114100000 0.0084289217 0.0458947501
v 0.0114100000 0.0082538122 0.0462223569
v 0.0114100000 0.0080659760 0.0465428364
v 0.0114100000 0.0078657025 0.0468556944
v 0.0114100000 0.0076533008 0.0471604485
v 0.0114100000 0.0074290982 0.0474566288
v 0.0114100000 0.0071934404 0.0477437785
v 0.0114100000 0.0069466909 0.0480214551
v 0.0114100000 0.0066892302 0.0482892302
v 0.0114100000 0.0064214551 0.0485466909
v 0.0114100000 0.0061437785 0.0487934404
v 0.0114100000 0.0058566288 0.0490290982
v 0.0114100000 0.0055604485 0.0492533008
v 0.0114100000 0.0052556944 0.0494657025
v 0.0114100000 0.0049428364 0.0496659760
v 0.0114100000 0.0046223569 0.0498538122
v 0.0114100000 0.0042947501 0.0500289217
v 0.0114100000 0.0039605211 0.0501910344
v 0.0114100000 0.0036201853 0.0503399004
v 0.0114100000 0.0032742674 0.0504752900
v 0.0114100000 0.0029233008 0.0505969946
v 0.0114100000 0.0025678267 0.0507048265
v 0.0114100000 0.0022083931 0.0507986194
v 0.0114100000 0.0018455544 0.0508782288
v 0.0114100000 0.0014798700 0.0509435317
v 0.0114100000 0.0011119038 0.0509944276
v 0.0114100000 0.0007422230 0.0510308380
v 0.0114100000 0.0003713979 0.0510527067
v 0.0114100000 0.0000000000 0.0510600000
v 0.0114100000 -0.0003713979 0.0510527067
v 0.0114100000 -0.0007422230 0.0510308380
v 0.0114100000 -0.0011119038 0.0509944276
v 0.0114100000 -0.0014798700 0.0509435317
v 0.0114100000 -0.0018455544 0.0508782288
v 0.0114100000 -0.0022083931 0.0507986194
v 0.0114100000 -0.0025678267 0.0507048265
v 0.0114100000 -0.0029233008 0.0505969946
v 0.0114100000 -0.0032742674 0.0504752900
v 0.0114100000 -0.0036201853 0.0503399004
v 0.0114100000 -0.0039605211 0.0501910344
v 0.0114100000 -0.0042947501 0.0500289217
v 0.0114100000 -0.0046223569 0.0498538122
v 0.0114100000 -0.0049428364 0.0496659760
v 0.0114100000 -0.0052556944 0.0494657025
v 0.0114100000 -0.0055604485 0.0492533008
v 0.0114100000 -0.0058566288 0.0490290982
v 0.0114100000 -0.0061437785 0.0487934404
v 0.0114100000 -0.0064214551 0.0485466909
v 0.0114100000 -0.0066892302 0.0482892302
v 0.0114100000 -0.0069466909 0.0480214551
v 0.0114100000 -0.0071934404 0.0477437785
v 0.0114100000 -0.0074290982 0.0474566288
v 0.0114100000 -0.0076533008 0.0471604485
v 0.0114100000 -0.0078657025 0.0468556944
v 0.0114100000 -0.0080659760 0.0465428364
v 0.0114100000 -0.0082538122 0.0462223569
v 0.0114100000 -0.0084289217 0.0458947501
v 0.0114100000 -0.0085910344 0.0455605211
v 0.0114100000 -0.0087399004 0.0452201853
v 0.0114100000 -0.0088752900 0.0448742674
v 0.0114100000 -0.0089969946 0.0445233008
v 0.0114100000 -0.0091048265 0.0441678267
v 0.0114100000 -0.0091986194 0.0438083931
v 0.0114100000 -0.0092782288 0.0434455544
v 0.0114100000 -0.0093435317 0.0430798700
v 0.0114100000 -0.0093944276 0.0427119038
v 0.0114100000 -0.0094308380 0.0423422230
v 0.0114100000 -0.0094527067 0.0419713979
v 0.0114100000 -0.0094600000 0.0416000000
v 0.0114100000 -0.0094527067 0.0412286021
v 0.0114100000 -0.0094308380 0.0408577770
v 0.0114100000 -0.0093944276 0.0404880962
v 0.0114100000 -0.0093435317 0.0401201300
v 0.0114100000 -0.0092782288 0.0397544456
v 0.0114100000 -0.0091986194 0.0393916069
v 0.0114100000 -0.0091048265 0.0390321733
v 0.0114100000 -0.0089969946 0.0386766992
v 0.0114100000 -0.0088752900 0.0383257326
v 0.0114100000 -0.0087399004 0.0379798147
v 0.0114100000 -0.0085910344 0.0376394789
v 0.0114100000 -0.0084289217 0.0373052499
v 0.0114100000 -0.0082538122 0.0369776431
v 0.0114100000 -0.0080659760 0.0366571636
v 0.0114100000 -0.0078657025 0.0363443056
v 0.0114100000 -0.0076533008 0.0360395515
v 0.0114100000 -0.0074290982 0.0357433712
v 0.0114100000 -0.0071934404 0.0354562215
v 0.0114100000 -0.0069466909 0.0351785449
v 0.0114100000 -0.0066892302 0.0349107698
v 0.0114100000 -0.0064214551 0.0346533091
v 0.0114100000 -0.0061437785 0.0344065596
v 0.0114100000 -0.0058566288 0.0341709018
v 0.0114100000 -0.0055604485 0.0339466992
v 0.0114100000 -0.0052556944 0.0337342975
v 0.0114100000 -0.0049428364 0.0335340240
v 0.0114100000 -0.0046223569 0.0333461878
v 0.0114100000 -0.0042947501 0.0331710783
v 0.0114100000 -0.0039605211 0.0330089656
v 0.0114100000 -0.0036201853 0.0328600996
v 0.0114100000 -0.0032742674 0.0327247100
v 0.0114100000 -0.0029233008 0.0326030054
v 0.0114100000 -0.0025678267 0.0324951735
v 0.0114100000 -0.0022083931 0.0324013806
v 0.0114100000 -0.0018455544 0.0323217712
v 0.0114100000 -0.0014798700 0.0322564683
v 0.0114100000 -0.0011119038 0.0322055724
v 0.0114100000 -0.0007422230 0.0321691620
v 0.0114100000 -0.0003713979 0.0321472933
v 0.0114100000 -0.0000000000 0.0321400000
v 0.0114100000 0.0003713979 0.0321472933
v 0.0114100000 0.0007422230 0.0321691620
v 0.0114100000 0.0011119038 0.0322055724
v 0.0114100000 0.0014798700 0.0322564683
v 0.0114100000 0.0018455544 0.0323217712
v 0.0114100000 0.0022083931 0.0324013806
v 0.0114100000 0.0025678267 0.0324951735
v 0.0114100000 0.0029233008 0.0326030054
v 0.0114100000 0.0032742674 0.0327247100
v 0.0114100000 0.0036201853 0.0328600996
v 0.0114100000 0.0039605211 0.0330089656
v 0.0114100000 0.0042947501 0.0331710783
v 0.0114100000 0.0046223569 0.0333461878
v 0.0114100000 0.0049428364 0.0335340240
v 0.0114100000 0.0052556944 0.0337342975
v 0.0114100000 0.0055604485 0.0339466992
v 0.0114100000 0.0058566288 0.0341709018
v 0.0114100000 0.0061437785 0.0344065596
v 0.0114100000 0.0064214551 0.0346533091
v 0.0114100000 0.0066892302 0.0349107698
v 0.0114100000 0.0069466909 0.0351785449
v 0.0114100000 0.0071934404 0.0354562215
v 0.0114100000 0.0074290982 0.0357433712
v 0.0114100000 0.0076533008 0.0360395515
v 0.0114100000 0.0078657025 0.0363443056
v 0.0114100000 0.0080659760 0.0366571636
v 0.0114100000 0.0082538122 0.0369776431
v 0.0114100000 0.0084289217 0.0373052499
v 0.0114100000 0.0085910344 0.0376394789
v 0.0114100000 0.0087399004 0.0379798147
v 0.0114100000 0.0088752900 0.0383257326
v 0.0114100000 0.0089969946 0.0386766992
v 0.0114100000 0.0091048265 0.0390321733
v 0.0114100000 0.0091986194 0.0393916069
v 0.0114100000 0.0092782288 0.0397544456
v 0.0114100000 0.0093435317 0.0401201300
v 0.0114100000 0.0093944276 0.0404880962
v 0.0114100000 0.0094308380 0.0408577770
v 0.0114100000 0.0094527067 0.0412286021
v 0.0114100000 0.0094600000 0.0416000000
v 0.0114100000 0.0094527067 0.0419713979
v 0.0114100000 0.0094308380 0.0423422230
v 0.0114100000 0.0093944276 0.0427119038
v 0.0114100000 0.0093435317 0.0430798700
v 0.0114100000 0.0092782288 0.0434455544
v 0.0114100000 0.0091986194 0.0438083931
v 0.0114100000 0.0091048265 0.0441678267
v 0.0114100000 0.0089969946 0.0445233008
v 0.0114100000 0.0088752900 0.0448742674
v 0.0114100000 0.0087399004 0.0452201853
v 0.0114100000 0.0085910344 0.0455605211
v 0.0114100000 0.0084289217 0.0458947501
v 0.0114100000 0.0082538122 0.0462223569
v 0.0114100000 0.0080659760 0.0465428364
v 0.0114100000 0.0078657025 0.0468556944
v 0.0114100000 0.0076533008 0.0471604485
v 0.0114100000 0.0074290982 0.0474566288
v 0.0114100000 0.0071934404 0.0477437785
v 0.0114100000 0.0069466909 0.0480214551
v 0.0114100000 0.0066892302 0.0482892302
v 0.0114100000 0.0064214551 0.0485466909
v 0.0114100000 0.0061437785 0.0487934404
v 0.0114100000 0.0058566288 0.0490290982
v 0.0114100000 0.0055604485 0.0492533008
v 0.0114100000 0.0052556944 0.0494657025
v 0.0114100000 0.0049428364 0.0496659760
v 0.0114100000 0.0046223569 0.0498538122
v 0.0114100000 0.0042947501 0.0500289217
v 0.0114100000 0.0039605211 0.0501910344
v 0.0114100000 0.0036201853 0.0503399004
v 0.0114100000 0.0032742674 0.0504752900
v 0.0114100000 0.0029233008 0.0505969946
v 0.0114100000 0.0025678267 0.0507048265
v 0.0114100000 0.0022083931 0.0507986194
v 0.0114100000 0.0018455544 0.0508782288
v 0.0114100000 0.0014798700 0.0509435317
v 0.0114100000 0.0011119038 0.0509944276
v 0.0114100000 0.0007422230 0.0510308380
v 0.0114100000 0.0003713979 0.0510527067
v 0.0114100000 0.0000000000 0.0510600000
v 0.0114100000 -0.0003713979 0.0510527067
v 0.0114100000 -0.0007422230 0.0510308380
v 0.0114100000 -0.0011119038 0.0509944276
v 0.0114100000 -0.0014798700 0.0509435317
v 0.0114100000 -0.0018455544 0.0508782288
v 0.0114100000 -0.0022083931 0.0507986194
v 0.0114100000 -0.0025678267 0.0507048265
v 0.0114100000 -0.0029233008 0.0505969946
v 0.0114100000 -0.0032742674 0.0504752900
v 0.0114100000 -0.0036201853 0.0503399004
v 0.0114100000 -0.0039605211 0.0501910344
v 0.0114100000 -0.0042947501 0.0500289217
v 0.0114100000 -0.0046223569 0.0498538122
v 0.0114100000 -0.0049428364 0.0496659760
v 0.0114100000 -0.0052556944 0.0494657025
v 0.0114100000 -0.0055604485 0.0492533008
v 0.0114100000 -0.0058566288 0.0490290982
v 0.0114100000 -0.0061437785 0.0487934404
v 0.0114100000 -0.0064214551 0.0485466909
v 0.0114100000 -0.0066892302 0.0482892302
v 0.0114100000 -0.0069466909 0.0480214551
v 0.0114100000 -0.0071934404 0.0477437785
v 0.0114100000 -0.0074290982 0.0474566288
v 0.0114100000 -0.0076533008 0.0471604485
v 0.0114100000 -0.0078657025 0.0468556944
v 0.0114100000 -0.0080659760 0.0465428364
v 0.0114100000 -0.0082538122 0.0462223569
v 0.0114100000 -0.0084289217 0.0458947501
v 0.0114100000 -0.0085910344 0.0455605211
v 0.0114100000 -0.0087399004 0.0452201853
v 0.0114100000 -0.0088752900 0.0448742674
v 0.0114100000 -0.0089969946 0.0445233008
v 0.0114100000 -0.0091048265 0.0441678267
v 0.0114100000 -0.0091986194 0.0438083931
v 0.0114100000 -0.0092782288 0.0434455544
v 0.0114100000 -0.0093435317 0.0430798700
v 0.0114100000 -0.0093944276 0.0427119038
v 0.0114100000 -0.0094308380 0.0423422230
v 0.0114100000 -0.0094527067 0.0419713979
v 0.0114100000 -0.0094600000 0.0416000000
v 0.0114100000 -0.0094527067 0.0412286021
v 0.0114100000 -0.0094308380 0.0408577770
v 0.0114100000 -0.0093944276 0.0404880962
v 0.0114100000 -0.0093435317 0.0401201300
v 0.0114100000 -0.0092782288 0.0397544456
v 0.0114100000 -0.0091986194 0.0393916069
v 0.0114100000 -0.0091048265 0.0390321733
v 0.0114100000 -0.0089969946 0.0386766992
v 0.0114100000 -0.0088752900 0.0383257326
v 0.0114100000 -0.0087399004 0.0379798147
v 0.0114100000 -0.0085910344 0.0376394789
v 0.0114100000 -0.0084289217 0.0373052499
v 0.0114100000 -0.0082538122 0.0369776431
v 0.0114100000 -0.0080659760 0.0366571636
v 0.0114100000 -0.0078657025 0.0363443056
v 0.0114100000 -0.0076533008 0.0360395515
v 0.0114100000 -0.0074290982 0.0357433712
v 0.0114100000 -0.0071934404 0.0354562215
v 0.0114100000 -0.0069466909 0.0351785449
v 0.0114100000 -0.0066892302 0.0349107698
v 0.0114100000 -0.0064214551 0.0346533091
v 0.0114100000 -0.0061437785 0.0344065596
v 0.0114100000 -0.0058566288 0.0341709018
v 0.0114100000 -0.0055604485 0.0339466992
v 0.0114100000 -0.0052556944 0.0337342975
v 0.0114100000 -0.0049428364 0.0335340240
v 0.0114100000 -0.0046223569 0.0333461878
v 0.0114100000 -0.0042947501 0.0331710783
v 0.0114100000 -0.0039605211 0.0330089656
v 0.0114100000 -0.0036201853 0.0328600996
v 0.0114100000 -0.0032742674 0.0327247100
v 0.0114100000 -0.0029233008 0.0326030054
v 0.0114100000 -0.0025678267 0.0324951735
v 0.0114100000 -0.0022083931 0.0324013806
v 0.0114100000 -0.0018455544 0.0323217712
v 0.0114100000 -0.0014798700 0.0322564683
v 0.0114100000 -0.0011119038 0.0322055724
v 0.0114100000 -0.0007422230 0.0321691620
v 0.0114100000 -0.0003713979 0.0321472933
v 0.0114100000 -0.0000000000 0.0321400000
v 0.0114100000 0.0003713979 0.0321472933
v 0.0114100000 0.0007422230 0.0321691620
v 0.0114100000 0.0011119038 0.0322055724
v 0.0114100000 0.0014798700 0.0322564683
v 0.0114100000 0.0018455544 0.0323217712
v 0.0114100000 0.0022083931 0.0324013806
v 0.0114100000 0.0025678267 0.0324951735
v 0.0114100000 0.0029233008 0.0326030054
v 0.0114100000 0.0032742674 0.0327247100
v 0.0114100000 0.0036201853 0.0328600996
v 0.0114100000 0.0039605211 0.0330089656
v 0.0114100000 0.0042947501 0.0331710783
v 0.0114100000 0.0046223569 0.0333461878
v 0.0114100000 0.0049428364 0.0335340240
v 0.0114100000 0.0052556944 0.0337342975
v 0.0114100000 0.0055604485 0.0339466992
v 0.0114100000 0.0058566288 0.0341709018
v 0.0114100000 0.0061437785 0.0344065596
v 0.0114100000 0.0064214551 0.0346533091
v 0.0114100000 0.0066892302 0.0349107698
v 0.0114100000 0.0069466909 0.0351785449
v 0.0114100000 0.0071934404 0.0354562215
v 0.0114100000 0.0074290982 0.0357433712
v 0.0114100000 0.0076533008 0.0360395515
v 0.0114100000 0.0078657025 0.0363443056
v 0.0114100000 0.0080659760 0.0366571636
v 0.0114100000 0.0082538122 0.0369776431
v 0.0114100000 0.0084289217 0.0373052499
v 0.0114100000 0.0085910344 0.0376394789
v 0.0114100000 0.0087399004 0.0379798147
v 0.0114100000 0.0088752900 0.0383257326
v 0.0114100000 0.0089969946 0.0386766992
v 0.0114100000 0.0091048265 0.0390321733
v 0.0114100000 0.0091986194 0.0393916069
v 0.0114100000 0.0092782288 0.0397544456
v 0.0114100000 0.0093435317 0.0401201300
v 0.0114100000 0.0093944276 0.0404880962
v 0.0114100000 0.0094308380 0.0408577770
v 0.0114100000 0.0094527067 0.0412286021
v 0.0114900000 0.0093525000 0.0416000000
v 0.0114900000 0.0093452896 0.0419671774
v 0.0114900000 0.0093236694 0.0423337887
v 0.0114900000 0.0092876727 0.0426992685
v 0.0114900000 0.0092373552 0.0430630533
v 0.0114900000 0.0091727943 0.0434245822
v 0.0114900000 0.0090940897 0.0437832978
v 0.0114900000 0.0090013626 0.0441386468
v 0.0114900000 0.0088947561 0.0444900814
v 0.0114900000 0.0087744345 0.0448370598
v 0.0114900000 0.0086405833 0.0451790468
v 0.0114900000 0.0084934090 0.0455155152
v 0.0114900000 0.0083331385 0.0458459461
v 0.0114900000 0.0081600189 0.0461698302
v 0.0114900000 0.0079743171 0.0464866678
v 0.0114900000 0.0077763195 0.0467959706
v 0.0114900000 0.0075663314 0.0470972616
v 0.0114900000 0.0073446766 0.0473900762
v 0.0114900000 0.0071116968 0.0476739629
v 0.0114900000 0.0068677513 0.0479484840
v 0.0114900000 0.0066132162 0.0482132162
v 0.0114900000 0.0063484840 0.0484677513
v 0.0114900000 0.0060739629 0.0487116968
v 0.0114900000 0.0057900762 0.0489446766
v 0.0114900000 0.0054972616 0.0491663314
v 0.0114900000 0.0051959706 0.0493763195
v 0.0114900000 0.0048866678 0.0495743171
v 0.0114900000 0.0045698302 0.0497600189
v 0.0114900000 0.0042459461 0.0499331385
v 0.0114900000 0.0039155152 0.0500934090
v 0.0114900000 0.0035790468 0.0502405833
v 0.0114900000 0.0032370598 0.0503744345
v 0.0114900000 0.0028900814 0.0504947561
v 0.0114900000 0.0025386468 0.0506013626
v 0.0114900000 0.0021832978 0.0506940897
v 0.0114900000 0.0018245822 0.0507727943
v 0.0114900000 0.0014630533 0.0508373552
v 0.0114900000 0.0010992685 0.0508876727
v 0.0114900000 0.0007337887 0.0509236694
v 0.0114900000 0.0003671774 0.0509452896
v 0.0114900000 0.0000000000 0.0509525000
v 0.0114900000 -0.0003671774 0.0509452896
v 0.0114900000 -0.0007337887 0.0509236694
v 0.0114900000 -0.0010992685 0.0508876727
v 0.0114900000 -0.0014630533 0.0508373552
v 0.0114900000 -0.0018245822 0.0507727943
v 0.0114900000 -0.0021832978 0.0506940897
v 0.0114900000 -0.0025386468 0.0506013626
v 0.0114900000 -0.0028900814 0.0504947561
v 0.0114900000 -0.0032370598 0.0503744345
v 0.0114900000 -0.0035790468 0.0502405833
v 0.0114900000 -0.0039155152 0.0500934090
v 0.0114900000 -0.0042459461 0.0499331385
v 0.0114900000 -0.0045698302 0.0497600189
v 0.0114900000 -0.0048866678 0.0495743171
v 0.0114900000 -0.0051959706 0.0493763195
v 0.0114900000 -0.0054972616 0.0491663314
v 0.0114900000 -0.0057900762 0.0489446766
v 0.0114900000 -0.0060739629 0.0487116968
v 0.0114900000 -0.0063484840 0.0484677513
v 0.0114900000 -0.0066132162 0.0482132162
v 0.0114900000 -0.0068677513 0.0479484840
v 0.0114900000 -0.0071116968 0.0476739629
v 0.0114900000 -0.0073446766 0.0473900762
v 0.0114900000 -0.0075663314 0.0470972616
v 0.0114900000 -0.0077763195 0.0467959706
v 0.0114900000 -0.0079743171 0.0464866678
v 0.0114900000 -0.0081600189 0.0461698302
v 0.0114900000 -0.0083331385 0.0458459461
v 0.0114900000 -0.0084934090 0.0455155152
v 0.0114900000 -0.0086405833 0.0451790468
v 0.0114900000 -0.0087744345 0.0448370598
v 0.0114900000 -0.0088947561 0.0444900814
v 0.0114900000 -0.0090013626 0.0441386468
v 0.0114900000 -0.0090940897 0.0437832978
v 0.0114900000 -0.0091727943 0.0434245822
v 0.0114900000 -0.0092373552 0.0430630533
v 0.0114900000 -0.0092876727 0.0426992685
v 0.0114900000 -0.0093236694 0.0423337887
v 0.0114900000 -0.0093452896 0.0419671774
v 0.0114900000 -0.0093525000 0.0416000000
v 0.0114900000 -0.0093452896 0.0412328226
v 0.0114900000 -0.0093236694 0.0408662113
v 0.0114900000 -0.0092876727 0.0405007315
v 0.0114900000 -0.0092373552 0.0401369467
v 0.0114900000 -0.0091727943 0.0397754178
v 0.0114900000 -0.0090940897 0.0394167022
v 0.0114900000 -0.0090013626 0.0390613532
v 0.0114900000 -0.0088947561 0.0387099186
v 0.0114900000 -0.0087744345 0.0383629402
v 0.0114900000 -0.0086405833 0.0380209532
v 0.0114900000 -0.0084934090 0.0376844848
v 0.0114900000 -0.0083331385 0.0373540539
v 0.0114900000 -0.0081600189 0.0370301698
v 0.0114900000 -0.0079743171 0.0367133322
v 0.0114900000 -0.0077763195 0.0364040294
v 0.0114900000 -0.0075663314 0.0361027384
v 0.0114900000 -0.0073446766 0.0358099238
v 0.0114900000 -0.0071116968 0.0355260371
v 0.0114900000 -0.0068677513 0.0352515160
v 0.0114900000 -0.0066132162 0.0349867838
v 0.0114900000 -0.0063484840 0.0347322487
v 0.0114900000 -0.0060739629 0.0344883032
v 0.0114900000 -0.0057900762 0.0342553234
v 0.0114900000 -0.0054972616 0.0340336686
v 0.0114900000 -0.0051959706 0.0338236805
v 0.0114900000 -0.0048866678 0.0336256829
v 0.0114900000 -0.0045698302 0.0334399811
v 0.0114900000 -0.0042459461 0.0332668615
v 0.0114900000 -0.0039155152 0.0331065910
v 0.0114900000 -0.0035790468 0.0329594167
v 0.0114900000 -0.0032370598 0.0328255655
v 0.0114900000 -0.0028900814 0.0327052439
v 0.0114900000 -0.0025386468 0.0325986374
v 0.0114900000 -0.0021832978 0.0325059103
v 0.0114900000 -0.0018245822 0.0324272057
v 0.0114900000 -0.0014630533 0.0323626448
v 0.0114900000 -0.0010992685 0.0323123273
v 0.0114900000 -0.0007337887 0.0322763306
v 0.0114900000 -0.0003671774 0.0322547104
v 0.0114900000 -0.0000000000 0.0322475000
v 0.0114900000 0.0003671774 0.0322547104
v 0.0114900000 0.0007337887 0.0322763306
v 0.0114900000 0.0010992685 0.0323123273
v 0.0114900000 0.0014630533 0.0323626448
v 0.0114900000 0.0018245822 0.0324272057
v 0.0114900000 0.0021832978 0.0325059103
v 0.0114900000 0.0025386468 0.0325986374
v 0.0114900000 0.0028900814 0.0327052439
v 0.0114900000 0.0032370598 0.0328255655
v 0.0114900000 0.0035790468 0.0329594167
v 0.0114900000 0.0039155152 0.0331065910
v 0.0114900000 0.0042459461 0.0332668615
v 0.0114900000 0.0045698302 0.0334399811
v 0.0114900000 0.0048866678 0.0336256829
v 0.0114900000 0.0051959706 0.0338236805
v 0.0114900000 0.0054972616 0.0340336686
v 0.0114900000 0.0057900762 0.0342553234
v 0.0114900000 0.0060739629 0.0344883032
v 0.0114900000 0.0063484840 0.0347322487
v 0.0114900000 0.0066132162 0.0349867838
v 0.0114900000 0.0068677513 0.0352515160
v 0.0114900000 0.0071116968 0.0355260371
v 0.0114900000 0.0073446766 0.0358099238
v 0.0114900000 0.0075663314 0.0361027384
v 0.0114900000 0.0077763195 0.0364040294
v 0.0114900000 0.0079743171 0.0367133322
v 0.0114900000 0.0081600189 0.0370301698
v 0.0114900000 0.0083331385 0.0373540539
v 0.0114900000 0.0084934090 0.0376844848
v 0.0114900000 0.0086405833 0.0380209532
v 0.0114900000 0.0087744345 0.0383629402
v 0.0114900000 0.0088947561 0.0387099186
v 0.0114900000 0.0090013626 0.0390613532
v 0.0114900000 0.0090940897 0.0394167022
v 0.0114900000 0.0091727943 0.0397754178
v 0.0114900000 0.0092373552 0.0401369467
v 0.0114900000 0.0092876727 0.0405007315
v 0.0114900000 0.0093236694 0.0408662113
v 0.0114900000 0.0093452896 0.0412328226
v 0.0113600000 0.0082775000 0.0416000000
v 0.0113600000 0.0082711183 0.0419249731
v 0.0113600000 0.0082519832 0.0422494452
v 0.0113600000 0.0082201242 0.0425729158
v 0.0113600000 0.0081755902 0.0428948863
v 0.0113600000 0.0081184502 0.0432148601
v 0.0113600000 0.0080487920 0.0435323440
v 0.0113600000 0.0079667232 0.0438468483
v 0.0113600000 0.0078723703 0.0441578882
v 0.0113600000 0.0077658788 0.0444649839
v 0.0113600000 0.0076474128 0.0447676621
v 0.0113600000 0.0075171551 0.0450654560
v 0.0113600000 0.0073753065 0.0453579064
v 0.0113600000 0.0072220857 0.0456445623
v 0.0113600000 0.0070577290 0.0459249819
v 0.0113600000 0.0068824897 0.0461987326
v 0.0113600000 0.0066966382 0.0464653924
v 0.0113600000 0.0065004609 0.0467245502
v 0.0113600000 0.0062942604 0.0469758062
v 0.0113600000 0.0060783546 0.0472187732
v 0.0113600000 0.0058530764 0.0474530764
v 0.0113600000 0.0056187732 0.0476783546
v 0.0113600000 0.0053758062 0.0478942604
v 0.0113600000 0.0051245502 0.0481004609
v 0.0113600000 0.0048653924 0.0482966382
v 0.0113600000 0.0045987326 0.0484824897
v 0.0113600000 0.0043249819 0.0486577290
v 0.0113600000 0.0040445623 0.0488220857
v 0.0113600000 0.0037579064 0.0489753065
v 0.0113600000 0.0034654560 0.0491171551
v 0.0113600000 0.0031676621 0.0492474128
v 0.0113600000 0.0028649839 0.0493658788
v 0.0113600000 0.0025578882 0.0494723703
v 0.0113600000 0.0022468483 0.0495667232
v 0.0113600000 0.0019323440 0.0496487920
v 0.0113600000 0.0016148601 0.0497184502
v 0.0113600000 0.0012948863 0.0497755902
v 0.0113600000 0.0009729158 0.0498201242
v 0.0113600000 0.0006494452 0.0498519832
v 0.0113600000 0.0003249731 0.0498711183
v 0.0113600000 0.0000000000 0.0498775000
v 0.0113600000 -0.0003249731 0.0498711183
v 0.0113600000 -0.0006494452 0.0498519832
v 0.0113600000 -0.0009729158 0.0498201242
v 0.0113600000 -0.0012948863 0.0497755902
v 0.0113600000 -0.0016148601 0.0497184502
v 0.0113600000 -0.0019323440 0.0496487920
v 0.0113600000 -0.0022468483 0.0495667232
v 0.0113600000 -0.0025578882 0.0494723703
v 0.0113600000 -0.0028649839 0.0493658788
v 0.0113600000 -0.0031676621 0.0492474128
v 0.0113600000 -0.0034654560 0.0491171551
v 0.0113600000 -0.0037579064 0.0489753065
v 0.0113600000 -0.0040445623 0.0488220857
v 0.0113600000 -0.0043249819 0.0486577290
v 0.0113600000 -0.0045987326 0.0484824897
v 0.0113600000 -0.0048653924 0.0482966382
v 0.0113600000 -0.0051245502 0.0481004609
v 0.0113600000 -0.0053758062 0.0478942604
v 0.0113600000 -0.0056187732 0.0476783546
v 0.0113600000 -0.0058530764 0.0474530764
v 0.0113600000 -0.0060783546 0.0472187732
v 0.0113600000 -0.0062942604 0.0469758062
v 0.0113600000 -0.0065004609 0.0467245502
v 0.0113600000 -0.0066966382 0.0464653924
v 0.0113600000 -0.0068824897 0.0461987326
v 0.0113600000 -0.0070577290 0.0459249819
v 0.0113600000 -0.0072220857 0.0456445623
v 0.0113600000 -0.0073753065 0.0453579064
v 0.0113600000 -0.0075171551 0.0450654560
v 0.0113600000 -0.0076474128 0.0447676621
v 0.0113600000 -0.0077658788 0.0444649839
v 0.0113600000 -0.0078723703 0.0441578882
v 0.0113600000 -0.0079667232 0.0438468483
v 0.0113600000 -0.0080487920 0.0435323440
v 0.0113600000 -0.0081184502 0.0432148601
v 0.0113600000 -0.0081755902 0.0428948863
v 0.0113600000 -0.0082201242 0.0425729158
v 0.0113600000 -0.0082519832 0.0422494452
v 0.0113600000 -0.0082711183 0.0419249731
v 0.0113600000 -0.0082775000 0.0416000000
v 0.0113600000 -0.0082711183 0.0412750269
v 0.0113600000 -0.0082519832 0.0409505548
v 0.0113600000 -0.0082201242 0.0406270842
v 0.0113600000 -0.0081755902 0.0403051137
v 0.0113600000 -0.0081184502 0.0399851399
v 0.0113600000 -0.0080487920 0.0396676560
v 0.0113600000 -0.0079667232 0.0393531517
v 0.0113600000 -0.0078723703 0.0390421118
v 0.0113600000 -0.0077658788 0.0387350161
v 0.0113600000 -0.0076474128 0.0384323379
v 0.0113600000 -0.0075171551 0.0381345440
v 0.0113600000 -0.0073753065 0.0378420936
v 0.0113600000 -0.0072220857 0.0375554377
v 0.0113600000 -0.0070577290 0.0372750181
v 0.0113600000 -0.0068824897 0.0370012674
v 0.0113600000 -0.0066966382 0.0367346076
v 0.0113600000 -0.0065004609 0.0364754498
v 0.0113600000 -0.0062942604 0.0362241938
v 0.0113600000 -0.0060783546 0.0359812268
v 0.0113600000 -0.0058530764 0.0357469236
v 0.0113600000 -0.0056187732 0.0355216454
v 0.0113600000 -0.0053758062 0.0353057396
v 0.0113600000 -0.0051245502 0.0350995391
v 0.0113600000 -0.0048653924 0.0349033618
v 0.0113600000 -0.0045987326 0.0347175103
v 0.0113600000 -0.0043249819 0.0345422710
v 0.0113600000 -0.0040445623 0.0343779143
v 0.0113600000 -0.0037579064 0.0342246935
v 0.0113600000 -0.0034654560 0.0340828449
v 0.0113600000 -0.0031676621 0.0339525872
v 0.0113600000 -0.0028649839 0.0338341212
v 0.0113600000 -0.0025578882 0.0337276297
v 0.0113600000 -0.0022468483 0.0336332768
v 0.0113600000 -0.0019323440 0.0335512080
v 0.0113600000 -0.0016148601 0.0334815498
v 0.0113600000 -0.0012948863 0.0334244098
v 0.0113600000 -0.0009729158 0.0333798758
v 0.0113600000 -0.0006494452 0.0333480168
v 0.0113600000 -0.0003249731 0.0333288817
v 0.0113600000 -0.0000000000 0.0333225000
v 0.0113600000 0.0003249731 0.0333288817
v 0.0113600000 0.0006494452 0.0333480168
v 0.0113600000 0.0009729158 0.0333798758
v 0.0113600000 0.0012948863 0.0334244098
v 0.0113600000 0.0016148601 0.0334815498
v 0.0113600000 0.0019323440 0.0335512080
v 0.0113600000 0.0022468483 0.0336332768
v 0.0113600000 0.0025578882 0.0337276297
v 0.0113600000 0.0028649839 0.0338341212
v 0.0113600000 0.0031676621 0.0339525872
v 0.0113600000 0.0034654560 0.0340828449
v 0.0113600000 0.0037579064 0.0342246935
v 0.0113600000 0.0040445623 0.0343779143
v 0.0113600000 0.0043249819 0.0345422710
v 0.0113600000 0.0045987326 0.0347175103
v 0.0113600000 0.0048653924 0.0349033618
v 0.0113600000 0.0051245502 0.0350995391
v 0.0113600000 0.0053758062 0.0353057396
v 0.0113600000 0.0056187732 0.0355216454
v 0.0113600000 0.0058530764 0.0357469236
v 0.0113600000 0.0060783546 0.0359812268
v 0.0113600000 0.0062942604 0.0362241938
v 0.0113600000 0.0065004609 0.0364754498
v 0.0113600000 0.0066966382 0.0367346076
v 0.0113600000 0.0068824897 0.0370012674
v 0.0113600000 0.0070577290 0.0372750181
v 0.0113600000 0.0072220857 0.0375554377
v 0.0113600000 0.0073753065 0.0378420936
v 0.0113600000 0.0075171551 0.0381345440
v 0.0113600000 0.0076474128 0.0384323379
v 0.0113600000 0.0077658788 0.0387350161
v 0.0113600000 0.0078723703 0.0390421118
v 0.0113600000 0.0079667232 0.0393531517
v 0.0113600000 0.0080487920 0.0396676560
v 0.0113600000 0.0081184502 0.0399851399
v 0.0113600000 0.0081755902 0.0403051137
v 0.0113600000 0.0082201242 0.0406270842
v 0.0113600000 0.0082519832 0.0409505548
v 0.0113600000 0.0082711183 0.0412750269
v 0.0109900000 0.0062350000 0.0416000000
v 0.0109900000 0.0062301930 0.0418447850
v 0.0109900000 0.0062157796 0.0420891925
v 0.0109900000 0.0061917818 0.0423328457
v 0.0109900000 0.0061582368 0.0425753689
v 0.0109900000 0.0061151962 0.0428163882
v 0.0109900000 0.0060627265 0.0430555318
v 0.0109900000 0.0060009084 0.0432924312
v 0.0109900000 0.0059298374 0.0435267210
v 0.0109900000 0.0058496230 0.0437580399
v 0.0109900000 0.0057603889 0.0439860312
v 0.0109900000 0.0056622727 0.0442103435
v 0.0109900000 0.0055554257 0.0444306308
v 0.0109900000 0.0054400126 0.0446465534
v 0.0109900000 0.0053162114 0.0448577786
v 0.0109900000 0.0051842130 0.0450639804
v 0.0109900000 0.0050442210 0.0452648410
v 0.0109900000 0.0048964511 0.0454600508
v 0.0109900000 0.0047411312 0.0456493086
v 0.0109900000 0.0045785008 0.0458323226
v 0.0109900000 0.0044088108 0.0460088108
v 0.0109900000 0.0042323226 0.0461785008
v 0.0109900000 0.0040493086 0.0463411312
v 0.0109900000 0.0038600508 0.0464964511
v 0.0109900000 0.0036648410 0.0466442210
v 0.0109900000 0.0034639804 0.0467842130
v 0.0109900000 0.0032577786 0.0469162114
v 0.0109900000 0.0030465534 0.0470400126
v 0.0109900000 0.0028306308 0.0471554257
v 0.0109900000 0.0026103435 0.0472622727
v 0.0109900000 0.0023860312 0.0473603889
v 0.0109900000 0.0021580399 0.0474496230
v 0.0109900000 0.0019267210 0.0475298374
v 0.0109900000 0.0016924312 0.0476009084
v 0.0109900000 0.0014555318 0.0476627265
v 0.0109900000 0.0012163882 0.0477151962
v 0.0109900000 0.0009753689 0.0477582368
v 0.0109900000 0.0007328457 0.0477917818
v 0.0109900000 0.0004891925 0.0478157796
v 0.0109900000 0.0002447850 0.0478301930
v 0.0109900000 0.0000000000 0.0478350000
v 0.0109900000 -0.0002447850 0.0478301930
v 0.0109900000 -0.0004891925 0.0478157796
v 0.0109900000 -0.0007328457 0.0477917818
v 0.0109900000 -0.0009753689 0.0477582368
v 0.0109900000 -0.0012163882 0.0477151962
v 0.0109900000 -0.0014555318 0.0476627265
v 0.0109900000 -0.0016924312 0.0476009084
v 0.0109900000 -0.0019267210 0.0475298374
v 0.0109900000 -0.0021580399 0.0474496230
v 0.0109900000 -0.0023860312 0.0473603889
v 0.0109900000 -0.0026103435 0.0472622727
v 0.0109900000 -0.0028306308 0.0471554257
v 0.0109900000 -0.0030465534 0.0470400126
v 0.0109900000 -0.0032577786 0.0469162114
v 0.0109900000 -0.0034639804 0.0467842130
v 0.0109900000 -0.0036648410 0.0466442210
v 0.0109900000 -0.0038600508 0.0464964511
v 0.0109900000 -0.0040493086 0.0463411312
v 0.0109900000 -0.0042323226 0.0461785008
v 0.0109900000 -0.0044088108 0.0460088108
v 0.0109900000 -0.0045785008 0.0458323226
v 0.0109900000 -0.0047411312 0.0456493086
v 0.0109900000 -0.0048964511 0.0454600508
v 0.0109900000 -0.0050442210 0.0452648410
v 0.0109900000 -0.0051842130 0.0450639804
v 0.0109900000 -0.0053162114 0.0448577786
v 0.0109900000 -0.0054400126 0.0446465534
v 0.0109900000 -0.0055554257 0.0444306308
v 0.0109900000 -0.0056622727 0.0442103435
v 0.0109900000 -0.0057603889 0.0439860312
v 0.0109900000 -0.0058496230 0.0437580399
v 0.0109900000 -0.0059298374 0.0435267210
v 0.0109900000 -0.0060009084 0.0432924312
v 0.0109900000 -0.0060627265 0.0430555318
v 0.0109900000 -0.0061151962 0.0428163882
v 0.0109900000 -0.0061582368 0.0425753689
v 0.0109900000 -0.0061917818 0.0423328457
v 0.0109900000 -0.0062157796 0.0420891925
v 0.0109900000 -0.0062301930 0.0418447850
v 0.0109900000 -0.0062350000 0.0416000000
v 0.0109900000 -0.0062301930 0.0413552150
v 0.0109900000 -0.0062157796 0.0411108075
v 0.0109900000 -0.0061917818 0.0408671543
v 0.0109900000 -0.0061582368 0.0406246311
v 0.0109900000 -0.0061151962 0.0403836118
v 0.0109900000 -0.0060627265 0.0401444682
v 0.0109900000 -0.0060009084 0.0399075688
v 0.0109900000 -0.0059298374 0.0396732790
v 0.0109900000 -0.0058496230 0.0394419601
v 0.0109900000 -0.0057603889 0.0392139688
v 0.0109900000 -0.0056622727 0.0389896565
v 0.0109900000 -0.0055554257 0.0387693692
v 0.0109900000 -0.0054400126 0.0385534466
v 0.0109900000 -0.0053162114 0.0383422214
v 0.0109900000 -0.0051842130 0.0381360196
v 0.0109900000 -0.0050442210 0.0379351590
v 0.0109900000 -0.0048964511 0.0377399492
v 0.0109900000 -0.0047411312 0.0375506914
v 0.0109900000 -0.0045785008 0.0373676774
v 0.0109900000 -0.0044088108 0.0371911892
v 0.0109900000 -0.0042323226 0.0370214992
v 0.0109900000 -0.0040493086 0.0368588688
v 0.0109900000 -0.0038600508 0.0367035489
v 0.0109900000 -0.0036648410 0.0365557790
v 0.0109900000 -0.0034639804 0.0364157870
v 0.0109900000 -0.0032577786 0.0362837886
v 0.0109900000 -0.0030465534 0.0361599874
v 0.0109900000 -0.0028306308 0.0360445743
v 0.0109900000 -0.0026103435 0.0359377273
v 0.0109900000 -0.0023860312 0.0358396111
v 0.0109900000 -0.0021580399 0.0357503770
v 0.0109900000 -0.0019267210 0.0356701626
v 0.0109900000 -0.0016924312 0.0355990916
v 0.0109900000 -0.0014555318 0.0355372735
v 0.0109900000 -0.0012163882 0.0354848038
v 0.0109900000 -0.0009753689 0.0354417632
v 0.0109900000 -0.0007328457 0.0354082182
v 0.0109900000 -0.0004891925 0.0353842204
v 0.0109900000 -0.0002447850 0.0353698070
v 0.0109900000 -0.0000000000 0.0353650000
v 0.0109900000 0.0002447850 0.0353698070
v 0.0109900000 0.0004891925 0.0353842204
v 0.0109900000 0.0007328457 0.0354082182
v 0.0109900000 0.0009753689 0.0354417632
v 0.0109900000 0.0012163882 0.0354848038
v 0.0109900000 0.0014555318 0.0355372735
v 0.0109900000 0.0016924312 0.0355990916
v 0.0109900000 0.0019267210 0.0356701626
v 0.0109900000 0.0021580399 0.0357503770
v 0.0109900000 0.0023860312 0.0358396111
v 0.0109900000 0.0026103435 0.0359377273
v 0.0109900000 0.0028306308 0.0360445743
v 0.0109900000 0.0030465534 0.0361599874
v 0.0109900000 0.0032577786 0.0362837886
v 0.0109900000 0.0034639804 0.0364157870
v 0.0109900000 0.0036648410 0.0365557790
v 0.0109900000 0.0038600508 0.0367035489
v 0.0109900000 0.0040493086 0.0368588688
v 0.0109900000 0.0042323226 0.0370214992
v 0.0109900000 0.0044088108 0.0371911892
v 0.0109900000 0.0045785008 0.0373676774
v 0.0109900000 0.0047411312 0.0375506914
v 0.0109900000 0.0048964511 0.0377399492
v 0.0109900000 0.0050442210 0.0379351590
v 0.0109900000 0.0051842130 0.0381360196
v 0.0109900000 0.0053162114 0.0383422214
v 0.0109900000 0.0054400126 0.0385534466
v 0.0109900000 0.0055554257 0.0387693692
v 0.0109900000 0.0056622727 0.0389896565
v 0.0109900000 0.0057603889 0.0392139688
v 0.0109900000 0.0058496230 0.0394419601
v 0.0109900000 0.0059298374 0.0396732790
v 0.0109900000 0.0060009084 0.0399075688
v 0.0109900000 0.0060627265 0.0401444682
v 0.0109900000 0.0061151962 0.0403836118
v 0.0109900000 0.0061582368 0.0406246311
v 0.0109900000 0.0061917818 0.0408671543
v 0.0109900000 0.0062157796 0.0411108075
v 0.0109900000 0.0062301930 0.0413552150
v 0.0108000000 0.0038700000 0.0416000000
v 0.0108000000 0.0038670164 0.0417519355
v 0.0108000000 0.0038580701 0.0419036367
v 0.0108000000 0.0038431749 0.0420548697
v 0.0108000000 0.0038223539 0.0422054014
v 0.0108000000 0.0037956390 0.0423549995
v 0.0108000000 0.0037630716 0.0425034336
v 0.0108000000 0.0037247018 0.0426504745
v 0.0108000000 0.0036805887 0.0427958958
v 0.0108000000 0.0036308005 0.0429394730
v 0.0108000000 0.0035754138 0.0430809849
v 0.0108000000 0.0035145141 0.0432202132
v 0.0108000000 0.0034481952 0.0433569432
v 0.0108000000 0.0033765595 0.0434909642
v 0.0108000000 0.0032997174 0.0436220694
v 0.0108000000 0.0032177874 0.0437500568
v 0.0108000000 0.0031308958 0.0438747289
v 0.0108000000 0.0030391765 0.0439958936
v 0.0108000000 0.0029427711 0.0441133639
v 0.0108000000 0.0028418281 0.0442269589
v 0.0108000000 0.0027365032 0.0443365032
v 0.0108000000 0.0026269589 0.0444418281
v 0.0108000000 0.0025133639 0.0445427711
v 0.0108000000 0.0023958936 0.0446391765
v 0.0108000000 0.0022747289 0.0447308958
v 0.0108000000 0.0021500568 0.0448177874
v 0.0108000000 0.0020220694 0.0448997174
v 0.0108000000 0.0018909642 0.0449765595
v 0.0108000000 0.0017569432 0.0450481952
v 0.0108000000 0.0016202132 0.0451145141
v 0.0108000000 0.0014809849 0.0451754138
v 0.0108000000 0.0013394730 0.0452308005
v 0.0108000000 0.0011958958 0.0452805887
v 0.0108000000 0.0010504745 0.0453247018
v 0.0108000000 0.0009034336 0.0453630716
v 0.0108000000 0.0007549995 0.0453956390
v 0.0108000000 0.0006054014 0.0454223539
v 0.0108000000 0.0004548697 0.0454431749
v 0.0108000000 0.0003036367 0.0454580701
v 0.0108000000 0.0001519355 0.0454670164
v 0.0108000000 0.0000000000 0.0454700000
v 0.0108000000 -0.0001519355 0.0454670164
v 0.0108000000 -0.0003036367 0.0454580701
v 0.0108000000 -0.0004548697 0.0454431749
v 0.0108000000 -0.0006054014 0.0454223539
v 0.0108000000 -0.0007549995 0.0453956390
v 0.0108000000 -0.0009034336 0.0453630716
v 0.0108000000 -0.0010504745 0.0453247018
v 0.0108000000 -0.0011958958 0.0452805887
v 0.0108000000 -0.0013394730 0.0452308005
v 0.0108000000 -0.0014809849 0.0451754138
v 0.0108000000 -0.0016202132 0.0451145141
v 0.0108000000 -0.0017569432 0.0450481952
v 0.0108000000 -0.0018909642 0.0449765595
v 0.0108000000 -0.0020220694 0.0448997174
v 0.0108000000 -0.0021500568 0.0448177874
v 0.0108000000 -0.0022747289 0.0447308958
v 0.0108000000 -0.0023958936 0.0446391765
v 0.0108000000 -0.0025133639 0.0445427711
v 0.0108000000 -0.0026269589 0.0444418281
v 0.0108000000 -0.0027365032 0.0443365032
v 0.0108000000 -0.0028418281 0.0442269589
v 0.0108000000 -0.0029427711 0.0441133639
v 0.0108000000 -0.0030391765 0.0439958936
v 0.0108000000 -0.0031308958 0.0438747289
v 0.0108000000 -0.0032177874 0.0437500568
v 0.0108000000 -0.0032997174 0.0436220694
v 0.0108000000 -0.0033765595 0.0434909642
v 0.0108000000 -0.0034481952 0.0433569432
v 0.0108000000 -0.0035145141 0.0432202132
v 0.0108000000 -0.0035754138 0.0430809849
v 0.0108000000 -0.0036308005 0.0429394730
v 0.0108000000 -0.0036805887 0.0427958958
v 0.0108000000 -0.0037247018 0.0426504745
v 0.0108000000 -0.0037630716 0.0425034336
v 0.0108000000 -0.0037956390 0.0423549995
v 0.0108000000 -0.0038223539 0.0422054014
v 0.0108000000 -0.0038431749 0.0420548697
v 0.0108000000 -0.0038580701 0.0419036367
v 0.0108000000 -0.0038670164 0.0417519355
v 0.0108000000 -0.0038700000 0.0416000000
v 0.0108000000 -0.0038670164 0.0414480645
v 0.0108000000 -0.0038580701 0.0412963633
v 0.0108000000 -0.0038431749 0.0411451303
v 0.0108000000 -0.0038223539 0.0409945986
v 0.0108000000 -0.0037956390 0.0408450005
v 0.0108000000 -0.0037630716 0.0406965664
v 0.0108000000 -0.0037247018 0.0405495255
v 0.0108000000 -0.0036805887 0.0404041042
v 0.0108000000 -0.0036308005 0.0402605270
v 0.0108000000 -0.0035754138 0.0401190151
v 0.0108000000 -0.0035145141 0.0399797868
v 0.0108000000 -0.0034481952 0.0398430568
v 0.0108000000 -0.0033765595 0.0397090358
v 0.0108000000 -0.0032997174 0.0395779306
v 0.0108000000 -0.0032177874 0.0394499432
v 0.0108000000 -0.0031308958 0.0393252711
v 0.0108000000 -0.0030391765 0.0392041064
v 0.0108000000 -0.0029427711 0.0390866361
v 0.0108000000 -0.0028418281 0.0389730411
v 0.0108000000 -0.0027365032 0.0388634968
v 0.0108000000 -0.0026269589 0.0387581719
v 0.0108000000 -0.0025133639 0.0386572289
v 0.0108000000 -0.0023958936 0.0385608235
v 0.0108000000 -0.0022747289 0.0384691042
v 0.0108000000 -0.0021500568 0.0383822126
v 0.0108000000 -0.0020220694 0.0383002826
v 0.0108000000 -0.0018909642 0.0382234405
v 0.0108000000 -0.0017569432 0.0381518048
v 0.0108000000 -0.0016202132 0.0380854859
v 0.0108000000 -0.0014809849 0.0380245862
v 0.0108000000 -0.0013394730 0.0379691995
v 0.0108000000 -0.0011958958 0.0379194113
v 0.0108000000 -0.0010504745 0.0378752982
v 0.0108000000 -0.0009034336 0.0378369284
v 0.0108000000 -0.0007549995 0.0378043610
v 0.0108000000 -0.0006054014 0.0377776461
v 0.0108000000 -0.0004548697 0.0377568251
v 0.0108000000 -0.0003036367 0.0377419299
v 0.0108000000 -0.0001519355 0.0377329836
v 0.0108000000 -0.0000000000 0.0377300000
v 0.0108000000 0.0001519355 0.0377329836
v 0.0108000000 0.0003036367 0.0377419299
v 0.0108000000 0.0004548697 0.0377568251
v 0.0108000000 0.0006054014 0.0377776461
v 0.0108000000 0.0007549995 0.0378043610
v 0.0108000000 0.0009034336 0.0378369284
v 0.0108000000 0.0010504745 0.0378752982
v 0.0108000000 0.0011958958 0.0379194113
v 0.0108000000 0.0013394730 0.0379691995
v 0.0108000000 0.0014809849 0.0380245862
v 0.0108000000 0.0016202132 0.0380854859
v 0.0108000000 0.0017569432 0.0381518048
v 0.0108000000 0.0018909642 0.0382234405
v 0.0108000000 0.0020220694 0.0383002826
v 0.0108000000 0.0021500568 0.0383822126
v 0.0108000000 0.0022747289 0.0384691042
v 0.0108000000 0.0023958936 0.0385608235
v 0.0108000000 0.0025133639 0.0386572289
v 0.0108000000 0.0026269589 0.0387581719
v 0.0108000000 0.0027365032 0.0388634968
v 0.0108000000 0.0028418281 0.0389730411
v 0.0108000000 0.0029427711 0.0390866361
v 0.0108000000 0.0030391765 0.0392041064
v 0.0108000000 0.0031308958 0.0393252711
v 0.0108000000 0.0032177874 0.0394499432
v 0.0108000000 0.0032997174 0.0395779306
v 0.0108000000 0.0033765595 0.0397090358
v 0.0108000000 0.0034481952 0.0398430568
v 0.0108000000 0.0035145141 0.0399797868
v 0.0108000000 0.0035754138 0.0401190151
v 0.0108000000 0.0036308005 0.0402605270
v 0.0108000000 0.0036805887 0.0404041042
v 0.0108000000 0.0037247018 0.0405495255
v 0.0108000000 0.0037630716 0.0406965664
v 0.0108000000 0.0037956390 0.0408450005
v 0.0108000000 0.0038223539 0.0409945986
v 0.0108000000 0.0038431749 0.0411451303
v 0.0108000000 0.0038580701 0.0412963633
v 0.0108000000 0.0038670164 0.0414480645
v 0.0108500000 0.0023650000 0.0416000000
v 0.0108500000 0.0023631767 0.0416928495
v 0.0108500000 0.0023577095 0.0417855558
v 0.0108500000 0.0023486069 0.0418779759
v 0.0108500000 0.0023358829 0.0419699675
v 0.0108500000 0.0023195572 0.0420613886
v 0.0108500000 0.0022996549 0.0421520983
v 0.0108500000 0.0022762066 0.0422419567
v 0.0108500000 0.0022492487 0.0423308252
v 0.0108500000 0.0022188225 0.0424185668
v 0.0108500000 0.0021849751 0.0425050463
v 0.0108500000 0.0021477586 0.0425901303
v 0.0108500000 0.0021072304 0.0426736875
v 0.0108500000 0.0020634531 0.0427555892
v 0.0108500000 0.0020164940 0.0428357091
v 0.0108500000 0.0019664256 0.0429139236
v 0.0108500000 0.0019133252 0.0429901121
v 0.0108500000 0.0018572745 0.0430641572
v 0.0108500000 0.0017983601 0.0431359446
v 0.0108500000 0.0017366727 0.0432053638
v 0.0108500000 0.0016723075 0.0432723075
v 0.0108500000 0.0016053638 0.0433366727
v 0.0108500000 0.0015359446 0.0433983601
v 0.0108500000 0.0014641572 0.0434572745
v 0.0108500000 0.0013901121 0.0435133252
v 0.0108500000 0.0013139236 0.0435664256
v 0.0108500000 0.0012357091 0.0436164940
v 0.0108500000 0.0011555892 0.0436634531
v 0.0108500000 0.0010736875 0.0437072304
v 0.0108500000 0.0009901303 0.0437477586
v 0.0108500000 0.0009050463 0.0437849751
v 0.0108500000 0.0008185668 0.0438188225
v 0.0108500000 0.0007308252 0.0438492487
v 0.0108500000 0.0006419567 0.0438762066
v 0.0108500000 0.0005520983 0.0438996549
v 0.0108500000 0.0004613886 0.0439195572
v 0.0108500000 0.0003699675 0.0439358829
v 0.0108500000 0.0002779759 0.0439486069
v 0.0108500000 0.0001855558 0.0439577095
v 0.0108500000 0.0000928495 0.0439631767
v 0.0108500000 0.0000000000 0.0439650000
v 0.0108500000 -0.0000928495 0.0439631767
v 0.0108500000 -0.0001855558 0.0439577095
v 0.0108500000 -0.0002779759 0.0439486069
v 0.0108500000 -0.0003699675 0.0439358829
v 0.0108500000 -0.0004613886 0.0439195572
v 0.0108500000 -0.0005520983 0.0438996549
v 0.0108500000 -0.0006419567 0.0438762066
v 0.0108500000 -0.0007308252 0.0438492487
v 0.0108500000 -0.0008185668 0.0438188225
v 0.0108500000 -0.0009050463 0.0437849751
v 0.0108500000 -0.0009901303 0.0437477586
v 0.0108500000 -0.0010736875 0.0437072304
v 0.0108500000 -0.0011555892 0.0436634531
v 0.0108500000 -0.0012357091 0.0436164940
v 0.0108500000 -0.0013139236 0.0435664256
v 0.0108500000 -0.0013901121 0.0435133252
v 0.0108500000 -0.0014641572 0.0434572745
v 0.0108500000 -0.0015359446 0.0433983601
v 0.0108500000 -0.0016053638 0.0433366727
v 0.0108500000 -0.0016723075 0.0432723075
v 0.0108500000 -0.0017366727 0.0432053638
v 0.0108500000 -0.0017983601 0.0431359446
v 0.0108500000 -0.0018572745 0.0430641572
v 0.0108500000 -0.0019133252 0.0429901121
v 0.0108500000 -0.0019664256 0.0429139236
v 0.0108500000 -0.0020164940 0.0428357091
v 0.0108500000 -0.0020634531 0.0427555892
v 0.0108500000 -0.0021072304 0.0426736875
v 0.0108500000 -0.0021477586 0.0425901303
v 0.0108500000 -0.0021849751 0.0425050463
v 0.0108500000 -0.0022188225 0.0424185668
v 0.0108500000 -0.0022492487 0.0423308252
v 0.0108500000 -0.0022762066 0.0422419567
v 0.0108500000 -0.0022996549 0.0421520983
v 0.0108500000 -0.0023195572 0.0420613886
v 0.0108500000 -0.0023358829 0.0419699675
v 0.0108500000 -0.0023486069 0.0418779759
v 0.0108500000 -0.0023577095 0.0417855558
v 0.0108500000 -0.0023631767 0.0416928495
v 0.0108500000 -0.0023650000 0.0416000000
v 0.0108500000 -0.0023631767 0.0415071505
v 0.0108500000 -0.0023577095 0.0414144442
v 0.0108500000 -0.0023486069 0.0413220241
v 0.0108500000 -0.0023358829 0.0412300325
v 0.0108500000 -0.0023195572 0.0411386114
v 0.0108500000 -0.0022996549 0.0410479017
v 0.0108500000 -0.0022762066 0.0409580433
v 0.0108500000 -0.0022492487 0.0408691748
v 0.0108500000 -0.0022188225 0.0407814332
v 0.0108500000 -0.0021849751 0.0406949537
v 0.0108500000 -0.0021477586 0.0406098697
v 0.0108500000 -0.0021072304 0.0405263125
v 0.0108500000 -0.0020634531 0.0404444108
v 0.0108500000 -0.0020164940 0.0403642909
v 0.0108500000 -0.0019664256 0.0402860764
v 0.0108500000 -0.0019133252 0.0402098879
v 0.0108500000 -0.0018572745 0.0401358428
v 0.0108500000 -0.0017983601 0.0400640554
v 0.0108500000 -0.0017366727 0.0399946362
v 0.0108500000 -0.0016723075 0.0399276925
v 0.0108500000 -0.0016053638 0.0398633273
v 0.0108500000 -0.0015359446 0.0398016399
v 0.0108500000 -0.0014641572 0.0397427255
v 0.0108500000 -0.0013901121 0.0396866748
v 0.0108500000 -0.0013139236 0.0396335744
v 0.0108500000 -0.0012357091 0.0395835060
v 0.0108500000 -0.0011555892 0.0395365469
v 0.0108500000 -0.0010736875 0.0394927696
v 0.0108500000 -0.0009901303 0.0394522414
v 0.0108500000 -0.0009050463 0.0394150249
v 0.0108500000 -0.0008185668 0.0393811775
v 0.0108500000 -0.0007308252 0.0393507513
v 0.0108500000 -0.0006419567 0.0393237934
v 0.0108500000 -0.0005520983 0.0393003451
v 0.0108500000 -0.0004613886 0.0392804428
v 0.0108500000 -0.0003699675 0.0392641171
v 0.0108500000 -0.0002779759 0.0392513931
v 0.0108500000 -0.0001855558 0.0392422905
v 0.0108500000 -0.0000928495 0.0392368233
v 0.0108500000 -0.0000000000 0.0392350000
v 0.0108500000 0.0000928495 0.0392368233
v 0.0108500000 0.0001855558 0.0392422905
v 0.0108500000 0.0002779759 0.0392513931
v 0.0108500000 0.0003699675 0.0392641171
v 0.0108500000 0.0004613886 0.0392804428
v 0.0108500000 0.0005520983 0.0393003451
v 0.0108500000 0.0006419567 0.0393237934
v 0.0108500000 0.0007308252 0.0393507513
v 0.0108500000 0.0008185668 0.0393811775
v 0.0108500000 0.0009050463 0.0394150249
v 0.0108500000 0.0009901303 0.0394522414
v 0.0108500000 0.0010736875 0.0394927696
v 0.0108500000 0.0011555892 0.0395365469
v 0.0108500000 0.0012357091 0.0395835060
v 0.0108500000 0.0013139236 0.0396335744
v 0.0108500000 0.0013901121 0.0396866748
v 0.0108500000 0.0014641572 0.0397427255
v 0.0108500000 0.0015359446 0.0398016399
v 0.0108500000 0.0016053638 0.0398633273
v 0.0108500000 0.0016723075 0.0399276925
v 0.0108500000 0.0017366727 0.0399946362
v 0.0108500000 0.0017983601 0.0400640554
v 0.0108500000 0.0018572745 0.0401358428
v 0.0108500000 0.0019133252 0.0402098879
v 0.0108500000 0.0019664256 0.0402860764
v 0.0108500000 0.0020164940 0.0403642909
v 0.0108500000 0.0020634531 0.0404444108
v 0.0108500000 0.0021072304 0.0405263125
v 0.0108500000 0.0021477586 0.0406098697
v 0.0108500000 0.0021849751 0.0406949537
v 0.0108500000 0.0022188225 0.0407814332
v 0.0108500000 0.0022492487 0.0408691748
v 0.0108500000 0.0022762066 0.0409580433
v 0.0108500000 0.0022996549 0.0410479017
v 0.0108500000 0.0023195572 0.0411386114
v 0.0108500000 0.0023358829 0.0412300325
v 0.0108500000 0.0023486069 0.0413220241
v 0.0108500000 0.0023577095 0.0414144442
v 0.0108500000 0.0023631767 0.0415071505
v 0.0105500000 0.0023650000 0.0416000000
v 0.0105500000 0.0023631767 0.0416928495
v 0.0105500000 0.0023577095 0.0417855558
v 0.0105500000 0.0023486069 0.0418779759
v 0.0105500000 0.0023358829 0.0419699675
v 0.0105500000 0.0023195572 0.0420613886
v 0.0105500000 0.0022996549 0.0421520983
v 0.0105500000 0.0022762066 0.0422419567
v 0.0105500000 0.0022492487 0.0423308252
v 0.0105500000 0.0022188225 0.0424185668
v 0.0105500000 0.0021849751 0.0425050463
v 0.0105500000 0.0021477586 0.0425901303
v 0.0105500000 0.0021072304 0.0426736875
v 0.0105500000 0.0020634531 0.0427555892
v 0.0105500000 0.0020164940 0.0428357091
v 0.0105500000 0.0019664256 0.0429139236
v 0.0105500000 0.0019133252 0.0429901121
v 0.0105500000 0.0018572745 0.0430641572
v 0.0105500000 0.0017983601 0.0431359446
v 0.0105500000 0.0017366727 0.0432053638
v 0.0105500000 0.0016723075 0.0432723075
v 0.0105500000 0.0016053638 0.0433366727
v 0.0105500000 0.0015359446 0.0433983601
v 0.0105500000 0.0014641572 0.0434572745
v 0.0105500000 0.0013901121 0.0435133252
v 0.0105500000 0.0013139236 0.0435664256
v 0.0105500000 0.0012357091 0.0436164940
v 0.0105500000 0.0011555892 0.0436634531
v 0.0105500000 0.0010736875 0.0437072304
v 0.0105500000 0.0009901303 0.0437477586
v 0.0105500000 0.0009050463 0.0437849751
v 0.0105500000 0.0008185668 0.0438188225
v 0.0105500000 0.0007308252 0.0438492487
v 0.0105500000 0.0006419567 0.0438762066
v 0.0105500000 0.0005520983 0.0438996549
v 0.0105500000 0.0004613886 0.0439195572
v 0.0105500000 0.0003699675 0.0439358829
v 0.0105500000 0.0002779759 0.0439486069
v 0.0105500000 0.0001855558 0.0439577095
v 0.0105500000 0.0000928495 0.0439631767
v 0.0105500000 0.0000000000 0.0439650000
v 0.0105500000 -0.0000928495 0.0439631767
v 0.0105500000 -0.0001855558 0.0439577095
v 0.0105500000 -0.0002779759 0.0439486069
v 0.0105500000 -0.0003699675 0.0439358829
v 0.0105500000 -0.0004613886 0.0439195572
v 0.0105500000 -0.0005520983 0.0438996549
v 0.0105500000 -0.0006419567 0.0438762066
v 0.0105500000 -0.0007308252 0.0438492487
v 0.0105500000 -0.0008185668 0.0438188225
v 0.0105500000 -0.0009050463 0.0437849751
v 0.0105500000 -0.0009901303 0.0437477586
v 0.0105500000 -0.0010736875 0.0437072304
v 0.0105500000 -0.0011555892 0.0436634531
v 0.0105500000 -0.0012357091 0.0436164940
v 0.0105500000 -0.0013139236 0.0435664256
v 0.0105500000 -0.0013901121 0.0435133252
v 0.0105500000 -0.0014641572 0.0434572745
v 0.0105500000 -0.0015359446 0.0433983601
v 0.0105500000 -0.0016053638 0.0433366727
v 0.0105500000 -0.0016723075 0.0432723075
v 0.0105500000 -0.0017366727 0.0432053638
v 0.0105500000 -0.0017983601 0.0431359446
v 0.0105500000 -0.0018572745 0.0430641572
v 0.0105500000 -0.0019133252 0.0429901121
v 0.0105500000 -0.0019664256 0.0429139236
v 0.0105500000 -0.0020164940 0.0428357091
v 0.0105500000 -0.0020634531 0.0427555892
v 0.0105500000 -0.0021072304 0.0426736875
v 0.0105500000 -0.0021477586 0.0425901303
v 0.0105500000 -0.0021849751 0.0425050463
v 0.0105500000 -0.0022188225 0.0424185668
v 0.0105500000 -0.0022492487 0.0423308252
v 0.0105500000 -0.0022762066 0.0422419567
v 0.0105500000 -0.0022996549 0.0421520983
v 0.0105500000 -0.0023195572 0.0420613886
v 0.0105500000 -0.0023358829 0.0419699675
v 0.0105500000 -0.0023486069 0.0418779759
v 0.0105500000 -0.0023577095 0.0417855558
v 0.0105500000 -0.0023631767 0.0416928495
v 0.0105500000 -0.0023650000 0.0416000000
v 0.0105500000 -0.0023631767 0.0415071505
v 0.0105500000 -0.0023577095 0.0414144442
v 0.0105500000 -0.0023486069 0.0413220241
v 0.0105500000 -0.0023358829 0.0412300325
v 0.0105500000 -0.0023195572 0.0411386114
v 0.0105500000 -0.0022996549 0.0410479017
v 0.0105500000 -0.0022762066 0.0409580433
v 0.0105500000 -0.0022492487 0.0408691748
v 0.0105500000 -0.0022188225 0.0407814332
v 0.0105500000 -0.0021849751 0.0406949537
v 0.0105500000 -0.0021477586 0.0406098697
v 0.0105500000 -0.0021072304 0.0405263125
v 0.0105500000 -0.0020634531 0.0404444108
v 0.0105500000 -0.0020164940 0.0403642909
v 0.0105500000 -0.0019664256 0.0402860764
v 0.0105500000 -0.0019133252 0.0402098879
v 0.0105500000 -0.0018572745 0.0401358428
v 0.0105500000 -0.0017983601 0.0400640554
v 0.0105500000 -0.0017366727 0.0399946362
v 0.0105500000 -0.0016723075 0.0399276925
v 0.0105500000 -0.0016053638 0.0398633273
v 0.0105500000 -0.0015359446 0.0398016399
v 0.0105500000 -0.0014641572 0.0397427255
v 0.0105500000 -0.0013901121 0.0396866748
v 0.0105500000 -0.0013139236 0.0396335744
v 0.0105500000 -0.0012357091 0.0395835060
v 0.0105500000 -0.0011555892 0.0395365469
v 0.0105500000 -0.0010736875 0.0394927696
v 0.0105500000 -0.0009901303 0.0394522414
v 0.0105500000 -0.0009050463 0.0394150249
v 0.0105500000 -0.0008185668 0.0393811775
v 0.0105500000 -0.0007308252 0.0393507513
v 0.0105500000 -0.0006419567 0.0393237934
v 0.0105500000 -0.0005520983 0.0393003451
v 0.0105500000 -0.0004613886 0.0392804428
v 0.0105500000 -0.0003699675 0.0392641171
v 0.0105500000 -0.0002779759 0.0392513931
v 0.0105500000 -0.0001855558 0.0392422905
v 0.0105500000 -0.0000928495 0.0392368233
v 0.0105500000 -0.0000000000 0.0392350000
v 0.0105500000 0.0000928495 0.0392368233
v 0.0105500000 0.0001855558 0.0392422905
v 0.0105500000 0.0002779759 0.0392513931
v 0.0105500000 0.0003699675 0.0392641171
v 0.0105500000 0.0004613886 0.0392804428
v 0.0105500000 0.0005520983 0.0393003451
v 0.0105500000 0.0006419567 0.0393237934
v 0.0105500000 0.0007308252 0.0393507513
v 0.0105500000 0.0008185668 0.0393811775
v 0.0105500000 0.0009050463 0.0394150249
v 0.0105500000 0.0009901303 0.0394522414
v 0.0105500000 0.0010736875 0.0394927696
v 0.0105500000 0.0011555892 0.0395365469
v 0.0105500000 0.0012357091 0.0395835060
v 0.0105500000 0.0013139236 0.0396335744
v 0.0105500000 0.0013901121 0.0396866748
v 0.0105500000 0.0014641572 0.0397427255
v 0.0105500000 0.0015359446 0.0398016399
v 0.0105500000 0.0016053638 0.0398633273
v 0.0105500000 0.0016723075 0.0399276925
v 0.0105500000 0.0017366727 0.0399946362
v 0.0105500000 0.0017983601 0.0400640554
v 0.0105500000 0.0018572745 0.0401358428
v 0.0105500000 0.0019133252 0.0402098879
v 0.0105500000 0.0019664256 0.0402860764
v 0.0105500000 0.0020164940 0.0403642909
v 0.0105500000 0.0020634531 0.0404444108
v 0.0105500000 0.0021072304 0.0405263125
v 0.0105500000 0.0021477586 0.0406098697
v 0.0105500000 0.0021849751 0.0406949537
v 0.0105500000 0.0022188225 0.0407814332
v 0.0105500000 0.0022492487 0.0408691748
v 0.0105500000 0.0022762066 0.0409580433
v 0.0105500000 0.0022996549 0.0410479017
v 0.0105500000 0.0023195572 0.0411386114
v 0.0105500000 0.0023358829 0.0412300325
v 0.0105500000 0.0023486069 0.0413220241
v 0.0105500000 0.0023577095 0.0414144442
v 0.0105500000 0.0023631767 0.0415071505
v 0.0108500000 0.0023650000 0.0416000000
v 0.0108500000 0.0023631767 0.0416928495
v 0.0108500000 0.0023577095 0.0417855558
v 0.0108500000 0.0023486069 0.0418779759
v 0.0108500000 0.0023358829 0.0419699675
v 0.0108500000 0.0023195572 0.0420613886
v 0.0108500000 0.0022996549 0.0421520983
v 0.0108500000 0.0022762066 0.0422419567
v 0.0108500000 0.0022492487 0.0423308252
v 0.0108500000 0.0022188225 0.0424185668
v 0.0108500000 0.0021849751 0.0425050463
v 0.0108500000 0.0021477586 0.0425901303
v 0.0108500000 0.0021072304 0.0426736875
v 0.0108500000 0.0020634531 0.0427555892
v 0.0108500000 0.0020164940 0.0428357091
v 0.0108500000 0.0019664256 0.0429139236
v 0.0108500000 0.0019133252 0.0429901121
v 0.0108500000 0.0018572745 0.0430641572
v 0.0108500000 0.0017983601 0.0431359446
v 0.0108500000 0.0017366727 0.0432053638
v 0.0108500000 0.0016723075 0.0432723075
v 0.0108500000 0.0016053638 0.0433366727
v 0.0108500000 0.0015359446 0.0433983601
v 0.0108500000 0.0014641572 0.0434572745
v 0.0108500000 0.0013901121 0.0435133252
v 0.0108500000 0.0013139236 0.0435664256
v 0.0108500000 0.0012357091 0.0436164940
v 0.0108500000 0.0011555892 0.0436634531
v 0.0108500000 0.0010736875 0.0437072304
v 0.0108500000 0.0009901303 0.0437477586
v 0.0108500000 0.0009050463 0.0437849751
v 0.0108500000 0.0008185668 0.0438188225
v 0.0108500000 0.0007308252 0.0438492487
v 0.0108500000 0.0006419567 0.0438762066
v 0.0108500000 0.0005520983 0.0438996549
v 0.0108500000 0.0004613886 0.0439195572
v 0.0108500000 0.0003699675 0.0439358829
v 0.0108500000 0.0002779759 0.0439486069
v 0.0108500000 0.0001855558 0.0439577095
v 0.0108500000 0.0000928495 0.0439631767
v 0.0108500000 0.0000000000 0.0439650000
v 0.0108500000 -0.0000928495 0.0439631767
v 0.0108500000 -0.0001855558 0.0439577095
v 0.0108500000 -0.0002779759 0.0439486069
v 0.0108500000 -0.0003699675 0.0439358829
v 0.0108500000 -0.0004613886 0.0439195572
v 0.0108500000 -0.0005520983 0.0438996549
v 0.0108500000 -0.0006419567 0.0438762066
v 0.0108500000 -0.0007308252 0.0438492487
v 0.0108500000 -0.0008185668 0.0438188225
v 0.0108500000 -0.0009050463 0.0437849751
v 0.0108500000 -0.0009901303 0.0437477586
v 0.0108500000 -0.0010736875 0.0437072304
v 0.0108500000 -0.0011555892 0.0436634531
v 0.0108500000 -0.0012357091 0.0436164940
v 0.0108500000 -0.0013139236 0.0435664256
v 0.0108500000 -0.0013901121 0.0435133252
v 0.0108500000 -0.0014641572 0.0434572745
v 0.0108500000 -0.0015359446 0.0433983601
v 0.0108500000 -0.0016053638 0.0433366727
v 0.0108500000 -0.0016723075 0.0432723075
v 0.0108500000 -0.0017366727 0.0432053638
v 0.0108500000 -0.0017983601 0.0431359446
v 0.0108500000 -0.0018572745 0.0430641572
v 0.0108500000 -0.0019133252 0.0429901121
v 0.0108500000 -0.0019664256 0.0429139236
v 0.0108500000 -0.0020164940 0.0428357091
v 0.0108500000 -0.0020634531 0.0427555892
v 0.0108500000 -0.0021072304 0.0426736875
v 0.0108500000 -0.0021477586 0.0425901303
v 0.0108500000 -0.0021849751 0.0425050463
v 0.0108500000 -0.0022188225 0.0424185668
v 0.0108500000 -0.0022492487 0.0423308252
v 0.0108500000 -0.0022762066 0.0422419567
v 0.0108500000 -0.0022996549 0.0421520983
v 0.0108500000 -0.0023195572 0.0420613886
v 0.0108500000 -0.0023358829 0.0419699675
v 0.0108500000 -0.0023486069 0.0418779759
v 0.0108500000 -0.0023577095 0.0417855558
v 0.0108500000 -0.0023631767 0.0416928495
v 0.0108500000 -0.0023650000 0.0416000000
v 0.0108500000 -0.0023631767 0.0415071505
v 0.0108500000 -0.0023577095 0.0414144442
v 0.0108500000 -0.0023486069 0.0413220241
v 0.0108500000 -0.0023358829 0.0412300325
v 0.0108500000 -0.0023195572 0.0411386114
v 0.0108500000 -0.0022996549 0.0410479017
v 0.0108500000 -0.0022762066 0.0409580433
v 0.0108500000 -0.0022492487 0.0408691748
v 0.0108500000 -0.0022188225 0.0407814332
v 0.0108500000 -0.0021849751 0.0406949537
v 0.0108500000 -0.0021477586 0.0406098697
v 0.0108500000 -0.0021072304 0.0405263125
v 0.0108500000 -0.0020634531 0.0404444108
v 0.0108500000 -0.0020164940 0.0403642909
v 0.0108500000 -0.0019664256 0.0402860764
v 0.0108500000 -0.0019133252 0.0402098879
v 0.0108500000 -0.0018572745 0.0401358428
v 0.0108500000 -0.0017983601 0.0400640554
v 0.0108500000 -0.0017366727 0.0399946362
v 0.0108500000 -0.0016723075 0.0399276925
v 0.0108500000 -0.0016053638 0.0398633273
v 0.0108500000 -0.0015359446 0.0398016399
v 0.0108500000 -0.0014641572 0.0397427255
v 0.0108500000 -0.0013901121 0.0396866748
v 0.0108500000 -0.0013139236 0.0396335744
v 0.0108500000 -0.0012357091 0.0395835060
v 0.0108500000 -0.0011555892 0.0395365469
v 0.0108500000 -0.0010736875 0.0394927696
v 0.0108500000 -0.0009901303 0.0394522414
v 0.0108500000 -0.0009050463 0.0394150249
v 0.0108500000 -0.0008185668 0.0393811775
v 0.0108500000 -0.0007308252 0.0393507513
v 0.0108500000 -0.0006419567 0.0393237934
v 0.0108500000 -0.0005520983 0.0393003451
v 0.0108500000 -0.0004613886 0.0392804428
v 0.0108500000 -0.0003699675 0.0392641171
v 0.0108500000 -0.0002779759 0.0392513931
v 0.0108500000 -0.0001855558 0.0392422905
v 0.0108500000 -0.0000928495 0.0392368233
v 0.0108500000 -0.0000000000 0.0392350000
v 0.0108500000 0.0000928495 0.0392368233
v 0.0108500000 0.0001855558 0.0392422905
v 0.0108500000 0.0002779759 0.0392513931
v 0.0108500000 0.0003699675 0.0392641171
v 0.0108500000 0.0004613886 0.0392804428
v 0.0108500000 0.0005520983 0.0393003451
v 0.0108500000 0.0006419567 0.0393237934
v 0.0108500000 0.0007308252 0.0393507513
v 0.0108500000 0.0008185668 0.0393811775
v 0.0108500000 0.0009050463 0.0394150249
v 0.0108500000 0.0009901303 0.0394522414
v 0.0108500000 0.0010736875 0.0394927696
v 0.0108500000 0.0011555892 0.0395365469
v 0.0108500000 0.0012357091 0.0395835060
v 0.0108500000 0.0013139236 0.0396335744
v 0.0108500000 0.0013901121 0.0396866748
v 0.0108500000 0.0014641572 0.0397427255
v 0.0108500000 0.0015359446 0.0398016399
v 0.0108500000 0.0016053638 0.0398633273
v 0.0108500000 0.0016723075 0.0399276925
v 0.0108500000 0.0017366727 0.0399946362
v 0.0108500000 0.0017983601 0.0400640554
v 0.0108500000 0.0018572745 0.0401358428
v 0.0108500000 0.0019133252 0.0402098879
v 0.0108500000 0.0019664256 0.0402860764
v 0.0108500000 0.0020164940 0.0403642909
v 0.0108500000 0.0020634531 0.0404444108
v 0.0108500000 0.0021072304 0.0405263125
v 0.0108500000 0.0021477586 0.0406098697
v 0.0108500000 0.0021849751 0.0406949537
v 0.0108500000 0.0022188225 0.0407814332
v 0.0108500000 0.0022492487 0.0408691748
v 0.0108500000 0.0022762066 0.0409580433
v 0.0108500000 0.0022996549 0.0410479017
v 0.0108500000 0.0023195572 0.0411386114
v 0.0108500000 0.0023358829 0.0412300325
v 0.0108500000 0.0023486069 0.0413220241
v 0.0108500000 0.0023577095 0.0414144442
v 0.0108500000 0.0023631767 0.0415071505
vn -1.00000000 0.00000000 0.00000000
vn -1.00000000 0.00000000 0.00000000
vn -1.00000000 0.00000000 0.00000000
vn -1.00000000 0.00000000 0.00000000
vn -1.00000000 0.00000000 0.00000000
vn -1.00000000 0.00000000 0.00000000
vn -1.00000000 0.00000000 0.00000000
vn -1.00000000 0.00000000 0.00000000
vn -1.00000000 0.00000000 0.00000000
vn -1.00000000 0.00000000 0.00000000
vn -1.00000000 0.00000000 0.00000000
vn -1.00000000 0.00000000 0.00000000
vn -1.00000000 0.00000000 0.00000000
vn -1.00000000 0.00000000 0.00000000
vn -1.00000000 0.00000000 0.00000000
vn -1.00000000 0.00000000 0.00000000
vn -1.00000000 0.00000000 0.00000000
vn -1.00000000 0.00000000 0.00000000
vn -1.00000000 0.00000000 0.00000000
vn -1.00000000 0.00000000 0.00000000
vn -1.00000000 0.00000000 0.00000000
vn -1.00000000 0.00000000 0.00000000
vn -1.00000000 0.00000000 0.00000000
vn -1.00000000 0.00000000 0.00000000
vn -1.00000000 0.00000000 0.00000000
vn -1.00000000 0.00000000 0.00000000
vn -1.00000000 0.00000000 0.00000000
vn -1.00000000 0.00000000 0.00000000
vn -1.00000000 0.00000000 0.00000000
vn -1.00000000 0.00000000 0.00000000
vn -1.00000000 0.00000000 0.00000000
vn -1.00000000 0.00000000 0.00000000
vn -1.00000000 0.00000000 0.00000000
vn -1.00000000 0.00000000 0.00000000
vn -1.00000000 0.00000000 0.00000000
vn -1.00000000 0.00000000 0.00000000
vn -1.00000000 0.00000000 0.00000000
vn -1.00000000 0.00000000 0.00000000
vn -1.00000000 0.00000000 0.00000000
vn -1.00000000 0.00000000 0.00000000
vn -1.00000000 0.00000000 0.00000000
vn -1.00000000 0.00000000 0.00000000
vn -1.00000000 0.00000000 0.00000000
vn -1.00000000 0.00000000 0.00000000
vn -1.00000000 0.00000000 0.00000000
vn -1.00000000 0.00000000 0.00000000
vn -1.00000000 0.00000000 0.00000000
vn -1.00000000 0.00000000 0.00000000
vn -1.00000000 0.00000000 0.00000000
vn -1.00000000 0.00000000 0.00000000
vn -1.00000000 0.00000000 0.00000000
vn -1.00000000 0.00000000 0.00000000
vn -1.00000000 0.00000000 0.00000000
vn -1.00000000 0.00000000 0.00000000
vn -1.00000000 0.00000000 0.00000000
vn -1.00000000 0.00000000 0.00000000
vn -1.00000000 0.00000000 0.00000000
vn -1.00000000 0.00000000 0.00000000
vn -1.00000000 0.00000000 0.00000000
vn -1.00000000 0.00000000 0.00000000
vn -1.00000000 0.00000000 0.00000000
vn -1.00000000 0.00000000 0.00000000
vn -1.00000000 0.00000000 0.00000000
vn -1.00000000 0.00000000 0.00000000
vn -1.00000000 0.00000000 0.00000000
vn -1.00000000 0.00000000 0.00000000
vn -1.00000000 0.00000000 0.00000000
vn -1.00000000 0.00000000 0.00000000
vn -1.00000000 0.00000000 0.00000000
vn -1.00000000 0.00000000 0.00000000
vn -1.00000000 0.00000000 0.00000000
vn -1.00000000 0.00000000 0.00000000
vn -1.00000000 0.00000000 0.00000000
vn -1.00000000 0.00000000 0.00000000
vn -1.00000000 0.00000000 0.00000000
vn -1.00000000 0.00000000 0.00000000
vn -1.00000000 0.00000000 0.00000000
vn -1.00000000 0.00000000 0.00000000
vn -1.00000000 0.00000000 0.00000000
vn -1.00000000 0.00000000 0.00000000
vn -1.00000000 0.00000000 0.00000000
vn -1.00000000 0.00000000 0.00000000
vn -1.00000000 0.00000000 0.00000000
vn -1.00000000 0.00000000 0.00000000
vn -1.00000000 0.00000000 0.00000000
vn -1.00000000 0.00000000 0.00000000
vn -1.00000000 0.00000000 0.00000000
vn -1.00000000 0.00000000 0.00000000
vn -1.00000000 0.00000000 0.00000000
vn -1.00000000 0.00000000 0.00000000
vn -1.00000000 0.00000000 0.00000000
vn -1.00000000 0.00000000 0.00000000
vn -1.00000000 0.00000000 0.00000000
vn -1.00000000 0.00000000 0.00000000
vn -1.00000000 0.00000000 0.00000000
vn -1.00000000 0.00000000 0.00000000
vn -1.00000000 0.00000000 0.00000000
vn -1.00000000 0.00000000 0.00000000
vn -1.00000000 0.00000000 0.00000000
vn -1.00000000 0.00000000 0.00000000
vn -1.00000000 0.00000000 0.00000000
vn -1.00000000 0.00000000 0.00000000
vn -1.00000000 0.00000000 0.00000000
vn -1.00000000 0.00000000 0.00000000
vn -1.00000000 0.00000000 0.00000000
vn -1.00000000 0.00000000 0.00000000
vn -1.00000000 0.00000000 0.00000000
vn -1.00000000 0.00000000 0.00000000
vn -1.00000000 0.00000000 0.00000000
vn -1.00000000 0.00000000 0.00000000
vn -1.00000000 0.00000000 0.00000000
vn -1.00000000 0.00000000 0.00000000
vn -1.00000000 0.00000000 0.00000000
vn -1.00000000 0.00000000 0.00000000
vn -1.00000000 0.00000000 0.00000000
vn -1.00000000 0.00000000 0.00000000
vn -1.00000000 0.00000000 0.00000000
vn -1.00000000 0.00000000 0.00000000
vn -1.00000000 0.00000000 0.00000000
vn -1.00000000 0.00000000 0.00000000
vn -1.00000000 0.00000000 0.00000000
vn -1.00000000 0.00000000 0.00000000
vn -1.00000000 0.00000000 0.00000000
vn -1.00000000 0.00000000 0.00000000
vn -1.00000000 0.00000000 0.00000000
vn -1.00000000 0.00000000 0.00000000
vn -1.00000000 0.00000000 0.00000000
vn -1.00000000 0.00000000 0.00000000
vn -1.00000000 0.00000000 0.00000000
vn -1.00000000 0.00000000 0.00000000
vn -1.00000000 0.00000000 0.00000000
vn -1.00000000 0.00000000 0.00000000
vn -1.00000000 0.00000000 0.00000000
vn -1.00000000 0.00000000 0.00000000
vn -1.00000000 0.00000000 0.00000000
vn -1.00000000 0.00000000 0.00000000
vn -1.00000000 0.00000000 0.00000000
vn -1.00000000 0.00000000 0.00000000
vn -1.00000000 0.00000000 0.00000000
vn -1.00000000 0.00000000 0.00000000
vn -1.00000000 0.00000000 0.00000000
vn -1.00000000 0.00000000 0.00000000
vn -1.00000000 0.00000000 0.00000000
vn -1.00000000 0.00000000 0.00000000
vn -1.00000000 0.00000000 0.00000000
vn -1.00000000 0.00000000 0.00000000
vn -1.00000000 0.00000000 0.00000000
vn -1.00000000 0.00000000 0.00000000
vn -1.00000000 0.00000000 0.00000000
vn -1.00000000 0.00000000 0.00000000
vn -1.00000000 0.00000000 0.00000000
vn -1.00000000 0.00000000 0.00000000
vn -1.00000000 0.00000000 0.00000000
vn -1.00000000 0.00000000 0.00000000
vn -1.00000000 0.00000000 0.00000000
vn -1.00000000 0.00000000 0.00000000
vn -1.00000000 0.00000000 0.00000000
vn -1.00000000 0.00000000 0.00000000
vn -1.00000000 0.00000000 0.00000000
vn -1.00000000 0.00000000 0.00000000
vn -0.99800087 0.06320026 0.00000000
vn -0.99800087 0.06315154 0.00248123
vn -0.99800087 0.06300544 0.00495864
vn -0.99800087 0.06276219 0.00742839
vn -0.99800087 0.06242216 0.00988670
vn -0.99800087 0.06198589 0.01232976
vn -0.99800087 0.06145404 0.01475381
vn -0.99800087 0.06082742 0.01715511
vn -0.99800087 0.06010702 0.01952996
vn -0.99800087 0.05929394 0.02187469
vn -0.99800087 0.05838943 0.02418569
vn -0.99800087 0.05739489 0.02645941
vn -0.99800087 0.05631185 0.02869232
vn -0.99800087 0.05514198 0.03088099
vn -0.99800087 0.05388708 0.03302205
vn -0.99800087 0.05254910 0.03511219
vn -0.99800087 0.05113009 0.03714818
vn -0.99800087 0.04963224 0.03912690
vn -0.99800087 0.04805786 0.04104529
vn -0.99800087 0.04640938 0.04290039
vn -0.99800087 0.04468934 0.04468934
vn -0.99800087 0.04290039 0.04640938
vn -0.99800087 0.04104529 0.04805786
vn -0.99800087 0.03912690 0.04963224
vn -0.99800087 0.03714818 0.05113009
vn -0.99800087 0.03511219 0.05254910
vn -0.99800087 0.03302205 0.05388708
vn -0.99800087 0.03088099 0.05514198
vn -0.99800087 0.02869232 0.05631185
vn -0.99800087 0.02645941 0.05739489
vn -0.99800087 0.02418569 0.05838943
vn -0.99800087 0.02187469 0.05929394
vn -0.99800087 0.01952996 0.06010702
vn -0.99800087 0.01715511 0.06082742
vn -0.99800087 0.01475381 0.06145404
vn -0.99800087 0.01232976 0.06198589
vn -0.99800087 0.00988670 0.06242216
vn -0.99800087 0.00742839 0.06276219
vn -0.99800087 0.00495864 0.06300544
vn -0.99800087 0.00248123 0.06315154
vn -0.99800087 -0.00000000 0.06320026
vn -0.99800087 -0.00248123 0.06315154
vn -0.99800087 -0.00495864 0.06300544
vn -0.99800087 -0.00742839 0.06276219
vn -0.99800087 -0.00988670 0.06242216
vn -0.99800087 -0.01232976 0.06198589
vn -0.99800087 -0.01475381 0.06145404
vn -0.99800087 -0.01715511 0.06082742
vn -0.99800087 -0.01952996 0.06010702
vn -0.99800087 -0.02187469 0.05929394
vn -0.99800087 -0.02418569 0.05838943
vn -0.99800087 -0.02645941 0.05739489
vn -0.99800087 -0.02869232 0.05631185
vn -0.99800087 -0.03088099 0.05514198
vn -0.99800087 -0.03302205 0.05388708
vn -0.99800087 -0.03511219 0.05254910
vn -0.99800087 -0.03714818 0.05113009
vn -0.99800087 -0.03912690 0.04963224
vn -0.99800087 -0.04104529 0.04805786
vn -0.99800087 -0.04290039 0.04640938
vn -0.99800087 -0.04468934 0.04468934
vn -0.99800087 -0.04640938 0.04290039
vn -0.99800087 -0.04805786 0.04104529
vn -0.99800087 -0.04963224 0.03912690
vn -0.99800087 -0.05113009 0.03714818
vn -0.99800087 -0.05254910 0.03511219
vn -0.99800087 -0.05388708 0.03302205
vn -0.99800087 -0.05514198 0.03088099
vn -0.99800087 -0.05631185 0.02869232
vn -0.99800087 -0.05739489 0.02645941
vn -0.99800087 -0.05838943 0.02418569
vn -0.99800087 -0.05929394 0.02187469
vn -0.99800087 -0.06010702 0.01952996
vn -0.99800087 -0.06082742 0.01715511
vn -0.99800087 -0.06145404 0.01475381
vn -0.99800087 -0.06198589 0.01232976
vn -0.99800087 -0.06242216 0.00988670
vn -0.99800087 -0.06276219 0.00742839
vn -0.99800087 -0.06300544 0.00495864
vn -0.99800087 -0.06315154 0.00248123
vn -0.99800087 -0.06320026 -0.00000000
vn -0.99800087 -0.06315154 -0.00248123
vn -0.99800087 -0.06300544 -0.00495864
vn -0.99800087 -0.06276219 -0.00742839
vn -0.99800087 -0.06242216 -0.00988670
vn -0.99800087 -0.06198589 -0.01232976
vn -0.99800087 -0.06145404 -0.01475381
vn -0.99800087 -0.06082742 -0.01715511
vn -0.99800087 -0.06010702 -0.01952996
vn -0.99800087 -0.05929394 -0.02187469
vn -0.99800087 -0.05838943 -0.02418569
vn -0.99800087 -0.05739489 -0.02645941
vn -0.99800087 -0.05631185 -0.02869232
vn -0.99800087 -0.05514198 -0.03088099
vn -0.99800087 -0.05388708 -0.03302205
vn -0.99800087 -0.05254910 -0.03511219
vn -0.99800087 -0.05113009 -0.03714818
vn -0.99800087 -0.04963224 -0.03912690
vn -0.99800087 -0.04805786 -0.04104529
vn -0.99800087 -0.04640938 -0.04290039
vn -0.99800087 -0.04468934 -0.04468934
vn -0.99800087 -0.04290039 -0.04640938
vn -0.99800087 -0.04104529 -0.04805786
vn -0.99800087 -0.03912690 -0.04963224
vn -0.99800087 -0.03714818 -0.05113009
vn -0.99800087 -0.03511219 -0.05254910
vn -0.99800087 -0.03302205 -0.05388708
vn -0.99800087 -0.03088099 -0.05514198
vn -0.99800087 -0.02869232 -0.05631185
vn -0.99800087 -0.02645941 -0.05739489
vn -0.99800087 -0.02418569 -0.05838943
vn -0.99800087 -0.02187469 -0.05929394
vn -0.99800087 -0.01952996 -0.06010702
vn -0.99800087 -0.01715511 -0.06082742
vn -0.99800087 -0.01475381 -0.06145404
vn -0.99800087 -0.01232976 -0.06198589
vn -0.99800087 -0.00988670 -0.06242216
vn -0.99800087 -0.00742839 -0.06276219
vn -0.99800087 -0.00495864 -0.06300544
vn -0.99800087 -0.00248123 -0.06315154
vn -0.99800087 0.00000000 -0.06320026
vn -0.99800087 0.00248123 -0.06315154
vn -0.99800087 0.00495864 -0.06300544
vn -0.99800087 0.00742839 -0.06276219
vn -0.99800087 0.00988670 -0.06242216
vn -0.99800087 0.01232976 -0.06198589
vn -0.99800087 0.01475381 -0.06145404
vn -0.99800087 0.01715511 -0.06082742
vn -0.99800087 0.01952996 -0.06010702
vn -0.99800087 0.02187469 -0.05929394
vn -0.99800087 0.02418569 -0.05838943
vn -0.99800087 0.02645941 -0.05739489
vn -0.99800087 0.02869232 -0.05631185
vn -0.99800087 0.03088099 -0.05514198
vn -0.99800087 0.03302205 -0.05388708
vn -0.99800087 0.03511219 -0.05254910
vn -0.99800087 0.03714818 -0.05113009
vn -0.99800087 0.03912690 -0.04963224
vn -0.99800087 0.04104529 -0.04805786
vn -0.99800087 0.04290039 -0.04640938
vn -0.99800087 0.04468934 -0.04468934
vn -0.99800087 0.04640938 -0.04290039
vn -0.99800087 0.04805786 -0.04104529
vn -0.99800087 0.04963224 -0.03912690
vn -0.99800087 0.05113009 -0.03714818
vn -0.99800087 0.05254910 -0.03511219
vn -0.99800087 0.05388708 -0.03302205
vn -0.99800087 0.05514198 -0.03088099
vn -0.99800087 0.05631185 -0.02869232
vn -0.99800087 0.05739489 -0.02645941
vn -0.99800087 0.05838943 -0.02418569
vn -0.99800087 0.05929394 -0.02187469
vn -0.99800087 0.06010702 -0.01952996
vn -0.99800087 0.06082742 -0.01715511
vn -0.99800087 0.06145404 -0.01475381
vn -0.99800087 0.06198589 -0.01232976
vn -0.99800087 0.06242216 -0.00988670
vn -0.99800087 0.06276219 -0.00742839
vn -0.99800087 0.06300544 -0.00495864
vn -0.99800087 0.06315154 -0.00248123
vn -0.98431487 0.17642064 0.00000000
vn -0.98431487 0.17628462 0.00692624
vn -0.98431487 0.17587679 0.01384180
vn -0.98431487 0.17519777 0.02073602
vn -0.98431487 0.17424861 0.02759827
vn -0.98431487 0.17303076 0.03441796
vn -0.98431487 0.17154612 0.04118458
vn -0.98431487 0.16979697 0.04788770
vn -0.98431487 0.16778600 0.05451697
vn -0.98431487 0.16551631 0.06106219
vn -0.98431487 0.16299142 0.06751325
vn -0.98431487 0.16021520 0.07386022
vn -0.98431487 0.15719194 0.08009329
vn -0.98431487 0.15392630 0.08620287
vn -0.98431487 0.15042332 0.09217953
vn -0.98431487 0.14668840 0.09801405
vn -0.98431487 0.14272729 0.10369745
vn -0.98431487 0.13854611 0.10922095
vn -0.98431487 0.13415130 0.11457604
vn -0.98431487 0.12954964 0.11975446
vn -0.98431487 0.12474823 0.12474823
vn -0.98431487 0.11975446 0.12954964
vn -0.98431487 0.11457604 0.13415130
vn -0.98431487 0.10922095 0.13854611
vn -0.98431487 0.10369745 0.14272729
vn -0.98431487 0.09801405 0.14668840
vn -0.98431487 0.09217953 0.15042332
vn -0.98431487 0.08620287 0.15392630
vn -0.98431487 0.08009329 0.15719194
vn -0.98431487 0.07386022 0.16021520
vn -0.98431487 0.06751325 0.16299142
vn -0.98431487 0.06106219 0.16551631
vn -0.98431487 0.05451697 0.16778600
vn -0.98431487 0.04788770 0.16979697
vn -0.98431487 0.04118458 0.17154612
vn -0.98431487 0.03441796 0.17303076
vn -0.98431487 0.02759827 0.17424861
vn -0.98431487 0.02073602 0.17519777
vn -0.98431487 0.01384180 0.17587679
vn -0.98431487 0.00692624 0.17628462
vn -0.98431487 -0.00000000 0.17642064
vn -0.98431487 -0.00692624 0.17628462
vn -0.98431487 -0.01384180 0.17587679
vn -0.98431487 -0.02073602 0.17519777
vn -0.98431487 -0.02759827 0.17424861
vn -0.98431487 -0.03441796 0.17303076
vn -0.98431487 -0.04118458 0.17154612
vn -0.98431487 -0.04788770 0.16979697
vn -0.98431487 -0.05451697 0.16778600
vn -0.98431487 -0.06106219 0.16551631
vn -0.98431487 -0.06751325 0.16299142
vn -0.98431487 -0.07386022 0.16021520
vn -0.98431487 -0.08009329 0.15719194
vn -0.98431487 -0.08620287 0.15392630
vn -0.98431487 -0.09217953 0.15042332
vn -0.98431487 -0.09801405 0.14668840
vn -0.98431487 -0.10369745 0.14272729
vn -0.98431487 -0.10922095 0.13854611
vn -0.98431487 -0.11457604 0.13415130
vn -0.98431487 -0.11975446 0.12954964
vn -0.98431487 -0.12474823 0.12474823
vn -0.98431487 -0.12954964 0.11975446
vn -0.98431487 -0.13415130 0.11457604
vn -0.98431487 -0.13854611 0.10922095
vn -0.98431487 -0.14272729 0.10369745
vn -0.98431487 -0.14668840 0.09801405
vn -0.98431487 -0.15042332 0.09217953
vn -0.98431487 -0.15392630 0.08620287
vn -0.98431487 -0.15719194 0.08009329
vn -0.98431487 -0.16021520 0.07386022
vn -0.98431487 -0.16299142 0.06751325
vn -0.98431487 -0.16551631 0.06106219
vn -0.98431487 -0.16778600 0.05451697
vn -0.98431487 -0.16979697 0.04788770
vn -0.98431487 -0.17154612 0.04118458
vn -0.98431487 -0.17303076 0.03441796
vn -0.98431487 -0.17424861 0.02759827
vn -0.98431487 -0.17519777 0.02073602
vn -0.98431487 -0.17587679 0.01384180
vn -0.98431487 -0.17628462 0.00692624
vn -0.98431487 -0.17642064 -0.00000000
vn -0.98431487 -0.17628462 -0.00692624
vn -0.98431487 -0.17587679 -0.01384180
vn -0.98431487 -0.17519777 -0.02073602
vn -0.98431487 -0.17424861 -0.02759827
vn -0.98431487 -0.17303076 -0.03441796
vn -0.98431487 -0.17154612 -0.04118458
vn -0.98431487 -0.16979697 -0.04788770
vn -0.98431487 -0.16778600 -0.05451697
vn -0.98431487 -0.16551631 -0.06106219
vn -0.98431487 -0.16299142 -0.06751325
vn -0.98431487 -0.16021520 -0.07386022
vn -0.98431487 -0.15719194 -0.08009329
vn -0.98431487 -0.15392630 -0.08620287
vn -0.98431487 -0.15042332 -0.09217953
vn -0.98431487 -0.14668840 -0.09801405
vn -0.98431487 -0.14272729 -0.10369745
vn -0.98431487 -0.13854611 -0.10922095
vn -0.98431487 -0.13415130 -0.11457604
vn -0.98431487 -0.12954964 -0.11975446
vn -0.98431487 -0.12474823 -0.12474823
vn -0.98431487 -0.11975446 -0.12954964
vn -0.98431487 -0.11457604 -0.13415130
vn -0.98431487 -0.10922095 -0.13854611
vn -0.98431487 -0.10369745 -0.14272729
vn -0.98431487 -0.09801405 -0.14668840
vn -0.98431487 -0.09217953 -0.15042332
vn -0.98431487 -0.08620287 -0.15392630
vn -0.98431487 -0.08009329 -0.15719194
vn -0.98431487 -0.07386022 -0.16021520
vn -0.98431487 -0.06751325 -0.16299142
vn -0.98431487 -0.06106219 -0.16551631
vn -0.98431487 -0.05451697 -0.16778600
vn -0.98431487 -0.04788770 -0.16979697
vn -0.98431487 -0.04118458 -0.17154612
vn -0.98431487 -0.03441796 -0.17303076
vn -0.98431487 -0.02759827 -0.17424861
vn -0.98431487 -0.02073602 -0.17519777
vn -0.98431487 -0.01384180 -0.17587679
vn -0.98431487 -0.00692624 -0.17628462
vn -0.98431487 0.00000000 -0.17642064
vn -0.98431487 0.00692624 -0.17628462
vn -0.98431487 0.01384180 -0.17587679
vn -0.98431487 0.02073602 -0.17519777
vn -0.98431487 0.02759827 -0.17424861
vn -0.98431487 0.03441796 -0.17303076
vn -0.98431487 0.04118458 -0.17154612
vn -0.98431487 0.04788770 -0.16979697
vn -0.98431487 0.05451697 -0.16778600
vn -0.98431487 0.06106219 -0.16551631
vn -0.98431487 0.06751325 -0.16299142
vn -0.98431487 0.07386022 -0.16021520
vn -0.98431487 0.08009329 -0.15719194
vn -0.98431487 0.08620287 -0.15392630
vn -0.98431487 0.09217953 -0.15042332
vn -0.98431487 0.09801405 -0.14668840
vn -0.98431487 0.10369745 -0.14272729
vn -0.98431487 0.10922095 -0.13854611
vn -0.98431487 0.11457604 -0.13415130
vn -0.98431487 0.11975446 -0.12954964
vn -0.98431487 0.12474823 -0.12474823
vn -0.98431487 0.12954964 -0.11975446
vn -0.98431487 0.13415130 -0.11457604
vn -0.98431487 0.13854611 -0.10922095
vn -0.98431487 0.14272729 -0.10369745
vn -0.98431487 0.14668840 -0.09801405
vn -0.98431487 0.15042332 -0.09217953
vn -0.98431487 0.15392630 -0.08620287
vn -0.98431487 0.15719194 -0.08009329
vn -0.98431487 0.16021520 -0.07386022
vn -0.98431487 0.16299142 -0.06751325
vn -0.98431487 0.16551631 -0.06106219
vn -0.98431487 0.16778600 -0.05451697
vn -0.98431487 0.16979697 -0.04788770
vn -0.98431487 0.17154612 -0.04118458
vn -0.98431487 0.17303076 -0.03441796
vn -0.98431487 0.17424861 -0.02759827
vn -0.98431487 0.17519777 -0.02073602
vn -0.98431487 0.17587679 -0.01384180
vn -0.98431487 0.17628462 -0.00692624
vn -0.98413039 0.17744683 0.00000000
vn -0.98413039 0.17731002 0.00696653
vn -0.98413039 0.17689982 0.01392232
vn -0.98413039 0.17621685 0.02085664
vn -0.98413039 0.17526216 0.02775880
vn -0.98413039 0.17403724 0.03461816
vn -0.98413039 0.17254396 0.04142414
vn -0.98413039 0.17078463 0.04816625
vn -0.98413039 0.16876196 0.05483408
vn -0.98413039 0.16647907 0.06141737
vn -0.98413039 0.16393949 0.06790596
vn -0.98413039 0.16114712 0.07428984
vn -0.98413039 0.15810628 0.08055917
vn -0.98413039 0.15482165 0.08670429
vn -0.98413039 0.15129829 0.09271571
vn -0.98413039 0.14754164 0.09858417
vn -0.98413039 0.14355750 0.10430063
vn -0.98413039 0.13935200 0.10985626
vn -0.98413039 0.13493163 0.11524249
vn -0.98413039 0.13030320 0.12045104
vn -0.98413039 0.12547385 0.12547385
vn -0.98413039 0.12045104 0.13030320
vn -0.98413039 0.11524249 0.13493163
vn -0.98413039 0.10985626 0.13935200
vn -0.98413039 0.10430063 0.14355750
vn -0.98413039 0.09858417 0.14754164
vn -0.98413039 0.09271571 0.15129829
vn -0.98413039 0.08670429 0.15482165
vn -0.98413039 0.08055917 0.15810628
vn -0.98413039 0.07428984 0.16114712
vn -0.98413039 0.06790596 0.16393949
vn -0.98413039 0.06141737 0.16647907
vn -0.98413039 0.05483408 0.16876196
vn -0.98413039 0.04816625 0.17078463
vn -0.98413039 0.04142414 0.17254396
vn -0.98413039 0.03461816 0.17403724
vn -0.98413039 0.02775880 0.17526216
vn -0.98413039 0.02085664 0.17621685
vn -0.98413039 0.01392232 0.17689982
vn -0.98413039 0.00696653 0.17731002
vn -0.98413039 -0.00000000 0.17744683
vn -0.98413039 -0.00696653 0.17731002
vn -0.98413039 -0.01392232 0.17689982
vn -0.98413039 -0.02085664 0.17621685
vn -0.98413039 -0.02775880 0.17526216
vn -0.98413039 -0.03461816 0.17403724
vn -0.98413039 -0.04142414 0.17254396
vn -0.98413039 -0.04816625 0.17078463
vn -0.98413039 -0.05483408 0.16876196
vn -0.98413039 -0.06141737 0.16647907
vn -0.98413039 -0.06790596 0.16393949
vn -0.98413039 -0.07428984 0.16114712
vn -0.98413039 -0.08055917 0.15810628
vn -0.98413039 -0.08670429 0.15482165
vn -0.98413039 -0.09271571 0.15129829
vn -0.98413039 -0.09858417 0.14754164
vn -0.98413039 -0.10430063 0.14355750
vn -0.98413039 -0.10985626 0.13935200
vn -0.98413039 -0.11524249 0.13493163
vn -0.98413039 -0.12045104 0.13030320
vn -0.98413039 -0.12547385 0.12547385
vn -0.98413039 -0.13030320 0.12045104
vn -0.98413039 -0.13493163 0.11524249
vn -0.98413039 -0.13935200 0.10985626
vn -0.98413039 -0.14355750 0.10430063
vn -0.98413039 -0.14754164 0.09858417
vn -0.98413039 -0.15129829 0.09271571
vn -0.98413039 -0.15482165 0.08670429
vn -0.98413039 -0.15810628 0.08055917
vn -0.98413039 -0.16114712 0.07428984
vn -0.98413039 -0.16393949 0.06790596
vn -0.98413039 -0.16647907 0.06141737
vn -0.98413039 -0.16876196 0.05483408
vn -0.98413039 -0.17078463 0.04816625
vn -0.98413039 -0.17254396 0.04142414
vn -0.98413039 -0.17403724 0.03461816
vn -0.98413039 -0.17526216 0.02775880
vn -0.98413039 -0.17621685 0.02085664
vn -0.98413039 -0.17689982 0.01392232
vn -0.98413039 -0.17731002 0.00696653
vn -0.98413039 -0.17744683 -0.00000000
vn -0.98413039 -0.17731002 -0.00696653
vn -0.98413039 -0.17689982 -0.01392232
vn -0.98413039 -0.17621685 -0.02085664
vn -0.98413039 -0.17526216 -0.02775880
vn -0.98413039 -0.17403724 -0.03461816
vn -0.98413039 -0.17254396 -0.04142414
vn -0.98413039 -0.17078463 -0.04816625
vn -0.98413039 -0.16876196 -0.05483408
vn -0.98413039 -0.16647907 -0.06141737
vn -0.98413039 -0.16393949 -0.06790596
vn -0.98413039 -0.16114712 -0.07428984
vn -0.98413039 -0.15810628 -0.08055917
vn -0.98413039 -0.15482165 -0.08670429
vn -0.98413039 -0.15129829 -0.09271571
vn -0.98413039 -0.14754164 -0.09858417
vn -0.98413039 -0.14355750 -0.10430063
vn -0.98413039 -0.13935200 -0.10985626
vn -0.98413039 -0.13493163 -0.11524249
vn -0.98413039 -0.13030320 -0.12045104
vn -0.98413039 -0.12547385 -0.12547385
vn -0.98413039 -0.12045104 -0.13030320
vn -0.98413039 -0.11524249 -0.13493163
vn -0.98413039 -0.10985626 -0.13935200
vn -0.98413039 -0.10430063 -0.14355750
vn -0.98413039 -0.09858417 -0.14754164
vn -0.98413039 -0.09271571 -0.15129829
vn -0.98413039 -0.08670429 -0.15482165
vn -0.98413039 -0.08055917 -0.15810628
vn -0.98413039 -0.07428984 -0.16114712
vn -0.98413039 -0.06790596 -0.16393949
vn -0.98413039 -0.06141737 -0.16647907
vn -0.98413039 -0.05483408 -0.16876196
vn -0.98413039 -0.04816625 -0.17078463
vn -0.98413039 -0.04142414 -0.17254396
vn -0.98413039 -0.03461816 -0.17403724
vn -0.98413039 -0.02775880 -0.17526216
vn -0.98413039 -0.02085664 -0.17621685
vn -0.98413039 -0.01392232 -0.17689982
vn -0.98413039 -0.00696653 -0.17731002
vn -0.98413039 0.00000000 -0.17744683
vn -0.98413039 0.00696653 -0.17731002
vn -0.98413039 0.01392232 -0.17689982
vn -0.98413039 0.02085664 -0.17621685
vn -0.98413039 0.02775880 -0.17526216
vn -0.98413039 0.03461816 -0.17403724
vn -0.98413039 0.04142414 -0.17254396
vn -0.98413039 0.04816625 -0.17078463
vn -0.98413039 0.05483408 -0.16876196
vn -0.98413039 0.06141737 -0.16647907
vn -0.98413039 0.06790596 -0.16393949
vn -0.98413039 0.07428984 -0.16114712
vn -0.98413039 0.08055917 -0.15810628
vn -0.98413039 0.08670429 -0.15482165
vn -0.98413039 0.09271571 -0.15129829
vn -0.98413039 0.09858417 -0.14754164
vn -0.98413039 0.10430063 -0.14355750
vn -0.98413039 0.10985626 -0.13935200
vn -0.98413039 0.11524249 -0.13493163
vn -0.98413039 0.12045104 -0.13030320
vn -0.98413039 0.12547385 -0.12547385
vn -0.98413039 0.13030320 -0.12045104
vn -0.98413039 0.13493163 -0.11524249
vn -0.98413039 0.13935200 -0.10985626
vn -0.98413039 0.14355750 -0.10430063
vn -0.98413039 0.14754164 -0.09858417
vn -0.98413039 0.15129829 -0.09271571
vn -0.98413039 0.15482165 -0.08670429
vn -0.98413039 0.15810628 -0.08055917
vn -0.98413039 0.16114712 -0.07428984
vn -0.98413039 0.16393949 -0.06790596
vn -0.98413039 0.16647907 -0.06141737
vn -0.98413039 0.16876196 -0.05483408
vn -0.98413039 0.17078463 -0.04816625
vn -0.98413039 0.17254396 -0.04142414
vn -0.98413039 0.17403724 -0.03461816
vn -0.98413039 0.17526216 -0.02775880
vn -0.98413039 0.17621685 -0.02085664
vn -0.98413039 0.17689982 -0.01392232
vn -0.98413039 0.17731002 -0.00696653
vn -0.99162611 0.12914201 0.00000000
vn -0.99162611 0.12904244 0.00507009
vn -0.99162611 0.12874390 0.01013236
vn -0.99162611 0.12824685 0.01517902
vn -0.99162611 0.12755205 0.02020226
vn -0.99162611 0.12666058 0.02519436
vn -0.99162611 0.12557380 0.03014760
vn -0.99162611 0.12429340 0.03505436
vn -0.99162611 0.12282135 0.03990707
vn -0.99162611 0.12115991 0.04469825
vn -0.99162611 0.11931166 0.04942051
vn -0.99162611 0.11727943 0.05406656
vn -0.99162611 0.11506637 0.05862924
vn -0.99162611 0.11267588 0.06310153
vn -0.99162611 0.11011166 0.06747651
vn -0.99162611 0.10737765 0.07174745
vn -0.99162611 0.10447808 0.07590777
vn -0.99162611 0.10141740 0.07995103
vn -0.99162611 0.09820035 0.08387102
vn -0.99162611 0.09483188 0.08766169
vn -0.99162611 0.09131719 0.09131719
vn -0.99162611 0.08766169 0.09483188
vn -0.99162611 0.08387102 0.09820035
vn -0.99162611 0.07995103 0.10141740
vn -0.99162611 0.07590777 0.10447808
vn -0.99162611 0.07174745 0.10737765
vn -0.99162611 0.06747651 0.11011166
vn -0.99162611 0.06310153 0.11267588
vn -0.99162611 0.05862924 0.11506637
vn -0.99162611 0.05406656 0.11727943
vn -0.99162611 0.04942051 0.11931166
vn -0.99162611 0.04469825 0.12115991
vn -0.99162611 0.03990707 0.12282135
vn -0.99162611 0.03505436 0.12429340
vn -0.99162611 0.03014760 0.12557380
vn -0.99162611 0.02519436 0.12666058
vn -0.99162611 0.02020226 0.12755205
vn -0.99162611 0.01517902 0.12824685
vn -0.99162611 0.01013236 0.12874390
vn -0.99162611 0.00507009 0.12904244
vn -0.99162611 -0.00000000 0.12914201
vn -0.99162611 -0.00507009 0.12904244
vn -0.99162611 -0.01013236 0.12874390
vn -0.99162611 -0.01517902 0.12824685
vn -0.99162611 -0.02020226 0.12755205
vn -0.99162611 -0.02519436 0.12666058
vn -0.99162611 -0.03014760 0.12557380
vn -0.99162611 -0.03505436 0.12429340
vn -0.99162611 -0.03990707 0.12282135
vn -0.99162611 -0.04469825 0.12115991
vn -0.99162611 -0.04942051 0.11931166
vn -0.99162611 -0.05406656 0.11727943
vn -0.99162611 -0.05862924 0.11506637
vn -0.99162611 -0.06310153 0.11267588
vn -0.99162611 -0.06747651 0.11011166
vn -0.99162611 -0.07174745 0.10737765
vn -0.99162611 -0.07590777 0.10447808
vn -0.99162611 -0.07995103 0.10141740
vn -0.99162611 -0.08387102 0.09820035
vn -0.99162611 -0.08766169 0.09483188
vn -0.99162611 -0.09131719 0.09131719
vn -0.99162611 -0.09483188 0.08766169
vn -0.99162611 -0.09820035 0.08387102
vn -0.99162611 -0.10141740 0.07995103
vn -0.99162611 -0.10447808 0.07590777
vn -0.99162611 -0.10737765 0.07174745
vn -0.99162611 -0.11011166 0.06747651
vn -0.99162611 -0.11267588 0.06310153
vn -0.99162611 -0.11506637 0.05862924
vn -0.99162611 -0.11727943 0.05406656
vn -0.99162611 -0.11931166 0.04942051
vn -0.99162611 -0.12115991 0.04469825
vn -0.99162611 -0.12282135 0.03990707
vn -0.99162611 -0.12429340 0.03505436
vn -0.99162611 -0.12557380 0.03014760
vn -0.99162611 -0.12666058 0.02519436
vn -0.99162611 -0.12755205 0.02020226
vn -0.99162611 -0.12824685 0.01517902
vn -0.99162611 -0.12874390 0.01013236
vn -0.99162611 -0.12904244 0.00507009
vn -0.99162611 -0.12914201 -0.00000000
vn -0.99162611 -0.12904244 -0.00507009
vn -0.99162611 -0.12874390 -0.01013236
vn -0.99162611 -0.12824685 -0.01517902
vn -0.99162611 -0.12755205 -0.02020226
vn -0.99162611 -0.12666058 -0.02519436
vn -0.99162611 -0.12557380 -0.03014760
vn -0.99162611 -0.12429340 -0.03505436
vn -0.99162611 -0.12282135 -0.03990707
vn -0.99162611 -0.12115991 -0.04469825
vn -0.99162611 -0.11931166 -0.04942051
vn -0.99162611 -0.11727943 -0.05406656
vn -0.99162611 -0.11506637 -0.05862924
vn -0.99162611 -0.11267588 -0.06310153
vn -0.99162611 -0.11011166 -0.06747651
vn -0.99162611 -0.10737765 -0.07174745
vn -0.99162611 -0.10447808 -0.07590777
vn -0.99162611 -0.10141740 -0.07995103
vn -0.99162611 -0.09820035 -0.08387102
vn -0.99162611 -0.09483188 -0.08766169
vn -0.99162611 -0.09131719 -0.09131719
vn -0.99162611 -0.08766169 -0.09483188
vn -0.99162611 -0.08387102 -0.09820035
vn -0.99162611 -0.07995103 -0.10141740
vn -0.99162611 -0.07590777 -0.10447808
vn -0.99162611 -0.07174745 -0.10737765
vn -0.99162611 -0.06747651 -0.11011166
vn -0.99162611 -0.06310153 -0.11267588
vn -0.99162611 -0.05862924 -0.11506637
vn -0.99162611 -0.05406656 -0.11727943
vn -0.99162611 -0.04942051 -0.11931166
vn -0.99162611 -0.04469825 -0.12115991
vn -0.99162611 -0.03990707 -0.12282135
vn -0.99162611 -0.03505436 -0.12429340
vn -0.99162611 -0.03014760 -0.12557380
vn -0.99162611 -0.02519436 -0.12666058
vn -0.99162611 -0.02020226 -0.12755205
vn -0.99162611 -0.01517902 -0.12824685
vn -0.99162611 -0.01013236 -0.12874390
vn -0.99162611 -0.00507009 -0.12904244
vn -0.99162611 0.00000000 -0.12914201
vn -0.99162611 0.00507009 -0.12904244
vn -0.99162611 0.01013236 -0.12874390
vn -0.99162611 0.01517902 -0.12824685
vn -0.99162611 0.02020226 -0.12755205
vn -0.99162611 0.02519436 -0.12666058
vn -0.99162611 0.03014760 -0.12557380
vn -0.99162611 0.03505436 -0.12429340
vn -0.99162611 0.03990707 -0.12282135
vn -0.99162611 0.04469825 -0.12115991
vn -0.99162611 0.04942051 -0.11931166
vn -0.99162611 0.05406656 -0.11727943
vn -0.99162611 0.05862924 -0.11506637
vn -0.99162611 0.06310153 -0.11267588
vn -0.99162611 0.06747651 -0.11011166
vn -0.99162611 0.07174745 -0.10737765
vn -0.99162611 0.07590777 -0.10447808
vn -0.99162611 0.07995103 -0.10141740
vn -0.99162611 0.08387102 -0.09820035
vn -0.99162611 0.08766169 -0.09483188
vn -0.99162611 0.09131719 -0.09131719
vn -0.99162611 0.09483188 -0.08766169
vn -0.99162611 0.09820035 -0.08387102
vn -0.99162611 0.10141740 -0.07995103
vn -0.99162611 0.10447808 -0.07590777
vn -0.99162611 0.10737765 -0.07174745
vn -0.99162611 0.11011166 -0.06747651
vn -0.99162611 0.11267588 -0.06310153
vn -0.99162611 0.11506637 -0.05862924
vn -0.99162611 0.11727943 -0.05406656
vn -0.99162611 0.11931166 -0.04942051
vn -0.99162611 0.12115991 -0.04469825
vn -0.99162611 0.12282135 -0.03990707
vn -0.99162611 0.12429340 -0.03505436
vn -0.99162611 0.12557380 -0.03014760
vn -0.99162611 0.12666058 -0.02519436
vn -0.99162611 0.12755205 -0.02020226
vn -0.99162611 0.12824685 -0.01517902
vn -0.99162611 0.12874390 -0.01013236
vn -0.99162611 0.12904244 -0.00507009
vn 0.80223322 0.59701077 0.00000000
vn 0.80223322 0.59655050 0.02343853
vn 0.80223322 0.59517038 0.04684093
vn 0.80223322 0.59287256 0.07017109
vn 0.80223322 0.58966058 0.09339306
vn 0.80223322 0.58553937 0.11647102
vn 0.80223322 0.58051531 0.13936940
vn 0.80223322 0.57459614 0.16205287
vn 0.80223322 0.56779098 0.18448647
vn 0.80223322 0.56011033 0.20663561
vn 0.80223322 0.55156603 0.22846613
vn 0.80223322 0.54217125 0.24994437
vn 0.80223322 0.53194049 0.27103722
vn 0.80223322 0.52088951 0.29171214
vn 0.80223322 0.50903536 0.31193727
vn 0.80223322 0.49639631 0.33168141
vn 0.80223322 0.48299186 0.35091413
vn 0.80223322 0.46884267 0.36960575
vn 0.80223322 0.45397055 0.38772748
vn 0.80223322 0.43839845 0.40525136
vn 0.80223322 0.42215036 0.42215036
vn 0.80223322 0.40525136 0.43839845
vn 0.80223322 0.38772748 0.45397055
vn 0.80223322 0.36960575 0.46884267
vn 0.80223322 0.35091413 0.48299186
vn 0.80223322 0.33168141 0.49639631
vn 0.80223322 0.31193727 0.50903536
vn 0.80223322 0.29171214 0.52088951
vn 0.80223322 0.27103722 0.53194049
vn 0.80223322 0.24994437 0.54217125
vn 0.80223322 0.22846613 0.55156603
vn 0.80223322 0.20663561 0.56011033
vn 0.80223322 0.18448647 0.56779098
vn 0.80223322 0.16205287 0.57459614
vn 0.80223322 0.13936940 0.58051531
vn 0.80223322 0.11647102 0.58553937
vn 0.80223322 0.09339306 0.58966058
vn 0.80223322 0.07017109 0.59287256
vn 0.80223322 0.04684093 0.59517038
vn 0.80223322 0.02343853 0.59655050
vn 0.80223322 -0.00000000 0.59701077
vn 0.80223322 -0.02343853 0.59655050
vn 0.80223322 -0.04684093 0.59517038
vn 0.80223322 -0.07017109 0.59287256
vn 0.80223322 -0.09339306 0.58966058
vn 0.80223322 -0.11647102 0.58553937
vn 0.80223322 -0.13936940 0.58051531
vn 0.80223322 -0.16205287 0.57459614
vn 0.80223322 -0.18448647 0.56779098
vn 0.80223322 -0.20663561 0.56011033
vn 0.80223322 -0.22846613 0.55156603
vn 0.80223322 -0.24994437 0.54217125
vn 0.80223322 -0.27103722 0.53194049
vn 0.80223322 -0.29171214 0.52088951
vn 0.80223322 -0.31193727 0.50903536
vn 0.80223322 -0.33168141 0.49639631
vn 0.80223322 -0.35091413 0.48299186
vn 0.80223322 -0.36960575 0.46884267
vn 0.80223322 -0.38772748 0.45397055
vn 0.80223322 -0.40525136 0.43839845
vn 0.80223322 -0.42215036 0.42215036
vn 0.80223322 -0.43839845 0.40525136
vn 0.80223322 -0.45397055 0.38772748
vn 0.80223322 -0.46884267 0.36960575
vn 0.80223322 -0.48299186 0.35091413
vn 0.80223322 -0.49639631 0.33168141
vn 0.80223322 -0.50903536 0.31193727
vn 0.80223322 -0.52088951 0.29171214
vn 0.80223322 -0.53194049 0.27103722
vn 0.80223322 -0.54217125 0.24994437
vn 0.80223322 -0.55156603 0.22846613
vn 0.80223322 -0.56011033 0.20663561
vn 0.80223322 -0.56779098 0.18448647
vn 0.80223322 -0.57459614 0.16205287
vn 0.80223322 -0.58051531 0.13936940
vn 0.80223322 -0.58553937 0.11647102
vn 0.80223322 -0.58966058 0.09339306
vn 0.80223322 -0.59287256 0.07017109
vn 0.80223322 -0.59517038 0.04684093
vn 0.80223322 -0.59655050 0.02343853
vn 0.80223322 -0.59701077 -0.00000000
vn 0.80223322 -0.59655050 -0.02343853
vn 0.80223322 -0.59517038 -0.04684093
vn 0.80223322 -0.59287256 -0.07017109
vn 0.80223322 -0.58966058 -0.09339306
vn 0.80223322 -0.58553937 -0.11647102
vn 0.80223322 -0.58051531 -0.13936940
vn 0.80223322 -0.57459614 -0.16205287
vn 0.80223322 -0.56779098 -0.18448647
vn 0.80223322 -0.56011033 -0.20663561
vn 0.80223322 -0.55156603 -0.22846613
vn 0.80223322 -0.54217125 -0.24994437
vn 0.80223322 -0.53194049 -0.27103722
vn 0.80223322 -0.52088951 -0.29171214
vn 0.80223322 -0.50903536 -0.31193727
vn 0.80223322 -0.49639631 -0.33168141
vn 0.80223322 -0.48299186 -0.35091413
vn 0.80223322 -0.46884267 -0.36960575
vn 0.80223322 -0.45397055 -0.38772748
vn 0.80223322 -0.43839845 -0.40525136
vn 0.80223322 -0.42215036 -0.42215036
vn 0.80223322 -0.40525136 -0.43839845
vn 0.80223322 -0.38772748 -0.45397055
vn 0.80223322 -0.36960575 -0.46884267
vn 0.80223322 -0.35091413 -0.48299186
vn 0.80223322 -0.33168141 -0.49639631
vn 0.80223322 -0.31193727 -0.50903536
vn 0.80223322 -0.29171214 -0.52088951
vn 0.80223322 -0.27103722 -0.53194049
vn 0.80223322 -0.24994437 -0.54217125
vn 0.80223322 -0.22846613 -0.55156603
vn 0.80223322 -0.20663561 -0.56011033
vn 0.80223322 -0.18448647 -0.56779098
vn 0.80223322 -0.16205287 -0.57459614
vn 0.80223322 -0.13936940 -0.58051531
vn 0.80223322 -0.11647102 -0.58553937
vn 0.80223322 -0.09339306 -0.58966058
vn 0.80223322 -0.07017109 -0.59287256
vn 0.80223322 -0.04684093 -0.59517038
vn 0.80223322 -0.02343853 -0.59655050
vn 0.80223322 0.00000000 -0.59701077
vn 0.80223322 0.02343853 -0.59655050
vn 0.80223322 0.04684093 -0.59517038
vn 0.80223322 0.07017109 -0.59287256
vn 0.80223322 0.09339306 -0.58966058
vn 0.80223322 0.11647102 -0.58553937
vn 0.80223322 0.13936940 -0.58051531
vn 0.80223322 0.16205287 -0.57459614
vn 0.80223322 0.18448647 -0.56779098
vn 0.80223322 0.20663561 -0.56011033
vn 0.80223322 0.22846613 -0.55156603
vn 0.80223322 0.24994437 -0.54217125
vn 0.80223322 0.27103722 -0.53194049
vn 0.80223322 0.29171214 -0.52088951
vn 0.80223322 0.31193727 -0.50903536
vn 0.80223322 0.33168141 -0.49639631
vn 0.80223322 0.35091413 -0.48299186
vn 0.80223322 0.36960575 -0.46884267
vn 0.80223322 0.38772748 -0.45397055
vn 0.80223322 0.40525136 -0.43839845
vn 0.80223322 0.42215036 -0.42215036
vn 0.80223322 0.43839845 -0.40525136
vn 0.80223322 0.45397055 -0.38772748
vn 0.80223322 0.46884267 -0.36960575
vn 0.80223322 0.48299186 -0.35091413
vn 0.80223322 0.49639631 -0.33168141
vn 0.80223322 0.50903536 -0.31193727
vn 0.80223322 0.52088951 -0.29171214
vn 0.80223322 0.53194049 -0.27103722
vn 0.80223322 0.54217125 -0.24994437
vn 0.80223322 0.55156603 -0.22846613
vn 0.80223322 0.56011033 -0.20663561
vn 0.80223322 0.56779098 -0.18448647
vn 0.80223322 0.57459614 -0.16205287
vn 0.80223322 0.58051531 -0.13936940
vn 0.80223322 0.58553937 -0.11647102
vn 0.80223322 0.58966058 -0.09339306
vn 0.80223322 0.59287256 -0.07017109
vn 0.80223322 0.59517038 -0.04684093
vn 0.80223322 0.59655050 -0.02343853
vn 0.96530545 0.26112333 0.00000000
vn 0.96530545 0.26092202 0.01025165
vn 0.96530545 0.26031838 0.02048750
vn 0.96530545 0.25931334 0.03069176
vn 0.96530545 0.25790847 0.04084869
vn 0.96530545 0.25610592 0.05094263
vn 0.96530545 0.25390847 0.06095803
vn 0.96530545 0.25131952 0.07087943
vn 0.96530545 0.24834305 0.08069155
vn 0.96530545 0.24498365 0.09037924
vn 0.96530545 0.24124650 0.09992757
vn 0.96530545 0.23713737 0.10932183
vn 0.96530545 0.23266259 0.11854751
vn 0.96530545 0.22782906 0.12759041
vn 0.96530545 0.22264424 0.13643657
vn 0.96530545 0.21711612 0.14507235
vn 0.96530545 0.21125321 0.15348444
vn 0.96530545 0.20506457 0.16165987
vn 0.96530545 0.19855974 0.16958604
vn 0.96530545 0.19174874 0.17725071
vn 0.96530545 0.18464208 0.18464208
vn 0.96530545 0.17725071 0.19174874
vn 0.96530545 0.16958604 0.19855974
vn 0.96530545 0.16165987 0.20506457
vn 0.96530545 0.15348444 0.21125321
vn 0.96530545 0.14507235 0.21711612
vn 0.96530545 0.13643657 0.22264424
vn 0.96530545 0.12759041 0.22782906
vn 0.96530545 0.11854751 0.23266259
vn 0.96530545 0.10932183 0.23713737
vn 0.96530545 0.09992757 0.24124650
vn 0.96530545 0.09037924 0.24498365
vn 0.96530545 0.08069155 0.24834305
vn 0.96530545 0.07087943 0.25131952
vn 0.96530545 0.06095803 0.25390847
vn 0.96530545 0.05094263 0.25610592
vn 0.96530545 0.04084869 0.25790847
vn 0.96530545 0.03069176 0.25931334
vn 0.96530545 0.02048750 0.26031838
vn 0.96530545 0.01025165 0.26092202
vn 0.96530545 -0.00000000 0.26112333
vn 0.96530545 -0.01025165 0.26092202
vn 0.96530545 -0.02048750 0.26031838
vn 0.96530545 -0.03069176 0.25931334
vn 0.96530545 -0.04084869 0.25790847
vn 0.96530545 -0.05094263 0.25610592
vn 0.96530545 -0.06095803 0.25390847
vn 0.96530545 -0.07087943 0.25131952
vn 0.96530545 -0.08069155 0.24834305
vn 0.96530545 -0.09037924 0.24498365
vn 0.96530545 -0.09992757 0.24124650
vn 0.96530545 -0.10932183 0.23713737
vn 0.96530545 -0.11854751 0.23266259
vn 0.96530545 -0.12759041 0.22782906
vn 0.96530545 -0.13643657 0.22264424
vn 0.96530545 -0.14507235 0.21711612
vn 0.96530545 -0.15348444 0.21125321
vn 0.96530545 -0.16165987 0.20506457
vn 0.96530545 -0.16958604 0.19855974
vn 0.96530545 -0.17725071 0.19174874
vn 0.96530545 -0.18464208 0.18464208
vn 0.96530545 -0.19174874 0.17725071
vn 0.96530545 -0.19855974 0.16958604
vn 0.96530545 -0.20506457 0.16165987
vn 0.96530545 -0.21125321 0.15348444
vn 0.96530545 -0.21711612 0.14507235
vn 0.96530545 -0.22264424 0.13643657
vn 0.96530545 -0.22782906 0.12759041
vn 0.96530545 -0.23266259 0.11854751
vn 0.96530545 -0.23713737 0.10932183
vn 0.96530545 -0.24124650 0.09992757
vn 0.96530545 -0.24498365 0.09037924
vn 0.96530545 -0.24834305 0.08069155
vn 0.96530545 -0.25131952 0.07087943
vn 0.96530545 -0.25390847 0.06095803
vn 0.96530545 -0.25610592 0.05094263
vn 0.96530545 -0.25790847 0.04084869
vn 0.96530545 -0.25931334 0.03069176
vn 0.96530545 -0.26031838 0.02048750
vn 0.96530545 -0.26092202 0.01025165
vn 0.96530545 -0.26112333 -0.00000000
vn 0.96530545 -0.26092202 -0.01025165
vn 0.96530545 -0.26031838 -0.02048750
vn 0.96530545 -0.25931334 -0.03069176
vn 0.96530545 -0.25790847 -0.04084869
vn 0.96530545 -0.25610592 -0.05094263
vn 0.96530545 -0.25390847 -0.06095803
vn 0.96530545 -0.25131952 -0.07087943
vn 0.96530545 -0.24834305 -0.08069155
vn 0.96530545 -0.24498365 -0.09037924
vn 0.96530545 -0.24124650 -0.09992757
vn 0.96530545 -0.23713737 -0.10932183
vn 0.96530545 -0.23266259 -0.11854751
vn 0.96530545 -0.22782906 -0.12759041
vn 0.96530545 -0.22264424 -0.13643657
vn 0.96530545 -0.21711612 -0.14507235
vn 0.96530545 -0.21125321 -0.15348444
vn 0.96530545 -0.20506457 -0.16165987
vn 0.96530545 -0.19855974 -0.16958604
vn 0.96530545 -0.19174874 -0.17725071
vn 0.96530545 -0.18464208 -0.18464208
vn 0.96530545 -0.17725071 -0.19174874
vn 0.96530545 -0.16958604 -0.19855974
vn 0.96530545 -0.16165987 -0.20506457
vn 0.96530545 -0.15348444 -0.21125321
vn 0.96530545 -0.14507235 -0.21711612
vn 0.96530545 -0.13643657 -0.22264424
vn 0.96530545 -0.12759041 -0.22782906
vn 0.96530545 -0.11854751 -0.23266259
vn 0.96530545 -0.10932183 -0.23713737
vn 0.96530545 -0.09992757 -0.24124650
vn 0.96530545 -0.09037924 -0.24498365
vn 0.96530545 -0.08069155 -0.24834305
vn 0.96530545 -0.07087943 -0.25131952
vn 0.96530545 -0.06095803 -0.25390847
vn 0.96530545 -0.05094263 -0.25610592
vn 0.96530545 -0.04084869 -0.25790847
vn 0.96530545 -0.03069176 -0.25931334
vn 0.96530545 -0.02048750 -0.26031838
vn 0.96530545 -0.01025165 -0.26092202
vn 0.96530545 0.00000000 -0.26112333
vn 0.96530545 0.01025165 -0.26092202
vn 0.96530545 0.02048750 -0.26031838
vn 0.96530545 0.03069176 -0.25931334
vn 0.96530545 0.04084869 -0.25790847
vn 0.96530545 0.05094263 -0.25610592
vn 0.96530545 0.06095803 -0.25390847
vn 0.96530545 0.07087943 -0.25131952
vn 0.96530545 0.08069155 -0.24834305
vn 0.96530545 0.09037924 -0.24498365
vn 0.96530545 0.09992757 -0.24124650
vn 0.96530545 0.10932183 -0.23713737
vn 0.96530545 0.11854751 -0.23266259
vn 0.96530545 0.12759041 -0.22782906
vn 0.96530545 0.13643657 -0.22264424
vn 0.96530545 0.14507235 -0.21711612
vn 0.96530545 0.15348444 -0.21125321
vn 0.96530545 0.16165987 -0.20506457
vn 0.96530545 0.16958604 -0.19855974
vn 0.96530545 0.17725071 -0.19174874
vn 0.96530545 0.18464208 -0.18464208
vn 0.96530545 0.19174874 -0.17725071
vn 0.96530545 0.19855974 -0.16958604
vn 0.96530545 0.20506457 -0.16165987
vn 0.96530545 0.21125321 -0.15348444
vn 0.96530545 0.21711612 -0.14507235
vn 0.96530545 0.22264424 -0.13643657
vn 0.96530545 0.22782906 -0.12759041
vn 0.96530545 0.23266259 -0.11854751
vn 0.96530545 0.23713737 -0.10932183
vn 0.96530545 0.24124650 -0.09992757
vn 0.96530545 0.24498365 -0.09037924
vn 0.96530545 0.24834305 -0.08069155
vn 0.96530545 0.25131952 -0.07087943
vn 0.96530545 0.25390847 -0.06095803
vn 0.96530545 0.25610592 -0.05094263
vn 0.96530545 0.25790847 -0.04084869
vn 0.96530545 0.25931334 -0.03069176
vn 0.96530545 0.26031838 -0.02048750
vn 0.96530545 0.26092202 -0.01025165
vn 0.98885866 -0.14885746 0.00000000
vn 0.98885866 -0.14874270 -0.00584412
vn 0.98885866 -0.14839859 -0.01167922
vn 0.98885866 -0.14782565 -0.01749632
vn 0.98885866 -0.14702478 -0.02328644
vn 0.98885866 -0.14599721 -0.02904065
vn 0.98885866 -0.14474452 -0.03475009
vn 0.98885866 -0.14326865 -0.04040594
vn 0.98885866 -0.14157186 -0.04599949
vn 0.98885866 -0.13965678 -0.05152211
vn 0.98885866 -0.13752636 -0.05696529
vn 0.98885866 -0.13518389 -0.06232063
vn 0.98885866 -0.13263297 -0.06757987
vn 0.98885866 -0.12987754 -0.07273492
vn 0.98885866 -0.12692185 -0.07777781
vn 0.98885866 -0.12377046 -0.08270078
vn 0.98885866 -0.12042822 -0.08749622
vn 0.98885866 -0.11690029 -0.09215676
vn 0.98885866 -0.11319210 -0.09667519
vn 0.98885866 -0.10930939 -0.10104456
vn 0.98885866 -0.10525812 -0.10525812
vn 0.98885866 -0.10104456 -0.10930939
vn 0.98885866 -0.09667519 -0.11319210
vn 0.98885866 -0.09215676 -0.11690029
vn 0.98885866 -0.08749622 -0.12042822
vn 0.98885866 -0.08270078 -0.12377046
vn 0.98885866 -0.07777781 -0.12692185
vn 0.98885866 -0.07273492 -0.12987754
vn 0.98885866 -0.06757987 -0.13263297
vn 0.98885866 -0.06232063 -0.13518389
vn 0.98885866 -0.05696529 -0.13752636
vn 0.98885866 -0.05152211 -0.13965678
vn 0.98885866 -0.04599949 -0.14157186
vn 0.98885866 -0.04040594 -0.14326865
vn 0.98885866 -0.03475009 -0.14474452
vn 0.98885866 -0.02904065 -0.14599721
vn 0.98885866 -0.02328644 -0.14702478
vn 0.98885866 -0.01749632 -0.14782565
vn 0.98885866 -0.01167922 -0.14839859
vn 0.98885866 -0.00584412 -0.14874270
vn 0.98885866 -0.00000000 -0.14885746
vn 0.98885866 0.00584412 -0.14874270
vn 0.98885866 0.01167922 -0.14839859
vn 0.98885866 0.01749632 -0.14782565
vn 0.98885866 0.02328644 -0.14702478
vn 0.98885866 0.02904065 -0.14599721
vn 0.98885866 0.03475009 -0.14474452
vn 0.98885866 0.04040594 -0.14326865
vn 0.98885866 0.04599949 -0.14157186
vn 0.98885866 0.05152211 -0.13965678
vn 0.98885866 0.05696529 -0.13752636
vn 0.98885866 0.06232063 -0.13518389
vn 0.98885866 0.06757987 -0.13263297
vn 0.98885866 0.07273492 -0.12987754
vn 0.98885866 0.07777781 -0.12692185
vn 0.98885866 0.08270078 -0.12377046
vn 0.98885866 0.08749622 -0.12042822
vn 0.98885866 0.09215676 -0.11690029
vn 0.98885866 0.09667519 -0.11319210
vn 0.98885866 0.10104456 -0.10930939
vn 0.98885866 0.10525812 -0.10525812
vn 0.98885866 0.10930939 -0.10104456
vn 0.98885866 0.11319210 -0.09667519
vn 0.98885866 0.11690029 -0.09215676
vn 0.98885866 0.12042822 -0.08749622
vn 0.98885866 0.12377046 -0.08270078
vn 0.98885866 0.12692185 -0.07777781
vn 0.98885866 0.12987754 -0.07273492
vn 0.98885866 0.13263297 -0.06757987
vn 0.98885866 0.13518389 -0.06232063
vn 0.98885866 0.13752636 -0.05696529
vn 0.98885866 0.13965678 -0.05152211
vn 0.98885866 0.14157186 -0.04599949
vn 0.98885866 0.14326865 -0.04040594
vn 0.98885866 0.14474452 -0.03475009
vn 0.98885866 0.14599721 -0.02904065
vn 0.98885866 0.14702478 -0.02328644
vn 0.98885866 0.14782565 -0.01749632
vn 0.98885866 0.14839859 -0.01167922
vn 0.98885866 0.14874270 -0.00584412
vn 0.98885866 0.14885746 -0.00000000
vn 0.98885866 0.14874270 0.00584412
vn 0.98885866 0.14839859 0.01167922
vn 0.98885866 0.14782565 0.01749632
vn 0.98885866 0.14702478 0.02328644
vn 0.98885866 0.14599721 0.02904065
vn 0.98885866 0.14474452 0.03475009
vn 0.98885866 0.14326865 0.04040594
vn 0.98885866 0.14157186 0.04599949
vn 0.98885866 0.13965678 0.05152211
vn 0.98885866 0.13752636 0.05696529
vn 0.98885866 0.13518389 0.06232063
vn 0.98885866 0.13263297 0.06757987
vn 0.98885866 0.12987754 0.07273492
vn 0.98885866 0.12692185 0.07777781
vn 0.98885866 0.12377046 0.08270078
vn 0.98885866 0.12042822 0.08749622
vn 0.98885866 0.11690029 0.09215676
vn 0.98885866 0.11319210 0.09667519
vn 0.98885866 0.10930939 0.10104456
vn 0.98885866 0.10525812 0.10525812
vn 0.98885866 0.10104456 0.10930939
vn 0.98885866 0.09667519 0.11319210
vn 0.98885866 0.09215676 0.11690029
vn 0.98885866 0.08749622 0.12042822
vn 0.98885866 0.08270078 0.12377046
vn 0.98885866 0.07777781 0.12692185
vn 0.98885866 0.07273492 0.12987754
vn 0.98885866 0.06757987 0.13263297
vn 0.98885866 0.06232063 0.13518389
vn 0.98885866 0.05696529 0.13752636
vn 0.98885866 0.05152211 0.13965678
vn 0.98885866 0.04599949 0.14157186
vn 0.98885866 0.04040594 0.14326865
vn 0.98885866 0.03475009 0.14474452
vn 0.98885866 0.02904065 0.14599721
vn 0.98885866 0.02328644 0.14702478
vn 0.98885866 0.01749632 0.14782565
vn 0.98885866 0.01167922 0.14839859
vn 0.98885866 0.00584412 0.14874270
vn 0.98885866 0.00000000 0.14885746
vn 0.98885866 -0.00584412 0.14874270
vn 0.98885866 -0.01167922 0.14839859
vn 0.98885866 -0.01749632 0.14782565
vn 0.98885866 -0.02328644 0.14702478
vn 0.98885866 -0.02904065 0.14599721
vn 0.98885866 -0.03475009 0.14474452
vn 0.98885866 -0.04040594 0.14326865
vn 0.98885866 -0.04599949 0.14157186
vn 0.98885866 -0.05152211 0.13965678
vn 0.98885866 -0.05696529 0.13752636
vn 0.98885866 -0.06232063 0.13518389
vn 0.98885866 -0.06757987 0.13263297
vn 0.98885866 -0.07273492 0.12987754
vn 0.98885866 -0.07777781 0.12692185
vn 0.98885866 -0.08270078 0.12377046
vn 0.98885866 -0.08749622 0.12042822
vn 0.98885866 -0.09215676 0.11690029
vn 0.98885866 -0.09667519 0.11319210
vn 0.98885866 -0.10104456 0.10930939
vn 0.98885866 -0.10525812 0.10525812
vn 0.98885866 -0.10930939 0.10104456
vn 0.98885866 -0.11319210 0.09667519
vn 0.98885866 -0.11690029 0.09215676
vn 0.98885866 -0.12042822 0.08749622
vn 0.98885866 -0.12377046 0.08270078
vn 0.98885866 -0.12692185 0.07777781
vn 0.98885866 -0.12987754 0.07273492
vn 0.98885866 -0.13263297 0.06757987
vn 0.98885866 -0.13518389 0.06232063
vn 0.98885866 -0.13752636 0.05696529
vn 0.98885866 -0.13965678 0.05152211
vn 0.98885866 -0.14157186 0.04599949
vn 0.98885866 -0.14326865 0.04040594
vn 0.98885866 -0.14474452 0.03475009
vn 0.98885866 -0.14599721 0.02904065
vn 0.98885866 -0.14702478 0.02328644
vn 0.98885866 -0.14782565 0.01749632
vn 0.98885866 -0.14839859 0.01167922
vn 0.98885866 -0.14874270 0.00584412
vn 0.99152294 -0.12993171 -0.00000000
vn 0.99152294 -0.12983154 -0.00510110
vn 0.99152294 -0.12953118 -0.01019432
vn 0.99152294 -0.12903109 -0.01527184
vn 0.99152294 -0.12833204 -0.02032580
vn 0.99152294 -0.12743511 -0.02534842
vn 0.99152294 -0.12634169 -0.03033196
vn 0.99152294 -0.12505346 -0.03526872
vn 0.99152294 -0.12357240 -0.04015111
vn 0.99152294 -0.12190081 -0.04497158
vn 0.99152294 -0.12004125 -0.04972271
vn 0.99152294 -0.11799660 -0.05439718
vn 0.99152294 -0.11577000 -0.05898776
vn 0.99152294 -0.11336490 -0.06348740
vn 0.99152294 -0.11078500 -0.06788913
vn 0.99152294 -0.10803427 -0.07218619
vn 0.99152294 -0.10511696 -0.07637195
vn 0.99152294 -0.10203757 -0.08043994
vn 0.99152294 -0.09880085 -0.08438390
vn 0.99152294 -0.09541178 -0.08819774
vn 0.99152294 -0.09187560 -0.09187560
vn 0.99152294 -0.08819774 -0.09541178
vn 0.99152294 -0.08438390 -0.09880085
vn 0.99152294 -0.08043994 -0.10203757
vn 0.99152294 -0.07637195 -0.10511696
vn 0.99152294 -0.07218619 -0.10803427
vn 0.99152294 -0.06788913 -0.11078500
vn 0.99152294 -0.06348740 -0.11336490
vn 0.99152294 -0.05898776 -0.11577000
vn 0.99152294 -0.05439718 -0.11799660
vn 0.99152294 -0.04972271 -0.12004125
vn 0.99152294 -0.04497158 -0.12190081
vn 0.99152294 -0.04015111 -0.12357240
vn 0.99152294 -0.03526872 -0.12505346
vn 0.99152294 -0.03033196 -0.12634169
vn 0.99152294 -0.02534842 -0.12743511
vn 0.99152294 -0.02032580 -0.12833204
vn 0.99152294 -0.01527184 -0.12903109
vn 0.99152294 -0.01019432 -0.12953118
vn 0.99152294 -0.00510110 -0.12983154
vn 0.99152294 0.00000000 -0.12993171
vn 0.99152294 0.00510110 -0.12983154
vn 0.99152294 0.01019432 -0.12953118
vn 0.99152294 0.01527184 -0.12903109
vn 0.99152294 0.02032580 -0.12833204
vn 0.99152294 0.02534842 -0.12743511
vn 0.99152294 0.03033196 -0.12634169
vn 0.99152294 0.03526872 -0.12505346
vn 0.99152294 0.04015111 -0.12357240
vn 0.99152294 0.04497158 -0.12190081
vn 0.99152294 0.04972271 -0.12004125
vn 0.99152294 0.05439718 -0.11799660
vn 0.99152294 0.05898776 -0.11577000
vn 0.99152294 0.06348740 -0.11336490
vn 0.99152294 0.06788913 -0.11078500
vn 0.99152294 0.07218619 -0.10803427
vn 0.99152294 0.07637195 -0.10511696
vn 0.99152294 0.08043994 -0.10203757
vn 0.99152294 0.08438390 -0.09880085
vn 0.99152294 0.08819774 -0.09541178
vn 0.99152294 0.09187560 -0.09187560
vn 0.99152294 0.09541178 -0.08819774
vn 0.99152294 0.09880085 -0.08438390
vn 0.99152294 0.10203757 -0.08043994
vn 0.99152294 0.10511696 -0.07637195
vn 0.99152294 0.10803427 -0.07218619
vn 0.99152294 0.11078500 -0.06788913
vn 0.99152294 0.11336490 -0.06348740
vn 0.99152294 0.11577000 -0.05898776
vn 0.99152294 0.11799660 -0.05439718
vn 0.99152294 0.12004125 -0.04972271
vn 0.99152294 0.12190081 -0.04497158
vn 0.99152294 0.12357240 -0.04015111
vn 0.99152294 0.12505346 -0.03526872
vn 0.99152294 0.12634169 -0.03033196
vn 0.99152294 0.12743511 -0.02534842
vn 0.99152294 0.12833204 -0.02032580
vn 0.99152294 0.12903109 -0.01527184
vn 0.99152294 0.12953118 -0.01019432
vn 0.99152294 0.12983154 -0.00510110
vn 0.99152294 0.12993171 0.00000000
vn 0.99152294 0.12983154 0.00510110
vn 0.99152294 0.12953118 0.01019432
vn 0.99152294 0.12903109 0.01527184
vn 0.99152294 0.12833204 0.02032580
vn 0.99152294 0.12743511 0.02534842
vn 0.99152294 0.12634169 0.03033196
vn 0.99152294 0.12505346 0.03526872
vn 0.99152294 0.12357240 0.04015111
vn 0.99152294 0.12190081 0.04497158
vn 0.99152294 0.12004125 0.04972271
vn 0.99152294 0.11799660 0.05439718
vn 0.99152294 0.11577000 0.05898776
vn 0.99152294 0.11336490 0.06348740
vn 0.99152294 0.11078500 0.06788913
vn 0.99152294 0.10803427 0.07218619
vn 0.99152294 0.10511696 0.07637195
vn 0.99152294 0.10203757 0.08043994
vn 0.99152294 0.09880085 0.08438390
vn 0.99152294 0.09541178 0.08819774
vn 0.99152294 0.09187560 0.09187560
vn 0.99152294 0.08819774 0.09541178
vn 0.99152294 0.08438390 0.09880085
vn 0.99152294 0.08043994 0.10203757
vn 0.99152294 0.07637195 0.10511696
vn 0.99152294 0.07218619 0.10803427
vn 0.99152294 0.06788913 0.11078500
vn 0.99152294 0.06348740 0.11336490
vn 0.99152294 0.05898776 0.11577000
vn 0.99152294 0.05439718 0.11799660
vn 0.99152294 0.04972271 0.12004125
vn 0.99152294 0.04497158 0.12190081
vn 0.99152294 0.04015111 0.12357240
vn 0.99152294 0.03526872 0.12505346
vn 0.99152294 0.03033196 0.12634169
vn 0.99152294 0.02534842 0.12743511
vn 0.99152294 0.02032580 0.12833204
vn 0.99152294 0.01527184 0.12903109
vn 0.99152294 0.01019432 0.12953118
vn 0.99152294 0.00510110 0.12983154
vn 0.99152294 -0.00000000 0.12993171
vn 0.99152294 -0.00510110 0.12983154
vn 0.99152294 -0.01019432 0.12953118
vn 0.99152294 -0.01527184 0.12903109
vn 0.99152294 -0.02032580 0.12833204
vn 0.99152294 -0.02534842 0.12743511
vn 0.99152294 -0.03033196 0.12634169
vn 0.99152294 -0.03526872 0.12505346
vn 0.99152294 -0.04015111 0.12357240
vn 0.99152294 -0.04497158 0.12190081
vn 0.99152294 -0.04972271 0.12004125
vn 0.99152294 -0.05439718 0.11799660
vn 0.99152294 -0.05898776 0.11577000
vn 0.99152294 -0.06348740 0.11336490
vn 0.99152294 -0.06788913 0.11078500
vn 0.99152294 -0.07218619 0.10803427
vn 0.99152294 -0.07637195 0.10511696
vn 0.99152294 -0.08043994 0.10203757
vn 0.99152294 -0.08438390 0.09880085
vn 0.99152294 -0.08819774 0.09541178
vn 0.99152294 -0.09187560 0.09187560
vn 0.99152294 -0.09541178 0.08819774
vn 0.99152294 -0.09880085 0.08438390
vn 0.99152294 -0.10203757 0.08043994
vn 0.99152294 -0.10511696 0.07637195
vn 0.99152294 -0.10803427 0.07218619
vn 0.99152294 -0.11078500 0.06788913
vn 0.99152294 -0.11336490 0.06348740
vn 0.99152294 -0.11577000 0.05898776
vn 0.99152294 -0.11799660 0.05439718
vn 0.99152294 -0.12004125 0.04972271
vn 0.99152294 -0.12190081 0.04497158
vn 0.99152294 -0.12357240 0.04015111
vn 0.99152294 -0.12505346 0.03526872
vn 0.99152294 -0.12634169 0.03033196
vn 0.99152294 -0.12743511 0.02534842
vn 0.99152294 -0.12833204 0.02032580
vn 0.99152294 -0.12903109 0.01527184
vn 0.99152294 -0.12953118 0.01019432
vn 0.99152294 -0.12983154 0.00510110
vn 0.99970754 -0.02418351 0.00000000
vn 0.99970754 -0.02416487 -0.00094944
vn 0.99970754 -0.02410896 -0.00189742
vn 0.99970754 -0.02401588 -0.00284247
vn 0.99970754 -0.02388577 -0.00378313
vn 0.99970754 -0.02371883 -0.00471797
vn 0.99970754 -0.02351532 -0.00564553
vn 0.99970754 -0.02327555 -0.00656438
vn 0.99970754 -0.02299989 -0.00747312
vn 0.99970754 -0.02268876 -0.00837033
vn 0.99970754 -0.02234265 -0.00925463
vn 0.99970754 -0.02196209 -0.01012466
vn 0.99970754 -0.02154767 -0.01097908
vn 0.99970754 -0.02110002 -0.01181658
vn 0.99970754 -0.02061983 -0.01263585
vn 0.99970754 -0.02010785 -0.01343564
vn 0.99970754 -0.01956487 -0.01421471
vn 0.99970754 -0.01899172 -0.01497187
vn 0.99970754 -0.01838929 -0.01570593
vn 0.99970754 -0.01775850 -0.01641579
vn 0.99970754 -0.01710032 -0.01710032
vn 0.99970754 -0.01641579 -0.01775850
vn 0.99970754 -0.01570593 -0.01838929
vn 0.99970754 -0.01497187 -0.01899172
vn 0.99970754 -0.01421471 -0.01956487
vn 0.99970754 -0.01343564 -0.02010785
vn 0.99970754 -0.01263585 -0.02061983
vn 0.99970754 -0.01181658 -0.02110002
vn 0.99970754 -0.01097908 -0.02154767
vn 0.99970754 -0.01012466 -0.02196209
vn 0.99970754 -0.00925463 -0.02234265
vn 0.99970754 -0.00837033 -0.02268876
vn 0.99970754 -0.00747312 -0.02299989
vn 0.99970754 -0.00656438 -0.02327555
vn 0.99970754 -0.00564553 -0.02351532
vn 0.99970754 -0.00471797 -0.02371883
vn 0.99970754 -0.00378313 -0.02388577
vn 0.99970754 -0.00284247 -0.02401588
vn 0.99970754 -0.00189742 -0.02410896
vn 0.99970754 -0.00094944 -0.02416487
vn 0.99970754 -0.00000000 -0.02418351
vn 0.99970754 0.00094944 -0.02416487
vn 0.99970754 0.00189742 -0.02410896
vn 0.99970754 0.00284247 -0.02401588
vn 0.99970754 0.00378313 -0.02388577
vn 0.99970754 0.00471797 -0.02371883
vn 0.99970754 0.00564553 -0.02351532
vn 0.99970754 0.00656438 -0.02327555
vn 0.99970754 0.00747312 -0.02299989
vn 0.99970754 0.00837033 -0.02268876
vn 0.99970754 0.00925463 -0.02234265
vn 0.99970754 0.01012466 -0.02196209
vn 0.99970754 0.01097908 -0.02154767
vn 0.99970754 0.01181658 -0.02110002
vn 0.99970754 0.01263585 -0.02061983
vn 0.99970754 0.01343564 -0.02010785
vn 0.99970754 0.01421471 -0.01956487
vn 0.99970754 0.01497187 -0.01899172
vn 0.99970754 0.01570593 -0.01838929
vn 0.99970754 0.01641579 -0.01775850
vn 0.99970754 0.01710032 -0.01710032
vn 0.99970754 0.01775850 -0.01641579
vn 0.99970754 0.01838929 -0.01570593
vn 0.99970754 0.01899172 -0.01497187
vn 0.99970754 0.01956487 -0.01421471
vn 0.99970754 0.02010785 -0.01343564
vn 0.99970754 0.02061983 -0.01263585
vn 0.99970754 0.02110002 -0.01181658
vn 0.99970754 0.02154767 -0.01097908
vn 0.99970754 0.02196209 -0.01012466
vn 0.99970754 0.02234265 -0.00925463
vn 0.99970754 0.02268876 -0.00837033
vn 0.99970754 0.02299989 -0.00747312
vn 0.99970754 0.02327555 -0.00656438
vn 0.99970754 0.02351532 -0.00564553
vn 0.99970754 0.02371883 -0.00471797
vn 0.99970754 0.02388577 -0.00378313
vn 0.99970754 0.02401588 -0.00284247
vn 0.99970754 0.02410896 -0.00189742
vn 0.99970754 0.02416487 -0.00094944
vn 0.99970754 0.02418351 -0.00000000
vn 0.99970754 0.02416487 0.00094944
vn 0.99970754 0.02410896 0.00189742
vn 0.99970754 0.02401588 0.00284247
vn 0.99970754 0.02388577 0.00378313
vn 0.99970754 0.02371883 0.00471797
vn 0.99970754 0.02351532 0.00564553
vn 0.99970754 0.02327555 0.00656438
vn 0.99970754 0.02299989 0.00747312
vn 0.99970754 0.02268876 0.00837033
vn 0.99970754 0.02234265 0.00925463
vn 0.99970754 0.02196209 0.01012466
vn 0.99970754 0.02154767 0.01097908
vn 0.99970754 0.02110002 0.01181658
vn 0.99970754 0.02061983 0.01263585
vn 0.99970754 0.02010785 0.01343564
vn 0.99970754 0.01956487 0.01421471
vn 0.99970754 0.01899172 0.01497187
vn 0.99970754 0.01838929 0.01570593
vn 0.99970754 0.01775850 0.01641579
vn 0.99970754 0.01710032 0.01710032
vn 0.99970754 0.01641579 0.01775850
vn 0.99970754 0.01570593 0.01838929
vn 0.99970754 0.01497187 0.01899172
vn 0.99970754 0.01421471 0.01956487
vn 0.99970754 0.01343564 0.02010785
vn 0.99970754 0.01263585 0.02061983
vn 0.99970754 0.01181658 0.02110002
vn 0.99970754 0.01097908 0.02154767
vn 0.99970754 0.01012466 0.02196209
vn 0.99970754 0.00925463 0.02234265
vn 0.99970754 0.00837033 0.02268876
vn 0.99970754 0.00747312 0.02299989
vn 0.99970754 0.00656438 0.02327555
vn 0.99970754 0.00564553 0.02351532
vn 0.99970754 0.00471797 0.02371883
vn 0.99970754 0.00378313 0.02388577
vn 0.99970754 0.00284247 0.02401588
vn 0.99970754 0.00189742 0.02410896
vn 0.99970754 0.00094944 0.02416487
vn 0.99970754 0.00000000 0.02418351
vn 0.99970754 -0.00094944 0.02416487
vn 0.99970754 -0.00189742 0.02410896
vn 0.99970754 -0.00284247 0.02401588
vn 0.99970754 -0.00378313 0.02388577
vn 0.99970754 -0.00471797 0.02371883
vn 0.99970754 -0.00564553 0.02351532
vn 0.99970754 -0.00656438 0.02327555
vn 0.99970754 -0.00747312 0.02299989
vn 0.99970754 -0.00837033 0.02268876
vn 0.99970754 -0.00925463 0.02234265
vn 0.99970754 -0.01012466 0.02196209
vn 0.99970754 -0.01097908 0.02154767
vn 0.99970754 -0.01181658 0.02110002
vn 0.99970754 -0.01263585 0.02061983
vn 0.99970754 -0.01343564 0.02010785
vn 0.99970754 -0.01421471 0.01956487
vn 0.99970754 -0.01497187 0.01899172
vn 0.99970754 -0.01570593 0.01838929
vn 0.99970754 -0.01641579 0.01775850
vn 0.99970754 -0.01710032 0.01710032
vn 0.99970754 -0.01775850 0.01641579
vn 0.99970754 -0.01838929 0.01570593
vn 0.99970754 -0.01899172 0.01497187
vn 0.99970754 -0.01956487 0.01421471
vn 0.99970754 -0.02010785 0.01343564
vn 0.99970754 -0.02061983 0.01263585
vn 0.99970754 -0.02110002 0.01181658
vn 0.99970754 -0.02154767 0.01097908
vn 0.99970754 -0.02196209 0.01012466
vn 0.99970754 -0.02234265 0.00925463
vn 0.99970754 -0.02268876 0.00837033
vn 0.99970754 -0.02299989 0.00747312
vn 0.99970754 -0.02327555 0.00656438
vn 0.99970754 -0.02351532 0.00564553
vn 0.99970754 -0.02371883 0.00471797
vn 0.99970754 -0.02388577 0.00378313
vn 0.99970754 -0.02401588 0.00284247
vn 0.99970754 -0.02410896 0.00189742
vn 0.99970754 -0.02416487 0.00094944
vn 0.99944859 0.03320427 0.00000000
vn 0.99944859 0.03317867 0.00130359
vn 0.99944859 0.03310191 0.00260518
vn 0.99944859 0.03297412 0.00390274
vn 0.99944859 0.03279547 0.00519429
vn 0.99944859 0.03256626 0.00647783
vn 0.99944859 0.03228684 0.00775138
vn 0.99944859 0.03195763 0.00901298
vn 0.99944859 0.03157914 0.01026068
vn 0.99944859 0.03115196 0.01149256
vn 0.99944859 0.03067675 0.01270672
vn 0.99944859 0.03015423 0.01390129
vn 0.99944859 0.02958522 0.01507442
vn 0.99944859 0.02897059 0.01622431
vn 0.99944859 0.02831130 0.01734918
vn 0.99944859 0.02760834 0.01844731
vn 0.99944859 0.02686282 0.01951698
vn 0.99944859 0.02607588 0.02055656
vn 0.99944859 0.02524873 0.02156445
vn 0.99944859 0.02438264 0.02253908
vn 0.99944859 0.02347897 0.02347897
vn 0.99944859 0.02253908 0.02438264
vn 0.99944859 0.02156445 0.02524873
vn 0.99944859 0.02055656 0.02607588
vn 0.99944859 0.01951698 0.02686282
vn 0.99944859 0.01844731 0.02760834
vn 0.99944859 0.01734918 0.02831130
vn 0.99944859 0.01622431 0.02897059
vn 0.99944859 0.01507442 0.02958522
vn 0.99944859 0.01390129 0.03015423
vn 0.99944859 0.01270672 0.03067675
vn 0.99944859 0.01149256 0.03115196
vn 0.99944859 0.01026068 0.03157914
vn 0.99944859 0.00901298 0.03195763
vn 0.99944859 0.00775138 0.03228684
vn 0.99944859 0.00647783 0.03256626
vn 0.99944859 0.00519429 0.03279547
vn 0.99944859 0.00390274 0.03297412
vn 0.99944859 0.00260518 0.03310191
vn 0.99944859 0.00130359 0.03317867
vn 0.99944859 -0.00000000 0.03320427
vn 0.99944859 -0.00130359 0.03317867
vn 0.99944859 -0.00260518 0.03310191
vn 0.99944859 -0.00390274 0.03297412
vn 0.99944859 -0.00519429 0.03279547
vn 0.99944859 -0.00647783 0.03256626
vn 0.99944859 -0.00775138 0.03228684
vn 0.99944859 -0.00901298 0.03195763
vn 0.99944859 -0.01026068 0.03157914
vn 0.99944859 -0.01149256 0.03115196
vn 0.99944859 -0.01270672 0.03067675
vn 0.99944859 -0.01390129 0.03015423
vn 0.99944859 -0.01507442 0.02958522
vn 0.99944859 -0.01622431 0.02897059
vn 0.99944859 -0.01734918 0.02831130
vn 0.99944859 -0.01844731 0.02760834
vn 0.99944859 -0.01951698 0.02686282
vn 0.99944859 -0.02055656 0.02607588
vn 0.99944859 -0.02156445 0.02524873
vn 0.99944859 -0.02253908 0.02438264
vn 0.99944859 -0.02347897 0.02347897
vn 0.99944859 -0.02438264 0.02253908
vn 0.99944859 -0.02524873 0.02156445
vn 0.99944859 -0.02607588 0.02055656
vn 0.99944859 -0.02686282 0.01951698
vn 0.99944859 -0.02760834 0.01844731
vn 0.99944859 -0.02831130 0.01734918
vn 0.99944859 -0.02897059 0.01622431
vn 0.99944859 -0.02958522 0.01507442
vn 0.99944859 -0.03015423 0.01390129
vn 0.99944859 -0.03067675 0.01270672
vn 0.99944859 -0.03115196 0.01149256
vn 0.99944859 -0.03157914 0.01026068
vn 0.99944859 -0.03195763 0.00901298
vn 0.99944859 -0.03228684 0.00775138
vn 0.99944859 -0.03256626 0.00647783
vn 0.99944859 -0.03279547 0.00519429
vn 0.99944859 -0.03297412 0.00390274
vn 0.99944859 -0.03310191 0.00260518
vn 0.99944859 -0.03317867 0.00130359
vn 0.99944859 -0.03320427 -0.00000000
vn 0.99944859 -0.03317867 -0.00130359
vn 0.99944859 -0.03310191 -0.00260518
vn 0.99944859 -0.03297412 -0.00390274
vn 0.99944859 -0.03279547 -0.00519429
vn 0.99944859 -0.03256626 -0.00647783
vn 0.99944859 -0.03228684 -0.00775138
vn 0.99944859 -0.03195763 -0.00901298
vn 0.99944859 -0.03157914 -0.01026068
vn 0.99944859 -0.03115196 -0.01149256
vn 0.99944859 -0.03067675 -0.01270672
vn 0.99944859 -0.03015423 -0.01390129
vn 0.99944859 -0.02958522 -0.01507442
vn 0.99944859 -0.02897059 -0.01622431
vn 0.99944859 -0.02831130 -0.01734918
vn 0.99944859 -0.02760834 -0.01844731
vn 0.99944859 -0.02686282 -0.01951698
vn 0.99944859 -0.02607588 -0.02055656
vn 0.99944859 -0.02524873 -0.02156445
vn 0.99944859 -0.02438264 -0.02253908
vn 0.99944859 -0.02347897 -0.02347897
vn 0.99944859 -0.02253908 -0.02438264
vn 0.99944859 -0.02156445 -0.02524873
vn 0.99944859 -0.02055656 -0.02607588
vn 0.99944859 -0.01951698 -0.02686282
vn 0.99944859 -0.01844731 -0.02760834
vn 0.99944859 -0.01734918 -0.02831130
vn 0.99944859 -0.01622431 -0.02897059
vn 0.99944859 -0.01507442 -0.02958522
vn 0.99944859 -0.01390129 -0.03015423
vn 0.99944859 -0.01270672 -0.03067675
vn 0.99944859 -0.01149256 -0.03115196
vn 0.99944859 -0.01026068 -0.03157914
vn 0.99944859 -0.00901298 -0.03195763
vn 0.99944859 -0.00775138 -0.03228684
vn 0.99944859 -0.00647783 -0.03256626
vn 0.99944859 -0.00519429 -0.03279547
vn 0.99944859 -0.00390274 -0.03297412
vn 0.99944859 -0.00260518 -0.03310191
vn 0.99944859 -0.00130359 -0.03317867
vn 0.99944859 0.00000000 -0.03320427
vn 0.99944859 0.00130359 -0.03317867
vn 0.99944859 0.00260518 -0.03310191
vn 0.99944859 0.00390274 -0.03297412
vn 0.99944859 0.00519429 -0.03279547
vn 0.99944859 0.00647783 -0.03256626
vn 0.99944859 0.00775138 -0.03228684
vn 0.99944859 0.00901298 -0.03195763
vn 0.99944859 0.01026068 -0.03157914
vn 0.99944859 0.01149256 -0.03115196
vn 0.99944859 0.01270672 -0.03067675
vn 0.99944859 0.01390129 -0.03015423
vn 0.99944859 0.01507442 -0.02958522
vn 0.99944859 0.01622431 -0.02897059
vn 0.99944859 0.01734918 -0.02831130
vn 0.99944859 0.01844731 -0.02760834
vn 0.99944859 0.01951698 -0.02686282
vn 0.99944859 0.02055656 -0.02607588
vn 0.99944859 0.02156445 -0.02524873
vn 0.99944859 0.02253908 -0.02438264
vn 0.99944859 0.02347897 -0.02347897
vn 0.99944859 0.02438264 -0.02253908
vn 0.99944859 0.02524873 -0.02156445
vn 0.99944859 0.02607588 -0.02055656
vn 0.99944859 0.02686282 -0.01951698
vn 0.99944859 0.02760834 -0.01844731
vn 0.99944859 0.02831130 -0.01734918
vn 0.99944859 0.02897059 -0.01622431
vn 0.99944859 0.02958522 -0.01507442
vn 0.99944859 0.03015423 -0.01390129
vn 0.99944859 0.03067675 -0.01270672
vn 0.99944859 0.03115196 -0.01149256
vn 0.99944859 0.03157914 -0.01026068
vn 0.99944859 0.03195763 -0.00901298
vn 0.99944859 0.03228684 -0.00775138
vn 0.99944859 0.03256626 -0.00647783
vn 0.99944859 0.03279547 -0.00519429
vn 0.99944859 0.03297412 -0.00390274
vn 0.99944859 0.03310191 -0.00260518
vn 0.99944859 0.03317867 -0.00130359
vn 0.00000000 -1.00000000 -0.00000000
vn 0.00000000 -0.99922904 -0.03925982
vn 0.00000000 -0.99691733 -0.07845910
vn 0.00000000 -0.99306846 -0.11753740
vn 0.00000000 -0.98768834 -0.15643447
vn 0.00000000 -0.98078528 -0.19509032
vn 0.00000000 -0.97236992 -0.23344536
vn 0.00000000 -0.96245524 -0.27144045
vn 0.00000000 -0.95105652 -0.30901699
vn 0.00000000 -0.93819134 -0.34611706
vn 0.00000000 -0.92387953 -0.38268343
vn 0.00000000 -0.90814317 -0.41865974
vn 0.00000000 -0.89100652 -0.45399050
vn 0.00000000 -0.87249601 -0.48862124
vn 0.00000000 -0.85264016 -0.52249856
vn 0.00000000 -0.83146961 -0.55557023
vn 0.00000000 -0.80901699 -0.58778525
vn 0.00000000 -0.78531693 -0.61909395
vn 0.00000000 -0.76040597 -0.64944805
vn 0.00000000 -0.73432251 -0.67880075
vn 0.00000000 -0.70710678 -0.70710678
vn 0.00000000 -0.67880075 -0.73432251
vn 0.00000000 -0.64944805 -0.76040597
vn 0.00000000 -0.61909395 -0.78531693
vn 0.00000000 -0.58778525 -0.80901699
vn 0.00000000 -0.55557023 -0.83146961
vn 0.00000000 -0.52249856 -0.85264016
vn 0.00000000 -0.48862124 -0.87249601
vn 0.00000000 -0.45399050 -0.89100652
vn 0.00000000 -0.41865974 -0.90814317
vn 0.00000000 -0.38268343 -0.92387953
vn 0.00000000 -0.34611706 -0.93819134
vn 0.00000000 -0.30901699 -0.95105652
vn 0.00000000 -0.27144045 -0.96245524
vn 0.00000000 -0.23344536 -0.97236992
vn 0.00000000 -0.19509032 -0.98078528
vn 0.00000000 -0.15643447 -0.98768834
vn 0.00000000 -0.11753740 -0.99306846
vn 0.00000000 -0.07845910 -0.99691733
vn 0.00000000 -0.03925982 -0.99922904
vn 0.00000000 0.00000000 -1.00000000
vn 0.00000000 0.03925982 -0.99922904
vn 0.00000000 0.07845910 -0.99691733
vn 0.00000000 0.11753740 -0.99306846
vn 0.00000000 0.15643447 -0.98768834
vn 0.00000000 0.19509032 -0.98078528
vn 0.00000000 0.23344536 -0.97236992
vn 0.00000000 0.27144045 -0.96245524
vn 0.00000000 0.30901699 -0.95105652
vn 0.00000000 0.34611706 -0.93819134
vn 0.00000000 0.38268343 -0.92387953
vn 0.00000000 0.41865974 -0.90814317
vn 0.00000000 0.45399050 -0.89100652
vn 0.00000000 0.48862124 -0.87249601
vn 0.00000000 0.52249856 -0.85264016
vn 0.00000000 0.55557023 -0.83146961
vn 0.00000000 0.58778525 -0.80901699
vn 0.00000000 0.61909395 -0.78531693
vn 0.00000000 0.64944805 -0.76040597
vn 0.00000000 0.67880075 -0.73432251
vn 0.00000000 0.70710678 -0.70710678
vn 0.00000000 0.73432251 -0.67880075
vn 0.00000000 0.76040597 -0.64944805
vn 0.00000000 0.78531693 -0.61909395
vn 0.00000000 0.80901699 -0.58778525
vn 0.00000000 0.83146961 -0.55557023
vn 0.00000000 0.85264016 -0.52249856
vn 0.00000000 0.87249601 -0.48862124
vn 0.00000000 0.89100652 -0.45399050
vn 0.00000000 0.90814317 -0.41865974
vn 0.00000000 0.92387953 -0.38268343
vn 0.00000000 0.93819134 -0.34611706
vn 0.00000000 0.95105652 -0.30901699
vn 0.00000000 0.96245524 -0.27144045
vn 0.00000000 0.97236992 -0.23344536
vn 0.00000000 0.98078528 -0.19509032
vn 0.00000000 0.98768834 -0.15643447
vn 0.00000000 0.99306846 -0.11753740
vn 0.00000000 0.99691733 -0.07845910
vn 0.00000000 0.99922904 -0.03925982
vn 0.00000000 1.00000000 0.00000000
vn 0.00000000 0.99922904 0.03925982
vn 0.00000000 0.99691733 0.07845910
vn 0.00000000 0.99306846 0.11753740
vn 0.00000000 0.98768834 0.15643447
vn 0.00000000 0.98078528 0.19509032
vn 0.00000000 0.97236992 0.23344536
vn 0.00000000 0.96245524 0.27144045
vn 0.00000000 0.95105652 0.30901699
vn 0.00000000 0.93819134 0.34611706
vn 0.00000000 0.92387953 0.38268343
vn 0.00000000 0.90814317 0.41865974
vn 0.00000000 0.89100652 0.45399050
vn 0.00000000 0.87249601 0.48862124
vn 0.00000000 0.85264016 0.52249856
vn 0.00000000 0.83146961 0.55557023
vn 0.00000000 0.80901699 0.58778525
vn 0.00000000 0.78531693 0.61909395
vn 0.00000000 0.76040597 0.64944805
vn 0.00000000 0.73432251 0.67880075
vn 0.00000000 0.70710678 0.70710678
vn 0.00000000 0.67880075 0.73432251
vn 0.00000000 0.64944805 0.76040597
vn 0.00000000 0.61909395 0.78531693
vn 0.00000000 0.58778525 0.80901699
vn 0.00000000 0.55557023 0.83146961
vn 0.00000000 0.52249856 0.85264016
vn 0.00000000 0.48862124 0.87249601
vn 0.00000000 0.45399050 0.89100652
vn 0.00000000 0.41865974 0.90814317
vn 0.00000000 0.38268343 0.92387953
vn 0.00000000 0.34611706 0.93819134
vn 0.00000000 0.30901699 0.95105652
vn 0.00000000 0.27144045 0.96245524
vn 0.00000000 0.23344536 0.97236992
vn 0.00000000 0.19509032 0.98078528
vn 0.00000000 0.15643447 0.98768834
vn 0.00000000 0.11753740 0.99306846
vn 0.00000000 0.07845910 0.99691733
vn 0.00000000 0.03925982 0.99922904
vn 0.00000000 0.00000000 1.00000000
vn 0.00000000 -0.03925982 0.99922904
vn 0.00000000 -0.07845910 0.99691733
vn 0.00000000 -0.11753740 0.99306846
vn 0.00000000 -0.15643447 0.98768834
vn 0.00000000 -0.19509032 0.98078528
vn 0.00000000 -0.23344536 0.97236992
vn 0.00000000 -0.27144045 0.96245524
vn 0.00000000 -0.30901699 0.95105652
vn 0.00000000 -0.34611706 0.93819134
vn 0.00000000 -0.38268343 0.92387953
vn 0.00000000 -0.41865974 0.90814317
vn 0.00000000 -0.45399050 0.89100652
vn 0.00000000 -0.48862124 0.87249601
vn 0.00000000 -0.52249856 0.85264016
vn 0.00000000 -0.55557023 0.83146961
vn 0.00000000 -0.58778525 0.80901699
vn 0.00000000 -0.61909395 0.78531693
vn 0.00000000 -0.64944805 0.76040597
vn 0.00000000 -0.67880075 0.73432251
vn 0.00000000 -0.70710678 0.70710678
vn 0.00000000 -0.73432251 0.67880075
vn 0.00000000 -0.76040597 0.64944805
vn 0.00000000 -0.78531693 0.61909395
vn 0.00000000 -0.80901699 0.58778525
vn 0.00000000 -0.83146961 0.55557023
vn 0.00000000 -0.85264016 0.52249856
vn 0.00000000 -0.87249601 0.48862124
vn 0.00000000 -0.89100652 0.45399050
vn 0.00000000 -0.90814317 0.41865974
vn 0.00000000 -0.92387953 0.38268343
vn 0.00000000 -0.93819134 0.34611706
vn 0.00000000 -0.95105652 0.30901699
vn 0.00000000 -0.96245524 0.27144045
vn 0.00000000 -0.97236992 0.23344536
vn 0.00000000 -0.98078528 0.19509032
vn 0.00000000 -0.98768834 0.15643447
vn 0.00000000 -0.99306846 0.11753740
vn 0.00000000 -0.99691733 0.07845910
vn 0.00000000 -0.99922904 0.03925982
vn 0.00000000 -1.00000000 -0.00000000
vn 0.00000000 -0.99922904 -0.03925982
vn 0.00000000 -0.99691733 -0.07845910
vn 0.00000000 -0.99306846 -0.11753740
vn 0.00000000 -0.98768834 -0.15643447
vn 0.00000000 -0.98078528 -0.19509032
vn 0.00000000 -0.97236992 -0.23344536
vn 0.00000000 -0.96245524 -0.27144045
vn 0.00000000 -0.95105652 -0.30901699
vn 0.00000000 -0.93819134 -0.34611706
vn 0.00000000 -0.92387953 -0.38268343
vn 0.00000000 -0.90814317 -0.41865974
vn 0.00000000 -0.89100652 -0.45399050
vn 0.00000000 -0.87249601 -0.48862124
vn 0.00000000 -0.85264016 -0.52249856
vn 0.00000000 -0.83146961 -0.55557023
vn 0.00000000 -0.80901699 -0.58778525
vn 0.00000000 -0.78531693 -0.61909395
vn 0.00000000 -0.76040597 -0.64944805
vn 0.00000000 -0.73432251 -0.67880075
vn 0.00000000 -0.70710678 -0.70710678
vn 0.00000000 -0.67880075 -0.73432251
vn 0.00000000 -0.64944805 -0.76040597
vn 0.00000000 -0.61909395 -0.78531693
vn 0.00000000 -0.58778525 -0.80901699
vn 0.00000000 -0.55557023 -0.83146961
vn 0.00000000 -0.52249856 -0.85264016
vn 0.00000000 -0.48862124 -0.87249601
vn 0.00000000 -0.45399050 -0.89100652
vn 0.00000000 -0.41865974 -0.90814317
vn 0.00000000 -0.38268343 -0.92387953
vn 0.00000000 -0.34611706 -0.93819134
vn 0.00000000 -0.30901699 -0.95105652
vn 0.00000000 -0.27144045 -0.96245524
vn 0.00000000 -0.23344536 -0.97236992
vn 0.00000000 -0.19509032 -0.98078528
vn 0.00000000 -0.15643447 -0.98768834
vn 0.00000000 -0.11753740 -0.99306846
vn 0.00000000 -0.07845910 -0.99691733
vn 0.00000000 -0.03925982 -0.99922904
vn 0.00000000 -0.00000000 -1.00000000
vn 0.00000000 0.03925982 -0.99922904
vn 0.00000000 0.07845910 -0.99691733
vn 0.00000000 0.11753740 -0.99306846
vn 0.00000000 0.15643447 -0.98768834
vn 0.00000000 0.19509032 -0.98078528
vn 0.00000000 0.23344536 -0.97236992
vn 0.00000000 0.27144045 -0.96245524
vn 0.00000000 0.30901699 -0.95105652
vn 0.00000000 0.34611706 -0.93819134
vn 0.00000000 0.38268343 -0.92387953
vn 0.00000000 0.41865974 -0.90814317
vn 0.00000000 0.45399050 -0.89100652
vn 0.00000000 0.48862124 -0.87249601
vn 0.00000000 0.52249856 -0.85264016
vn 0.00000000 0.55557023 -0.83146961
vn 0.00000000 0.58778525 -0.80901699
vn 0.00000000 0.61909395 -0.78531693
vn 0.00000000 0.64944805 -0.76040597
vn 0.00000000 0.67880075 -0.73432251
vn 0.00000000 0.70710678 -0.70710678
vn 0.00000000 0.73432251 -0.67880075
vn 0.00000000 0.76040597 -0.64944805
vn 0.00000000 0.78531693 -0.61909395
vn 0.00000000 0.80901699 -0.58778525
vn 0.00000000 0.83146961 -0.55557023
vn 0.00000000 0.85264016 -0.52249856
vn 0.00000000 0.87249601 -0.48862124
vn 0.00000000 0.89100652 -0.45399050
vn 0.00000000 0.90814317 -0.41865974
vn 0.00000000 0.92387953 -0.38268343
vn 0.00000000 0.93819134 -0.34611706
vn 0.00000000 0.95105652 -0.30901699
vn 0.00000000 0.96245524 -0.27144045
vn 0.00000000 0.97236992 -0.23344536
vn 0.00000000 0.98078528 -0.19509032
vn 0.00000000 0.98768834 -0.15643447
vn 0.00000000 0.99306846 -0.11753740
vn 0.00000000 0.99691733 -0.07845910
vn 0.00000000 0.99922904 -0.03925982
vn 0.00000000 1.00000000 0.00000000
vn 0.00000000 0.99922904 0.03925982
vn 0.00000000 0.99691733 0.07845910
vn 0.00000000 0.99306846 0.11753740
vn 0.00000000 0.98768834 0.15643447
vn 0.00000000 0.98078528 0.19509032
vn 0.00000000 0.97236992 0.23344536
vn 0.00000000 0.96245524 0.27144045
vn 0.00000000 0.95105652 0.30901699
vn 0.00000000 0.93819134 0.34611706
vn 0.00000000 0.92387953 0.38268343
vn 0.00000000 0.90814317 0.41865974
vn 0.00000000 0.89100652 0.45399050
vn 0.00000000 0.87249601 0.48862124
vn 0.00000000 0.85264016 0.52249856
vn 0.00000000 0.83146961 0.55557023
vn 0.00000000 0.80901699 0.58778525
vn 0.00000000 0.78531693 0.61909395
vn 0.00000000 0.76040597 0.64944805
vn 0.00000000 0.73432251 0.67880075
vn 0.00000000 0.70710678 0.70710678
vn 0.00000000 0.67880075 0.73432251
vn 0.00000000 0.64944805 0.76040597
vn 0.00000000 0.61909395 0.78531693
vn 0.00000000 0.58778525 0.80901699
vn 0.00000000 0.55557023 0.83146961
vn 0.00000000 0.52249856 0.85264016
vn 0.00000000 0.48862124 0.87249601
vn 0.00000000 0.45399050 0.89100652
vn 0.00000000 0.41865974 0.90814317
vn 0.00000000 0.38268343 0.92387953
vn 0.00000000 0.34611706 0.93819134
vn 0.00000000 0.30901699 0.95105652
vn 0.00000000 0.27144045 0.96245524
vn 0.00000000 0.23344536 0.97236992
vn 0.00000000 0.19509032 0.98078528
vn 0.00000000 0.15643447 0.98768834
vn 0.00000000 0.11753740 0.99306846
vn 0.00000000 0.07845910 0.99691733
vn 0.00000000 0.03925982 0.99922904
vn 0.00000000 0.00000000 1.00000000
vn 0.00000000 -0.03925982 0.99922904
vn 0.00000000 -0.07845910 0.99691733
vn 0.00000000 -0.11753740 0.99306846
vn 0.00000000 -0.15643447 0.98768834
vn 0.00000000 -0.19509032 0.98078528
vn 0.00000000 -0.23344536 0.97236992
vn 0.00000000 -0.27144045 0.96245524
vn 0.00000000 -0.30901699 0.95105652
vn 0.00000000 -0.34611706 0.93819134
vn 0.00000000 -0.38268343 0.92387953
vn 0.00000000 -0.41865974 0.90814317
vn 0.00000000 -0.45399050 0.89100652
vn 0.00000000 -0.48862124 0.87249601
vn 0.00000000 -0.52249856 0.85264016
vn 0.00000000 -0.55557023 0.83146961
vn 0.00000000 -0.58778525 0.80901699
vn 0.00000000 -0.61909395 0.78531693
vn 0.00000000 -0.64944805 0.76040597
vn 0.00000000 -0.67880075 0.73432251
vn 0.00000000 -0.70710678 0.70710678
vn 0.00000000 -0.73432251 0.67880075
vn 0.00000000 -0.76040597 0.64944805
vn 0.00000000 -0.78531693 0.61909395
vn 0.00000000 -0.80901699 0.58778525
vn 0.00000000 -0.83146961 0.55557023
vn 0.00000000 -0.85264016 0.52249856
vn 0.00000000 -0.87249601 0.48862124
vn 0.00000000 -0.89100652 0.45399050
vn 0.00000000 -0.90814317 0.41865974
vn 0.00000000 -0.92387953 0.38268343
vn 0.00000000 -0.93819134 0.34611706
vn 0.00000000 -0.95105652 0.30901699
vn 0.00000000 -0.96245524 0.27144045
vn 0.00000000 -0.97236992 0.23344536
vn 0.00000000 -0.98078528 0.19509032
vn 0.00000000 -0.98768834 0.15643447
vn 0.00000000 -0.99306846 0.11753740
vn 0.00000000 -0.99691733 0.07845910
vn 0.00000000 -0.99922904 0.03925982
f 162//162 161//161 1//1
f 430//430 590//590 429//429
f 590//590 589//589 429//429
f 429//429 589//589 428//428
f 589//589 588//588 428//428
f 428//428 588//588 427//427
f 588//588 587//587 427//427
f 427//427 587//587 426//426
f 591//591 590//590 430//430
f 587//587 586//586 426//426
f 586//586 585//585 425//425
f 425//425 585//585 424//424
f 585//585 584//584 424//424
f 424//424 584//584 423//423
f 584//584 583//583 423//423
f 423//423 583//583 422//422
f 583//583 582//582 422//422
f 426//426 586//586 425//425
f 422//422 582//582 421//421
f 431//431 591//591 430//430
f 432//432 592//592 431//431
f 440//440 600//600 439//439
f 600//600 599//599 439//439
f 439//439 599//599 438//438
f 599//599 598//598 438//438
f 438//438 598//598 437//437
f 598//598 597//597 437//437
f 437//437 597//597 436//436
f 592//592 591//591 431//431
f 597//597 596//596 436//436
f 596//596 595//595 435//435
f 435//435 595//595 434//434
f 595//595 594//594 434//434
f 434//434 594//594 433//433
f 594//594 593//593 433//433
f 433//433 593//593 432//432
f 593//593 592//592 432//432
f 436//436 596//596 435//435
f 601//601 600//600 440//440
f 582//582 581//581 421//421
f 581//581 580//580 420//420
f 410//410 570//570 409//409
f 570//570 569//569 409//409
f 409//409 569//569 408//408
f 569//569 568//568 408//408
f 408//408 568//568 407//407
f 568//568 567//567 407//407
f 407//407 567//567 406//406
f 571//571 570//570 410//410
f 567//567 566//566 406//406
f 566//566 565//565 405//405
f 405//405 565//565 404//404
f 565//565 564//564 404//404
f 404//404 564//564 403//403
f 564//564 563//563 403//403
f 403//403 563//563 402//402
f 563//563 562//562 402//402
f 406//406 566//566 405//405
f 421//421 581//581 420//420
f 411//411 571//571 410//410
f 412//412 572//572 411//411
f 420//420 580//580 419//419
f 580//580 579//579 419//419
f 419//419 579//579 418//418
f 579//579 578//578 418//418
f 418//418 578//578 417//417
f 578//578 577//577 417//417
f 417//417 577//577 416//416
f 572//572 571//571 411//411
f 577//577 576//576 416//416
f 576//576 575//575 415//415
f 415//415 575//575 414//414
f 575//575 574//574 414//414
f 414//414 574//574 413//413
f 574//574 573//573 413//413
f 413//413 573//573 412//412
f 573//573 572//572 412//412
f 416//416 576//576 415//415
f 402//402 562//562 401//401
f 441//441 601//601 440//440
f 442//442 602//602 441//441
f 470//470 630//630 469//469
f 630//630 629//629 469//469
f 469//469 629//629 468//468
f 629//629 628//628 468//468
f 468//468 628//628 467//467
f 628//628 627//627 467//467
f 467//467 627//627 466//466
f 631//631 630//630 470//470
f 627//627 626//626 466//466
f 626//626 625//625 465//465
f 465//465 625//625 464//464
f 625//625 624//624 464//464
f 464//464 624//624 463//463
f 624//624 623//623 463//463
f 463//463 623//623 462//462
f 623//623 622//622 462//462
f 466//466 626//626 465//465
f 462//462 622//622 461//461
f 471//471 631//631 470//470
f 472//472 632//632 471//471
f 480//480 640//640 479//479
f 640//640 639//639 479//479
f 479//479 639//639 478//478
f 639//639 638//638 478//478
f 478//478 638//638 477//477
f 638//638 637//637 477//477
f 477//477 637//637 476//476
f 632//632 631//631 471//471
f 637//637 636//636 476//476
f 636//636 635//635 475//475
f 475//475 635//635 474//474
f 635//635 634//634 474//474
f 474//474 634//634 473//473
f 634//634 633//633 473//473
f 473//473 633//633 472//472
f 633//633 632//632 472//472
f 476//476 636//636 475//475
f 602//602 601//601 441//441
f 622//622 621//621 461//461
f 621//621 620//620 460//460
f 450//450 610//610 449//449
f 610//610 609//609 449//449
f 449//449 609//609 448//448
f 609//609 608//608 448//448
f 448//448 608//608 447//447
f 608//608 607//607 447//447
f 447//447 607//607 446//446
f 611//611 610//610 450//450
f 607//607 606//606 446//446
f 606//606 605//605 445//445
f 445//445 605//605 444//444
f 605//605 604//604 444//444
f 444//444 604//604 443//443
f 604//604 603//603 443//443
f 443//443 603//603 442//442
f 603//603 602//602 442//442
f 446//446 606//606 445//445
f 461//461 621//621 460//460
f 451//451 611//611 450//450
f 452//452 612//612 451//451
f 460//460 620//620 459//459
f 620//620 619//619 459//459
f 459//459 619//619 458//458
f 619//619 618//618 458//458
f 458//458 618//618 457//457
f 618//618 617//617 457//457
f 457//457 617//617 456//456
f 612//612 611//611 451//451
f 617//617 616//616 456//456
f 616//616 615//615 455//455
f 455//455 615//615 454//454
f 615//615 614//614 454//454
f 454//454 614//614 453//453
f 614//614 613//613 453//453
f 453//453 613//613 452//452
f 613//613 612//612 452//452
f 456//456 616//616 455//455
f 481//481 640//640 480//480
f 562//562 561//561 401//401
f 561//561 560//560 400//400
f 350//350 510//510 349//349
f 510//510 509//509 349//349
f 349//349 509//509 348//348
f 509//509 508//508 348//348
f 348//348 508//508 347//347
f 508//508 507//507 347//347
f 347//347 507//507 346//346
f 511//511 510//510 350//350
f 507//507 506//506 346//346
f 506//506 505//505 345//345
f 345//345 505//505 344//344
f 505//505 504//504 344//344
f 344//344 504//504 343//343
f 504//504 503//503 343//343
f 343//343 503//503 342//342
f 503//503 502//502 342//342
f 346//346 506//506 345//345
f 342//342 502//502 341//341
f 351//351 511//511 350//350
f 352//352 512//512 351//351
f 360//360 520//520 359//359
f 520//520 519//519 359//359
f 359//359 519//519 358//358
f 519//519 518//518 358//358
f 358//358 518//518 357//357
f 518//518 517//517 357//357
f 357//357 517//517 356//356
f 512//512 511//511 351//351
f 517//517 516//516 356//356
f 516//516 515//515 355//355
f 355//355 515//515 354//354
f 515//515 514//514 354//354
f 354//354 514//514 353//353
f 514//514 513//513 353//353
f 353//353 513//513 352//352
f 513//513 512//512 352//352
f 356//356 516//516 355//355
f 521//521 520//520 360//360
f 502//502 501//501 341//341
f 501//501 500//500 340//340
f 330//330 490//490 329//329
f 490//490 489//489 329//329
f 329//329 489//489 328//328
f 489//489 488//488 328//328
f 328//328 488//488 327//327
f 488//488 487//487 327//327
f 327//327 487//487 326//326
f 491//491 490//490 330//330
f 487//487 486//486 326//326
f 486//486 485//485 325//325
f 325//325 485//485 324//324
f 485//485 484//484 324//324
f 324//324 484//484 323//323
f 484//484 483//483 323//323
f 323//323 483//483 322//322
f 483//483 482//482 322//322
f 326//326 486//486 325//325
f 341//341 501//501 340//340
f 331//331 491//491 330//330
f 332//332 492//492 331//331
f 340//340 500//500 339//339
f 500//500 499//499 339//339
f 339//339 499//499 338//338
f 499//499 498//498 338//338
f 338//338 498//498 337//337
f 498//498 497//497 337//337
f 337//337 497//497 336//336
f 492//492 491//491 331//331
f 497//497 496//496 336//336
f 496//496 495//495 335//335
f 335//335 495//495 334//334
f 495//495 494//494 334//334
f 334//334 494//494 333//333
f 494//494 493//493 333//333
f 333//333 493//493 332//332
f 493//493 492//492 332//332
f 336//336 496//496 335//335
f 401//401 561//561 400//400
f 361//361 521//521 360//360
f 362//362 522//522 361//361
f 390//390 550//550 389//389
f 550//550 549//549 389//389
f 389//389 549//549 388//388
f 549//549 548//548 388//388
f 388//388 548//548 387//387
f 548//548 547//547 387//387
f 387//387 547//547 386//386
f 551//551 550//550 390//390
f 547//547 546//546 386//386
f 546//546 545//545 385//385
f 385//385 545//545 384//384
f 545//545 544//544 384//384
f 384//384 544//544 383//383
f 544//544 543//543 383//383
f 383//383 543//543 382//382
f 543//543 542//542 382//382
f 386//386 546//546 385//385
f 382//382 542//542 381//381
f 391//391 551//551 390//390
f 392//392 552//552 391//391
f 400//400 560//560 399//399
f 560//560 559//559 399//399
f 399//399 559//559 398//398
f 559//559 558//558 398//398
f 398//398 558//558 397//397
f 558//558 557//557 397//397
f 397//397 557//557 396//396
f 552//552 551//551 391//391
f 557//557 556//556 396//396
f 556//556 555//555 395//395
f 395//395 555//555 394//394
f 555//555 554//554 394//394
f 394//394 554//554 393//393
f 554//554 553//553 393//393
f 393//393 553//553 392//392
f 553//553 552//552 392//392
f 396//396 556//556 395//395
f 522//522 521//521 361//361
f 542//542 541//541 381//381
f 541//541 540//540 380//380
f 370//370 530//530 369//369
f 530//530 529//529 369//369
f 369//369 529//529 368//368
f 529//529 528//528 368//368
f 368//368 528//528 367//367
f 528//528 527//527 367//367
f 367//367 527//527 366//366
f 531//531 530//530 370//370
f 527//527 526//526 366//366
f 526//526 525//525 365//365
f 365//365 525//525 364//364
f 525//525 524//524 364//364
f 364//364 524//524 363//363
f 524//524 523//523 363//363
f 363//363 523//523 362//362
f 523//523 522//522 362//362
f 366//366 526//526 365//365
f 381//381 541//541 380//380
f 371//371 531//531 370//370
f 372//372 532//532 371//371
f 380//380 540//540 379//379
f 540//540 539//539 379//379
f 379//379 539//539 378//378
f 539//539 538//538 378//378
f 378//378 538//538 377//377
f 538//538 537//537 377//377
f 377//377 537//537 376//376
f 532//532 531//531 371//371
f 537//537 536//536 376//376
f 536//536 535//535 375//375
f 375//375 535//535 374//374
f 535//535 534//534 374//374
f 374//374 534//534 373//373
f 534//534 533//533 373//373
f 373//373 533//533 372//372
f 533//533 532//532 372//372
f 376//376 536//536 375//375
f 321//321 481//481 480//480
f 642//642 641//641 481//481
f 482//482 642//642 481//481
f 591//591 751//751 590//590
f 751//751 750//750 590//590
f 590//590 750//750 589//589
f 750//750 749//749 589//589
f 589//589 749//749 588//588
f 749//749 748//748 588//588
f 588//588 748//748 587//587
f 752//752 751//751 591//591
f 748//748 747//747 587//587
f 747//747 746//746 586//586
f 586//586 746//746 585//585
f 746//746 745//745 585//585
f 585//585 745//745 584//584
f 745//745 744//744 584//584
f 584//584 744//744 583//583
f 744//744 743//743 583//583
f 587//587 747//747 586//586
f 583//583 743//743 582//582
f 592//592 752//752 591//591
f 593//593 753//753 592//592
f 601//601 761//761 600//600
f 761//761 760//760 600//600
f 600//600 760//760 599//599
f 760//760 759//759 599//599
f 599//599 759//759 598//598
f 759//759 758//758 598//598
f 598//598 758//758 597//597
f 753//753 752//752 592//592
f 758//758 757//757 597//597
f 757//757 756//756 596//596
f 596//596 756//756 595//595
f 756//756 755//755 595//595
f 595//595 755//755 594//594
f 755//755 754//754 594//594
f 594//594 754//754 593//593
f 754//754 753//753 593//593
f 597//597 757//757 596//596
f 762//762 761//761 601//601
f 743//743 742//742 582//582
f 742//742 741//741 581//581
f 571//571 731//731 570//570
f 731//731 730//730 570//570
f 570//570 730//730 569//569
f 730//730 729//729 569//569
f 569//569 729//729 568//568
f 729//729 728//728 568//568
f 568//568 728//728 567//567
f 732//732 731//731 571//571
f 728//728 727//727 567//567
f 727//727 726//726 566//566
f 566//566 726//726 565//565
f 726//726 725//725 565//565
f 565//565 725//725 564//564
f 725//725 724//724 564//564
f 564//564 724//724 563//563
f 724//724 723//723 563//563
f 567//567 727//727 566//566
f 582//582 742//742 581//581
f 572//572 732//732 571//571
f 573//573 733//733 572//572
f 581//581 741//741 580//580
f 741//741 740//740 580//580
f 580//580 740//740 579//579
f 740//740 739//739 579//579
f 579//579 739//739 578//578
f 739//739 738//738 578//578
f 578//578 738//738 577//577
f 733//733 732//732 572//572
f 738//738 737//737 577//577
f 737//737 736//736 576//576
f 576//576 736//736 575//575
f 736//736 735//735 575//575
f 575//575 735//735 574//574
f 735//735 734//734 574//574
f 574//574 734//734 573//573
f 734//734 733//733 573//573
f 577//577 737//737 576//576
f 563//563 723//723 562//562
f 602//602 762//762 601//601
f 603//603 763//763 602//602
f 631//631 791//791 630//630
f 791//791 790//790 630//630
f 630//630 790//790 629//629
f 790//790 789//789 629//629
f 629//629 789//789 628//628
f 789//789 788//788 628//628
f 628//628 788//788 627//627
f 792//792 791//791 631//631
f 788//788 787//787 627//627
f 787//787 786//786 626//626
f 626//626 786//786 625//625
f 786//786 785//785 625//625
f 625//625 785//785 624//624
f 785//785 784//784 624//624
f 624//624 784//784 623//623
f 784//784 783//783 623//623
f 627//627 787//787 626//626
f 623//623 783//783 622//622
f 632//632 792//792 631//631
f 633//633 793//793 632//632
f 481//481 641//641 640//640
f 641//641 800//800 640//640
f 640//640 800//800 639//639
f 800//800 799//799 639//639
f 639//639 799//799 638//638
f 799//799 798//798 638//638
f 638//638 798//798 637//637
f 793//793 792//792 632//632
f 798//798 797//797 637//637
f 797//797 796//796 636//636
f 636//636 796//796 635//635
f 796//796 795//795 635//635
f 635//635 795//795 634//634
f 795//795 794//794 634//634
f 634//634 794//794 633//633
f 794//794 793//793 633//633
f 637//637 797//797 636//636
f 763//763 762//762 602//602
f 783//783 782//782 622//622
f 782//782 781//781 621//621
f 611//611 771//771 610//610
f 771//771 770//770 610//610
f 610//610 770//770 609//609
f 770//770 769//769 609//609
f 609//609 769//769 608//608
f 769//769 768//768 608//608
f 608//608 768//768 607//607
f 772//772 771//771 611//611
f 768//768 767//767 607//607
f 767//767 766//766 606//606
f 606//606 766//766 605//605
f 766//766 765//765 605//605
f 605//605 765//765 604//604
f 765//765 764//764 604//604
f 604//604 764//764 603//603
f 764//764 763//763 603//603
f 607//607 767//767 606//606
f 622//622 782//782 621//621
f 612//612 772//772 611//611
f 613//613 773//773 612//612
f 621//621 781//781 620//620
f 781//781 780//780 620//620
f 620//620 780//780 619//619
f 780//780 779//779 619//619
f 619//619 779//779 618//618
f 779//779 778//778 618//618
f 618//618 778//778 617//617
f 773//773 772//772 612//612
f 778//778 777//777 617//617
f 777//777 776//776 616//616
f 616//616 776//776 615//615
f 776//776 775//775 615//615
f 615//615 775//775 614//614
f 775//775 774//774 614//614
f 614//614 774//774 613//613
f 774//774 773//773 613//613
f 617//617 777//777 616//616
f 723//723 722//722 562//562
f 562//562 722//722 561//561
f 722//722 721//721 561//561
f 510//510 670//670 509//509
f 670//670 669//669 509//509
f 509//509 669//669 508//508
f 669//669 668//668 508//508
f 508//508 668//668 507//507
f 668//668 667//667 507//507
f 507//507 667//667 506//506
f 671//671 670//670 510//510
f 667//667 666//666 506//506
f 666//666 665//665 505//505
f 505//505 665//665 504//504
f 665//665 664//664 504//504
f 504//504 664//664 503//503
f 664//664 663//663 503//503
f 503//503 663//663 502//502
f 663//663 662//662 502//502
f 506//506 666//666 505//505
f 502//502 662//662 501//501
f 511//511 671//671 510//510
f 512//512 672//672 511//511
f 520//520 680//680 519//519
f 680//680 679//679 519//519
f 519//519 679//679 518//518
f 679//679 678//678 518//518
f 518//518 678//678 517//517
f 678//678 677//677 517//517
f 517//517 677//677 516//516
f 672//672 671//671 511//511
f 677//677 676//676 516//516
f 676//676 675//675 515//515
f 515//515 675//675 514//514
f 675//675 674//674 514//514
f 514//514 674//674 513//513
f 674//674 673//673 513//513
f 513//513 673//673 512//512
f 673//673 672//672 512//512
f 516//516 676//676 515//515
f 681//681 680//680 520//520
f 662//662 661//661 501//501
f 661//661 660//660 500//500
f 490//490 650//650 489//489
f 650//650 649//649 489//489
f 489//489 649//649 488//488
f 649//649 648//648 488//488
f 488//488 648//648 487//487
f 648//648 647//647 487//487
f 487//487 647//647 486//486
f 651//651 650//650 490//490
f 647//647 646//646 486//486
f 646//646 645//645 485//485
f 485//485 645//645 484//484
f 645//645 644//644 484//484
f 484//484 644//644 483//483
f 644//644 643//643 483//483
f 483//483 643//643 482//482
f 643//643 642//642 482//482
f 486//486 646//646 485//485
f 501//501 661//661 500//500
f 491//491 651//651 490//490
f 492//492 652//652 491//491
f 500//500 660//660 499//499
f 660//660 659//659 499//499
f 499//499 659//659 498//498
f 659//659 658//658 498//498
f 498//498 658//658 497//497
f 658//658 657//657 497//497
f 497//497 657//657 496//496
f 652//652 651//651 491//491
f 657//657 656//656 496//496
f 656//656 655//655 495//495
f 495//495 655//655 494//494
f 655//655 654//654 494//494
f 494//494 654//654 493//493
f 654//654 653//653 493//493
f 493//493 653//653 492//492
f 653//653 652//652 492//492
f 496//496 656//656 495//495
f 682//682 681//681 521//521
f 522//522 682//682 521//521
f 683//683 682//682 522//522
f 551//551 711//711 550//550
f 711//711 710//710 550//550
f 550//550 710//710 549//549
f 710//710 709//709 549//549
f 549//549 709//709 548//548
f 709//709 708//708 548//548
f 548//548 708//708 547//547
f 712//712 711//711 551//551
f 708//708 707//707 547//547
f 707//707 706//706 546//546
f 546//546 706//706 545//545
f 706//706 705//705 545//545
f 545//545 705//705 544//544
f 705//705 704//704 544//544
f 544//544 704//704 543//543
f 704//704 703//703 543//543
f 547//547 707//707 546//546
f 543//543 703//703 542//542
f 552//552 712//712 551//551
f 553//553 713//713 552//552
f 561//561 721//721 560//560
f 721//721 720//720 560//560
f 560//560 720//720 559//559
f 720//720 719//719 559//559
f 559//559 719//719 558//558
f 719//719 718//718 558//558
f 558//558 718//718 557//557
f 713//713 712//712 552//552
f 718//718 717//717 557//557
f 717//717 716//716 556//556
f 556//556 716//716 555//555
f 716//716 715//715 555//555
f 555//555 715//715 554//554
f 715//715 714//714 554//554
f 554//554 714//714 553//553
f 714//714 713//713 553//553
f 557//557 717//717 556//556
f 703//703 702//702 542//542
f 542//542 702//702 541//541
f 702//702 701//701 541//541
f 691//691 690//690 530//530
f 530//530 690//690 529//529
f 690//690 689//689 529//529
f 529//529 689//689 528//528
f 689//689 688//688 528//528
f 528//528 688//688 527//527
f 688//688 687//687 527//527
f 531//531 691//691 530//530
f 527//527 687//687 526//526
f 526//526 686//686 525//525
f 686//686 685//685 525//525
f 525//525 685//685 524//524
f 685//685 684//684 524//524
f 524//524 684//684 523//523
f 684//684 683//683 523//523
f 523//523 683//683 522//522
f 687//687 686//686 526//526
f 692//692 691//691 531//531
f 532//532 692//692 531//531
f 693//693 692//692 532//532
f 541//541 701//701 540//540
f 701//701 700//700 540//540
f 540//540 700//700 539//539
f 700//700 699//699 539//539
f 539//539 699//699 538//538
f 699//699 698//698 538//538
f 538//538 698//698 537//537
f 698//698 697//697 537//537
f 537//537 697//697 536//536
f 697//697 696//696 536//536
f 536//536 696//696 535//535
f 696//696 695//695 535//535
f 535//535 695//695 534//534
f 695//695 694//694 534//534
f 534//534 694//694 533//533
f 694//694 693//693 533//533
f 533//533 693//693 532//532
f 322//322 482//482 321//321
f 482//482 481//481 321//321
f 521//521 681//681 520//520
f 321//321 480//480 320//320
f 270//270 269//269 109//109
f 109//109 269//269 108//108
f 269//269 268//268 108//108
f 108//108 268//268 107//107
f 268//268 267//267 107//107
f 107//107 267//267 106//106
f 267//267 266//266 106//106
f 110//110 270//270 109//109
f 106//106 266//266 105//105
f 105//105 265//265 104//104
f 265//265 264//264 104//104
f 104//104 264//264 103//103
f 264//264 263//263 103//103
f 103//103 263//263 102//102
f 263//263 262//262 102//102
f 102//102 262//262 101//101
f 266//266 265//265 105//105
f 262//262 261//261 101//101
f 271//271 270//270 110//110
f 272//272 271//271 111//111
f 280//280 279//279 119//119
f 119//119 279//279 118//118
f 279//279 278//278 118//118
f 118//118 278//278 117//117
f 278//278 277//277 117//117
f 117//117 277//277 116//116
f 277//277 276//276 116//116
f 111//111 271//271 110//110
f 116//116 276//276 115//115
f 115//115 275//275 114//114
f 275//275 274//274 114//114
f 114//114 274//274 113//113
f 274//274 273//273 113//113
f 113//113 273//273 112//112
f 273//273 272//272 112//112
f 112//112 272//272 111//111
f 276//276 275//275 115//115
f 120//120 280//280 119//119
f 101//101 261//261 100//100
f 100//100 260//260 99//99
f 250//250 249//249 89//89
f 89//89 249//249 88//88
f 249//249 248//248 88//88
f 88//88 248//248 87//87
f 248//248 247//247 87//87
f 87//87 247//247 86//86
f 247//247 246//246 86//86
f 90//90 250//250 89//89
f 86//86 246//246 85//85
f 85//85 245//245 84//84
f 245//245 244//244 84//84
f 84//84 244//244 83//83
f 244//244 243//243 83//83
f 83//83 243//243 82//82
f 243//243 242//242 82//82
f 82//82 242//242 81//81
f 246//246 245//245 85//85
f 261//261 260//260 100//100
f 251//251 250//250 90//90
f 252//252 251//251 91//91
f 260//260 259//259 99//99
f 99//99 259//259 98//98
f 259//259 258//258 98//98
f 98//98 258//258 97//97
f 258//258 257//257 97//97
f 97//97 257//257 96//96
f 257//257 256//256 96//96
f 91//91 251//251 90//90
f 96//96 256//256 95//95
f 95//95 255//255 94//94
f 255//255 254//254 94//94
f 94//94 254//254 93//93
f 254//254 253//253 93//93
f 93//93 253//253 92//92
f 253//253 252//252 92//92
f 92//92 252//252 91//91
f 256//256 255//255 95//95
f 242//242 241//241 81//81
f 281//281 280//280 120//120
f 282//282 281//281 121//121
f 310//310 309//309 149//149
f 149//149 309//309 148//148
f 309//309 308//308 148//148
f 148//148 308//308 147//147
f 308//308 307//307 147//147
f 147//147 307//307 146//146
f 307//307 306//306 146//146
f 150//150 310//310 149//149
f 146//146 306//306 145//145
f 145//145 305//305 144//144
f 305//305 304//304 144//144
f 144//144 304//304 143//143
f 304//304 303//303 143//143
f 143//143 303//303 142//142
f 303//303 302//302 142//142
f 142//142 302//302 141//141
f 306//306 305//305 145//145
f 302//302 301//301 141//141
f 311//311 310//310 150//150
f 312//312 311//311 151//151
f 320//320 319//319 159//159
f 159//159 319//319 158//158
f 319//319 318//318 158//158
f 158//158 318//318 157//157
f 318//318 317//317 157//157
f 157//157 317//317 156//156
f 317//317 316//316 156//156
f 151//151 311//311 150//150
f 156//156 316//316 155//155
f 155//155 315//315 154//154
f 315//315 314//314 154//154
f 154//154 314//314 153//153
f 314//314 313//313 153//153
f 153//153 313//313 152//152
f 313//313 312//312 152//152
f 152//152 312//312 151//151
f 316//316 315//315 155//155
f 121//121 281//281 120//120
f 141//141 301//301 140//140
f 140//140 300//300 139//139
f 290//290 289//289 129//129
f 129//129 289//289 128//128
f 289//289 288//288 128//128
f 128//128 288//288 127//127
f 288//288 287//287 127//127
f 127//127 287//287 126//126
f 287//287 286//286 126//126
f 130//130 290//290 129//129
f 126//126 286//286 125//125
f 125//125 285//285 124//124
f 285//285 284//284 124//124
f 124//124 284//284 123//123
f 284//284 283//283 123//123
f 123//123 283//283 122//122
f 283//283 282//282 122//122
f 122//122 282//282 121//121
f 286//286 285//285 125//125
f 301//301 300//300 140//140
f 291//291 290//290 130//130
f 292//292 291//291 131//131
f 300//300 299//299 139//139
f 139//139 299//299 138//138
f 299//299 298//298 138//138
f 138//138 298//298 137//137
f 298//298 297//297 137//137
f 137//137 297//297 136//136
f 297//297 296//296 136//136
f 131//131 291//291 130//130
f 136//136 296//296 135//135
f 135//135 295//295 134//134
f 295//295 294//294 134//134
f 134//134 294//294 133//133
f 294//294 293//293 133//133
f 133//133 293//293 132//132
f 293//293 292//292 132//132
f 132//132 292//292 131//131
f 296//296 295//295 135//135
f 160//160 320//320 159//159
f 81//81 241//241 80//80
f 80//80 240//240 79//79
f 29//29 189//189 28//28
f 189//189 188//188 28//28
f 28//28 188//188 27//27
f 188//188 187//187 27//27
f 27//27 187//187 26//26
f 187//187 186//186 26//26
f 26//26 186//186 25//25
f 190//190 189//189 29//29
f 186//186 185//185 25//25
f 185//185 184//184 24//24
f 24//24 184//184 23//23
f 184//184 183//183 23//23
f 23//23 183//183 22//22
f 183//183 182//182 22//22
f 22//22 182//182 21//21
f 182//182 181//181 21//21
f 25//25 185//185 24//24
f 21//21 181//181 20//20
f 30//30 190//190 29//29
f 31//31 191//191 30//30
f 39//39 199//199 38//38
f 199//199 198//198 38//38
f 38//38 198//198 37//37
f 198//198 197//197 37//37
f 37//37 197//197 36//36
f 197//197 196//196 36//36
f 36//36 196//196 35//35
f 191//191 190//190 30//30
f 196//196 195//195 35//35
f 195//195 194//194 34//34
f 34//34 194//194 33//33
f 194//194 193//193 33//33
f 33//33 193//193 32//32
f 193//193 192//192 32//32
f 32//32 192//192 31//31
f 192//192 191//191 31//31
f 35//35 195//195 34//34
f 200//200 199//199 39//39
f 181//181 180//180 20//20
f 180//180 179//179 19//19
f 9//9 169//169 8//8
f 169//169 168//168 8//8
f 8//8 168//168 7//7
f 168//168 167//167 7//7
f 7//7 167//167 6//6
f 167//167 166//166 6//6
f 6//6 166//166 5//5
f 170//170 169//169 9//9
f 166//166 165//165 5//5
f 165//165 164//164 4//4
f 4//4 164//164 3//3
f 164//164 163//163 3//3
f 3//3 163//163 2//2
f 163//163 162//162 2//2
f 2//2 162//162 1//1
f 161//161 321//321 320//320
f 5//5 165//165 4//4
f 20//20 180//180 19//19
f 10//10 170//170 9//9
f 11//11 171//171 10//10
f 19//19 179//179 18//18
f 179//179 178//178 18//18
f 18//18 178//178 17//17
f 178//178 177//177 17//17
f 17//17 177//177 16//16
f 177//177 176//176 16//16
f 16//16 176//176 15//15
f 171//171 170//170 10//10
f 176//176 175//175 15//15
f 175//175 174//174 14//14
f 14//14 174//174 13//13
f 174//174 173//173 13//13
f 13//13 173//173 12//12
f 173//173 172//172 12//12
f 12//12 172//172 11//11
f 172//172 171//171 11//11
f 15//15 175//175 14//14
f 241//241 240//240 80//80
f 40//40 200//200 39//39
f 41//41 201//201 40//40
f 230//230 229//229 69//69
f 69//69 229//229 68//68
f 229//229 228//228 68//68
f 68//68 228//228 67//67
f 228//228 227//227 67//67
f 67//67 227//227 66//66
f 227//227 226//226 66//66
f 70//70 230//230 69//69
f 66//66 226//226 65//65
f 65//65 225//225 64//64
f 225//225 224//224 64//64
f 64//64 224//224 63//63
f 224//224 223//223 63//63
f 63//63 223//223 62//62
f 223//223 222//222 62//62
f 222//222 221//221 61//61
f 226//226 225//225 65//65
f 61//61 221//221 60//60
f 231//231 230//230 70//70
f 232//232 231//231 71//71
f 240//240 239//239 79//79
f 79//79 239//239 78//78
f 239//239 238//238 78//78
f 78//78 238//238 77//77
f 238//238 237//237 77//77
f 77//77 237//237 76//76
f 237//237 236//236 76//76
f 71//71 231//231 70//70
f 76//76 236//236 75//75
f 75//75 235//235 74//74
f 235//235 234//234 74//74
f 74//74 234//234 73//73
f 234//234 233//233 73//73
f 73//73 233//233 72//72
f 233//233 232//232 72//72
f 72//72 232//232 71//71
f 236//236 235//235 75//75
f 201//201 200//200 40//40
f 221//221 220//220 60//60
f 220//220 219//219 59//59
f 49//49 209//209 48//48
f 209//209 208//208 48//48
f 48//48 208//208 47//47
f 208//208 207//207 47//47
f 47//47 207//207 46//46
f 207//207 206//206 46//46
f 46//46 206//206 45//45
f 210//210 209//209 49//49
f 206//206 205//205 45//45
f 205//205 204//204 44//44
f 44//44 204//204 43//43
f 204//204 203//203 43//43
f 43//43 203//203 42//42
f 203//203 202//202 42//42
f 42//42 202//202 41//41
f 202//202 201//201 41//41
f 45//45 205//205 44//44
f 60//60 220//220 59//59
f 50//50 210//210 49//49
f 51//51 211//211 50//50
f 59//59 219//219 58//58
f 219//219 218//218 58//58
f 58//58 218//218 57//57
f 218//218 217//217 57//57
f 57//57 217//217 56//56
f 217//217 216//216 56//56
f 56//56 216//216 55//55
f 211//211 210//210 50//50
f 216//216 215//215 55//55
f 215//215 214//214 54//54
f 54//54 214//214 53//53
f 214//214 213//213 53//53
f 53//53 213//213 52//52
f 213//213 212//212 52//52
f 52//52 212//212 51//51
f 212//212 211//211 51//51
f 55//55 215//215 54//54
f 161//161 320//320 160//160
f 62//62 222//222 61//61
f 322//322 321//321 161//161
f 430//430 429//429 269//269
f 269//269 429//429 268//268
f 429//429 428//428 268//268
f 268//268 428//428 267//267
f 428//428 427//427 267//267
f 267//267 427//427 266//266
f 427//427 426//426 266//266
f 270//270 430//430 269//269
f 266//266 426//426 265//265
f 265//265 425//425 264//264
f 425//425 424//424 264//264
f 264//264 424//424 263//263
f 424//424 423//423 263//263
f 263//263 423//423 262//262
f 423//423 422//422 262//262
f 262//262 422//422 261//261
f 426//426 425//425 265//265
f 422//422 421//421 261//261
f 431//431 430//430 270//270
f 432//432 431//431 271//271
f 440//440 439//439 279//279
f 279//279 439//439 278//278
f 439//439 438//438 278//278
f 278//278 438//438 277//277
f 438//438 437//437 277//277
f 277//277 437//437 276//276
f 437//437 436//436 276//276
f 271//271 431//431 270//270
f 276//276 436//436 275//275
f 275//275 435//435 274//274
f 435//435 434//434 274//274
f 274//274 434//434 273//273
f 434//434 433//433 273//273
f 273//273 433//433 272//272
f 433//433 432//432 272//272
f 272//272 432//432 271//271
f 436//436 435//435 275//275
f 280//280 440//440 279//279
f 261//261 421//421 260//260
f 260//260 420//420 259//259
f 410//410 409//409 249//249
f 249//249 409//409 248//248
f 409//409 408//408 248//248
f 248//248 408//408 247//247
f 408//408 407//407 247//247
f 247//247 407//407 246//246
f 407//407 406//406 246//246
f 250//250 410//410 249//249
f 246//246 406//406 245//245
f 245//245 405//405 244//244
f 405//405 404//404 244//244
f 244//244 404//404 243//243
f 404//404 403//403 243//243
f 243//243 403//403 242//242
f 403//403 402//402 242//242
f 242//242 402//402 241//241
f 406//406 405//405 245//245
f 421//421 420//420 260//260
f 411//411 410//410 250//250
f 412//412 411//411 251//251
f 420//420 419//419 259//259
f 259//259 419//419 258//258
f 419//419 418//418 258//258
f 258//258 418//418 257//257
f 418//418 417//417 257//257
f 257//257 417//417 256//256
f 417//417 416//416 256//256
f 251//251 411//411 250//250
f 256//256 416//416 255//255
f 255//255 415//415 254//254
f 415//415 414//414 254//254
f 254//254 414//414 253//253
f 414//414 413//413 253//253
f 253//253 413//413 252//252
f 413//413 412//412 252//252
f 252//252 412//412 251//251
f 416//416 415//415 255//255
f 441//441 440//440 280//280
f 281//281 441//441 280//280
f 442//442 441//441 281//281
f 471//471 470//470 310//310
f 310//310 470//470 309//309
f 470//470 469//469 309//309
f 309//309 469//469 308//308
f 469//469 468//468 308//308
f 308//308 468//468 307//307
f 468//468 467//467 307//307
f 311//311 471//471 310//310
f 307//307 467//467 306//306
f 306//306 466//466 305//305
f 466//466 465//465 305//305
f 305//305 465//465 304//304
f 465//465 464//464 304//304
f 304//304 464//464 303//303
f 464//464 463//463 303//303
f 303//303 463//463 302//302
f 467//467 466//466 306//306
f 463//463 462//462 302//302
f 472//472 471//471 311//311
f 473//473 472//472 312//312
f 320//320 480//480 319//319
f 1//1 161//161 160//160
f 480//480 479//479 319//319
f 319//319 479//479 318//318
f 479//479 478//478 318//318
f 318//318 478//478 317//317
f 478//478 477//477 317//317
f 312//312 472//472 311//311
f 317//317 477//477 316//316
f 316//316 476//476 315//315
f 476//476 475//475 315//315
f 315//315 475//475 314//314
f 475//475 474//474 314//314
f 314//314 474//474 313//313
f 474//474 473//473 313//313
f 313//313 473//473 312//312
f 477//477 476//476 316//316
f 302//302 462//462 301//301
f 462//462 461//461 301//301
f 301//301 461//461 300//300
f 290//290 450//450 289//289
f 289//289 449//449 288//288
f 449//449 448//448 288//288
f 288//288 448//448 287//287
f 448//448 447//447 287//287
f 287//287 447//447 286//286
f 447//447 446//446 286//286
f 451//451 450//450 290//290
f 286//286 446//446 285//285
f 285//285 445//445 284//284
f 445//445 444//444 284//284
f 284//284 444//444 283//283
f 444//444 443//443 283//283
f 283//283 443//443 282//282
f 443//443 442//442 282//282
f 282//282 442//442 281//281
f 446//446 445//445 285//285
f 291//291 451//451 290//290
f 452//452 451//451 291//291
f 292//292 452//452 291//291
f 461//461 460//460 300//300
f 300//300 460//460 299//299
f 460//460 459//459 299//299
f 299//299 459//459 298//298
f 459//459 458//458 298//298
f 298//298 458//458 297//297
f 458//458 457//457 297//297
f 297//297 457//457 296//296
f 457//457 456//456 296//296
f 296//296 456//456 295//295
f 456//456 455//455 295//295
f 295//295 455//455 294//294
f 455//455 454//454 294//294
f 294//294 454//454 293//293
f 454//454 453//453 293//293
f 293//293 453//453 292//292
f 453//453 452//452 292//292
f 402//402 401//401 241//241
f 241//241 401//401 240//240
f 450//450 449//449 289//289
f 240//240 400//400 239//239
f 350//350 349//349 189//189
f 189//189 349//349 188//188
f 349//349 348//348 188//188
f 188//188 348//348 187//187
f 348//348 347//347 187//187
f 187//187 347//347 186//186
f 347//347 346//346 186//186
f 190//190 350//350 189//189
f 186//186 346//346 185//185
f 185//185 345//345 184//184
f 345//345 344//344 184//184
f 184//184 344//344 183//183
f 344//344 343//343 183//183
f 183//183 343//343 182//182
f 343//343 342//342 182//182
f 182//182 342//342 181//181
f 346//346 345//345 185//185
f 342//342 341//341 181//181
f 351//351 350//350 190//190
f 352//352 351//351 191//191
f 360//360 359//359 199//199
f 199//199 359//359 198//198
f 359//359 358//358 198//198
f 198//198 358//358 197//197
f 358//358 357//357 197//197
f 197//197 357//357 196//196
f 357//357 356//356 196//196
f 191//191 351//351 190//190
f 196//196 356//356 195//195
f 195//195 355//355 194//194
f 355//355 354//354 194//194
f 194//194 354//354 193//193
f 354//354 353//353 193//193
f 193//193 353//353 192//192
f 353//353 352//352 192//192
f 192//192 352//352 191//191
f 356//356 355//355 195//195
f 200//200 360//360 199//199
f 181//181 341//341 180//180
f 180//180 340//340 179//179
f 169//169 329//329 168//168
f 329//329 328//328 168//168
f 168//168 328//328 167//167
f 328//328 327//327 167//167
f 167//167 327//327 166//166
f 327//327 326//326 166//166
f 166//166 326//326 165//165
f 330//330 329//329 169//169
f 326//326 325//325 165//165
f 325//325 324//324 164//164
f 164//164 324//324 163//163
f 324//324 323//323 163//163
f 163//163 323//323 162//162
f 401//401 400//400 240//240
f 323//323 322//322 162//162
f 162//162 322//322 161//161
f 165//165 325//325 164//164
f 341//341 340//340 180//180
f 170//170 330//330 169//169
f 171//171 331//331 170//170
f 340//340 339//339 179//179
f 179//179 339//339 178//178
f 339//339 338//338 178//178
f 338//338 337//337 177//177
f 177//177 337//337 176//176
f 337//337 336//336 176//176
f 176//176 336//336 175//175
f 331//331 330//330 170//170
f 336//336 335//335 175//175
f 335//335 334//334 174//174
f 174//174 334//334 173//173
f 334//334 333//333 173//173
f 173//173 333//333 172//172
f 333//333 332//332 172//172
f 172//172 332//332 171//171
f 332//332 331//331 171//171
f 175//175 335//335 174//174
f 361//361 360//360 200//200
f 178//178 338//338 177//177
f 362//362 361//361 201//201
f 229//229 389//389 228//228
f 389//389 388//388 228//228
f 228//228 388//388 227//227
f 388//388 387//387 227//227
f 227//227 387//387 226//226
f 387//387 386//386 226//226
f 226//226 386//386 225//225
f 390//390 389//389 229//229
f 386//386 385//385 225//225
f 385//385 384//384 224//224
f 224//224 384//384 223//223
f 384//384 383//383 223//223
f 223//223 383//383 222//222
f 383//383 382//382 222//222
f 222//222 382//382 221//221
f 382//382 381//381 221//221
f 225//225 385//385 224//224
f 230//230 390//390 229//229
f 231//231 391//391 230//230
f 392//392 391//391 231//231
f 239//239 399//399 238//238
f 399//399 398//398 238//238
f 400//400 399//399 239//239
f 201//201 361//361 200//200
f 238//238 398//398 237//237
f 398//398 397//397 237//237
f 237//237 397//397 236//236
f 397//397 396//396 236//236
f 236//236 396//396 235//235
f 396//396 395//395 235//235
f 235//235 395//395 234//234
f 395//395 394//394 234//234
f 234//234 394//394 233//233
f 394//394 393//393 233//233
f 233//233 393//393 232//232
f 393//393 392//392 232//232
f 232//232 392//392 231//231
f 221//221 381//381 220//220
f 381//381 380//380 220//220
f 391//391 390//390 230//230
f 380//380 379//379 219//219
f 370//370 369//369 209//209
f 209//209 369//369 208//208
f 369//369 368//368 208//208
f 208//208 368//368 207//207
f 368//368 367//367 207//207
f 367//367 366//366 206//206
f 206//206 366//366 205//205
f 210//210 370//370 209//209
f 366//366 365//365 205//205
f 365//365 364//364 204//204
f 204//204 364//364 203//203
f 364//364 363//363 203//203
f 220//220 380//380 219//219
f 203//203 363//363 202//202
f 363//363 362//362 202//202
f 202//202 362//362 201//201
f 205//205 365//365 204//204
f 371//371 370//370 210//210
f 207//207 367//367 206//206
f 372//372 371//371 211//211
f 218//218 378//378 217//217
f 211//211 371//371 210//210
f 378//378 377//377 217//217
f 217//217 377//377 216//216
f 377//377 376//376 216//216
f 376//376 375//375 215//215
f 215//215 375//375 214//214
f 216//216 376//376 215//215
f 379//379 378//378 218//218
f 214//214 374//374 213//213
f 374//374 373//373 213//213
f 213//213 373//373 212//212
f 219//219 379//379 218//218
f 373//373 372//372 212//212
f 375//375 374//374 214//214
f 212//212 372//372 211//211
f 1495//1495 1494//1494 1334//1334
f 1489//1489 1488//1488 1328//1328
f 1335//1335 1495//1495 1334//1334
f 1337//1337 1497//1497 1336//1336
f 1497//1497 1496//1496 1336//1336
f 1498//1498 1497//1497 1337//1337
f 1334//1334 1494//1494 1333//1333
f 1496//1496 1495//1495 1335//1335
f 1336//1336 1496//1496 1335//1335
f 1331//1331 1491//1491 1330//1330
f 1333//1333 1493//1493 1332//1332
f 1493//1493 1492//1492 1332//1332
f 1332//1332 1492//1492 1331//1331
f 1492//1492 1491//1491 1331//1331
f 1511//1511 1510//1510 1350//1350
f 1491//1491 1490//1490 1330//1330
f 1329//1329 1489//1489 1328//1328
f 1338//1338 1498//1498 1337//1337
f 1330//1330 1490//1490 1329//1329
f 1490//1490 1489//1489 1329//1329
f 1494//1494 1493//1493 1333//1333
f 1499//1499 1498//1498 1338//1338
f 1507//1507 1506//1506 1346//1346
f 1500//1500 1499//1499 1339//1339
f 1510//1510 1509//1509 1349//1349
f 1349//1349 1509//1509 1348//1348
f 1328//1328 1488//1488 1327//1327
f 1350//1350 1510//1510 1349//1349
f 1509//1509 1508//1508 1348//1348
f 1348//1348 1508//1508 1347//1347
f 1508//1508 1507//1507 1347//1347
f 1347//1347 1507//1507 1346//1346
f 1346//1346 1506//1506 1345//1345
f 1506//1506 1505//1505 1345//1345
f 1345//1345 1505//1505 1344//1344
f 1505//1505 1504//1504 1344//1344
f 1344//1344 1504//1504 1343//1343
f 1504//1504 1503//1503 1343//1343
f 1343//1343 1503//1503 1342//1342
f 1503//1503 1502//1502 1342//1342
f 1342//1342 1502//1502 1341//1341
f 1502//1502 1501//1501 1341//1341
f 1341//1341 1501//1501 1340//1340
f 1501//1501 1500//1500 1340//1340
f 1340//1340 1500//1500 1339//1339
f 1339//1339 1499//1499 1338//1338
f 1488//1488 1487//1487 1327//1327
f 1309//1309 1469//1469 1308//1308
f 1487//1487 1486//1486 1326//1326
f 1313//1313 1473//1473 1312//1312
f 1473//1473 1472//1472 1312//1312
f 1312//1312 1472//1472 1311//1311
f 1472//1472 1471//1471 1311//1311
f 1311//1311 1471//1471 1310//1310
f 1471//1471 1470//1470 1310//1310
f 1310//1310 1470//1470 1309//1309
f 1470//1470 1469//1469 1309//1309
f 1469//1469 1468//1468 1308//1308
f 1308//1308 1468//1468 1307//1307
f 1468//1468 1467//1467 1307//1307
f 1307//1307 1467//1467 1306//1306
f 1467//1467 1466//1466 1306//1306
f 1306//1306 1466//1466 1305//1305
f 1466//1466 1465//1465 1305//1305
f 1305//1305 1465//1465 1304//1304
f 1465//1465 1464//1464 1304//1304
f 1351//1351 1511//1511 1350//1350
f 1303//1303 1463//1463 1302//1302
f 1304//1304 1464//1464 1303//1303
f 1464//1464 1463//1463 1303//1303
f 1474//1474 1473//1473 1313//1313
f 1314//1314 1474//1474 1313//1313
f 1475//1475 1474//1474 1314//1314
f 1315//1315 1475//1475 1314//1314
f 1326//1326 1486//1486 1325//1325
f 1486//1486 1485//1485 1325//1325
f 1325//1325 1485//1485 1324//1324
f 1485//1485 1484//1484 1324//1324
f 1324//1324 1484//1484 1323//1323
f 1484//1484 1483//1483 1323//1323
f 1323//1323 1483//1483 1322//1322
f 1483//1483 1482//1482 1322//1322
f 1322//1322 1482//1482 1321//1321
f 1482//1482 1481//1481 1321//1321
f 1327//1327 1487//1487 1326//1326
f 1321//1321 1481//1481 1320//1320
f 1320//1320 1480//1480 1319//1319
f 1480//1480 1479//1479 1319//1319
f 1319//1319 1479//1479 1318//1318
f 1479//1479 1478//1478 1318//1318
f 1318//1318 1478//1478 1317//1317
f 1478//1478 1477//1477 1317//1317
f 1317//1317 1477//1477 1316//1316
f 1477//1477 1476//1476 1316//1316
f 1316//1316 1476//1476 1315//1315
f 1476//1476 1475//1475 1315//1315
f 1481//1481 1480//1480 1320//1320
f 1512//1512 1511//1511 1351//1351
f 1390//1390 1550//1550 1389//1389
f 1513//1513 1512//1512 1352//1352
f 1388//1388 1548//1548 1387//1387
f 1548//1548 1547//1547 1387//1387
f 1387//1387 1547//1547 1386//1386
f 1547//1547 1546//1546 1386//1386
f 1386//1386 1546//1546 1385//1385
f 1546//1546 1545//1545 1385//1385
f 1385//1385 1545//1545 1384//1384
f 1545//1545 1544//1544 1384//1384
f 1384//1384 1544//1544 1383//1383
f 1544//1544 1543//1543 1383//1383
f 1383//1383 1543//1543 1382//1382
f 1543//1543 1542//1542 1382//1382
f 1382//1382 1542//1542 1381//1381
f 1542//1542 1541//1541 1381//1381
f 1381//1381 1541//1541 1380//1380
f 1541//1541 1540//1540 1380//1380
f 1380//1380 1540//1540 1379//1379
f 1540//1540 1539//1539 1379//1379
f 1379//1379 1539//1539 1378//1378
f 1539//1539 1538//1538 1378//1378
f 1378//1378 1538//1538 1377//1377
f 1549//1549 1548//1548 1388//1388
f 1538//1538 1537//1537 1377//1377
f 1389//1389 1549//1549 1388//1388
f 1551//1551 1550//1550 1390//1390
f 1400//1400 1560//1560 1399//1399
f 1561//1561 1560//1560 1400//1400
f 1463//1463 1462//1462 1302//1302
f 1560//1560 1559//1559 1399//1399
f 1399//1399 1559//1559 1398//1398
f 1559//1559 1558//1558 1398//1398
f 1398//1398 1558//1558 1397//1397
f 1558//1558 1557//1557 1397//1397
f 1397//1397 1557//1557 1396//1396
f 1557//1557 1556//1556 1396//1396
f 1396//1396 1556//1556 1395//1395
f 1556//1556 1555//1555 1395//1395
f 1395//1395 1555//1555 1394//1394
f 1555//1555 1554//1554 1394//1394
f 1394//1394 1554//1554 1393//1393
f 1554//1554 1553//1553 1393//1393
f 1393//1393 1553//1553 1392//1392
f 1553//1553 1552//1552 1392//1392
f 1392//1392 1552//1552 1391//1391
f 1552//1552 1551//1551 1391//1391
f 1391//1391 1551//1551 1390//1390
f 1550//1550 1549//1549 1389//1389
f 1352//1352 1512//1512 1351//1351
f 1377//1377 1537//1537 1376//1376
f 1376//1376 1536//1536 1375//1375
f 1363//1363 1523//1523 1362//1362
f 1523//1523 1522//1522 1362//1362
f 1362//1362 1522//1522 1361//1361
f 1522//1522 1521//1521 1361//1361
f 1361//1361 1521//1521 1360//1360
f 1521//1521 1520//1520 1360//1360
f 1360//1360 1520//1520 1359//1359
f 1520//1520 1519//1519 1359//1359
f 1359//1359 1519//1519 1358//1358
f 1519//1519 1518//1518 1358//1358
f 1358//1358 1518//1518 1357//1357
f 1518//1518 1517//1517 1357//1357
f 1357//1357 1517//1517 1356//1356
f 1517//1517 1516//1516 1356//1356
f 1356//1356 1516//1516 1355//1355
f 1516//1516 1515//1515 1355//1355
f 1355//1355 1515//1515 1354//1354
f 1515//1515 1514//1514 1354//1354
f 1354//1354 1514//1514 1353//1353
f 1514//1514 1513//1513 1353//1353
f 1353//1353 1513//1513 1352//1352
f 1524//1524 1523//1523 1363//1363
f 1537//1537 1536//1536 1376//1376
f 1364//1364 1524//1524 1363//1363
f 1365//1365 1525//1525 1364//1364
f 1536//1536 1535//1535 1375//1375
f 1375//1375 1535//1535 1374//1374
f 1535//1535 1534//1534 1374//1374
f 1374//1374 1534//1534 1373//1373
f 1534//1534 1533//1533 1373//1373
f 1373//1373 1533//1533 1372//1372
f 1533//1533 1532//1532 1372//1372
f 1372//1372 1532//1532 1371//1371
f 1532//1532 1531//1531 1371//1371
f 1371//1371 1531//1531 1370//1370
f 1531//1531 1530//1530 1370//1370
f 1370//1370 1530//1530 1369//1369
f 1530//1530 1529//1529 1369//1369
f 1369//1369 1529//1529 1368//1368
f 1529//1529 1528//1528 1368//1368
f 1368//1368 1528//1528 1367//1367
f 1528//1528 1527//1527 1367//1367
f 1367//1367 1527//1527 1366//1366
f 1527//1527 1526//1526 1366//1366
f 1366//1366 1526//1526 1365//1365
f 1526//1526 1525//1525 1365//1365
f 1525//1525 1524//1524 1364//1364
f 1302//1302 1462//1462 1301//1301
f 1383//1383 1382//1382 1222//1222
f 1301//1301 1461//1461 1300//1300
f 1398//1398 1397//1397 1237//1237
f 1237//1237 1397//1397 1236//1236
f 1397//1397 1396//1396 1236//1236
f 1236//1236 1396//1396 1235//1235
f 1396//1396 1395//1395 1235//1235
f 1235//1235 1395//1395 1234//1234
f 1395//1395 1394//1394 1234//1234
f 1234//1234 1394//1394 1233//1233
f 1394//1394 1393//1393 1233//1233
f 1233//1233 1393//1393 1232//1232
f 1393//1393 1392//1392 1232//1232
f 1232//1232 1392//1392 1231//1231
f 1392//1392 1391//1391 1231//1231
f 1231//1231 1391//1391 1230//1230
f 1391//1391 1390//1390 1230//1230
f 1230//1230 1390//1390 1229//1229
f 1390//1390 1389//1389 1229//1229
f 1229//1229 1389//1389 1228//1228
f 1389//1389 1388//1388 1228//1228
f 1228//1228 1388//1388 1227//1227
f 1388//1388 1387//1387 1227//1227
f 1238//1238 1398//1398 1237//1237
f 1227//1227 1387//1387 1226//1226
f 1399//1399 1398//1398 1238//1238
f 1400//1400 1399//1399 1239//1239
f 1250//1250 1410//1410 1249//1249
f 1410//1410 1409//1409 1249//1249
f 1249//1249 1409//1409 1248//1248
f 1409//1409 1408//1408 1248//1248
f 1248//1248 1408//1408 1247//1247
f 1408//1408 1407//1407 1247//1247
f 1247//1247 1407//1407 1246//1246
f 1407//1407 1406//1406 1246//1246
f 1246//1246 1406//1406 1245//1245
f 1406//1406 1405//1405 1245//1245
f 1245//1245 1405//1405 1244//1244
f 1405//1405 1404//1404 1244//1244
f 1244//1244 1404//1404 1243//1243
f 1404//1404 1403//1403 1243//1243
f 1243//1243 1403//1403 1242//1242
f 1403//1403 1402//1402 1242//1242
f 1242//1242 1402//1402 1241//1241
f 1402//1402 1401//1401 1241//1241
f 1241//1241 1401//1401 1240//1240
f 1401//1401 1400//1400 1240//1240
f 1240//1240 1400//1400 1239//1239
f 1239//1239 1399//1399 1238//1238
f 1411//1411 1410//1410 1250//1250
f 1387//1387 1386//1386 1226//1226
f 1386//1386 1385//1385 1225//1225
f 1212//1212 1372//1372 1211//1211
f 1372//1372 1371//1371 1211//1211
f 1211//1211 1371//1371 1210//1210
f 1371//1371 1370//1370 1210//1210
f 1210//1210 1370//1370 1209//1209
f 1370//1370 1369//1369 1209//1209
f 1209//1209 1369//1369 1208//1208
f 1369//1369 1368//1368 1208//1208
f 1208//1208 1368//1368 1207//1207
f 1368//1368 1367//1367 1207//1207
f 1207//1207 1367//1367 1206//1206
f 1367//1367 1366//1366 1206//1206
f 1206//1206 1366//1366 1205//1205
f 1366//1366 1365//1365 1205//1205
f 1205//1205 1365//1365 1204//1204
f 1365//1365 1364//1364 1204//1204
f 1204//1204 1364//1364 1203//1203
f 1364//1364 1363//1363 1203//1203
f 1203//1203 1363//1363 1202//1202
f 1401//1401 1561//1561 1400//1400
f 1363//1363 1362//1362 1202//1202
f 1373//1373 1372//1372 1212//1212
f 1226//1226 1386//1386 1225//1225
f 1213//1213 1373//1373 1212//1212
f 1214//1214 1374//1374 1213//1213
f 1225//1225 1385//1385 1224//1224
f 1385//1385 1384//1384 1224//1224
f 1224//1224 1384//1384 1223//1223
f 1384//1384 1383//1383 1223//1223
f 1223//1223 1383//1383 1222//1222
f 1222//1222 1382//1382 1221//1221
f 1382//1382 1381//1381 1221//1221
f 1221//1221 1381//1381 1220//1220
f 1381//1381 1380//1380 1220//1220
f 1220//1220 1380//1380 1219//1219
f 1380//1380 1379//1379 1219//1219
f 1219//1219 1379//1379 1218//1218
f 1379//1379 1378//1378 1218//1218
f 1218//1218 1378//1378 1217//1217
f 1378//1378 1377//1377 1217//1217
f 1217//1217 1377//1377 1216//1216
f 1377//1377 1376//1376 1216//1216
f 1216//1216 1376//1376 1215//1215
f 1376//1376 1375//1375 1215//1215
f 1215//1215 1375//1375 1214//1214
f 1375//1375 1374//1374 1214//1214
f 1374//1374 1373//1373 1213//1213
f 1251//1251 1411//1411 1250//1250
f 1412//1412 1411//1411 1251//1251
f 1252//1252 1412//1412 1251//1251
f 1288//1288 1448//1448 1287//1287
f 1448//1448 1447//1447 1287//1287
f 1287//1287 1447//1447 1286//1286
f 1447//1447 1446//1446 1286//1286
f 1286//1286 1446//1446 1285//1285
f 1446//1446 1445//1445 1285//1285
f 1285//1285 1445//1445 1284//1284
f 1445//1445 1444//1444 1284//1284
f 1284//1284 1444//1444 1283//1283
f 1444//1444 1443//1443 1283//1283
f 1283//1283 1443//1443 1282//1282
f 1443//1443 1442//1442 1282//1282
f 1282//1282 1442//1442 1281//1281
f 1442//1442 1441//1441 1281//1281
f 1121//1121 1281//1281 1280//1280
f 1281//1281 1440//1440 1280//1280
f 1280//1280 1440//1440 1279//1279
f 1440//1440 1439//1439 1279//1279
f 1279//1279 1439//1439 1278//1278
f 1439//1439 1438//1438 1278//1278
f 1278//1278 1438//1438 1277//1277
f 1449//1449 1448//1448 1288//1288
f 1438//1438 1437//1437 1277//1277
f 1289//1289 1449//1449 1288//1288
f 1290//1290 1450//1450 1289//1289
f 1461//1461 1460//1460 1300//1300
f 1300//1300 1460//1460 1299//1299
f 1460//1460 1459//1459 1299//1299
f 1299//1299 1459//1459 1298//1298
f 1459//1459 1458//1458 1298//1298
f 1298//1298 1458//1458 1297//1297
f 1458//1458 1457//1457 1297//1297
f 1297//1297 1457//1457 1296//1296
f 1457//1457 1456//1456 1296//1296
f 1296//1296 1456//1456 1295//1295
f 1456//1456 1455//1455 1295//1295
f 1295//1295 1455//1455 1294//1294
f 1455//1455 1454//1454 1294//1294
f 1294//1294 1454//1454 1293//1293
f 1454//1454 1453//1453 1293//1293
f 1293//1293 1453//1453 1292//1292
f 1453//1453 1452//1452 1292//1292
f 1292//1292 1452//1452 1291//1291
f 1452//1452 1451//1451 1291//1291
f 1291//1291 1451//1451 1290//1290
f 1451//1451 1450//1450 1290//1290
f 1450//1450 1449//1449 1289//1289
f 1277//1277 1437//1437 1276//1276
f 1437//1437 1436//1436 1276//1276
f 1276//1276 1436//1436 1275//1275
f 1423//1423 1422//1422 1262//1262
f 1262//1262 1422//1422 1261//1261
f 1422//1422 1421//1421 1261//1261
f 1261//1261 1421//1421 1260//1260
f 1421//1421 1420//1420 1260//1260
f 1260//1260 1420//1420 1259//1259
f 1420//1420 1419//1419 1259//1259
f 1259//1259 1419//1419 1258//1258
f 1419//1419 1418//1418 1258//1258
f 1258//1258 1418//1418 1257//1257
f 1418//1418 1417//1417 1257//1257
f 1257//1257 1417//1417 1256//1256
f 1417//1417 1416//1416 1256//1256
f 1256//1256 1416//1416 1255//1255
f 1416//1416 1415//1415 1255//1255
f 1255//1255 1415//1415 1254//1254
f 1415//1415 1414//1414 1254//1254
f 1254//1254 1414//1414 1253//1253
f 1414//1414 1413//1413 1253//1253
f 1253//1253 1413//1413 1252//1252
f 1413//1413 1412//1412 1252//1252
f 1263//1263 1423//1423 1262//1262
f 1424//1424 1423//1423 1263//1263
f 1264//1264 1424//1424 1263//1263
f 1425//1425 1424//1424 1264//1264
f 1436//1436 1435//1435 1275//1275
f 1275//1275 1435//1435 1274//1274
f 1435//1435 1434//1434 1274//1274
f 1274//1274 1434//1434 1273//1273
f 1434//1434 1433//1433 1273//1273
f 1273//1273 1433//1433 1272//1272
f 1433//1433 1432//1432 1272//1272
f 1272//1272 1432//1432 1271//1271
f 1432//1432 1431//1431 1271//1271
f 1271//1271 1431//1431 1270//1270
f 1462//1462 1461//1461 1301//1301
f 1431//1431 1430//1430 1270//1270
f 1430//1430 1429//1429 1269//1269
f 1269//1269 1429//1429 1268//1268
f 1429//1429 1428//1428 1268//1268
f 1268//1268 1428//1428 1267//1267
f 1428//1428 1427//1427 1267//1267
f 1267//1267 1427//1427 1266//1266
f 1427//1427 1426//1426 1266//1266
f 1266//1266 1426//1426 1265//1265
f 1426//1426 1425//1425 1265//1265
f 1265//1265 1425//1425 1264//1264
f 1270//1270 1430//1430 1269//1269
f 1562//1562 1561//1561 1401//1401
f 1561//1561 1721//1721 1560//1560
f 1563//1563 1562//1562 1402//1402
f 1699//1699 1698//1698 1538//1538
f 1538//1538 1698//1698 1537//1537
f 1698//1698 1697//1697 1537//1537
f 1537//1537 1697//1697 1536//1536
f 1697//1697 1696//1696 1536//1536
f 1536//1536 1696//1696 1535//1535
f 1696//1696 1695//1695 1535//1535
f 1535//1535 1695//1695 1534//1534
f 1695//1695 1694//1694 1534//1534
f 1534//1534 1694//1694 1533//1533
f 1694//1694 1693//1693 1533//1533
f 1533//1533 1693//1693 1532//1532
f 1693//1693 1692//1692 1532//1532
f 1532//1532 1692//1692 1531//1531
f 1692//1692 1691//1691 1531//1531
f 1531//1531 1691//1691 1530//1530
f 1691//1691 1690//1690 1530//1530
f 1530//1530 1690//1690 1529//1529
f 1690//1690 1689//1689 1529//1529
f 1529//1529 1689//1689 1528//1528
f 1689//1689 1688//1688 1528//1528
f 1539//1539 1699//1699 1538//1538
f 1528//1528 1688//1688 1527//1527
f 1700//1700 1699//1699 1539//1539
f 1701//1701 1700//1700 1540//1540
f 1551//1551 1711//1711 1550//1550
f 1711//1711 1710//1710 1550//1550
f 1550//1550 1710//1710 1549//1549
f 1710//1710 1709//1709 1549//1549
f 1549//1549 1709//1709 1548//1548
f 1709//1709 1708//1708 1548//1548
f 1548//1548 1708//1708 1547//1547
f 1708//1708 1707//1707 1547//1547
f 1547//1547 1707//1707 1546//1546
f 1707//1707 1706//1706 1546//1546
f 1546//1546 1706//1706 1545//1545
f 1706//1706 1705//1705 1545//1545
f 1545//1545 1705//1705 1544//1544
f 1705//1705 1704//1704 1544//1544
f 1544//1544 1704//1704 1543//1543
f 1704//1704 1703//1703 1543//1543
f 1543//1543 1703//1703 1542//1542
f 1703//1703 1702//1702 1542//1542
f 1542//1542 1702//1702 1541//1541
f 1702//1702 1701//1701 1541//1541
f 1541//1541 1701//1701 1540//1540
f 1540//1540 1700//1700 1539//1539
f 1712//1712 1711//1711 1551//1551
f 1688//1688 1687//1687 1527//1527
f 1687//1687 1686//1686 1526//1526
f 1674//1674 1673//1673 1513//1513
f 1513//1513 1673//1673 1512//1512
f 1673//1673 1672//1672 1512//1512
f 1512//1512 1672//1672 1511//1511
f 1672//1672 1671//1671 1511//1511
f 1511//1511 1671//1671 1510//1510
f 1671//1671 1670//1670 1510//1510
f 1510//1510 1670//1670 1509//1509
f 1670//1670 1669//1669 1509//1509
f 1509//1509 1669//1669 1508//1508
f 1669//1669 1668//1668 1508//1508
f 1508//1508 1668//1668 1507//1507
f 1668//1668 1667//1667 1507//1507
f 1507//1507 1667//1667 1506//1506
f 1667//1667 1666//1666 1506//1506
f 1506//1506 1666//1666 1505//1505
f 1666//1666 1665//1665 1505//1505
f 1505//1505 1665//1665 1504//1504
f 1665//1665 1664//1664 1504//1504
f 1504//1504 1664//1664 1503//1503
f 1664//1664 1663//1663 1503//1503
f 1514//1514 1674//1674 1513//1513
f 1527//1527 1687//1687 1526//1526
f 1675//1675 1674//1674 1514//1514
f 1676//1676 1675//1675 1515//1515
f 1526//1526 1686//1686 1525//1525
f 1686//1686 1685//1685 1525//1525
f 1525//1525 1685//1685 1524//1524
f 1685//1685 1684//1684 1524//1524
f 1524//1524 1684//1684 1523//1523
f 1684//1684 1683//1683 1523//1523
f 1523//1523 1683//1683 1522//1522
f 1683//1683 1682//1682 1522//1522
f 1522//1522 1682//1682 1521//1521
f 1682//1682 1681//1681 1521//1521
f 1521//1521 1681//1681 1520//1520
f 1681//1681 1680//1680 1520//1520
f 1520//1520 1680//1680 1519//1519
f 1680//1680 1679//1679 1519//1519
f 1519//1519 1679//1679 1518//1518
f 1679//1679 1678//1678 1518//1518
f 1518//1518 1678//1678 1517//1517
f 1678//1678 1677//1677 1517//1517
f 1517//1517 1677//1677 1516//1516
f 1677//1677 1676//1676 1516//1516
f 1516//1516 1676//1676 1515//1515
f 1515//1515 1675//1675 1514//1514
f 1503//1503 1663//1663 1502//1502
f 1552//1552 1712//1712 1551//1551
f 1553//1553 1713//1713 1552//1552
f 1589//1589 1749//1749 1588//1588
f 1749//1749 1748//1748 1588//1588
f 1588//1588 1748//1748 1587//1587
f 1748//1748 1747//1747 1587//1587
f 1587//1587 1747//1747 1586//1586
f 1747//1747 1746//1746 1586//1586
f 1586//1586 1746//1746 1585//1585
f 1746//1746 1745//1745 1585//1585
f 1585//1585 1745//1745 1584//1584
f 1745//1745 1744//1744 1584//1584
f 1584//1584 1744//1744 1583//1583
f 1744//1744 1743//1743 1583//1583
f 1583//1583 1743//1743 1582//1582
f 1743//1743 1742//1742 1582//1582
f 1582//1582 1742//1742 1581//1581
f 1742//1742 1741//1741 1581//1581
f 1581//1581 1741//1741 1580//1580
f 1741//1741 1740//1740 1580//1580
f 1580//1580 1740//1740 1579//1579
f 1740//1740 1739//1739 1579//1579
f 1579//1579 1739//1739 1578//1578
f 1750//1750 1749//1749 1589//1589
f 1739//1739 1738//1738 1578//1578
f 1590//1590 1750//1750 1589//1589
f 1591//1591 1751//1751 1590//1590
f 1202//1202 1362//1362 1201//1201
f 1441//1441 1601//1601 1600//1600
f 1601//1601 1760//1760 1600//1600
f 1600//1600 1760//1760 1599//1599
f 1760//1760 1759//1759 1599//1599
f 1599//1599 1759//1759 1598//1598
f 1759//1759 1758//1758 1598//1598
f 1598//1598 1758//1758 1597//1597
f 1758//1758 1757//1757 1597//1597
f 1597//1597 1757//1757 1596//1596
f 1757//1757 1756//1756 1596//1596
f 1596//1596 1756//1756 1595//1595
f 1756//1756 1755//1755 1595//1595
f 1595//1595 1755//1755 1594//1594
f 1755//1755 1754//1754 1594//1594
f 1594//1594 1754//1754 1593//1593
f 1754//1754 1753//1753 1593//1593
f 1593//1593 1753//1753 1592//1592
f 1753//1753 1752//1752 1592//1592
f 1592//1592 1752//1752 1591//1591
f 1752//1752 1751//1751 1591//1591
f 1751//1751 1750//1750 1590//1590
f 1713//1713 1712//1712 1552//1552
f 1578//1578 1738//1738 1577//1577
f 1577//1577 1737//1737 1576//1576
f 1564//1564 1724//1724 1563//1563
f 1724//1724 1723//1723 1563//1563
f 1563//1563 1723//1723 1562//1562
f 1723//1723 1722//1722 1562//1562
f 1562//1562 1722//1722 1561//1561
f 1722//1722 1721//1721 1561//1561
f 1721//1721 1720//1720 1560//1560
f 1560//1560 1720//1720 1559//1559
f 1720//1720 1719//1719 1559//1559
f 1559//1559 1719//1719 1558//1558
f 1719//1719 1718//1718 1558//1558
f 1558//1558 1718//1718 1557//1557
f 1718//1718 1717//1717 1557//1557
f 1557//1557 1717//1717 1556//1556
f 1717//1717 1716//1716 1556//1556
f 1556//1556 1716//1716 1555//1555
f 1716//1716 1715//1715 1555//1555
f 1555//1555 1715//1715 1554//1554
f 1715//1715 1714//1714 1554//1554
f 1554//1554 1714//1714 1553//1553
f 1714//1714 1713//1713 1553//1553
f 1725//1725 1724//1724 1564//1564
f 1738//1738 1737//1737 1577//1577
f 1565//1565 1725//1725 1564//1564
f 1566//1566 1726//1726 1565//1565
f 1737//1737 1736//1736 1576//1576
f 1576//1576 1736//1736 1575//1575
f 1736//1736 1735//1735 1575//1575
f 1575//1575 1735//1735 1574//1574
f 1735//1735 1734//1734 1574//1574
f 1574//1574 1734//1734 1573//1573
f 1734//1734 1733//1733 1573//1573
f 1573//1573 1733//1733 1572//1572
f 1733//1733 1732//1732 1572//1572
f 1572//1572 1732//1732 1571//1571
f 1732//1732 1731//1731 1571//1571
f 1571//1571 1731//1731 1570//1570
f 1731//1731 1730//1730 1570//1570
f 1570//1570 1730//1730 1569//1569
f 1730//1730 1729//1729 1569//1569
f 1569//1569 1729//1729 1568//1568
f 1729//1729 1728//1728 1568//1568
f 1568//1568 1728//1728 1567//1567
f 1728//1728 1727//1727 1567//1567
f 1567//1567 1727//1727 1566//1566
f 1727//1727 1726//1726 1566//1566
f 1726//1726 1725//1725 1565//1565
f 1663//1663 1662//1662 1502//1502
f 1502//1502 1662//1662 1501//1501
f 1662//1662 1661//1661 1501//1501
f 1438//1438 1598//1598 1437//1437
f 1598//1598 1597//1597 1437//1437
f 1437//1437 1597//1597 1436//1436
f 1597//1597 1596//1596 1436//1436
f 1436//1436 1596//1596 1435//1435
f 1596//1596 1595//1595 1435//1435
f 1435//1435 1595//1595 1434//1434
f 1595//1595 1594//1594 1434//1434
f 1434//1434 1594//1594 1433//1433
f 1594//1594 1593//1593 1433//1433
f 1433//1433 1593//1593 1432//1432
f 1593//1593 1592//1592 1432//1432
f 1432//1432 1592//1592 1431//1431
f 1592//1592 1591//1591 1431//1431
f 1431//1431 1591//1591 1430//1430
f 1591//1591 1590//1590 1430//1430
f 1430//1430 1590//1590 1429//1429
f 1590//1590 1589//1589 1429//1429
f 1429//1429 1589//1589 1428//1428
f 1589//1589 1588//1588 1428//1428
f 1428//1428 1588//1588 1427//1427
f 1599//1599 1598//1598 1438//1438
f 1588//1588 1587//1587 1427//1427
f 1439//1439 1599//1599 1438//1438
f 1440//1440 1600//1600 1439//1439
f 1611//1611 1610//1610 1450//1450
f 1450//1450 1610//1610 1449//1449
f 1610//1610 1609//1609 1449//1449
f 1449//1449 1609//1609 1448//1448
f 1609//1609 1608//1608 1448//1448
f 1448//1448 1608//1608 1447//1447
f 1608//1608 1607//1607 1447//1447
f 1447//1447 1607//1607 1446//1446
f 1607//1607 1606//1606 1446//1446
f 1446//1446 1606//1606 1445//1445
f 1606//1606 1605//1605 1445//1445
f 1445//1445 1605//1605 1444//1444
f 1605//1605 1604//1604 1444//1444
f 1444//1444 1604//1604 1443//1443
f 1604//1604 1603//1603 1443//1443
f 1443//1443 1603//1603 1442//1442
f 1603//1603 1602//1602 1442//1442
f 1442//1442 1602//1602 1441//1441
f 1602//1602 1601//1601 1441//1441
f 1281//1281 1441//1441 1440//1440
f 1441//1441 1600//1600 1440//1440
f 1600//1600 1599//1599 1439//1439
f 1451//1451 1611//1611 1450//1450
f 1427//1427 1587//1587 1426//1426
f 1426//1426 1586//1586 1425//1425
f 1413//1413 1573//1573 1412//1412
f 1573//1573 1572//1572 1412//1412
f 1412//1412 1572//1572 1411//1411
f 1572//1572 1571//1571 1411//1411
f 1411//1411 1571//1571 1410//1410
f 1571//1571 1570//1570 1410//1410
f 1410//1410 1570//1570 1409//1409
f 1570//1570 1569//1569 1409//1409
f 1409//1409 1569//1569 1408//1408
f 1569//1569 1568//1568 1408//1408
f 1408//1408 1568//1568 1407//1407
f 1568//1568 1567//1567 1407//1407
f 1407//1407 1567//1567 1406//1406
f 1567//1567 1566//1566 1406//1406
f 1406//1406 1566//1566 1405//1405
f 1566//1566 1565//1565 1405//1405
f 1405//1405 1565//1565 1404//1404
f 1565//1565 1564//1564 1404//1404
f 1404//1404 1564//1564 1403//1403
f 1564//1564 1563//1563 1403//1403
f 1403//1403 1563//1563 1402//1402
f 1574//1574 1573//1573 1413//1413
f 1587//1587 1586//1586 1426//1426
f 1414//1414 1574//1574 1413//1413
f 1415//1415 1575//1575 1414//1414
f 1586//1586 1585//1585 1425//1425
f 1425//1425 1585//1585 1424//1424
f 1585//1585 1584//1584 1424//1424
f 1424//1424 1584//1584 1423//1423
f 1584//1584 1583//1583 1423//1423
f 1423//1423 1583//1583 1422//1422
f 1583//1583 1582//1582 1422//1422
f 1422//1422 1582//1582 1421//1421
f 1582//1582 1581//1581 1421//1421
f 1421//1421 1581//1581 1420//1420
f 1581//1581 1580//1580 1420//1420
f 1420//1420 1580//1580 1419//1419
f 1580//1580 1579//1579 1419//1419
f 1419//1419 1579//1579 1418//1418
f 1579//1579 1578//1578 1418//1418
f 1418//1418 1578//1578 1417//1417
f 1578//1578 1577//1577 1417//1417
f 1417//1417 1577//1577 1416//1416
f 1577//1577 1576//1576 1416//1416
f 1416//1416 1576//1576 1415//1415
f 1576//1576 1575//1575 1415//1415
f 1575//1575 1574//1574 1414//1414
f 1612//1612 1611//1611 1451//1451
f 1452//1452 1612//1612 1451//1451
f 1613//1613 1612//1612 1452//1452
f 1649//1649 1648//1648 1488//1488
f 1488//1488 1648//1648 1487//1487
f 1648//1648 1647//1647 1487//1487
f 1487//1487 1647//1647 1486//1486
f 1647//1647 1646//1646 1486//1486
f 1486//1486 1646//1646 1485//1485
f 1646//1646 1645//1645 1485//1485
f 1485//1485 1645//1645 1484//1484
f 1645//1645 1644//1644 1484//1484
f 1484//1484 1644//1644 1483//1483
f 1644//1644 1643//1643 1483//1483
f 1483//1483 1643//1643 1482//1482
f 1643//1643 1642//1642 1482//1482
f 1482//1482 1642//1642 1481//1481
f 1642//1642 1641//1641 1481//1481
f 1481//1481 1641//1641 1480//1480
f 1641//1641 1640//1640 1480//1480
f 1480//1480 1640//1640 1479//1479
f 1640//1640 1639//1639 1479//1479
f 1479//1479 1639//1639 1478//1478
f 1639//1639 1638//1638 1478//1478
f 1489//1489 1649//1649 1488//1488
f 1478//1478 1638//1638 1477//1477
f 1650//1650 1649//1649 1489//1489
f 1651//1651 1650//1650 1490//1490
f 1501//1501 1661//1661 1500//1500
f 1661//1661 1660//1660 1500//1500
f 1500//1500 1660//1660 1499//1499
f 1660//1660 1659//1659 1499//1499
f 1499//1499 1659//1659 1498//1498
f 1659//1659 1658//1658 1498//1498
f 1498//1498 1658//1658 1497//1497
f 1658//1658 1657//1657 1497//1497
f 1497//1497 1657//1657 1496//1496
f 1657//1657 1656//1656 1496//1496
f 1496//1496 1656//1656 1495//1495
f 1656//1656 1655//1655 1495//1495
f 1495//1495 1655//1655 1494//1494
f 1655//1655 1654//1654 1494//1494
f 1494//1494 1654//1654 1493//1493
f 1654//1654 1653//1653 1493//1493
f 1493//1493 1653//1653 1492//1492
f 1653//1653 1652//1652 1492//1492
f 1492//1492 1652//1652 1491//1491
f 1652//1652 1651//1651 1491//1491
f 1491//1491 1651//1651 1490//1490
f 1490//1490 1650//1650 1489//1489
f 1638//1638 1637//1637 1477//1477
f 1477//1477 1637//1637 1476//1476
f 1637//1637 1636//1636 1476//1476
f 1463//1463 1623//1623 1462//1462
f 1623//1623 1622//1622 1462//1462
f 1462//1462 1622//1622 1461//1461
f 1622//1622 1621//1621 1461//1461
f 1461//1461 1621//1621 1460//1460
f 1621//1621 1620//1620 1460//1460
f 1460//1460 1620//1620 1459//1459
f 1620//1620 1619//1619 1459//1459
f 1459//1459 1619//1619 1458//1458
f 1619//1619 1618//1618 1458//1458
f 1458//1458 1618//1618 1457//1457
f 1618//1618 1617//1617 1457//1457
f 1457//1457 1617//1617 1456//1456
f 1617//1617 1616//1616 1456//1456
f 1456//1456 1616//1616 1455//1455
f 1616//1616 1615//1615 1455//1455
f 1455//1455 1615//1615 1454//1454
f 1615//1615 1614//1614 1454//1454
f 1454//1454 1614//1614 1453//1453
f 1614//1614 1613//1613 1453//1453
f 1453//1453 1613//1613 1452//1452
f 1624//1624 1623//1623 1463//1463
f 1464//1464 1624//1624 1463//1463
f 1625//1625 1624//1624 1464//1464
f 1465//1465 1625//1625 1464//1464
f 1476//1476 1636//1636 1475//1475
f 1636//1636 1635//1635 1475//1475
f 1475//1475 1635//1635 1474//1474
f 1635//1635 1634//1634 1474//1474
f 1474//1474 1634//1634 1473//1473
f 1634//1634 1633//1633 1473//1473
f 1473//1473 1633//1633 1472//1472
f 1633//1633 1632//1632 1472//1472
f 1472//1472 1632//1632 1471//1471
f 1632//1632 1631//1631 1471//1471
f 1402//1402 1562//1562 1401//1401
f 1471//1471 1631//1631 1470//1470
f 1470//1470 1630//1630 1469//1469
f 1630//1630 1629//1629 1469//1469
f 1469//1469 1629//1629 1468//1468
f 1629//1629 1628//1628 1468//1468
f 1468//1468 1628//1628 1467//1467
f 1628//1628 1627//1627 1467//1467
f 1467//1467 1627//1627 1466//1466
f 1627//1627 1626//1626 1466//1466
f 1466//1466 1626//1626 1465//1465
f 1626//1626 1625//1625 1465//1465
f 1631//1631 1630//1630 1470//1470
f 1362//1362 1361//1361 1201//1201
f 801//801 961//961 960//960
f 1361//1361 1360//1360 1200//1200
f 1097//1097 1096//1096 936//936
f 936//936 1096//1096 935//935
f 1096//1096 1095//1095 935//935
f 935//935 1095//1095 934//934
f 1095//1095 1094//1094 934//934
f 934//934 1094//1094 933//933
f 1094//1094 1093//1093 933//933
f 933//933 1093//1093 932//932
f 1093//1093 1092//1092 932//932
f 932//932 1092//1092 931//931
f 1092//1092 1091//1091 931//931
f 931//931 1091//1091 930//930
f 1091//1091 1090//1090 930//930
f 930//930 1090//1090 929//929
f 1090//1090 1089//1089 929//929
f 929//929 1089//1089 928//928
f 1089//1089 1088//1088 928//928
f 928//928 1088//1088 927//927
f 1088//1088 1087//1087 927//927
f 927//927 1087//1087 926//926
f 1087//1087 1086//1086 926//926
f 937//937 1097//1097 936//936
f 926//926 1086//1086 925//925
f 1098//1098 1097//1097 937//937
f 1099//1099 1098//1098 938//938
f 949//949 1109//1109 948//948
f 1109//1109 1108//1108 948//948
f 948//948 1108//1108 947//947
f 1108//1108 1107//1107 947//947
f 947//947 1107//1107 946//946
f 1107//1107 1106//1106 946//946
f 946//946 1106//1106 945//945
f 1106//1106 1105//1105 945//945
f 945//945 1105//1105 944//944
f 1105//1105 1104//1104 944//944
f 944//944 1104//1104 943//943
f 1104//1104 1103//1103 943//943
f 943//943 1103//1103 942//942
f 1103//1103 1102//1102 942//942
f 942//942 1102//1102 941//941
f 1102//1102 1101//1101 941//941
f 941//941 1101//1101 940//940
f 1101//1101 1100//1100 940//940
f 940//940 1100//1100 939//939
f 1100//1100 1099//1099 939//939
f 939//939 1099//1099 938//938
f 938//938 1098//1098 937//937
f 1110//1110 1109//1109 949//949
f 1086//1086 1085//1085 925//925
f 1085//1085 1084//1084 924//924
f 1072//1072 1071//1071 911//911
f 911//911 1071//1071 910//910
f 1071//1071 1070//1070 910//910
f 910//910 1070//1070 909//909
f 1070//1070 1069//1069 909//909
f 909//909 1069//1069 908//908
f 1069//1069 1068//1068 908//908
f 908//908 1068//1068 907//907
f 1068//1068 1067//1067 907//907
f 907//907 1067//1067 906//906
f 1067//1067 1066//1066 906//906
f 906//906 1066//1066 905//905
f 1066//1066 1065//1065 905//905
f 905//905 1065//1065 904//904
f 1065//1065 1064//1064 904//904
f 904//904 1064//1064 903//903
f 1064//1064 1063//1063 903//903
f 903//903 1063//1063 902//902
f 1063//1063 1062//1062 902//902
f 902//902 1062//1062 901//901
f 1062//1062 1061//1061 901//901
f 912//912 1072//1072 911//911
f 925//925 1085//1085 924//924
f 1073//1073 1072//1072 912//912
f 1074//1074 1073//1073 913//913
f 924//924 1084//1084 923//923
f 1084//1084 1083//1083 923//923
f 923//923 1083//1083 922//922
f 1083//1083 1082//1082 922//922
f 922//922 1082//1082 921//921
f 1082//1082 1081//1081 921//921
f 1201//1201 1361//1361 1200//1200
f 1081//1081 1080//1080 920//920
f 920//920 1080//1080 919//919
f 1080//1080 1079//1079 919//919
f 919//919 1079//1079 918//918
f 1079//1079 1078//1078 918//918
f 918//918 1078//1078 917//917
f 1078//1078 1077//1077 917//917
f 917//917 1077//1077 916//916
f 1077//1077 1076//1076 916//916
f 916//916 1076//1076 915//915
f 1076//1076 1075//1075 915//915
f 915//915 1075//1075 914//914
f 1075//1075 1074//1074 914//914
f 914//914 1074//1074 913//913
f 913//913 1073//1073 912//912
f 901//901 1061//1061 900//900
f 950//950 1110//1110 949//949
f 951//951 1111//1111 950//950
f 987//987 1147//1147 986//986
f 1147//1147 1146//1146 986//986
f 986//986 1146//1146 985//985
f 1146//1146 1145//1145 985//985
f 985//985 1145//1145 984//984
f 1145//1145 1144//1144 984//984
f 984//984 1144//1144 983//983
f 1144//1144 1143//1143 983//983
f 983//983 1143//1143 982//982
f 1143//1143 1142//1142 982//982
f 982//982 1142//1142 981//981
f 1142//1142 1141//1141 981//981
f 981//981 1141//1141 980//980
f 1141//1141 1140//1140 980//980
f 980//980 1140//1140 979//979
f 1140//1140 1139//1139 979//979
f 979//979 1139//1139 978//978
f 1139//1139 1138//1138 978//978
f 978//978 1138//1138 977//977
f 1138//1138 1137//1137 977//977
f 977//977 1137//1137 976//976
f 1148//1148 1147//1147 987//987
f 1137//1137 1136//1136 976//976
f 988//988 1148//1148 987//987
f 989//989 1149//1149 988//988
f 1160//1160 1159//1159 999//999
f 999//999 1159//1159 998//998
f 1159//1159 1158//1158 998//998
f 998//998 1158//1158 997//997
f 1158//1158 1157//1157 997//997
f 997//997 1157//1157 996//996
f 1157//1157 1156//1156 996//996
f 996//996 1156//1156 995//995
f 1156//1156 1155//1155 995//995
f 995//995 1155//1155 994//994
f 1155//1155 1154//1154 994//994
f 994//994 1154//1154 993//993
f 1154//1154 1153//1153 993//993
f 993//993 1153//1153 992//992
f 1153//1153 1152//1152 992//992
f 992//992 1152//1152 991//991
f 1152//1152 1151//1151 991//991
f 991//991 1151//1151 990//990
f 1151//1151 1150//1150 990//990
f 990//990 1150//1150 989//989
f 1150//1150 1149//1149 989//989
f 1149//1149 1148//1148 988//988
f 1111//1111 1110//1110 950//950
f 976//976 1136//1136 975//975
f 975//975 1135//1135 974//974
f 962//962 1122//1122 961//961
f 1122//1122 1121//1121 961//961
f 961//961 1120//1120 960//960
f 960//960 1120//1120 959//959
f 1120//1120 1119//1119 959//959
f 959//959 1119//1119 958//958
f 1119//1119 1118//1118 958//958
f 958//958 1118//1118 957//957
f 1118//1118 1117//1117 957//957
f 957//957 1117//1117 956//956
f 1117//1117 1116//1116 956//956
f 956//956 1116//1116 955//955
f 1116//1116 1115//1115 955//955
f 955//955 1115//1115 954//954
f 1115//1115 1114//1114 954//954
f 954//954 1114//1114 953//953
f 1114//1114 1113//1113 953//953
f 953//953 1113//1113 952//952
f 1113//1113 1112//1112 952//952
f 952//952 1112//1112 951//951
f 1112//1112 1111//1111 951//951
f 1123//1123 1122//1122 962//962
f 1136//1136 1135//1135 975//975
f 963//963 1123//1123 962//962
f 964//964 1124//1124 963//963
f 1135//1135 1134//1134 974//974
f 974//974 1134//1134 973//973
f 1134//1134 1133//1133 973//973
f 973//973 1133//1133 972//972
f 1133//1133 1132//1132 972//972
f 972//972 1132//1132 971//971
f 1132//1132 1131//1131 971//971
f 971//971 1131//1131 970//970
f 1131//1131 1130//1130 970//970
f 970//970 1130//1130 969//969
f 1130//1130 1129//1129 969//969
f 969//969 1129//1129 968//968
f 1129//1129 1128//1128 968//968
f 968//968 1128//1128 967//967
f 1128//1128 1127//1127 967//967
f 967//967 1127//1127 966//966
f 1127//1127 1126//1126 966//966
f 966//966 1126//1126 965//965
f 1126//1126 1125//1125 965//965
f 965//965 1125//1125 964//964
f 1125//1125 1124//1124 964//964
f 1124//1124 1123//1123 963//963
f 1000//1000 1160//1160 999//999
f 1061//1061 1060//1060 900//900
f 1060//1060 1059//1059 899//899
f 997//997 996//996 836//836
f 836//836 996//996 835//835
f 996//996 995//995 835//835
f 835//835 995//995 834//834
f 995//995 994//994 834//834
f 834//834 994//994 833//833
f 994//994 993//993 833//833
f 833//833 993//993 832//832
f 993//993 992//992 832//832
f 832//832 992//992 831//831
f 992//992 991//991 831//831
f 831//831 991//991 830//830
f 991//991 990//990 830//830
f 830//830 990//990 829//829
f 990//990 989//989 829//829
f 829//829 989//989 828//828
f 989//989 988//988 828//828
f 828//828 988//988 827//827
f 988//988 987//987 827//827
f 827//827 987//987 826//826
f 987//987 986//986 826//826
f 837//837 997//997 836//836
f 826//826 986//986 825//825
f 998//998 997//997 837//837
f 999//999 998//998 838//838
f 849//849 1009//1009 848//848
f 1009//1009 1008//1008 848//848
f 848//848 1008//1008 847//847
f 1008//1008 1007//1007 847//847
f 847//847 1007//1007 846//846
f 1007//1007 1006//1006 846//846
f 846//846 1006//1006 845//845
f 1006//1006 1005//1005 845//845
f 845//845 1005//1005 844//844
f 1005//1005 1004//1004 844//844
f 844//844 1004//1004 843//843
f 1004//1004 1003//1003 843//843
f 843//843 1003//1003 842//842
f 1003//1003 1002//1002 842//842
f 842//842 1002//1002 841//841
f 1002//1002 1001//1001 841//841
f 841//841 1001//1001 840//840
f 1001//1001 1000//1000 840//840
f 840//840 1000//1000 839//839
f 1000//1000 999//999 839//839
f 839//839 999//999 838//838
f 838//838 998//998 837//837
f 1010//1010 1009//1009 849//849
f 986//986 985//985 825//825
f 985//985 984//984 824//824
f 972//972 971//971 811//811
f 811//811 971//971 810//810
f 971//971 970//970 810//810
f 810//810 970//970 809//809
f 970//970 969//969 809//809
f 809//809 969//969 808//808
f 969//969 968//968 808//808
f 808//808 968//968 807//807
f 968//968 967//967 807//807
f 807//807 967//967 806//806
f 967//967 966//966 806//806
f 806//806 966//966 805//805
f 966//966 965//965 805//805
f 805//805 965//965 804//804
f 965//965 964//964 804//804
f 804//804 964//964 803//803
f 964//964 963//963 803//803
f 803//803 963//963 802//802
f 963//963 962//962 802//802
f 802//802 962//962 801//801
f 962//962 961//961 801//801
f 812//812 972//972 811//811
f 825//825 985//985 824//824
f 973//973 972//972 812//812
f 974//974 973//973 813//813
f 824//824 984//984 823//823
f 984//984 983//983 823//823
f 823//823 983//983 822//822
f 983//983 982//982 822//822
f 822//822 982//982 821//821
f 982//982 981//981 821//821
f 821//821 981//981 820//820
f 981//981 980//980 820//820
f 820//820 980//980 819//819
f 980//980 979//979 819//819
f 819//819 979//979 818//818
f 979//979 978//978 818//818
f 818//818 978//978 817//817
f 978//978 977//977 817//817
f 817//817 977//977 816//816
f 977//977 976//976 816//816
f 816//816 976//976 815//815
f 976//976 975//975 815//815
f 815//815 975//975 814//814
f 975//975 974//974 814//814
f 814//814 974//974 813//813
f 813//813 973//973 812//812
f 900//900 1060//1060 899//899
f 850//850 1010//1010 849//849
f 851//851 1011//1011 850//850
f 1047//1047 1046//1046 886//886
f 886//886 1046//1046 885//885
f 1046//1046 1045//1045 885//885
f 885//885 1045//1045 884//884
f 1045//1045 1044//1044 884//884
f 884//884 1044//1044 883//883
f 1044//1044 1043//1043 883//883
f 883//883 1043//1043 882//882
f 1043//1043 1042//1042 882//882
f 882//882 1042//1042 881//881
f 1042//1042 1041//1041 881//881
f 881//881 1041//1041 880//880
f 1041//1041 1040//1040 880//880
f 880//880 1040//1040 879//879
f 1040//1040 1039//1039 879//879
f 879//879 1039//1039 878//878
f 1039//1039 1038//1038 878//878
f 878//878 1038//1038 877//877
f 1038//1038 1037//1037 877//877
f 877//877 1037//1037 876//876
f 1037//1037 1036//1036 876//876
f 887//887 1047//1047 886//886
f 876//876 1036//1036 875//875
f 1048//1048 1047//1047 887//887
f 1049//1049 1048//1048 888//888
f 899//899 1059//1059 898//898
f 1059//1059 1058//1058 898//898
f 898//898 1058//1058 897//897
f 1058//1058 1057//1057 897//897
f 897//897 1057//1057 896//896
f 1057//1057 1056//1056 896//896
f 896//896 1056//1056 895//895
f 1056//1056 1055//1055 895//895
f 895//895 1055//1055 894//894
f 1055//1055 1054//1054 894//894
f 894//894 1054//1054 893//893
f 1054//1054 1053//1053 893//893
f 893//893 1053//1053 892//892
f 1053//1053 1052//1052 892//892
f 892//892 1052//1052 891//891
f 1052//1052 1051//1051 891//891
f 891//891 1051//1051 890//890
f 1051//1051 1050//1050 890//890
f 890//890 1050//1050 889//889
f 1050//1050 1049//1049 889//889
f 889//889 1049//1049 888//888
f 888//888 1048//1048 887//887
f 1011//1011 1010//1010 850//850
f 1036//1036 1035//1035 875//875
f 1035//1035 1034//1034 874//874
f 1022//1022 1021//1021 861//861
f 861//861 1021//1021 860//860
f 1021//1021 1020//1020 860//860
f 860//860 1020//1020 859//859
f 1020//1020 1019//1019 859//859
f 859//859 1019//1019 858//858
f 1019//1019 1018//1018 858//858
f 858//858 1018//1018 857//857
f 1018//1018 1017//1017 857//857
f 857//857 1017//1017 856//856
f 1017//1017 1016//1016 856//856
f 856//856 1016//1016 855//855
f 1016//1016 1015//1015 855//855
f 855//855 1015//1015 854//854
f 1015//1015 1014//1014 854//854
f 854//854 1014//1014 853//853
f 1014//1014 1013//1013 853//853
f 853//853 1013//1013 852//852
f 1013//1013 1012//1012 852//852
f 852//852 1012//1012 851//851
f 1012//1012 1011//1011 851//851
f 862//862 1022//1022 861//861
f 875//875 1035//1035 874//874
f 1023//1023 1022//1022 862//862
f 1024//1024 1023//1023 863//863
f 874//874 1034//1034 873//873
f 1034//1034 1033//1033 873//873
f 873//873 1033//1033 872//872
f 1033//1033 1032//1032 872//872
f 872//872 1032//1032 871//871
f 1032//1032 1031//1031 871//871
f 871//871 1031//1031 870//870
f 1031//1031 1030//1030 870//870
f 870//870 1030//1030 869//869
f 1030//1030 1029//1029 869//869
f 869//869 1029//1029 868//868
f 1029//1029 1028//1028 868//868
f 868//868 1028//1028 867//867
f 1028//1028 1027//1027 867//867
f 867//867 1027//1027 866//866
f 1027//1027 1026//1026 866//866
f 866//866 1026//1026 865//865
f 1026//1026 1025//1025 865//865
f 865//865 1025//1025 864//864
f 1025//1025 1024//1024 864//864
f 864//864 1024//1024 863//863
f 863//863 1023//1023 862//862
f 1161//1161 1160//1160 1000//1000
f 921//921 1081//1081 920//920
f 1162//1162 1161//1161 1001//1001
f 1137//1137 1297//1297 1136//1136
f 1297//1297 1296//1296 1136//1136
f 1136//1136 1296//1296 1135//1135
f 1296//1296 1295//1295 1135//1135
f 1135//1135 1295//1295 1134//1134
f 1295//1295 1294//1294 1134//1134
f 1134//1134 1294//1294 1133//1133
f 1294//1294 1293//1293 1133//1133
f 1133//1133 1293//1293 1132//1132
f 1293//1293 1292//1292 1132//1132
f 1132//1132 1292//1292 1131//1131
f 1292//1292 1291//1291 1131//1131
f 1131//1131 1291//1291 1130//1130
f 1291//1291 1290//1290 1130//1130
f 1130//1130 1290//1290 1129//1129
f 1290//1290 1289//1289 1129//1129
f 1129//1129 1289//1289 1128//1128
f 1289//1289 1288//1288 1128//1128
f 1128//1128 1288//1288 1127//1127
f 1288//1288 1287//1287 1127//1127
f 1127//1127 1287//1287 1126//1126
f 1298//1298 1297//1297 1137//1137
f 1287//1287 1286//1286 1126//1126
f 1138//1138 1298//1298 1137//1137
f 1139//1139 1299//1299 1138//1138
f 1310//1310 1309//1309 1149//1149
f 1149//1149 1309//1309 1148//1148
f 1309//1309 1308//1308 1148//1148
f 1148//1148 1308//1308 1147//1147
f 1308//1308 1307//1307 1147//1147
f 1147//1147 1307//1307 1146//1146
f 1307//1307 1306//1306 1146//1146
f 1146//1146 1306//1306 1145//1145
f 1306//1306 1305//1305 1145//1145
f 1145//1145 1305//1305 1144//1144
f 1305//1305 1304//1304 1144//1144
f 1144//1144 1304//1304 1143//1143
f 1304//1304 1303//1303 1143//1143
f 1143//1143 1303//1303 1142//1142
f 1303//1303 1302//1302 1142//1142
f 1142//1142 1302//1302 1141//1141
f 1302//1302 1301//1301 1141//1141
f 1141//1141 1301//1301 1140//1140
f 1301//1301 1300//1300 1140//1140
f 1140//1140 1300//1300 1139//1139
f 1300//1300 1299//1299 1139//1139
f 1299//1299 1298//1298 1138//1138
f 1150//1150 1310//1310 1149//1149
f 1126//1126 1286//1286 1125//1125
f 1125//1125 1285//1285 1124//1124
f 1112//1112 1272//1272 1111//1111
f 1272//1272 1271//1271 1111//1111
f 1111//1111 1271//1271 1110//1110
f 1271//1271 1270//1270 1110//1110
f 1110//1110 1270//1270 1109//1109
f 1270//1270 1269//1269 1109//1109
f 1109//1109 1269//1269 1108//1108
f 1269//1269 1268//1268 1108//1108
f 1108//1108 1268//1268 1107//1107
f 1268//1268 1267//1267 1107//1107
f 1107//1107 1267//1267 1106//1106
f 1267//1267 1266//1266 1106//1106
f 1106//1106 1266//1266 1105//1105
f 1266//1266 1265//1265 1105//1105
f 1105//1105 1265//1265 1104//1104
f 1265//1265 1264//1264 1104//1104
f 1104//1104 1264//1264 1103//1103
f 1264//1264 1263//1263 1103//1103
f 1103//1103 1263//1263 1102//1102
f 1263//1263 1262//1262 1102//1102
f 1102//1102 1262//1262 1101//1101
f 1273//1273 1272//1272 1112//1112
f 1286//1286 1285//1285 1125//1125
f 1113//1113 1273//1273 1112//1112
f 1114//1114 1274//1274 1113//1113
f 1285//1285 1284//1284 1124//1124
f 1124//1124 1284//1284 1123//1123
f 1284//1284 1283//1283 1123//1123
f 1123//1123 1283//1283 1122//1122
f 1283//1283 1282//1282 1122//1122
f 1122//1122 1282//1282 1121//1121
f 1282//1282 1281//1281 1121//1121
f 961//961 1121//1121 1120//1120
f 1121//1121 1280//1280 1120//1120
f 1120//1120 1280//1280 1119//1119
f 1280//1280 1279//1279 1119//1119
f 1119//1119 1279//1279 1118//1118
f 1279//1279 1278//1278 1118//1118
f 1118//1118 1278//1278 1117//1117
f 1278//1278 1277//1277 1117//1117
f 1117//1117 1277//1277 1116//1116
f 1277//1277 1276//1276 1116//1116
f 1116//1116 1276//1276 1115//1115
f 1276//1276 1275//1275 1115//1115
f 1115//1115 1275//1275 1114//1114
f 1275//1275 1274//1274 1114//1114
f 1274//1274 1273//1273 1113//1113
f 1311//1311 1310//1310 1150//1150
f 1151//1151 1311//1311 1150//1150
f 1312//1312 1311//1311 1151//1151
f 1348//1348 1347//1347 1187//1187
f 1187//1187 1347//1347 1186//1186
f 1347//1347 1346//1346 1186//1186
f 1186//1186 1346//1346 1185//1185
f 1346//1346 1345//1345 1185//1185
f 1185//1185 1345//1345 1184//1184
f 1345//1345 1344//1344 1184//1184
f 1184//1184 1344//1344 1183//1183
f 1344//1344 1343//1343 1183//1183
f 1183//1183 1343//1343 1182//1182
f 1343//1343 1342//1342 1182//1182
f 1182//1182 1342//1342 1181//1181
f 1342//1342 1341//1341 1181//1181
f 1181//1181 1341//1341 1180//1180
f 1001//1001 1161//1161 1000//1000
f 1180//1180 1340//1340 1179//1179
f 1340//1340 1339//1339 1179//1179
f 1179//1179 1339//1339 1178//1178
f 1339//1339 1338//1338 1178//1178
f 1178//1178 1338//1338 1177//1177
f 1338//1338 1337//1337 1177//1177
f 1188//1188 1348//1348 1187//1187
f 1177//1177 1337//1337 1176//1176
f 1349//1349 1348//1348 1188//1188
f 1350//1350 1349//1349 1189//1189
f 1200//1200 1360//1360 1199//1199
f 1360//1360 1359//1359 1199//1199
f 1199//1199 1359//1359 1198//1198
f 1359//1359 1358//1358 1198//1198
f 1198//1198 1358//1358 1197//1197
f 1358//1358 1357//1357 1197//1197
f 1197//1197 1357//1357 1196//1196
f 1357//1357 1356//1356 1196//1196
f 1196//1196 1356//1356 1195//1195
f 1356//1356 1355//1355 1195//1195
f 1195//1195 1355//1355 1194//1194
f 1355//1355 1354//1354 1194//1194
f 1194//1194 1354//1354 1193//1193
f 1354//1354 1353//1353 1193//1193
f 1193//1193 1353//1353 1192//1192
f 1353//1353 1352//1352 1192//1192
f 1192//1192 1352//1352 1191//1191
f 1352//1352 1351//1351 1191//1191
f 1191//1191 1351//1351 1190//1190
f 1351//1351 1350//1350 1190//1190
f 1190//1190 1350//1350 1189//1189
f 1189//1189 1349//1349 1188//1188
f 1337//1337 1336//1336 1176//1176
f 1176//1176 1336//1336 1175//1175
f 1336//1336 1335//1335 1175//1175
f 1162//1162 1322//1322 1161//1161
f 1322//1322 1321//1321 1161//1161
f 1161//1161 1321//1321 1160//1160
f 1321//1321 1320//1320 1160//1160
f 1160//1160 1320//1320 1159//1159
f 1320//1320 1319//1319 1159//1159
f 1159//1159 1319//1319 1158//1158
f 1319//1319 1318//1318 1158//1158
f 1158//1158 1318//1318 1157//1157
f 1318//1318 1317//1317 1157//1157
f 1157//1157 1317//1317 1156//1156
f 1317//1317 1316//1316 1156//1156
f 1156//1156 1316//1316 1155//1155
f 1316//1316 1315//1315 1155//1155
f 1155//1155 1315//1315 1154//1154
f 1315//1315 1314//1314 1154//1154
f 1154//1154 1314//1314 1153//1153
f 1314//1314 1313//1313 1153//1153
f 1153//1153 1313//1313 1152//1152
f 1313//1313 1312//1312 1152//1152
f 1152//1152 1312//1312 1151//1151
f 1323//1323 1322//1322 1162//1162
f 1163//1163 1323//1323 1162//1162
f 1324//1324 1323//1323 1163//1163
f 1164//1164 1324//1324 1163//1163
f 1175//1175 1335//1335 1174//1174
f 1335//1335 1334//1334 1174//1174
f 1174//1174 1334//1334 1173//1173
f 1334//1334 1333//1333 1173//1173
f 1173//1173 1333//1333 1172//1172
f 1333//1333 1332//1332 1172//1172
f 1172//1172 1332//1332 1171//1171
f 1332//1332 1331//1331 1171//1171
f 1171//1171 1331//1331 1170//1170
f 1331//1331 1330//1330 1170//1170
f 1262//1262 1261//1261 1101//1101
f 1170//1170 1330//1330 1169//1169
f 1169//1169 1329//1329 1168//1168
f 1329//1329 1328//1328 1168//1168
f 1168//1168 1328//1328 1167//1167
f 1328//1328 1327//1327 1167//1167
f 1167//1167 1327//1327 1166//1166
f 1327//1327 1326//1326 1166//1166
f 1166//1166 1326//1326 1165//1165
f 1326//1326 1325//1325 1165//1165
f 1165//1165 1325//1325 1164//1164
f 1325//1325 1324//1324 1164//1164
f 1330//1330 1329//1329 1169//1169
f 1101//1101 1261//1261 1100//1100
f 1341//1341 1340//1340 1180//1180
f 1100//1100 1260//1260 1099//1099
f 1037//1037 1197//1197 1036//1036
f 1197//1197 1196//1196 1036//1036
f 1036//1036 1196//1196 1035//1035
f 1196//1196 1195//1195 1035//1035
f 1035//1035 1195//1195 1034//1034
f 1195//1195 1194//1194 1034//1034
f 1034//1034 1194//1194 1033//1033
f 1194//1194 1193//1193 1033//1033
f 1033//1033 1193//1193 1032//1032
f 1193//1193 1192//1192 1032//1032
f 1032//1032 1192//1192 1031//1031
f 1192//1192 1191//1191 1031//1031
f 1031//1031 1191//1191 1030//1030
f 1191//1191 1190//1190 1030//1030
f 1030//1030 1190//1190 1029//1029
f 1190//1190 1189//1189 1029//1029
f 1029//1029 1189//1189 1028//1028
f 1189//1189 1188//1188 1028//1028
f 1028//1028 1188//1188 1027//1027
f 1188//1188 1187//1187 1027//1027
f 1027//1027 1187//1187 1026//1026
f 1198//1198 1197//1197 1037//1037
f 1187//1187 1186//1186 1026//1026
f 1038//1038 1198//1198 1037//1037
f 1039//1039 1199//1199 1038//1038
f 1210//1210 1209//1209 1049//1049
f 1049//1049 1209//1209 1048//1048
f 1209//1209 1208//1208 1048//1048
f 1048//1048 1208//1208 1047//1047
f 1208//1208 1207//1207 1047//1047
f 1047//1047 1207//1207 1046//1046
f 1207//1207 1206//1206 1046//1046
f 1046//1046 1206//1206 1045//1045
f 1206//1206 1205//1205 1045//1045
f 1045//1045 1205//1205 1044//1044
f 1205//1205 1204//1204 1044//1044
f 1044//1044 1204//1204 1043//1043
f 1204//1204 1203//1203 1043//1043
f 1043//1043 1203//1203 1042//1042
f 1203//1203 1202//1202 1042//1042
f 1042//1042 1202//1202 1041//1041
f 1202//1202 1201//1201 1041//1041
f 1041//1041 1201//1201 1040//1040
f 1201//1201 1200//1200 1040//1040
f 1040//1040 1200//1200 1039//1039
f 1200//1200 1199//1199 1039//1039
f 1199//1199 1198//1198 1038//1038
f 1050//1050 1210//1210 1049//1049
f 1026//1026 1186//1186 1025//1025
f 1025//1025 1185//1185 1024//1024
f 1012//1012 1172//1172 1011//1011
f 1011//1011 1171//1171 1010//1010
f 1171//1171 1170//1170 1010//1010
f 1010//1010 1170//1170 1009//1009
f 1170//1170 1169//1169 1009//1009
f 1009//1009 1169//1169 1008//1008
f 1169//1169 1168//1168 1008//1008
f 1008//1008 1168//1168 1007//1007
f 1168//1168 1167//1167 1007//1007
f 1007//1007 1167//1167 1006//1006
f 1167//1167 1166//1166 1006//1006
f 1006//1006 1166//1166 1005//1005
f 1166//1166 1165//1165 1005//1005
f 1005//1005 1165//1165 1004//1004
f 1165//1165 1164//1164 1004//1004
f 1004//1004 1164//1164 1003//1003
f 1164//1164 1163//1163 1003//1003
f 1003//1003 1163//1163 1002//1002
f 1163//1163 1162//1162 1002//1002
f 1002//1002 1162//1162 1001//1001
f 1261//1261 1260//1260 1100//1100
f 1173//1173 1172//1172 1012//1012
f 1186//1186 1185//1185 1025//1025
f 1013//1013 1173//1173 1012//1012
f 1014//1014 1174//1174 1013//1013
f 1185//1185 1184//1184 1024//1024
f 1024//1024 1184//1184 1023//1023
f 1184//1184 1183//1183 1023//1023
f 1023//1023 1183//1183 1022//1022
f 1183//1183 1182//1182 1022//1022
f 1022//1022 1182//1182 1021//1021
f 1182//1182 1181//1181 1021//1021
f 1021//1021 1181//1181 1020//1020
f 1181//1181 1180//1180 1020//1020
f 1020//1020 1180//1180 1019//1019
f 1180//1180 1179//1179 1019//1019
f 1019//1019 1179//1179 1018//1018
f 1179//1179 1178//1178 1018//1018
f 1018//1018 1178//1178 1017//1017
f 1178//1178 1177//1177 1017//1017
f 1017//1017 1177//1177 1016//1016
f 1177//1177 1176//1176 1016//1016
f 1016//1016 1176//1176 1015//1015
f 1176//1176 1175//1175 1015//1015
f 1015//1015 1175//1175 1014//1014
f 1175//1175 1174//1174 1014//1014
f 1174//1174 1173//1173 1013//1013
f 1211//1211 1210//1210 1050//1050
f 1172//1172 1171//1171 1011//1011
f 1212//1212 1211//1211 1051//1051
f 1087//1087 1247//1247 1086//1086
f 1247//1247 1246//1246 1086//1086
f 1086//1086 1246//1246 1085//1085
f 1246//1246 1245//1245 1085//1085
f 1085//1085 1245//1245 1084//1084
f 1245//1245 1244//1244 1084//1084
f 1084//1084 1244//1244 1083//1083
f 1244//1244 1243//1243 1083//1083
f 1083//1083 1243//1243 1082//1082
f 1243//1243 1242//1242 1082//1082
f 1082//1082 1242//1242 1081//1081
f 1242//1242 1241//1241 1081//1081
f 1081//1081 1241//1241 1080//1080
f 1241//1241 1240//1240 1080//1080
f 1080//1080 1240//1240 1079//1079
f 1240//1240 1239//1239 1079//1079
f 1079//1079 1239//1239 1078//1078
f 1239//1239 1238//1238 1078//1078
f 1078//1078 1238//1238 1077//1077
f 1238//1238 1237//1237 1077//1077
f 1077//1077 1237//1237 1076//1076
f 1248//1248 1247//1247 1087//1087
f 1237//1237 1236//1236 1076//1076
f 1088//1088 1248//1248 1087//1087
f 1089//1089 1249//1249 1088//1088
f 1260//1260 1259//1259 1099//1099
f 1051//1051 1211//1211 1050//1050
f 1099//1099 1259//1259 1098//1098
f 1259//1259 1258//1258 1098//1098
f 1098//1098 1258//1258 1097//1097
f 1258//1258 1257//1257 1097//1097
f 1097//1097 1257//1257 1096//1096
f 1257//1257 1256//1256 1096//1096
f 1096//1096 1256//1256 1095//1095
f 1256//1256 1255//1255 1095//1095
f 1095//1095 1255//1255 1094//1094
f 1255//1255 1254//1254 1094//1094
f 1254//1254 1253//1253 1093//1093
f 1093//1093 1253//1253 1092//1092
f 1253//1253 1252//1252 1092//1092
f 1092//1092 1252//1252 1091//1091
f 1252//1252 1251//1251 1091//1091
f 1091//1091 1251//1251 1090//1090
f 1251//1251 1250//1250 1090//1090
f 1090//1090 1250//1250 1089//1089
f 1250//1250 1249//1249 1089//1089
f 1249//1249 1248//1248 1088//1088
f 1076//1076 1236//1236 1075//1075
f 1094//1094 1254//1254 1093//1093
f 1075//1075 1235//1235 1074//1074
f 1062//1062 1222//1222 1061//1061
f 1222//1222 1221//1221 1061//1061
f 1061//1061 1221//1221 1060//1060
f 1221//1221 1220//1220 1060//1060
f 1060//1060 1220//1220 1059//1059
f 1220//1220 1219//1219 1059//1059
f 1059//1059 1219//1219 1058//1058
f 1219//1219 1218//1218 1058//1058
f 1058//1058 1218//1218 1057//1057
f 1218//1218 1217//1217 1057//1057
f 1057//1057 1217//1217 1056//1056
f 1217//1217 1216//1216 1056//1056
f 1056//1056 1216//1216 1055//1055
f 1055//1055 1215//1215 1054//1054
f 1215//1215 1214//1214 1054//1054
f 1054//1054 1214//1214 1053//1053
f 1214//1214 1213//1213 1053//1053
f 1053//1053 1213//1213 1052//1052
f 1052//1052 1212//1212 1051//1051
f 1236//1236 1235//1235 1075//1075
f 1213//1213 1212//1212 1052//1052
f 1223//1223 1222//1222 1062//1062
f 1063//1063 1223//1223 1062//1062
f 1216//1216 1215//1215 1055//1055
f 1064//1064 1224//1224 1063//1063
f 1074//1074 1234//1234 1073//1073
f 1234//1234 1233//1233 1073//1073
f 1224//1224 1223//1223 1063//1063
f 1235//1235 1234//1234 1074//1074
f 1073//1073 1233//1233 1072//1072
f 1233//1233 1232//1232 1072//1072
f 1072//1072 1232//1232 1071//1071
f 1071//1071 1231//1231 1070//1070
f 1231//1231 1230//1230 1070//1070
f 1070//1070 1230//1230 1069//1069
f 1230//1230 1229//1229 1069//1069
f 1069//1069 1229//1229 1068//1068
f 1232//1232 1231//1231 1071//1071
f 1229//1229 1228//1228 1068//1068
f 1068//1068 1228//1228 1067//1067
f 1228//1228 1227//1227 1067//1067
f 1225//1225 1224//1224 1064//1064
f 1067//1067 1227//1227 1066//1066
f 1227//1227 1226//1226 1066//1066
f 1066//1066 1226//1226 1065//1065
f 1065//1065 1225//1225 1064//1064
f 1226//1226 1225//1225 1065//1065
f 1870//1870 1869//1869 2029//2029
f 2029//2029 1869//1869 2028//2028
f 1869//1869 1868//1868 2028//2028
f 2028//2028 1868//1868 2027//2027
f 1868//1868 1867//1867 2027//2027
f 2027//2027 1867//1867 2026//2026
f 1866//1866 1865//1865 2025//2025
f 1867//1867 1866//1866 2026//2026
f 2026//2026 1866//1866 2025//2025
f 1864//1864 1863//1863 2023//2023
f 2025//2025 1865//1865 2024//2024
f 1865//1865 1864//1864 2024//2024
f 2023//2023 1863//1863 2022//2022
f 2030//2030 1870//1870 2029//2029
f 2024//2024 1864//1864 2023//2023
f 1863//1863 1862//1862 2022//2022
f 1871//1871 1870//1870 2030//2030
f 2035//2035 1875//1875 2034//2034
f 1872//1872 1871//1871 2031//2031
f 1880//1880 1879//1879 2039//2039
f 2039//2039 1879//1879 2038//2038
f 1879//1879 1878//1878 2038//2038
f 2022//2022 1862//1862 2021//2021
f 2038//2038 1878//1878 2037//2037
f 1878//1878 1877//1877 2037//2037
f 2037//2037 1877//1877 2036//2036
f 2031//2031 1871//1871 2030//2030
f 1877//1877 1876//1876 2036//2036
f 1876//1876 1875//1875 2035//2035
f 1875//1875 1874//1874 2034//2034
f 2034//2034 1874//1874 2033//2033
f 1874//1874 1873//1873 2033//2033
f 2033//2033 1873//1873 2032//2032
f 1873//1873 1872//1872 2032//2032
f 2032//2032 1872//1872 2031//2031
f 2036//2036 1876//1876 2035//2035
f 1862//1862 1861//1861 2021//2021
f 2010//2010 1850//1850 2009//2009
f 1861//1861 1860//1860 2020//2020
f 2009//2009 1849//1849 2008//2008
f 1849//1849 1848//1848 2008//2008
f 2008//2008 1848//1848 2007//2007
f 1848//1848 1847//1847 2007//2007
f 2007//2007 1847//1847 2006//2006
f 1847//1847 1846//1846 2006//2006
f 2006//2006 1846//1846 2005//2005
f 1850//1850 1849//1849 2009//2009
f 1846//1846 1845//1845 2005//2005
f 1845//1845 1844//1844 2004//2004
f 2004//2004 1844//1844 2003//2003
f 1844//1844 1843//1843 2003//2003
f 2003//2003 1843//1843 2002//2002
f 2040//2040 1880//1880 2039//2039
f 2002//2002 1842//1842 2001//2001
f 1843//1843 1842//1842 2002//2002
f 2005//2005 1845//1845 2004//2004
f 1851//1851 1850//1850 2010//2010
f 2011//2011 1851//1851 2010//2010
f 1852//1852 1851//1851 2011//2011
f 2020//2020 1860//1860 2019//2019
f 1860//1860 1859//1859 2019//2019
f 2019//2019 1859//1859 2018//2018
f 1859//1859 1858//1858 2018//2018
f 2018//2018 1858//1858 2017//2017
f 1858//1858 1857//1857 2017//2017
f 2017//2017 1857//1857 2016//2016
f 1857//1857 1856//1856 2016//2016
f 2016//2016 1856//1856 2015//2015
f 1856//1856 1855//1855 2015//2015
f 2015//2015 1855//1855 2014//2014
f 1855//1855 1854//1854 2014//2014
f 2014//2014 1854//1854 2013//2013
f 1854//1854 1853//1853 2013//2013
f 2013//2013 1853//1853 2012//2012
f 1853//1853 1852//1852 2012//2012
f 2012//2012 1852//1852 2011//2011
f 2021//2021 1861//1861 2020//2020
f 1881//1881 1880//1880 2040//2040
f 1905//1905 1904//1904 2064//2064
f 1882//1882 1881//1881 2041//2041
f 1911//1911 1910//1910 2070//2070
f 2070//2070 1910//1910 2069//2069
f 1910//1910 1909//1909 2069//2069
f 2069//2069 1909//1909 2068//2068
f 1909//1909 1908//1908 2068//2068
f 2068//2068 1908//1908 2067//2067
f 1908//1908 1907//1907 2067//2067
f 2071//2071 1911//1911 2070//2070
f 2067//2067 1907//1907 2066//2066
f 2066//2066 1906//1906 2065//2065
f 1906//1906 1905//1905 2065//2065
f 2065//2065 1905//1905 2064//2064
f 2064//2064 1904//1904 2063//2063
f 1904//1904 1903//1903 2063//2063
f 2063//2063 1903//1903 2062//2062
f 1903//1903 1902//1902 2062//2062
f 1907//1907 1906//1906 2066//2066
f 2062//2062 1902//1902 2061//2061
f 1912//1912 1911//1911 2071//2071
f 1913//1913 1912//1912 2072//2072
f 2080//2080 1920//1920 2079//2079
f 1842//1842 1841//1841 2001//2001
f 1920//1920 1919//1919 2079//2079
f 2079//2079 1919//1919 2078//2078
f 1919//1919 1918//1918 2078//2078
f 2078//2078 1918//1918 2077//2077
f 1918//1918 1917//1917 2077//2077
f 2072//2072 1912//1912 2071//2071
f 2077//2077 1917//1917 2076//2076
f 2076//2076 1916//1916 2075//2075
f 1916//1916 1915//1915 2075//2075
f 2075//2075 1915//1915 2074//2074
f 1915//1915 1914//1914 2074//2074
f 2074//2074 1914//1914 2073//2073
f 1914//1914 1913//1913 2073//2073
f 2073//2073 1913//1913 2072//2072
f 1917//1917 1916//1916 2076//2076
f 1902//1902 1901//1901 2061//2061
f 2061//2061 1901//1901 2060//2060
f 1901//1901 1900//1900 2060//2060
f 1890//1890 1889//1889 2049//2049
f 2049//2049 1889//1889 2048//2048
f 1889//1889 1888//1888 2048//2048
f 2048//2048 1888//1888 2047//2047
f 1888//1888 1887//1887 2047//2047
f 2047//2047 1887//1887 2046//2046
f 1887//1887 1886//1886 2046//2046
f 2050//2050 1890//1890 2049//2049
f 2046//2046 1886//1886 2045//2045
f 2045//2045 1885//1885 2044//2044
f 1885//1885 1884//1884 2044//2044
f 2044//2044 1884//1884 2043//2043
f 1884//1884 1883//1883 2043//2043
f 2043//2043 1883//1883 2042//2042
f 1883//1883 1882//1882 2042//2042
f 2042//2042 1882//1882 2041//2041
f 1886//1886 1885//1885 2045//2045
f 1891//1891 1890//1890 2050//2050
f 2051//2051 1891//1891 2050//2050
f 1892//1892 1891//1891 2051//2051
f 2060//2060 1900//1900 2059//2059
f 1900//1900 1899//1899 2059//2059
f 2059//2059 1899//1899 2058//2058
f 1899//1899 1898//1898 2058//2058
f 2058//2058 1898//1898 2057//2057
f 1898//1898 1897//1897 2057//2057
f 2057//2057 1897//1897 2056//2056
f 1897//1897 1896//1896 2056//2056
f 2056//2056 1896//1896 2055//2055
f 1896//1896 1895//1895 2055//2055
f 2055//2055 1895//1895 2054//2054
f 1895//1895 1894//1894 2054//2054
f 2054//2054 1894//1894 2053//2053
f 1894//1894 1893//1893 2053//2053
f 2053//2053 1893//1893 2052//2052
f 1893//1893 1892//1892 2052//2052
f 2052//2052 1892//1892 2051//2051
f 2041//2041 1881//1881 2040//2040
f 2001//2001 1841//1841 2000//2000
f 1792//1792 1791//1791 1951//1951
f 2000//2000 1840//1840 1999//1999
f 1789//1789 1788//1788 1948//1948
f 1948//1948 1788//1788 1947//1947
f 1788//1788 1787//1787 1947//1947
f 1947//1947 1787//1787 1946//1946
f 1787//1787 1786//1786 1946//1946
f 1946//1946 1786//1786 1945//1945
f 1786//1786 1785//1785 1945//1945
f 1949//1949 1789//1789 1948//1948
f 1945//1945 1785//1785 1944//1944
f 1944//1944 1784//1784 1943//1943
f 1784//1784 1783//1783 1943//1943
f 1943//1943 1783//1783 1942//1942
f 1783//1783 1782//1782 1942//1942
f 1942//1942 1782//1782 1941//1941
f 1782//1782 1781//1781 1941//1941
f 1941//1941 1781//1781 1940//1940
f 1785//1785 1784//1784 1944//1944
f 1781//1781 1780//1780 1940//1940
f 1790//1790 1789//1789 1949//1949
f 1791//1791 1790//1790 1950//1950
f 1959//1959 1799//1799 1958//1958
f 1799//1799 1798//1798 1958//1958
f 1958//1958 1798//1798 1957//1957
f 1798//1798 1797//1797 1957//1957
f 1957//1957 1797//1797 1956//1956
f 1797//1797 1796//1796 1956//1956
f 1956//1956 1796//1796 1955//1955
f 1950//1950 1790//1790 1949//1949
f 1796//1796 1795//1795 1955//1955
f 1795//1795 1794//1794 1954//1954
f 1954//1954 1794//1794 1953//1953
f 1794//1794 1793//1793 1953//1953
f 1953//1953 1793//1793 1952//1952
f 1793//1793 1792//1792 1952//1952
f 1952//1952 1792//1792 1951//1951
f 1951//1951 1791//1791 1950//1950
f 1955//1955 1795//1795 1954//1954
f 1800//1800 1799//1799 1959//1959
f 1940//1940 1780//1780 1939//1939
f 1939//1939 1779//1779 1938//1938
f 1769//1769 1768//1768 1928//1928
f 1928//1928 1768//1768 1927//1927
f 1768//1768 1767//1767 1927//1927
f 1927//1927 1767//1767 1926//1926
f 1767//1767 1766//1766 1926//1926
f 1926//1926 1766//1766 1925//1925
f 1766//1766 1765//1765 1925//1925
f 1929//1929 1769//1769 1928//1928
f 1925//1925 1765//1765 1924//1924
f 1924//1924 1764//1764 1923//1923
f 1764//1764 1763//1763 1923//1923
f 1923//1923 1763//1763 1922//1922
f 1763//1763 1762//1762 1922//1922
f 1922//1922 1762//1762 1921//1921
f 1762//1762 1761//1761 1921//1921
f 1761//1761 1920//1920 2080//2080
f 1765//1765 1764//1764 1924//1924
f 1780//1780 1779//1779 1939//1939
f 1770//1770 1769//1769 1929//1929
f 1771//1771 1770//1770 1930//1930
f 1779//1779 1778//1778 1938//1938
f 1938//1938 1778//1778 1937//1937
f 1778//1778 1777//1777 1937//1937
f 1937//1937 1777//1777 1936//1936
f 1777//1777 1776//1776 1936//1936
f 1936//1936 1776//1776 1935//1935
f 1776//1776 1775//1775 1935//1935
f 1930//1930 1770//1770 1929//1929
f 1935//1935 1775//1775 1934//1934
f 1934//1934 1774//1774 1933//1933
f 1774//1774 1773//1773 1933//1933
f 1933//1933 1773//1773 1932//1932
f 1773//1773 1772//1772 1932//1932
f 1932//1932 1772//1772 1931//1931
f 1772//1772 1771//1771 1931//1931
f 1931//1931 1771//1771 1930//1930
f 1775//1775 1774//1774 1934//1934
f 1960//1960 1800//1800 1959//1959
f 1801//1801 1800//1800 1960//1960
f 1961//1961 1801//1801 1960//1960
f 1830//1830 1829//1829 1989//1989
f 1989//1989 1829//1829 1988//1988
f 1829//1829 1828//1828 1988//1988
f 1988//1988 1828//1828 1987//1987
f 1828//1828 1827//1827 1987//1987
f 1987//1987 1827//1827 1986//1986
f 1827//1827 1826//1826 1986//1986
f 1990//1990 1830//1830 1989//1989
f 1986//1986 1826//1826 1985//1985
f 1985//1985 1825//1825 1984//1984
f 1825//1825 1824//1824 1984//1984
f 1984//1984 1824//1824 1983//1983
f 1824//1824 1823//1823 1983//1983
f 1983//1983 1823//1823 1982//1982
f 1823//1823 1822//1822 1982//1982
f 1982//1982 1822//1822 1981//1981
f 1826//1826 1825//1825 1985//1985
f 1822//1822 1821//1821 1981//1981
f 1831//1831 1830//1830 1990//1990
f 1832//1832 1831//1831 1991//1991
f 1840//1840 1839//1839 1999//1999
f 1999//1999 1839//1839 1998//1998
f 1839//1839 1838//1838 1998//1998
f 1998//1998 1838//1838 1997//1997
f 1838//1838 1837//1837 1997//1997
f 1997//1997 1837//1837 1996//1996
f 1837//1837 1836//1836 1996//1996
f 1991//1991 1831//1831 1990//1990
f 1996//1996 1836//1836 1995//1995
f 1995//1995 1835//1835 1994//1994
f 1835//1835 1834//1834 1994//1994
f 1994//1994 1834//1834 1993//1993
f 1834//1834 1833//1833 1993//1993
f 1993//1993 1833//1833 1992//1992
f 1833//1833 1832//1832 1992//1992
f 1992//1992 1832//1832 1991//1991
f 1836//1836 1835//1835 1995//1995
f 1981//1981 1821//1821 1980//1980
f 1821//1821 1820//1820 1980//1980
f 1980//1980 1820//1820 1979//1979
f 1969//1969 1809//1809 1968//1968
f 1809//1809 1808//1808 1968//1968
f 1968//1968 1808//1808 1967//1967
f 1808//1808 1807//1807 1967//1967
f 1967//1967 1807//1807 1966//1966
f 1807//1807 1806//1806 1966//1966
f 1966//1966 1806//1806 1965//1965
f 1810//1810 1809//1809 1969//1969
f 1806//1806 1805//1805 1965//1965
f 1805//1805 1804//1804 1964//1964
f 1964//1964 1804//1804 1963//1963
f 1804//1804 1803//1803 1963//1963
f 1963//1963 1803//1803 1962//1962
f 1803//1803 1802//1802 1962//1962
f 1962//1962 1802//1802 1961//1961
f 1802//1802 1801//1801 1961//1961
f 1965//1965 1805//1805 1964//1964
f 1970//1970 1810//1810 1969//1969
f 1811//1811 1810//1810 1970//1970
f 1971//1971 1811//1811 1970//1970
f 1820//1820 1819//1819 1979//1979
f 1979//1979 1819//1819 1978//1978
f 1819//1819 1818//1818 1978//1978
f 1978//1978 1818//1818 1977//1977
f 1818//1818 1817//1817 1977//1977
f 1977//1977 1817//1817 1976//1976
f 1817//1817 1816//1816 1976//1976
f 1976//1976 1816//1816 1975//1975
f 1816//1816 1815//1815 1975//1975
f 1975//1975 1815//1815 1974//1974
f 1815//1815 1814//1814 1974//1974
f 1974//1974 1814//1814 1973//1973
f 1814//1814 1813//1813 1973//1973
f 1973//1973 1813//1813 1972//1972
f 1813//1813 1812//1812 1972//1972
f 1972//1972 1812//1812 1971//1971
f 1812//1812 1811//1811 1971//1971
f 1841//1841 1840//1840 2000//2000
f 1921//1921 1761//1761 2080//2080
o lens_front_element
v 0.0107700000 0.0000000000 0.0416000000
v 0.0107700000 0.0028487500 0.0416000000
v 0.0107700000 0.0028453186 0.0417397815
v 0.0107700000 0.0028350325 0.0418792263
v 0.0107700000 0.0028179166 0.0420179984
v 0.0107700000 0.0027940121 0.0421557636
v 0.0107700000 0.0027633765 0.0422921898
v 0.0107700000 0.0027260838 0.0424269485
v 0.0107700000 0.0026822237 0.0425597150
v 0.0107700000 0.0026319018 0.0426901694
v 0.0107700000 0.0025752395 0.0428179976
v 0.0107700000 0.0025123732 0.0429428915
v 0.0107700000 0.0024434544 0.0430645502
v 0.0107700000 0.0023686491 0.0431826807
v 0.0107700000 0.0022881375 0.0432969984
v 0.0107700000 0.0022021135 0.0434072279
v 0.0107700000 0.0021107845 0.0435131036
v 0.0107700000 0.0020143704 0.0436143704
v 0.0107700000 0.0019131036 0.0437107845
v 0.0107700000 0.0018072279 0.0438021135
v 0.0107700000 0.0016969984 0.0438881375
v 0.0107700000 0.0015826807 0.0439686491
v 0.0107700000 0.0014645502 0.0440434544
v 0.0107700000 0.0013428915 0.0441123732
v 0.0107700000 0.0012179976 0.0441752395
v 0.0107700000 0.0010901694 0.0442319018
v 0.0107700000 0.0009597150 0.0442822237
v 0.0107700000 0.0008269485 0.0443260838
v 0.0107700000 0.0006921898 0.0443633765
v 0.0107700000 0.0005557636 0.0443940121
v 0.0107700000 0.0004179984 0.0444179166
v 0.0107700000 0.0002792263 0.0444350325
v 0.0107700000 0.0001397815 0.0444453186
v 0.0107700000 0.0000000000 0.0444487500
v 0.0107700000 -0.0001397815 0.0444453186
v 0.0107700000 -0.0002792263 0.0444350325
v 0.0107700000 -0.0004179984 0.0444179166
v 0.0107700000 -0.0005557636 0.0443940121
v 0.0107700000 -0.0006921898 0.0443633765
v 0.0107700000 -0.0008269485 0.0443260838
v 0.0107700000 -0.0009597150 0.0442822237
v 0.0107700000 -0.0010901694 0.0442319018
v 0.0107700000 -0.0012179976 0.0441752395
v 0.0107700000 -0.0013428915 0.0441123732
v 0.0107700000 -0.0014645502 0.0440434544
v 0.0107700000 -0.0015826807 0.0439686491
v 0.0107700000 -0.0016969984 0.0438881375
v 0.0107700000 -0.0018072279 0.0438021135
v 0.0107700000 -0.0019131036 0.0437107845
v 0.0107700000 -0.0020143704 0.0436143704
v 0.0107700000 -0.0021107845 0.0435131036
v 0.0107700000 -0.0022021135 0.0434072279
v 0.0107700000 -0.0022881375 0.0432969984
v 0.0107700000 -0.0023686491 0.0431826807
v 0.0107700000 -0.0024434544 0.0430645502
v 0.0107700000 -0.0025123732 0.0429428915
v 0.0107700000 -0.0025752395 0.0428179976
v 0.0107700000 -0.0026319018 0.0426901694
v 0.0107700000 -0.0026822237 0.0425597150
v 0.0107700000 -0.0027260838 0.0424269485
v 0.0107700000 -0.0027633765 0.0422921898
v 0.0107700000 -0.0027940121 0.0421557636
v 0.0107700000 -0.0028179166 0.0420179984
v 0.0107700000 -0.0028350325 0.0418792263
v 0.0107700000 -0.0028453186 0.0417397815
v 0.0107700000 -0.0028487500 0.0416000000
v 0.0107700000 -0.0028453186 0.0414602185
v 0.0107700000 -0.0028350325 0.0413207737
v 0.0107700000 -0.0028179166 0.0411820016
v 0.0107700000 -0.0027940121 0.0410442364
v 0.0107700000 -0.0027633765 0.0409078102
v 0.0107700000 -0.0027260838 0.0407730515
v 0.0107700000 -0.0026822237 0.0406402850
v 0.0107700000 -0.0026319018 0.0405098306
v 0.0107700000 -0.0025752395 0.0403820024
v 0.0107700000 -0.0025123732 0.0402571085
v 0.0107700000 -0.0024434544 0.0401354498
v 0.0107700000 -0.0023686491 0.0400173193
v 0.0107700000 -0.0022881375 0.0399030016
v 0.0107700000 -0.0022021135 0.0397927721
v 0.0107700000 -0.0021107845 0.0396868964
v 0.0107700000 -0.0020143704 0.0395856296
v 0.0107700000 -0.0019131036 0.0394892155
v 0.0107700000 -0.0018072279 0.0393978865
v 0.0107700000 -0.0016969984 0.0393118625
v 0.0107700000 -0.0015826807 0.0392313509
v 0.0107700000 -0.0014645502 0.0391565456
v 0.0107700000 -0.0013428915 0.0390876268
v 0.0107700000 -0.0012179976 0.0390247605
v 0.0107700000 -0.0010901694 0.0389680982
v 0.0107700000 -0.0009597150 0.0389177763
v 0.0107700000 -0.0008269485 0.0388739162
v 0.0107700000 -0.0006921898 0.0388366235
v 0.0107700000 -0.0005557636 0.0388059879
v 0.0107700000 -0.0004179984 0.0387820834
v 0.0107700000 -0.0002792263 0.0387649675
v 0.0107700000 -0.0001397815 0.0387546814
v 0.0107700000 -0.0000000000 0.0387512500
v 0.0107700000 0.0001397815 0.0387546814
v 0.0107700000 0.0002792263 0.0387649675
v 0.0107700000 0.0004179984 0.0387820834
v 0.0107700000 0.0005557636 0.0388059879
v 0.0107700000 0.0006921898 0.0388366235
v 0.0107700000 0.0008269485 0.0388739162
v 0.0107700000 0.0009597150 0.0389177763
v 0.0107700000 0.0010901694 0.0389680982
v 0.0107700000 0.0012179976 0.0390247605
v 0.0107700000 0.0013428915 0.0390876268
v 0.0107700000 0.0014645502 0.0391565456
v 0.0107700000 0.0015826807 0.0392313509
v 0.0107700000 0.0016969984 0.0393118625
v 0.0107700000 0.0018072279 0.0393978865
v 0.0107700000 0.0019131036 0.0394892155
v 0.0107700000 0.0020143704 0.0395856296
v 0.0107700000 0.0021107845 0.0396868964
v 0.0107700000 0.0022021135 0.0397927721
v 0.0107700000 0.0022881375 0.0399030016
v 0.0107700000 0.0023686491 0.0400173193
v 0.0107700000 0.0024434544 0.0401354498
v 0.0107700000 0.0025123732 0.0402571085
v 0.0107700000 0.0025752395 0.0403820024
v 0.0107700000 0.0026319018 0.0405098306
v 0.0107700000 0.0026822237 0.0406402850
v 0.0107700000 0.0027260838 0.0407730515
v 0.0107700000 0.0027633765 0.0409078102
v 0.0107700000 0.0027940121 0.0410442364
v 0.0107700000 0.0028179166 0.0411820016
v 0.0107700000 0.0028350325 0.0413207737
v 0.0107700000 0.0028453186 0.0414602185
v 0.0107700000 0.0028487500 0.0416000000
v 0.0107700000 0.0028453186 0.0417397815
v 0.0107700000 0.0028350325 0.0418792263
v 0.0107700000 0.0028179166 0.0420179984
v 0.0107700000 0.0027940121 0.0421557636
v 0.0107700000 0.0027633765 0.0422921898
v 0.0107700000 0.0027260838 0.0424269485
v 0.0107700000 0.0026822237 0.0425597150
v 0.0107700000 0.0026319018 0.0426901694
v 0.0107700000 0.0025752395 0.0428179976
v 0.0107700000 0.0025123732 0.0429428915
v 0.0107700000 0.0024434544 0.0430645502
v 0.0107700000 0.0023686491 0.0431826807
v 0.0107700000 0.0022881375 0.0432969984
v 0.0107700000 0.0022021135 0.0434072279
v 0.0107700000 0.0021107845 0.0435131036
v 0.0107700000 0.0020143704 0.0436143704
v 0.0107700000 0.0019131036 0.0437107845
v 0.0107700000 0.0018072279 0.0438021135
v 0.0107700000 0.0016969984 0.0438881375
v 0.0107700000 0.0015826807 0.0439686491
v 0.0107700000 0.0014645502 0.0440434544
v 0.0107700000 0.0013428915 0.0441123732
v 0.0107700000 0.0012179976 0.0441752395
v 0.0107700000 0.0010901694 0.0442319018
v 0.0107700000 0.0009597150 0.0442822237
v 0.0107700000 0.0008269485 0.0443260838
v 0.0107700000 0.0006921898 0.0443633765
v 0.0107700000 0.0005557636 0.0443940121
v 0.0107700000 0.0004179984 0.0444179166
v 0.0107700000 0.0002792263 0.0444350325
v 0.0107700000 0.0001397815 0.0444453186
v 0.0107700000 0.0000000000 0.0444487500
v 0.0107700000 -0.0001397815 0.0444453186
v 0.0107700000 -0.0002792263 0.0444350325
v 0.0107700000 -0.0004179984 0.0444179166
v 0.0107700000 -0.0005557636 0.0443940121
v 0.0107700000 -0.0006921898 0.0443633765
v 0.0107700000 -0.0008269485 0.0443260838
v 0.0107700000 -0.0009597150 0.0442822237
v 0.0107700000 -0.0010901694 0.0442319018
v 0.0107700000 -0.0012179976 0.0441752395
v 0.0107700000 -0.0013428915 0.0441123732
v 0.0107700000 -0.0014645502 0.0440434544
v 0.0107700000 -0.0015826807 0.0439686491
v 0.0107700000 -0.0016969984 0.0438881375
v 0.0107700000 -0.0018072279 0.0438021135
v 0.0107700000 -0.0019131036 0.0437107845
v 0.0107700000 -0.0020143704 0.0436143704
v 0.0107700000 -0.0021107845 0.0435131036
v 0.0107700000 -0.0022021135 0.0434072279
v 0.0107700000 -0.0022881375 0.0432969984
v 0.0107700000 -0.0023686491 0.0431826807
v 0.0107700000 -0.0024434544 0.0430645502
v 0.0107700000 -0.0025123732 0.0429428915
v 0.0107700000 -0.0025752395 0.0428179976
v 0.0107700000 -0.0026319018 0.0426901694
v 0.0107700000 -0.0026822237 0.0425597150
v 0.0107700000 -0.0027260838 0.0424269485
v 0.0107700000 -0.0027633765 0.0422921898
v 0.0107700000 -0.0027940121 0.0421557636
v 0.0107700000 -0.0028179166 0.0420179984
v 0.0107700000 -0.0028350325 0.0418792263
v 0.0107700000 -0.0028453186 0.0417397815
v 0.0107700000 -0.0028487500 0.0416000000
v 0.0107700000 -0.0028453186 0.0414602185
v 0.0107700000 -0.0028350325 0.0413207737
v 0.0107700000 -0.0028179166 0.0411820016
v 0.0107700000 -0.0027940121 0.0410442364
v 0.0107700000 -0.0027633765 0.0409078102
v 0.0107700000 -0.0027260838 0.0407730515
v 0.0107700000 -0.0026822237 0.0406402850
v 0.0107700000 -0.0026319018 0.0405098306
v 0.0107700000 -0.0025752395 0.0403820024
v 0.0107700000 -0.0025123732 0.0402571085
v 0.0107700000 -0.0024434544 0.0401354498
v 0.0107700000 -0.0023686491 0.0400173193
v 0.0107700000 -0.0022881375 0.0399030016
v 0.0107700000 -0.0022021135 0.0397927721
v 0.0107700000 -0.0021107845 0.0396868964
v 0.0107700000 -0.0020143704 0.0395856296
v 0.0107700000 -0.0019131036 0.0394892155
v 0.0107700000 -0.0018072279 0.0393978865
v 0.0107700000 -0.0016969984 0.0393118625
v 0.0107700000 -0.0015826807 0.0392313509
v 0.0107700000 -0.0014645502 0.0391565456
v 0.0107700000 -0.0013428915 0.0390876268
v 0.0107700000 -0.0012179976 0.0390247605
v 0.0107700000 -0.0010901694 0.0389680982
v 0.0107700000 -0.0009597150 0.0389177763
v 0.0107700000 -0.0008269485 0.0388739162
v 0.0107700000 -0.0006921898 0.0388366235
v 0.0107700000 -0.0005557636 0.0388059879
v 0.0107700000 -0.0004179984 0.0387820834
v 0.0107700000 -0.0002792263 0.0387649675
v 0.0107700000 -0.0001397815 0.0387546814
v 0.0107700000 -0.0000000000 0.0387512500
v 0.0107700000 0.0001397815 0.0387546814
v 0.0107700000 0.0002792263 0.0387649675
v 0.0107700000 0.0004179984 0.0387820834
v 0.0107700000 0.0005557636 0.0388059879
v 0.0107700000 0.0006921898 0.0388366235
v 0.0107700000 0.0008269485 0.0388739162
v 0.0107700000 0.0009597150 0.0389177763
v 0.0107700000 0.0010901694 0.0389680982
v 0.0107700000 0.0012179976 0.0390247605
v 0.0107700000 0.0013428915 0.0390876268
v 0.0107700000 0.0014645502 0.0391565456
v 0.0107700000 0.0015826807 0.0392313509
v 0.0107700000 0.0016969984 0.0393118625
v 0.0107700000 0.0018072279 0.0393978865
v 0.0107700000 0.0019131036 0.0394892155
v 0.0107700000 0.0020143704 0.0395856296
v 0.0107700000 0.0021107845 0.0396868964
v 0.0107700000 0.0022021135 0.0397927721
v 0.0107700000 0.0022881375 0.0399030016
v 0.0107700000 0.0023686491 0.0400173193
v 0.0107700000 0.0024434544 0.0401354498
v 0.0107700000 0.0025123732 0.0402571085
v 0.0107700000 0.0025752395 0.0403820024
v 0.0107700000 0.0026319018 0.0405098306
v 0.0107700000 0.0026822237 0.0406402850
v 0.0107700000 0.0027260838 0.0407730515
v 0.0107700000 0.0027633765 0.0409078102
v 0.0107700000 0.0027940121 0.0410442364
v 0.0107700000 0.0028179166 0.0411820016
v 0.0107700000 0.0028350325 0.0413207737
v 0.0107700000 0.0028453186 0.0414602185
v 0.0109000000 0.0028487500 0.0416000000
v 0.0109000000 0.0028453186 0.0417397815
v 0.0109000000 0.0028350325 0.0418792263
v 0.0109000000 0.0028179166 0.0420179984
v 0.0109000000 0.0027940121 0.0421557636
v 0.0109000000 0.0027633765 0.0422921898
v 0.0109000000 0.0027260838 0.0424269485
v 0.0109000000 0.0026822237 0.0425597150
v 0.0109000000 0.0026319018 0.0426901694
v 0.0109000000 0.0025752395 0.0428179976
v 0.0109000000 0.0025123732 0.0429428915
v 0.0109000000 0.0024434544 0.0430645502
v 0.0109000000 0.0023686491 0.0431826807
v 0.0109000000 0.0022881375 0.0432969984
v 0.0109000000 0.0022021135 0.0434072279
v 0.0109000000 0.0021107845 0.0435131036
v 0.0109000000 0.0020143704 0.0436143704
v 0.0109000000 0.0019131036 0.0437107845
v 0.0109000000 0.0018072279 0.0438021135
v 0.0109000000 0.0016969984 0.0438881375
v 0.0109000000 0.0015826807 0.0439686491
v 0.0109000000 0.0014645502 0.0440434544
v 0.0109000000 0.0013428915 0.0441123732
v 0.0109000000 0.0012179976 0.0441752395
v 0.0109000000 0.0010901694 0.0442319018
v 0.0109000000 0.0009597150 0.0442822237
v 0.0109000000 0.0008269485 0.0443260838
v 0.0109000000 0.0006921898 0.0443633765
v 0.0109000000 0.0005557636 0.0443940121
v 0.0109000000 0.0004179984 0.0444179166
v 0.0109000000 0.0002792263 0.0444350325
v 0.0109000000 0.0001397815 0.0444453186
v 0.0109000000 0.0000000000 0.0444487500
v 0.0109000000 -0.0001397815 0.0444453186
v 0.0109000000 -0.0002792263 0.0444350325
v 0.0109000000 -0.0004179984 0.0444179166
v 0.0109000000 -0.0005557636 0.0443940121
v 0.0109000000 -0.0006921898 0.0443633765
v 0.0109000000 -0.0008269485 0.0443260838
v 0.0109000000 -0.0009597150 0.0442822237
v 0.0109000000 -0.0010901694 0.0442319018
v 0.0109000000 -0.0012179976 0.0441752395
v 0.0109000000 -0.0013428915 0.0441123732
v 0.0109000000 -0.0014645502 0.0440434544
v 0.0109000000 -0.0015826807 0.0439686491
v 0.0109000000 -0.0016969984 0.0438881375
v 0.0109000000 -0.0018072279 0.0438021135
v 0.0109000000 -0.0019131036 0.0437107845
v 0.0109000000 -0.0020143704 0.0436143704
v 0.0109000000 -0.0021107845 0.0435131036
v 0.0109000000 -0.0022021135 0.0434072279
v 0.0109000000 -0.0022881375 0.0432969984
v 0.0109000000 -0.0023686491 0.0431826807
v 0.0109000000 -0.0024434544 0.0430645502
v 0.0109000000 -0.0025123732 0.0429428915
v 0.0109000000 -0.0025752395 0.0428179976
v 0.0109000000 -0.0026319018 0.0426901694
v 0.0109000000 -0.0026822237 0.0425597150
v 0.0109000000 -0.0027260838 0.0424269485
v 0.0109000000 -0.0027633765 0.0422921898
v 0.0109000000 -0.0027940121 0.0421557636
v 0.0109000000 -0.0028179166 0.0420179984
v 0.0109000000 -0.0028350325 0.0418792263
v 0.0109000000 -0.0028453186 0.0417397815
v 0.0109000000 -0.0028487500 0.0416000000
v 0.0109000000 -0.0028453186 0.0414602185
v 0.0109000000 -0.0028350325 0.0413207737
v 0.0109000000 -0.0028179166 0.0411820016
v 0.0109000000 -0.0027940121 0.0410442364
v 0.0109000000 -0.0027633765 0.0409078102
v 0.0109000000 -0.0027260838 0.0407730515
v 0.0109000000 -0.0026822237 0.0406402850
v 0.0109000000 -0.0026319018 0.0405098306
v 0.0109000000 -0.0025752395 0.0403820024
v 0.0109000000 -0.0025123732 0.0402571085
v 0.0109000000 -0.0024434544 0.0401354498
v 0.0109000000 -0.0023686491 0.0400173193
v 0.0109000000 -0.0022881375 0.0399030016
v 0.0109000000 -0.0022021135 0.0397927721
v 0.0109000000 -0.0021107845 0.0396868964
v 0.0109000000 -0.0020143704 0.0395856296
v 0.0109000000 -0.0019131036 0.0394892155
v 0.0109000000 -0.0018072279 0.0393978865
v 0.0109000000 -0.0016969984 0.0393118625
v 0.0109000000 -0.0015826807 0.0392313509
v 0.0109000000 -0.0014645502 0.0391565456
v 0.0109000000 -0.0013428915 0.0390876268
v 0.0109000000 -0.0012179976 0.0390247605
v 0.0109000000 -0.0010901694 0.0389680982
v 0.0109000000 -0.0009597150 0.0389177763
v 0.0109000000 -0.0008269485 0.0388739162
v 0.0109000000 -0.0006921898 0.0388366235
v 0.0109000000 -0.0005557636 0.0388059879
v 0.0109000000 -0.0004179984 0.0387820834
v 0.0109000000 -0.0002792263 0.0387649675
v 0.0109000000 -0.0001397815 0.0387546814
v 0.0109000000 -0.0000000000 0.0387512500
v 0.0109000000 0.0001397815 0.0387546814
v 0.0109000000 0.0002792263 0.0387649675
v 0.0109000000 0.0004179984 0.0387820834
v 0.0109000000 0.0005557636 0.0388059879
v 0.0109000000 0.0006921898 0.0388366235
v 0.0109000000 0.0008269485 0.0388739162
v 0.0109000000 0.0009597150 0.0389177763
v 0.0109000000 0.0010901694 0.0389680982
v 0.0109000000 0.0012179976 0.0390247605
v 0.0109000000 0.0013428915 0.0390876268
v 0.0109000000 0.0014645502 0.0391565456
v 0.0109000000 0.0015826807 0.0392313509
v 0.0109000000 0.0016969984 0.0393118625
v 0.0109000000 0.0018072279 0.0393978865
v 0.0109000000 0.0019131036 0.0394892155
v 0.0109000000 0.0020143704 0.0395856296
v 0.0109000000 0.0021107845 0.0396868964
v 0.0109000000 0.0022021135 0.0397927721
v 0.0109000000 0.0022881375 0.0399030016
v 0.0109000000 0.0023686491 0.0400173193
v 0.0109000000 0.0024434544 0.0401354498
v 0.0109000000 0.0025123732 0.0402571085
v 0.0109000000 0.0025752395 0.0403820024
v 0.0109000000 0.0026319018 0.0405098306
v 0.0109000000 0.0026822237 0.0406402850
v 0.0109000000 0.0027260838 0.0407730515
v 0.0109000000 0.0027633765 0.0409078102
v 0.0109000000 0.0027940121 0.0410442364
v 0.0109000000 0.0028179166 0.0411820016
v 0.0109000000 0.0028350325 0.0413207737
v 0.0109000000 0.0028453186 0.0414602185
v 0.0109000000 0.0028487500 0.0416000000
v 0.0109000000 0.0028453186 0.0417397815
v 0.0109000000 0.0028350325 0.0418792263
v 0.0109000000 0.0028179166 0.0420179984
v 0.0109000000 0.0027940121 0.0421557636
v 0.0109000000 0.0027633765 0.0422921898
v 0.0109000000 0.0027260838 0.0424269485
v 0.0109000000 0.0026822237 0.0425597150
v 0.0109000000 0.0026319018 0.0426901694
v 0.0109000000 0.0025752395 0.0428179976
v 0.0109000000 0.0025123732 0.0429428915
v 0.0109000000 0.0024434544 0.0430645502
v 0.0109000000 0.0023686491 0.0431826807
v 0.0109000000 0.0022881375 0.0432969984
v 0.0109000000 0.0022021135 0.0434072279
v 0.0109000000 0.0021107845 0.0435131036
v 0.0109000000 0.0020143704 0.0436143704
v 0.0109000000 0.0019131036 0.0437107845
v 0.0109000000 0.0018072279 0.0438021135
v 0.0109000000 0.0016969984 0.0438881375
v 0.0109000000 0.0015826807 0.0439686491
v 0.0109000000 0.0014645502 0.0440434544
v 0.0109000000 0.0013428915 0.0441123732
v 0.0109000000 0.0012179976 0.0441752395
v 0.0109000000 0.0010901694 0.0442319018
v 0.0109000000 0.0009597150 0.0442822237
v 0.0109000000 0.0008269485 0.0443260838
v 0.0109000000 0.0006921898 0.0443633765
v 0.0109000000 0.0005557636 0.0443940121
v 0.0109000000 0.0004179984 0.0444179166
v 0.0109000000 0.0002792263 0.0444350325
v 0.0109000000 0.0001397815 0.0444453186
v 0.0109000000 0.0000000000 0.0444487500
v 0.0109000000 -0.0001397815 0.0444453186
v 0.0109000000 -0.0002792263 0.0444350325
v 0.0109000000 -0.0004179984 0.0444179166
v 0.0109000000 -0.0005557636 0.0443940121
v 0.0109000000 -0.0006921898 0.0443633765
v 0.0109000000 -0.0008269485 0.0443260838
v 0.0109000000 -0.0009597150 0.0442822237
v 0.0109000000 -0.0010901694 0.0442319018
v 0.0109000000 -0.0012179976 0.0441752395
v 0.0109000000 -0.0013428915 0.0441123732
v 0.0109000000 -0.0014645502 0.0440434544
v 0.0109000000 -0.0015826807 0.0439686491
v 0.0109000000 -0.0016969984 0.0438881375
v 0.0109000000 -0.0018072279 0.0438021135
v 0.0109000000 -0.0019131036 0.0437107845
v 0.0109000000 -0.0020143704 0.0436143704
v 0.0109000000 -0.0021107845 0.0435131036
v 0.0109000000 -0.0022021135 0.0434072279
v 0.0109000000 -0.0022881375 0.0432969984
v 0.0109000000 -0.0023686491 0.0431826807
v 0.0109000000 -0.0024434544 0.0430645502
v 0.0109000000 -0.0025123732 0.0429428915
v 0.0109000000 -0.0025752395 0.0428179976
v 0.0109000000 -0.0026319018 0.0426901694
v 0.0109000000 -0.0026822237 0.0425597150
v 0.0109000000 -0.0027260838 0.0424269485
v 0.0109000000 -0.0027633765 0.0422921898
v 0.0109000000 -0.0027940121 0.0421557636
v 0.0109000000 -0.0028179166 0.0420179984
v 0.0109000000 -0.0028350325 0.0418792263
v 0.0109000000 -0.0028453186 0.0417397815
v 0.0109000000 -0.0028487500 0.0416000000
v 0.0109000000 -0.0028453186 0.0414602185
v 0.0109000000 -0.0028350325 0.0413207737
v 0.0109000000 -0.0028179166 0.0411820016
v 0.0109000000 -0.0027940121 0.0410442364
v 0.0109000000 -0.0027633765 0.0409078102
v 0.0109000000 -0.0027260838 0.0407730515
v 0.0109000000 -0.0026822237 0.0406402850
v 0.0109000000 -0.0026319018 0.0405098306
v 0.0109000000 -0.0025752395 0.0403820024
v 0.0109000000 -0.0025123732 0.0402571085
v 0.0109000000 -0.0024434544 0.0401354498
v 0.0109000000 -0.0023686491 0.0400173193
v 0.0109000000 -0.0022881375 0.0399030016
v 0.0109000000 -0.0022021135 0.0397927721
v 0.0109000000 -0.0021107845 0.0396868964
v 0.0109000000 -0.0020143704 0.0395856296
v 0.0109000000 -0.0019131036 0.0394892155
v 0.0109000000 -0.0018072279 0.0393978865
v 0.0109000000 -0.0016969984 0.0393118625
v 0.0109000000 -0.0015826807 0.0392313509
v 0.0109000000 -0.0014645502 0.0391565456
v 0.0109000000 -0.0013428915 0.0390876268
v 0.0109000000 -0.0012179976 0.0390247605
v 0.0109000000 -0.0010901694 0.0389680982
v 0.0109000000 -0.0009597150 0.0389177763
v 0.0109000000 -0.0008269485 0.0388739162
v 0.0109000000 -0.0006921898 0.0388366235
v 0.0109000000 -0.0005557636 0.0388059879
v 0.0109000000 -0.0004179984 0.0387820834
v 0.0109000000 -0.0002792263 0.0387649675
v 0.0109000000 -0.0001397815 0.0387546814
v 0.0109000000 -0.0000000000 0.0387512500
v 0.0109000000 0.0001397815 0.0387546814
v 0.0109000000 0.0002792263 0.0387649675
v 0.0109000000 0.0004179984 0.0387820834
v 0.0109000000 0.0005557636 0.0388059879
v 0.0109000000 0.0006921898 0.0388366235
v 0.0109000000 0.0008269485 0.0388739162
v 0.0109000000 0.0009597150 0.0389177763
v 0.0109000000 0.0010901694 0.0389680982
v 0.0109000000 0.0012179976 0.0390247605
v 0.0109000000 0.0013428915 0.0390876268
v 0.0109000000 0.0014645502 0.0391565456
v 0.0109000000 0.0015826807 0.0392313509
v 0.0109000000 0.0016969984 0.0393118625
v 0.0109000000 0.0018072279 0.0393978865
v 0.0109000000 0.0019131036 0.0394892155
v 0.0109000000 0.0020143704 0.0395856296
v 0.0109000000 0.0021107845 0.0396868964
v 0.0109000000 0.0022021135 0.0397927721
v 0.0109000000 0.0022881375 0.0399030016
v 0.0109000000 0.0023686491 0.0400173193
v 0.0109000000 0.0024434544 0.0401354498
v 0.0109000000 0.0025123732 0.0402571085
v 0.0109000000 0.0025752395 0.0403820024
v 0.0109000000 0.0026319018 0.0405098306
v 0.0109000000 0.0026822237 0.0406402850
v 0.0109000000 0.0027260838 0.0407730515
v 0.0109000000 0.0027633765 0.0409078102
v 0.0109000000 0.0027940121 0.0410442364
v 0.0109000000 0.0028179166 0.0411820016
v 0.0109000000 0.0028350325 0.0413207737
v 0.0109000000 0.0028453186 0.0414602185
v 0.0110400000 0.0024725000 0.0416000000
v 0.0110400000 0.0024695218 0.0417213198
v 0.0110400000 0.0024605942 0.0418423474
v 0.0110400000 0.0024457389 0.0419627911
v 0.0110400000 0.0024249916 0.0420823608
v 0.0110400000 0.0023984023 0.0422007685
v 0.0110400000 0.0023660350 0.0423177289
v 0.0110400000 0.0023279677 0.0424329602
v 0.0110400000 0.0022842921 0.0425461848
v 0.0110400000 0.0022351135 0.0426571300
v 0.0110400000 0.0021805503 0.0427655284
v 0.0110400000 0.0021207340 0.0428711190
v 0.0110400000 0.0020558086 0.0429736474
v 0.0110400000 0.0019859306 0.0430728665
v 0.0110400000 0.0019112683 0.0431685374
v 0.0110400000 0.0018320017 0.0432604295
v 0.0110400000 0.0017483215 0.0433483215
v 0.0110400000 0.0016604295 0.0434320017
v 0.0110400000 0.0015685374 0.0435112683
v 0.0110400000 0.0014728665 0.0435859306
v 0.0110400000 0.0013736474 0.0436558086
v 0.0110400000 0.0012711190 0.0437207340
v 0.0110400000 0.0011655284 0.0437805503
v 0.0110400000 0.0010571300 0.0438351135
v 0.0110400000 0.0009461848 0.0438842921
v 0.0110400000 0.0008329602 0.0439279677
v 0.0110400000 0.0007177289 0.0439660350
v 0.0110400000 0.0006007685 0.0439984023
v 0.0110400000 0.0004823608 0.0440249916
v 0.0110400000 0.0003627911 0.0440457389
v 0.0110400000 0.0002423474 0.0440605942
v 0.0110400000 0.0001213198 0.0440695218
v 0.0110400000 0.0000000000 0.0440725000
v 0.0110400000 -0.0001213198 0.0440695218
v 0.0110400000 -0.0002423474 0.0440605942
v 0.0110400000 -0.0003627911 0.0440457389
v 0.0110400000 -0.0004823608 0.0440249916
v 0.0110400000 -0.0006007685 0.0439984023
v 0.0110400000 -0.0007177289 0.0439660350
v 0.0110400000 -0.0008329602 0.0439279677
v 0.0110400000 -0.0009461848 0.0438842921
v 0.0110400000 -0.0010571300 0.0438351135
v 0.0110400000 -0.0011655284 0.0437805503
v 0.0110400000 -0.0012711190 0.0437207340
v 0.0110400000 -0.0013736474 0.0436558086
v 0.0110400000 -0.0014728665 0.0435859306
v 0.0110400000 -0.0015685374 0.0435112683
v 0.0110400000 -0.0016604295 0.0434320017
v 0.0110400000 -0.0017483215 0.0433483215
v 0.0110400000 -0.0018320017 0.0432604295
v 0.0110400000 -0.0019112683 0.0431685374
v 0.0110400000 -0.0019859306 0.0430728665
v 0.0110400000 -0.0020558086 0.0429736474
v 0.0110400000 -0.0021207340 0.0428711190
v 0.0110400000 -0.0021805503 0.0427655284
v 0.0110400000 -0.0022351135 0.0426571300
v 0.0110400000 -0.0022842921 0.0425461848
v 0.0110400000 -0.0023279677 0.0424329602
v 0.0110400000 -0.0023660350 0.0423177289
v 0.0110400000 -0.0023984023 0.0422007685
v 0.0110400000 -0.0024249916 0.0420823608
v 0.0110400000 -0.0024457389 0.0419627911
v 0.0110400000 -0.0024605942 0.0418423474
v 0.0110400000 -0.0024695218 0.0417213198
v 0.0110400000 -0.0024725000 0.0416000000
v 0.0110400000 -0.0024695218 0.0414786802
v 0.0110400000 -0.0024605942 0.0413576526
v 0.0110400000 -0.0024457389 0.0412372089
v 0.0110400000 -0.0024249916 0.0411176392
v 0.0110400000 -0.0023984023 0.0409992315
v 0.0110400000 -0.0023660350 0.0408822711
v 0.0110400000 -0.0023279677 0.0407670398
v 0.0110400000 -0.0022842921 0.0406538152
v 0.0110400000 -0.0022351135 0.0405428700
v 0.0110400000 -0.0021805503 0.0404344716
v 0.0110400000 -0.0021207340 0.0403288810
v 0.0110400000 -0.0020558086 0.0402263526
v 0.0110400000 -0.0019859306 0.0401271335
v 0.0110400000 -0.0019112683 0.0400314626
v 0.0110400000 -0.0018320017 0.0399395705
v 0.0110400000 -0.0017483215 0.0398516785
v 0.0110400000 -0.0016604295 0.0397679983
v 0.0110400000 -0.0015685374 0.0396887317
v 0.0110400000 -0.0014728665 0.0396140694
v 0.0110400000 -0.0013736474 0.0395441914
v 0.0110400000 -0.0012711190 0.0394792660
v 0.0110400000 -0.0011655284 0.0394194497
v 0.0110400000 -0.0010571300 0.0393648865
v 0.0110400000 -0.0009461848 0.0393157079
v 0.0110400000 -0.0008329602 0.0392720323
v 0.0110400000 -0.0007177289 0.0392339650
v 0.0110400000 -0.0006007685 0.0392015977
v 0.0110400000 -0.0004823608 0.0391750084
v 0.0110400000 -0.0003627911 0.0391542611
v 0.0110400000 -0.0002423474 0.0391394058
v 0.0110400000 -0.0001213198 0.0391304782
v 0.0110400000 -0.0000000000 0.0391275000
v 0.0110400000 0.0001213198 0.0391304782
v 0.0110400000 0.0002423474 0.0391394058
v 0.0110400000 0.0003627911 0.0391542611
v 0.0110400000 0.0004823608 0.0391750084
v 0.0110400000 0.0006007685 0.0392015977
v 0.0110400000 0.0007177289 0.0392339650
v 0.0110400000 0.0008329602 0.0392720323
v 0.0110400000 0.0009461848 0.0393157079
v 0.0110400000 0.0010571300 0.0393648865
v 0.0110400000 0.0011655284 0.0394194497
v 0.0110400000 0.0012711190 0.0394792660
v 0.0110400000 0.0013736474 0.0395441914
v 0.0110400000 0.0014728665 0.0396140694
v 0.0110400000 0.0015685374 0.0396887317
v 0.0110400000 0.0016604295 0.0397679983
v 0.0110400000 0.0017483215 0.0398516785
v 0.0110400000 0.0018320017 0.0399395705
v 0.0110400000 0.0019112683 0.0400314626
v 0.0110400000 0.0019859306 0.0401271335
v 0.0110400000 0.0020558086 0.0402263526
v 0.0110400000 0.0021207340 0.0403288810
v 0.0110400000 0.0021805503 0.0404344716
v 0.0110400000 0.0022351135 0.0405428700
v 0.0110400000 0.0022842921 0.0406538152
v 0.0110400000 0.0023279677 0.0407670398
v 0.0110400000 0.0023660350 0.0408822711
v 0.0110400000 0.0023984023 0.0409992315
v 0.0110400000 0.0024249916 0.0411176392
v 0.0110400000 0.0024457389 0.0412372089
v 0.0110400000 0.0024605942 0.0413576526
v 0.0110400000 0.0024695218 0.0414786802
v 0.0112000000 0.0018275000 0.0416000000
v 0.0112000000 0.0018252987 0.0416896712
v 0.0112000000 0.0018187001 0.0417791263
v 0.0112000000 0.0018077201 0.0418681499
v 0.0112000000 0.0017923851 0.0419565276
v 0.0112000000 0.0017727321 0.0420440463
v 0.0112000000 0.0017488085 0.0421304952
v 0.0112000000 0.0017206718 0.0422156662
v 0.0112000000 0.0016883898 0.0422993540
v 0.0112000000 0.0016520404 0.0423813569
v 0.0112000000 0.0016117111 0.0424614775
v 0.0112000000 0.0015674990 0.0425395228
v 0.0112000000 0.0015195107 0.0426153046
v 0.0112000000 0.0014678618 0.0426886405
v 0.0112000000 0.0014126766 0.0427593537
v 0.0112000000 0.0013540882 0.0428272740
v 0.0112000000 0.0012922376 0.0428922376
v 0.0112000000 0.0012272740 0.0429540882
v 0.0112000000 0.0011593537 0.0430126766
v 0.0112000000 0.0010886405 0.0430678618
v 0.0112000000 0.0010153046 0.0431195107
v 0.0112000000 0.0009395228 0.0431674990
v 0.0112000000 0.0008614775 0.0432117111
v 0.0112000000 0.0007813569 0.0432520404
v 0.0112000000 0.0006993540 0.0432883898
v 0.0112000000 0.0006156662 0.0433206718
v 0.0112000000 0.0005304952 0.0433488085
v 0.0112000000 0.0004440463 0.0433727321
v 0.0112000000 0.0003565276 0.0433923851
v 0.0112000000 0.0002681499 0.0434077201
v 0.0112000000 0.0001791263 0.0434187001
v 0.0112000000 0.0000896712 0.0434252987
v 0.0112000000 0.0000000000 0.0434275000
v 0.0112000000 -0.0000896712 0.0434252987
v 0.0112000000 -0.0001791263 0.0434187001
v 0.0112000000 -0.0002681499 0.0434077201
v 0.0112000000 -0.0003565276 0.0433923851
v 0.0112000000 -0.0004440463 0.0433727321
v 0.0112000000 -0.0005304952 0.0433488085
v 0.0112000000 -0.0006156662 0.0433206718
v 0.0112000000 -0.0006993540 0.0432883898
v 0.0112000000 -0.0007813569 0.0432520404
v 0.0112000000 -0.0008614775 0.0432117111
v 0.0112000000 -0.0009395228 0.0431674990
v 0.0112000000 -0.0010153046 0.0431195107
v 0.0112000000 -0.0010886405 0.0430678618
v 0.0112000000 -0.0011593537 0.0430126766
v 0.0112000000 -0.0012272740 0.0429540882
v 0.0112000000 -0.0012922376 0.0428922376
v 0.0112000000 -0.0013540882 0.0428272740
v 0.0112000000 -0.0014126766 0.0427593537
v 0.0112000000 -0.0014678618 0.0426886405
v 0.0112000000 -0.0015195107 0.0426153046
v 0.0112000000 -0.0015674990 0.0425395228
v 0.0112000000 -0.0016117111 0.0424614775
v 0.0112000000 -0.0016520404 0.0423813569
v 0.0112000000 -0.0016883898 0.0422993540
v 0.0112000000 -0.0017206718 0.0422156662
v 0.0112000000 -0.0017488085 0.0421304952
v 0.0112000000 -0.0017727321 0.0420440463
v 0.0112000000 -0.0017923851 0.0419565276
v 0.0112000000 -0.0018077201 0.0418681499
v 0.0112000000 -0.0018187001 0.0417791263
v 0.0112000000 -0.0018252987 0.0416896712
v 0.0112000000 -0.0018275000 0.0416000000
v 0.0112000000 -0.0018252987 0.0415103288
v 0.0112000000 -0.0018187001 0.0414208737
v 0.0112000000 -0.0018077201 0.0413318501
v 0.0112000000 -0.0017923851 0.0412434724
v 0.0112000000 -0.0017727321 0.0411559537
v 0.0112000000 -0.0017488085 0.0410695048
v 0.0112000000 -0.0017206718 0.0409843338
v 0.0112000000 -0.0016883898 0.0409006460
v 0.0112000000 -0.0016520404 0.0408186431
v 0.0112000000 -0.0016117111 0.0407385225
v 0.0112000000 -0.0015674990 0.0406604772
v 0.0112000000 -0.0015195107 0.0405846954
v 0.0112000000 -0.0014678618 0.0405113595
v 0.0112000000 -0.0014126766 0.0404406463
v 0.0112000000 -0.0013540882 0.0403727260
v 0.0112000000 -0.0012922376 0.0403077624
v 0.0112000000 -0.0012272740 0.0402459118
v 0.0112000000 -0.0011593537 0.0401873234
v 0.0112000000 -0.0010886405 0.0401321382
v 0.0112000000 -0.0010153046 0.0400804893
v 0.0112000000 -0.0009395228 0.0400325010
v 0.0112000000 -0.0008614775 0.0399882889
v 0.0112000000 -0.0007813569 0.0399479596
v 0.0112000000 -0.0006993540 0.0399116102
v 0.0112000000 -0.0006156662 0.0398793282
v 0.0112000000 -0.0005304952 0.0398511915
v 0.0112000000 -0.0004440463 0.0398272679
v 0.0112000000 -0.0003565276 0.0398076149
v 0.0112000000 -0.0002681499 0.0397922799
v 0.0112000000 -0.0001791263 0.0397812999
v 0.0112000000 -0.0000896712 0.0397747013
v 0.0112000000 -0.0000000000 0.0397725000
v 0.0112000000 0.0000896712 0.0397747013
v 0.0112000000 0.0001791263 0.0397812999
v 0.0112000000 0.0002681499 0.0397922799
v 0.0112000000 0.0003565276 0.0398076149
v 0.0112000000 0.0004440463 0.0398272679
v 0.0112000000 0.0005304952 0.0398511915
v 0.0112000000 0.0006156662 0.0398793282
v 0.0112000000 0.0006993540 0.0399116102
v 0.0112000000 0.0007813569 0.0399479596
v 0.0112000000 0.0008614775 0.0399882889
v 0.0112000000 0.0009395228 0.0400325010
v 0.0112000000 0.0010153046 0.0400804893
v 0.0112000000 0.0010886405 0.0401321382
v 0.0112000000 0.0011593537 0.0401873234
v 0.0112000000 0.0012272740 0.0402459118
v 0.0112000000 0.0012922376 0.0403077624
v 0.0112000000 0.0013540882 0.0403727260
v 0.0112000000 0.0014126766 0.0404406463
v 0.0112000000 0.0014678618 0.0405113595
v 0.0112000000 0.0015195107 0.0405846954
v 0.0112000000 0.0015674990 0.0406604772
v 0.0112000000 0.0016117111 0.0407385225
v 0.0112000000 0.0016520404 0.0408186431
v 0.0112000000 0.0016883898 0.0409006460
v 0.0112000000 0.0017206718 0.0409843338
v 0.0112000000 0.0017488085 0.0410695048
v 0.0112000000 0.0017727321 0.0411559537
v 0.0112000000 0.0017923851 0.0412434724
v 0.0112000000 0.0018077201 0.0413318501
v 0.0112000000 0.0018187001 0.0414208737
v 0.0112000000 0.0018252987 0.0415103288
v 0.0113000000 0.0010750000 0.0416000000
v 0.0113000000 0.0010737051 0.0416527477
v 0.0113000000 0.0010698236 0.0417053684
v 0.0113000000 0.0010633647 0.0417577353
v 0.0113000000 0.0010543442 0.0418097221
v 0.0113000000 0.0010427836 0.0418612037
v 0.0113000000 0.0010287109 0.0419120560
v 0.0113000000 0.0010121599 0.0419621566
v 0.0113000000 0.0009931705 0.0420113847
v 0.0113000000 0.0009717885 0.0420596217
v 0.0113000000 0.0009480654 0.0421067515
v 0.0113000000 0.0009220583 0.0421526605
v 0.0113000000 0.0008938298 0.0421972380
v 0.0113000000 0.0008634481 0.0422403768
v 0.0113000000 0.0008309862 0.0422819728
v 0.0113000000 0.0007965225 0.0423219259
v 0.0113000000 0.0007601398 0.0423601398
v 0.0113000000 0.0007219259 0.0423965225
v 0.0113000000 0.0006819728 0.0424309862
v 0.0113000000 0.0006403768 0.0424634481
v 0.0113000000 0.0005972380 0.0424938298
v 0.0113000000 0.0005526605 0.0425220583
v 0.0113000000 0.0005067515 0.0425480654
v 0.0113000000 0.0004596217 0.0425717885
v 0.0113000000 0.0004113847 0.0425931705
v 0.0113000000 0.0003621566 0.0426121599
v 0.0113000000 0.0003120560 0.0426287109
v 0.0113000000 0.0002612037 0.0426427836
v 0.0113000000 0.0002097221 0.0426543442
v 0.0113000000 0.0001577353 0.0426633647
v 0.0113000000 0.0001053684 0.0426698236
v 0.0113000000 0.0000527477 0.0426737051
v 0.0113000000 0.0000000000 0.0426750000
v 0.0113000000 -0.0000527477 0.0426737051
v 0.0113000000 -0.0001053684 0.0426698236
v 0.0113000000 -0.0001577353 0.0426633647
v 0.0113000000 -0.0002097221 0.0426543442
v 0.0113000000 -0.0002612037 0.0426427836
v 0.0113000000 -0.0003120560 0.0426287109
v 0.0113000000 -0.0003621566 0.0426121599
v 0.0113000000 -0.0004113847 0.0425931705
v 0.0113000000 -0.0004596217 0.0425717885
v 0.0113000000 -0.0005067515 0.0425480654
v 0.0113000000 -0.0005526605 0.0425220583
v 0.0113000000 -0.0005972380 0.0424938298
v 0.0113000000 -0.0006403768 0.0424634481
v 0.0113000000 -0.0006819728 0.0424309862
v 0.0113000000 -0.0007219259 0.0423965225
v 0.0113000000 -0.0007601398 0.0423601398
v 0.0113000000 -0.0007965225 0.0423219259
v 0.0113000000 -0.0008309862 0.0422819728
v 0.0113000000 -0.0008634481 0.0422403768
v 0.0113000000 -0.0008938298 0.0421972380
v 0.0113000000 -0.0009220583 0.0421526605
v 0.0113000000 -0.0009480654 0.0421067515
v 0.0113000000 -0.0009717885 0.0420596217
v 0.0113000000 -0.0009931705 0.0420113847
v 0.0113000000 -0.0010121599 0.0419621566
v 0.0113000000 -0.0010287109 0.0419120560
v 0.0113000000 -0.0010427836 0.0418612037
v 0.0113000000 -0.0010543442 0.0418097221
v 0.0113000000 -0.0010633647 0.0417577353
v 0.0113000000 -0.0010698236 0.0417053684
v 0.0113000000 -0.0010737051 0.0416527477
v 0.0113000000 -0.0010750000 0.0416000000
v 0.0113000000 -0.0010737051 0.0415472523
v 0.0113000000 -0.0010698236 0.0414946316
v 0.0113000000 -0.0010633647 0.0414422647
v 0.0113000000 -0.0010543442 0.0413902779
v 0.0113000000 -0.0010427836 0.0413387963
v 0.0113000000 -0.0010287109 0.0412879440
v 0.0113000000 -0.0010121599 0.0412378434
v 0.0113000000 -0.0009931705 0.0411886153
v 0.0113000000 -0.0009717885 0.0411403783
v 0.0113000000 -0.0009480654 0.0410932485
v 0.0113000000 -0.0009220583 0.0410473395
v 0.0113000000 -0.0008938298 0.0410027620
v 0.0113000000 -0.0008634481 0.0409596232
v 0.0113000000 -0.0008309862 0.0409180272
v 0.0113000000 -0.0007965225 0.0408780741
v 0.0113000000 -0.0007601398 0.0408398602
v 0.0113000000 -0.0007219259 0.0408034775
v 0.0113000000 -0.0006819728 0.0407690138
v 0.0113000000 -0.0006403768 0.0407365519
v 0.0113000000 -0.0005972380 0.0407061702
v 0.0113000000 -0.0005526605 0.0406779417
v 0.0113000000 -0.0005067515 0.0406519346
v 0.0113000000 -0.0004596217 0.0406282115
v 0.0113000000 -0.0004113847 0.0406068295
v 0.0113000000 -0.0003621566 0.0405878401
v 0.0113000000 -0.0003120560 0.0405712891
v 0.0113000000 -0.0002612037 0.0405572164
v 0.0113000000 -0.0002097221 0.0405456558
v 0.0113000000 -0.0001577353 0.0405366353
v 0.0113000000 -0.0001053684 0.0405301764
v 0.0113000000 -0.0000527477 0.0405262949
v 0.0113000000 -0.0000000000 0.0405250000
v 0.0113000000 0.0000527477 0.0405262949
v 0.0113000000 0.0001053684 0.0405301764
v 0.0113000000 0.0001577353 0.0405366353
v 0.0113000000 0.0002097221 0.0405456558
v 0.0113000000 0.0002612037 0.0405572164
v 0.0113000000 0.0003120560 0.0405712891
v 0.0113000000 0.0003621566 0.0405878401
v 0.0113000000 0.0004113847 0.0406068295
v 0.0113000000 0.0004596217 0.0406282115
v 0.0113000000 0.0005067515 0.0406519346
v 0.0113000000 0.0005526605 0.0406779417
v 0.0113000000 0.0005972380 0.0407061702
v 0.0113000000 0.0006403768 0.0407365519
v 0.0113000000 0.0006819728 0.0407690138
v 0.0113000000 0.0007219259 0.0408034775
v 0.0113000000 0.0007601398 0.0408398602
v 0.0113000000 0.0007965225 0.0408780741
v 0.0113000000 0.0008309862 0.0409180272
v 0.0113000000 0.0008634481 0.0409596232
v 0.0113000000 0.0008938298 0.0410027620
v 0.0113000000 0.0009220583 0.0410473395
v 0.0113000000 0.0009480654 0.0410932485
v 0.0113000000 0.0009717885 0.0411403783
v 0.0113000000 0.0009931705 0.0411886153
v 0.0113000000 0.0010121599 0.0412378434
v 0.0113000000 0.0010287109 0.0412879440
v 0.0113000000 0.0010427836 0.0413387963
v 0.0113000000 0.0010543442 0.0413902779
v 0.0113000000 0.0010633647 0.0414422647
v 0.0113000000 0.0010698236 0.0414946316
v 0.0113000000 0.0010737051 0.0415472523
v 0.0113200000 0.0000000000 0.0416000000
vn -1.00000000 0.00000000 0.00000000
vn -1.00000000 0.00000000 0.00000000
vn -1.00000000 0.00000000 0.00000000
vn -1.00000000 0.00000000 0.00000000
vn -1.00000000 0.00000000 0.00000000
vn -1.00000000 0.00000000 0.00000000
vn -1.00000000 0.00000000 0.00000000
vn -1.00000000 0.00000000 0.00000000
vn -1.00000000 0.00000000 0.00000000
vn -1.00000000 0.00000000 0.00000000
vn -1.00000000 0.00000000 0.00000000
vn -1.00000000 0.00000000 0.00000000
vn -1.00000000 0.00000000 0.00000000
vn -1.00000000 0.00000000 0.00000000
vn -1.00000000 0.00000000 0.00000000
vn -1.00000000 0.00000000 0.00000000
vn -1.00000000 0.00000000 0.00000000
vn -1.00000000 0.00000000 0.00000000
vn -1.00000000 0.00000000 0.00000000
vn -1.00000000 0.00000000 0.00000000
vn -1.00000000 0.00000000 0.00000000
vn -1.00000000 0.00000000 0.00000000
vn -1.00000000 0.00000000 0.00000000
vn -1.00000000 0.00000000 0.00000000
vn -1.00000000 0.00000000 0.00000000
vn -1.00000000 0.00000000 0.00000000
vn -1.00000000 0.00000000 0.00000000
vn -1.00000000 0.00000000 0.00000000
vn -1.00000000 0.00000000 0.00000000
vn -1.00000000 0.00000000 0.00000000
vn -1.00000000 0.00000000 0.00000000
vn -1.00000000 0.00000000 0.00000000
vn -1.00000000 0.00000000 0.00000000
vn -1.00000000 0.00000000 0.00000000
vn -1.00000000 0.00000000 0.00000000
vn -1.00000000 0.00000000 0.00000000
vn -1.00000000 0.00000000 0.00000000
vn -1.00000000 0.00000000 0.00000000
vn -1.00000000 0.00000000 0.00000000
vn -1.00000000 0.00000000 0.00000000
vn -1.00000000 0.00000000 0.00000000
vn -1.00000000 0.00000000 0.00000000
vn -1.00000000 0.00000000 0.00000000
vn -1.00000000 0.00000000 0.00000000
vn -1.00000000 0.00000000 0.00000000
vn -1.00000000 0.00000000 0.00000000
vn -1.00000000 0.00000000 0.00000000
vn -1.00000000 0.00000000 0.00000000
vn -1.00000000 0.00000000 0.00000000
vn -1.00000000 0.00000000 0.00000000
vn -1.00000000 0.00000000 0.00000000
vn -1.00000000 0.00000000 0.00000000
vn -1.00000000 0.00000000 0.00000000
vn -1.00000000 0.00000000 0.00000000
vn -1.00000000 0.00000000 0.00000000
vn -1.00000000 0.00000000 0.00000000
vn -1.00000000 0.00000000 0.00000000
vn -1.00000000 0.00000000 0.00000000
vn -1.00000000 0.00000000 0.00000000
vn -1.00000000 0.00000000 0.00000000
vn -1.00000000 0.00000000 0.00000000
vn -1.00000000 0.00000000 0.00000000
vn -1.00000000 0.00000000 0.00000000
vn -1.00000000 0.00000000 0.00000000
vn -1.00000000 0.00000000 0.00000000
vn -1.00000000 0.00000000 0.00000000
vn -1.00000000 0.00000000 0.00000000
vn -1.00000000 0.00000000 0.00000000
vn -1.00000000 0.00000000 0.00000000
vn -1.00000000 0.00000000 0.00000000
vn -1.00000000 0.00000000 0.00000000
vn -1.00000000 0.00000000 0.00000000
vn -1.00000000 0.00000000 0.00000000
vn -1.00000000 0.00000000 0.00000000
vn -1.00000000 0.00000000 0.00000000
vn -1.00000000 0.00000000 0.00000000
vn -1.00000000 0.00000000 0.00000000
vn -1.00000000 0.00000000 0.00000000
vn -1.00000000 0.00000000 0.00000000
vn -1.00000000 0.00000000 0.00000000
vn -1.00000000 0.00000000 0.00000000
vn -1.00000000 0.00000000 0.00000000
vn -1.00000000 0.00000000 0.00000000
vn -1.00000000 0.00000000 0.00000000
vn -1.00000000 0.00000000 0.00000000
vn -1.00000000 0.00000000 0.00000000
vn -1.00000000 0.00000000 0.00000000
vn -1.00000000 0.00000000 0.00000000
vn -1.00000000 0.00000000 0.00000000
vn -1.00000000 0.00000000 0.00000000
vn -1.00000000 0.00000000 0.00000000
vn -1.00000000 0.00000000 0.00000000
vn -1.00000000 0.00000000 0.00000000
vn -1.00000000 0.00000000 0.00000000
vn -1.00000000 0.00000000 0.00000000
vn -1.00000000 0.00000000 0.00000000
vn -1.00000000 0.00000000 0.00000000
vn -1.00000000 0.00000000 0.00000000
vn -1.00000000 0.00000000 0.00000000
vn -1.00000000 0.00000000 0.00000000
vn -1.00000000 0.00000000 0.00000000
vn -1.00000000 0.00000000 0.00000000
vn -1.00000000 0.00000000 0.00000000
vn -1.00000000 0.00000000 0.00000000
vn -1.00000000 0.00000000 0.00000000
vn -1.00000000 0.00000000 0.00000000
vn -1.00000000 0.00000000 0.00000000
vn -1.00000000 0.00000000 0.00000000
vn -1.00000000 0.00000000 0.00000000
vn -1.00000000 0.00000000 0.00000000
vn -1.00000000 0.00000000 0.00000000
vn -1.00000000 0.00000000 0.00000000
vn -1.00000000 0.00000000 0.00000000
vn -1.00000000 0.00000000 0.00000000
vn -1.00000000 0.00000000 0.00000000
vn -1.00000000 0.00000000 0.00000000
vn -1.00000000 0.00000000 0.00000000
vn -1.00000000 0.00000000 0.00000000
vn -1.00000000 0.00000000 0.00000000
vn -1.00000000 0.00000000 0.00000000
vn -1.00000000 0.00000000 0.00000000
vn -1.00000000 0.00000000 0.00000000
vn -1.00000000 0.00000000 0.00000000
vn -1.00000000 0.00000000 0.00000000
vn -1.00000000 0.00000000 0.00000000
vn -1.00000000 0.00000000 0.00000000
vn -1.00000000 0.00000000 0.00000000
vn -1.00000000 0.00000000 0.00000000
vn -1.00000000 0.00000000 0.00000000
vn 0.00000000 1.00000000 0.00000000
vn 0.00000000 0.99879546 0.04906767
vn 0.00000000 0.99518473 0.09801714
vn 0.00000000 0.98917651 0.14673047
vn 0.00000000 0.98078528 0.19509032
vn 0.00000000 0.97003125 0.24298018
vn 0.00000000 0.95694034 0.29028468
vn 0.00000000 0.94154407 0.33688985
vn 0.00000000 0.92387953 0.38268343
vn 0.00000000 0.90398929 0.42755509
vn 0.00000000 0.88192126 0.47139674
vn 0.00000000 0.85772861 0.51410274
vn 0.00000000 0.83146961 0.55557023
vn 0.00000000 0.80320753 0.59569930
vn 0.00000000 0.77301045 0.63439328
vn 0.00000000 0.74095113 0.67155895
vn 0.00000000 0.70710678 0.70710678
vn 0.00000000 0.67155895 0.74095113
vn 0.00000000 0.63439328 0.77301045
vn 0.00000000 0.59569930 0.80320753
vn 0.00000000 0.55557023 0.83146961
vn 0.00000000 0.51410274 0.85772861
vn 0.00000000 0.47139674 0.88192126
vn 0.00000000 0.42755509 0.90398929
vn 0.00000000 0.38268343 0.92387953
vn 0.00000000 0.33688985 0.94154407
vn 0.00000000 0.29028468 0.95694034
vn 0.00000000 0.24298018 0.97003125
vn 0.00000000 0.19509032 0.98078528
vn 0.00000000 0.14673047 0.98917651
vn 0.00000000 0.09801714 0.99518473
vn 0.00000000 0.04906767 0.99879546
vn 0.00000000 0.00000000 1.00000000
vn 0.00000000 -0.04906767 0.99879546
vn 0.00000000 -0.09801714 0.99518473
vn 0.00000000 -0.14673047 0.98917651
vn 0.00000000 -0.19509032 0.98078528
vn 0.00000000 -0.24298018 0.97003125
vn 0.00000000 -0.29028468 0.95694034
vn 0.00000000 -0.33688985 0.94154407
vn 0.00000000 -0.38268343 0.92387953
vn 0.00000000 -0.42755509 0.90398929
vn 0.00000000 -0.47139674 0.88192126
vn 0.00000000 -0.51410274 0.85772861
vn 0.00000000 -0.55557023 0.83146961
vn 0.00000000 -0.59569930 0.80320753
vn 0.00000000 -0.63439328 0.77301045
vn 0.00000000 -0.67155895 0.74095113
vn 0.00000000 -0.70710678 0.70710678
vn 0.00000000 -0.74095113 0.67155895
vn 0.00000000 -0.77301045 0.63439328
vn 0.00000000 -0.80320753 0.59569930
vn 0.00000000 -0.83146961 0.55557023
vn 0.00000000 -0.85772861 0.51410274
vn 0.00000000 -0.88192126 0.47139674
vn 0.00000000 -0.90398929 0.42755509
vn 0.00000000 -0.92387953 0.38268343
vn 0.00000000 -0.94154407 0.33688985
vn 0.00000000 -0.95694034 0.29028468
vn 0.00000000 -0.97003125 0.24298018
vn 0.00000000 -0.98078528 0.19509032
vn 0.00000000 -0.98917651 0.14673047
vn 0.00000000 -0.99518473 0.09801714
vn 0.00000000 -0.99879546 0.04906767
vn 0.00000000 -1.00000000 -0.00000000
vn 0.00000000 -0.99879546 -0.04906767
vn 0.00000000 -0.99518473 -0.09801714
vn 0.00000000 -0.98917651 -0.14673047
vn 0.00000000 -0.98078528 -0.19509032
vn 0.00000000 -0.97003125 -0.24298018
vn 0.00000000 -0.95694034 -0.29028468
vn 0.00000000 -0.94154407 -0.33688985
vn 0.00000000 -0.92387953 -0.38268343
vn 0.00000000 -0.90398929 -0.42755509
vn 0.00000000 -0.88192126 -0.47139674
vn 0.00000000 -0.85772861 -0.51410274
vn 0.00000000 -0.83146961 -0.55557023
vn 0.00000000 -0.80320753 -0.59569930
vn 0.00000000 -0.77301045 -0.63439328
vn 0.00000000 -0.74095113 -0.67155895
vn 0.00000000 -0.70710678 -0.70710678
vn 0.00000000 -0.67155895 -0.74095113
vn 0.00000000 -0.63439328 -0.77301045
vn 0.00000000 -0.59569930 -0.80320753
vn 0.00000000 -0.55557023 -0.83146961
vn 0.00000000 -0.51410274 -0.85772861
vn 0.00000000 -0.47139674 -0.88192126
vn 0.00000000 -0.42755509 -0.90398929
vn 0.00000000 -0.38268343 -0.92387953
vn 0.00000000 -0.33688985 -0.94154407
vn 0.00000000 -0.29028468 -0.95694034
vn 0.00000000 -0.24298018 -0.97003125
vn 0.00000000 -0.19509032 -0.98078528
vn 0.00000000 -0.14673047 -0.98917651
vn 0.00000000 -0.09801714 -0.99518473
vn 0.00000000 -0.04906767 -0.99879546
vn 0.00000000 0.00000000 -1.00000000
vn 0.00000000 0.04906767 -0.99879546
vn 0.00000000 0.09801714 -0.99518473
vn 0.00000000 0.14673047 -0.98917651
vn 0.00000000 0.19509032 -0.98078528
vn 0.00000000 0.24298018 -0.97003125
vn 0.00000000 0.29028468 -0.95694034
vn 0.00000000 0.33688985 -0.94154407
vn 0.00000000 0.38268343 -0.92387953
vn 0.00000000 0.42755509 -0.90398929
vn 0.00000000 0.47139674 -0.88192126
vn 0.00000000 0.51410274 -0.85772861
vn 0.00000000 0.55557023 -0.83146961
vn 0.00000000 0.59569930 -0.80320753
vn 0.00000000 0.63439328 -0.77301045
vn 0.00000000 0.67155895 -0.74095113
vn 0.00000000 0.70710678 -0.70710678
vn 0.00000000 0.74095113 -0.67155895
vn 0.00000000 0.77301045 -0.63439328
vn 0.00000000 0.80320753 -0.59569930
vn 0.00000000 0.83146961 -0.55557023
vn 0.00000000 0.85772861 -0.51410274
vn 0.00000000 0.88192126 -0.47139674
vn 0.00000000 0.90398929 -0.42755509
vn 0.00000000 0.92387953 -0.38268343
vn 0.00000000 0.94154407 -0.33688985
vn 0.00000000 0.95694034 -0.29028468
vn 0.00000000 0.97003125 -0.24298018
vn 0.00000000 0.98078528 -0.19509032
vn 0.00000000 0.98917651 -0.14673047
vn 0.00000000 0.99518473 -0.09801714
vn 0.00000000 0.99879546 -0.04906767
vn 0.00000000 1.00000000 0.00000000
vn 0.00000000 0.99879546 0.04906767
vn 0.00000000 0.99518473 0.09801714
vn 0.00000000 0.98917651 0.14673047
vn 0.00000000 0.98078528 0.19509032
vn 0.00000000 0.97003125 0.24298018
vn 0.00000000 0.95694034 0.29028468
vn 0.00000000 0.94154407 0.33688985
vn 0.00000000 0.92387953 0.38268343
vn 0.00000000 0.90398929 0.42755509
vn 0.00000000 0.88192126 0.47139674
vn 0.00000000 0.85772861 0.51410274
vn 0.00000000 0.83146961 0.55557023
vn 0.00000000 0.80320753 0.59569930
vn 0.00000000 0.77301045 0.63439328
vn 0.00000000 0.74095113 0.67155895
vn 0.00000000 0.70710678 0.70710678
vn 0.00000000 0.67155895 0.74095113
vn 0.00000000 0.63439328 0.77301045
vn 0.00000000 0.59569930 0.80320753
vn 0.00000000 0.55557023 0.83146961
vn 0.00000000 0.51410274 0.85772861
vn 0.00000000 0.47139674 0.88192126
vn 0.00000000 0.42755509 0.90398929
vn 0.00000000 0.38268343 0.92387953
vn 0.00000000 0.33688985 0.94154407
vn 0.00000000 0.29028468 0.95694034
vn 0.00000000 0.24298018 0.97003125
vn 0.00000000 0.19509032 0.98078528
vn 0.00000000 0.14673047 0.98917651
vn 0.00000000 0.09801714 0.99518473
vn 0.00000000 0.04906767 0.99879546
vn 0.00000000 0.00000000 1.00000000
vn 0.00000000 -0.04906767 0.99879546
vn 0.00000000 -0.09801714 0.99518473
vn 0.00000000 -0.14673047 0.98917651
vn 0.00000000 -0.19509032 0.98078528
vn 0.00000000 -0.24298018 0.97003125
vn 0.00000000 -0.29028468 0.95694034
vn 0.00000000 -0.33688985 0.94154407
vn 0.00000000 -0.38268343 0.92387953
vn 0.00000000 -0.42755509 0.90398929
vn 0.00000000 -0.47139674 0.88192126
vn 0.00000000 -0.51410274 0.85772861
vn 0.00000000 -0.55557023 0.83146961
vn 0.00000000 -0.59569930 0.80320753
vn 0.00000000 -0.63439328 0.77301045
vn 0.00000000 -0.67155895 0.74095113
vn 0.00000000 -0.70710678 0.70710678
vn 0.00000000 -0.74095113 0.67155895
vn 0.00000000 -0.77301045 0.63439328
vn 0.00000000 -0.80320753 0.59569930
vn 0.00000000 -0.83146961 0.55557023
vn 0.00000000 -0.85772861 0.51410274
vn 0.00000000 -0.88192126 0.47139674
vn 0.00000000 -0.90398929 0.42755509
vn 0.00000000 -0.92387953 0.38268343
vn 0.00000000 -0.94154407 0.33688985
vn 0.00000000 -0.95694034 0.29028468
vn 0.00000000 -0.97003125 0.24298018
vn 0.00000000 -0.98078528 0.19509032
vn 0.00000000 -0.98917651 0.14673047
vn 0.00000000 -0.99518473 0.09801714
vn 0.00000000 -0.99879546 0.04906767
vn 0.00000000 -1.00000000 0.00000000
vn 0.00000000 -0.99879546 -0.04906767
vn 0.00000000 -0.99518473 -0.09801714
vn 0.00000000 -0.98917651 -0.14673047
vn 0.00000000 -0.98078528 -0.19509032
vn 0.00000000 -0.97003125 -0.24298018
vn 0.00000000 -0.95694034 -0.29028468
vn 0.00000000 -0.94154407 -0.33688985
vn 0.00000000 -0.92387953 -0.38268343
vn 0.00000000 -0.90398929 -0.42755509
vn 0.00000000 -0.88192126 -0.47139674
vn 0.00000000 -0.85772861 -0.51410274
vn 0.00000000 -0.83146961 -0.55557023
vn 0.00000000 -0.80320753 -0.59569930
vn 0.00000000 -0.77301045 -0.63439328
vn 0.00000000 -0.74095113 -0.67155895
vn 0.00000000 -0.70710678 -0.70710678
vn 0.00000000 -0.67155895 -0.74095113
vn 0.00000000 -0.63439328 -0.77301045
vn 0.00000000 -0.59569930 -0.80320753
vn 0.00000000 -0.55557023 -0.83146961
vn 0.00000000 -0.51410274 -0.85772861
vn 0.00000000 -0.47139674 -0.88192126
vn 0.00000000 -0.42755509 -0.90398929
vn 0.00000000 -0.38268343 -0.92387953
vn 0.00000000 -0.33688985 -0.94154407
vn 0.00000000 -0.29028468 -0.95694034
vn 0.00000000 -0.24298018 -0.97003125
vn 0.00000000 -0.19509032 -0.98078528
vn 0.00000000 -0.14673047 -0.98917651
vn 0.00000000 -0.09801714 -0.99518473
vn 0.00000000 -0.04906767 -0.99879546
vn 0.00000000 0.00000000 -1.00000000
vn 0.00000000 0.04906767 -0.99879546
vn 0.00000000 0.09801714 -0.99518473
vn 0.00000000 0.14673047 -0.98917651
vn 0.00000000 0.19509032 -0.98078528
vn 0.00000000 0.24298018 -0.97003125
vn 0.00000000 0.29028468 -0.95694034
vn 0.00000000 0.33688985 -0.94154407
vn 0.00000000 0.38268343 -0.92387953
vn 0.00000000 0.42755509 -0.90398929
vn 0.00000000 0.47139674 -0.88192126
vn 0.00000000 0.51410274 -0.85772861
vn 0.00000000 0.55557023 -0.83146961
vn 0.00000000 0.59569930 -0.80320753
vn 0.00000000 0.63439328 -0.77301045
vn 0.00000000 0.67155895 -0.74095113
vn 0.00000000 0.70710678 -0.70710678
vn 0.00000000 0.74095113 -0.67155895
vn 0.00000000 0.77301045 -0.63439328
vn 0.00000000 0.80320753 -0.59569930
vn 0.00000000 0.83146961 -0.55557023
vn 0.00000000 0.85772861 -0.51410274
vn 0.00000000 0.88192126 -0.47139674
vn 0.00000000 0.90398929 -0.42755509
vn 0.00000000 0.92387953 -0.38268343
vn 0.00000000 0.94154407 -0.33688985
vn 0.00000000 0.95694034 -0.29028468
vn 0.00000000 0.97003125 -0.24298018
vn 0.00000000 0.98078528 -0.19509032
vn 0.00000000 0.98917651 -0.14673047
vn 0.00000000 0.99518473 -0.09801714
vn 0.00000000 0.99879546 -0.04906767
vn 0.93722185 0.34873371 -0.00000000
vn 0.93722185 0.34831365 0.01711155
vn 0.93722185 0.34705446 0.03418188
vn 0.93722185 0.34495920 0.05116986
vn 0.93722185 0.34203289 0.06803457
vn 0.93722185 0.33828260 0.08473538
vn 0.93722185 0.33371736 0.10123205
vn 0.93722185 0.32834816 0.11748485
vn 0.93722185 0.32218794 0.13345461
vn 0.93722185 0.31525154 0.14910287
vn 0.93722185 0.30755568 0.16439193
vn 0.93722185 0.29911888 0.17928496
vn 0.93722185 0.28996148 0.19374607
vn 0.93722185 0.28010554 0.20774043
vn 0.93722185 0.26957480 0.22123432
vn 0.93722185 0.25839464 0.23419525
vn 0.93722185 0.24659197 0.24659197
vn 0.93722185 0.23419525 0.25839464
vn 0.93722185 0.22123432 0.26957480
vn 0.93722185 0.20774043 0.28010554
vn 0.93722185 0.19374607 0.28996148
vn 0.93722185 0.17928496 0.29911888
vn 0.93722185 0.16439193 0.30755568
vn 0.93722185 0.14910287 0.31525154
vn 0.93722185 0.13345461 0.32218794
vn 0.93722185 0.11748485 0.32834816
vn 0.93722185 0.10123205 0.33371736
vn 0.93722185 0.08473538 0.33828260
vn 0.93722185 0.06803457 0.34203289
vn 0.93722185 0.05116986 0.34495920
vn 0.93722185 0.03418188 0.34705446
vn 0.93722185 0.01711155 0.34831365
vn 0.93722185 0.00000000 0.34873371
vn 0.93722185 -0.01711155 0.34831365
vn 0.93722185 -0.03418188 0.34705446
vn 0.93722185 -0.05116986 0.34495920
vn 0.93722185 -0.06803457 0.34203289
vn 0.93722185 -0.08473538 0.33828260
vn 0.93722185 -0.10123205 0.33371736
vn 0.93722185 -0.11748485 0.32834816
vn 0.93722185 -0.13345461 0.32218794
vn 0.93722185 -0.14910287 0.31525154
vn 0.93722185 -0.16439193 0.30755568
vn 0.93722185 -0.17928496 0.29911888
vn 0.93722185 -0.19374607 0.28996148
vn 0.93722185 -0.20774043 0.28010554
vn 0.93722185 -0.22123432 0.26957480
vn 0.93722185 -0.23419525 0.25839464
vn 0.93722185 -0.24659197 0.24659197
vn 0.93722185 -0.25839464 0.23419525
vn 0.93722185 -0.26957480 0.22123432
vn 0.93722185 -0.28010554 0.20774043
vn 0.93722185 -0.28996148 0.19374607
vn 0.93722185 -0.29911888 0.17928496
vn 0.93722185 -0.30755568 0.16439193
vn 0.93722185 -0.31525154 0.14910287
vn 0.93722185 -0.32218794 0.13345461
vn 0.93722185 -0.32834816 0.11748485
vn 0.93722185 -0.33371736 0.10123205
vn 0.93722185 -0.33828260 0.08473538
vn 0.93722185 -0.34203289 0.06803457
vn 0.93722185 -0.34495920 0.05116986
vn 0.93722185 -0.34705446 0.03418188
vn 0.93722185 -0.34831365 0.01711155
vn 0.93722185 -0.34873371 0.00000000
vn 0.93722185 -0.34831365 -0.01711155
vn 0.93722185 -0.34705446 -0.03418188
vn 0.93722185 -0.34495920 -0.05116986
vn 0.93722185 -0.34203289 -0.06803457
vn 0.93722185 -0.33828260 -0.08473538
vn 0.93722185 -0.33371736 -0.10123205
vn 0.93722185 -0.32834816 -0.11748485
vn 0.93722185 -0.32218794 -0.13345461
vn 0.93722185 -0.31525154 -0.14910287
vn 0.93722185 -0.30755568 -0.16439193
vn 0.93722185 -0.29911888 -0.17928496
vn 0.93722185 -0.28996148 -0.19374607
vn 0.93722185 -0.28010554 -0.20774043
vn 0.93722185 -0.26957480 -0.22123432
vn 0.93722185 -0.25839464 -0.23419525
vn 0.93722185 -0.24659197 -0.24659197
vn 0.93722185 -0.23419525 -0.25839464
vn 0.93722185 -0.22123432 -0.26957480
vn 0.93722185 -0.20774043 -0.28010554
vn 0.93722185 -0.19374607 -0.28996148
vn 0.93722185 -0.17928496 -0.29911888
vn 0.93722185 -0.16439193 -0.30755568
vn 0.93722185 -0.14910287 -0.31525154
vn 0.93722185 -0.13345461 -0.32218794
vn 0.93722185 -0.11748485 -0.32834816
vn 0.93722185 -0.10123205 -0.33371736
vn 0.93722185 -0.08473538 -0.33828260
vn 0.93722185 -0.06803457 -0.34203289
vn 0.93722185 -0.05116986 -0.34495920
vn 0.93722185 -0.03418188 -0.34705446
vn 0.93722185 -0.01711155 -0.34831365
vn 0.93722185 -0.00000000 -0.34873371
vn 0.93722185 0.01711155 -0.34831365
vn 0.93722185 0.03418188 -0.34705446
vn 0.93722185 0.05116986 -0.34495920
vn 0.93722185 0.06803457 -0.34203289
vn 0.93722185 0.08473538 -0.33828260
vn 0.93722185 0.10123205 -0.33371736
vn 0.93722185 0.11748485 -0.32834816
vn 0.93722185 0.13345461 -0.32218794
vn 0.93722185 0.14910287 -0.31525154
vn 0.93722185 0.16439193 -0.30755568
vn 0.93722185 0.17928496 -0.29911888
vn 0.93722185 0.19374607 -0.28996148
vn 0.93722185 0.20774043 -0.28010554
vn 0.93722185 0.22123432 -0.26957480
vn 0.93722185 0.23419525 -0.25839464
vn 0.93722185 0.24659197 -0.24659197
vn 0.93722185 0.25839464 -0.23419525
vn 0.93722185 0.26957480 -0.22123432
vn 0.93722185 0.28010554 -0.20774043
vn 0.93722185 0.28996148 -0.19374607
vn 0.93722185 0.29911888 -0.17928496
vn 0.93722185 0.30755568 -0.16439193
vn 0.93722185 0.31525154 -0.14910287
vn 0.93722185 0.32218794 -0.13345461
vn 0.93722185 0.32834816 -0.11748485
vn 0.93722185 0.33371736 -0.10123205
vn 0.93722185 0.33828260 -0.08473538
vn 0.93722185 0.34203289 -0.06803457
vn 0.93722185 0.34495920 -0.05116986
vn 0.93722185 0.34705446 -0.03418188
vn 0.93722185 0.34831365 -0.01711155
vn 0.95517975 0.29602642 -0.00000000
vn 0.95517975 0.29566985 0.01452533
vn 0.95517975 0.29460098 0.02901566
vn 0.95517975 0.29282239 0.04343610
vn 0.95517975 0.29033836 0.05775189
vn 0.95517975 0.28715488 0.07192855
vn 0.95517975 0.28327963 0.08593194
vn 0.95517975 0.27872192 0.09972830
vn 0.95517975 0.27349275 0.11328441
vn 0.95517975 0.26760472 0.12656761
vn 0.95517975 0.26107200 0.13954589
vn 0.95517975 0.25391033 0.15218800
vn 0.95517975 0.24613698 0.16446347
vn 0.95517975 0.23777065 0.17634274
vn 0.95517975 0.22883152 0.18779718
vn 0.95517975 0.21934111 0.19879920
vn 0.95517975 0.20932229 0.20932229
vn 0.95517975 0.19879920 0.21934111
vn 0.95517975 0.18779718 0.22883152
vn 0.95517975 0.17634274 0.23777065
vn 0.95517975 0.16446347 0.24613698
vn 0.95517975 0.15218800 0.25391033
vn 0.95517975 0.13954589 0.26107200
vn 0.95517975 0.12656761 0.26760472
vn 0.95517975 0.11328441 0.27349275
vn 0.95517975 0.09972830 0.27872192
vn 0.95517975 0.08593194 0.28327963
vn 0.95517975 0.07192855 0.28715488
vn 0.95517975 0.05775189 0.29033836
vn 0.95517975 0.04343610 0.29282239
vn 0.95517975 0.02901566 0.29460098
vn 0.95517975 0.01452533 0.29566985
vn 0.95517975 0.00000000 0.29602642
vn 0.95517975 -0.01452533 0.29566985
vn 0.95517975 -0.02901566 0.29460098
vn 0.95517975 -0.04343610 0.29282239
vn 0.95517975 -0.05775189 0.29033836
vn 0.95517975 -0.07192855 0.28715488
vn 0.95517975 -0.08593194 0.28327963
vn 0.95517975 -0.09972830 0.27872192
vn 0.95517975 -0.11328441 0.27349275
vn 0.95517975 -0.12656761 0.26760472
vn 0.95517975 -0.13954589 0.26107200
vn 0.95517975 -0.15218800 0.25391033
vn 0.95517975 -0.16446347 0.24613698
vn 0.95517975 -0.17634274 0.23777065
vn 0.95517975 -0.18779718 0.22883152
vn 0.95517975 -0.19879920 0.21934111
vn 0.95517975 -0.20932229 0.20932229
vn 0.95517975 -0.21934111 0.19879920
vn 0.95517975 -0.22883152 0.18779718
vn 0.95517975 -0.23777065 0.17634274
vn 0.95517975 -0.24613698 0.16446347
vn 0.95517975 -0.25391033 0.15218800
vn 0.95517975 -0.26107200 0.13954589
vn 0.95517975 -0.26760472 0.12656761
vn 0.95517975 -0.27349275 0.11328441
vn 0.95517975 -0.27872192 0.09972830
vn 0.95517975 -0.28327963 0.08593194
vn 0.95517975 -0.28715488 0.07192855
vn 0.95517975 -0.29033836 0.05775189
vn 0.95517975 -0.29282239 0.04343610
vn 0.95517975 -0.29460098 0.02901566
vn 0.95517975 -0.29566985 0.01452533
vn 0.95517975 -0.29602642 0.00000000
vn 0.95517975 -0.29566985 -0.01452533
vn 0.95517975 -0.29460098 -0.02901566
vn 0.95517975 -0.29282239 -0.04343610
vn 0.95517975 -0.29033836 -0.05775189
vn 0.95517975 -0.28715488 -0.07192855
vn 0.95517975 -0.28327963 -0.08593194
vn 0.95517975 -0.27872192 -0.09972830
vn 0.95517975 -0.27349275 -0.11328441
vn 0.95517975 -0.26760472 -0.12656761
vn 0.95517975 -0.26107200 -0.13954589
vn 0.95517975 -0.25391033 -0.15218800
vn 0.95517975 -0.24613698 -0.16446347
vn 0.95517975 -0.23777065 -0.17634274
vn 0.95517975 -0.22883152 -0.18779718
vn 0.95517975 -0.21934111 -0.19879920
vn 0.95517975 -0.20932229 -0.20932229
vn 0.95517975 -0.19879920 -0.21934111
vn 0.95517975 -0.18779718 -0.22883152
vn 0.95517975 -0.17634274 -0.23777065
vn 0.95517975 -0.16446347 -0.24613698
vn 0.95517975 -0.15218800 -0.25391033
vn 0.95517975 -0.13954589 -0.26107200
vn 0.95517975 -0.12656761 -0.26760472
vn 0.95517975 -0.11328441 -0.27349275
vn 0.95517975 -0.09972830 -0.27872192
vn 0.95517975 -0.08593194 -0.28327963
vn 0.95517975 -0.07192855 -0.28715488
vn 0.95517975 -0.05775189 -0.29033836
vn 0.95517975 -0.04343610 -0.29282239
vn 0.95517975 -0.02901566 -0.29460098
vn 0.95517975 -0.01452533 -0.29566985
vn 0.95517975 -0.00000000 -0.29602642
vn 0.95517975 0.01452533 -0.29566985
vn 0.95517975 0.02901566 -0.29460098
vn 0.95517975 0.04343610 -0.29282239
vn 0.95517975 0.05775189 -0.29033836
vn 0.95517975 0.07192855 -0.28715488
vn 0.95517975 0.08593194 -0.28327963
vn 0.95517975 0.09972830 -0.27872192
vn 0.95517975 0.11328441 -0.27349275
vn 0.95517975 0.12656761 -0.26760472
vn 0.95517975 0.13954589 -0.26107200
vn 0.95517975 0.15218800 -0.25391033
vn 0.95517975 0.16446347 -0.24613698
vn 0.95517975 0.17634274 -0.23777065
vn 0.95517975 0.18779718 -0.22883152
vn 0.95517975 0.19879920 -0.21934111
vn 0.95517975 0.20932229 -0.20932229
vn 0.95517975 0.21934111 -0.19879920
vn 0.95517975 0.22883152 -0.18779718
vn 0.95517975 0.23777065 -0.17634274
vn 0.95517975 0.24613698 -0.16446347
vn 0.95517975 0.25391033 -0.15218800
vn 0.95517975 0.26107200 -0.13954589
vn 0.95517975 0.26760472 -0.12656761
vn 0.95517975 0.27349275 -0.11328441
vn 0.95517975 0.27872192 -0.09972830
vn 0.95517975 0.28327963 -0.08593194
vn 0.95517975 0.28715488 -0.07192855
vn 0.95517975 0.29033836 -0.05775189
vn 0.95517975 0.29282239 -0.04343610
vn 0.95517975 0.29460098 -0.02901566
vn 0.95517975 0.29566985 -0.01452533
vn 0.98228892 0.18737259 0.00000000
vn 0.98228892 0.18714689 0.00919394
vn 0.98228892 0.18647034 0.01836573
vn 0.98228892 0.18534456 0.02749327
vn 0.98228892 0.18377227 0.03655458
vn 0.98228892 0.18175727 0.04552782
vn 0.98228892 0.17930439 0.05439139
vn 0.98228892 0.17641955 0.06312392
vn 0.98228892 0.17310970 0.07170438
vn 0.98228892 0.16938281 0.08011210
vn 0.98228892 0.16524787 0.08832683
vn 0.98228892 0.16071483 0.09632876
vn 0.98228892 0.15579461 0.10409863
vn 0.98228892 0.15049907 0.11161772
vn 0.98228892 0.14484097 0.11886791
vn 0.98228892 0.13883393 0.12583174
vn 0.98228892 0.13249243 0.13249243
vn 0.98228892 0.12583174 0.13883393
vn 0.98228892 0.11886791 0.14484097
vn 0.98228892 0.11161772 0.15049907
vn 0.98228892 0.10409863 0.15579461
vn 0.98228892 0.09632876 0.16071483
vn 0.98228892 0.08832683 0.16524787
vn 0.98228892 0.08011210 0.16938281
vn 0.98228892 0.07170438 0.17310970
vn 0.98228892 0.06312392 0.17641955
vn 0.98228892 0.05439139 0.17930439
vn 0.98228892 0.04552782 0.18175727
vn 0.98228892 0.03655458 0.18377227
vn 0.98228892 0.02749327 0.18534456
vn 0.98228892 0.01836573 0.18647034
vn 0.98228892 0.00919394 0.18714689
vn 0.98228892 -0.00000000 0.18737259
vn 0.98228892 -0.00919394 0.18714689
vn 0.98228892 -0.01836573 0.18647034
vn 0.98228892 -0.02749327 0.18534456
vn 0.98228892 -0.03655458 0.18377227
vn 0.98228892 -0.04552782 0.18175727
vn 0.98228892 -0.05439139 0.17930439
vn 0.98228892 -0.06312392 0.17641955
vn 0.98228892 -0.07170438 0.17310970
vn 0.98228892 -0.08011210 0.16938281
vn 0.98228892 -0.08832683 0.16524787
vn 0.98228892 -0.09632876 0.16071483
vn 0.98228892 -0.10409863 0.15579461
vn 0.98228892 -0.11161772 0.15049907
vn 0.98228892 -0.11886791 0.14484097
vn 0.98228892 -0.12583174 0.13883393
vn 0.98228892 -0.13249243 0.13249243
vn 0.98228892 -0.13883393 0.12583174
vn 0.98228892 -0.14484097 0.11886791
vn 0.98228892 -0.15049907 0.11161772
vn 0.98228892 -0.15579461 0.10409863
vn 0.98228892 -0.16071483 0.09632876
vn 0.98228892 -0.16524787 0.08832683
vn 0.98228892 -0.16938281 0.08011210
vn 0.98228892 -0.17310970 0.07170438
vn 0.98228892 -0.17641955 0.06312392
vn 0.98228892 -0.17930439 0.05439139
vn 0.98228892 -0.18175727 0.04552782
vn 0.98228892 -0.18377227 0.03655458
vn 0.98228892 -0.18534456 0.02749327
vn 0.98228892 -0.18647034 0.01836573
vn 0.98228892 -0.18714689 0.00919394
vn 0.98228892 -0.18737259 -0.00000000
vn 0.98228892 -0.18714689 -0.00919394
vn 0.98228892 -0.18647034 -0.01836573
vn 0.98228892 -0.18534456 -0.02749327
vn 0.98228892 -0.18377227 -0.03655458
vn 0.98228892 -0.18175727 -0.04552782
vn 0.98228892 -0.17930439 -0.05439139
vn 0.98228892 -0.17641955 -0.06312392
vn 0.98228892 -0.17310970 -0.07170438
vn 0.98228892 -0.16938281 -0.08011210
vn 0.98228892 -0.16524787 -0.08832683
vn 0.98228892 -0.16071483 -0.09632876
vn 0.98228892 -0.15579461 -0.10409863
vn 0.98228892 -0.15049907 -0.11161772
vn 0.98228892 -0.14484097 -0.11886791
vn 0.98228892 -0.13883393 -0.12583174
vn 0.98228892 -0.13249243 -0.13249243
vn 0.98228892 -0.12583174 -0.13883393
vn 0.98228892 -0.11886791 -0.14484097
vn 0.98228892 -0.11161772 -0.15049907
vn 0.98228892 -0.10409863 -0.15579461
vn 0.98228892 -0.09632876 -0.16071483
vn 0.98228892 -0.08832683 -0.16524787
vn 0.98228892 -0.08011210 -0.16938281
vn 0.98228892 -0.07170438 -0.17310970
vn 0.98228892 -0.06312392 -0.17641955
vn 0.98228892 -0.05439139 -0.17930439
vn 0.98228892 -0.04552782 -0.18175727
vn 0.98228892 -0.03655458 -0.18377227
vn 0.98228892 -0.02749327 -0.18534456
vn 0.98228892 -0.01836573 -0.18647034
vn 0.98228892 -0.00919394 -0.18714689
vn 0.98228892 0.00000000 -0.18737259
vn 0.98228892 0.00919394 -0.18714689
vn 0.98228892 0.01836573 -0.18647034
vn 0.98228892 0.02749327 -0.18534456
vn 0.98228892 0.03655458 -0.18377227
vn 0.98228892 0.04552782 -0.18175727
vn 0.98228892 0.05439139 -0.17930439
vn 0.98228892 0.06312392 -0.17641955
vn 0.98228892 0.07170438 -0.17310970
vn 0.98228892 0.08011210 -0.16938281
vn 0.98228892 0.08832683 -0.16524787
vn 0.98228892 0.09632876 -0.16071483
vn 0.98228892 0.10409863 -0.15579461
vn 0.98228892 0.11161772 -0.15049907
vn 0.98228892 0.11886791 -0.14484097
vn 0.98228892 0.12583174 -0.13883393
vn 0.98228892 0.13249243 -0.13249243
vn 0.98228892 0.13883393 -0.12583174
vn 0.98228892 0.14484097 -0.11886791
vn 0.98228892 0.15049907 -0.11161772
vn 0.98228892 0.15579461 -0.10409863
vn 0.98228892 0.16071483 -0.09632876
vn 0.98228892 0.16524787 -0.08832683
vn 0.98228892 0.16938281 -0.08011210
vn 0.98228892 0.17310970 -0.07170438
vn 0.98228892 0.17641955 -0.06312392
vn 0.98228892 0.17930439 -0.05439139
vn 0.98228892 0.18175727 -0.04552782
vn 0.98228892 0.18377227 -0.03655458
vn 0.98228892 0.18534456 -0.02749327
vn 0.98228892 0.18647034 -0.01836573
vn 0.98228892 0.18714689 -0.00919394
vn 0.99709490 0.07616929 -0.00000000
vn 0.99709490 0.07607754 0.00373745
vn 0.99709490 0.07580252 0.00746590
vn 0.99709490 0.07534487 0.01117636
vn 0.99709490 0.07470572 0.01485989
vn 0.99709490 0.07388659 0.01850763
vn 0.99709490 0.07288947 0.02211078
vn 0.99709490 0.07171675 0.02566066
vn 0.99709490 0.07037125 0.02914873
vn 0.99709490 0.06885622 0.03256657
vn 0.99709490 0.06717532 0.03590596
vn 0.99709490 0.06533258 0.03915884
vn 0.99709490 0.06333245 0.04231739
vn 0.99709490 0.06117975 0.04537399
vn 0.99709490 0.05887966 0.04832129
vn 0.99709490 0.05643772 0.05115217
vn 0.99709490 0.05385982 0.05385982
vn 0.99709490 0.05115217 0.05643772
vn 0.99709490 0.04832129 0.05887966
vn 0.99709490 0.04537399 0.06117975
vn 0.99709490 0.04231739 0.06333245
vn 0.99709490 0.03915884 0.06533258
vn 0.99709490 0.03590596 0.06717532
vn 0.99709490 0.03256657 0.06885622
vn 0.99709490 0.02914873 0.07037125
vn 0.99709490 0.02566066 0.07171675
vn 0.99709490 0.02211078 0.07288947
vn 0.99709490 0.01850763 0.07388659
vn 0.99709490 0.01485989 0.07470572
vn 0.99709490 0.01117636 0.07534487
vn 0.99709490 0.00746590 0.07580252
vn 0.99709490 0.00373745 0.07607754
vn 0.99709490 0.00000000 0.07616929
vn 0.99709490 -0.00373745 0.07607754
vn 0.99709490 -0.00746590 0.07580252
vn 0.99709490 -0.01117636 0.07534487
vn 0.99709490 -0.01485989 0.07470572
vn 0.99709490 -0.01850763 0.07388659
vn 0.99709490 -0.02211078 0.07288947
vn 0.99709490 -0.02566066 0.07171675
vn 0.99709490 -0.02914873 0.07037125
vn 0.99709490 -0.03256657 0.06885622
vn 0.99709490 -0.03590596 0.06717532
vn 0.99709490 -0.03915884 0.06533258
vn 0.99709490 -0.04231739 0.06333245
vn 0.99709490 -0.04537399 0.06117975
vn 0.99709490 -0.04832129 0.05887966
vn 0.99709490 -0.05115217 0.05643772
vn 0.99709490 -0.05385982 0.05385982
vn 0.99709490 -0.05643772 0.05115217
vn 0.99709490 -0.05887966 0.04832129
vn 0.99709490 -0.06117975 0.04537399
vn 0.99709490 -0.06333245 0.04231739
vn 0.99709490 -0.06533258 0.03915884
vn 0.99709490 -0.06717532 0.03590596
vn 0.99709490 -0.06885622 0.03256657
vn 0.99709490 -0.07037125 0.02914873
vn 0.99709490 -0.07171675 0.02566066
vn 0.99709490 -0.07288947 0.02211078
vn 0.99709490 -0.07388659 0.01850763
vn 0.99709490 -0.07470572 0.01485989
vn 0.99709490 -0.07534487 0.01117636
vn 0.99709490 -0.07580252 0.00746590
vn 0.99709490 -0.07607754 0.00373745
vn 0.99709490 -0.07616929 0.00000000
vn 0.99709490 -0.07607754 -0.00373745
vn 0.99709490 -0.07580252 -0.00746590
vn 0.99709490 -0.07534487 -0.01117636
vn 0.99709490 -0.07470572 -0.01485989
vn 0.99709490 -0.07388659 -0.01850763
vn 0.99709490 -0.07288947 -0.02211078
vn 0.99709490 -0.07171675 -0.02566066
vn 0.99709490 -0.07037125 -0.02914873
vn 0.99709490 -0.06885622 -0.03256657
vn 0.99709490 -0.06717532 -0.03590596
vn 0.99709490 -0.06533258 -0.03915884
vn 0.99709490 -0.06333245 -0.04231739
vn 0.99709490 -0.06117975 -0.04537399
vn 0.99709490 -0.05887966 -0.04832129
vn 0.99709490 -0.05643772 -0.05115217
vn 0.99709490 -0.05385982 -0.05385982
vn 0.99709490 -0.05115217 -0.05643772
vn 0.99709490 -0.04832129 -0.05887966
vn 0.99709490 -0.04537399 -0.06117975
vn 0.99709490 -0.04231739 -0.06333245
vn 0.99709490 -0.03915884 -0.06533258
vn 0.99709490 -0.03590596 -0.06717532
vn 0.99709490 -0.03256657 -0.06885622
vn 0.99709490 -0.02914873 -0.07037125
vn 0.99709490 -0.02566066 -0.07171675
vn 0.99709490 -0.02211078 -0.07288947
vn 0.99709490 -0.01850763 -0.07388659
vn 0.99709490 -0.01485989 -0.07470572
vn 0.99709490 -0.01117636 -0.07534487
vn 0.99709490 -0.00746590 -0.07580252
vn 0.99709490 -0.00373745 -0.07607754
vn 0.99709490 -0.00000000 -0.07616929
vn 0.99709490 0.00373745 -0.07607754
vn 0.99709490 0.00746590 -0.07580252
vn 0.99709490 0.01117636 -0.07534487
vn 0.99709490 0.01485989 -0.07470572
vn 0.99709490 0.01850763 -0.07388659
vn 0.99709490 0.02211078 -0.07288947
vn 0.99709490 0.02566066 -0.07171675
vn 0.99709490 0.02914873 -0.07037125
vn 0.99709490 0.03256657 -0.06885622
vn 0.99709490 0.03590596 -0.06717532
vn 0.99709490 0.03915884 -0.06533258
vn 0.99709490 0.04231739 -0.06333245
vn 0.99709490 0.04537399 -0.06117975
vn 0.99709490 0.04832129 -0.05887966
vn 0.99709490 0.05115217 -0.05643772
vn 0.99709490 0.05385982 -0.05385982
vn 0.99709490 0.05643772 -0.05115217
vn 0.99709490 0.05887966 -0.04832129
vn 0.99709490 0.06117975 -0.04537399
vn 0.99709490 0.06333245 -0.04231739
vn 0.99709490 0.06533258 -0.03915884
vn 0.99709490 0.06717532 -0.03590596
vn 0.99709490 0.06885622 -0.03256657
vn 0.99709490 0.07037125 -0.02914873
vn 0.99709490 0.07171675 -0.02566066
vn 0.99709490 0.07288947 -0.02211078
vn 0.99709490 0.07388659 -0.01850763
vn 0.99709490 0.07470572 -0.01485989
vn 0.99709490 0.07534487 -0.01117636
vn 0.99709490 0.07580252 -0.00746590
vn 0.99709490 0.07607754 -0.00373745
vn 1.00000000 0.00000000 -0.00000000
f 2083//2083 2082//2082 2081//2081
f 2176//2176 2175//2175 2081//2081
f 2175//2175 2174//2174 2081//2081
f 2174//2174 2173//2173 2081//2081
f 2173//2173 2172//2172 2081//2081
f 2172//2172 2171//2171 2081//2081
f 2171//2171 2170//2170 2081//2081
f 2170//2170 2169//2169 2081//2081
f 2169//2169 2168//2168 2081//2081
f 2168//2168 2167//2167 2081//2081
f 2167//2167 2166//2166 2081//2081
f 2166//2166 2165//2165 2081//2081
f 2165//2165 2164//2164 2081//2081
f 2164//2164 2163//2163 2081//2081
f 2177//2177 2176//2176 2081//2081
f 2163//2163 2162//2162 2081//2081
f 2161//2161 2160//2160 2081//2081
f 2160//2160 2159//2159 2081//2081
f 2159//2159 2158//2158 2081//2081
f 2158//2158 2157//2157 2081//2081
f 2157//2157 2156//2156 2081//2081
f 2156//2156 2155//2155 2081//2081
f 2155//2155 2154//2154 2081//2081
f 2154//2154 2153//2153 2081//2081
f 2153//2153 2152//2152 2081//2081
f 2152//2152 2151//2151 2081//2081
f 2151//2151 2150//2150 2081//2081
f 2150//2150 2149//2149 2081//2081
f 2149//2149 2148//2148 2081//2081
f 2162//2162 2161//2161 2081//2081
f 2178//2178 2177//2177 2081//2081
f 2179//2179 2178//2178 2081//2081
f 2180//2180 2179//2179 2081//2081
f 2209//2209 2208//2208 2081//2081
f 2208//2208 2207//2207 2081//2081
f 2207//2207 2206//2206 2081//2081
f 2206//2206 2205//2205 2081//2081
f 2205//2205 2204//2204 2081//2081
f 2204//2204 2203//2203 2081//2081
f 2203//2203 2202//2202 2081//2081
f 2202//2202 2201//2201 2081//2081
f 2201//2201 2200//2200 2081//2081
f 2200//2200 2199//2199 2081//2081
f 2199//2199 2198//2198 2081//2081
f 2198//2198 2197//2197 2081//2081
f 2197//2197 2196//2196 2081//2081
f 2196//2196 2195//2195 2081//2081
f 2195//2195 2194//2194 2081//2081
f 2194//2194 2193//2193 2081//2081
f 2193//2193 2192//2192 2081//2081
f 2192//2192 2191//2191 2081//2081
f 2191//2191 2190//2190 2081//2081
f 2190//2190 2189//2189 2081//2081
f 2189//2189 2188//2188 2081//2081
f 2188//2188 2187//2187 2081//2081
f 2187//2187 2186//2186 2081//2081
f 2186//2186 2185//2185 2081//2081
f 2185//2185 2184//2184 2081//2081
f 2184//2184 2183//2183 2081//2081
f 2183//2183 2182//2182 2081//2081
f 2182//2182 2181//2181 2081//2081
f 2181//2181 2180//2180 2081//2081
f 2148//2148 2147//2147 2081//2081
f 2147//2147 2146//2146 2081//2081
f 2082//2082 2209//2209 2081//2081
f 2145//2145 2144//2144 2081//2081
f 2111//2111 2110//2110 2081//2081
f 2110//2110 2109//2109 2081//2081
f 2109//2109 2108//2108 2081//2081
f 2108//2108 2107//2107 2081//2081
f 2107//2107 2106//2106 2081//2081
f 2106//2106 2105//2105 2081//2081
f 2105//2105 2104//2104 2081//2081
f 2104//2104 2103//2103 2081//2081
f 2103//2103 2102//2102 2081//2081
f 2102//2102 2101//2101 2081//2081
f 2101//2101 2100//2100 2081//2081
f 2146//2146 2145//2145 2081//2081
f 2099//2099 2098//2098 2081//2081
f 2112//2112 2111//2111 2081//2081
f 2098//2098 2097//2097 2081//2081
f 2096//2096 2095//2095 2081//2081
f 2095//2095 2094//2094 2081//2081
f 2094//2094 2093//2093 2081//2081
f 2093//2093 2092//2092 2081//2081
f 2092//2092 2091//2091 2081//2081
f 2091//2091 2090//2090 2081//2081
f 2090//2090 2089//2089 2081//2081
f 2089//2089 2088//2088 2081//2081
f 2088//2088 2087//2087 2081//2081
f 2087//2087 2086//2086 2081//2081
f 2086//2086 2085//2085 2081//2081
f 2085//2085 2084//2084 2081//2081
f 2084//2084 2083//2083 2081//2081
f 2097//2097 2096//2096 2081//2081
f 2113//2113 2112//2112 2081//2081
f 2100//2100 2099//2099 2081//2081
f 2115//2115 2114//2114 2081//2081
f 2114//2114 2113//2113 2081//2081
f 2143//2143 2142//2142 2081//2081
f 2142//2142 2141//2141 2081//2081
f 2141//2141 2140//2140 2081//2081
f 2140//2140 2139//2139 2081//2081
f 2139//2139 2138//2138 2081//2081
f 2138//2138 2137//2137 2081//2081
f 2137//2137 2136//2136 2081//2081
f 2136//2136 2135//2135 2081//2081
f 2135//2135 2134//2134 2081//2081
f 2134//2134 2133//2133 2081//2081
f 2133//2133 2132//2132 2081//2081
f 2132//2132 2131//2131 2081//2081
f 2131//2131 2130//2130 2081//2081
f 2144//2144 2143//2143 2081//2081
f 2129//2129 2128//2128 2081//2081
f 2130//2130 2129//2129 2081//2081
f 2117//2117 2116//2116 2081//2081
f 2118//2118 2117//2117 2081//2081
f 2119//2119 2118//2118 2081//2081
f 2120//2120 2119//2119 2081//2081
f 2121//2121 2120//2120 2081//2081
f 2116//2116 2115//2115 2081//2081
f 2123//2123 2122//2122 2081//2081
f 2124//2124 2123//2123 2081//2081
f 2125//2125 2124//2124 2081//2081
f 2126//2126 2125//2125 2081//2081
f 2127//2127 2126//2126 2081//2081
f 2122//2122 2121//2121 2081//2081
f 2128//2128 2127//2127 2081//2081
f 2425//2425 2424//2424 2296//2296
f 2296//2296 2424//2424 2295//2295
f 2424//2424 2423//2423 2295//2295
f 2295//2295 2423//2423 2294//2294
f 2423//2423 2422//2422 2294//2294
f 2293//2293 2421//2421 2292//2292
f 2422//2422 2421//2421 2293//2293
f 2421//2421 2420//2420 2292//2292
f 2292//2292 2420//2420 2291//2291
f 2420//2420 2419//2419 2291//2291
f 2297//2297 2425//2425 2296//2296
f 2294//2294 2422//2422 2293//2293
f 2298//2298 2426//2426 2297//2297
f 2302//2302 2430//2430 2301//2301
f 2299//2299 2427//2427 2298//2298
f 2428//2428 2427//2427 2299//2299
f 2300//2300 2428//2428 2299//2299
f 2429//2429 2428//2428 2300//2300
f 2301//2301 2429//2429 2300//2300
f 2430//2430 2429//2429 2301//2301
f 2431//2431 2430//2430 2302//2302
f 2303//2303 2431//2431 2302//2302
f 2432//2432 2431//2431 2303//2303
f 2304//2304 2432//2432 2303//2303
f 2433//2433 2432//2432 2304//2304
f 2305//2305 2433//2433 2304//2304
f 2434//2434 2433//2433 2305//2305
f 2427//2427 2426//2426 2298//2298
f 2291//2291 2419//2419 2290//2290
f 2404//2404 2403//2403 2275//2275
f 2290//2290 2418//2418 2289//2289
f 2306//2306 2434//2434 2305//2305
f 2276//2276 2404//2404 2275//2275
f 2405//2405 2404//2404 2276//2276
f 2277//2277 2405//2405 2276//2276
f 2406//2406 2405//2405 2277//2277
f 2278//2278 2406//2406 2277//2277
f 2407//2407 2406//2406 2278//2278
f 2279//2279 2407//2407 2278//2278
f 2408//2408 2407//2407 2279//2279
f 2280//2280 2408//2408 2279//2279
f 2409//2409 2408//2408 2280//2280
f 2281//2281 2409//2409 2280//2280
f 2410//2410 2409//2409 2281//2281
f 2282//2282 2410//2410 2281//2281
f 2411//2411 2410//2410 2282//2282
f 2283//2283 2411//2411 2282//2282
f 2412//2412 2411//2411 2283//2283
f 2284//2284 2412//2412 2283//2283
f 2413//2413 2412//2412 2284//2284
f 2285//2285 2413//2413 2284//2284
f 2414//2414 2413//2413 2285//2285
f 2286//2286 2414//2414 2285//2285
f 2415//2415 2414//2414 2286//2286
f 2287//2287 2415//2415 2286//2286
f 2416//2416 2415//2415 2287//2287
f 2288//2288 2416//2416 2287//2287
f 2417//2417 2416//2416 2288//2288
f 2289//2289 2417//2417 2288//2288
f 2418//2418 2417//2417 2289//2289
f 2419//2419 2418//2418 2290//2290
f 2435//2435 2434//2434 2306//2306
f 2451//2451 2450//2450 2322//2322
f 2436//2436 2435//2435 2307//2307
f 2325//2325 2453//2453 2324//2324
f 2454//2454 2453//2453 2325//2325
f 2326//2326 2454//2454 2325//2325
f 2455//2455 2454//2454 2326//2326
f 2327//2327 2455//2455 2326//2326
f 2456//2456 2455//2455 2327//2327
f 2328//2328 2456//2456 2327//2327
f 2457//2457 2456//2456 2328//2328
f 2329//2329 2457//2457 2328//2328
f 2458//2458 2457//2457 2329//2329
f 2330//2330 2458//2458 2329//2329
f 2459//2459 2458//2458 2330//2330
f 2331//2331 2459//2459 2330//2330
f 2453//2453 2452//2452 2324//2324
f 2460//2460 2459//2459 2331//2331
f 2461//2461 2460//2460 2332//2332
f 2333//2333 2461//2461 2332//2332
f 2462//2462 2461//2461 2333//2333
f 2334//2334 2462//2462 2333//2333
f 2463//2463 2462//2462 2334//2334
f 2335//2335 2463//2463 2334//2334
f 2464//2464 2463//2463 2335//2335
f 2336//2336 2464//2464 2335//2335
f 2465//2465 2464//2464 2336//2336
f 2337//2337 2465//2465 2336//2336
f 2338//2338 2465//2465 2337//2337
f 2210//2210 2338//2338 2337//2337
f 2275//2275 2403//2403 2274//2274
f 2332//2332 2460//2460 2331//2331
f 2324//2324 2452//2452 2323//2323
f 2452//2452 2451//2451 2323//2323
f 2323//2323 2451//2451 2322//2322
f 2308//2308 2436//2436 2307//2307
f 2437//2437 2436//2436 2308//2308
f 2309//2309 2437//2437 2308//2308
f 2438//2438 2437//2437 2309//2309
f 2310//2310 2438//2438 2309//2309
f 2439//2439 2438//2438 2310//2310
f 2311//2311 2439//2439 2310//2310
f 2440//2440 2439//2439 2311//2311
f 2312//2312 2440//2440 2311//2311
f 2441//2441 2440//2440 2312//2312
f 2313//2313 2441//2441 2312//2312
f 2442//2442 2441//2441 2313//2313
f 2314//2314 2442//2442 2313//2313
f 2443//2443 2442//2442 2314//2314
f 2315//2315 2443//2443 2314//2314
f 2444//2444 2443//2443 2315//2315
f 2316//2316 2444//2444 2315//2315
f 2445//2445 2444//2444 2316//2316
f 2317//2317 2445//2445 2316//2316
f 2446//2446 2445//2445 2317//2317
f 2318//2318 2446//2446 2317//2317
f 2447//2447 2446//2446 2318//2318
f 2319//2319 2447//2447 2318//2318
f 2448//2448 2447//2447 2319//2319
f 2320//2320 2448//2448 2319//2319
f 2449//2449 2448//2448 2320//2320
f 2321//2321 2449//2449 2320//2320
f 2450//2450 2449//2449 2321//2321
f 2322//2322 2450//2450 2321//2321
f 2307//2307 2435//2435 2306//2306
f 2403//2403 2402//2402 2274//2274
f 2426//2426 2425//2425 2297//2297
f 2402//2402 2401//2401 2273//2273
f 2227//2227 2355//2355 2226//2226
f 2356//2356 2355//2355 2227//2227
f 2228//2228 2356//2356 2227//2227
f 2357//2357 2356//2356 2228//2228
f 2229//2229 2357//2357 2228//2228
f 2358//2358 2357//2357 2229//2229
f 2230//2230 2358//2358 2229//2229
f 2359//2359 2358//2358 2230//2230
f 2231//2231 2359//2359 2230//2230
f 2360//2360 2359//2359 2231//2231
f 2232//2232 2360//2360 2231//2231
f 2361//2361 2360//2360 2232//2232
f 2233//2233 2361//2361 2232//2232
f 2355//2355 2354//2354 2226//2226
f 2362//2362 2361//2361 2233//2233
f 2363//2363 2362//2362 2234//2234
f 2235//2235 2363//2363 2234//2234
f 2364//2364 2363//2363 2235//2235
f 2236//2236 2364//2364 2235//2235
f 2365//2365 2364//2364 2236//2236
f 2237//2237 2365//2365 2236//2236
f 2366//2366 2365//2365 2237//2237
f 2238//2238 2366//2366 2237//2237
f 2367//2367 2366//2366 2238//2238
f 2239//2239 2367//2367 2238//2238
f 2368//2368 2367//2367 2239//2239
f 2240//2240 2368//2368 2239//2239
f 2369//2369 2368//2368 2240//2240
f 2234//2234 2362//2362 2233//2233
f 2226//2226 2354//2354 2225//2225
f 2354//2354 2353//2353 2225//2225
f 2225//2225 2353//2353 2224//2224
f 2274//2274 2402//2402 2273//2273
f 2339//2339 2338//2338 2210//2210
f 2211//2211 2339//2339 2210//2210
f 2340//2340 2339//2339 2211//2211
f 2212//2212 2340//2340 2211//2211
f 2341//2341 2340//2340 2212//2212
f 2213//2213 2341//2341 2212//2212
f 2342//2342 2341//2341 2213//2213
f 2214//2214 2342//2342 2213//2213
f 2343//2343 2342//2342 2214//2214
f 2344//2344 2343//2343 2215//2215
f 2216//2216 2344//2344 2215//2215
f 2345//2345 2344//2344 2216//2216
f 2217//2217 2345//2345 2216//2216
f 2346//2346 2345//2345 2217//2217
f 2218//2218 2346//2346 2217//2217
f 2347//2347 2346//2346 2218//2218
f 2219//2219 2347//2347 2218//2218
f 2348//2348 2347//2347 2219//2219
f 2220//2220 2348//2348 2219//2219
f 2349//2349 2348//2348 2220//2220
f 2221//2221 2349//2349 2220//2220
f 2350//2350 2349//2349 2221//2221
f 2222//2222 2350//2350 2221//2221
f 2351//2351 2350//2350 2222//2222
f 2223//2223 2351//2351 2222//2222
f 2352//2352 2351//2351 2223//2223
f 2224//2224 2352//2352 2223//2223
f 2353//2353 2352//2352 2224//2224
f 2241//2241 2369//2369 2240//2240
f 2370//2370 2369//2369 2241//2241
f 2215//2215 2343//2343 2214//2214
f 2371//2371 2370//2370 2242//2242
f 2259//2259 2387//2387 2258//2258
f 2388//2388 2387//2387 2259//2259
f 2260//2260 2388//2388 2259//2259
f 2389//2389 2388//2388 2260//2260
f 2261//2261 2389//2389 2260//2260
f 2390//2390 2389//2389 2261//2261
f 2262//2262 2390//2390 2261//2261
f 2391//2391 2390//2390 2262//2262
f 2263//2263 2391//2391 2262//2262
f 2392//2392 2391//2391 2263//2263
f 2264//2264 2392//2392 2263//2263
f 2393//2393 2392//2392 2264//2264
f 2265//2265 2393//2393 2264//2264
f 2394//2394 2393//2393 2265//2265
f 2266//2266 2394//2394 2265//2265
f 2395//2395 2394//2394 2266//2266
f 2267//2267 2395//2395 2266//2266
f 2396//2396 2395//2395 2267//2267
f 2268//2268 2396//2396 2267//2267
f 2397//2397 2396//2396 2268//2268
f 2269//2269 2397//2397 2268//2268
f 2398//2398 2397//2397 2269//2269
f 2270//2270 2398//2398 2269//2269
f 2271//2271 2399//2399 2270//2270
f 2400//2400 2399//2399 2271//2271
f 2272//2272 2400//2400 2271//2271
f 2401//2401 2400//2400 2272//2272
f 2242//2242 2370//2370 2241//2241
f 2273//2273 2401//2401 2272//2272
f 2387//2387 2386//2386 2258//2258
f 2258//2258 2386//2386 2257//2257
f 2399//2399 2398//2398 2270//2270
f 2257//2257 2385//2385 2256//2256
f 2386//2386 2385//2385 2257//2257
f 2243//2243 2371//2371 2242//2242
f 2244//2244 2372//2372 2243//2243
f 2373//2373 2372//2372 2244//2244
f 2372//2372 2371//2371 2243//2243
f 2374//2374 2373//2373 2245//2245
f 2246//2246 2374//2374 2245//2245
f 2375//2375 2374//2374 2246//2246
f 2247//2247 2375//2375 2246//2246
f 2376//2376 2375//2375 2247//2247
f 2248//2248 2376//2376 2247//2247
f 2377//2377 2376//2376 2248//2248
f 2249//2249 2377//2377 2248//2248
f 2378//2378 2377//2377 2249//2249
f 2245//2245 2373//2373 2244//2244
f 2379//2379 2378//2378 2250//2250
f 2250//2250 2378//2378 2249//2249
f 2256//2256 2384//2384 2255//2255
f 2384//2384 2383//2383 2255//2255
f 2383//2383 2382//2382 2254//2254
f 2254//2254 2382//2382 2253//2253
f 2382//2382 2381//2381 2253//2253
f 2255//2255 2383//2383 2254//2254
f 2381//2381 2380//2380 2252//2252
f 2253//2253 2381//2381 2252//2252
f 2380//2380 2379//2379 2251//2251
f 2251//2251 2379//2379 2250//2250
f 2252//2252 2380//2380 2251//2251
f 2385//2385 2384//2384 2256//2256
f 2766//2766 2894//2894 2765//2765
f 2891//2891 2890//2890 2762//2762
f 2763//2763 2891//2891 2762//2762
f 2762//2762 2890//2890 2761//2761
f 2892//2892 2891//2891 2763//2763
f 2764//2764 2892//2892 2763//2763
f 2761//2761 2889//2889 2760//2760
f 2893//2893 2892//2892 2764//2764
f 2765//2765 2893//2893 2764//2764
f 2894//2894 2893//2893 2765//2765
f 2890//2890 2889//2889 2761//2761
f 2769//2769 2897//2897 2768//2768
f 2767//2767 2895//2895 2766//2766
f 2896//2896 2895//2895 2767//2767
f 2768//2768 2896//2896 2767//2767
f 2897//2897 2896//2896 2768//2768
f 2898//2898 2897//2897 2769//2769
f 2770//2770 2898//2898 2769//2769
f 2899//2899 2898//2898 2770//2770
f 2771//2771 2899//2899 2770//2770
f 2900//2900 2899//2899 2771//2771
f 2772//2772 2900//2900 2771//2771
f 2901//2901 2900//2900 2772//2772
f 2895//2895 2894//2894 2766//2766
f 2889//2889 2888//2888 2760//2760
f 2882//2882 2881//2881 2753//2753
f 2888//2888 2887//2887 2759//2759
f 2747//2747 2875//2875 2746//2746
f 2876//2876 2875//2875 2747//2747
f 2773//2773 2901//2901 2772//2772
f 2748//2748 2876//2876 2747//2747
f 2877//2877 2876//2876 2748//2748
f 2749//2749 2877//2877 2748//2748
f 2878//2878 2877//2877 2749//2749
f 2750//2750 2878//2878 2749//2749
f 2879//2879 2878//2878 2750//2750
f 2751//2751 2879//2879 2750//2750
f 2880//2880 2879//2879 2751//2751
f 2752//2752 2880//2880 2751//2751
f 2881//2881 2880//2880 2752//2752
f 2753//2753 2881//2881 2752//2752
f 2754//2754 2882//2882 2753//2753
f 2883//2883 2882//2882 2754//2754
f 2755//2755 2883//2883 2754//2754
f 2884//2884 2883//2883 2755//2755
f 2756//2756 2884//2884 2755//2755
f 2885//2885 2884//2884 2756//2756
f 2757//2757 2885//2885 2756//2756
f 2886//2886 2885//2885 2757//2757
f 2758//2758 2886//2886 2757//2757
f 2887//2887 2886//2886 2758//2758
f 2759//2759 2887//2887 2758//2758
f 2760//2760 2888//2888 2759//2759
f 2902//2902 2901//2901 2773//2773
f 2917//2917 2916//2916 2788//2788
f 2903//2903 2902//2902 2774//2774
f 2918//2918 2917//2917 2789//2789
f 2790//2790 2918//2918 2789//2789
f 2919//2919 2918//2918 2790//2790
f 2791//2791 2919//2919 2790//2790
f 2920//2920 2919//2919 2791//2791
f 2792//2792 2920//2920 2791//2791
f 2921//2921 2920//2920 2792//2792
f 2793//2793 2921//2921 2792//2792
f 2922//2922 2921//2921 2793//2793
f 2794//2794 2922//2922 2793//2793
f 2923//2923 2922//2922 2794//2794
f 2789//2789 2917//2917 2788//2788
f 2795//2795 2923//2923 2794//2794
f 2796//2796 2924//2924 2795//2795
f 2925//2925 2924//2924 2796//2796
f 2797//2797 2925//2925 2796//2796
f 2926//2926 2925//2925 2797//2797
f 2798//2798 2926//2926 2797//2797
f 2927//2927 2926//2926 2798//2798
f 2799//2799 2927//2927 2798//2798
f 2928//2928 2927//2927 2799//2799
f 2800//2800 2928//2928 2799//2799
f 2875//2875 2874//2874 2746//2746
f 2929//2929 2928//2928 2800//2800
f 2924//2924 2923//2923 2795//2795
f 2774//2774 2902//2902 2773//2773
f 2788//2788 2916//2916 2787//2787
f 2787//2787 2915//2915 2786//2786
f 2775//2775 2903//2903 2774//2774
f 2904//2904 2903//2903 2775//2775
f 2776//2776 2904//2904 2775//2775
f 2905//2905 2904//2904 2776//2776
f 2777//2777 2905//2905 2776//2776
f 2906//2906 2905//2905 2777//2777
f 2778//2778 2906//2906 2777//2777
f 2907//2907 2906//2906 2778//2778
f 2779//2779 2907//2907 2778//2778
f 2908//2908 2907//2907 2779//2779
f 2780//2780 2908//2908 2779//2779
f 2916//2916 2915//2915 2787//2787
f 2909//2909 2908//2908 2780//2780
f 2910//2910 2909//2909 2781//2781
f 2782//2782 2910//2910 2781//2781
f 2911//2911 2910//2910 2782//2782
f 2783//2783 2911//2911 2782//2782
f 2912//2912 2911//2911 2783//2783
f 2784//2784 2912//2912 2783//2783
f 2913//2913 2912//2912 2784//2784
f 2785//2785 2913//2913 2784//2784
f 2914//2914 2913//2913 2785//2785
f 2786//2786 2914//2914 2785//2785
f 2915//2915 2914//2914 2786//2786
f 2781//2781 2909//2909 2780//2780
f 2746//2746 2874//2874 2745//2745
f 2714//2714 2842//2842 2713//2713
f 2745//2745 2873//2873 2744//2744
f 2833//2833 2832//2832 2704//2704
f 2705//2705 2833//2833 2704//2704
f 2834//2834 2833//2833 2705//2705
f 2706//2706 2834//2834 2705//2705
f 2835//2835 2834//2834 2706//2706
f 2707//2707 2835//2835 2706//2706
f 2836//2836 2835//2835 2707//2707
f 2708//2708 2836//2836 2707//2707
f 2837//2837 2836//2836 2708//2708
f 2709//2709 2837//2837 2708//2708
f 2838//2838 2837//2837 2709//2709
f 2704//2704 2832//2832 2703//2703
f 2710//2710 2838//2838 2709//2709
f 2711//2711 2839//2839 2710//2710
f 2840//2840 2839//2839 2711//2711
f 2712//2712 2840//2840 2711//2711
f 2841//2841 2840//2840 2712//2712
f 2713//2713 2841//2841 2712//2712
f 2842//2842 2841//2841 2713//2713
f 2843//2843 2842//2842 2714//2714
f 2715//2715 2843//2843 2714//2714
f 2844//2844 2843//2843 2715//2715
f 2716//2716 2844//2844 2715//2715
f 2845//2845 2844//2844 2716//2716
f 2839//2839 2838//2838 2710//2710
f 2717//2717 2845//2845 2716//2716
f 2832//2832 2831//2831 2703//2703
f 2831//2831 2830//2830 2702//2702
f 2801//2801 2929//2929 2800//2800
f 2691//2691 2819//2819 2690//2690
f 2820//2820 2819//2819 2691//2691
f 2692//2692 2820//2820 2691//2691
f 2821//2821 2820//2820 2692//2692
f 2693//2693 2821//2821 2692//2692
f 2822//2822 2821//2821 2693//2693
f 2694//2694 2822//2822 2693//2693
f 2823//2823 2822//2822 2694//2694
f 2695//2695 2823//2823 2694//2694
f 2824//2824 2823//2823 2695//2695
f 2703//2703 2831//2831 2702//2702
f 2696//2696 2824//2824 2695//2695
f 2697//2697 2825//2825 2696//2696
f 2826//2826 2825//2825 2697//2697
f 2698//2698 2826//2826 2697//2697
f 2827//2827 2826//2826 2698//2698
f 2699//2699 2827//2827 2698//2698
f 2828//2828 2827//2827 2699//2699
f 2700//2700 2828//2828 2699//2699
f 2829//2829 2828//2828 2700//2700
f 2701//2701 2829//2829 2700//2700
f 2830//2830 2829//2829 2701//2701
f 2702//2702 2830//2830 2701//2701
f 2825//2825 2824//2824 2696//2696
f 2874//2874 2873//2873 2745//2745
f 2846//2846 2845//2845 2717//2717
f 2847//2847 2846//2846 2718//2718
f 2733//2733 2861//2861 2732//2732
f 2862//2862 2861//2861 2733//2733
f 2734//2734 2862//2862 2733//2733
f 2863//2863 2862//2862 2734//2734
f 2735//2735 2863//2863 2734//2734
f 2864//2864 2863//2863 2735//2735
f 2736//2736 2864//2864 2735//2735
f 2865//2865 2864//2864 2736//2736
f 2737//2737 2865//2865 2736//2736
f 2866//2866 2865//2865 2737//2737
f 2738//2738 2866//2866 2737//2737
f 2861//2861 2860//2860 2732//2732
f 2867//2867 2866//2866 2738//2738
f 2868//2868 2867//2867 2739//2739
f 2740//2740 2868//2868 2739//2739
f 2869//2869 2868//2868 2740//2740
f 2741//2741 2869//2869 2740//2740
f 2870//2870 2869//2869 2741//2741
f 2742//2742 2870//2870 2741//2741
f 2871//2871 2870//2870 2742//2742
f 2743//2743 2871//2871 2742//2742
f 2872//2872 2871//2871 2743//2743
f 2744//2744 2872//2872 2743//2743
f 2873//2873 2872//2872 2744//2744
f 2739//2739 2867//2867 2738//2738
f 2718//2718 2846//2846 2717//2717
f 2732//2732 2860//2860 2731//2731
f 2731//2731 2859//2859 2730//2730
f 2719//2719 2847//2847 2718//2718
f 2848//2848 2847//2847 2719//2719
f 2720//2720 2848//2848 2719//2719
f 2849//2849 2848//2848 2720//2720
f 2721//2721 2849//2849 2720//2720
f 2722//2722 2849//2849 2721//2721
f 2594//2594 2722//2722 2721//2721
f 2851//2851 2850//2850 2722//2722
f 2723//2723 2851//2851 2722//2722
f 2852//2852 2851//2851 2723//2723
f 2724//2724 2852//2852 2723//2723
f 2860//2860 2859//2859 2731//2731
f 2853//2853 2852//2852 2724//2724
f 2854//2854 2853//2853 2725//2725
f 2726//2726 2854//2854 2725//2725
f 2855//2855 2854//2854 2726//2726
f 2727//2727 2855//2855 2726//2726
f 2856//2856 2855//2855 2727//2727
f 2728//2728 2856//2856 2727//2727
f 2857//2857 2856//2856 2728//2728
f 2729//2729 2857//2857 2728//2728
f 2858//2858 2857//2857 2729//2729
f 2730//2730 2858//2858 2729//2729
f 2859//2859 2858//2858 2730//2730
f 2725//2725 2853//2853 2724//2724
f 2930//2930 2929//2929 2801//2801
f 2945//2945 2978//2978 2944//2944
f 2931//2931 2930//2930 2802//2802
f 2897//2897 2978//2978 2896//2896
f 2898//2898 2978//2978 2897//2897
f 2899//2899 2978//2978 2898//2898
f 2900//2900 2978//2978 2899//2899
f 2901//2901 2978//2978 2900//2900
f 2902//2902 2978//2978 2901//2901
f 2903//2903 2978//2978 2902//2902
f 2904//2904 2978//2978 2903//2903
f 2905//2905 2978//2978 2904//2904
f 2906//2906 2978//2978 2905//2905
f 2907//2907 2978//2978 2906//2906
f 2896//2896 2978//2978 2895//2895
f 2908//2908 2978//2978 2907//2907
f 2910//2910 2978//2978 2909//2909
f 2911//2911 2978//2978 2910//2910
f 2912//2912 2978//2978 2911//2911
f 2913//2913 2978//2978 2912//2912
f 2914//2914 2978//2978 2913//2913
f 2915//2915 2978//2978 2914//2914
f 2916//2916 2978//2978 2915//2915
f 2917//2917 2978//2978 2916//2916
f 2918//2918 2978//2978 2917//2917
f 2919//2919 2978//2978 2918//2918
f 2920//2920 2978//2978 2919//2919
f 2909//2909 2978//2978 2908//2908
f 2921//2921 2978//2978 2920//2920
f 2895//2895 2978//2978 2894//2894
f 2893//2893 2978//2978 2892//2892
f 2869//2869 2978//2978 2868//2868
f 2870//2870 2978//2978 2869//2869
f 2871//2871 2978//2978 2870//2870
f 2872//2872 2978//2978 2871//2871
f 2873//2873 2978//2978 2872//2872
f 2874//2874 2978//2978 2873//2873
f 2875//2875 2978//2978 2874//2874
f 2876//2876 2978//2978 2875//2875
f 2877//2877 2978//2978 2876//2876
f 2878//2878 2978//2978 2877//2877
f 2879//2879 2978//2978 2878//2878
f 2894//2894 2978//2978 2893//2893
f 2880//2880 2978//2978 2879//2879
f 2882//2882 2978//2978 2881//2881
f 2883//2883 2978//2978 2882//2882
f 2884//2884 2978//2978 2883//2883
f 2885//2885 2978//2978 2884//2884
f 2886//2886 2978//2978 2885//2885
f 2887//2887 2978//2978 2886//2886
f 2888//2888 2978//2978 2887//2887
f 2889//2889 2978//2978 2888//2888
f 2890//2890 2978//2978 2889//2889
f 2891//2891 2978//2978 2890//2890
f 2892//2892 2978//2978 2891//2891
f 2881//2881 2978//2978 2880//2880
f 2868//2868 2978//2978 2867//2867
f 2922//2922 2978//2978 2921//2921
f 2924//2924 2978//2978 2923//2923
f 2953//2953 2978//2978 2952//2952
f 2954//2954 2978//2978 2953//2953
f 2955//2955 2978//2978 2954//2954
f 2956//2956 2978//2978 2955//2955
f 2957//2957 2978//2978 2956//2956
f 2958//2958 2978//2978 2957//2957
f 2959//2959 2978//2978 2958//2958
f 2960//2960 2978//2978 2959//2959
f 2961//2961 2978//2978 2960//2960
f 2962//2962 2978//2978 2961//2961
f 2963//2963 2978//2978 2962//2962
f 2952//2952 2978//2978 2951//2951
f 2964//2964 2978//2978 2963//2963
f 2966//2966 2978//2978 2965//2965
f 2967//2967 2978//2978 2966//2966
f 2968//2968 2978//2978 2967//2967
f 2969//2969 2978//2978 2968//2968
f 2970//2970 2978//2978 2969//2969
f 2971//2971 2978//2978 2970//2970
f 2972//2972 2978//2978 2971//2971
f 2973//2973 2978//2978 2972//2972
f 2974//2974 2978//2978 2973//2973
f 2975//2975 2978//2978 2974//2974
f 2976//2976 2978//2978 2975//2975
f 2965//2965 2978//2978 2964//2964
f 2923//2923 2978//2978 2922//2922
f 2951//2951 2978//2978 2950//2950
f 2949//2949 2978//2978 2948//2948
f 2925//2925 2978//2978 2924//2924
f 2926//2926 2978//2978 2925//2925
f 2927//2927 2978//2978 2926//2926
f 2928//2928 2978//2978 2927//2927
f 2929//2929 2978//2978 2928//2928
f 2930//2930 2978//2978 2929//2929
f 2931//2931 2978//2978 2930//2930
f 2932//2932 2978//2978 2931//2931
f 2933//2933 2978//2978 2932//2932
f 2934//2934 2978//2978 2933//2933
f 2935//2935 2978//2978 2934//2934
f 2950//2950 2978//2978 2949//2949
f 2936//2936 2978//2978 2935//2935
f 2938//2938 2978//2978 2937//2937
f 2939//2939 2978//2978 2938//2938
f 2940//2940 2978//2978 2939//2939
f 2941//2941 2978//2978 2940//2940
f 2942//2942 2978//2978 2941//2941
f 2943//2943 2978//2978 2942//2942
f 2944//2944 2978//2978 2943//2943
f 2819//2819 2818//2818 2690//2690
f 2946//2946 2978//2978 2945//2945
f 2947//2947 2978//2978 2946//2946
f 2948//2948 2978//2978 2947//2947
f 2937//2937 2978//2978 2936//2936
f 2867//2867 2978//2978 2866//2866
f 2866//2866 2978//2978 2865//2865
f 2865//2865 2978//2978 2864//2864
f 2817//2817 2945//2945 2816//2816
f 2946//2946 2945//2945 2817//2817
f 2818//2818 2946//2946 2817//2817
f 2947//2947 2946//2946 2818//2818
f 2819//2819 2947//2947 2818//2818
f 2948//2948 2947//2947 2819//2819
f 2820//2820 2948//2948 2819//2819
f 2949//2949 2948//2948 2820//2820
f 2821//2821 2949//2949 2820//2820
f 2950//2950 2949//2949 2821//2821
f 2822//2822 2950//2950 2821//2821
f 2945//2945 2944//2944 2816//2816
f 2951//2951 2950//2950 2822//2822
f 2952//2952 2951//2951 2823//2823
f 2824//2824 2952//2952 2823//2823
f 2953//2953 2952//2952 2824//2824
f 2825//2825 2953//2953 2824//2824
f 2954//2954 2953//2953 2825//2825
f 2826//2826 2954//2954 2825//2825
f 2955//2955 2954//2954 2826//2826
f 2827//2827 2955//2955 2826//2826
f 2956//2956 2955//2955 2827//2827
f 2828//2828 2956//2956 2827//2827
f 2957//2957 2956//2956 2828//2828
f 2823//2823 2951//2951 2822//2822
f 2829//2829 2957//2957 2828//2828
f 2816//2816 2944//2944 2815//2815
f 2815//2815 2943//2943 2814//2814
f 2803//2803 2931//2931 2802//2802
f 2932//2932 2931//2931 2803//2803
f 2804//2804 2932//2932 2803//2803
f 2933//2933 2932//2932 2804//2804
f 2805//2805 2933//2933 2804//2804
f 2934//2934 2933//2933 2805//2805
f 2806//2806 2934//2934 2805//2805
f 2935//2935 2934//2934 2806//2806
f 2807//2807 2935//2935 2806//2806
f 2936//2936 2935//2935 2807//2807
f 2808//2808 2936//2936 2807//2807
f 2944//2944 2943//2943 2815//2815
f 2937//2937 2936//2936 2808//2808
f 2938//2938 2937//2937 2809//2809
f 2810//2810 2938//2938 2809//2809
f 2939//2939 2938//2938 2810//2810
f 2811//2811 2939//2939 2810//2810
f 2940//2940 2939//2939 2811//2811
f 2812//2812 2940//2940 2811//2811
f 2941//2941 2940//2940 2812//2812
f 2813//2813 2941//2941 2812//2812
f 2942//2942 2941//2941 2813//2813
f 2814//2814 2942//2942 2813//2813
f 2943//2943 2942//2942 2814//2814
f 2809//2809 2937//2937 2808//2808
f 2958//2958 2957//2957 2829//2829
f 2830//2830 2958//2958 2829//2829
f 2959//2959 2958//2958 2830//2830
f 2974//2974 2973//2973 2845//2845
f 2846//2846 2974//2974 2845//2845
f 2975//2975 2974//2974 2846//2846
f 2847//2847 2975//2975 2846//2846
f 2976//2976 2975//2975 2847//2847
f 2848//2848 2976//2976 2847//2847
f 2977//2977 2976//2976 2848//2848
f 2849//2849 2977//2977 2848//2848
f 2850//2850 2977//2977 2849//2849
f 2722//2722 2850//2850 2849//2849
f 2851//2851 2978//2978 2850//2850
f 2845//2845 2973//2973 2844//2844
f 2852//2852 2978//2978 2851//2851
f 2854//2854 2978//2978 2853//2853
f 2855//2855 2978//2978 2854//2854
f 2856//2856 2978//2978 2855//2855
f 2857//2857 2978//2978 2856//2856
f 2858//2858 2978//2978 2857//2857
f 2859//2859 2978//2978 2858//2858
f 2860//2860 2978//2978 2859//2859
f 2861//2861 2978//2978 2860//2860
f 2862//2862 2978//2978 2861//2861
f 2863//2863 2978//2978 2862//2862
f 2864//2864 2978//2978 2863//2863
f 2853//2853 2978//2978 2852//2852
f 2973//2973 2972//2972 2844//2844
f 2844//2844 2972//2972 2843//2843
f 2972//2972 2971//2971 2843//2843
f 2831//2831 2959//2959 2830//2830
f 2960//2960 2959//2959 2831//2831
f 2832//2832 2960//2960 2831//2831
f 2961//2961 2960//2960 2832//2832
f 2833//2833 2961//2961 2832//2832
f 2962//2962 2961//2961 2833//2833
f 2834//2834 2962//2962 2833//2833
f 2963//2963 2962//2962 2834//2834
f 2835//2835 2963//2963 2834//2834
f 2964//2964 2963//2963 2835//2835
f 2836//2836 2964//2964 2835//2835
f 2965//2965 2964//2964 2836//2836
f 2837//2837 2965//2965 2836//2836
f 2966//2966 2965//2965 2837//2837
f 2838//2838 2966//2966 2837//2837
f 2967//2967 2966//2966 2838//2838
f 2839//2839 2967//2967 2838//2838
f 2968//2968 2967//2967 2839//2839
f 2840//2840 2968//2968 2839//2839
f 2969//2969 2968//2968 2840//2840
f 2841//2841 2969//2969 2840//2840
f 2970//2970 2969//2969 2841//2841
f 2842//2842 2970//2970 2841//2841
f 2971//2971 2970//2970 2842//2842
f 2843//2843 2971//2971 2842//2842
f 2802//2802 2930//2930 2801//2801
f 2690//2690 2818//2818 2689//2689
f 2466//2466 2594//2594 2593//2593
f 2689//2689 2817//2817 2688//2688
f 2665//2665 2664//2664 2536//2536
f 2537//2537 2665//2665 2536//2536
f 2666//2666 2665//2665 2537//2537
f 2538//2538 2666//2666 2537//2537
f 2667//2667 2666//2666 2538//2538
f 2539//2539 2667//2667 2538//2538
f 2668//2668 2667//2667 2539//2539
f 2540//2540 2668//2668 2539//2539
f 2669//2669 2668//2668 2540//2540
f 2541//2541 2669//2669 2540//2540
f 2670//2670 2669//2669 2541//2541
f 2536//2536 2664//2664 2535//2535
f 2542//2542 2670//2670 2541//2541
f 2543//2543 2671//2671 2542//2542
f 2672//2672 2671//2671 2543//2543
f 2544//2544 2672//2672 2543//2543
f 2673//2673 2672//2672 2544//2544
f 2545//2545 2673//2673 2544//2544
f 2674//2674 2673//2673 2545//2545
f 2546//2546 2674//2674 2545//2545
f 2675//2675 2674//2674 2546//2546
f 2547//2547 2675//2675 2546//2546
f 2676//2676 2675//2675 2547//2547
f 2548//2548 2676//2676 2547//2547
f 2671//2671 2670//2670 2542//2542
f 2677//2677 2676//2676 2548//2548
f 2664//2664 2663//2663 2535//2535
f 2663//2663 2662//2662 2534//2534
f 2651//2651 2650//2650 2522//2522
f 2523//2523 2651//2651 2522//2522
f 2652//2652 2651//2651 2523//2523
f 2524//2524 2652//2652 2523//2523
f 2653//2653 2652//2652 2524//2524
f 2525//2525 2653//2653 2524//2524
f 2654//2654 2653//2653 2525//2525
f 2526//2526 2654//2654 2525//2525
f 2655//2655 2654//2654 2526//2526
f 2527//2527 2655//2655 2526//2526
f 2656//2656 2655//2655 2527//2527
f 2535//2535 2663//2663 2534//2534
f 2528//2528 2656//2656 2527//2527
f 2529//2529 2657//2657 2528//2528
f 2658//2658 2657//2657 2529//2529
f 2530//2530 2658//2658 2529//2529
f 2659//2659 2658//2658 2530//2530
f 2531//2531 2659//2659 2530//2530
f 2660//2660 2659//2659 2531//2531
f 2532//2532 2660//2660 2531//2531
f 2661//2661 2660//2660 2532//2532
f 2533//2533 2661//2661 2532//2532
f 2662//2662 2661//2661 2533//2533
f 2534//2534 2662//2662 2533//2533
f 2657//2657 2656//2656 2528//2528
f 2522//2522 2650//2650 2521//2521
f 2549//2549 2677//2677 2548//2548
f 2550//2550 2678//2678 2549//2549
f 2693//2693 2692//2692 2564//2564
f 2565//2565 2693//2693 2564//2564
f 2694//2694 2693//2693 2565//2565
f 2566//2566 2694//2694 2565//2565
f 2695//2695 2694//2694 2566//2566
f 2567//2567 2695//2695 2566//2566
f 2696//2696 2695//2695 2567//2567
f 2568//2568 2696//2696 2567//2567
f 2697//2697 2696//2696 2568//2568
f 2569//2569 2697//2697 2568//2568
f 2698//2698 2697//2697 2569//2569
f 2564//2564 2692//2692 2563//2563
f 2570//2570 2698//2698 2569//2569
f 2571//2571 2699//2699 2570//2570
f 2700//2700 2699//2699 2571//2571
f 2572//2572 2700//2700 2571//2571
f 2701//2701 2700//2700 2572//2572
f 2573//2573 2701//2701 2572//2572
f 2702//2702 2701//2701 2573//2573
f 2574//2574 2702//2702 2573//2573
f 2703//2703 2702//2702 2574//2574
f 2575//2575 2703//2703 2574//2574
f 2704//2704 2703//2703 2575//2575
f 2576//2576 2704//2704 2575//2575
f 2699//2699 2698//2698 2570//2570
f 2678//2678 2677//2677 2549//2549
f 2692//2692 2691//2691 2563//2563
f 2691//2691 2690//2690 2562//2562
f 2679//2679 2678//2678 2550//2550
f 2551//2551 2679//2679 2550//2550
f 2680//2680 2679//2679 2551//2551
f 2552//2552 2680//2680 2551//2551
f 2681//2681 2680//2680 2552//2552
f 2553//2553 2681//2681 2552//2552
f 2682//2682 2681//2681 2553//2553
f 2554//2554 2682//2682 2553//2553
f 2683//2683 2682//2682 2554//2554
f 2555//2555 2683//2683 2554//2554
f 2684//2684 2683//2683 2555//2555
f 2563//2563 2691//2691 2562//2562
f 2556//2556 2684//2684 2555//2555
f 2557//2557 2685//2685 2556//2556
f 2686//2686 2685//2685 2557//2557
f 2558//2558 2686//2686 2557//2557
f 2687//2687 2686//2686 2558//2558
f 2559//2559 2687//2687 2558//2558
f 2688//2688 2687//2687 2559//2559
f 2560//2560 2688//2688 2559//2559
f 2689//2689 2688//2688 2560//2560
f 2561//2561 2689//2689 2560//2560
f 2690//2690 2689//2689 2561//2561
f 2562//2562 2690//2690 2561//2561
f 2685//2685 2684//2684 2556//2556
f 2705//2705 2704//2704 2576//2576
f 2650//2650 2649//2649 2521//2521
f 2649//2649 2648//2648 2520//2520
f 2609//2609 2608//2608 2480//2480
f 2481//2481 2609//2609 2480//2480
f 2610//2610 2609//2609 2481//2481
f 2482//2482 2610//2610 2481//2481
f 2611//2611 2610//2610 2482//2482
f 2483//2483 2611//2611 2482//2482
f 2612//2612 2611//2611 2483//2483
f 2484//2484 2612//2612 2483//2483
f 2613//2613 2612//2612 2484//2484
f 2485//2485 2613//2613 2484//2484
f 2614//2614 2613//2613 2485//2485
f 2480//2480 2608//2608 2479//2479
f 2486//2486 2614//2614 2485//2485
f 2487//2487 2615//2615 2486//2486
f 2616//2616 2615//2615 2487//2487
f 2488//2488 2616//2616 2487//2487
f 2617//2617 2616//2616 2488//2488
f 2489//2489 2617//2617 2488//2488
f 2618//2618 2617//2617 2489//2489
f 2490//2490 2618//2618 2489//2489
f 2619//2619 2618//2618 2490//2490
f 2491//2491 2619//2619 2490//2490
f 2620//2620 2619//2619 2491//2491
f 2492//2492 2620//2620 2491//2491
f 2615//2615 2614//2614 2486//2486
f 2621//2621 2620//2620 2492//2492
f 2608//2608 2607//2607 2479//2479
f 2607//2607 2606//2606 2478//2478
f 2595//2595 2594//2594 2466//2466
f 2467//2467 2595//2595 2466//2466
f 2596//2596 2595//2595 2467//2467
f 2468//2468 2596//2596 2467//2467
f 2597//2597 2596//2596 2468//2468
f 2469//2469 2597//2597 2468//2468
f 2598//2598 2597//2597 2469//2469
f 2470//2470 2598//2598 2469//2469
f 2599//2599 2598//2598 2470//2470
f 2471//2471 2599//2599 2470//2470
f 2600//2600 2599//2599 2471//2471
f 2479//2479 2607//2607 2478//2478
f 2472//2472 2600//2600 2471//2471
f 2473//2473 2601//2601 2472//2472
f 2602//2602 2601//2601 2473//2473
f 2474//2474 2602//2602 2473//2473
f 2603//2603 2602//2602 2474//2474
f 2475//2475 2603//2603 2474//2474
f 2604//2604 2603//2603 2475//2475
f 2476//2476 2604//2604 2475//2475
f 2605//2605 2604//2604 2476//2476
f 2477//2477 2605//2605 2476//2476
f 2606//2606 2605//2605 2477//2477
f 2478//2478 2606//2606 2477//2477
f 2601//2601 2600//2600 2472//2472
f 2521//2521 2649//2649 2520//2520
f 2493//2493 2621//2621 2492//2492
f 2494//2494 2622//2622 2493//2493
f 2637//2637 2636//2636 2508//2508
f 2509//2509 2637//2637 2508//2508
f 2638//2638 2637//2637 2509//2509
f 2510//2510 2638//2638 2509//2509
f 2639//2639 2638//2638 2510//2510
f 2511//2511 2639//2639 2510//2510
f 2640//2640 2639//2639 2511//2511
f 2512//2512 2640//2640 2511//2511
f 2641//2641 2640//2640 2512//2512
f 2513//2513 2641//2641 2512//2512
f 2642//2642 2641//2641 2513//2513
f 2508//2508 2636//2636 2507//2507
f 2514//2514 2642//2642 2513//2513
f 2515//2515 2643//2643 2514//2514
f 2644//2644 2643//2643 2515//2515
f 2516//2516 2644//2644 2515//2515
f 2645//2645 2644//2644 2516//2516
f 2517//2517 2645//2645 2516//2516
f 2646//2646 2645//2645 2517//2517
f 2518//2518 2646//2646 2517//2517
f 2647//2647 2646//2646 2518//2518
f 2519//2519 2647//2647 2518//2518
f 2648//2648 2647//2647 2519//2519
f 2520//2520 2648//2648 2519//2519
f 2643//2643 2642//2642 2514//2514
f 2622//2622 2621//2621 2493//2493
f 2636//2636 2635//2635 2507//2507
f 2635//2635 2634//2634 2506//2506
f 2623//2623 2622//2622 2494//2494
f 2495//2495 2623//2623 2494//2494
f 2624//2624 2623//2623 2495//2495
f 2496//2496 2624//2624 2495//2495
f 2625//2625 2624//2624 2496//2496
f 2497//2497 2625//2625 2496//2496
f 2626//2626 2625//2625 2497//2497
f 2498//2498 2626//2626 2497//2497
f 2627//2627 2626//2626 2498//2498
f 2499//2499 2627//2627 2498//2498
f 2628//2628 2627//2627 2499//2499
f 2507//2507 2635//2635 2506//2506
f 2500//2500 2628//2628 2499//2499
f 2501//2501 2629//2629 2500//2500
f 2630//2630 2629//2629 2501//2501
f 2502//2502 2630//2630 2501//2501
f 2631//2631 2630//2630 2502//2502
f 2503//2503 2631//2631 2502//2502
f 2632//2632 2631//2631 2503//2503
f 2504//2504 2632//2632 2503//2503
f 2633//2633 2632//2632 2504//2504
f 2505//2505 2633//2633 2504//2504
f 2634//2634 2633//2633 2505//2505
f 2506//2506 2634//2634 2505//2505
f 2629//2629 2628//2628 2500//2500
f 2577//2577 2705//2705 2576//2576
f 2706//2706 2705//2705 2577//2577
f 2578//2578 2706//2706 2577//2577
f 2649//2649 2777//2777 2648//2648
f 2778//2778 2777//2777 2649//2649
f 2650//2650 2778//2778 2649//2649
f 2779//2779 2778//2778 2650//2650
f 2651//2651 2779//2779 2650//2650
f 2780//2780 2779//2779 2651//2651
f 2652//2652 2780//2780 2651//2651
f 2781//2781 2780//2780 2652//2652
f 2653//2653 2781//2781 2652//2652
f 2782//2782 2781//2781 2653//2653
f 2654//2654 2782//2782 2653//2653
f 2777//2777 2776//2776 2648//2648
f 2783//2783 2782//2782 2654//2654
f 2784//2784 2783//2783 2655//2655
f 2656//2656 2784//2784 2655//2655
f 2785//2785 2784//2784 2656//2656
f 2657//2657 2785//2785 2656//2656
f 2786//2786 2785//2785 2657//2657
f 2658//2658 2786//2786 2657//2657
f 2787//2787 2786//2786 2658//2658
f 2659//2659 2787//2787 2658//2658
f 2788//2788 2787//2787 2659//2659
f 2660//2660 2788//2788 2659//2659
f 2789//2789 2788//2788 2660//2660
f 2655//2655 2783//2783 2654//2654
f 2661//2661 2789//2789 2660//2660
f 2648//2648 2776//2776 2647//2647
f 2647//2647 2775//2775 2646//2646
f 2635//2635 2763//2763 2634//2634
f 2764//2764 2763//2763 2635//2635
f 2636//2636 2764//2764 2635//2635
f 2765//2765 2764//2764 2636//2636
f 2637//2637 2765//2765 2636//2636
f 2766//2766 2765//2765 2637//2637
f 2638//2638 2766//2766 2637//2637
f 2767//2767 2766//2766 2638//2638
f 2639//2639 2767//2767 2638//2638
f 2768//2768 2767//2767 2639//2639
f 2640//2640 2768//2768 2639//2639
f 2776//2776 2775//2775 2647//2647
f 2769//2769 2768//2768 2640//2640
f 2770//2770 2769//2769 2641//2641
f 2642//2642 2770//2770 2641//2641
f 2771//2771 2770//2770 2642//2642
f 2643//2643 2771//2771 2642//2642
f 2772//2772 2771//2771 2643//2643
f 2644//2644 2772//2772 2643//2643
f 2773//2773 2772//2772 2644//2644
f 2645//2645 2773//2773 2644//2644
f 2774//2774 2773//2773 2645//2645
f 2646//2646 2774//2774 2645//2645
f 2775//2775 2774//2774 2646//2646
f 2641//2641 2769//2769 2640//2640
f 2763//2763 2762//2762 2634//2634
f 2790//2790 2789//2789 2661//2661
f 2791//2791 2790//2790 2662//2662
f 2677//2677 2805//2805 2676//2676
f 2806//2806 2805//2805 2677//2677
f 2678//2678 2806//2806 2677//2677
f 2807//2807 2806//2806 2678//2678
f 2679//2679 2807//2807 2678//2678
f 2808//2808 2807//2807 2679//2679
f 2680//2680 2808//2808 2679//2679
f 2809//2809 2808//2808 2680//2680
f 2681//2681 2809//2809 2680//2680
f 2810//2810 2809//2809 2681//2681
f 2682//2682 2810//2810 2681//2681
f 2805//2805 2804//2804 2676//2676
f 2811//2811 2810//2810 2682//2682
f 2812//2812 2811//2811 2683//2683
f 2684//2684 2812//2812 2683//2683
f 2813//2813 2812//2812 2684//2684
f 2685//2685 2813//2813 2684//2684
f 2814//2814 2813//2813 2685//2685
f 2686//2686 2814//2814 2685//2685
f 2815//2815 2814//2814 2686//2686
f 2687//2687 2815//2815 2686//2686
f 2816//2816 2815//2815 2687//2687
f 2688//2688 2816//2816 2687//2687
f 2817//2817 2816//2816 2688//2688
f 2683//2683 2811//2811 2682//2682
f 2662//2662 2790//2790 2661//2661
f 2676//2676 2804//2804 2675//2675
f 2675//2675 2803//2803 2674//2674
f 2663//2663 2791//2791 2662//2662
f 2792//2792 2791//2791 2663//2663
f 2664//2664 2792//2792 2663//2663
f 2793//2793 2792//2792 2664//2664
f 2665//2665 2793//2793 2664//2664
f 2794//2794 2793//2793 2665//2665
f 2666//2666 2794//2794 2665//2665
f 2795//2795 2794//2794 2666//2666
f 2667//2667 2795//2795 2666//2666
f 2796//2796 2795//2795 2667//2667
f 2668//2668 2796//2796 2667//2667
f 2804//2804 2803//2803 2675//2675
f 2797//2797 2796//2796 2668//2668
f 2798//2798 2797//2797 2669//2669
f 2670//2670 2798//2798 2669//2669
f 2799//2799 2798//2798 2670//2670
f 2671//2671 2799//2799 2670//2670
f 2800//2800 2799//2799 2671//2671
f 2672//2672 2800//2800 2671//2671
f 2801//2801 2800//2800 2672//2672
f 2673//2673 2801//2801 2672//2672
f 2802//2802 2801//2801 2673//2673
f 2674//2674 2802//2802 2673//2673
f 2803//2803 2802//2802 2674//2674
f 2669//2669 2797//2797 2668//2668
f 2634//2634 2762//2762 2633//2633
f 2762//2762 2761//2761 2633//2633
f 2633//2633 2761//2761 2632//2632
f 2721//2721 2720//2720 2592//2592
f 2593//2593 2721//2721 2592//2592
f 2594//2594 2721//2721 2593//2593
f 2977//2977 2978//2978 2976//2976
f 2723//2723 2722//2722 2594//2594
f 2595//2595 2723//2723 2594//2594
f 2724//2724 2723//2723 2595//2595
f 2596//2596 2724//2724 2595//2595
f 2725//2725 2724//2724 2596//2596
f 2597//2597 2725//2725 2596//2596
f 2726//2726 2725//2725 2597//2597
f 2592//2592 2720//2720 2591//2591
f 2598//2598 2726//2726 2597//2597
f 2599//2599 2727//2727 2598//2598
f 2728//2728 2727//2727 2599//2599
f 2600//2600 2728//2728 2599//2599
f 2729//2729 2728//2728 2600//2600
f 2601//2601 2729//2729 2600//2600
f 2730//2730 2729//2729 2601//2601
f 2602//2602 2730//2730 2601//2601
f 2731//2731 2730//2730 2602//2602
f 2603//2603 2731//2731 2602//2602
f 2732//2732 2731//2731 2603//2603
f 2604//2604 2732//2732 2603//2603
f 2727//2727 2726//2726 2598//2598
f 2733//2733 2732//2732 2604//2604
f 2720//2720 2719//2719 2591//2591
f 2719//2719 2718//2718 2590//2590
f 2707//2707 2706//2706 2578//2578
f 2579//2579 2707//2707 2578//2578
f 2708//2708 2707//2707 2579//2579
f 2580//2580 2708//2708 2579//2579
f 2709//2709 2708//2708 2580//2580
f 2581//2581 2709//2709 2580//2580
f 2710//2710 2709//2709 2581//2581
f 2582//2582 2710//2710 2581//2581
f 2711//2711 2710//2710 2582//2582
f 2583//2583 2711//2711 2582//2582
f 2712//2712 2711//2711 2583//2583
f 2591//2591 2719//2719 2590//2590
f 2584//2584 2712//2712 2583//2583
f 2585//2585 2713//2713 2584//2584
f 2714//2714 2713//2713 2585//2585
f 2586//2586 2714//2714 2585//2585
f 2715//2715 2714//2714 2586//2586
f 2587//2587 2715//2715 2586//2586
f 2716//2716 2715//2715 2587//2587
f 2588//2588 2716//2716 2587//2587
f 2717//2717 2716//2716 2588//2588
f 2589//2589 2717//2717 2588//2588
f 2718//2718 2717//2717 2589//2589
f 2590//2590 2718//2718 2589//2589
f 2713//2713 2712//2712 2584//2584
f 2605//2605 2733//2733 2604//2604
f 2734//2734 2733//2733 2605//2605
f 2606//2606 2734//2734 2605//2605
f 2621//2621 2749//2749 2620//2620
f 2750//2750 2749//2749 2621//2621
f 2622//2622 2750//2750 2621//2621
f 2751//2751 2750//2750 2622//2622
f 2623//2623 2751//2751 2622//2622
f 2752//2752 2751//2751 2623//2623
f 2624//2624 2752//2752 2623//2623
f 2753//2753 2752//2752 2624//2624
f 2625//2625 2753//2753 2624//2624
f 2754//2754 2753//2753 2625//2625
f 2626//2626 2754//2754 2625//2625
f 2749//2749 2748//2748 2620//2620
f 2755//2755 2754//2754 2626//2626
f 2756//2756 2755//2755 2627//2627
f 2628//2628 2756//2756 2627//2627
f 2757//2757 2756//2756 2628//2628
f 2629//2629 2757//2757 2628//2628
f 2758//2758 2757//2757 2629//2629
f 2630//2630 2758//2758 2629//2629
f 2759//2759 2758//2758 2630//2630
f 2631//2631 2759//2759 2630//2630
f 2760//2760 2759//2759 2631//2631
f 2632//2632 2760//2760 2631//2631
f 2761//2761 2760//2760 2632//2632
f 2627//2627 2755//2755 2626//2626
f 2620//2620 2748//2748 2619//2619
f 2748//2748 2747//2747 2619//2619
f 2619//2619 2747//2747 2618//2618
f 2735//2735 2734//2734 2606//2606
f 2607//2607 2735//2735 2606//2606
f 2736//2736 2735//2735 2607//2607
f 2608//2608 2736//2736 2607//2607
f 2737//2737 2736//2736 2608//2608
f 2609//2609 2737//2737 2608//2608
f 2738//2738 2737//2737 2609//2609
f 2610//2610 2738//2738 2609//2609
f 2739//2739 2738//2738 2610//2610
f 2611//2611 2739//2739 2610//2610
f 2740//2740 2739//2739 2611//2611
f 2612//2612 2740//2740 2611//2611
f 2741//2741 2740//2740 2612//2612
f 2613//2613 2741//2741 2612//2612
f 2742//2742 2741//2741 2613//2613
f 2614//2614 2742//2742 2613//2613
f 2743//2743 2742//2742 2614//2614
f 2615//2615 2743//2743 2614//2614
f 2744//2744 2743//2743 2615//2615
f 2616//2616 2744//2744 2615//2615
f 2745//2745 2744//2744 2616//2616
f 2617//2617 2745//2745 2616//2616
f 2746//2746 2745//2745 2617//2617
f 2618//2618 2746//2746 2617//2617
f 2747//2747 2746//2746 2618//2618
f 2818//2818 2817//2817 2689//2689
f 2850//2850 2978//2978 2977//2977
