# Independent procedural camera geometry; meters; Z up
o replaceable_lens_guard
v 0.0062900000 0.0082875000 0.0411000000
v 0.0062900000 0.0082775173 0.0415066484
v 0.0062900000 0.0082475934 0.0419123171
v 0.0062900000 0.0081978003 0.0423160288
v 0.0062900000 0.0081282580 0.0427168110
v 0.0062900000 0.0080391340 0.0431136982
v 0.0062900000 0.0079306430 0.0435057343
v 0.0062900000 0.0078030464 0.0438919747
v 0.0062900000 0.0076566516 0.0442714889
v 0.0062900000 0.0074918113 0.0446433628
v 0.0062900000 0.0073089225 0.0450067005
v 0.0062900000 0.0071084259 0.0453606265
v 0.0062900000 0.0068908044 0.0457042883
v 0.0062900000 0.0066565824 0.0460368580
v 0.0062900000 0.0064063241 0.0463575343
v 0.0062900000 0.0061406325 0.0466655448
v 0.0062900000 0.0058601474 0.0469601474
v 0.0062900000 0.0055655448 0.0472406325
v 0.0062900000 0.0052575343 0.0475063241
v 0.0062900000 0.0049368580 0.0477565824
v 0.0062900000 0.0046042883 0.0479908044
v 0.0062900000 0.0042606265 0.0482084259
v 0.0062900000 0.0039067005 0.0484089225
v 0.0062900000 0.0035433628 0.0485918113
v 0.0062900000 0.0031714889 0.0487566516
v 0.0062900000 0.0027919747 0.0489030464
v 0.0062900000 0.0024057343 0.0490306430
v 0.0062900000 0.0020136982 0.0491391340
v 0.0062900000 0.0016168110 0.0492282580
v 0.0062900000 0.0012160288 0.0492978003
v 0.0062900000 0.0008123171 0.0493475934
v 0.0062900000 0.0004066484 0.0493775173
v 0.0062900000 0.0000000000 0.0493875000
v 0.0062900000 -0.0004066484 0.0493775173
v 0.0062900000 -0.0008123171 0.0493475934
v 0.0062900000 -0.0012160288 0.0492978003
v 0.0062900000 -0.0016168110 0.0492282580
v 0.0062900000 -0.0020136982 0.0491391340
v 0.0062900000 -0.0024057343 0.0490306430
v 0.0062900000 -0.0027919747 0.0489030464
v 0.0062900000 -0.0031714889 0.0487566516
v 0.0062900000 -0.0035433628 0.0485918113
v 0.0062900000 -0.0039067005 0.0484089225
v 0.0062900000 -0.0042606265 0.0482084259
v 0.0062900000 -0.0046042883 0.0479908044
v 0.0062900000 -0.0049368580 0.0477565824
v 0.0062900000 -0.0052575343 0.0475063241
v 0.0062900000 -0.0055655448 0.0472406325
v 0.0062900000 -0.0058601474 0.0469601474
v 0.0062900000 -0.0061406325 0.0466655448
v 0.0062900000 -0.0064063241 0.0463575343
v 0.0062900000 -0.0066565824 0.0460368580
v 0.0062900000 -0.0068908044 0.0457042883
v 0.0062900000 -0.0071084259 0.0453606265
v 0.0062900000 -0.0073089225 0.0450067005
v 0.0062900000 -0.0074918113 0.0446433628
v 0.0062900000 -0.0076566516 0.0442714889
v 0.0062900000 -0.0078030464 0.0438919747
v 0.0062900000 -0.0079306430 0.0435057343
v 0.0062900000 -0.0080391340 0.0431136982
v 0.0062900000 -0.0081282580 0.0427168110
v 0.0062900000 -0.0081978003 0.0423160288
v 0.0062900000 -0.0082475934 0.0419123171
v 0.0062900000 -0.0082775173 0.0415066484
v 0.0062900000 -0.0082875000 0.0411000000
v 0.0062900000 -0.0082775173 0.0406933516
v 0.0062900000 -0.0082475934 0.0402876829
v 0.0062900000 -0.0081978003 0.0398839712
v 0.0062900000 -0.0081282580 0.0394831890
v 0.0062900000 -0.0080391340 0.0390863018
v 0.0062900000 -0.0079306430 0.0386942657
v 0.0062900000 -0.0078030464 0.0383080253
v 0.0062900000 -0.0076566516 0.0379285111
v 0.0062900000 -0.0074918113 0.0375566372
v 0.0062900000 -0.0073089225 0.0371932995
v 0.0062900000 -0.0071084259 0.0368393735
v 0.0062900000 -0.0068908044 0.0364957117
v 0.0062900000 -0.0066565824 0.0361631420
v 0.0062900000 -0.0064063241 0.0358424657
v 0.0062900000 -0.0061406325 0.0355344552
v 0.0062900000 -0.0058601474 0.0352398526
v 0.0062900000 -0.0055655448 0.0349593675
v 0.0062900000 -0.0052575343 0.0346936759
v 0.0062900000 -0.0049368580 0.0344434176
v 0.0062900000 -0.0046042883 0.0342091956
v 0.0062900000 -0.0042606265 0.0339915741
v 0.0062900000 -0.0039067005 0.0337910775
v 0.0062900000 -0.0035433628 0.0336081887
v 0.0062900000 -0.0031714889 0.0334433484
v 0.0062900000 -0.0027919747 0.0332969536
v 0.0062900000 -0.0024057343 0.0331693570
v 0.0062900000 -0.0020136982 0.0330608660
v 0.0062900000 -0.0016168110 0.0329717420
v 0.0062900000 -0.0012160288 0.0329021997
v 0.0062900000 -0.0008123171 0.0328524066
v 0.0062900000 -0.0004066484 0.0328224827
v 0.0062900000 -0.0000000000 0.0328125000
v 0.0062900000 0.0004066484 0.0328224827
v 0.0062900000 0.0008123171 0.0328524066
v 0.0062900000 0.0012160288 0.0329021997
v 0.0062900000 0.0016168110 0.0329717420
v 0.0062900000 0.0020136982 0.0330608660
v 0.0062900000 0.0024057343 0.0331693570
v 0.0062900000 0.0027919747 0.0332969536
v 0.0062900000 0.0031714889 0.0334433484
v 0.0062900000 0.0035433628 0.0336081887
v 0.0062900000 0.0039067005 0.0337910775
v 0.0062900000 0.0042606265 0.0339915741
v 0.0062900000 0.0046042883 0.0342091956
v 0.0062900000 0.0049368580 0.0344434176
v 0.0062900000 0.0052575343 0.0346936759
v 0.0062900000 0.0055655448 0.0349593675
v 0.0062900000 0.0058601474 0.0352398526
v 0.0062900000 0.0061406325 0.0355344552
v 0.0062900000 0.0064063241 0.0358424657
v 0.0062900000 0.0066565824 0.0361631420
v 0.0062900000 0.0068908044 0.0364957117
v 0.0062900000 0.0071084259 0.0368393735
v 0.0062900000 0.0073089225 0.0371932995
v 0.0062900000 0.0074918113 0.0375566372
v 0.0062900000 0.0076566516 0.0379285111
v 0.0062900000 0.0078030464 0.0383080253
v 0.0062900000 0.0079306430 0.0386942657
v 0.0062900000 0.0080391340 0.0390863018
v 0.0062900000 0.0081282580 0.0394831890
v 0.0062900000 0.0081978003 0.0398839712
v 0.0062900000 0.0082475934 0.0402876829
v 0.0062900000 0.0082775173 0.0406933516
v 0.0062900000 0.0093600000 0.0411000000
v 0.0062900000 0.0093487255 0.0415592734
v 0.0062900000 0.0093149290 0.0420174404
v 0.0062900000 0.0092586921 0.0424733972
v 0.0062900000 0.0091801502 0.0429260454
v 0.0062900000 0.0090794925 0.0433742945
v 0.0062900000 0.0089569615 0.0438170646
v 0.0062900000 0.0088128525 0.0442532890
v 0.0062900000 0.0086475124 0.0446819169
v 0.0062900000 0.0084613398 0.0451019157
v 0.0062900000 0.0082547830 0.0455122735
v 0.0062900000 0.0080283398 0.0459120017
v 0.0062900000 0.0077825556 0.0463001374
v 0.0062900000 0.0075180225 0.0466757455
v 0.0062900000 0.0072353778 0.0470379211
v 0.0062900000 0.0069353025 0.0473857918
v 0.0062900000 0.0066185195 0.0477185195
v 0.0062900000 0.0062857918 0.0480353025
v 0.0062900000 0.0059379211 0.0483353778
v 0.0062900000 0.0055757455 0.0486180225
v 0.0062900000 0.0052001374 0.0488825556
v 0.0062900000 0.0048120017 0.0491283398
v 0.0062900000 0.0044122735 0.0493547830
v 0.0062900000 0.0040019157 0.0495613398
v 0.0062900000 0.0035819169 0.0497475124
v 0.0062900000 0.0031532890 0.0499128525
v 0.0062900000 0.0027170646 0.0500569615
v 0.0062900000 0.0022742945 0.0501794925
v 0.0062900000 0.0018260454 0.0502801502
v 0.0062900000 0.0013733972 0.0503586921
v 0.0062900000 0.0009174404 0.0504149290
v 0.0062900000 0.0004592734 0.0504487255
v 0.0062900000 0.0000000000 0.0504600000
v 0.0062900000 -0.0004592734 0.0504487255
v 0.0062900000 -0.0009174404 0.0504149290
v 0.0062900000 -0.0013733972 0.0503586921
v 0.0062900000 -0.0018260454 0.0502801502
v 0.0062900000 -0.0022742945 0.0501794925
v 0.0062900000 -0.0027170646 0.0500569615
v 0.0062900000 -0.0031532890 0.0499128525
v 0.0062900000 -0.0035819169 0.0497475124
v 0.0062900000 -0.0040019157 0.0495613398
v 0.0062900000 -0.0044122735 0.0493547830
v 0.0062900000 -0.0048120017 0.0491283398
v 0.0062900000 -0.0052001374 0.0488825556
v 0.0062900000 -0.0055757455 0.0486180225
v 0.0062900000 -0.0059379211 0.0483353778
v 0.0062900000 -0.0062857918 0.0480353025
v 0.0062900000 -0.0066185195 0.0477185195
v 0.0062900000 -0.0069353025 0.0473857918
v 0.0062900000 -0.0072353778 0.0470379211
v 0.0062900000 -0.0075180225 0.0466757455
v 0.0062900000 -0.0077825556 0.0463001374
v 0.0062900000 -0.0080283398 0.0459120017
v 0.0062900000 -0.0082547830 0.0455122735
v 0.0062900000 -0.0084613398 0.0451019157
v 0.0062900000 -0.0086475124 0.0446819169
v 0.0062900000 -0.0088128525 0.0442532890
v 0.0062900000 -0.0089569615 0.0438170646
v 0.0062900000 -0.0090794925 0.0433742945
v 0.0062900000 -0.0091801502 0.0429260454
v 0.0062900000 -0.0092586921 0.0424733972
v 0.0062900000 -0.0093149290 0.0420174404
v 0.0062900000 -0.0093487255 0.0415592734
v 0.0062900000 -0.0093600000 0.0411000000
v 0.0062900000 -0.0093487255 0.0406407266
v 0.0062900000 -0.0093149290 0.0401825596
v 0.0062900000 -0.0092586921 0.0397266028
v 0.0062900000 -0.0091801502 0.0392739546
v 0.0062900000 -0.0090794925 0.0388257055
v 0.0062900000 -0.0089569615 0.0383829354
v 0.0062900000 -0.0088128525 0.0379467110
v 0.0062900000 -0.0086475124 0.0375180831
v 0.0062900000 -0.0084613398 0.0370980843
v 0.0062900000 -0.0082547830 0.0366877265
v 0.0062900000 -0.0080283398 0.0362879983
v 0.0062900000 -0.0077825556 0.0358998626
v 0.0062900000 -0.0075180225 0.0355242545
v 0.0062900000 -0.0072353778 0.0351620789
v 0.0062900000 -0.0069353025 0.0348142082
v 0.0062900000 -0.0066185195 0.0344814805
v 0.0062900000 -0.0062857918 0.0341646975
v 0.0062900000 -0.0059379211 0.0338646222
v 0.0062900000 -0.0055757455 0.0335819775
v 0.0062900000 -0.0052001374 0.0333174444
v 0.0062900000 -0.0048120017 0.0330716602
v 0.0062900000 -0.0044122735 0.0328452170
v 0.0062900000 -0.0040019157 0.0326386602
v 0.0062900000 -0.0035819169 0.0324524876
v 0.0062900000 -0.0031532890 0.0322871475
v 0.0062900000 -0.0027170646 0.0321430385
v 0.0062900000 -0.0022742945 0.0320205075
v 0.0062900000 -0.0018260454 0.0319198498
v 0.0062900000 -0.0013733972 0.0318413079
v 0.0062900000 -0.0009174404 0.0317850710
v 0.0062900000 -0.0004592734 0.0317512745
v 0.0062900000 -0.0000000000 0.0317400000
v 0.0062900000 0.0004592734 0.0317512745
v 0.0062900000 0.0009174404 0.0317850710
v 0.0062900000 0.0013733972 0.0318413079
v 0.0062900000 0.0018260454 0.0319198498
v 0.0062900000 0.0022742945 0.0320205075
v 0.0062900000 0.0027170646 0.0321430385
v 0.0062900000 0.0031532890 0.0322871475
v 0.0062900000 0.0035819169 0.0324524876
v 0.0062900000 0.0040019157 0.0326386602
v 0.0062900000 0.0044122735 0.0328452170
v 0.0062900000 0.0048120017 0.0330716602
v 0.0062900000 0.0052001374 0.0333174444
v 0.0062900000 0.0055757455 0.0335819775
v 0.0062900000 0.0059379211 0.0338646222
v 0.0062900000 0.0062857918 0.0341646975
v 0.0062900000 0.0066185195 0.0344814805
v 0.0062900000 0.0069353025 0.0348142082
v 0.0062900000 0.0072353778 0.0351620789
v 0.0062900000 0.0075180225 0.0355242545
v 0.0062900000 0.0077825556 0.0358998626
v 0.0062900000 0.0080283398 0.0362879983
v 0.0062900000 0.0082547830 0.0366877265
v 0.0062900000 0.0084613398 0.0370980843
v 0.0062900000 0.0086475124 0.0375180831
v 0.0062900000 0.0088128525 0.0379467110
v 0.0062900000 0.0089569615 0.0383829354
v 0.0062900000 0.0090794925 0.0388257055
v 0.0062900000 0.0091801502 0.0392739546
v 0.0062900000 0.0092586921 0.0397266028
v 0.0062900000 0.0093149290 0.0401825596
v 0.0062900000 0.0093487255 0.0406407266
v 0.0065100000 0.0097500000 0.0411000000
v 0.0065100000 0.0097382557 0.0415784098
v 0.0065100000 0.0097030511 0.0420556671
v 0.0065100000 0.0096444710 0.0425306221
v 0.0065100000 0.0095626565 0.0430021306
v 0.0065100000 0.0094578047 0.0434690568
v 0.0065100000 0.0093301683 0.0439302756
v 0.0065100000 0.0091800546 0.0443846761
v 0.0065100000 0.0090078254 0.0448311635
v 0.0065100000 0.0088138956 0.0452686622
v 0.0065100000 0.0085987323 0.0456961182
v 0.0065100000 0.0083628539 0.0461125018
v 0.0065100000 0.0081068287 0.0465168098
v 0.0065100000 0.0078312734 0.0469080682
v 0.0065100000 0.0075368519 0.0472853345
v 0.0065100000 0.0072242735 0.0476476998
v 0.0065100000 0.0068942911 0.0479942911
v 0.0065100000 0.0065476998 0.0483242735
v 0.0065100000 0.0061853345 0.0486368519
v 0.0065100000 0.0058080682 0.0489312734
v 0.0065100000 0.0054168098 0.0492068287
v 0.0065100000 0.0050125018 0.0494628539
v 0.0065100000 0.0045961182 0.0496987323
v 0.0065100000 0.0041686622 0.0499138956
v 0.0065100000 0.0037311635 0.0501078254
v 0.0065100000 0.0032846761 0.0502800546
v 0.0065100000 0.0028302756 0.0504301683
v 0.0065100000 0.0023690568 0.0505578047
v 0.0065100000 0.0019021306 0.0506626565
v 0.0065100000 0.0014306221 0.0507444710
v 0.0065100000 0.0009556671 0.0508030511
v 0.0065100000 0.0004784098 0.0508382557
v 0.0065100000 0.0000000000 0.0508500000
v 0.0065100000 -0.0004784098 0.0508382557
v 0.0065100000 -0.0009556671 0.0508030511
v 0.0065100000 -0.0014306221 0.0507444710
v 0.0065100000 -0.0019021306 0.0506626565
v 0.0065100000 -0.0023690568 0.0505578047
v 0.0065100000 -0.0028302756 0.0504301683
v 0.0065100000 -0.0032846761 0.0502800546
v 0.0065100000 -0.0037311635 0.0501078254
v 0.0065100000 -0.0041686622 0.0499138956
v 0.0065100000 -0.0045961182 0.0496987323
v 0.0065100000 -0.0050125018 0.0494628539
v 0.0065100000 -0.0054168098 0.0492068287
v 0.0065100000 -0.0058080682 0.0489312734
v 0.0065100000 -0.0061853345 0.0486368519
v 0.0065100000 -0.0065476998 0.0483242735
v 0.0065100000 -0.0068942911 0.0479942911
v 0.0065100000 -0.0072242735 0.0476476998
v 0.0065100000 -0.0075368519 0.0472853345
v 0.0065100000 -0.0078312734 0.0469080682
v 0.0065100000 -0.0081068287 0.0465168098
v 0.0065100000 -0.0083628539 0.0461125018
v 0.0065100000 -0.0085987323 0.0456961182
v 0.0065100000 -0.0088138956 0.0452686622
v 0.0065100000 -0.0090078254 0.0448311635
v 0.0065100000 -0.0091800546 0.0443846761
v 0.0065100000 -0.0093301683 0.0439302756
v 0.0065100000 -0.0094578047 0.0434690568
v 0.0065100000 -0.0095626565 0.0430021306
v 0.0065100000 -0.0096444710 0.0425306221
v 0.0065100000 -0.0097030511 0.0420556671
v 0.0065100000 -0.0097382557 0.0415784098
v 0.0065100000 -0.0097500000 0.0411000000
v 0.0065100000 -0.0097382557 0.0406215902
v 0.0065100000 -0.0097030511 0.0401443329
v 0.0065100000 -0.0096444710 0.0396693779
v 0.0065100000 -0.0095626565 0.0391978694
v 0.0065100000 -0.0094578047 0.0387309432
v 0.0065100000 -0.0093301683 0.0382697244
v 0.0065100000 -0.0091800546 0.0378153239
v 0.0065100000 -0.0090078254 0.0373688365
v 0.0065100000 -0.0088138956 0.0369313378
v 0.0065100000 -0.0085987323 0.0365038818
v 0.0065100000 -0.0083628539 0.0360874982
v 0.0065100000 -0.0081068287 0.0356831902
v 0.0065100000 -0.0078312734 0.0352919318
v 0.0065100000 -0.0075368519 0.0349146655
v 0.0065100000 -0.0072242735 0.0345523002
v 0.0065100000 -0.0068942911 0.0342057089
v 0.0065100000 -0.0065476998 0.0338757265
v 0.0065100000 -0.0061853345 0.0335631481
v 0.0065100000 -0.0058080682 0.0332687266
v 0.0065100000 -0.0054168098 0.0329931713
v 0.0065100000 -0.0050125018 0.0327371461
v 0.0065100000 -0.0045961182 0.0325012677
v 0.0065100000 -0.0041686622 0.0322861044
v 0.0065100000 -0.0037311635 0.0320921746
v 0.0065100000 -0.0032846761 0.0319199454
v 0.0065100000 -0.0028302756 0.0317698317
v 0.0065100000 -0.0023690568 0.0316421953
v 0.0065100000 -0.0019021306 0.0315373435
v 0.0065100000 -0.0014306221 0.0314555290
v 0.0065100000 -0.0009556671 0.0313969489
v 0.0065100000 -0.0004784098 0.0313617443
v 0.0065100000 -0.0000000000 0.0313500000
v 0.0065100000 0.0004784098 0.0313617443
v 0.0065100000 0.0009556671 0.0313969489
v 0.0065100000 0.0014306221 0.0314555290
v 0.0065100000 0.0019021306 0.0315373435
v 0.0065100000 0.0023690568 0.0316421953
v 0.0065100000 0.0028302756 0.0317698317
v 0.0065100000 0.0032846761 0.0319199454
v 0.0065100000 0.0037311635 0.0320921746
v 0.0065100000 0.0041686622 0.0322861044
v 0.0065100000 0.0045961182 0.0325012677
v 0.0065100000 0.0050125018 0.0327371461
v 0.0065100000 0.0054168098 0.0329931713
v 0.0065100000 0.0058080682 0.0332687266
v 0.0065100000 0.0061853345 0.0335631481
v 0.0065100000 0.0065476998 0.0338757265
v 0.0065100000 0.0068942911 0.0342057089
v 0.0065100000 0.0072242735 0.0345523002
v 0.0065100000 0.0075368519 0.0349146655
v 0.0065100000 0.0078312734 0.0352919318
v 0.0065100000 0.0081068287 0.0356831902
v 0.0065100000 0.0083628539 0.0360874982
v 0.0065100000 0.0085987323 0.0365038818
v 0.0065100000 0.0088138956 0.0369313378
v 0.0065100000 0.0090078254 0.0373688365
v 0.0065100000 0.0091800546 0.0378153239
v 0.0065100000 0.0093301683 0.0382697244
v 0.0065100000 0.0094578047 0.0387309432
v 0.0065100000 0.0095626565 0.0391978694
v 0.0065100000 0.0096444710 0.0396693779
v 0.0065100000 0.0097030511 0.0401443329
v 0.0065100000 0.0097382557 0.0406215902
v 0.0062900000 -0.0000000000 0.0411000000
v 0.0065100000 0.0097500000 0.0411000000
v 0.0065100000 0.0097382557 0.0415784098
v 0.0065100000 0.0097030511 0.0420556671
v 0.0065100000 0.0096444710 0.0425306221
v 0.0065100000 0.0095626565 0.0430021306
v 0.0065100000 0.0094578047 0.0434690568
v 0.0065100000 0.0093301683 0.0439302756
v 0.0065100000 0.0091800546 0.0443846761
v 0.0065100000 0.0090078254 0.0448311635
v 0.0065100000 0.0088138956 0.0452686622
v 0.0065100000 0.0085987323 0.0456961182
v 0.0065100000 0.0083628539 0.0461125018
v 0.0065100000 0.0081068287 0.0465168098
v 0.0065100000 0.0078312734 0.0469080682
v 0.0065100000 0.0075368519 0.0472853345
v 0.0065100000 0.0072242735 0.0476476998
v 0.0065100000 0.0068942911 0.0479942911
v 0.0065100000 0.0065476998 0.0483242735
v 0.0065100000 0.0061853345 0.0486368519
v 0.0065100000 0.0058080682 0.0489312734
v 0.0065100000 0.0054168098 0.0492068287
v 0.0065100000 0.0050125018 0.0494628539
v 0.0065100000 0.0045961182 0.0496987323
v 0.0065100000 0.0041686622 0.0499138956
v 0.0065100000 0.0037311635 0.0501078254
v 0.0065100000 0.0032846761 0.0502800546
v 0.0065100000 0.0028302756 0.0504301683
v 0.0065100000 0.0023690568 0.0505578047
v 0.0065100000 0.0019021306 0.0506626565
v 0.0065100000 0.0014306221 0.0507444710
v 0.0065100000 0.0009556671 0.0508030511
v 0.0065100000 0.0004784098 0.0508382557
v 0.0065100000 0.0000000000 0.0508500000
v 0.0065100000 -0.0004784098 0.0508382557
v 0.0065100000 -0.0009556671 0.0508030511
v 0.0065100000 -0.0014306221 0.0507444710
v 0.0065100000 -0.0019021306 0.0506626565
v 0.0065100000 -0.0023690568 0.0505578047
v 0.0065100000 -0.0028302756 0.0504301683
v 0.0065100000 -0.0032846761 0.0502800546
v 0.0065100000 -0.0037311635 0.0501078254
v 0.0065100000 -0.0041686622 0.0499138956
v 0.0065100000 -0.0045961182 0.0496987323
v 0.0065100000 -0.0050125018 0.0494628539
v 0.0065100000 -0.0054168098 0.0492068287
v 0.0065100000 -0.0058080682 0.0489312734
v 0.0065100000 -0.0061853345 0.0486368519
v 0.0065100000 -0.0065476998 0.0483242735
v 0.0065100000 -0.0068942911 0.0479942911
v 0.0065100000 -0.0072242735 0.0476476998
v 0.0065100000 -0.0075368519 0.0472853345
v 0.0065100000 -0.0078312734 0.0469080682
v 0.0065100000 -0.0081068287 0.0465168098
v 0.0065100000 -0.0083628539 0.0461125018
v 0.0065100000 -0.0085987323 0.0456961182
v 0.0065100000 -0.0088138956 0.0452686622
v 0.0065100000 -0.0090078254 0.0448311635
v 0.0065100000 -0.0091800546 0.0443846761
v 0.0065100000 -0.0093301683 0.0439302756
v 0.0065100000 -0.0094578047 0.0434690568
v 0.0065100000 -0.0095626565 0.0430021306
v 0.0065100000 -0.0096444710 0.0425306221
v 0.0065100000 -0.0097030511 0.0420556671
v 0.0065100000 -0.0097382557 0.0415784098
v 0.0065100000 -0.0097500000 0.0411000000
v 0.0065100000 -0.0097382557 0.0406215902
v 0.0065100000 -0.0097030511 0.0401443329
v 0.0065100000 -0.0096444710 0.0396693779
v 0.0065100000 -0.0095626565 0.0391978694
v 0.0065100000 -0.0094578047 0.0387309432
v 0.0065100000 -0.0093301683 0.0382697244
v 0.0065100000 -0.0091800546 0.0378153239
v 0.0065100000 -0.0090078254 0.0373688365
v 0.0065100000 -0.0088138956 0.0369313378
v 0.0065100000 -0.0085987323 0.0365038818
v 0.0065100000 -0.0083628539 0.0360874982
v 0.0065100000 -0.0081068287 0.0356831902
v 0.0065100000 -0.0078312734 0.0352919318
v 0.0065100000 -0.0075368519 0.0349146655
v 0.0065100000 -0.0072242735 0.0345523002
v 0.0065100000 -0.0068942911 0.0342057089
v 0.0065100000 -0.0065476998 0.0338757265
v 0.0065100000 -0.0061853345 0.0335631481
v 0.0065100000 -0.0058080682 0.0332687266
v 0.0065100000 -0.0054168098 0.0329931713
v 0.0065100000 -0.0050125018 0.0327371461
v 0.0065100000 -0.0045961182 0.0325012677
v 0.0065100000 -0.0041686622 0.0322861044
v 0.0065100000 -0.0037311635 0.0320921746
v 0.0065100000 -0.0032846761 0.0319199454
v 0.0065100000 -0.0028302756 0.0317698317
v 0.0065100000 -0.0023690568 0.0316421953
v 0.0065100000 -0.0019021306 0.0315373435
v 0.0065100000 -0.0014306221 0.0314555290
v 0.0065100000 -0.0009556671 0.0313969489
v 0.0065100000 -0.0004784098 0.0313617443
v 0.0065100000 -0.0000000000 0.0313500000
v 0.0065100000 0.0004784098 0.0313617443
v 0.0065100000 0.0009556671 0.0313969489
v 0.0065100000 0.0014306221 0.0314555290
v 0.0065100000 0.0019021306 0.0315373435
v 0.0065100000 0.0023690568 0.0316421953
v 0.0065100000 0.0028302756 0.0317698317
v 0.0065100000 0.0032846761 0.0319199454
v 0.0065100000 0.0037311635 0.0320921746
v 0.0065100000 0.0041686622 0.0322861044
v 0.0065100000 0.0045961182 0.0325012677
v 0.0065100000 0.0050125018 0.0327371461
v 0.0065100000 0.0054168098 0.0329931713
v 0.0065100000 0.0058080682 0.0332687266
v 0.0065100000 0.0061853345 0.0335631481
v 0.0065100000 0.0065476998 0.0338757265
v 0.0065100000 0.0068942911 0.0342057089
v 0.0065100000 0.0072242735 0.0345523002
v 0.0065100000 0.0075368519 0.0349146655
v 0.0065100000 0.0078312734 0.0352919318
v 0.0065100000 0.0081068287 0.0356831902
v 0.0065100000 0.0083628539 0.0360874982
v 0.0065100000 0.0085987323 0.0365038818
v 0.0065100000 0.0088138956 0.0369313378
v 0.0065100000 0.0090078254 0.0373688365
v 0.0065100000 0.0091800546 0.0378153239
v 0.0065100000 0.0093301683 0.0382697244
v 0.0065100000 0.0094578047 0.0387309432
v 0.0065100000 0.0095626565 0.0391978694
v 0.0065100000 0.0096444710 0.0396693779
v 0.0065100000 0.0097030511 0.0401443329
v 0.0065100000 0.0097382557 0.0406215902
v 0.0099500000 0.0097500000 0.0411000000
v 0.0099500000 0.0097382557 0.0415784098
v 0.0099500000 0.0097030511 0.0420556671
v 0.0099500000 0.0096444710 0.0425306221
v 0.0099500000 0.0095626565 0.0430021306
v 0.0099500000 0.0094578047 0.0434690568
v 0.0099500000 0.0093301683 0.0439302756
v 0.0099500000 0.0091800546 0.0443846761
v 0.0099500000 0.0090078254 0.0448311635
v 0.0099500000 0.0088138956 0.0452686622
v 0.0099500000 0.0085987323 0.0456961182
v 0.0099500000 0.0083628539 0.0461125018
v 0.0099500000 0.0081068287 0.0465168098
v 0.0099500000 0.0078312734 0.0469080682
v 0.0099500000 0.0075368519 0.0472853345
v 0.0099500000 0.0072242735 0.0476476998
v 0.0099500000 0.0068942911 0.0479942911
v 0.0099500000 0.0065476998 0.0483242735
v 0.0099500000 0.0061853345 0.0486368519
v 0.0099500000 0.0058080682 0.0489312734
v 0.0099500000 0.0054168098 0.0492068287
v 0.0099500000 0.0050125018 0.0494628539
v 0.0099500000 0.0045961182 0.0496987323
v 0.0099500000 0.0041686622 0.0499138956
v 0.0099500000 0.0037311635 0.0501078254
v 0.0099500000 0.0032846761 0.0502800546
v 0.0099500000 0.0028302756 0.0504301683
v 0.0099500000 0.0023690568 0.0505578047
v 0.0099500000 0.0019021306 0.0506626565
v 0.0099500000 0.0014306221 0.0507444710
v 0.0099500000 0.0009556671 0.0508030511
v 0.0099500000 0.0004784098 0.0508382557
v 0.0099500000 0.0000000000 0.0508500000
v 0.0099500000 -0.0004784098 0.0508382557
v 0.0099500000 -0.0009556671 0.0508030511
v 0.0099500000 -0.0014306221 0.0507444710
v 0.0099500000 -0.0019021306 0.0506626565
v 0.0099500000 -0.0023690568 0.0505578047
v 0.0099500000 -0.0028302756 0.0504301683
v 0.0099500000 -0.0032846761 0.0502800546
v 0.0099500000 -0.0037311635 0.0501078254
v 0.0099500000 -0.0041686622 0.0499138956
v 0.0099500000 -0.0045961182 0.0496987323
v 0.0099500000 -0.0050125018 0.0494628539
v 0.0099500000 -0.0054168098 0.0492068287
v 0.0099500000 -0.0058080682 0.0489312734
v 0.0099500000 -0.0061853345 0.0486368519
v 0.0099500000 -0.0065476998 0.0483242735
v 0.0099500000 -0.0068942911 0.0479942911
v 0.0099500000 -0.0072242735 0.0476476998
v 0.0099500000 -0.0075368519 0.0472853345
v 0.0099500000 -0.0078312734 0.0469080682
v 0.0099500000 -0.0081068287 0.0465168098
v 0.0099500000 -0.0083628539 0.0461125018
v 0.0099500000 -0.0085987323 0.0456961182
v 0.0099500000 -0.0088138956 0.0452686622
v 0.0099500000 -0.0090078254 0.0448311635
v 0.0099500000 -0.0091800546 0.0443846761
v 0.0099500000 -0.0093301683 0.0439302756
v 0.0099500000 -0.0094578047 0.0434690568
v 0.0099500000 -0.0095626565 0.0430021306
v 0.0099500000 -0.0096444710 0.0425306221
v 0.0099500000 -0.0097030511 0.0420556671
v 0.0099500000 -0.0097382557 0.0415784098
v 0.0099500000 -0.0097500000 0.0411000000
v 0.0099500000 -0.0097382557 0.0406215902
v 0.0099500000 -0.0097030511 0.0401443329
v 0.0099500000 -0.0096444710 0.0396693779
v 0.0099500000 -0.0095626565 0.0391978694
v 0.0099500000 -0.0094578047 0.0387309432
v 0.0099500000 -0.0093301683 0.0382697244
v 0.0099500000 -0.0091800546 0.0378153239
v 0.0099500000 -0.0090078254 0.0373688365
v 0.0099500000 -0.0088138956 0.0369313378
v 0.0099500000 -0.0085987323 0.0365038818
v 0.0099500000 -0.0083628539 0.0360874982
v 0.0099500000 -0.0081068287 0.0356831902
v 0.0099500000 -0.0078312734 0.0352919318
v 0.0099500000 -0.0075368519 0.0349146655
v 0.0099500000 -0.0072242735 0.0345523002
v 0.0099500000 -0.0068942911 0.0342057089
v 0.0099500000 -0.0065476998 0.0338757265
v 0.0099500000 -0.0061853345 0.0335631481
v 0.0099500000 -0.0058080682 0.0332687266
v 0.0099500000 -0.0054168098 0.0329931713
v 0.0099500000 -0.0050125018 0.0327371461
v 0.0099500000 -0.0045961182 0.0325012677
v 0.0099500000 -0.0041686622 0.0322861044
v 0.0099500000 -0.0037311635 0.0320921746
v 0.0099500000 -0.0032846761 0.0319199454
v 0.0099500000 -0.0028302756 0.0317698317
v 0.0099500000 -0.0023690568 0.0316421953
v 0.0099500000 -0.0019021306 0.0315373435
v 0.0099500000 -0.0014306221 0.0314555290
v 0.0099500000 -0.0009556671 0.0313969489
v 0.0099500000 -0.0004784098 0.0313617443
v 0.0099500000 -0.0000000000 0.0313500000
v 0.0099500000 0.0004784098 0.0313617443
v 0.0099500000 0.0009556671 0.0313969489
v 0.0099500000 0.0014306221 0.0314555290
v 0.0099500000 0.0019021306 0.0315373435
v 0.0099500000 0.0023690568 0.0316421953
v 0.0099500000 0.0028302756 0.0317698317
v 0.0099500000 0.0032846761 0.0319199454
v 0.0099500000 0.0037311635 0.0320921746
v 0.0099500000 0.0041686622 0.0322861044
v 0.0099500000 0.0045961182 0.0325012677
v 0.0099500000 0.0050125018 0.0327371461
v 0.0099500000 0.0054168098 0.0329931713
v 0.0099500000 0.0058080682 0.0332687266
v 0.0099500000 0.0061853345 0.0335631481
v 0.0099500000 0.0065476998 0.0338757265
v 0.0099500000 0.0068942911 0.0342057089
v 0.0099500000 0.0072242735 0.0345523002
v 0.0099500000 0.0075368519 0.0349146655
v 0.0099500000 0.0078312734 0.0352919318
v 0.0099500000 0.0081068287 0.0356831902
v 0.0099500000 0.0083628539 0.0360874982
v 0.0099500000 0.0085987323 0.0365038818
v 0.0099500000 0.0088138956 0.0369313378
v 0.0099500000 0.0090078254 0.0373688365
v 0.0099500000 0.0091800546 0.0378153239
v 0.0099500000 0.0093301683 0.0382697244
v 0.0099500000 0.0094578047 0.0387309432
v 0.0099500000 0.0095626565 0.0391978694
v 0.0099500000 0.0096444710 0.0396693779
v 0.0099500000 0.0097030511 0.0401443329
v 0.0099500000 0.0097382557 0.0406215902
v 0.0103500000 0.0094575000 0.0411000000
v 0.0103500000 0.0094461080 0.0415640575
v 0.0103500000 0.0094119596 0.0420269971
v 0.0103500000 0.0093551368 0.0424877035
v 0.0103500000 0.0092757768 0.0429450667
v 0.0103500000 0.0091740706 0.0433979851
v 0.0103500000 0.0090502632 0.0438453673
v 0.0103500000 0.0089046530 0.0442861358
v 0.0103500000 0.0087375907 0.0447192286
v 0.0103500000 0.0085494787 0.0451436023
v 0.0103500000 0.0083407704 0.0455582346
v 0.0103500000 0.0081119683 0.0459621267
v 0.0103500000 0.0078636239 0.0463543055
v 0.0103500000 0.0075963352 0.0467338262
v 0.0103500000 0.0073107464 0.0470997745
v 0.0103500000 0.0070075453 0.0474512688
v 0.0103500000 0.0066874624 0.0477874624
v 0.0103500000 0.0063512688 0.0481075453
v 0.0103500000 0.0059997745 0.0484107464
v 0.0103500000 0.0056338262 0.0486963352
v 0.0103500000 0.0052543055 0.0489636239
v 0.0103500000 0.0048621267 0.0492119683
v 0.0103500000 0.0044582346 0.0494407704
v 0.0103500000 0.0040436023 0.0496494787
v 0.0103500000 0.0036192286 0.0498375907
v 0.0103500000 0.0031861358 0.0500046530
v 0.0103500000 0.0027453673 0.0501502632
v 0.0103500000 0.0022979851 0.0502740706
v 0.0103500000 0.0018450667 0.0503757768
v 0.0103500000 0.0013877035 0.0504551368
v 0.0103500000 0.0009269971 0.0505119596
v 0.0103500000 0.0004640575 0.0505461080
v 0.0103500000 0.0000000000 0.0505575000
v 0.0103500000 -0.0004640575 0.0505461080
v 0.0103500000 -0.0009269971 0.0505119596
v 0.0103500000 -0.0013877035 0.0504551368
v 0.0103500000 -0.0018450667 0.0503757768
v 0.0103500000 -0.0022979851 0.0502740706
v 0.0103500000 -0.0027453673 0.0501502632
v 0.0103500000 -0.0031861358 0.0500046530
v 0.0103500000 -0.0036192286 0.0498375907
v 0.0103500000 -0.0040436023 0.0496494787
v 0.0103500000 -0.0044582346 0.0494407704
v 0.0103500000 -0.0048621267 0.0492119683
v 0.0103500000 -0.0052543055 0.0489636239
v 0.0103500000 -0.0056338262 0.0486963352
v 0.0103500000 -0.0059997745 0.0484107464
v 0.0103500000 -0.0063512688 0.0481075453
v 0.0103500000 -0.0066874624 0.0477874624
v 0.0103500000 -0.0070075453 0.0474512688
v 0.0103500000 -0.0073107464 0.0470997745
v 0.0103500000 -0.0075963352 0.0467338262
v 0.0103500000 -0.0078636239 0.0463543055
v 0.0103500000 -0.0081119683 0.0459621267
v 0.0103500000 -0.0083407704 0.0455582346
v 0.0103500000 -0.0085494787 0.0451436023
v 0.0103500000 -0.0087375907 0.0447192286
v 0.0103500000 -0.0089046530 0.0442861358
v 0.0103500000 -0.0090502632 0.0438453673
v 0.0103500000 -0.0091740706 0.0433979851
v 0.0103500000 -0.0092757768 0.0429450667
v 0.0103500000 -0.0093551368 0.0424877035
v 0.0103500000 -0.0094119596 0.0420269971
v 0.0103500000 -0.0094461080 0.0415640575
v 0.0103500000 -0.0094575000 0.0411000000
v 0.0103500000 -0.0094461080 0.0406359425
v 0.0103500000 -0.0094119596 0.0401730029
v 0.0103500000 -0.0093551368 0.0397122965
v 0.0103500000 -0.0092757768 0.0392549333
v 0.0103500000 -0.0091740706 0.0388020149
v 0.0103500000 -0.0090502632 0.0383546327
v 0.0103500000 -0.0089046530 0.0379138642
v 0.0103500000 -0.0087375907 0.0374807714
v 0.0103500000 -0.0085494787 0.0370563977
v 0.0103500000 -0.0083407704 0.0366417654
v 0.0103500000 -0.0081119683 0.0362378733
v 0.0103500000 -0.0078636239 0.0358456945
v 0.0103500000 -0.0075963352 0.0354661738
v 0.0103500000 -0.0073107464 0.0351002255
v 0.0103500000 -0.0070075453 0.0347487312
v 0.0103500000 -0.0066874624 0.0344125376
v 0.0103500000 -0.0063512688 0.0340924547
v 0.0103500000 -0.0059997745 0.0337892536
v 0.0103500000 -0.0056338262 0.0335036648
v 0.0103500000 -0.0052543055 0.0332363761
v 0.0103500000 -0.0048621267 0.0329880317
v 0.0103500000 -0.0044582346 0.0327592296
v 0.0103500000 -0.0040436023 0.0325505213
v 0.0103500000 -0.0036192286 0.0323624093
v 0.0103500000 -0.0031861358 0.0321953470
v 0.0103500000 -0.0027453673 0.0320497368
v 0.0103500000 -0.0022979851 0.0319259294
v 0.0103500000 -0.0018450667 0.0318242232
v 0.0103500000 -0.0013877035 0.0317448632
v 0.0103500000 -0.0009269971 0.0316880404
v 0.0103500000 -0.0004640575 0.0316538920
v 0.0103500000 -0.0000000000 0.0316425000
v 0.0103500000 0.0004640575 0.0316538920
v 0.0103500000 0.0009269971 0.0316880404
v 0.0103500000 0.0013877035 0.0317448632
v 0.0103500000 0.0018450667 0.0318242232
v 0.0103500000 0.0022979851 0.0319259294
v 0.0103500000 0.0027453673 0.0320497368
v 0.0103500000 0.0031861358 0.0321953470
v 0.0103500000 0.0036192286 0.0323624093
v 0.0103500000 0.0040436023 0.0325505213
v 0.0103500000 0.0044582346 0.0327592296
v 0.0103500000 0.0048621267 0.0329880317
v 0.0103500000 0.0052543055 0.0332363761
v 0.0103500000 0.0056338262 0.0335036648
v 0.0103500000 0.0059997745 0.0337892536
v 0.0103500000 0.0063512688 0.0340924547
v 0.0103500000 0.0066874624 0.0344125376
v 0.0103500000 0.0070075453 0.0347487312
v 0.0103500000 0.0073107464 0.0351002255
v 0.0103500000 0.0075963352 0.0354661738
v 0.0103500000 0.0078636239 0.0358456945
v 0.0103500000 0.0081119683 0.0362378733
v 0.0103500000 0.0083407704 0.0366417654
v 0.0103500000 0.0085494787 0.0370563977
v 0.0103500000 0.0087375907 0.0374807714
v 0.0103500000 0.0089046530 0.0379138642
v 0.0103500000 0.0090502632 0.0383546327
v 0.0103500000 0.0091740706 0.0388020149
v 0.0103500000 0.0092757768 0.0392549333
v 0.0103500000 0.0093551368 0.0397122965
v 0.0103500000 0.0094119596 0.0401730029
v 0.0103500000 0.0094461080 0.0406359425
v 0.0103500000 0.0094575000 0.0411000000
v 0.0103500000 0.0094461080 0.0415640575
v 0.0103500000 0.0094119596 0.0420269971
v 0.0103500000 0.0093551368 0.0424877035
v 0.0103500000 0.0092757768 0.0429450667
v 0.0103500000 0.0091740706 0.0433979851
v 0.0103500000 0.0090502632 0.0438453673
v 0.0103500000 0.0089046530 0.0442861358
v 0.0103500000 0.0087375907 0.0447192286
v 0.0103500000 0.0085494787 0.0451436023
v 0.0103500000 0.0083407704 0.0455582346
v 0.0103500000 0.0081119683 0.0459621267
v 0.0103500000 0.0078636239 0.0463543055
v 0.0103500000 0.0075963352 0.0467338262
v 0.0103500000 0.0073107464 0.0470997745
v 0.0103500000 0.0070075453 0.0474512688
v 0.0103500000 0.0066874624 0.0477874624
v 0.0103500000 0.0063512688 0.0481075453
v 0.0103500000 0.0059997745 0.0484107464
v 0.0103500000 0.0056338262 0.0486963352
v 0.0103500000 0.0052543055 0.0489636239
v 0.0103500000 0.0048621267 0.0492119683
v 0.0103500000 0.0044582346 0.0494407704
v 0.0103500000 0.0040436023 0.0496494787
v 0.0103500000 0.0036192286 0.0498375907
v 0.0103500000 0.0031861358 0.0500046530
v 0.0103500000 0.0027453673 0.0501502632
v 0.0103500000 0.0022979851 0.0502740706
v 0.0103500000 0.0018450667 0.0503757768
v 0.0103500000 0.0013877035 0.0504551368
v 0.0103500000 0.0009269971 0.0505119596
v 0.0103500000 0.0004640575 0.0505461080
v 0.0103500000 0.0000000000 0.0505575000
v 0.0103500000 -0.0004640575 0.0505461080
v 0.0103500000 -0.0009269971 0.0505119596
v 0.0103500000 -0.0013877035 0.0504551368
v 0.0103500000 -0.0018450667 0.0503757768
v 0.0103500000 -0.0022979851 0.0502740706
v 0.0103500000 -0.0027453673 0.0501502632
v 0.0103500000 -0.0031861358 0.0500046530
v 0.0103500000 -0.0036192286 0.0498375907
v 0.0103500000 -0.0040436023 0.0496494787
v 0.0103500000 -0.0044582346 0.0494407704
v 0.0103500000 -0.0048621267 0.0492119683
v 0.0103500000 -0.0052543055 0.0489636239
v 0.0103500000 -0.0056338262 0.0486963352
v 0.0103500000 -0.0059997745 0.0484107464
v 0.0103500000 -0.0063512688 0.0481075453
v 0.0103500000 -0.0066874624 0.0477874624
v 0.0103500000 -0.0070075453 0.0474512688
v 0.0103500000 -0.0073107464 0.0470997745
v 0.0103500000 -0.0075963352 0.0467338262
v 0.0103500000 -0.0078636239 0.0463543055
v 0.0103500000 -0.0081119683 0.0459621267
v 0.0103500000 -0.0083407704 0.0455582346
v 0.0103500000 -0.0085494787 0.0451436023
v 0.0103500000 -0.0087375907 0.0447192286
v 0.0103500000 -0.0089046530 0.0442861358
v 0.0103500000 -0.0090502632 0.0438453673
v 0.0103500000 -0.0091740706 0.0433979851
v 0.0103500000 -0.0092757768 0.0429450667
v 0.0103500000 -0.0093551368 0.0424877035
v 0.0103500000 -0.0094119596 0.0420269971
v 0.0103500000 -0.0094461080 0.0415640575
v 0.0103500000 -0.0094575000 0.0411000000
v 0.0103500000 -0.0094461080 0.0406359425
v 0.0103500000 -0.0094119596 0.0401730029
v 0.0103500000 -0.0093551368 0.0397122965
v 0.0103500000 -0.0092757768 0.0392549333
v 0.0103500000 -0.0091740706 0.0388020149
v 0.0103500000 -0.0090502632 0.0383546327
v 0.0103500000 -0.0089046530 0.0379138642
v 0.0103500000 -0.0087375907 0.0374807714
v 0.0103500000 -0.0085494787 0.0370563977
v 0.0103500000 -0.0083407704 0.0366417654
v 0.0103500000 -0.0081119683 0.0362378733
v 0.0103500000 -0.0078636239 0.0358456945
v 0.0103500000 -0.0075963352 0.0354661738
v 0.0103500000 -0.0073107464 0.0351002255
v 0.0103500000 -0.0070075453 0.0347487312
v 0.0103500000 -0.0066874624 0.0344125376
v 0.0103500000 -0.0063512688 0.0340924547
v 0.0103500000 -0.0059997745 0.0337892536
v 0.0103500000 -0.0056338262 0.0335036648
v 0.0103500000 -0.0052543055 0.0332363761
v 0.0103500000 -0.0048621267 0.0329880317
v 0.0103500000 -0.0044582346 0.0327592296
v 0.0103500000 -0.0040436023 0.0325505213
v 0.0103500000 -0.0036192286 0.0323624093
v 0.0103500000 -0.0031861358 0.0321953470
v 0.0103500000 -0.0027453673 0.0320497368
v 0.0103500000 -0.0022979851 0.0319259294
v 0.0103500000 -0.0018450667 0.0318242232
v 0.0103500000 -0.0013877035 0.0317448632
v 0.0103500000 -0.0009269971 0.0316880404
v 0.0103500000 -0.0004640575 0.0316538920
v 0.0103500000 -0.0000000000 0.0316425000
v 0.0103500000 0.0004640575 0.0316538920
v 0.0103500000 0.0009269971 0.0316880404
v 0.0103500000 0.0013877035 0.0317448632
v 0.0103500000 0.0018450667 0.0318242232
v 0.0103500000 0.0022979851 0.0319259294
v 0.0103500000 0.0027453673 0.0320497368
v 0.0103500000 0.0031861358 0.0321953470
v 0.0103500000 0.0036192286 0.0323624093
v 0.0103500000 0.0040436023 0.0325505213
v 0.0103500000 0.0044582346 0.0327592296
v 0.0103500000 0.0048621267 0.0329880317
v 0.0103500000 0.0052543055 0.0332363761
v 0.0103500000 0.0056338262 0.0335036648
v 0.0103500000 0.0059997745 0.0337892536
v 0.0103500000 0.0063512688 0.0340924547
v 0.0103500000 0.0066874624 0.0344125376
v 0.0103500000 0.0070075453 0.0347487312
v 0.0103500000 0.0073107464 0.0351002255
v 0.0103500000 0.0075963352 0.0354661738
v 0.0103500000 0.0078636239 0.0358456945
v 0.0103500000 0.0081119683 0.0362378733
v 0.0103500000 0.0083407704 0.0366417654
v 0.0103500000 0.0085494787 0.0370563977
v 0.0103500000 0.0087375907 0.0374807714
v 0.0103500000 0.0089046530 0.0379138642
v 0.0103500000 0.0090502632 0.0383546327
v 0.0103500000 0.0091740706 0.0388020149
v 0.0103500000 0.0092757768 0.0392549333
v 0.0103500000 0.0093551368 0.0397122965
v 0.0103500000 0.0094119596 0.0401730029
v 0.0103500000 0.0094461080 0.0406359425
v 0.0103500000 0.0085800000 0.0411000000
v 0.0103500000 0.0085696650 0.0415210006
v 0.0103500000 0.0085386850 0.0419409871
v 0.0103500000 0.0084871345 0.0423589475
v 0.0103500000 0.0084151377 0.0427738750
v 0.0103500000 0.0083228682 0.0431847699
v 0.0103500000 0.0082105481 0.0435906425
v 0.0103500000 0.0080784481 0.0439905149
v 0.0103500000 0.0079268864 0.0443834238
v 0.0103500000 0.0077562281 0.0447684227
v 0.0103500000 0.0075668844 0.0451445840
v 0.0103500000 0.0073593115 0.0455110015
v 0.0103500000 0.0071340093 0.0458667926
v 0.0103500000 0.0068915206 0.0462111000
v 0.0103500000 0.0066324297 0.0465430944
v 0.0103500000 0.0063573607 0.0468619758
v 0.0103500000 0.0060669762 0.0471669762
v 0.0103500000 0.0057619758 0.0474573607
v 0.0103500000 0.0054430944 0.0477324297
v 0.0103500000 0.0051111000 0.0479915206
v 0.0103500000 0.0047667926 0.0482340093
v 0.0103500000 0.0044110015 0.0484593115
v 0.0103500000 0.0040445840 0.0486668844
v 0.0103500000 0.0036684227 0.0488562281
v 0.0103500000 0.0032834238 0.0490268864
v 0.0103500000 0.0028905149 0.0491784481
v 0.0103500000 0.0024906425 0.0493105481
v 0.0103500000 0.0020847699 0.0494228682
v 0.0103500000 0.0016738750 0.0495151377
v 0.0103500000 0.0012589475 0.0495871345
v 0.0103500000 0.0008409871 0.0496386850
v 0.0103500000 0.0004210006 0.0496696650
v 0.0103500000 0.0000000000 0.0496800000
v 0.0103500000 -0.0004210006 0.0496696650
v 0.0103500000 -0.0008409871 0.0496386850
v 0.0103500000 -0.0012589475 0.0495871345
v 0.0103500000 -0.0016738750 0.0495151377
v 0.0103500000 -0.0020847699 0.0494228682
v 0.0103500000 -0.0024906425 0.0493105481
v 0.0103500000 -0.0028905149 0.0491784481
v 0.0103500000 -0.0032834238 0.0490268864
v 0.0103500000 -0.0036684227 0.0488562281
v 0.0103500000 -0.0040445840 0.0486668844
v 0.0103500000 -0.0044110015 0.0484593115
v 0.0103500000 -0.0047667926 0.0482340093
v 0.0103500000 -0.0051111000 0.0479915206
v 0.0103500000 -0.0054430944 0.0477324297
v 0.0103500000 -0.0057619758 0.0474573607
v 0.0103500000 -0.0060669762 0.0471669762
v 0.0103500000 -0.0063573607 0.0468619758
v 0.0103500000 -0.0066324297 0.0465430944
v 0.0103500000 -0.0068915206 0.0462111000
v 0.0103500000 -0.0071340093 0.0458667926
v 0.0103500000 -0.0073593115 0.0455110015
v 0.0103500000 -0.0075668844 0.0451445840
v 0.0103500000 -0.0077562281 0.0447684227
v 0.0103500000 -0.0079268864 0.0443834238
v 0.0103500000 -0.0080784481 0.0439905149
v 0.0103500000 -0.0082105481 0.0435906425
v 0.0103500000 -0.0083228682 0.0431847699
v 0.0103500000 -0.0084151377 0.0427738750
v 0.0103500000 -0.0084871345 0.0423589475
v 0.0103500000 -0.0085386850 0.0419409871
v 0.0103500000 -0.0085696650 0.0415210006
v 0.0103500000 -0.0085800000 0.0411000000
v 0.0103500000 -0.0085696650 0.0406789994
v 0.0103500000 -0.0085386850 0.0402590129
v 0.0103500000 -0.0084871345 0.0398410525
v 0.0103500000 -0.0084151377 0.0394261250
v 0.0103500000 -0.0083228682 0.0390152301
v 0.0103500000 -0.0082105481 0.0386093575
v 0.0103500000 -0.0080784481 0.0382094851
v 0.0103500000 -0.0079268864 0.0378165762
v 0.0103500000 -0.0077562281 0.0374315773
v 0.0103500000 -0.0075668844 0.0370554160
v 0.0103500000 -0.0073593115 0.0366889985
v 0.0103500000 -0.0071340093 0.0363332074
v 0.0103500000 -0.0068915206 0.0359889000
v 0.0103500000 -0.0066324297 0.0356569056
v 0.0103500000 -0.0063573607 0.0353380242
v 0.0103500000 -0.0060669762 0.0350330238
v 0.0103500000 -0.0057619758 0.0347426393
v 0.0103500000 -0.0054430944 0.0344675703
v 0.0103500000 -0.0051111000 0.0342084794
v 0.0103500000 -0.0047667926 0.0339659907
v 0.0103500000 -0.0044110015 0.0337406885
v 0.0103500000 -0.0040445840 0.0335331156
v 0.0103500000 -0.0036684227 0.0333437719
v 0.0103500000 -0.0032834238 0.0331731136
v 0.0103500000 -0.0028905149 0.0330215519
v 0.0103500000 -0.0024906425 0.0328894519
v 0.0103500000 -0.0020847699 0.0327771318
v 0.0103500000 -0.0016738750 0.0326848623
v 0.0103500000 -0.0012589475 0.0326128655
v 0.0103500000 -0.0008409871 0.0325613150
v 0.0103500000 -0.0004210006 0.0325303350
v 0.0103500000 -0.0000000000 0.0325200000
v 0.0103500000 0.0004210006 0.0325303350
v 0.0103500000 0.0008409871 0.0325613150
v 0.0103500000 0.0012589475 0.0326128655
v 0.0103500000 0.0016738750 0.0326848623
v 0.0103500000 0.0020847699 0.0327771318
v 0.0103500000 0.0024906425 0.0328894519
v 0.0103500000 0.0028905149 0.0330215519
v 0.0103500000 0.0032834238 0.0331731136
v 0.0103500000 0.0036684227 0.0333437719
v 0.0103500000 0.0040445840 0.0335331156
v 0.0103500000 0.0044110015 0.0337406885
v 0.0103500000 0.0047667926 0.0339659907
v 0.0103500000 0.0051111000 0.0342084794
v 0.0103500000 0.0054430944 0.0344675703
v 0.0103500000 0.0057619758 0.0347426393
v 0.0103500000 0.0060669762 0.0350330238
v 0.0103500000 0.0063573607 0.0353380242
v 0.0103500000 0.0066324297 0.0356569056
v 0.0103500000 0.0068915206 0.0359889000
v 0.0103500000 0.0071340093 0.0363332074
v 0.0103500000 0.0073593115 0.0366889985
v 0.0103500000 0.0075668844 0.0370554160
v 0.0103500000 0.0077562281 0.0374315773
v 0.0103500000 0.0079268864 0.0378165762
v 0.0103500000 0.0080784481 0.0382094851
v 0.0103500000 0.0082105481 0.0386093575
v 0.0103500000 0.0083228682 0.0390152301
v 0.0103500000 0.0084151377 0.0394261250
v 0.0103500000 0.0084871345 0.0398410525
v 0.0103500000 0.0085386850 0.0402590129
v 0.0103500000 0.0085696650 0.0406789994
v 0.0101200000 0.0081900000 0.0411000000
v 0.0101200000 0.0081801348 0.0415018643
v 0.0101200000 0.0081505629 0.0419027604
v 0.0101200000 0.0081013556 0.0423017226
v 0.0101200000 0.0080326314 0.0426977897
v 0.0101200000 0.0079445560 0.0430900077
v 0.0101200000 0.0078373413 0.0434774315
v 0.0101200000 0.0077112459 0.0438591279
v 0.0101200000 0.0075665734 0.0442341773
v 0.0101200000 0.0074036723 0.0446016762
v 0.0101200000 0.0072229352 0.0449607393
v 0.0101200000 0.0070247973 0.0453105015
v 0.0101200000 0.0068097361 0.0456501202
v 0.0101200000 0.0065782697 0.0459787773
v 0.0101200000 0.0063309556 0.0462956810
v 0.0101200000 0.0060683897 0.0466000678
v 0.0101200000 0.0057912045 0.0468912045
v 0.0101200000 0.0055000678 0.0471683897
v 0.0101200000 0.0051956810 0.0474309556
v 0.0101200000 0.0048787773 0.0476782697
v 0.0101200000 0.0045501202 0.0479097361
v 0.0101200000 0.0042105015 0.0481247973
v 0.0101200000 0.0038607393 0.0483229352
v 0.0101200000 0.0035016762 0.0485036723
v 0.0101200000 0.0031341773 0.0486665734
v 0.0101200000 0.0027591279 0.0488112459
v 0.0101200000 0.0023774315 0.0489373413
v 0.0101200000 0.0019900077 0.0490445560
v 0.0101200000 0.0015977897 0.0491326314
v 0.0101200000 0.0012017226 0.0492013556
v 0.0101200000 0.0008027604 0.0492505629
v 0.0101200000 0.0004018643 0.0492801348
v 0.0101200000 0.0000000000 0.0492900000
v 0.0101200000 -0.0004018643 0.0492801348
v 0.0101200000 -0.0008027604 0.0492505629
v 0.0101200000 -0.0012017226 0.0492013556
v 0.0101200000 -0.0015977897 0.0491326314
v 0.0101200000 -0.0019900077 0.0490445560
v 0.0101200000 -0.0023774315 0.0489373413
v 0.0101200000 -0.0027591279 0.0488112459
v 0.0101200000 -0.0031341773 0.0486665734
v 0.0101200000 -0.0035016762 0.0485036723
v 0.0101200000 -0.0038607393 0.0483229352
v 0.0101200000 -0.0042105015 0.0481247973
v 0.0101200000 -0.0045501202 0.0479097361
v 0.0101200000 -0.0048787773 0.0476782697
v 0.0101200000 -0.0051956810 0.0474309556
v 0.0101200000 -0.0055000678 0.0471683897
v 0.0101200000 -0.0057912045 0.0468912045
v 0.0101200000 -0.0060683897 0.0466000678
v 0.0101200000 -0.0063309556 0.0462956810
v 0.0101200000 -0.0065782697 0.0459787773
v 0.0101200000 -0.0068097361 0.0456501202
v 0.0101200000 -0.0070247973 0.0453105015
v 0.0101200000 -0.0072229352 0.0449607393
v 0.0101200000 -0.0074036723 0.0446016762
v 0.0101200000 -0.0075665734 0.0442341773
v 0.0101200000 -0.0077112459 0.0438591279
v 0.0101200000 -0.0078373413 0.0434774315
v 0.0101200000 -0.0079445560 0.0430900077
v 0.0101200000 -0.0080326314 0.0426977897
v 0.0101200000 -0.0081013556 0.0423017226
v 0.0101200000 -0.0081505629 0.0419027604
v 0.0101200000 -0.0081801348 0.0415018643
v 0.0101200000 -0.0081900000 0.0411000000
v 0.0101200000 -0.0081801348 0.0406981357
v 0.0101200000 -0.0081505629 0.0402972396
v 0.0101200000 -0.0081013556 0.0398982774
v 0.0101200000 -0.0080326314 0.0395022103
v 0.0101200000 -0.0079445560 0.0391099923
v 0.0101200000 -0.0078373413 0.0387225685
v 0.0101200000 -0.0077112459 0.0383408721
v 0.0101200000 -0.0075665734 0.0379658227
v 0.0101200000 -0.0074036723 0.0375983238
v 0.0101200000 -0.0072229352 0.0372392607
v 0.0101200000 -0.0070247973 0.0368894985
v 0.0101200000 -0.0068097361 0.0365498798
v 0.0101200000 -0.0065782697 0.0362212227
v 0.0101200000 -0.0063309556 0.0359043190
v 0.0101200000 -0.0060683897 0.0355999322
v 0.0101200000 -0.0057912045 0.0353087955
v 0.0101200000 -0.0055000678 0.0350316103
v 0.0101200000 -0.0051956810 0.0347690444
v 0.0101200000 -0.0048787773 0.0345217303
v 0.0101200000 -0.0045501202 0.0342902639
v 0.0101200000 -0.0042105015 0.0340752027
v 0.0101200000 -0.0038607393 0.0338770648
v 0.0101200000 -0.0035016762 0.0336963277
v 0.0101200000 -0.0031341773 0.0335334266
v 0.0101200000 -0.0027591279 0.0333887541
v 0.0101200000 -0.0023774315 0.0332626587
v 0.0101200000 -0.0019900077 0.0331554440
v 0.0101200000 -0.0015977897 0.0330673686
v 0.0101200000 -0.0012017226 0.0329986444
v 0.0101200000 -0.0008027604 0.0329494371
v 0.0101200000 -0.0004018643 0.0329198652
v 0.0101200000 -0.0000000000 0.0329100000
v 0.0101200000 0.0004018643 0.0329198652
v 0.0101200000 0.0008027604 0.0329494371
v 0.0101200000 0.0012017226 0.0329986444
v 0.0101200000 0.0015977897 0.0330673686
v 0.0101200000 0.0019900077 0.0331554440
v 0.0101200000 0.0023774315 0.0332626587
v 0.0101200000 0.0027591279 0.0333887541
v 0.0101200000 0.0031341773 0.0335334266
v 0.0101200000 0.0035016762 0.0336963277
v 0.0101200000 0.0038607393 0.0338770648
v 0.0101200000 0.0042105015 0.0340752027
v 0.0101200000 0.0045501202 0.0342902639
v 0.0101200000 0.0048787773 0.0345217303
v 0.0101200000 0.0051956810 0.0347690444
v 0.0101200000 0.0055000678 0.0350316103
v 0.0101200000 0.0057912045 0.0353087955
v 0.0101200000 0.0060683897 0.0355999322
v 0.0101200000 0.0063309556 0.0359043190
v 0.0101200000 0.0065782697 0.0362212227
v 0.0101200000 0.0068097361 0.0365498798
v 0.0101200000 0.0070247973 0.0368894985
v 0.0101200000 0.0072229352 0.0372392607
v 0.0101200000 0.0074036723 0.0375983238
v 0.0101200000 0.0075665734 0.0379658227
v 0.0101200000 0.0077112459 0.0383408721
v 0.0101200000 0.0078373413 0.0387225685
v 0.0101200000 0.0079445560 0.0391099923
v 0.0101200000 0.0080326314 0.0395022103
v 0.0101200000 0.0081013556 0.0398982774
v 0.0101200000 0.0081505629 0.0402972396
v 0.0101200000 0.0081801348 0.0406981357
v 0.0101200000 0.0081900000 0.0411000000
v 0.0101200000 0.0081801348 0.0415018643
v 0.0101200000 0.0081505629 0.0419027604
v 0.0101200000 0.0081013556 0.0423017226
v 0.0101200000 0.0080326314 0.0426977897
v 0.0101200000 0.0079445560 0.0430900077
v 0.0101200000 0.0078373413 0.0434774315
v 0.0101200000 0.0077112459 0.0438591279
v 0.0101200000 0.0075665734 0.0442341773
v 0.0101200000 0.0074036723 0.0446016762
v 0.0101200000 0.0072229352 0.0449607393
v 0.0101200000 0.0070247973 0.0453105015
v 0.0101200000 0.0068097361 0.0456501202
v 0.0101200000 0.0065782697 0.0459787773
v 0.0101200000 0.0063309556 0.0462956810
v 0.0101200000 0.0060683897 0.0466000678
v 0.0101200000 0.0057912045 0.0468912045
v 0.0101200000 0.0055000678 0.0471683897
v 0.0101200000 0.0051956810 0.0474309556
v 0.0101200000 0.0048787773 0.0476782697
v 0.0101200000 0.0045501202 0.0479097361
v 0.0101200000 0.0042105015 0.0481247973
v 0.0101200000 0.0038607393 0.0483229352
v 0.0101200000 0.0035016762 0.0485036723
v 0.0101200000 0.0031341773 0.0486665734
v 0.0101200000 0.0027591279 0.0488112459
v 0.0101200000 0.0023774315 0.0489373413
v 0.0101200000 0.0019900077 0.0490445560
v 0.0101200000 0.0015977897 0.0491326314
v 0.0101200000 0.0012017226 0.0492013556
v 0.0101200000 0.0008027604 0.0492505629
v 0.0101200000 0.0004018643 0.0492801348
v 0.0101200000 0.0000000000 0.0492900000
v 0.0101200000 -0.0004018643 0.0492801348
v 0.0101200000 -0.0008027604 0.0492505629
v 0.0101200000 -0.0012017226 0.0492013556
v 0.0101200000 -0.0015977897 0.0491326314
v 0.0101200000 -0.0019900077 0.0490445560
v 0.0101200000 -0.0023774315 0.0489373413
v 0.0101200000 -0.0027591279 0.0488112459
v 0.0101200000 -0.0031341773 0.0486665734
v 0.0101200000 -0.0035016762 0.0485036723
v 0.0101200000 -0.0038607393 0.0483229352
v 0.0101200000 -0.0042105015 0.0481247973
v 0.0101200000 -0.0045501202 0.0479097361
v 0.0101200000 -0.0048787773 0.0476782697
v 0.0101200000 -0.0051956810 0.0474309556
v 0.0101200000 -0.0055000678 0.0471683897
v 0.0101200000 -0.0057912045 0.0468912045
v 0.0101200000 -0.0060683897 0.0466000678
v 0.0101200000 -0.0063309556 0.0462956810
v 0.0101200000 -0.0065782697 0.0459787773
v 0.0101200000 -0.0068097361 0.0456501202
v 0.0101200000 -0.0070247973 0.0453105015
v 0.0101200000 -0.0072229352 0.0449607393
v 0.0101200000 -0.0074036723 0.0446016762
v 0.0101200000 -0.0075665734 0.0442341773
v 0.0101200000 -0.0077112459 0.0438591279
v 0.0101200000 -0.0078373413 0.0434774315
v 0.0101200000 -0.0079445560 0.0430900077
v 0.0101200000 -0.0080326314 0.0426977897
v 0.0101200000 -0.0081013556 0.0423017226
v 0.0101200000 -0.0081505629 0.0419027604
v 0.0101200000 -0.0081801348 0.0415018643
v 0.0101200000 -0.0081900000 0.0411000000
v 0.0101200000 -0.0081801348 0.0406981357
v 0.0101200000 -0.0081505629 0.0402972396
v 0.0101200000 -0.0081013556 0.0398982774
v 0.0101200000 -0.0080326314 0.0395022103
v 0.0101200000 -0.0079445560 0.0391099923
v 0.0101200000 -0.0078373413 0.0387225685
v 0.0101200000 -0.0077112459 0.0383408721
v 0.0101200000 -0.0075665734 0.0379658227
v 0.0101200000 -0.0074036723 0.0375983238
v 0.0101200000 -0.0072229352 0.0372392607
v 0.0101200000 -0.0070247973 0.0368894985
v 0.0101200000 -0.0068097361 0.0365498798
v 0.0101200000 -0.0065782697 0.0362212227
v 0.0101200000 -0.0063309556 0.0359043190
v 0.0101200000 -0.0060683897 0.0355999322
v 0.0101200000 -0.0057912045 0.0353087955
v 0.0101200000 -0.0055000678 0.0350316103
v 0.0101200000 -0.0051956810 0.0347690444
v 0.0101200000 -0.0048787773 0.0345217303
v 0.0101200000 -0.0045501202 0.0342902639
v 0.0101200000 -0.0042105015 0.0340752027
v 0.0101200000 -0.0038607393 0.0338770648
v 0.0101200000 -0.0035016762 0.0336963277
v 0.0101200000 -0.0031341773 0.0335334266
v 0.0101200000 -0.0027591279 0.0333887541
v 0.0101200000 -0.0023774315 0.0332626587
v 0.0101200000 -0.0019900077 0.0331554440
v 0.0101200000 -0.0015977897 0.0330673686
v 0.0101200000 -0.0012017226 0.0329986444
v 0.0101200000 -0.0008027604 0.0329494371
v 0.0101200000 -0.0004018643 0.0329198652
v 0.0101200000 -0.0000000000 0.0329100000
v 0.0101200000 0.0004018643 0.0329198652
v 0.0101200000 0.0008027604 0.0329494371
v 0.0101200000 0.0012017226 0.0329986444
v 0.0101200000 0.0015977897 0.0330673686
v 0.0101200000 0.0019900077 0.0331554440
v 0.0101200000 0.0023774315 0.0332626587
v 0.0101200000 0.0027591279 0.0333887541
v 0.0101200000 0.0031341773 0.0335334266
v 0.0101200000 0.0035016762 0.0336963277
v 0.0101200000 0.0038607393 0.0338770648
v 0.0101200000 0.0042105015 0.0340752027
v 0.0101200000 0.0045501202 0.0342902639
v 0.0101200000 0.0048787773 0.0345217303
v 0.0101200000 0.0051956810 0.0347690444
v 0.0101200000 0.0055000678 0.0350316103
v 0.0101200000 0.0057912045 0.0353087955
v 0.0101200000 0.0060683897 0.0355999322
v 0.0101200000 0.0063309556 0.0359043190
v 0.0101200000 0.0065782697 0.0362212227
v 0.0101200000 0.0068097361 0.0365498798
v 0.0101200000 0.0070247973 0.0368894985
v 0.0101200000 0.0072229352 0.0372392607
v 0.0101200000 0.0074036723 0.0375983238
v 0.0101200000 0.0075665734 0.0379658227
v 0.0101200000 0.0077112459 0.0383408721
v 0.0101200000 0.0078373413 0.0387225685
v 0.0101200000 0.0079445560 0.0391099923
v 0.0101200000 0.0080326314 0.0395022103
v 0.0101200000 0.0081013556 0.0398982774
v 0.0101200000 0.0081505629 0.0402972396
v 0.0101200000 0.0081801348 0.0406981357
v 0.0062900000 0.0081900000 0.0411000000
v 0.0062900000 0.0081801348 0.0415018643
v 0.0062900000 0.0081505629 0.0419027604
v 0.0062900000 0.0081013556 0.0423017226
v 0.0062900000 0.0080326314 0.0426977897
v 0.0062900000 0.0079445560 0.0430900077
v 0.0062900000 0.0078373413 0.0434774315
v 0.0062900000 0.0077112459 0.0438591279
v 0.0062900000 0.0075665734 0.0442341773
v 0.0062900000 0.0074036723 0.0446016762
v 0.0062900000 0.0072229352 0.0449607393
v 0.0062900000 0.0070247973 0.0453105015
v 0.0062900000 0.0068097361 0.0456501202
v 0.0062900000 0.0065782697 0.0459787773
v 0.0062900000 0.0063309556 0.0462956810
v 0.0062900000 0.0060683897 0.0466000678
v 0.0062900000 0.0057912045 0.0468912045
v 0.0062900000 0.0055000678 0.0471683897
v 0.0062900000 0.0051956810 0.0474309556
v 0.0062900000 0.0048787773 0.0476782697
v 0.0062900000 0.0045501202 0.0479097361
v 0.0062900000 0.0042105015 0.0481247973
v 0.0062900000 0.0038607393 0.0483229352
v 0.0062900000 0.0035016762 0.0485036723
v 0.0062900000 0.0031341773 0.0486665734
v 0.0062900000 0.0027591279 0.0488112459
v 0.0062900000 0.0023774315 0.0489373413
v 0.0062900000 0.0019900077 0.0490445560
v 0.0062900000 0.0015977897 0.0491326314
v 0.0062900000 0.0012017226 0.0492013556
v 0.0062900000 0.0008027604 0.0492505629
v 0.0062900000 0.0004018643 0.0492801348
v 0.0062900000 0.0000000000 0.0492900000
v 0.0062900000 -0.0004018643 0.0492801348
v 0.0062900000 -0.0008027604 0.0492505629
v 0.0062900000 -0.0012017226 0.0492013556
v 0.0062900000 -0.0015977897 0.0491326314
v 0.0062900000 -0.0019900077 0.0490445560
v 0.0062900000 -0.0023774315 0.0489373413
v 0.0062900000 -0.0027591279 0.0488112459
v 0.0062900000 -0.0031341773 0.0486665734
v 0.0062900000 -0.0035016762 0.0485036723
v 0.0062900000 -0.0038607393 0.0483229352
v 0.0062900000 -0.0042105015 0.0481247973
v 0.0062900000 -0.0045501202 0.0479097361
v 0.0062900000 -0.0048787773 0.0476782697
v 0.0062900000 -0.0051956810 0.0474309556
v 0.0062900000 -0.0055000678 0.0471683897
v 0.0062900000 -0.0057912045 0.0468912045
v 0.0062900000 -0.0060683897 0.0466000678
v 0.0062900000 -0.0063309556 0.0462956810
v 0.0062900000 -0.0065782697 0.0459787773
v 0.0062900000 -0.0068097361 0.0456501202
v 0.0062900000 -0.0070247973 0.0453105015
v 0.0062900000 -0.0072229352 0.0449607393
v 0.0062900000 -0.0074036723 0.0446016762
v 0.0062900000 -0.0075665734 0.0442341773
v 0.0062900000 -0.0077112459 0.0438591279
v 0.0062900000 -0.0078373413 0.0434774315
v 0.0062900000 -0.0079445560 0.0430900077
v 0.0062900000 -0.0080326314 0.0426977897
v 0.0062900000 -0.0081013556 0.0423017226
v 0.0062900000 -0.0081505629 0.0419027604
v 0.0062900000 -0.0081801348 0.0415018643
v 0.0062900000 -0.0081900000 0.0411000000
v 0.0062900000 -0.0081801348 0.0406981357
v 0.0062900000 -0.0081505629 0.0402972396
v 0.0062900000 -0.0081013556 0.0398982774
v 0.0062900000 -0.0080326314 0.0395022103
v 0.0062900000 -0.0079445560 0.0391099923
v 0.0062900000 -0.0078373413 0.0387225685
v 0.0062900000 -0.0077112459 0.0383408721
v 0.0062900000 -0.0075665734 0.0379658227
v 0.0062900000 -0.0074036723 0.0375983238
v 0.0062900000 -0.0072229352 0.0372392607
v 0.0062900000 -0.0070247973 0.0368894985
v 0.0062900000 -0.0068097361 0.0365498798
v 0.0062900000 -0.0065782697 0.0362212227
v 0.0062900000 -0.0063309556 0.0359043190
v 0.0062900000 -0.0060683897 0.0355999322
v 0.0062900000 -0.0057912045 0.0353087955
v 0.0062900000 -0.0055000678 0.0350316103
v 0.0062900000 -0.0051956810 0.0347690444
v 0.0062900000 -0.0048787773 0.0345217303
v 0.0062900000 -0.0045501202 0.0342902639
v 0.0062900000 -0.0042105015 0.0340752027
v 0.0062900000 -0.0038607393 0.0338770648
v 0.0062900000 -0.0035016762 0.0336963277
v 0.0062900000 -0.0031341773 0.0335334266
v 0.0062900000 -0.0027591279 0.0333887541
v 0.0062900000 -0.0023774315 0.0332626587
v 0.0062900000 -0.0019900077 0.0331554440
v 0.0062900000 -0.0015977897 0.0330673686
v 0.0062900000 -0.0012017226 0.0329986444
v 0.0062900000 -0.0008027604 0.0329494371
v 0.0062900000 -0.0004018643 0.0329198652
v 0.0062900000 -0.0000000000 0.0329100000
v 0.0062900000 0.0004018643 0.0329198652
v 0.0062900000 0.0008027604 0.0329494371
v 0.0062900000 0.0012017226 0.0329986444
v 0.0062900000 0.0015977897 0.0330673686
v 0.0062900000 0.0019900077 0.0331554440
v 0.0062900000 0.0023774315 0.0332626587
v 0.0062900000 0.0027591279 0.0333887541
v 0.0062900000 0.0031341773 0.0335334266
v 0.0062900000 0.0035016762 0.0336963277
v 0.0062900000 0.0038607393 0.0338770648
v 0.0062900000 0.0042105015 0.0340752027
v 0.0062900000 0.0045501202 0.0342902639
v 0.0062900000 0.0048787773 0.0345217303
v 0.0062900000 0.0051956810 0.0347690444
v 0.0062900000 0.0055000678 0.0350316103
v 0.0062900000 0.0057912045 0.0353087955
v 0.0062900000 0.0060683897 0.0355999322
v 0.0062900000 0.0063309556 0.0359043190
v 0.0062900000 0.0065782697 0.0362212227
v 0.0062900000 0.0068097361 0.0365498798
v 0.0062900000 0.0070247973 0.0368894985
v 0.0062900000 0.0072229352 0.0372392607
v 0.0062900000 0.0074036723 0.0375983238
v 0.0062900000 0.0075665734 0.0379658227
v 0.0062900000 0.0077112459 0.0383408721
v 0.0062900000 0.0078373413 0.0387225685
v 0.0062900000 0.0079445560 0.0391099923
v 0.0062900000 0.0080326314 0.0395022103
v 0.0062900000 0.0081013556 0.0398982774
v 0.0062900000 0.0081505629 0.0402972396
v 0.0062900000 0.0081801348 0.0406981357
v 0.0062900000 0.0081900000 0.0411000000
v 0.0062900000 0.0081801348 0.0415018643
v 0.0062900000 0.0081505629 0.0419027604
v 0.0062900000 0.0081013556 0.0423017226
v 0.0062900000 0.0080326314 0.0426977897
v 0.0062900000 0.0079445560 0.0430900077
v 0.0062900000 0.0078373413 0.0434774315
v 0.0062900000 0.0077112459 0.0438591279
v 0.0062900000 0.0075665734 0.0442341773
v 0.0062900000 0.0074036723 0.0446016762
v 0.0062900000 0.0072229352 0.0449607393
v 0.0062900000 0.0070247973 0.0453105015
v 0.0062900000 0.0068097361 0.0456501202
v 0.0062900000 0.0065782697 0.0459787773
v 0.0062900000 0.0063309556 0.0462956810
v 0.0062900000 0.0060683897 0.0466000678
v 0.0062900000 0.0057912045 0.0468912045
v 0.0062900000 0.0055000678 0.0471683897
v 0.0062900000 0.0051956810 0.0474309556
v 0.0062900000 0.0048787773 0.0476782697
v 0.0062900000 0.0045501202 0.0479097361
v 0.0062900000 0.0042105015 0.0481247973
v 0.0062900000 0.0038607393 0.0483229352
v 0.0062900000 0.0035016762 0.0485036723
v 0.0062900000 0.0031341773 0.0486665734
v 0.0062900000 0.0027591279 0.0488112459
v 0.0062900000 0.0023774315 0.0489373413
v 0.0062900000 0.0019900077 0.0490445560
v 0.0062900000 0.0015977897 0.0491326314
v 0.0062900000 0.0012017226 0.0492013556
v 0.0062900000 0.0008027604 0.0492505629
v 0.0062900000 0.0004018643 0.0492801348
v 0.0062900000 0.0000000000 0.0492900000
v 0.0062900000 -0.0004018643 0.0492801348
v 0.0062900000 -0.0008027604 0.0492505629
v 0.0062900000 -0.0012017226 0.0492013556
v 0.0062900000 -0.0015977897 0.0491326314
v 0.0062900000 -0.0019900077 0.0490445560
v 0.0062900000 -0.0023774315 0.0489373413
v 0.0062900000 -0.0027591279 0.0488112459
v 0.0062900000 -0.0031341773 0.0486665734
v 0.0062900000 -0.0035016762 0.0485036723
v 0.0062900000 -0.0038607393 0.0483229352
v 0.0062900000 -0.0042105015 0.0481247973
v 0.0062900000 -0.0045501202 0.0479097361
v 0.0062900000 -0.0048787773 0.0476782697
v 0.0062900000 -0.0051956810 0.0474309556
v 0.0062900000 -0.0055000678 0.0471683897
v 0.0062900000 -0.0057912045 0.0468912045
v 0.0062900000 -0.0060683897 0.0466000678
v 0.0062900000 -0.0063309556 0.0462956810
v 0.0062900000 -0.0065782697 0.0459787773
v 0.0062900000 -0.0068097361 0.0456501202
v 0.0062900000 -0.0070247973 0.0453105015
v 0.0062900000 -0.0072229352 0.0449607393
v 0.0062900000 -0.0074036723 0.0446016762
v 0.0062900000 -0.0075665734 0.0442341773
v 0.0062900000 -0.0077112459 0.0438591279
v 0.0062900000 -0.0078373413 0.0434774315
v 0.0062900000 -0.0079445560 0.0430900077
v 0.0062900000 -0.0080326314 0.0426977897
v 0.0062900000 -0.0081013556 0.0423017226
v 0.0062900000 -0.0081505629 0.0419027604
v 0.0062900000 -0.0081801348 0.0415018643
v 0.0062900000 -0.0081900000 0.0411000000
v 0.0062900000 -0.0081801348 0.0406981357
v 0.0062900000 -0.0081505629 0.0402972396
v 0.0062900000 -0.0081013556 0.0398982774
v 0.0062900000 -0.0080326314 0.0395022103
v 0.0062900000 -0.0079445560 0.0391099923
v 0.0062900000 -0.0078373413 0.0387225685
v 0.0062900000 -0.0077112459 0.0383408721
v 0.0062900000 -0.0075665734 0.0379658227
v 0.0062900000 -0.0074036723 0.0375983238
v 0.0062900000 -0.0072229352 0.0372392607
v 0.0062900000 -0.0070247973 0.0368894985
v 0.0062900000 -0.0068097361 0.0365498798
v 0.0062900000 -0.0065782697 0.0362212227
v 0.0062900000 -0.0063309556 0.0359043190
v 0.0062900000 -0.0060683897 0.0355999322
v 0.0062900000 -0.0057912045 0.0353087955
v 0.0062900000 -0.0055000678 0.0350316103
v 0.0062900000 -0.0051956810 0.0347690444
v 0.0062900000 -0.0048787773 0.0345217303
v 0.0062900000 -0.0045501202 0.0342902639
v 0.0062900000 -0.0042105015 0.0340752027
v 0.0062900000 -0.0038607393 0.0338770648
v 0.0062900000 -0.0035016762 0.0336963277
v 0.0062900000 -0.0031341773 0.0335334266
v 0.0062900000 -0.0027591279 0.0333887541
v 0.0062900000 -0.0023774315 0.0332626587
v 0.0062900000 -0.0019900077 0.0331554440
v 0.0062900000 -0.0015977897 0.0330673686
v 0.0062900000 -0.0012017226 0.0329986444
v 0.0062900000 -0.0008027604 0.0329494371
v 0.0062900000 -0.0004018643 0.0329198652
v 0.0062900000 -0.0000000000 0.0329100000
v 0.0062900000 0.0004018643 0.0329198652
v 0.0062900000 0.0008027604 0.0329494371
v 0.0062900000 0.0012017226 0.0329986444
v 0.0062900000 0.0015977897 0.0330673686
v 0.0062900000 0.0019900077 0.0331554440
v 0.0062900000 0.0023774315 0.0332626587
v 0.0062900000 0.0027591279 0.0333887541
v 0.0062900000 0.0031341773 0.0335334266
v 0.0062900000 0.0035016762 0.0336963277
v 0.0062900000 0.0038607393 0.0338770648
v 0.0062900000 0.0042105015 0.0340752027
v 0.0062900000 0.0045501202 0.0342902639
v 0.0062900000 0.0048787773 0.0345217303
v 0.0062900000 0.0051956810 0.0347690444
v 0.0062900000 0.0055000678 0.0350316103
v 0.0062900000 0.0057912045 0.0353087955
v 0.0062900000 0.0060683897 0.0355999322
v 0.0062900000 0.0063309556 0.0359043190
v 0.0062900000 0.0065782697 0.0362212227
v 0.0062900000 0.0068097361 0.0365498798
v 0.0062900000 0.0070247973 0.0368894985
v 0.0062900000 0.0072229352 0.0372392607
v 0.0062900000 0.0074036723 0.0375983238
v 0.0062900000 0.0075665734 0.0379658227
v 0.0062900000 0.0077112459 0.0383408721
v 0.0062900000 0.0078373413 0.0387225685
v 0.0062900000 0.0079445560 0.0391099923
v 0.0062900000 0.0080326314 0.0395022103
v 0.0062900000 0.0081013556 0.0398982774
v 0.0062900000 0.0081505629 0.0402972396
v 0.0062900000 0.0081801348 0.0406981357
v 0.0062900000 -0.0000000000 0.0411000000
vn -1.00000000 -0.00000000 -0.00000000
vn -1.00000000 -0.00000000 -0.00000000
vn -1.00000000 -0.00000000 -0.00000000
vn -1.00000000 -0.00000000 -0.00000000
vn -1.00000000 -0.00000000 -0.00000000
vn -1.00000000 -0.00000000 -0.00000000
vn -1.00000000 -0.00000000 -0.00000000
vn -1.00000000 -0.00000000 -0.00000000
vn -1.00000000 -0.00000000 -0.00000000
vn -1.00000000 -0.00000000 -0.00000000
vn -1.00000000 -0.00000000 -0.00000000
vn -1.00000000 -0.00000000 -0.00000000
vn -1.00000000 -0.00000000 -0.00000000
vn -1.00000000 -0.00000000 -0.00000000
vn -1.00000000 -0.00000000 -0.00000000
vn -1.00000000 -0.00000000 -0.00000000
vn -1.00000000 -0.00000000 -0.00000000
vn -1.00000000 -0.00000000 -0.00000000
vn -1.00000000 -0.00000000 -0.00000000
vn -1.00000000 -0.00000000 -0.00000000
vn -1.00000000 -0.00000000 -0.00000000
vn -1.00000000 -0.00000000 -0.00000000
vn -1.00000000 -0.00000000 -0.00000000
vn -1.00000000 -0.00000000 -0.00000000
vn -1.00000000 -0.00000000 -0.00000000
vn -1.00000000 -0.00000000 -0.00000000
vn -1.00000000 -0.00000000 -0.00000000
vn -1.00000000 -0.00000000 -0.00000000
vn -1.00000000 -0.00000000 -0.00000000
vn -1.00000000 -0.00000000 -0.00000000
vn -1.00000000 -0.00000000 -0.00000000
vn -1.00000000 -0.00000000 -0.00000000
vn -1.00000000 -0.00000000 -0.00000000
vn -1.00000000 0.00000000 -0.00000000
vn -1.00000000 0.00000000 -0.00000000
vn -1.00000000 0.00000000 -0.00000000
vn -1.00000000 0.00000000 -0.00000000
vn -1.00000000 0.00000000 -0.00000000
vn -1.00000000 0.00000000 -0.00000000
vn -1.00000000 0.00000000 -0.00000000
vn -1.00000000 0.00000000 -0.00000000
vn -1.00000000 0.00000000 -0.00000000
vn -1.00000000 0.00000000 -0.00000000
vn -1.00000000 0.00000000 -0.00000000
vn -1.00000000 0.00000000 -0.00000000
vn -1.00000000 0.00000000 -0.00000000
vn -1.00000000 0.00000000 -0.00000000
vn -1.00000000 0.00000000 -0.00000000
vn -1.00000000 0.00000000 -0.00000000
vn -1.00000000 0.00000000 -0.00000000
vn -1.00000000 0.00000000 -0.00000000
vn -1.00000000 0.00000000 -0.00000000
vn -1.00000000 0.00000000 -0.00000000
vn -1.00000000 0.00000000 -0.00000000
vn -1.00000000 0.00000000 -0.00000000
vn -1.00000000 0.00000000 -0.00000000
vn -1.00000000 0.00000000 -0.00000000
vn -1.00000000 0.00000000 -0.00000000
vn -1.00000000 0.00000000 -0.00000000
vn -1.00000000 0.00000000 -0.00000000
vn -1.00000000 0.00000000 -0.00000000
vn -1.00000000 0.00000000 -0.00000000
vn -1.00000000 0.00000000 -0.00000000
vn -1.00000000 0.00000000 -0.00000000
vn -1.00000000 0.00000000 -0.00000000
vn -1.00000000 0.00000000 0.00000000
vn -1.00000000 0.00000000 0.00000000
vn -1.00000000 0.00000000 0.00000000
vn -1.00000000 0.00000000 0.00000000
vn -1.00000000 0.00000000 0.00000000
vn -1.00000000 0.00000000 0.00000000
vn -1.00000000 0.00000000 0.00000000
vn -1.00000000 0.00000000 0.00000000
vn -1.00000000 0.00000000 0.00000000
vn -1.00000000 0.00000000 0.00000000
vn -1.00000000 0.00000000 0.00000000
vn -1.00000000 0.00000000 0.00000000
vn -1.00000000 0.00000000 0.00000000
vn -1.00000000 0.00000000 0.00000000
vn -1.00000000 0.00000000 0.00000000
vn -1.00000000 0.00000000 0.00000000
vn -1.00000000 0.00000000 0.00000000
vn -1.00000000 0.00000000 0.00000000
vn -1.00000000 0.00000000 0.00000000
vn -1.00000000 0.00000000 0.00000000
vn -1.00000000 0.00000000 0.00000000
vn -1.00000000 0.00000000 0.00000000
vn -1.00000000 0.00000000 0.00000000
vn -1.00000000 0.00000000 0.00000000
vn -1.00000000 0.00000000 0.00000000
vn -1.00000000 0.00000000 0.00000000
vn -1.00000000 0.00000000 0.00000000
vn -1.00000000 0.00000000 0.00000000
vn -1.00000000 0.00000000 0.00000000
vn -1.00000000 0.00000000 0.00000000
vn -1.00000000 0.00000000 0.00000000
vn -1.00000000 0.00000000 0.00000000
vn -1.00000000 -0.00000000 0.00000000
vn -1.00000000 -0.00000000 0.00000000
vn -1.00000000 -0.00000000 0.00000000
vn -1.00000000 -0.00000000 0.00000000
vn -1.00000000 -0.00000000 0.00000000
vn -1.00000000 -0.00000000 0.00000000
vn -1.00000000 -0.00000000 0.00000000
vn -1.00000000 -0.00000000 0.00000000
vn -1.00000000 -0.00000000 0.00000000
vn -1.00000000 -0.00000000 0.00000000
vn -1.00000000 -0.00000000 0.00000000
vn -1.00000000 -0.00000000 0.00000000
vn -1.00000000 -0.00000000 0.00000000
vn -1.00000000 -0.00000000 0.00000000
vn -1.00000000 -0.00000000 0.00000000
vn -1.00000000 -0.00000000 0.00000000
vn -1.00000000 -0.00000000 0.00000000
vn -1.00000000 -0.00000000 0.00000000
vn -1.00000000 -0.00000000 0.00000000
vn -1.00000000 -0.00000000 0.00000000
vn -1.00000000 -0.00000000 0.00000000
vn -1.00000000 -0.00000000 0.00000000
vn -1.00000000 -0.00000000 0.00000000
vn -1.00000000 -0.00000000 0.00000000
vn -1.00000000 -0.00000000 0.00000000
vn -1.00000000 -0.00000000 0.00000000
vn -1.00000000 -0.00000000 0.00000000
vn -1.00000000 -0.00000000 0.00000000
vn -1.00000000 -0.00000000 0.00000000
vn -1.00000000 -0.00000000 0.00000000
vn -1.00000000 -0.00000000 0.00000000
vn -0.96622635 0.25769485 0.00000000
vn -0.96622635 0.25738444 0.01264449
vn -0.96622635 0.25645398 0.02525851
vn -0.96622635 0.25490569 0.03781169
vn -0.96622635 0.25274331 0.05027377
vn -0.96622635 0.24997205 0.06261474
vn -0.96622635 0.24659859 0.07480487
vn -0.96622635 0.24263105 0.08681478
vn -0.96622635 0.23807899 0.09861555
vn -0.96622635 0.23295338 0.11017874
vn -0.96622635 0.22726656 0.12147651
vn -0.96622635 0.22103224 0.13248163
vn -0.96622635 0.21426543 0.14316759
vn -0.96622635 0.20698244 0.15350864
vn -0.96622635 0.19920081 0.16347988
vn -0.96622635 0.19093929 0.17305728
vn -0.96622635 0.18221777 0.18221777
vn -0.96622635 0.17305728 0.19093929
vn -0.96622635 0.16347988 0.19920081
vn -0.96622635 0.15350864 0.20698244
vn -0.96622635 0.14316759 0.21426543
vn -0.96622635 0.13248163 0.22103224
vn -0.96622635 0.12147651 0.22726656
vn -0.96622635 0.11017874 0.23295338
vn -0.96622635 0.09861555 0.23807899
vn -0.96622635 0.08681478 0.24263105
vn -0.96622635 0.07480487 0.24659859
vn -0.96622635 0.06261474 0.24997205
vn -0.96622635 0.05027377 0.25274331
vn -0.96622635 0.03781169 0.25490569
vn -0.96622635 0.02525851 0.25645398
vn -0.96622635 0.01264449 0.25738444
vn -0.96622635 0.00000000 0.25769485
vn -0.96622635 -0.01264449 0.25738444
vn -0.96622635 -0.02525851 0.25645398
vn -0.96622635 -0.03781169 0.25490569
vn -0.96622635 -0.05027377 0.25274331
vn -0.96622635 -0.06261474 0.24997205
vn -0.96622635 -0.07480487 0.24659859
vn -0.96622635 -0.08681478 0.24263105
vn -0.96622635 -0.09861555 0.23807899
vn -0.96622635 -0.11017874 0.23295338
vn -0.96622635 -0.12147651 0.22726656
vn -0.96622635 -0.13248163 0.22103224
vn -0.96622635 -0.14316759 0.21426543
vn -0.96622635 -0.15350864 0.20698244
vn -0.96622635 -0.16347988 0.19920081
vn -0.96622635 -0.17305728 0.19093929
vn -0.96622635 -0.18221777 0.18221777
vn -0.96622635 -0.19093929 0.17305728
vn -0.96622635 -0.19920081 0.16347988
vn -0.96622635 -0.20698244 0.15350864
vn -0.96622635 -0.21426543 0.14316759
vn -0.96622635 -0.22103224 0.13248163
vn -0.96622635 -0.22726656 0.12147651
vn -0.96622635 -0.23295338 0.11017874
vn -0.96622635 -0.23807899 0.09861555
vn -0.96622635 -0.24263105 0.08681478
vn -0.96622635 -0.24659859 0.07480487
vn -0.96622635 -0.24997205 0.06261474
vn -0.96622635 -0.25274331 0.05027377
vn -0.96622635 -0.25490569 0.03781169
vn -0.96622635 -0.25645398 0.02525851
vn -0.96622635 -0.25738444 0.01264449
vn -0.96622635 -0.25769485 0.00000000
vn -0.96622635 -0.25738444 -0.01264449
vn -0.96622635 -0.25645398 -0.02525851
vn -0.96622635 -0.25490569 -0.03781169
vn -0.96622635 -0.25274331 -0.05027377
vn -0.96622635 -0.24997205 -0.06261474
vn -0.96622635 -0.24659859 -0.07480487
vn -0.96622635 -0.24263105 -0.08681478
vn -0.96622635 -0.23807899 -0.09861555
vn -0.96622635 -0.23295338 -0.11017874
vn -0.96622635 -0.22726656 -0.12147651
vn -0.96622635 -0.22103224 -0.13248163
vn -0.96622635 -0.21426543 -0.14316759
vn -0.96622635 -0.20698244 -0.15350864
vn -0.96622635 -0.19920081 -0.16347988
vn -0.96622635 -0.19093929 -0.17305728
vn -0.96622635 -0.18221777 -0.18221777
vn -0.96622635 -0.17305728 -0.19093929
vn -0.96622635 -0.16347988 -0.19920081
vn -0.96622635 -0.15350864 -0.20698244
vn -0.96622635 -0.14316759 -0.21426543
vn -0.96622635 -0.13248163 -0.22103224
vn -0.96622635 -0.12147651 -0.22726656
vn -0.96622635 -0.11017874 -0.23295338
vn -0.96622635 -0.09861555 -0.23807899
vn -0.96622635 -0.08681478 -0.24263105
vn -0.96622635 -0.07480487 -0.24659859
vn -0.96622635 -0.06261474 -0.24997205
vn -0.96622635 -0.05027377 -0.25274331
vn -0.96622635 -0.03781169 -0.25490569
vn -0.96622635 -0.02525851 -0.25645398
vn -0.96622635 -0.01264449 -0.25738444
vn -0.96622635 -0.00000000 -0.25769485
vn -0.96622635 0.01264449 -0.25738444
vn -0.96622635 0.02525851 -0.25645398
vn -0.96622635 0.03781169 -0.25490569
vn -0.96622635 0.05027377 -0.25274331
vn -0.96622635 0.06261474 -0.24997205
vn -0.96622635 0.07480487 -0.24659859
vn -0.96622635 0.08681478 -0.24263105
vn -0.96622635 0.09861555 -0.23807899
vn -0.96622635 0.11017874 -0.23295338
vn -0.96622635 0.12147651 -0.22726656
vn -0.96622635 0.13248163 -0.22103224
vn -0.96622635 0.14316759 -0.21426543
vn -0.96622635 0.15350864 -0.20698244
vn -0.96622635 0.16347988 -0.19920081
vn -0.96622635 0.17305728 -0.19093929
vn -0.96622635 0.18221777 -0.18221777
vn -0.96622635 0.19093929 -0.17305728
vn -0.96622635 0.19920081 -0.16347988
vn -0.96622635 0.20698244 -0.15350864
vn -0.96622635 0.21426543 -0.14316759
vn -0.96622635 0.22103224 -0.13248163
vn -0.96622635 0.22726656 -0.12147651
vn -0.96622635 0.23295338 -0.11017874
vn -0.96622635 0.23807899 -0.09861555
vn -0.96622635 0.24263105 -0.08681478
vn -0.96622635 0.24659859 -0.07480487
vn -0.96622635 0.24997205 -0.06261474
vn -0.96622635 0.25274331 -0.05027377
vn -0.96622635 0.25490569 -0.03781169
vn -0.96622635 0.25645398 -0.02525851
vn -0.96622635 0.25738444 -0.01264449
vn -0.87097847 0.49132119 0.00000000
vn -0.87097847 0.49072937 0.02410799
vn -0.87097847 0.48895534 0.04815790
vn -0.87097847 0.48600338 0.07209179
vn -0.87097847 0.48188059 0.09585201
vn -0.87097847 0.47659691 0.11938131
vn -0.87097847 0.47016506 0.14262301
vn -0.87097847 0.46260055 0.16552112
vn -0.87097847 0.45392159 0.18802048
vn -0.87097847 0.44414909 0.21006688
vn -0.87097847 0.43330660 0.23160720
vn -0.87097847 0.42142024 0.25258957
vn -0.87097847 0.40851864 0.27296343
vn -0.87097847 0.39463288 0.29267969
vn -0.87097847 0.37979641 0.31169086
vn -0.87097847 0.36404499 0.32995114
vn -0.87097847 0.34741654 0.34741654
vn -0.87097847 0.32995114 0.36404499
vn -0.87097847 0.31169086 0.37979641
vn -0.87097847 0.29267969 0.39463288
vn -0.87097847 0.27296343 0.40851864
vn -0.87097847 0.25258957 0.42142024
vn -0.87097847 0.23160720 0.43330660
vn -0.87097847 0.21006688 0.44414909
vn -0.87097847 0.18802048 0.45392159
vn -0.87097847 0.16552112 0.46260055
vn -0.87097847 0.14262301 0.47016506
vn -0.87097847 0.11938131 0.47659691
vn -0.87097847 0.09585201 0.48188059
vn -0.87097847 0.07209179 0.48600338
vn -0.87097847 0.04815790 0.48895534
vn -0.87097847 0.02410799 0.49072937
vn -0.87097847 0.00000000 0.49132119
vn -0.87097847 -0.02410799 0.49072937
vn -0.87097847 -0.04815790 0.48895534
vn -0.87097847 -0.07209179 0.48600338
vn -0.87097847 -0.09585201 0.48188059
vn -0.87097847 -0.11938131 0.47659691
vn -0.87097847 -0.14262301 0.47016506
vn -0.87097847 -0.16552112 0.46260055
vn -0.87097847 -0.18802048 0.45392159
vn -0.87097847 -0.21006688 0.44414909
vn -0.87097847 -0.23160720 0.43330660
vn -0.87097847 -0.25258957 0.42142024
vn -0.87097847 -0.27296343 0.40851864
vn -0.87097847 -0.29267969 0.39463288
vn -0.87097847 -0.31169086 0.37979641
vn -0.87097847 -0.32995114 0.36404499
vn -0.87097847 -0.34741654 0.34741654
vn -0.87097847 -0.36404499 0.32995114
vn -0.87097847 -0.37979641 0.31169086
vn -0.87097847 -0.39463288 0.29267969
vn -0.87097847 -0.40851864 0.27296343
vn -0.87097847 -0.42142024 0.25258957
vn -0.87097847 -0.43330660 0.23160720
vn -0.87097847 -0.44414909 0.21006688
vn -0.87097847 -0.45392159 0.18802048
vn -0.87097847 -0.46260055 0.16552112
vn -0.87097847 -0.47016506 0.14262301
vn -0.87097847 -0.47659691 0.11938131
vn -0.87097847 -0.48188059 0.09585201
vn -0.87097847 -0.48600338 0.07209179
vn -0.87097847 -0.48895534 0.04815790
vn -0.87097847 -0.49072937 0.02410799
vn -0.87097847 -0.49132119 0.00000000
vn -0.87097847 -0.49072937 -0.02410799
vn -0.87097847 -0.48895534 -0.04815790
vn -0.87097847 -0.48600338 -0.07209179
vn -0.87097847 -0.48188059 -0.09585201
vn -0.87097847 -0.47659691 -0.11938131
vn -0.87097847 -0.47016506 -0.14262301
vn -0.87097847 -0.46260055 -0.16552112
vn -0.87097847 -0.45392159 -0.18802048
vn -0.87097847 -0.44414909 -0.21006688
vn -0.87097847 -0.43330660 -0.23160720
vn -0.87097847 -0.42142024 -0.25258957
vn -0.87097847 -0.40851864 -0.27296343
vn -0.87097847 -0.39463288 -0.29267969
vn -0.87097847 -0.37979641 -0.31169086
vn -0.87097847 -0.36404499 -0.32995114
vn -0.87097847 -0.34741654 -0.34741654
vn -0.87097847 -0.32995114 -0.36404499
vn -0.87097847 -0.31169086 -0.37979641
vn -0.87097847 -0.29267969 -0.39463288
vn -0.87097847 -0.27296343 -0.40851864
vn -0.87097847 -0.25258957 -0.42142024
vn -0.87097847 -0.23160720 -0.43330660
vn -0.87097847 -0.21006688 -0.44414909
vn -0.87097847 -0.18802048 -0.45392159
vn -0.87097847 -0.16552112 -0.46260055
vn -0.87097847 -0.14262301 -0.47016506
vn -0.87097847 -0.11938131 -0.47659691
vn -0.87097847 -0.09585201 -0.48188059
vn -0.87097847 -0.07209179 -0.48600338
vn -0.87097847 -0.04815790 -0.48895534
vn -0.87097847 -0.02410799 -0.49072937
vn -0.87097847 -0.00000000 -0.49132119
vn -0.87097847 0.02410799 -0.49072937
vn -0.87097847 0.04815790 -0.48895534
vn -0.87097847 0.07209179 -0.48600338
vn -0.87097847 0.09585201 -0.48188059
vn -0.87097847 0.11938131 -0.47659691
vn -0.87097847 0.14262301 -0.47016506
vn -0.87097847 0.16552112 -0.46260055
vn -0.87097847 0.18802048 -0.45392159
vn -0.87097847 0.21006688 -0.44414909
vn -0.87097847 0.23160720 -0.43330660
vn -0.87097847 0.25258957 -0.42142024
vn -0.87097847 0.27296343 -0.40851864
vn -0.87097847 0.29267969 -0.39463288
vn -0.87097847 0.31169086 -0.37979641
vn -0.87097847 0.32995114 -0.36404499
vn -0.87097847 0.34741654 -0.34741654
vn -0.87097847 0.36404499 -0.32995114
vn -0.87097847 0.37979641 -0.31169086
vn -0.87097847 0.39463288 -0.29267969
vn -0.87097847 0.40851864 -0.27296343
vn -0.87097847 0.42142024 -0.25258957
vn -0.87097847 0.43330660 -0.23160720
vn -0.87097847 0.44414909 -0.21006688
vn -0.87097847 0.45392159 -0.18802048
vn -0.87097847 0.46260055 -0.16552112
vn -0.87097847 0.47016506 -0.14262301
vn -0.87097847 0.47659691 -0.11938131
vn -0.87097847 0.48188059 -0.09585201
vn -0.87097847 0.48600338 -0.07209179
vn -0.87097847 0.48895534 -0.04815790
vn -0.87097847 0.49072937 -0.02410799
vn -1.00000000 0.00000000 0.00000000
vn 0.00000000 1.00000000 0.00000000
vn 0.00000000 0.99879546 0.04906767
vn 0.00000000 0.99518473 0.09801714
vn 0.00000000 0.98917651 0.14673047
vn 0.00000000 0.98078528 0.19509032
vn 0.00000000 0.97003125 0.24298018
vn 0.00000000 0.95694034 0.29028468
vn 0.00000000 0.94154407 0.33688985
vn 0.00000000 0.92387953 0.38268343
vn 0.00000000 0.90398929 0.42755509
vn 0.00000000 0.88192126 0.47139674
vn 0.00000000 0.85772861 0.51410274
vn 0.00000000 0.83146961 0.55557023
vn 0.00000000 0.80320753 0.59569930
vn 0.00000000 0.77301045 0.63439328
vn 0.00000000 0.74095113 0.67155895
vn 0.00000000 0.70710678 0.70710678
vn 0.00000000 0.67155895 0.74095113
vn 0.00000000 0.63439328 0.77301045
vn 0.00000000 0.59569930 0.80320753
vn 0.00000000 0.55557023 0.83146961
vn 0.00000000 0.51410274 0.85772861
vn 0.00000000 0.47139674 0.88192126
vn 0.00000000 0.42755509 0.90398929
vn 0.00000000 0.38268343 0.92387953
vn 0.00000000 0.33688985 0.94154407
vn 0.00000000 0.29028468 0.95694034
vn 0.00000000 0.24298018 0.97003125
vn 0.00000000 0.19509032 0.98078528
vn 0.00000000 0.14673047 0.98917651
vn 0.00000000 0.09801714 0.99518473
vn 0.00000000 0.04906767 0.99879546
vn 0.00000000 -0.00000000 1.00000000
vn 0.00000000 -0.04906767 0.99879546
vn 0.00000000 -0.09801714 0.99518473
vn 0.00000000 -0.14673047 0.98917651
vn 0.00000000 -0.19509032 0.98078528
vn 0.00000000 -0.24298018 0.97003125
vn 0.00000000 -0.29028468 0.95694034
vn 0.00000000 -0.33688985 0.94154407
vn 0.00000000 -0.38268343 0.92387953
vn 0.00000000 -0.42755509 0.90398929
vn 0.00000000 -0.47139674 0.88192126
vn 0.00000000 -0.51410274 0.85772861
vn 0.00000000 -0.55557023 0.83146961
vn 0.00000000 -0.59569930 0.80320753
vn 0.00000000 -0.63439328 0.77301045
vn 0.00000000 -0.67155895 0.74095113
vn 0.00000000 -0.70710678 0.70710678
vn 0.00000000 -0.74095113 0.67155895
vn 0.00000000 -0.77301045 0.63439328
vn 0.00000000 -0.80320753 0.59569930
vn 0.00000000 -0.83146961 0.55557023
vn 0.00000000 -0.85772861 0.51410274
vn 0.00000000 -0.88192126 0.47139674
vn 0.00000000 -0.90398929 0.42755509
vn 0.00000000 -0.92387953 0.38268343
vn 0.00000000 -0.94154407 0.33688985
vn 0.00000000 -0.95694034 0.29028468
vn 0.00000000 -0.97003125 0.24298018
vn 0.00000000 -0.98078528 0.19509032
vn 0.00000000 -0.98917651 0.14673047
vn 0.00000000 -0.99518473 0.09801714
vn 0.00000000 -0.99879546 0.04906767
vn 0.00000000 -1.00000000 0.00000000
vn 0.00000000 -0.99879546 -0.04906767
vn 0.00000000 -0.99518473 -0.09801714
vn 0.00000000 -0.98917651 -0.14673047
vn 0.00000000 -0.98078528 -0.19509032
vn 0.00000000 -0.97003125 -0.24298018
vn 0.00000000 -0.95694034 -0.29028468
vn 0.00000000 -0.94154407 -0.33688985
vn 0.00000000 -0.92387953 -0.38268343
vn 0.00000000 -0.90398929 -0.42755509
vn 0.00000000 -0.88192126 -0.47139674
vn 0.00000000 -0.85772861 -0.51410274
vn 0.00000000 -0.83146961 -0.55557023
vn 0.00000000 -0.80320753 -0.59569930
vn 0.00000000 -0.77301045 -0.63439328
vn 0.00000000 -0.74095113 -0.67155895
vn 0.00000000 -0.70710678 -0.70710678
vn 0.00000000 -0.67155895 -0.74095113
vn 0.00000000 -0.63439328 -0.77301045
vn 0.00000000 -0.59569930 -0.80320753
vn 0.00000000 -0.55557023 -0.83146961
vn 0.00000000 -0.51410274 -0.85772861
vn 0.00000000 -0.47139674 -0.88192126
vn 0.00000000 -0.42755509 -0.90398929
vn 0.00000000 -0.38268343 -0.92387953
vn 0.00000000 -0.33688985 -0.94154407
vn 0.00000000 -0.29028468 -0.95694034
vn 0.00000000 -0.24298018 -0.97003125
vn 0.00000000 -0.19509032 -0.98078528
vn 0.00000000 -0.14673047 -0.98917651
vn 0.00000000 -0.09801714 -0.99518473
vn 0.00000000 -0.04906767 -0.99879546
vn 0.00000000 0.00000000 -1.00000000
vn 0.00000000 0.04906767 -0.99879546
vn 0.00000000 0.09801714 -0.99518473
vn 0.00000000 0.14673047 -0.98917651
vn 0.00000000 0.19509032 -0.98078528
vn 0.00000000 0.24298018 -0.97003125
vn 0.00000000 0.29028468 -0.95694034
vn 0.00000000 0.33688985 -0.94154407
vn 0.00000000 0.38268343 -0.92387953
vn 0.00000000 0.42755509 -0.90398929
vn 0.00000000 0.47139674 -0.88192126
vn 0.00000000 0.51410274 -0.85772861
vn 0.00000000 0.55557023 -0.83146961
vn 0.00000000 0.59569930 -0.80320753
vn 0.00000000 0.63439328 -0.77301045
vn 0.00000000 0.67155895 -0.74095113
vn 0.00000000 0.70710678 -0.70710678
vn 0.00000000 0.74095113 -0.67155895
vn 0.00000000 0.77301045 -0.63439328
vn 0.00000000 0.80320753 -0.59569930
vn 0.00000000 0.83146961 -0.55557023
vn 0.00000000 0.85772861 -0.51410274
vn 0.00000000 0.88192126 -0.47139674
vn 0.00000000 0.90398929 -0.42755509
vn 0.00000000 0.92387953 -0.38268343
vn 0.00000000 0.94154407 -0.33688985
vn 0.00000000 0.95694034 -0.29028468
vn 0.00000000 0.97003125 -0.24298018
vn 0.00000000 0.98078528 -0.19509032
vn 0.00000000 0.98917651 -0.14673047
vn 0.00000000 0.99518473 -0.09801714
vn 0.00000000 0.99879546 -0.04906767
vn 0.30905613 0.95104380 0.00000000
vn 0.30905613 0.94989822 0.04666551
vn 0.30905613 0.94646426 0.09321859
vn 0.30905613 0.94075019 0.13954711
vn 0.30905613 0.93276976 0.18553944
vn 0.30905613 0.92254221 0.23108479
vn 0.30905613 0.91009217 0.27607344
vn 0.30905613 0.89544964 0.32039701
vn 0.30905613 0.87864990 0.36394871
vn 0.30905613 0.85973341 0.40662362
vn 0.30905613 0.83874575 0.44831894
vn 0.30905613 0.81573748 0.48893423
vn 0.30905613 0.79076402 0.52837162
vn 0.30905613 0.76388554 0.56653613
vn 0.30905613 0.73516680 0.60333580
vn 0.30905613 0.70467697 0.63868198
vn 0.30905613 0.67248952 0.67248952
vn 0.30905613 0.63868198 0.70467697
vn 0.30905613 0.60333580 0.73516680
vn 0.30905613 0.56653613 0.76388554
vn 0.30905613 0.52837162 0.79076402
vn 0.30905613 0.48893423 0.81573748
vn 0.30905613 0.44831894 0.83874575
vn 0.30905613 0.40662362 0.85973341
vn 0.30905613 0.36394871 0.87864990
vn 0.30905613 0.32039701 0.89544964
vn 0.30905613 0.27607344 0.91009217
vn 0.30905613 0.23108479 0.92254221
vn 0.30905613 0.18553944 0.93276976
vn 0.30905613 0.13954711 0.94075019
vn 0.30905613 0.09321859 0.94646426
vn 0.30905613 0.04666551 0.94989822
vn 0.30905613 -0.00000000 0.95104380
vn 0.30905613 -0.04666551 0.94989822
vn 0.30905613 -0.09321859 0.94646426
vn 0.30905613 -0.13954711 0.94075019
vn 0.30905613 -0.18553944 0.93276976
vn 0.30905613 -0.23108479 0.92254221
vn 0.30905613 -0.27607344 0.91009217
vn 0.30905613 -0.32039701 0.89544964
vn 0.30905613 -0.36394871 0.87864990
vn 0.30905613 -0.40662362 0.85973341
vn 0.30905613 -0.44831894 0.83874575
vn 0.30905613 -0.48893423 0.81573748
vn 0.30905613 -0.52837162 0.79076402
vn 0.30905613 -0.56653613 0.76388554
vn 0.30905613 -0.60333580 0.73516680
vn 0.30905613 -0.63868198 0.70467697
vn 0.30905613 -0.67248952 0.67248952
vn 0.30905613 -0.70467697 0.63868198
vn 0.30905613 -0.73516680 0.60333580
vn 0.30905613 -0.76388554 0.56653613
vn 0.30905613 -0.79076402 0.52837162
vn 0.30905613 -0.81573748 0.48893423
vn 0.30905613 -0.83874575 0.44831894
vn 0.30905613 -0.85973341 0.40662362
vn 0.30905613 -0.87864990 0.36394871
vn 0.30905613 -0.89544964 0.32039701
vn 0.30905613 -0.91009217 0.27607344
vn 0.30905613 -0.92254221 0.23108479
vn 0.30905613 -0.93276976 0.18553944
vn 0.30905613 -0.94075019 0.13954711
vn 0.30905613 -0.94646426 0.09321859
vn 0.30905613 -0.94989822 0.04666551
vn 0.30905613 -0.95104380 -0.00000000
vn 0.30905613 -0.94989822 -0.04666551
vn 0.30905613 -0.94646426 -0.09321859
vn 0.30905613 -0.94075019 -0.13954711
vn 0.30905613 -0.93276976 -0.18553944
vn 0.30905613 -0.92254221 -0.23108479
vn 0.30905613 -0.91009217 -0.27607344
vn 0.30905613 -0.89544964 -0.32039701
vn 0.30905613 -0.87864990 -0.36394871
vn 0.30905613 -0.85973341 -0.40662362
vn 0.30905613 -0.83874575 -0.44831894
vn 0.30905613 -0.81573748 -0.48893423
vn 0.30905613 -0.79076402 -0.52837162
vn 0.30905613 -0.76388554 -0.56653613
vn 0.30905613 -0.73516680 -0.60333580
vn 0.30905613 -0.70467697 -0.63868198
vn 0.30905613 -0.67248952 -0.67248952
vn 0.30905613 -0.63868198 -0.70467697
vn 0.30905613 -0.60333580 -0.73516680
vn 0.30905613 -0.56653613 -0.76388554
vn 0.30905613 -0.52837162 -0.79076402
vn 0.30905613 -0.48893423 -0.81573748
vn 0.30905613 -0.44831894 -0.83874575
vn 0.30905613 -0.40662362 -0.85973341
vn 0.30905613 -0.36394871 -0.87864990
vn 0.30905613 -0.32039701 -0.89544964
vn 0.30905613 -0.27607344 -0.91009217
vn 0.30905613 -0.23108479 -0.92254221
vn 0.30905613 -0.18553944 -0.93276976
vn 0.30905613 -0.13954711 -0.94075019
vn 0.30905613 -0.09321859 -0.94646426
vn 0.30905613 -0.04666551 -0.94989822
vn 0.30905613 0.00000000 -0.95104380
vn 0.30905613 0.04666551 -0.94989822
vn 0.30905613 0.09321859 -0.94646426
vn 0.30905613 0.13954711 -0.94075019
vn 0.30905613 0.18553944 -0.93276976
vn 0.30905613 0.23108479 -0.92254221
vn 0.30905613 0.27607344 -0.91009217
vn 0.30905613 0.32039701 -0.89544964
vn 0.30905613 0.36394871 -0.87864990
vn 0.30905613 0.40662362 -0.85973341
vn 0.30905613 0.44831894 -0.83874575
vn 0.30905613 0.48893423 -0.81573748
vn 0.30905613 0.52837162 -0.79076402
vn 0.30905613 0.56653613 -0.76388554
vn 0.30905613 0.60333580 -0.73516680
vn 0.30905613 0.63868198 -0.70467697
vn 0.30905613 0.67248952 -0.67248952
vn 0.30905613 0.70467697 -0.63868198
vn 0.30905613 0.73516680 -0.60333580
vn 0.30905613 0.76388554 -0.56653613
vn 0.30905613 0.79076402 -0.52837162
vn 0.30905613 0.81573748 -0.48893423
vn 0.30905613 0.83874575 -0.44831894
vn 0.30905613 0.85973341 -0.40662362
vn 0.30905613 0.87864990 -0.36394871
vn 0.30905613 0.89544964 -0.32039701
vn 0.30905613 0.91009217 -0.27607344
vn 0.30905613 0.92254221 -0.23108479
vn 0.30905613 0.93276976 -0.18553944
vn 0.30905613 0.94075019 -0.13954711
vn 0.30905613 0.94646426 -0.09321859
vn 0.30905613 0.94989822 -0.04666551
vn 0.59026954 0.80720621 0.00000000
vn 0.59026954 0.80623390 0.03960773
vn 0.59026954 0.80331929 0.07912004
vn 0.59026954 0.79846942 0.11844175
vn 0.59026954 0.79169597 0.15747812
vn 0.59026954 0.78301525 0.19613511
vn 0.59026954 0.77244818 0.23431959
vn 0.59026954 0.76002022 0.27193958
vn 0.59026954 0.74576130 0.30890444
vn 0.59026954 0.72970577 0.34512513
vn 0.59026954 0.71189232 0.38051437
vn 0.59026954 0.69236386 0.41498693
vn 0.59026954 0.67116744 0.44845974
vn 0.59026954 0.64835411 0.48085218
vn 0.59026954 0.62397884 0.51208620
vn 0.59026954 0.59810035 0.54208656
vn 0.59026954 0.57078099 0.57078099
vn 0.59026954 0.54208656 0.59810035
vn 0.59026954 0.51208620 0.62397884
vn 0.59026954 0.48085218 0.64835411
vn 0.59026954 0.44845974 0.67116744
vn 0.59026954 0.41498693 0.69236386
vn 0.59026954 0.38051437 0.71189232
vn 0.59026954 0.34512513 0.72970577
vn 0.59026954 0.30890444 0.74576130
vn 0.59026954 0.27193958 0.76002022
vn 0.59026954 0.23431959 0.77244818
vn 0.59026954 0.19613511 0.78301525
vn 0.59026954 0.15747812 0.79169597
vn 0.59026954 0.11844175 0.79846942
vn 0.59026954 0.07912004 0.80331929
vn 0.59026954 0.03960773 0.80623390
vn 0.59026954 -0.00000000 0.80720621
vn 0.59026954 -0.03960773 0.80623390
vn 0.59026954 -0.07912004 0.80331929
vn 0.59026954 -0.11844175 0.79846942
vn 0.59026954 -0.15747812 0.79169597
vn 0.59026954 -0.19613511 0.78301525
vn 0.59026954 -0.23431959 0.77244818
vn 0.59026954 -0.27193958 0.76002022
vn 0.59026954 -0.30890444 0.74576130
vn 0.59026954 -0.34512513 0.72970577
vn 0.59026954 -0.38051437 0.71189232
vn 0.59026954 -0.41498693 0.69236386
vn 0.59026954 -0.44845974 0.67116744
vn 0.59026954 -0.48085218 0.64835411
vn 0.59026954 -0.51208620 0.62397884
vn 0.59026954 -0.54208656 0.59810035
vn 0.59026954 -0.57078099 0.57078099
vn 0.59026954 -0.59810035 0.54208656
vn 0.59026954 -0.62397884 0.51208620
vn 0.59026954 -0.64835411 0.48085218
vn 0.59026954 -0.67116744 0.44845974
vn 0.59026954 -0.69236386 0.41498693
vn 0.59026954 -0.71189232 0.38051437
vn 0.59026954 -0.72970577 0.34512513
vn 0.59026954 -0.74576130 0.30890444
vn 0.59026954 -0.76002022 0.27193958
vn 0.59026954 -0.77244818 0.23431959
vn 0.59026954 -0.78301525 0.19613511
vn 0.59026954 -0.79169597 0.15747812
vn 0.59026954 -0.79846942 0.11844175
vn 0.59026954 -0.80331929 0.07912004
vn 0.59026954 -0.80623390 0.03960773
vn 0.59026954 -0.80720621 -0.00000000
vn 0.59026954 -0.80623390 -0.03960773
vn 0.59026954 -0.80331929 -0.07912004
vn 0.59026954 -0.79846942 -0.11844175
vn 0.59026954 -0.79169597 -0.15747812
vn 0.59026954 -0.78301525 -0.19613511
vn 0.59026954 -0.77244818 -0.23431959
vn 0.59026954 -0.76002022 -0.27193958
vn 0.59026954 -0.74576130 -0.30890444
vn 0.59026954 -0.72970577 -0.34512513
vn 0.59026954 -0.71189232 -0.38051437
vn 0.59026954 -0.69236386 -0.41498693
vn 0.59026954 -0.67116744 -0.44845974
vn 0.59026954 -0.64835411 -0.48085218
vn 0.59026954 -0.62397884 -0.51208620
vn 0.59026954 -0.59810035 -0.54208656
vn 0.59026954 -0.57078099 -0.57078099
vn 0.59026954 -0.54208656 -0.59810035
vn 0.59026954 -0.51208620 -0.62397884
vn 0.59026954 -0.48085218 -0.64835411
vn 0.59026954 -0.44845974 -0.67116744
vn 0.59026954 -0.41498693 -0.69236386
vn 0.59026954 -0.38051437 -0.71189232
vn 0.59026954 -0.34512513 -0.72970577
vn 0.59026954 -0.30890444 -0.74576130
vn 0.59026954 -0.27193958 -0.76002022
vn 0.59026954 -0.23431959 -0.77244818
vn 0.59026954 -0.19613511 -0.78301525
vn 0.59026954 -0.15747812 -0.79169597
vn 0.59026954 -0.11844175 -0.79846942
vn 0.59026954 -0.07912004 -0.80331929
vn 0.59026954 -0.03960773 -0.80623390
vn 0.59026954 0.00000000 -0.80720621
vn 0.59026954 0.03960773 -0.80623390
vn 0.59026954 0.07912004 -0.80331929
vn 0.59026954 0.11844175 -0.79846942
vn 0.59026954 0.15747812 -0.79169597
vn 0.59026954 0.19613511 -0.78301525
vn 0.59026954 0.23431959 -0.77244818
vn 0.59026954 0.27193958 -0.76002022
vn 0.59026954 0.30890444 -0.74576130
vn 0.59026954 0.34512513 -0.72970577
vn 0.59026954 0.38051437 -0.71189232
vn 0.59026954 0.41498693 -0.69236386
vn 0.59026954 0.44845974 -0.67116744
vn 0.59026954 0.48085218 -0.64835411
vn 0.59026954 0.51208620 -0.62397884
vn 0.59026954 0.54208656 -0.59810035
vn 0.59026954 0.57078099 -0.57078099
vn 0.59026954 0.59810035 -0.54208656
vn 0.59026954 0.62397884 -0.51208620
vn 0.59026954 0.64835411 -0.48085218
vn 0.59026954 0.67116744 -0.44845974
vn 0.59026954 0.69236386 -0.41498693
vn 0.59026954 0.71189232 -0.38051437
vn 0.59026954 0.72970577 -0.34512513
vn 0.59026954 0.74576130 -0.30890444
vn 0.59026954 0.76002022 -0.27193958
vn 0.59026954 0.77244818 -0.23431959
vn 0.59026954 0.78301525 -0.19613511
vn 0.59026954 0.79169597 -0.15747812
vn 0.59026954 0.79846942 -0.11844175
vn 0.59026954 0.80331929 -0.07912004
vn 0.59026954 0.80623390 -0.03960773
vn 1.00000000 0.00000000 0.00000000
vn 1.00000000 0.00000000 0.00000000
vn 1.00000000 0.00000000 0.00000000
vn 1.00000000 0.00000000 0.00000000
vn 1.00000000 0.00000000 0.00000000
vn 1.00000000 0.00000000 0.00000000
vn 1.00000000 0.00000000 0.00000000
vn 1.00000000 0.00000000 0.00000000
vn 1.00000000 0.00000000 0.00000000
vn 1.00000000 0.00000000 0.00000000
vn 1.00000000 0.00000000 0.00000000
vn 1.00000000 0.00000000 0.00000000
vn 1.00000000 0.00000000 0.00000000
vn 1.00000000 0.00000000 0.00000000
vn 1.00000000 0.00000000 0.00000000
vn 1.00000000 0.00000000 0.00000000
vn 1.00000000 0.00000000 0.00000000
vn 1.00000000 0.00000000 0.00000000
vn 1.00000000 0.00000000 0.00000000
vn 1.00000000 0.00000000 0.00000000
vn 1.00000000 0.00000000 0.00000000
vn 1.00000000 0.00000000 0.00000000
vn 1.00000000 0.00000000 0.00000000
vn 1.00000000 0.00000000 0.00000000
vn 1.00000000 0.00000000 0.00000000
vn 1.00000000 0.00000000 0.00000000
vn 1.00000000 0.00000000 0.00000000
vn 1.00000000 0.00000000 0.00000000
vn 1.00000000 0.00000000 0.00000000
vn 1.00000000 0.00000000 0.00000000
vn 1.00000000 0.00000000 0.00000000
vn 1.00000000 0.00000000 0.00000000
vn 1.00000000 0.00000000 0.00000000
vn 1.00000000 0.00000000 0.00000000
vn 1.00000000 0.00000000 0.00000000
vn 1.00000000 0.00000000 0.00000000
vn 1.00000000 0.00000000 0.00000000
vn 1.00000000 0.00000000 0.00000000
vn 1.00000000 0.00000000 0.00000000
vn 1.00000000 0.00000000 0.00000000
vn 1.00000000 0.00000000 0.00000000
vn 1.00000000 0.00000000 0.00000000
vn 1.00000000 0.00000000 0.00000000
vn 1.00000000 0.00000000 0.00000000
vn 1.00000000 0.00000000 0.00000000
vn 1.00000000 0.00000000 0.00000000
vn 1.00000000 0.00000000 0.00000000
vn 1.00000000 0.00000000 0.00000000
vn 1.00000000 0.00000000 0.00000000
vn 1.00000000 0.00000000 0.00000000
vn 1.00000000 0.00000000 0.00000000
vn 1.00000000 0.00000000 0.00000000
vn 1.00000000 0.00000000 0.00000000
vn 1.00000000 0.00000000 0.00000000
vn 1.00000000 0.00000000 0.00000000
vn 1.00000000 0.00000000 0.00000000
vn 1.00000000 0.00000000 0.00000000
vn 1.00000000 0.00000000 0.00000000
vn 1.00000000 0.00000000 0.00000000
vn 1.00000000 0.00000000 0.00000000
vn 1.00000000 0.00000000 0.00000000
vn 1.00000000 0.00000000 0.00000000
vn 1.00000000 0.00000000 0.00000000
vn 1.00000000 0.00000000 0.00000000
vn 1.00000000 0.00000000 0.00000000
vn 1.00000000 0.00000000 0.00000000
vn 1.00000000 0.00000000 0.00000000
vn 1.00000000 0.00000000 0.00000000
vn 1.00000000 0.00000000 0.00000000
vn 1.00000000 0.00000000 0.00000000
vn 1.00000000 0.00000000 0.00000000
vn 1.00000000 0.00000000 0.00000000
vn 1.00000000 0.00000000 0.00000000
vn 1.00000000 0.00000000 0.00000000
vn 1.00000000 0.00000000 0.00000000
vn 1.00000000 0.00000000 0.00000000
vn 1.00000000 0.00000000 0.00000000
vn 1.00000000 0.00000000 0.00000000
vn 1.00000000 0.00000000 0.00000000
vn 1.00000000 0.00000000 0.00000000
vn 1.00000000 0.00000000 0.00000000
vn 1.00000000 0.00000000 0.00000000
vn 1.00000000 0.00000000 0.00000000
vn 1.00000000 0.00000000 0.00000000
vn 1.00000000 0.00000000 0.00000000
vn 1.00000000 0.00000000 0.00000000
vn 1.00000000 0.00000000 0.00000000
vn 1.00000000 0.00000000 0.00000000
vn 1.00000000 0.00000000 0.00000000
vn 1.00000000 0.00000000 0.00000000
vn 1.00000000 0.00000000 0.00000000
vn 1.00000000 0.00000000 0.00000000
vn 1.00000000 0.00000000 0.00000000
vn 1.00000000 0.00000000 0.00000000
vn 1.00000000 0.00000000 0.00000000
vn 1.00000000 0.00000000 0.00000000
vn 1.00000000 0.00000000 0.00000000
vn 1.00000000 0.00000000 0.00000000
vn 1.00000000 0.00000000 0.00000000
vn 1.00000000 0.00000000 0.00000000
vn 1.00000000 0.00000000 0.00000000
vn 1.00000000 0.00000000 0.00000000
vn 1.00000000 0.00000000 0.00000000
vn 1.00000000 0.00000000 0.00000000
vn 1.00000000 0.00000000 0.00000000
vn 1.00000000 0.00000000 0.00000000
vn 1.00000000 0.00000000 0.00000000
vn 1.00000000 0.00000000 0.00000000
vn 1.00000000 0.00000000 0.00000000
vn 1.00000000 0.00000000 0.00000000
vn 1.00000000 0.00000000 0.00000000
vn 1.00000000 0.00000000 0.00000000
vn 1.00000000 0.00000000 0.00000000
vn 1.00000000 0.00000000 0.00000000
vn 1.00000000 0.00000000 0.00000000
vn 1.00000000 0.00000000 0.00000000
vn 1.00000000 0.00000000 0.00000000
vn 1.00000000 0.00000000 0.00000000
vn 1.00000000 0.00000000 0.00000000
vn 1.00000000 0.00000000 0.00000000
vn 1.00000000 0.00000000 0.00000000
vn 1.00000000 0.00000000 0.00000000
vn 1.00000000 0.00000000 0.00000000
vn 1.00000000 0.00000000 0.00000000
vn 1.00000000 0.00000000 0.00000000
vn 1.00000000 0.00000000 0.00000000
vn 1.00000000 0.00000000 0.00000000
vn 1.00000000 0.00000000 0.00000000
vn 0.96575799 -0.25944460 -0.00000000
vn 0.96575799 -0.25913209 -0.01273034
vn 0.96575799 -0.25819530 -0.02543002
vn 0.96575799 -0.25663650 -0.03806843
vn 0.96575799 -0.25445945 -0.05061513
vn 0.96575799 -0.25166937 -0.06303990
vn 0.96575799 -0.24827300 -0.07531279
vn 0.96575799 -0.24427852 -0.08740425
vn 0.96575799 -0.23969556 -0.09928515
vn 0.96575799 -0.23453514 -0.11092686
vn 0.96575799 -0.22880971 -0.12230134
vn 0.96575799 -0.22253306 -0.13338118
vn 0.96575799 -0.21572030 -0.14413970
vn 0.96575799 -0.20838786 -0.15455097
vn 0.96575799 -0.20055339 -0.16458991
vn 0.96575799 -0.19223577 -0.17423234
vn 0.96575799 -0.18345504 -0.18345504
vn 0.96575799 -0.17423234 -0.19223577
vn 0.96575799 -0.16458991 -0.20055339
vn 0.96575799 -0.15455097 -0.20838786
vn 0.96575799 -0.14413970 -0.21572030
vn 0.96575799 -0.13338118 -0.22253306
vn 0.96575799 -0.12230134 -0.22880971
vn 0.96575799 -0.11092686 -0.23453514
vn 0.96575799 -0.09928515 -0.23969556
vn 0.96575799 -0.08740425 -0.24427852
vn 0.96575799 -0.07531279 -0.24827300
vn 0.96575799 -0.06303990 -0.25166937
vn 0.96575799 -0.05061513 -0.25445945
vn 0.96575799 -0.03806843 -0.25663650
vn 0.96575799 -0.02543002 -0.25819530
vn 0.96575799 -0.01273034 -0.25913209
vn 0.96575799 0.00000000 -0.25944460
vn 0.96575799 0.01273034 -0.25913209
vn 0.96575799 0.02543002 -0.25819530
vn 0.96575799 0.03806843 -0.25663650
vn 0.96575799 0.05061513 -0.25445945
vn 0.96575799 0.06303990 -0.25166937
vn 0.96575799 0.07531279 -0.24827300
vn 0.96575799 0.08740425 -0.24427852
vn 0.96575799 0.09928515 -0.23969556
vn 0.96575799 0.11092686 -0.23453514
vn 0.96575799 0.12230134 -0.22880971
vn 0.96575799 0.13338118 -0.22253306
vn 0.96575799 0.14413970 -0.21572030
vn 0.96575799 0.15455097 -0.20838786
vn 0.96575799 0.16458991 -0.20055339
vn 0.96575799 0.17423234 -0.19223577
vn 0.96575799 0.18345504 -0.18345504
vn 0.96575799 0.19223577 -0.17423234
vn 0.96575799 0.20055339 -0.16458991
vn 0.96575799 0.20838786 -0.15455097
vn 0.96575799 0.21572030 -0.14413970
vn 0.96575799 0.22253306 -0.13338118
vn 0.96575799 0.22880971 -0.12230134
vn 0.96575799 0.23453514 -0.11092686
vn 0.96575799 0.23969556 -0.09928515
vn 0.96575799 0.24427852 -0.08740425
vn 0.96575799 0.24827300 -0.07531279
vn 0.96575799 0.25166937 -0.06303990
vn 0.96575799 0.25445945 -0.05061513
vn 0.96575799 0.25663650 -0.03806843
vn 0.96575799 0.25819530 -0.02543002
vn 0.96575799 0.25913209 -0.01273034
vn 0.96575799 0.25944460 0.00000000
vn 0.96575799 0.25913209 0.01273034
vn 0.96575799 0.25819530 0.02543002
vn 0.96575799 0.25663650 0.03806843
vn 0.96575799 0.25445945 0.05061513
vn 0.96575799 0.25166937 0.06303990
vn 0.96575799 0.24827300 0.07531279
vn 0.96575799 0.24427852 0.08740425
vn 0.96575799 0.23969556 0.09928515
vn 0.96575799 0.23453514 0.11092686
vn 0.96575799 0.22880971 0.12230134
vn 0.96575799 0.22253306 0.13338118
vn 0.96575799 0.21572030 0.14413970
vn 0.96575799 0.20838786 0.15455097
vn 0.96575799 0.20055339 0.16458991
vn 0.96575799 0.19223577 0.17423234
vn 0.96575799 0.18345504 0.18345504
vn 0.96575799 0.17423234 0.19223577
vn 0.96575799 0.16458991 0.20055339
vn 0.96575799 0.15455097 0.20838786
vn 0.96575799 0.14413970 0.21572030
vn 0.96575799 0.13338118 0.22253306
vn 0.96575799 0.12230134 0.22880971
vn 0.96575799 0.11092686 0.23453514
vn 0.96575799 0.09928515 0.23969556
vn 0.96575799 0.08740425 0.24427852
vn 0.96575799 0.07531279 0.24827300
vn 0.96575799 0.06303990 0.25166937
vn 0.96575799 0.05061513 0.25445945
vn 0.96575799 0.03806843 0.25663650
vn 0.96575799 0.02543002 0.25819530
vn 0.96575799 0.01273034 0.25913209
vn 0.96575799 -0.00000000 0.25944460
vn 0.96575799 -0.01273034 0.25913209
vn 0.96575799 -0.02543002 0.25819530
vn 0.96575799 -0.03806843 0.25663650
vn 0.96575799 -0.05061513 0.25445945
vn 0.96575799 -0.06303990 0.25166937
vn 0.96575799 -0.07531279 0.24827300
vn 0.96575799 -0.08740425 0.24427852
vn 0.96575799 -0.09928515 0.23969556
vn 0.96575799 -0.11092686 0.23453514
vn 0.96575799 -0.12230134 0.22880971
vn 0.96575799 -0.13338118 0.22253306
vn 0.96575799 -0.14413970 0.21572030
vn 0.96575799 -0.15455097 0.20838786
vn 0.96575799 -0.16458991 0.20055339
vn 0.96575799 -0.17423234 0.19223577
vn 0.96575799 -0.18345504 0.18345504
vn 0.96575799 -0.19223577 0.17423234
vn 0.96575799 -0.20055339 0.16458991
vn 0.96575799 -0.20838786 0.15455097
vn 0.96575799 -0.21572030 0.14413970
vn 0.96575799 -0.22253306 0.13338118
vn 0.96575799 -0.22880971 0.12230134
vn 0.96575799 -0.23453514 0.11092686
vn 0.96575799 -0.23969556 0.09928515
vn 0.96575799 -0.24427852 0.08740425
vn 0.96575799 -0.24827300 0.07531279
vn 0.96575799 -0.25166937 0.06303990
vn 0.96575799 -0.25445945 0.05061513
vn 0.96575799 -0.25663650 0.03806843
vn 0.96575799 -0.25819530 0.02543002
vn 0.96575799 -0.25913209 0.01273034
vn 0.86136590 -0.50798502 -0.00000000
vn 0.86136590 -0.50737313 -0.02492564
vn 0.86136590 -0.50553893 -0.04979124
vn 0.86136590 -0.50248685 -0.07453688
vn 0.86136590 -0.49822423 -0.09910296
vn 0.86136590 -0.49276135 -0.12343029
vn 0.86136590 -0.48611136 -0.14746027
vn 0.86136590 -0.47829028 -0.17113500
vn 0.86136590 -0.46931696 -0.19439745
vn 0.86136590 -0.45921302 -0.21719158
vn 0.86136590 -0.44800279 -0.23946248
vn 0.86136590 -0.43571329 -0.26115649
vn 0.86136590 -0.42237411 -0.28222136
vn 0.86136590 -0.40801739 -0.30260632
vn 0.86136590 -0.39267773 -0.32226229
vn 0.86136590 -0.37639207 -0.34114189
vn 0.86136590 -0.35919965 -0.35919965
vn 0.86136590 -0.34114189 -0.37639207
vn 0.86136590 -0.32226229 -0.39267773
vn 0.86136590 -0.30260632 -0.40801739
vn 0.86136590 -0.28222136 -0.42237411
vn 0.86136590 -0.26115649 -0.43571329
vn 0.86136590 -0.23946248 -0.44800279
vn 0.86136590 -0.21719158 -0.45921302
vn 0.86136590 -0.19439745 -0.46931696
vn 0.86136590 -0.17113500 -0.47829028
vn 0.86136590 -0.14746027 -0.48611136
vn 0.86136590 -0.12343029 -0.49276135
vn 0.86136590 -0.09910296 -0.49822423
vn 0.86136590 -0.07453688 -0.50248685
vn 0.86136590 -0.04979124 -0.50553893
vn 0.86136590 -0.02492564 -0.50737313
vn 0.86136590 0.00000000 -0.50798502
vn 0.86136590 0.02492564 -0.50737313
vn 0.86136590 0.04979124 -0.50553893
vn 0.86136590 0.07453688 -0.50248685
vn 0.86136590 0.09910296 -0.49822423
vn 0.86136590 0.12343029 -0.49276135
vn 0.86136590 0.14746027 -0.48611136
vn 0.86136590 0.17113500 -0.47829028
vn 0.86136590 0.19439745 -0.46931696
vn 0.86136590 0.21719158 -0.45921302
vn 0.86136590 0.23946248 -0.44800279
vn 0.86136590 0.26115649 -0.43571329
vn 0.86136590 0.28222136 -0.42237411
vn 0.86136590 0.30260632 -0.40801739
vn 0.86136590 0.32226229 -0.39267773
vn 0.86136590 0.34114189 -0.37639207
vn 0.86136590 0.35919965 -0.35919965
vn 0.86136590 0.37639207 -0.34114189
vn 0.86136590 0.39267773 -0.32226229
vn 0.86136590 0.40801739 -0.30260632
vn 0.86136590 0.42237411 -0.28222136
vn 0.86136590 0.43571329 -0.26115649
vn 0.86136590 0.44800279 -0.23946248
vn 0.86136590 0.45921302 -0.21719158
vn 0.86136590 0.46931696 -0.19439745
vn 0.86136590 0.47829028 -0.17113500
vn 0.86136590 0.48611136 -0.14746027
vn 0.86136590 0.49276135 -0.12343029
vn 0.86136590 0.49822423 -0.09910296
vn 0.86136590 0.50248685 -0.07453688
vn 0.86136590 0.50553893 -0.04979124
vn 0.86136590 0.50737313 -0.02492564
vn 0.86136590 0.50798502 0.00000000
vn 0.86136590 0.50737313 0.02492564
vn 0.86136590 0.50553893 0.04979124
vn 0.86136590 0.50248685 0.07453688
vn 0.86136590 0.49822423 0.09910296
vn 0.86136590 0.49276135 0.12343029
vn 0.86136590 0.48611136 0.14746027
vn 0.86136590 0.47829028 0.17113500
vn 0.86136590 0.46931696 0.19439745
vn 0.86136590 0.45921302 0.21719158
vn 0.86136590 0.44800279 0.23946248
vn 0.86136590 0.43571329 0.26115649
vn 0.86136590 0.42237411 0.28222136
vn 0.86136590 0.40801739 0.30260632
vn 0.86136590 0.39267773 0.32226229
vn 0.86136590 0.37639207 0.34114189
vn 0.86136590 0.35919965 0.35919965
vn 0.86136590 0.34114189 0.37639207
vn 0.86136590 0.32226229 0.39267773
vn 0.86136590 0.30260632 0.40801739
vn 0.86136590 0.28222136 0.42237411
vn 0.86136590 0.26115649 0.43571329
vn 0.86136590 0.23946248 0.44800279
vn 0.86136590 0.21719158 0.45921302
vn 0.86136590 0.19439745 0.46931696
vn 0.86136590 0.17113500 0.47829028
vn 0.86136590 0.14746027 0.48611136
vn 0.86136590 0.12343029 0.49276135
vn 0.86136590 0.09910296 0.49822423
vn 0.86136590 0.07453688 0.50248685
vn 0.86136590 0.04979124 0.50553893
vn 0.86136590 0.02492564 0.50737313
vn 0.86136590 -0.00000000 0.50798502
vn 0.86136590 -0.02492564 0.50737313
vn 0.86136590 -0.04979124 0.50553893
vn 0.86136590 -0.07453688 0.50248685
vn 0.86136590 -0.09910296 0.49822423
vn 0.86136590 -0.12343029 0.49276135
vn 0.86136590 -0.14746027 0.48611136
vn 0.86136590 -0.17113500 0.47829028
vn 0.86136590 -0.19439745 0.46931696
vn 0.86136590 -0.21719158 0.45921302
vn 0.86136590 -0.23946248 0.44800279
vn 0.86136590 -0.26115649 0.43571329
vn 0.86136590 -0.28222136 0.42237411
vn 0.86136590 -0.30260632 0.40801739
vn 0.86136590 -0.32226229 0.39267773
vn 0.86136590 -0.34114189 0.37639207
vn 0.86136590 -0.35919965 0.35919965
vn 0.86136590 -0.37639207 0.34114189
vn 0.86136590 -0.39267773 0.32226229
vn 0.86136590 -0.40801739 0.30260632
vn 0.86136590 -0.42237411 0.28222136
vn 0.86136590 -0.43571329 0.26115649
vn 0.86136590 -0.44800279 0.23946248
vn 0.86136590 -0.45921302 0.21719158
vn 0.86136590 -0.46931696 0.19439745
vn 0.86136590 -0.47829028 0.17113500
vn 0.86136590 -0.48611136 0.14746027
vn 0.86136590 -0.49276135 0.12343029
vn 0.86136590 -0.49822423 0.09910296
vn 0.86136590 -0.50248685 0.07453688
vn 0.86136590 -0.50553893 0.04979124
vn 0.86136590 -0.50737313 0.02492564
vn 0.00000000 -1.00000000 -0.00000000
vn 0.00000000 -0.99879546 -0.04906767
vn 0.00000000 -0.99518473 -0.09801714
vn 0.00000000 -0.98917651 -0.14673047
vn 0.00000000 -0.98078528 -0.19509032
vn 0.00000000 -0.97003125 -0.24298018
vn 0.00000000 -0.95694034 -0.29028468
vn 0.00000000 -0.94154407 -0.33688985
vn 0.00000000 -0.92387953 -0.38268343
vn 0.00000000 -0.90398929 -0.42755509
vn 0.00000000 -0.88192126 -0.47139674
vn 0.00000000 -0.85772861 -0.51410274
vn 0.00000000 -0.83146961 -0.55557023
vn 0.00000000 -0.80320753 -0.59569930
vn 0.00000000 -0.77301045 -0.63439328
vn 0.00000000 -0.74095113 -0.67155895
vn 0.00000000 -0.70710678 -0.70710678
vn 0.00000000 -0.67155895 -0.74095113
vn 0.00000000 -0.63439328 -0.77301045
vn 0.00000000 -0.59569930 -0.80320753
vn 0.00000000 -0.55557023 -0.83146961
vn 0.00000000 -0.51410274 -0.85772861
vn 0.00000000 -0.47139674 -0.88192126
vn 0.00000000 -0.42755509 -0.90398929
vn 0.00000000 -0.38268343 -0.92387953
vn 0.00000000 -0.33688985 -0.94154407
vn 0.00000000 -0.29028468 -0.95694034
vn 0.00000000 -0.24298018 -0.97003125
vn 0.00000000 -0.19509032 -0.98078528
vn 0.00000000 -0.14673047 -0.98917651
vn 0.00000000 -0.09801714 -0.99518473
vn 0.00000000 -0.04906767 -0.99879546
vn 0.00000000 -0.00000000 -1.00000000
vn 0.00000000 0.04906767 -0.99879546
vn 0.00000000 0.09801714 -0.99518473
vn 0.00000000 0.14673047 -0.98917651
vn 0.00000000 0.19509032 -0.98078528
vn 0.00000000 0.24298018 -0.97003125
vn 0.00000000 0.29028468 -0.95694034
vn 0.00000000 0.33688985 -0.94154407
vn 0.00000000 0.38268343 -0.92387953
vn 0.00000000 0.42755509 -0.90398929
vn 0.00000000 0.47139674 -0.88192126
vn 0.00000000 0.51410274 -0.85772861
vn 0.00000000 0.55557023 -0.83146961
vn 0.00000000 0.59569930 -0.80320753
vn 0.00000000 0.63439328 -0.77301045
vn 0.00000000 0.67155895 -0.74095113
vn 0.00000000 0.70710678 -0.70710678
vn 0.00000000 0.74095113 -0.67155895
vn 0.00000000 0.77301045 -0.63439328
vn 0.00000000 0.80320753 -0.59569930
vn 0.00000000 0.83146961 -0.55557023
vn 0.00000000 0.85772861 -0.51410274
vn 0.00000000 0.88192126 -0.47139674
vn 0.00000000 0.90398929 -0.42755509
vn 0.00000000 0.92387953 -0.38268343
vn 0.00000000 0.94154407 -0.33688985
vn 0.00000000 0.95694034 -0.29028468
vn 0.00000000 0.97003125 -0.24298018
vn 0.00000000 0.98078528 -0.19509032
vn 0.00000000 0.98917651 -0.14673047
vn 0.00000000 0.99518473 -0.09801714
vn 0.00000000 0.99879546 -0.04906767
vn 0.00000000 1.00000000 -0.00000000
vn 0.00000000 0.99879546 0.04906767
vn 0.00000000 0.99518473 0.09801714
vn 0.00000000 0.98917651 0.14673047
vn 0.00000000 0.98078528 0.19509032
vn 0.00000000 0.97003125 0.24298018
vn 0.00000000 0.95694034 0.29028468
vn 0.00000000 0.94154407 0.33688985
vn 0.00000000 0.92387953 0.38268343
vn 0.00000000 0.90398929 0.42755509
vn 0.00000000 0.88192126 0.47139674
vn 0.00000000 0.85772861 0.51410274
vn 0.00000000 0.83146961 0.55557023
vn 0.00000000 0.80320753 0.59569930
vn 0.00000000 0.77301045 0.63439328
vn 0.00000000 0.74095113 0.67155895
vn 0.00000000 0.70710678 0.70710678
vn 0.00000000 0.67155895 0.74095113
vn 0.00000000 0.63439328 0.77301045
vn 0.00000000 0.59569930 0.80320753
vn 0.00000000 0.55557023 0.83146961
vn 0.00000000 0.51410274 0.85772861
vn 0.00000000 0.47139674 0.88192126
vn 0.00000000 0.42755509 0.90398929
vn 0.00000000 0.38268343 0.92387953
vn 0.00000000 0.33688985 0.94154407
vn 0.00000000 0.29028468 0.95694034
vn 0.00000000 0.24298018 0.97003125
vn 0.00000000 0.19509032 0.98078528
vn 0.00000000 0.14673047 0.98917651
vn 0.00000000 0.09801714 0.99518473
vn 0.00000000 0.04906767 0.99879546
vn 0.00000000 0.00000000 1.00000000
vn 0.00000000 -0.04906767 0.99879546
vn 0.00000000 -0.09801714 0.99518473
vn 0.00000000 -0.14673047 0.98917651
vn 0.00000000 -0.19509032 0.98078528
vn 0.00000000 -0.24298018 0.97003125
vn 0.00000000 -0.29028468 0.95694034
vn 0.00000000 -0.33688985 0.94154407
vn 0.00000000 -0.38268343 0.92387953
vn 0.00000000 -0.42755509 0.90398929
vn 0.00000000 -0.47139674 0.88192126
vn 0.00000000 -0.51410274 0.85772861
vn 0.00000000 -0.55557023 0.83146961
vn 0.00000000 -0.59569930 0.80320753
vn 0.00000000 -0.63439328 0.77301045
vn 0.00000000 -0.67155895 0.74095113
vn 0.00000000 -0.70710678 0.70710678
vn 0.00000000 -0.74095113 0.67155895
vn 0.00000000 -0.77301045 0.63439328
vn 0.00000000 -0.80320753 0.59569930
vn 0.00000000 -0.83146961 0.55557023
vn 0.00000000 -0.85772861 0.51410274
vn 0.00000000 -0.88192126 0.47139674
vn 0.00000000 -0.90398929 0.42755509
vn 0.00000000 -0.92387953 0.38268343
vn 0.00000000 -0.94154407 0.33688985
vn 0.00000000 -0.95694034 0.29028468
vn 0.00000000 -0.97003125 0.24298018
vn 0.00000000 -0.98078528 0.19509032
vn 0.00000000 -0.98917651 0.14673047
vn 0.00000000 -0.99518473 0.09801714
vn 0.00000000 -0.99879546 0.04906767
vn 0.00000000 -1.00000000 -0.00000000
vn 0.00000000 -0.99879546 -0.04906767
vn 0.00000000 -0.99518473 -0.09801714
vn 0.00000000 -0.98917651 -0.14673047
vn 0.00000000 -0.98078528 -0.19509032
vn 0.00000000 -0.97003125 -0.24298018
vn 0.00000000 -0.95694034 -0.29028468
vn 0.00000000 -0.94154407 -0.33688985
vn 0.00000000 -0.92387953 -0.38268343
vn 0.00000000 -0.90398929 -0.42755509
vn 0.00000000 -0.88192126 -0.47139674
vn 0.00000000 -0.85772861 -0.51410274
vn 0.00000000 -0.83146961 -0.55557023
vn 0.00000000 -0.80320753 -0.59569930
vn 0.00000000 -0.77301045 -0.63439328
vn 0.00000000 -0.74095113 -0.67155895
vn 0.00000000 -0.70710678 -0.70710678
vn 0.00000000 -0.67155895 -0.74095113
vn 0.00000000 -0.63439328 -0.77301045
vn 0.00000000 -0.59569930 -0.80320753
vn 0.00000000 -0.55557023 -0.83146961
vn 0.00000000 -0.51410274 -0.85772861
vn 0.00000000 -0.47139674 -0.88192126
vn 0.00000000 -0.42755509 -0.90398929
vn 0.00000000 -0.38268343 -0.92387953
vn 0.00000000 -0.33688985 -0.94154407
vn 0.00000000 -0.29028468 -0.95694034
vn 0.00000000 -0.24298018 -0.97003125
vn 0.00000000 -0.19509032 -0.98078528
vn 0.00000000 -0.14673047 -0.98917651
vn 0.00000000 -0.09801714 -0.99518473
vn 0.00000000 -0.04906767 -0.99879546
vn 0.00000000 -0.00000000 -1.00000000
vn 0.00000000 0.04906767 -0.99879546
vn 0.00000000 0.09801714 -0.99518473
vn 0.00000000 0.14673047 -0.98917651
vn 0.00000000 0.19509032 -0.98078528
vn 0.00000000 0.24298018 -0.97003125
vn 0.00000000 0.29028468 -0.95694034
vn 0.00000000 0.33688985 -0.94154407
vn 0.00000000 0.38268343 -0.92387953
vn 0.00000000 0.42755509 -0.90398929
vn 0.00000000 0.47139674 -0.88192126
vn 0.00000000 0.51410274 -0.85772861
vn 0.00000000 0.55557023 -0.83146961
vn 0.00000000 0.59569930 -0.80320753
vn 0.00000000 0.63439328 -0.77301045
vn 0.00000000 0.67155895 -0.74095113
vn 0.00000000 0.70710678 -0.70710678
vn 0.00000000 0.74095113 -0.67155895
vn 0.00000000 0.77301045 -0.63439328
vn 0.00000000 0.80320753 -0.59569930
vn 0.00000000 0.83146961 -0.55557023
vn 0.00000000 0.85772861 -0.51410274
vn 0.00000000 0.88192126 -0.47139674
vn 0.00000000 0.90398929 -0.42755509
vn 0.00000000 0.92387953 -0.38268343
vn 0.00000000 0.94154407 -0.33688985
vn 0.00000000 0.95694034 -0.29028468
vn 0.00000000 0.97003125 -0.24298018
vn 0.00000000 0.98078528 -0.19509032
vn 0.00000000 0.98917651 -0.14673047
vn 0.00000000 0.99518473 -0.09801714
vn 0.00000000 0.99879546 -0.04906767
vn 0.00000000 1.00000000 -0.00000000
vn 0.00000000 0.99879546 0.04906767
vn 0.00000000 0.99518473 0.09801714
vn 0.00000000 0.98917651 0.14673047
vn 0.00000000 0.98078528 0.19509032
vn 0.00000000 0.97003125 0.24298018
vn 0.00000000 0.95694034 0.29028468
vn 0.00000000 0.94154407 0.33688985
vn 0.00000000 0.92387953 0.38268343
vn 0.00000000 0.90398929 0.42755509
vn 0.00000000 0.88192126 0.47139674
vn 0.00000000 0.85772861 0.51410274
vn 0.00000000 0.83146961 0.55557023
vn 0.00000000 0.80320753 0.59569930
vn 0.00000000 0.77301045 0.63439328
vn 0.00000000 0.74095113 0.67155895
vn 0.00000000 0.70710678 0.70710678
vn 0.00000000 0.67155895 0.74095113
vn 0.00000000 0.63439328 0.77301045
vn 0.00000000 0.59569930 0.80320753
vn 0.00000000 0.55557023 0.83146961
vn 0.00000000 0.51410274 0.85772861
vn 0.00000000 0.47139674 0.88192126
vn 0.00000000 0.42755509 0.90398929
vn 0.00000000 0.38268343 0.92387953
vn 0.00000000 0.33688985 0.94154407
vn 0.00000000 0.29028468 0.95694034
vn 0.00000000 0.24298018 0.97003125
vn 0.00000000 0.19509032 0.98078528
vn 0.00000000 0.14673047 0.98917651
vn 0.00000000 0.09801714 0.99518473
vn 0.00000000 0.04906767 0.99879546
vn 0.00000000 0.00000000 1.00000000
vn 0.00000000 -0.04906767 0.99879546
vn 0.00000000 -0.09801714 0.99518473
vn 0.00000000 -0.14673047 0.98917651
vn 0.00000000 -0.19509032 0.98078528
vn 0.00000000 -0.24298018 0.97003125
vn 0.00000000 -0.29028468 0.95694034
vn 0.00000000 -0.33688985 0.94154407
vn 0.00000000 -0.38268343 0.92387953
vn 0.00000000 -0.42755509 0.90398929
vn 0.00000000 -0.47139674 0.88192126
vn 0.00000000 -0.51410274 0.85772861
vn 0.00000000 -0.55557023 0.83146961
vn 0.00000000 -0.59569930 0.80320753
vn 0.00000000 -0.63439328 0.77301045
vn 0.00000000 -0.67155895 0.74095113
vn 0.00000000 -0.70710678 0.70710678
vn 0.00000000 -0.74095113 0.67155895
vn 0.00000000 -0.77301045 0.63439328
vn 0.00000000 -0.80320753 0.59569930
vn 0.00000000 -0.83146961 0.55557023
vn 0.00000000 -0.85772861 0.51410274
vn 0.00000000 -0.88192126 0.47139674
vn 0.00000000 -0.90398929 0.42755509
vn 0.00000000 -0.92387953 0.38268343
vn 0.00000000 -0.94154407 0.33688985
vn 0.00000000 -0.95694034 0.29028468
vn 0.00000000 -0.97003125 0.24298018
vn 0.00000000 -0.98078528 0.19509032
vn 0.00000000 -0.98917651 0.14673047
vn 0.00000000 -0.99518473 0.09801714
vn 0.00000000 -0.99879546 0.04906767
vn 1.00000000 0.00000000 0.00000000
vn 1.00000000 0.00000000 0.00000000
vn 1.00000000 0.00000000 0.00000000
vn 1.00000000 0.00000000 0.00000000
vn 1.00000000 0.00000000 0.00000000
vn 1.00000000 0.00000000 0.00000000
vn 1.00000000 0.00000000 0.00000000
vn 1.00000000 0.00000000 0.00000000
vn 1.00000000 0.00000000 0.00000000
vn 1.00000000 0.00000000 0.00000000
vn 1.00000000 0.00000000 0.00000000
vn 1.00000000 0.00000000 0.00000000
vn 1.00000000 0.00000000 0.00000000
vn 1.00000000 0.00000000 0.00000000
vn 1.00000000 0.00000000 0.00000000
vn 1.00000000 0.00000000 0.00000000
vn 1.00000000 0.00000000 0.00000000
vn 1.00000000 0.00000000 0.00000000
vn 1.00000000 0.00000000 0.00000000
vn 1.00000000 0.00000000 0.00000000
vn 1.00000000 0.00000000 0.00000000
vn 1.00000000 0.00000000 0.00000000
vn 1.00000000 0.00000000 0.00000000
vn 1.00000000 0.00000000 0.00000000
vn 1.00000000 0.00000000 0.00000000
vn 1.00000000 0.00000000 0.00000000
vn 1.00000000 0.00000000 0.00000000
vn 1.00000000 0.00000000 0.00000000
vn 1.00000000 0.00000000 0.00000000
vn 1.00000000 0.00000000 0.00000000
vn 1.00000000 0.00000000 0.00000000
vn 1.00000000 0.00000000 0.00000000
vn 1.00000000 0.00000000 0.00000000
vn 1.00000000 -0.00000000 0.00000000
vn 1.00000000 -0.00000000 0.00000000
vn 1.00000000 -0.00000000 0.00000000
vn 1.00000000 -0.00000000 0.00000000
vn 1.00000000 -0.00000000 0.00000000
vn 1.00000000 -0.00000000 0.00000000
vn 1.00000000 -0.00000000 0.00000000
vn 1.00000000 -0.00000000 0.00000000
vn 1.00000000 -0.00000000 0.00000000
vn 1.00000000 -0.00000000 0.00000000
vn 1.00000000 -0.00000000 0.00000000
vn 1.00000000 -0.00000000 0.00000000
vn 1.00000000 -0.00000000 0.00000000
vn 1.00000000 -0.00000000 0.00000000
vn 1.00000000 -0.00000000 0.00000000
vn 1.00000000 -0.00000000 0.00000000
vn 1.00000000 -0.00000000 0.00000000
vn 1.00000000 -0.00000000 0.00000000
vn 1.00000000 -0.00000000 0.00000000
vn 1.00000000 -0.00000000 0.00000000
vn 1.00000000 -0.00000000 0.00000000
vn 1.00000000 -0.00000000 0.00000000
vn 1.00000000 -0.00000000 0.00000000
vn 1.00000000 -0.00000000 0.00000000
vn 1.00000000 -0.00000000 0.00000000
vn 1.00000000 -0.00000000 0.00000000
vn 1.00000000 -0.00000000 0.00000000
vn 1.00000000 -0.00000000 0.00000000
vn 1.00000000 -0.00000000 0.00000000
vn 1.00000000 -0.00000000 0.00000000
vn 1.00000000 -0.00000000 0.00000000
vn 1.00000000 -0.00000000 0.00000000
vn 1.00000000 -0.00000000 -0.00000000
vn 1.00000000 -0.00000000 -0.00000000
vn 1.00000000 -0.00000000 -0.00000000
vn 1.00000000 -0.00000000 -0.00000000
vn 1.00000000 -0.00000000 -0.00000000
vn 1.00000000 -0.00000000 -0.00000000
vn 1.00000000 -0.00000000 -0.00000000
vn 1.00000000 -0.00000000 -0.00000000
vn 1.00000000 -0.00000000 -0.00000000
vn 1.00000000 -0.00000000 -0.00000000
vn 1.00000000 -0.00000000 -0.00000000
vn 1.00000000 -0.00000000 -0.00000000
vn 1.00000000 -0.00000000 -0.00000000
vn 1.00000000 -0.00000000 -0.00000000
vn 1.00000000 -0.00000000 -0.00000000
vn 1.00000000 -0.00000000 -0.00000000
vn 1.00000000 -0.00000000 -0.00000000
vn 1.00000000 -0.00000000 -0.00000000
vn 1.00000000 -0.00000000 -0.00000000
vn 1.00000000 -0.00000000 -0.00000000
vn 1.00000000 -0.00000000 -0.00000000
vn 1.00000000 -0.00000000 -0.00000000
vn 1.00000000 -0.00000000 -0.00000000
vn 1.00000000 -0.00000000 -0.00000000
vn 1.00000000 -0.00000000 -0.00000000
vn 1.00000000 -0.00000000 -0.00000000
vn 1.00000000 -0.00000000 -0.00000000
vn 1.00000000 -0.00000000 -0.00000000
vn 1.00000000 -0.00000000 -0.00000000
vn 1.00000000 -0.00000000 -0.00000000
vn 1.00000000 -0.00000000 -0.00000000
vn 1.00000000 -0.00000000 -0.00000000
vn 1.00000000 0.00000000 -0.00000000
vn 1.00000000 0.00000000 -0.00000000
vn 1.00000000 0.00000000 -0.00000000
vn 1.00000000 0.00000000 -0.00000000
vn 1.00000000 0.00000000 -0.00000000
vn 1.00000000 0.00000000 -0.00000000
vn 1.00000000 0.00000000 -0.00000000
vn 1.00000000 0.00000000 -0.00000000
vn 1.00000000 0.00000000 -0.00000000
vn 1.00000000 0.00000000 -0.00000000
vn 1.00000000 0.00000000 -0.00000000
vn 1.00000000 0.00000000 -0.00000000
vn 1.00000000 0.00000000 -0.00000000
vn 1.00000000 0.00000000 -0.00000000
vn 1.00000000 0.00000000 -0.00000000
vn 1.00000000 0.00000000 -0.00000000
vn 1.00000000 0.00000000 -0.00000000
vn 1.00000000 0.00000000 -0.00000000
vn 1.00000000 0.00000000 -0.00000000
vn 1.00000000 0.00000000 -0.00000000
vn 1.00000000 0.00000000 -0.00000000
vn 1.00000000 0.00000000 -0.00000000
vn 1.00000000 0.00000000 -0.00000000
vn 1.00000000 0.00000000 -0.00000000
vn 1.00000000 0.00000000 -0.00000000
vn 1.00000000 0.00000000 -0.00000000
vn 1.00000000 0.00000000 -0.00000000
vn 1.00000000 0.00000000 -0.00000000
vn 1.00000000 0.00000000 -0.00000000
vn 1.00000000 0.00000000 -0.00000000
vn 1.00000000 0.00000000 -0.00000000
vn 1.00000000 0.00000000 -0.00000000
f 130//130 129//129 1//1
f 213//213 341//341 212//212
f 342//342 341//341 213//213
f 214//214 342//342 213//213
f 343//343 342//342 214//214
f 215//215 343//343 214//214
f 344//344 343//343 215//215
f 216//216 344//344 215//215
f 341//341 340//340 212//212
f 345//345 344//344 216//216
f 346//346 345//345 217//217
f 218//218 346//346 217//217
f 347//347 346//346 218//218
f 219//219 347//347 218//218
f 348//348 347//347 219//219
f 220//220 348//348 219//219
f 349//349 348//348 220//220
f 217//217 345//345 216//216
f 221//221 349//349 220//220
f 212//212 340//340 211//211
f 211//211 339//339 210//210
f 331//331 330//330 202//202
f 203//203 331//331 202//202
f 332//332 331//331 203//203
f 204//204 332//332 203//203
f 333//333 332//332 204//204
f 205//205 333//333 204//204
f 334//334 333//333 205//205
f 340//340 339//339 211//211
f 206//206 334//334 205//205
f 207//207 335//335 206//206
f 336//336 335//335 207//207
f 208//208 336//336 207//207
f 337//337 336//336 208//208
f 338//338 337//337 209//209
f 210//210 338//338 209//209
f 339//339 338//338 210//210
f 335//335 334//334 206//206
f 202//202 330//330 201//201
f 350//350 349//349 221//221
f 351//351 350//350 222//222
f 233//233 361//361 232//232
f 362//362 361//361 233//233
f 234//234 362//362 233//233
f 363//363 362//362 234//234
f 235//235 363//363 234//234
f 364//364 363//363 235//235
f 236//236 364//364 235//235
f 361//361 360//360 232//232
f 365//365 364//364 236//236
f 366//366 365//365 237//237
f 238//238 366//366 237//237
f 367//367 366//366 238//238
f 239//239 367//367 238//238
f 368//368 367//367 239//239
f 240//240 368//368 239//239
f 369//369 368//368 240//240
f 237//237 365//365 236//236
f 222//222 350//350 221//221
f 232//232 360//360 231//231
f 231//231 359//359 230//230
f 223//223 351//351 222//222
f 352//352 351//351 223//223
f 224//224 352//352 223//223
f 353//353 352//352 224//224
f 225//225 353//353 224//224
f 354//354 353//353 225//225
f 226//226 354//354 225//225
f 360//360 359//359 231//231
f 355//355 354//354 226//226
f 356//356 355//355 227//227
f 228//228 356//356 227//227
f 357//357 356//356 228//228
f 229//229 357//357 228//228
f 358//358 357//357 229//229
f 230//230 358//358 229//229
f 359//359 358//358 230//230
f 227//227 355//355 226//226
f 241//241 369//369 240//240
f 330//330 329//329 201//201
f 329//329 328//328 200//200
f 301//301 300//300 172//172
f 173//173 301//301 172//172
f 302//302 301//301 173//173
f 174//174 302//302 173//173
f 303//303 302//302 174//174
f 175//175 303//303 174//174
f 304//304 303//303 175//175
f 172//172 300//300 171//171
f 176//176 304//304 175//175
f 177//177 305//305 176//176
f 306//306 305//305 177//177
f 178//178 306//306 177//177
f 307//307 306//306 178//178
f 179//179 307//307 178//178
f 308//308 307//307 179//179
f 180//180 308//308 179//179
f 305//305 304//304 176//176
f 309//309 308//308 180//180
f 300//300 299//299 171//171
f 299//299 298//298 170//170
f 291//291 290//290 162//162
f 163//163 291//291 162//162
f 292//292 291//291 163//163
f 164//164 292//292 163//163
f 293//293 292//292 164//164
f 165//165 293//293 164//164
f 294//294 293//293 165//165
f 171//171 299//299 170//170
f 166//166 294//294 165//165
f 167//167 295//295 166//166
f 296//296 295//295 167//167
f 168//168 296//296 167//167
f 297//297 296//296 168//168
f 169//169 297//297 168//168
f 298//298 297//297 169//169
f 170//170 298//298 169//169
f 295//295 294//294 166//166
f 201//201 329//329 200//200
f 181//181 309//309 180//180
f 182//182 310//310 181//181
f 321//321 320//320 192//192
f 193//193 321//321 192//192
f 322//322 321//321 193//193
f 194//194 322//322 193//193
f 323//323 322//322 194//194
f 195//195 323//323 194//194
f 324//324 323//323 195//195
f 192//192 320//320 191//191
f 196//196 324//324 195//195
f 197//197 325//325 196//196
f 326//326 325//325 197//197
f 198//198 326//326 197//197
f 327//327 326//326 198//198
f 199//199 327//327 198//198
f 328//328 327//327 199//199
f 200//200 328//328 199//199
f 325//325 324//324 196//196
f 310//310 309//309 181//181
f 320//320 319//319 191//191
f 319//319 318//318 190//190
f 311//311 310//310 182//182
f 183//183 311//311 182//182
f 312//312 311//311 183//183
f 184//184 312//312 183//183
f 313//313 312//312 184//184
f 185//185 313//313 184//184
f 314//314 313//313 185//185
f 191//191 319//319 190//190
f 186//186 314//314 185//185
f 187//187 315//315 186//186
f 316//316 315//315 187//187
f 188//188 316//316 187//187
f 317//317 316//316 188//188
f 189//189 317//317 188//188
f 318//318 317//317 189//189
f 190//190 318//318 189//189
f 315//315 314//314 186//186
f 370//370 369//369 241//241
f 242//242 370//370 241//241
f 371//371 370//370 242//242
f 385//385 57//57 56//56
f 385//385 56//56 55//55
f 385//385 55//55 54//54
f 385//385 54//54 53//53
f 385//385 53//53 52//52
f 385//385 52//52 51//51
f 385//385 51//51 50//50
f 385//385 58//58 57//57
f 385//385 50//50 49//49
f 385//385 48//48 47//47
f 385//385 47//47 46//46
f 385//385 46//46 45//45
f 385//385 45//45 44//44
f 385//385 44//44 43//43
f 385//385 43//43 42//42
f 385//385 42//42 41//41
f 385//385 49//49 48//48
f 385//385 41//41 40//40
f 385//385 59//59 58//58
f 385//385 61//61 60//60
f 385//385 77//77 76//76
f 385//385 76//76 75//75
f 385//385 75//75 74//74
f 385//385 74//74 73//73
f 385//385 73//73 72//72
f 385//385 72//72 71//71
f 385//385 71//71 70//70
f 385//385 60//60 59//59
f 385//385 70//70 69//69
f 385//385 68//68 67//67
f 385//385 67//67 66//66
f 385//385 66//66 65//65
f 385//385 65//65 64//64
f 385//385 64//64 63//63
f 385//385 63//63 62//62
f 385//385 62//62 61//61
f 385//385 69//69 68//68
f 385//385 78//78 77//77
f 385//385 40//40 39//39
f 385//385 38//38 37//37
f 385//385 17//17 16//16
f 385//385 16//16 15//15
f 385//385 15//15 14//14
f 385//385 14//14 13//13
f 385//385 13//13 12//12
f 385//385 12//12 11//11
f 385//385 11//11 10//10
f 385//385 18//18 17//17
f 385//385 10//10 9//9
f 385//385 8//8 7//7
f 385//385 7//7 6//6
f 385//385 6//6 5//5
f 385//385 5//5 4//4
f 385//385 4//4 3//3
f 385//385 3//3 2//2
f 385//385 2//2 1//1
f 385//385 9//9 8//8
f 385//385 39//39 38//38
f 385//385 19//19 18//18
f 385//385 21//21 20//20
f 385//385 37//37 36//36
f 385//385 36//36 35//35
f 385//385 35//35 34//34
f 385//385 34//34 33//33
f 385//385 33//33 32//32
f 385//385 32//32 31//31
f 385//385 31//31 30//30
f 385//385 20//20 19//19
f 385//385 30//30 29//29
f 385//385 28//28 27//27
f 385//385 27//27 26//26
f 385//385 26//26 25//25
f 385//385 25//25 24//24
f 385//385 24//24 23//23
f 385//385 23//23 22//22
f 385//385 22//22 21//21
f 385//385 29//29 28//28
f 385//385 79//79 78//78
f 385//385 80//80 79//79
f 385//385 81//81 80//80
f 253//253 381//381 252//252
f 382//382 381//381 253//253
f 254//254 382//382 253//253
f 383//383 382//382 254//254
f 255//255 383//383 254//254
f 384//384 383//383 255//255
f 256//256 384//384 255//255
f 381//381 380//380 252//252
f 257//257 384//384 256//256
f 385//385 1//1 128//128
f 385//385 128//128 127//127
f 385//385 127//127 126//126
f 385//385 126//126 125//125
f 385//385 125//125 124//124
f 385//385 124//124 123//123
f 385//385 123//123 122//122
f 129//129 257//257 256//256
f 385//385 122//122 121//121
f 252//252 380//380 251//251
f 251//251 379//379 250//250
f 243//243 371//371 242//242
f 372//372 371//371 243//243
f 244//244 372//372 243//243
f 373//373 372//372 244//244
f 245//245 373//373 244//244
f 374//374 373//373 245//245
f 246//246 374//374 245//245
f 380//380 379//379 251//251
f 375//375 374//374 246//246
f 376//376 375//375 247//247
f 248//248 376//376 247//247
f 377//377 376//376 248//248
f 249//249 377//377 248//248
f 378//378 377//377 249//249
f 250//250 378//378 249//249
f 379//379 378//378 250//250
f 247//247 375//375 246//246
f 385//385 121//121 120//120
f 385//385 120//120 119//119
f 385//385 119//119 118//118
f 385//385 97//97 96//96
f 385//385 96//96 95//95
f 385//385 95//95 94//94
f 385//385 94//94 93//93
f 385//385 93//93 92//92
f 385//385 92//92 91//91
f 385//385 91//91 90//90
f 385//385 98//98 97//97
f 385//385 90//90 89//89
f 385//385 88//88 87//87
f 385//385 87//87 86//86
f 385//385 86//86 85//85
f 385//385 85//85 84//84
f 385//385 84//84 83//83
f 385//385 83//83 82//82
f 385//385 82//82 81//81
f 385//385 89//89 88//88
f 385//385 99//99 98//98
f 385//385 100//100 99//99
f 385//385 101//101 100//100
f 385//385 118//118 117//117
f 385//385 117//117 116//116
f 385//385 116//116 115//115
f 385//385 115//115 114//114
f 385//385 114//114 113//113
f 385//385 113//113 112//112
f 385//385 112//112 111//111
f 385//385 111//111 110//110
f 385//385 110//110 109//109
f 385//385 109//109 108//108
f 385//385 108//108 107//107
f 385//385 107//107 106//106
f 385//385 106//106 105//105
f 385//385 105//105 104//104
f 385//385 104//104 103//103
f 385//385 103//103 102//102
f 385//385 102//102 101//101
f 162//162 290//290 161//161
f 290//290 289//289 161//161
f 209//209 337//337 208//208
f 289//289 288//288 160//160
f 181//181 180//180 52//52
f 53//53 181//181 52//52
f 182//182 181//181 53//53
f 54//54 182//182 53//53
f 183//183 182//182 54//54
f 55//55 183//183 54//54
f 184//184 183//183 55//55
f 52//52 180//180 51//51
f 56//56 184//184 55//55
f 57//57 185//185 56//56
f 186//186 185//185 57//57
f 58//58 186//186 57//57
f 187//187 186//186 58//58
f 59//59 187//187 58//58
f 188//188 187//187 59//59
f 60//60 188//188 59//59
f 185//185 184//184 56//56
f 189//189 188//188 60//60
f 180//180 179//179 51//51
f 179//179 178//178 50//50
f 171//171 170//170 42//42
f 43//43 171//171 42//42
f 172//172 171//171 43//43
f 44//44 172//172 43//43
f 173//173 172//172 44//44
f 45//45 173//173 44//44
f 174//174 173//173 45//45
f 51//51 179//179 50//50
f 46//46 174//174 45//45
f 47//47 175//175 46//46
f 176//176 175//175 47//47
f 48//48 176//176 47//47
f 177//177 176//176 48//48
f 49//49 177//177 48//48
f 178//178 177//177 49//49
f 50//50 178//178 49//49
f 175//175 174//174 46//46
f 42//42 170//170 41//41
f 61//61 189//189 60//60
f 62//62 190//190 61//61
f 201//201 200//200 72//72
f 73//73 201//201 72//72
f 202//202 201//201 73//73
f 74//74 202//202 73//73
f 203//203 202//202 74//74
f 75//75 203//203 74//74
f 204//204 203//203 75//75
f 72//72 200//200 71//71
f 76//76 204//204 75//75
f 77//77 205//205 76//76
f 206//206 205//205 77//77
f 78//78 206//206 77//77
f 207//207 206//206 78//78
f 79//79 207//207 78//78
f 208//208 207//207 79//79
f 80//80 208//208 79//79
f 205//205 204//204 76//76
f 190//190 189//189 61//61
f 200//200 199//199 71//71
f 199//199 198//198 70//70
f 191//191 190//190 62//62
f 63//63 191//191 62//62
f 192//192 191//191 63//63
f 64//64 192//192 63//63
f 193//193 192//192 64//64
f 65//65 193//193 64//64
f 194//194 193//193 65//65
f 71//71 199//199 70//70
f 66//66 194//194 65//65
f 67//67 195//195 66//66
f 196//196 195//195 67//67
f 68//68 196//196 67//67
f 197//197 196//196 68//68
f 69//69 197//197 68//68
f 198//198 197//197 69//69
f 70//70 198//198 69//69
f 195//195 194//194 66//66
f 170//170 169//169 41//41
f 41//41 169//169 40//40
f 169//169 168//168 40//40
f 12//12 140//140 11//11
f 141//141 140//140 12//12
f 13//13 141//141 12//12
f 142//142 141//141 13//13
f 14//14 142//142 13//13
f 143//143 142//142 14//14
f 15//15 143//143 14//14
f 140//140 139//139 11//11
f 144//144 143//143 15//15
f 145//145 144//144 16//16
f 17//17 145//145 16//16
f 146//146 145//145 17//17
f 18//18 146//146 17//17
f 147//147 146//146 18//18
f 19//19 147//147 18//18
f 148//148 147//147 19//19
f 16//16 144//144 15//15
f 20//20 148//148 19//19
f 11//11 139//139 10//10
f 10//10 138//138 9//9
f 2//2 130//130 1//1
f 131//131 130//130 2//2
f 3//3 131//131 2//2
f 132//132 131//131 3//3
f 4//4 132//132 3//3
f 133//133 132//132 4//4
f 5//5 133//133 4//4
f 139//139 138//138 10//10
f 134//134 133//133 5//5
f 135//135 134//134 6//6
f 7//7 135//135 6//6
f 136//136 135//135 7//7
f 8//8 136//136 7//7
f 137//137 136//136 8//8
f 9//9 137//137 8//8
f 138//138 137//137 9//9
f 6//6 134//134 5//5
f 149//149 148//148 20//20
f 21//21 149//149 20//20
f 150//150 149//149 21//21
f 161//161 160//160 32//32
f 33//33 161//161 32//32
f 162//162 161//161 33//33
f 161//161 289//289 160//160
f 163//163 162//162 34//34
f 35//35 163//163 34//34
f 164//164 163//163 35//35
f 32//32 160//160 31//31
f 36//36 164//164 35//35
f 37//37 165//165 36//36
f 166//166 165//165 37//37
f 38//38 166//166 37//37
f 167//167 166//166 38//38
f 39//39 167//167 38//38
f 168//168 167//167 39//39
f 40//40 168//168 39//39
f 165//165 164//164 36//36
f 160//160 159//159 31//31
f 31//31 159//159 30//30
f 159//159 158//158 30//30
f 22//22 150//150 21//21
f 151//151 150//150 22//22
f 23//23 151//151 22//22
f 152//152 151//151 23//23
f 24//24 152//152 23//23
f 153//153 152//152 24//24
f 25//25 153//153 24//24
f 154//154 153//153 25//25
f 26//26 154//154 25//25
f 155//155 154//154 26//26
f 27//27 155//155 26//26
f 156//156 155//155 27//27
f 28//28 156//156 27//27
f 157//157 156//156 28//28
f 29//29 157//157 28//28
f 158//158 157//157 29//29
f 30//30 158//158 29//29
f 209//209 208//208 80//80
f 81//81 209//209 80//80
f 34//34 162//162 33//33
f 82//82 210//210 81//81
f 261//261 260//260 132//132
f 133//133 261//261 132//132
f 262//262 261//261 133//133
f 134//134 262//262 133//133
f 263//263 262//262 134//134
f 135//135 263//263 134//134
f 264//264 263//263 135//135
f 132//132 260//260 131//131
f 136//136 264//264 135//135
f 137//137 265//265 136//136
f 266//266 265//265 137//137
f 138//138 266//266 137//137
f 267//267 266//266 138//138
f 139//139 267//267 138//138
f 268//268 267//267 139//139
f 140//140 268//268 139//139
f 265//265 264//264 136//136
f 269//269 268//268 140//140
f 260//260 259//259 131//131
f 259//259 258//258 130//130
f 251//251 250//250 122//122
f 123//123 251//251 122//122
f 252//252 251//251 123//123
f 124//124 252//252 123//123
f 253//253 252//252 124//124
f 125//125 253//253 124//124
f 254//254 253//253 125//125
f 131//131 259//259 130//130
f 126//126 254//254 125//125
f 127//127 255//255 126//126
f 256//256 255//255 127//127
f 128//128 256//256 127//127
f 129//129 256//256 128//128
f 1//1 129//129 128//128
f 258//258 257//257 129//129
f 130//130 258//258 129//129
f 255//255 254//254 126//126
f 122//122 250//250 121//121
f 141//141 269//269 140//140
f 142//142 270//270 141//141
f 153//153 281//281 152//152
f 282//282 281//281 153//153
f 154//154 282//282 153//153
f 283//283 282//282 154//154
f 155//155 283//283 154//154
f 284//284 283//283 155//155
f 156//156 284//284 155//155
f 281//281 280//280 152//152
f 285//285 284//284 156//156
f 286//286 285//285 157//157
f 158//158 286//286 157//157
f 287//287 286//286 158//158
f 159//159 287//287 158//158
f 288//288 287//287 159//159
f 160//160 288//288 159//159
f 210//210 209//209 81//81
f 157//157 285//285 156//156
f 270//270 269//269 141//141
f 152//152 280//280 151//151
f 151//151 279//279 150//150
f 271//271 270//270 142//142
f 143//143 271//271 142//142
f 272//272 271//271 143//143
f 273//273 272//272 144//144
f 145//145 273//273 144//144
f 274//274 273//273 145//145
f 146//146 274//274 145//145
f 280//280 279//279 151//151
f 275//275 274//274 146//146
f 276//276 275//275 147//147
f 148//148 276//276 147//147
f 277//277 276//276 148//148
f 149//149 277//277 148//148
f 278//278 277//277 149//149
f 150//150 278//278 149//149
f 279//279 278//278 150//150
f 147//147 275//275 146//146
f 250//250 249//249 121//121
f 144//144 272//272 143//143
f 249//249 248//248 120//120
f 221//221 220//220 92//92
f 93//93 221//221 92//92
f 222//222 221//221 93//93
f 94//94 222//222 93//93
f 223//223 222//222 94//94
f 95//95 223//223 94//94
f 224//224 223//223 95//95
f 92//92 220//220 91//91
f 96//96 224//224 95//95
f 97//97 225//225 96//96
f 226//226 225//225 97//97
f 98//98 226//226 97//97
f 227//227 226//226 98//98
f 99//99 227//227 98//98
f 228//228 227//227 99//99
f 100//100 228//228 99//99
f 225//225 224//224 96//96
f 229//229 228//228 100//100
f 220//220 219//219 91//91
f 90//90 218//218 89//89
f 211//211 210//210 82//82
f 121//121 249//249 120//120
f 83//83 211//211 82//82
f 212//212 211//211 83//83
f 84//84 212//212 83//83
f 213//213 212//212 84//84
f 85//85 213//213 84//84
f 219//219 218//218 90//90
f 214//214 213//213 85//85
f 215//215 214//214 86//86
f 87//87 215//215 86//86
f 216//216 215//215 87//87
f 88//88 216//216 87//87
f 217//217 216//216 88//88
f 89//89 217//217 88//88
f 218//218 217//217 89//89
f 86//86 214//214 85//85
f 101//101 229//229 100//100
f 91//91 219//219 90//90
f 102//102 230//230 101//101
f 241//241 240//240 112//112
f 113//113 241//241 112//112
f 242//242 241//241 113//113
f 114//114 242//242 113//113
f 243//243 242//242 114//114
f 244//244 243//243 115//115
f 116//116 244//244 115//115
f 112//112 240//240 111//111
f 245//245 244//244 116//116
f 246//246 245//245 117//117
f 118//118 246//246 117//117
f 247//247 246//246 118//118
f 119//119 247//247 118//118
f 230//230 229//229 101//101
f 248//248 247//247 119//119
f 120//120 248//248 119//119
f 117//117 245//245 116//116
f 240//240 239//239 111//111
f 115//115 243//243 114//114
f 239//239 238//238 110//110
f 232//232 231//231 103//103
f 111//111 239//239 110//110
f 104//104 232//232 103//103
f 231//231 230//230 102//102
f 233//233 232//232 104//104
f 105//105 233//233 104//104
f 103//103 231//231 102//102
f 106//106 234//234 105//105
f 235//235 234//234 106//106
f 234//234 233//233 105//105
f 236//236 235//235 107//107
f 108//108 236//236 107//107
f 237//237 236//236 108//108
f 109//109 237//237 108//108
f 238//238 237//237 109//109
f 110//110 238//238 109//109
f 107//107 235//235 106//106
f 580//580 708//708 579//579
f 709//709 708//708 580//580
f 708//708 707//707 579//579
f 579//579 707//707 578//578
f 581//581 709//709 580//580
f 707//707 706//706 578//578
f 578//578 706//706 577//577
f 706//706 705//705 577//577
f 577//577 705//705 576//576
f 702//702 701//701 573//573
f 576//576 704//704 575//575
f 704//704 703//703 575//575
f 575//575 703//703 574//574
f 703//703 702//702 574//574
f 574//574 702//702 573//573
f 573//573 701//701 572//572
f 700//700 699//699 571//571
f 710//710 709//709 581//581
f 701//701 700//700 572//572
f 572//572 700//700 571//571
f 705//705 704//704 576//576
f 582//582 710//710 581//581
f 719//719 718//718 590//590
f 583//583 711//711 582//582
f 721//721 720//720 592//592
f 571//571 699//699 570//570
f 593//593 721//721 592//592
f 592//592 720//720 591//591
f 720//720 719//719 591//591
f 591//591 719//719 590//590
f 590//590 718//718 589//589
f 718//718 717//717 589//589
f 589//589 717//717 588//588
f 711//711 710//710 582//582
f 717//717 716//716 588//588
f 716//716 715//715 587//587
f 587//587 715//715 586//586
f 715//715 714//714 586//586
f 586//586 714//714 585//585
f 714//714 713//713 585//585
f 585//585 713//713 584//584
f 713//713 712//712 584//584
f 584//584 712//712 583//583
f 712//712 711//711 583//583
f 588//588 716//716 587//587
f 699//699 698//698 570//570
f 680//680 679//679 551//551
f 698//698 697//697 569//569
f 557//557 685//685 556//556
f 685//685 684//684 556//556
f 556//556 684//684 555//555
f 684//684 683//683 555//555
f 555//555 683//683 554//554
f 683//683 682//682 554//554
f 554//554 682//682 553//553
f 682//682 681//681 553//553
f 553//553 681//681 552//552
f 686//686 685//685 557//557
f 681//681 680//680 552//552
f 551//551 679//679 550//550
f 679//679 678//678 550//550
f 550//550 678//678 549//549
f 678//678 677//677 549//549
f 549//549 677//677 548//548
f 677//677 676//676 548//548
f 548//548 676//676 547//547
f 722//722 721//721 593//593
f 676//676 675//675 547//547
f 552//552 680//680 551//551
f 570//570 698//698 569//569
f 558//558 686//686 557//557
f 559//559 687//687 558//558
f 569//569 697//697 568//568
f 697//697 696//696 568//568
f 568//568 696//696 567//567
f 696//696 695//695 567//567
f 567//567 695//695 566//566
f 695//695 694//694 566//566
f 566//566 694//694 565//565
f 694//694 693//693 565//565
f 565//565 693//693 564//564
f 687//687 686//686 558//558
f 693//693 692//692 564//564
f 692//692 691//691 563//563
f 563//563 691//691 562//562
f 691//691 690//690 562//562
f 562//562 690//690 561//561
f 690//690 689//689 561//561
f 561//561 689//689 560//560
f 689//689 688//688 560//560
f 560//560 688//688 559//559
f 688//688 687//687 559//559
f 564//564 692//692 563//563
f 594//594 722//722 593//593
f 762//762 761//761 633//633
f 595//595 723//723 594//594
f 758//758 757//757 629//629
f 629//629 757//757 628//628
f 757//757 756//756 628//628
f 628//628 756//756 627//627
f 756//756 755//755 627//627
f 627//627 755//755 626//626
f 755//755 754//754 626//626
f 626//626 754//754 625//625
f 754//754 753//753 625//625
f 630//630 758//758 629//629
f 625//625 753//753 624//624
f 624//624 752//752 623//623
f 752//752 751//751 623//623
f 623//623 751//751 622//622
f 751//751 750//750 622//622
f 622//622 750//750 621//621
f 750//750 749//749 621//621
f 621//621 749//749 620//620
f 749//749 748//748 620//620
f 620//620 748//748 619//619
f 753//753 752//752 624//624
f 748//748 747//747 619//619
f 759//759 758//758 630//630
f 760//760 759//759 631//631
f 547//547 675//675 546//546
f 642//642 769//769 641//641
f 641//641 769//769 640//640
f 769//769 768//768 640//640
f 640//640 768//768 639//639
f 768//768 767//767 639//639
f 639//639 767//767 638//638
f 767//767 766//766 638//638
f 638//638 766//766 637//637
f 631//631 759//759 630//630
f 766//766 765//765 637//637
f 765//765 764//764 636//636
f 636//636 764//764 635//635
f 764//764 763//763 635//635
f 635//635 763//763 634//634
f 763//763 762//762 634//634
f 634//634 762//762 633//633
f 633//633 761//761 632//632
f 761//761 760//760 632//632
f 632//632 760//760 631//631
f 637//637 765//765 636//636
f 619//619 747//747 618//618
f 747//747 746//746 618//618
f 618//618 746//746 617//617
f 605//605 733//733 604//604
f 733//733 732//732 604//604
f 604//604 732//732 603//603
f 732//732 731//731 603//603
f 603//603 731//731 602//602
f 731//731 730//730 602//602
f 602//602 730//730 601//601
f 730//730 729//729 601//601
f 601//601 729//729 600//600
f 734//734 733//733 605//605
f 729//729 728//728 600//600
f 728//728 727//727 599//599
f 599//599 727//727 598//598
f 727//727 726//726 598//598
f 598//598 726//726 597//597
f 726//726 725//725 597//597
f 597//597 725//725 596//596
f 725//725 724//724 596//596
f 596//596 724//724 595//595
f 724//724 723//723 595//595
f 600//600 728//728 599//599
f 606//606 734//734 605//605
f 735//735 734//734 606//606
f 607//607 735//735 606//606
f 746//746 745//745 617//617
f 617//617 745//745 616//616
f 745//745 744//744 616//616
f 616//616 744//744 615//615
f 744//744 743//743 615//615
f 615//615 743//743 614//614
f 743//743 742//742 614//614
f 614//614 742//742 613//613
f 742//742 741//741 613//613
f 613//613 741//741 612//612
f 741//741 740//740 612//612
f 612//612 740//740 611//611
f 740//740 739//739 611//611
f 611//611 739//739 610//610
f 739//739 738//738 610//610
f 610//610 738//738 609//609
f 738//738 737//737 609//609
f 609//609 737//737 608//608
f 737//737 736//736 608//608
f 608//608 736//736 607//607
f 736//736 735//735 607//607
f 723//723 722//722 594//594
f 675//675 674//674 546//546
f 514//514 642//642 641//641
f 674//674 673//673 545//545
f 528//528 527//527 399//399
f 399//399 527//527 398//398
f 527//527 526//526 398//398
f 398//398 526//526 397//397
f 526//526 525//525 397//397
f 397//397 525//525 396//396
f 525//525 524//524 396//396
f 400//400 528//528 399//399
f 396//396 524//524 395//395
f 395//395 523//523 394//394
f 523//523 522//522 394//394
f 394//394 522//522 393//393
f 522//522 521//521 393//393
f 393//393 521//521 392//392
f 521//521 520//520 392//392
f 392//392 520//520 391//391
f 524//524 523//523 395//395
f 520//520 519//519 391//391
f 529//529 528//528 400//400
f 530//530 529//529 401//401
f 538//538 537//537 409//409
f 409//409 537//537 408//408
f 537//537 536//536 408//408
f 408//408 536//536 407//407
f 536//536 535//535 407//407
f 407//407 535//535 406//406
f 535//535 534//534 406//406
f 401//401 529//529 400//400
f 406//406 534//534 405//405
f 405//405 533//533 404//404
f 533//533 532//532 404//404
f 404//404 532//532 403//403
f 532//532 531//531 403//403
f 403//403 531//531 402//402
f 531//531 530//530 402//402
f 402//402 530//530 401//401
f 534//534 533//533 405//405
f 410//410 538//538 409//409
f 391//391 519//519 390//390
f 390//390 518//518 389//389
f 457//457 585//585 456//456
f 586//586 585//585 457//457
f 458//458 586//586 457//457
f 587//587 586//586 458//458
f 459//459 587//587 458//458
f 588//588 587//587 459//459
f 460//460 588//588 459//459
f 585//585 584//584 456//456
f 589//589 588//588 460//460
f 590//590 589//589 461//461
f 462//462 590//590 461//461
f 591//591 590//590 462//462
f 463//463 591//591 462//462
f 592//592 591//591 463//463
f 464//464 592//592 463//463
f 593//593 592//592 464//464
f 461//461 589//589 460//460
f 519//519 518//518 390//390
f 456//456 584//584 455//455
f 455//455 583//583 454//454
f 518//518 517//517 389//389
f 389//389 517//517 388//388
f 517//517 516//516 388//388
f 388//388 516//516 387//387
f 516//516 515//515 387//387
f 387//387 515//515 386//386
f 515//515 514//514 386//386
f 584//584 583//583 455//455
f 579//579 578//578 450//450
f 580//580 579//579 451//451
f 452//452 580//580 451//451
f 581//581 580//580 452//452
f 453//453 581//581 452//452
f 582//582 581//581 453//453
f 454//454 582//582 453//453
f 583//583 582//582 454//454
f 451//451 579//579 450//450
f 539//539 538//538 410//410
f 411//411 539//539 410//410
f 540//540 539//539 411//411
f 569//569 568//568 440//440
f 440//440 568//568 439//439
f 568//568 567//567 439//439
f 439//439 567//567 438//438
f 567//567 566//566 438//438
f 438//438 566//566 437//437
f 566//566 565//565 437//437
f 441//441 569//569 440//440
f 437//437 565//565 436//436
f 436//436 564//564 435//435
f 564//564 563//563 435//435
f 435//435 563//563 434//434
f 563//563 562//562 434//434
f 434//434 562//562 433//433
f 562//562 561//561 433//433
f 433//433 561//561 432//432
f 565//565 564//564 436//436
f 561//561 560//560 432//432
f 570//570 569//569 441//441
f 571//571 570//570 442//442
f 546//546 674//674 545//545
f 450//450 578//578 449//449
f 578//578 577//577 449//449
f 449//449 577//577 448//448
f 577//577 576//576 448//448
f 448//448 576//576 447//447
f 576//576 575//575 447//447
f 442//442 570//570 441//441
f 447//447 575//575 446//446
f 446//446 574//574 445//445
f 574//574 573//573 445//445
f 445//445 573//573 444//444
f 573//573 572//572 444//444
f 444//444 572//572 443//443
f 572//572 571//571 443//443
f 443//443 571//571 442//442
f 575//575 574//574 446//446
f 432//432 560//560 431//431
f 560//560 559//559 431//431
f 431//431 559//559 430//430
f 420//420 548//548 419//419
f 548//548 547//547 419//419
f 419//419 547//547 418//418
f 418//418 546//546 417//417
f 546//546 545//545 417//417
f 417//417 545//545 416//416
f 545//545 544//544 416//416
f 549//549 548//548 420//420
f 416//416 544//544 415//415
f 415//415 543//543 414//414
f 543//543 542//542 414//414
f 414//414 542//542 413//413
f 542//542 541//541 413//413
f 413//413 541//541 412//412
f 541//541 540//540 412//412
f 412//412 540//540 411//411
f 544//544 543//543 415//415
f 421//421 549//549 420//420
f 550//550 549//549 421//421
f 422//422 550//550 421//421
f 559//559 558//558 430//430
f 430//430 558//558 429//429
f 558//558 557//557 429//429
f 429//429 557//557 428//428
f 557//557 556//556 428//428
f 428//428 556//556 427//427
f 556//556 555//555 427//427
f 427//427 555//555 426//426
f 555//555 554//554 426//426
f 426//426 554//554 425//425
f 554//554 553//553 425//425
f 425//425 553//553 424//424
f 553//553 552//552 424//424
f 424//424 552//552 423//423
f 552//552 551//551 423//423
f 423//423 551//551 422//422
f 551//551 550//550 422//422
f 465//465 593//593 464//464
f 594//594 593//593 465//465
f 547//547 546//546 418//418
f 595//595 594//594 466//466
f 646//646 645//645 517//517
f 518//518 646//646 517//517
f 647//647 646//646 518//518
f 519//519 647//647 518//518
f 648//648 647//647 519//519
f 520//520 648//648 519//519
f 649//649 648//648 520//520
f 517//517 645//645 516//516
f 521//521 649//649 520//520
f 522//522 650//650 521//521
f 651//651 650//650 522//522
f 523//523 651//651 522//522
f 652//652 651//651 523//523
f 524//524 652//652 523//523
f 653//653 652//652 524//524
f 525//525 653//653 524//524
f 650//650 649//649 521//521
f 654//654 653//653 525//525
f 645//645 644//644 516//516
f 644//644 643//643 515//515
f 636//636 635//635 507//507
f 508//508 636//636 507//507
f 637//637 636//636 508//508
f 509//509 637//637 508//508
f 638//638 637//637 509//509
f 510//510 638//638 509//509
f 639//639 638//638 510//510
f 516//516 644//644 515//515
f 511//511 639//639 510//510
f 512//512 640//640 511//511
f 641//641 640//640 512//512
f 513//513 641//641 512//512
f 514//514 641//641 513//513
f 386//386 514//514 513//513
f 643//643 642//642 514//514
f 515//515 643//643 514//514
f 640//640 639//639 511//511
f 507//507 635//635 506//506
f 526//526 654//654 525//525
f 527//527 655//655 526//526
f 666//666 665//665 537//537
f 538//538 666//666 537//537
f 667//667 666//666 538//538
f 539//539 667//667 538//538
f 668//668 667//667 539//539
f 540//540 668//668 539//539
f 669//669 668//668 540//540
f 537//537 665//665 536//536
f 541//541 669//669 540//540
f 542//542 670//670 541//541
f 671//671 670//670 542//542
f 543//543 671//671 542//542
f 672//672 671//671 543//543
f 544//544 672//672 543//543
f 673//673 672//672 544//544
f 466//466 594//594 465//465
f 670//670 669//669 541//541
f 655//655 654//654 526//526
f 665//665 664//664 536//536
f 664//664 663//663 535//535
f 656//656 655//655 527//527
f 528//528 656//656 527//527
f 657//657 656//656 528//528
f 545//545 673//673 544//544
f 658//658 657//657 529//529
f 530//530 658//658 529//529
f 659//659 658//658 530//530
f 536//536 664//664 535//535
f 531//531 659//659 530//530
f 532//532 660//660 531//531
f 661//661 660//660 532//532
f 533//533 661//661 532//532
f 662//662 661//661 533//533
f 534//534 662//662 533//533
f 663//663 662//662 534//534
f 535//535 663//663 534//534
f 660//660 659//659 531//531
f 635//635 634//634 506//506
f 529//529 657//657 528//528
f 634//634 633//633 505//505
f 606//606 605//605 477//477
f 478//478 606//606 477//477
f 607//607 606//606 478//478
f 479//479 607//607 478//478
f 608//608 607//607 479//479
f 480//480 608//608 479//479
f 609//609 608//608 480//480
f 477//477 605//605 476//476
f 481//481 609//609 480//480
f 482//482 610//610 481//481
f 611//611 610//610 482//482
f 483//483 611//611 482//482
f 612//612 611//611 483//483
f 484//484 612//612 483//483
f 613//613 612//612 484//484
f 485//485 613//613 484//484
f 610//610 609//609 481//481
f 605//605 604//604 476//476
f 476//476 604//604 475//475
f 604//604 603//603 475//475
f 467//467 595//595 466//466
f 506//506 634//634 505//505
f 596//596 595//595 467//467
f 468//468 596//596 467//467
f 597//597 596//596 468//468
f 469//469 597//597 468//468
f 598//598 597//597 469//469
f 470//470 598//598 469//469
f 599//599 598//598 470//470
f 471//471 599//599 470//470
f 600//600 599//599 471//471
f 472//472 600//600 471//471
f 601//601 600//600 472//472
f 473//473 601//601 472//472
f 602//602 601//601 473//473
f 474//474 602//602 473//473
f 603//603 602//602 474//474
f 614//614 613//613 485//485
f 486//486 614//614 485//485
f 475//475 603//603 474//474
f 487//487 615//615 486//486
f 626//626 625//625 497//497
f 498//498 626//626 497//497
f 627//627 626//626 498//498
f 499//499 627//627 498//498
f 628//628 627//627 499//499
f 500//500 628//628 499//499
f 501//501 629//629 500//500
f 497//497 625//625 496//496
f 630//630 629//629 501//501
f 631//631 630//630 502//502
f 503//503 631//631 502//502
f 632//632 631//631 503//503
f 504//504 632//632 503//503
f 615//615 614//614 486//486
f 633//633 632//632 504//504
f 505//505 633//633 504//504
f 502//502 630//630 501//501
f 625//625 624//624 496//496
f 629//629 628//628 500//500
f 624//624 623//623 495//495
f 617//617 616//616 488//488
f 496//496 624//624 495//495
f 616//616 615//615 487//487
f 489//489 617//617 488//488
f 618//618 617//617 489//489
f 490//490 618//618 489//489
f 488//488 616//616 487//487
f 491//491 619//619 490//490
f 620//620 619//619 491//491
f 619//619 618//618 490//490
f 621//621 620//620 492//492
f 493//493 621//621 492//492
f 622//622 621//621 493//493
f 494//494 622//622 493//493
f 623//623 622//622 494//494
f 495//495 623//623 494//494
f 492//492 620//620 491//491
f 1093//1093 1092//1092 964//964
f 965//965 1093//1093 964//964
f 964//964 1092//1092 963//963
f 1092//1092 1091//1091 963//963
f 1094//1094 1093//1093 965//965
f 963//963 1091//1091 962//962
f 1091//1091 1090//1090 962//962
f 962//962 1090//1090 961//961
f 1090//1090 1089//1089 961//961
f 958//958 1086//1086 957//957
f 1089//1089 1088//1088 960//960
f 960//960 1088//1088 959//959
f 1088//1088 1087//1087 959//959
f 959//959 1087//1087 958//958
f 1087//1087 1086//1086 958//958
f 1086//1086 1085//1085 957//957
f 957//957 1085//1085 956//956
f 966//966 1094//1094 965//965
f 1085//1085 1084//1084 956//956
f 956//956 1084//1084 955//955
f 961//961 1089//1089 960//960
f 1095//1095 1094//1094 966//966
f 975//975 1103//1103 974//974
f 1096//1096 1095//1095 967//967
f 1084//1084 1083//1083 955//955
f 1106//1106 1105//1105 977//977
f 977//977 1105//1105 976//976
f 1105//1105 1104//1104 976//976
f 976//976 1104//1104 975//975
f 1104//1104 1103//1103 975//975
f 1103//1103 1102//1102 974//974
f 974//974 1102//1102 973//973
f 1102//1102 1101//1101 973//973
f 967//967 1095//1095 966//966
f 973//973 1101//1101 972//972
f 972//972 1100//1100 971//971
f 1100//1100 1099//1099 971//971
f 971//971 1099//1099 970//970
f 1099//1099 1098//1098 970//970
f 970//970 1098//1098 969//969
f 1098//1098 1097//1097 969//969
f 969//969 1097//1097 968//968
f 1097//1097 1096//1096 968//968
f 968//968 1096//1096 967//967
f 1101//1101 1100//1100 972//972
f 955//955 1083//1083 954//954
f 936//936 1064//1064 935//935
f 954//954 1082//1082 953//953
f 1070//1070 1069//1069 941//941
f 941//941 1069//1069 940//940
f 1069//1069 1068//1068 940//940
f 940//940 1068//1068 939//939
f 1068//1068 1067//1067 939//939
f 939//939 1067//1067 938//938
f 1067//1067 1066//1066 938//938
f 938//938 1066//1066 937//937
f 1066//1066 1065//1065 937//937
f 942//942 1070//1070 941//941
f 937//937 1065//1065 936//936
f 1064//1064 1063//1063 935//935
f 935//935 1063//1063 934//934
f 1063//1063 1062//1062 934//934
f 934//934 1062//1062 933//933
f 1062//1062 1061//1061 933//933
f 933//933 1061//1061 932//932
f 1061//1061 1060//1060 932//932
f 932//932 1060//1060 931//931
f 1060//1060 1059//1059 931//931
f 1065//1065 1064//1064 936//936
f 1083//1083 1082//1082 954//954
f 1071//1071 1070//1070 942//942
f 1072//1072 1071//1071 943//943
f 1082//1082 1081//1081 953//953
f 953//953 1081//1081 952//952
f 1081//1081 1080//1080 952//952
f 952//952 1080//1080 951//951
f 1080//1080 1079//1079 951//951
f 951//951 1079//1079 950//950
f 1079//1079 1078//1078 950//950
f 950//950 1078//1078 949//949
f 1078//1078 1077//1077 949//949
f 943//943 1071//1071 942//942
f 949//949 1077//1077 948//948
f 948//948 1076//1076 947//947
f 1076//1076 1075//1075 947//947
f 947//947 1075//1075 946//946
f 1075//1075 1074//1074 946//946
f 946//946 1074//1074 945//945
f 1074//1074 1073//1073 945//945
f 945//945 1073//1073 944//944
f 1073//1073 1072//1072 944//944
f 944//944 1072//1072 943//943
f 1077//1077 1076//1076 948//948
f 1107//1107 1106//1106 978//978
f 1018//1018 1146//1146 1017//1017
f 1108//1108 1107//1107 979//979
f 1014//1014 1142//1142 1013//1013
f 1142//1142 1141//1141 1013//1013
f 1013//1013 1141//1141 1012//1012
f 1141//1141 1140//1140 1012//1012
f 1012//1012 1140//1140 1011//1011
f 1140//1140 1139//1139 1011//1011
f 1011//1011 1139//1139 1010//1010
f 1139//1139 1138//1138 1010//1010
f 1010//1010 1138//1138 1009//1009
f 1143//1143 1142//1142 1014//1014
f 1138//1138 1137//1137 1009//1009
f 1137//1137 1136//1136 1008//1008
f 1008//1008 1136//1136 1007//1007
f 1136//1136 1135//1135 1007//1007
f 1007//1007 1135//1135 1006//1006
f 1135//1135 1134//1134 1006//1006
f 1006//1006 1134//1134 1005//1005
f 1134//1134 1133//1133 1005//1005
f 1005//1005 1133//1133 1004//1004
f 1133//1133 1132//1132 1004//1004
f 1009//1009 1137//1137 1008//1008
f 1004//1004 1132//1132 1003//1003
f 1015//1015 1143//1143 1014//1014
f 1016//1016 1144//1144 1015//1015
f 931//931 1059//1059 930//930
f 898//898 1026//1026 1025//1025
f 1026//1026 1153//1153 1025//1025
f 1025//1025 1153//1153 1024//1024
f 1153//1153 1152//1152 1024//1024
f 1024//1024 1152//1152 1023//1023
f 1152//1152 1151//1151 1023//1023
f 1023//1023 1151//1151 1022//1022
f 1151//1151 1150//1150 1022//1022
f 1144//1144 1143//1143 1015//1015
f 1022//1022 1150//1150 1021//1021
f 1021//1021 1149//1149 1020//1020
f 1149//1149 1148//1148 1020//1020
f 1020//1020 1148//1148 1019//1019
f 1148//1148 1147//1147 1019//1019
f 1019//1019 1147//1147 1018//1018
f 1147//1147 1146//1146 1018//1018
f 1146//1146 1145//1145 1017//1017
f 1017//1017 1145//1145 1016//1016
f 1145//1145 1144//1144 1016//1016
f 1150//1150 1149//1149 1021//1021
f 1132//1132 1131//1131 1003//1003
f 1003//1003 1131//1131 1002//1002
f 1131//1131 1130//1130 1002//1002
f 1118//1118 1117//1117 989//989
f 989//989 1117//1117 988//988
f 1117//1117 1116//1116 988//988
f 988//988 1116//1116 987//987
f 1116//1116 1115//1115 987//987
f 987//987 1115//1115 986//986
f 1115//1115 1114//1114 986//986
f 986//986 1114//1114 985//985
f 1114//1114 1113//1113 985//985
f 990//990 1118//1118 989//989
f 985//985 1113//1113 984//984
f 984//984 1112//1112 983//983
f 1112//1112 1111//1111 983//983
f 983//983 1111//1111 982//982
f 1111//1111 1110//1110 982//982
f 982//982 1110//1110 981//981
f 1110//1110 1109//1109 981//981
f 981//981 1109//1109 980//980
f 1109//1109 1108//1108 980//980
f 980//980 1108//1108 979//979
f 1113//1113 1112//1112 984//984
f 1119//1119 1118//1118 990//990
f 991//991 1119//1119 990//990
f 1120//1120 1119//1119 991//991
f 1002//1002 1130//1130 1001//1001
f 1130//1130 1129//1129 1001//1001
f 1001//1001 1129//1129 1000//1000
f 1129//1129 1128//1128 1000//1000
f 1000//1000 1128//1128 999//999
f 1128//1128 1127//1127 999//999
f 999//999 1127//1127 998//998
f 1127//1127 1126//1126 998//998
f 998//998 1126//1126 997//997
f 1126//1126 1125//1125 997//997
f 997//997 1125//1125 996//996
f 1125//1125 1124//1124 996//996
f 996//996 1124//1124 995//995
f 1124//1124 1123//1123 995//995
f 995//995 1123//1123 994//994
f 1123//1123 1122//1122 994//994
f 994//994 1122//1122 993//993
f 1122//1122 1121//1121 993//993
f 993//993 1121//1121 992//992
f 1121//1121 1120//1120 992//992
f 992//992 1120//1120 991//991
f 979//979 1107//1107 978//978
f 1059//1059 1058//1058 930//930
f 978//978 1106//1106 977//977
f 1058//1058 1057//1057 929//929
f 912//912 911//911 783//783
f 783//783 911//911 782//782
f 911//911 910//910 782//782
f 782//782 910//910 781//781
f 910//910 909//909 781//781
f 781//781 909//909 780//780
f 909//909 908//908 780//780
f 784//784 912//912 783//783
f 780//780 908//908 779//779
f 779//779 907//907 778//778
f 907//907 906//906 778//778
f 778//778 906//906 777//777
f 906//906 905//905 777//777
f 777//777 905//905 776//776
f 905//905 904//904 776//776
f 776//776 904//904 775//775
f 908//908 907//907 779//779
f 904//904 903//903 775//775
f 913//913 912//912 784//784
f 914//914 913//913 785//785
f 922//922 921//921 793//793
f 793//793 921//921 792//792
f 921//921 920//920 792//792
f 792//792 920//920 791//791
f 920//920 919//919 791//791
f 791//791 919//919 790//790
f 919//919 918//918 790//790
f 785//785 913//913 784//784
f 790//790 918//918 789//789
f 789//789 917//917 788//788
f 917//917 916//916 788//788
f 788//788 916//916 787//787
f 916//916 915//915 787//787
f 787//787 915//915 786//786
f 915//915 914//914 786//786
f 786//786 914//914 785//785
f 918//918 917//917 789//789
f 794//794 922//922 793//793
f 775//775 903//903 774//774
f 774//774 902//902 773//773
f 841//841 969//969 840//840
f 970//970 969//969 841//841
f 842//842 970//970 841//841
f 971//971 970//970 842//842
f 843//843 971//971 842//842
f 972//972 971//971 843//843
f 844//844 972//972 843//843
f 969//969 968//968 840//840
f 973//973 972//972 844//844
f 974//974 973//973 845//845
f 846//846 974//974 845//845
f 975//975 974//974 846//846
f 847//847 975//975 846//846
f 976//976 975//975 847//847
f 848//848 976//976 847//847
f 977//977 976//976 848//848
f 845//845 973//973 844//844
f 903//903 902//902 774//774
f 840//840 968//968 839//839
f 839//839 967//967 838//838
f 902//902 901//901 773//773
f 773//773 901//901 772//772
f 901//901 900//900 772//772
f 772//772 900//900 771//771
f 900//900 899//899 771//771
f 771//771 899//899 770//770
f 899//899 898//898 770//770
f 968//968 967//967 839//839
f 963//963 962//962 834//834
f 964//964 963//963 835//835
f 836//836 964//964 835//835
f 965//965 964//964 836//836
f 837//837 965//965 836//836
f 966//966 965//965 837//837
f 838//838 966//966 837//837
f 967//967 966//966 838//838
f 835//835 963//963 834//834
f 923//923 922//922 794//794
f 795//795 923//923 794//794
f 924//924 923//923 795//795
f 824//824 952//952 823//823
f 952//952 951//951 823//823
f 823//823 951//951 822//822
f 951//951 950//950 822//822
f 822//822 950//950 821//821
f 950//950 949//949 821//821
f 821//821 949//949 820//820
f 953//953 952//952 824//824
f 949//949 948//948 820//820
f 948//948 947//947 819//819
f 819//819 947//947 818//818
f 947//947 946//946 818//818
f 818//818 946//946 817//817
f 946//946 945//945 817//817
f 817//817 945//945 816//816
f 945//945 944//944 816//816
f 820//820 948//948 819//819
f 816//816 944//944 815//815
f 825//825 953//953 824//824
f 826//826 954//954 825//825
f 930//930 1058//1058 929//929
f 962//962 961//961 833//833
f 833//833 961//961 832//832
f 961//961 960//960 832//832
f 832//832 960//960 831//831
f 960//960 959//959 831//831
f 831//831 959//959 830//830
f 954//954 953//953 825//825
f 959//959 958//958 830//830
f 958//958 957//957 829//829
f 829//829 957//957 828//828
f 957//957 956//956 828//828
f 828//828 956//956 827//827
f 956//956 955//955 827//827
f 827//827 955//955 826//826
f 955//955 954//954 826//826
f 830//830 958//958 829//829
f 944//944 943//943 815//815
f 815//815 943//943 814//814
f 943//943 942//942 814//814
f 932//932 931//931 803//803
f 803//803 931//931 802//802
f 931//931 930//930 802//802
f 802//802 930//930 801//801
f 930//930 929//929 801//801
f 801//801 929//929 800//800
f 929//929 928//928 800//800
f 804//804 932//932 803//803
f 800//800 928//928 799//799
f 799//799 927//927 798//798
f 927//927 926//926 798//798
f 798//798 926//926 797//797
f 926//926 925//925 797//797
f 797//797 925//925 796//796
f 925//925 924//924 796//796
f 796//796 924//924 795//795
f 928//928 927//927 799//799
f 933//933 932//932 804//804
f 805//805 933//933 804//804
f 934//934 933//933 805//805
f 814//814 942//942 813//813
f 942//942 941//941 813//813
f 813//813 941//941 812//812
f 941//941 940//940 812//812
f 812//812 940//940 811//811
f 940//940 939//939 811//811
f 811//811 939//939 810//810
f 939//939 938//938 810//810
f 810//810 938//938 809//809
f 938//938 937//937 809//809
f 809//809 937//937 808//808
f 937//937 936//936 808//808
f 808//808 936//936 807//807
f 936//936 935//935 807//807
f 807//807 935//935 806//806
f 935//935 934//934 806//806
f 806//806 934//934 805//805
f 849//849 977//977 848//848
f 978//978 977//977 849//849
f 834//834 962//962 833//833
f 979//979 978//978 850//850
f 901//901 1029//1029 900//900
f 1030//1030 1029//1029 901//901
f 902//902 1030//1030 901//901
f 1031//1031 1030//1030 902//902
f 903//903 1031//1031 902//902
f 1032//1032 1031//1031 903//903
f 904//904 1032//1032 903//903
f 1029//1029 1028//1028 900//900
f 1033//1033 1032//1032 904//904
f 850//850 978//978 849//849
f 906//906 1034//1034 905//905
f 1035//1035 1034//1034 906//906
f 907//907 1035//1035 906//906
f 1036//1036 1035//1035 907//907
f 908//908 1036//1036 907//907
f 1037//1037 1036//1036 908//908
f 905//905 1033//1033 904//904
f 909//909 1037//1037 908//908
f 900//900 1028//1028 899//899
f 899//899 1027//1027 898//898
f 891//891 1019//1019 890//890
f 1020//1020 1019//1019 891//891
f 892//892 1020//1020 891//891
f 1021//1021 1020//1020 892//892
f 893//893 1021//1021 892//892
f 1022//1022 1021//1021 893//893
f 894//894 1022//1022 893//893
f 1028//1028 1027//1027 899//899
f 1023//1023 1022//1022 894//894
f 1024//1024 1023//1023 895//895
f 896//896 1024//1024 895//895
f 1025//1025 1024//1024 896//896
f 897//897 1025//1025 896//896
f 898//898 1025//1025 897//897
f 770//770 898//898 897//897
f 1027//1027 1026//1026 898//898
f 895//895 1023//1023 894//894
f 1038//1038 1037//1037 909//909
f 910//910 1038//1038 909//909
f 1039//1039 1038//1038 910//910
f 1050//1050 1049//1049 921//921
f 922//922 1050//1050 921//921
f 1051//1051 1050//1050 922//922
f 923//923 1051//1051 922//922
f 1052//1052 1051//1051 923//923
f 924//924 1052//1052 923//923
f 1053//1053 1052//1052 924//924
f 921//921 1049//1049 920//920
f 925//925 1053//1053 924//924
f 926//926 1054//1054 925//925
f 1055//1055 1054//1054 926//926
f 927//927 1055//1055 926//926
f 1056//1056 1055//1055 927//927
f 928//928 1056//1056 927//927
f 1057//1057 1056//1056 928//928
f 929//929 1057//1057 928//928
f 1054//1054 1053//1053 925//925
f 1049//1049 1048//1048 920//920
f 920//920 1048//1048 919//919
f 1048//1048 1047//1047 919//919
f 911//911 1039//1039 910//910
f 1040//1040 1039//1039 911//911
f 912//912 1040//1040 911//911
f 1041//1041 1040//1040 912//912
f 913//913 1041//1041 912//912
f 1042//1042 1041//1041 913//913
f 914//914 1042//1042 913//913
f 1043//1043 1042//1042 914//914
f 915//915 1043//1043 914//914
f 1044//1044 1043//1043 915//915
f 916//916 1044//1044 915//915
f 1045//1045 1044//1044 916//916
f 917//917 1045//1045 916//916
f 1046//1046 1045//1045 917//917
f 918//918 1046//1046 917//917
f 1047//1047 1046//1046 918//918
f 919//919 1047//1047 918//918
f 1019//1019 1018//1018 890//890
f 890//890 1018//1018 889//889
f 1034//1034 1033//1033 905//905
f 889//889 1017//1017 888//888
f 861//861 989//989 860//860
f 990//990 989//989 861//861
f 862//862 990//990 861//861
f 991//991 990//990 862//862
f 863//863 991//991 862//862
f 992//992 991//991 863//863
f 864//864 992//992 863//863
f 989//989 988//988 860//860
f 993//993 992//992 864//864
f 994//994 993//993 865//865
f 866//866 994//994 865//865
f 995//995 994//994 866//866
f 867//867 995//995 866//866
f 996//996 995//995 867//867
f 868//868 996//996 867//867
f 997//997 996//996 868//868
f 865//865 993//993 864//864
f 869//869 997//997 868//868
f 860//860 988//988 859//859
f 859//859 987//987 858//858
f 851//851 979//979 850//850
f 980//980 979//979 851//851
f 852//852 980//980 851//851
f 981//981 980//980 852//852
f 853//853 981//981 852//852
f 982//982 981//981 853//853
f 854//854 982//982 853//853
f 988//988 987//987 859//859
f 1018//1018 1017//1017 889//889
f 984//984 983//983 855//855
f 856//856 984//984 855//855
f 985//985 984//984 856//856
f 857//857 985//985 856//856
f 986//986 985//985 857//857
f 858//858 986//986 857//857
f 987//987 986//986 858//858
f 855//855 983//983 854//854
f 998//998 997//997 869//869
f 983//983 982//982 854//854
f 999//999 998//998 870//870
f 1009//1009 1008//1008 880//880
f 881//881 1009//1009 880//880
f 1010//1010 1009//1009 881//881
f 882//882 1010//1010 881//881
f 1011//1011 1010//1010 882//882
f 883//883 1011//1011 882//882
f 1012//1012 1011//1011 883//883
f 880//880 1008//1008 879//879
f 884//884 1012//1012 883//883
f 885//885 1013//1013 884//884
f 1014//1014 1013//1013 885//885
f 886//886 1014//1014 885//885
f 887//887 1015//1015 886//886
f 1016//1016 1015//1015 887//887
f 888//888 1016//1016 887//887
f 870//870 998//998 869//869
f 1013//1013 1012//1012 884//884
f 1008//1008 1007//1007 879//879
f 1015//1015 1014//1014 886//886
f 1007//1007 1006//1006 878//878
f 871//871 999//999 870//870
f 879//879 1007//1007 878//878
f 1000//1000 999//999 871//871
f 872//872 1000//1000 871//871
f 1001//1001 1000//1000 872//872
f 873//873 1001//1001 872//872
f 1002//1002 1001//1001 873//873
f 874//874 1002//1002 873//873
f 1017//1017 1016//1016 888//888
f 1003//1003 1002//1002 874//874
f 875//875 1003//1003 874//874
f 1004//1004 1003//1003 875//875
f 876//876 1004//1004 875//875
f 1005//1005 1004//1004 876//876
f 877//877 1005//1005 876//876
f 878//878 1006//1006 877//877
f 1006//1006 1005//1005 877//877
f 1388//1388 1387//1387 1259//1259
f 1260//1260 1388//1388 1259//1259
f 1389//1389 1388//1388 1260//1260
f 1261//1261 1389//1389 1260//1260
f 1390//1390 1389//1389 1261//1261
f 1262//1262 1390//1390 1261//1261
f 1392//1392 1391//1391 1263//1263
f 1263//1263 1391//1391 1262//1262
f 1264//1264 1392//1392 1263//1263
f 1393//1393 1392//1392 1264//1264
f 1265//1265 1393//1393 1264//1264
f 1394//1394 1393//1393 1265//1265
f 1391//1391 1390//1390 1262//1262
f 1259//1259 1387//1387 1258//1258
f 1386//1386 1385//1385 1257//1257
f 1258//1258 1386//1386 1257//1257
f 1380//1380 1379//1379 1251//1251
f 1257//1257 1385//1385 1256//1256
f 1385//1385 1384//1384 1256//1256
f 1256//1256 1384//1384 1255//1255
f 1384//1384 1383//1383 1255//1255
f 1383//1383 1382//1382 1254//1254
f 1254//1254 1382//1382 1253//1253
f 1382//1382 1381//1381 1253//1253
f 1253//1253 1381//1381 1252//1252
f 1381//1381 1380//1380 1252//1252
f 1252//1252 1380//1380 1251//1251
f 1266//1266 1394//1394 1265//1265
f 1387//1387 1386//1386 1258//1258
f 1255//1255 1383//1383 1254//1254
f 1404//1404 1403//1403 1275//1275
f 1267//1267 1395//1395 1266//1266
f 1251//1251 1379//1379 1250//1250
f 1154//1154 1282//1282 1281//1281
f 1282//1282 1409//1409 1281//1281
f 1281//1281 1409//1409 1280//1280
f 1409//1409 1408//1408 1280//1280
f 1280//1280 1408//1408 1279//1279
f 1408//1408 1407//1407 1279//1279
f 1279//1279 1407//1407 1278//1278
f 1407//1407 1406//1406 1278//1278
f 1278//1278 1406//1406 1277//1277
f 1406//1406 1405//1405 1277//1277
f 1277//1277 1405//1405 1276//1276
f 1405//1405 1404//1404 1276//1276
f 1276//1276 1404//1404 1275//1275
f 1395//1395 1394//1394 1266//1266
f 1275//1275 1403//1403 1274//1274
f 1274//1274 1402//1402 1273//1273
f 1402//1402 1401//1401 1273//1273
f 1273//1273 1401//1401 1272//1272
f 1401//1401 1400//1400 1272//1272
f 1272//1272 1400//1400 1271//1271
f 1400//1400 1399//1399 1271//1271
f 1271//1271 1399//1399 1270//1270
f 1399//1399 1398//1398 1270//1270
f 1270//1270 1398//1398 1269//1269
f 1398//1398 1397//1397 1269//1269
f 1269//1269 1397//1397 1268//1268
f 1397//1397 1396//1396 1268//1268
f 1268//1268 1396//1396 1267//1267
f 1396//1396 1395//1395 1267//1267
f 1403//1403 1402//1402 1274//1274
f 1379//1379 1378//1378 1250//1250
f 1234//1234 1362//1362 1233//1233
f 1378//1378 1377//1377 1249//1249
f 1188//1188 1316//1316 1187//1187
f 1316//1316 1315//1315 1187//1187
f 1187//1187 1315//1315 1186//1186
f 1315//1315 1314//1314 1186//1186
f 1186//1186 1314//1314 1185//1185
f 1314//1314 1313//1313 1185//1185
f 1185//1185 1313//1313 1184//1184
f 1313//1313 1312//1312 1184//1184
f 1184//1184 1312//1312 1183//1183
f 1317//1317 1316//1316 1188//1188
f 1312//1312 1311//1311 1183//1183
f 1311//1311 1310//1310 1182//1182
f 1182//1182 1310//1310 1181//1181
f 1310//1310 1309//1309 1181//1181
f 1181//1181 1309//1309 1180//1180
f 1309//1309 1308//1308 1180//1180
f 1180//1180 1308//1308 1179//1179
f 1308//1308 1307//1307 1179//1179
f 1179//1179 1307//1307 1178//1178
f 1307//1307 1306//1306 1178//1178
f 1183//1183 1311//1311 1182//1182
f 1178//1178 1306//1306 1177//1177
f 1189//1189 1317//1317 1188//1188
f 1190//1190 1318//1318 1189//1189
f 1200//1200 1328//1328 1199//1199
f 1328//1328 1327//1327 1199//1199
f 1199//1199 1327//1327 1198//1198
f 1327//1327 1326//1326 1198//1198
f 1198//1198 1326//1326 1197//1197
f 1326//1326 1325//1325 1197//1197
f 1197//1197 1325//1325 1196//1196
f 1325//1325 1324//1324 1196//1196
f 1196//1196 1324//1324 1195//1195
f 1318//1318 1317//1317 1189//1189
f 1324//1324 1323//1323 1195//1195
f 1323//1323 1322//1322 1194//1194
f 1194//1194 1322//1322 1193//1193
f 1322//1322 1321//1321 1193//1193
f 1193//1193 1321//1321 1192//1192
f 1321//1321 1320//1320 1192//1192
f 1192//1192 1320//1320 1191//1191
f 1320//1320 1319//1319 1191//1191
f 1191//1191 1319//1319 1190//1190
f 1319//1319 1318//1318 1190//1190
f 1195//1195 1323//1323 1194//1194
f 1329//1329 1328//1328 1200//1200
f 1306//1306 1305//1305 1177//1177
f 1305//1305 1304//1304 1176//1176
f 1164//1164 1292//1292 1163//1163
f 1292//1292 1291//1291 1163//1163
f 1163//1163 1291//1291 1162//1162
f 1291//1291 1290//1290 1162//1162
f 1162//1162 1290//1290 1161//1161
f 1290//1290 1289//1289 1161//1161
f 1161//1161 1289//1289 1160//1160
f 1289//1289 1288//1288 1160//1160
f 1160//1160 1288//1288 1159//1159
f 1293//1293 1292//1292 1164//1164
f 1288//1288 1287//1287 1159//1159
f 1287//1287 1286//1286 1158//1158
f 1158//1158 1286//1286 1157//1157
f 1286//1286 1285//1285 1157//1157
f 1157//1157 1285//1285 1156//1156
f 1285//1285 1284//1284 1156//1156
f 1156//1156 1284//1284 1155//1155
f 1284//1284 1283//1283 1155//1155
f 1155//1155 1283//1283 1154//1154
f 1283//1283 1282//1282 1154//1154
f 1159//1159 1287//1287 1158//1158
f 1177//1177 1305//1305 1176//1176
f 1165//1165 1293//1293 1164//1164
f 1166//1166 1294//1294 1165//1165
f 1176//1176 1304//1304 1175//1175
f 1304//1304 1303//1303 1175//1175
f 1175//1175 1303//1303 1174//1174
f 1303//1303 1302//1302 1174//1174
f 1174//1174 1302//1302 1173//1173
f 1302//1302 1301//1301 1173//1173
f 1173//1173 1301//1301 1172//1172
f 1301//1301 1300//1300 1172//1172
f 1172//1172 1300//1300 1171//1171
f 1294//1294 1293//1293 1165//1165
f 1300//1300 1299//1299 1171//1171
f 1299//1299 1298//1298 1170//1170
f 1170//1170 1298//1298 1169//1169
f 1250//1250 1378//1378 1249//1249
f 1169//1169 1297//1297 1168//1168
f 1297//1297 1296//1296 1168//1168
f 1168//1168 1296//1296 1167//1167
f 1296//1296 1295//1295 1167//1167
f 1167//1167 1295//1295 1166//1166
f 1295//1295 1294//1294 1166//1166
f 1171//1171 1299//1299 1170//1170
f 1201//1201 1329//1329 1200//1200
f 1298//1298 1297//1297 1169//1169
f 1202//1202 1330//1330 1201//1201
f 1237//1237 1365//1365 1236//1236
f 1365//1365 1364//1364 1236//1236
f 1236//1236 1364//1364 1235//1235
f 1364//1364 1363//1363 1235//1235
f 1235//1235 1363//1363 1234//1234
f 1363//1363 1362//1362 1234//1234
f 1362//1362 1361//1361 1233//1233
f 1233//1233 1361//1361 1232//1232
f 1361//1361 1360//1360 1232//1232
f 1366//1366 1365//1365 1237//1237
f 1232//1232 1360//1360 1231//1231
f 1231//1231 1359//1359 1230//1230
f 1359//1359 1358//1358 1230//1230
f 1230//1230 1358//1358 1229//1229
f 1358//1358 1357//1357 1229//1229
f 1229//1229 1357//1357 1228//1228
f 1357//1357 1356//1356 1228//1228
f 1228//1228 1356//1356 1227//1227
f 1356//1356 1355//1355 1227//1227
f 1227//1227 1355//1355 1226//1226
f 1360//1360 1359//1359 1231//1231
f 1355//1355 1354//1354 1226//1226
f 1238//1238 1366//1366 1237//1237
f 1239//1239 1367//1367 1238//1238
f 1330//1330 1329//1329 1201//1201
f 1249//1249 1377//1377 1248//1248
f 1377//1377 1376//1376 1248//1248
f 1248//1248 1376//1376 1247//1247
f 1376//1376 1375//1375 1247//1247
f 1247//1247 1375//1375 1246//1246
f 1375//1375 1374//1374 1246//1246
f 1246//1246 1374//1374 1245//1245
f 1374//1374 1373//1373 1245//1245
f 1367//1367 1366//1366 1238//1238
f 1245//1245 1373//1373 1244//1244
f 1244//1244 1372//1372 1243//1243
f 1372//1372 1371//1371 1243//1243
f 1243//1243 1371//1371 1242//1242
f 1371//1371 1370//1370 1242//1242
f 1242//1242 1370//1370 1241//1241
f 1241//1241 1369//1369 1240//1240
f 1369//1369 1368//1368 1240//1240
f 1240//1240 1368//1368 1239//1239
f 1368//1368 1367//1367 1239//1239
f 1373//1373 1372//1372 1244//1244
f 1226//1226 1354//1354 1225//1225
f 1370//1370 1369//1369 1241//1241
f 1225//1225 1353//1353 1224//1224
f 1212//1212 1340//1340 1211//1211
f 1340//1340 1339//1339 1211//1211
f 1211//1211 1339//1339 1210//1210
f 1339//1339 1338//1338 1210//1210
f 1210//1210 1338//1338 1209//1209
f 1338//1338 1337//1337 1209//1209
f 1209//1209 1337//1337 1208//1208
f 1337//1337 1336//1336 1208//1208
f 1208//1208 1336//1336 1207//1207
f 1341//1341 1340//1340 1212//1212
f 1336//1336 1335//1335 1207//1207
f 1206//1206 1334//1334 1205//1205
f 1334//1334 1333//1333 1205//1205
f 1205//1205 1333//1333 1204//1204
f 1333//1333 1332//1332 1204//1204
f 1204//1204 1332//1332 1203//1203
f 1332//1332 1331//1331 1203//1203
f 1203//1203 1331//1331 1202//1202
f 1354//1354 1353//1353 1225//1225
f 1331//1331 1330//1330 1202//1202
f 1207//1207 1335//1335 1206//1206
f 1213//1213 1341//1341 1212//1212
f 1335//1335 1334//1334 1206//1206
f 1214//1214 1342//1342 1213//1213
f 1353//1353 1352//1352 1224//1224
f 1224//1224 1352//1352 1223//1223
f 1342//1342 1341//1341 1213//1213
f 1352//1352 1351//1351 1223//1223
f 1223//1223 1351//1351 1222//1222
f 1351//1351 1350//1350 1222//1222
f 1222//1222 1350//1350 1221//1221
f 1221//1221 1349//1349 1220//1220
f 1349//1349 1348//1348 1220//1220
f 1220//1220 1348//1348 1219//1219
f 1348//1348 1347//1347 1219//1219
f 1350//1350 1349//1349 1221//1221
f 1347//1347 1346//1346 1218//1218
f 1343//1343 1342//1342 1214//1214
f 1218//1218 1346//1346 1217//1217
f 1346//1346 1345//1345 1217//1217
f 1217//1217 1345//1345 1216//1216
f 1345//1345 1344//1344 1216//1216
f 1216//1216 1344//1344 1215//1215
f 1215//1215 1343//1343 1214//1214
f 1219//1219 1347//1347 1218//1218
f 1344//1344 1343//1343 1215//1215
f 1538//1538 1492//1492 1493//1493
f 1538//1538 1493//1493 1494//1494
f 1538//1538 1494//1494 1495//1495
f 1538//1538 1495//1495 1496//1496
f 1538//1538 1498//1498 1499//1499
f 1538//1538 1497//1497 1498//1498
f 1538//1538 1499//1499 1500//1500
f 1538//1538 1500//1500 1501//1501
f 1538//1538 1502//1502 1503//1503
f 1538//1538 1491//1491 1492//1492
f 1538//1538 1501//1501 1502//1502
f 1538//1538 1496//1496 1497//1497
f 1538//1538 1490//1490 1491//1491
f 1538//1538 1480//1480 1481//1481
f 1538//1538 1488//1488 1489//1489
f 1538//1538 1487//1487 1488//1488
f 1538//1538 1486//1486 1487//1487
f 1538//1538 1485//1485 1486//1486
f 1538//1538 1484//1484 1485//1485
f 1538//1538 1483//1483 1484//1484
f 1538//1538 1482//1482 1483//1483
f 1538//1538 1481//1481 1482//1482
f 1538//1538 1479//1479 1480//1480
f 1538//1538 1478//1478 1479//1479
f 1538//1538 1477//1477 1478//1478
f 1538//1538 1476//1476 1477//1477
f 1538//1538 1503//1503 1504//1504
f 1538//1538 1475//1475 1476//1476
f 1538//1538 1489//1489 1490//1490
f 1538//1538 1504//1504 1505//1505
f 1538//1538 1527//1527 1528//1528
f 1538//1538 1506//1506 1507//1507
f 1538//1538 1474//1474 1475//1475
f 1538//1538 1535//1535 1536//1536
f 1538//1538 1534//1534 1535//1535
f 1538//1538 1533//1533 1534//1534
f 1538//1538 1532//1532 1533//1533
f 1538//1538 1531//1531 1532//1532
f 1538//1538 1530//1530 1531//1531
f 1538//1538 1529//1529 1530//1530
f 1538//1538 1528//1528 1529//1529
f 1538//1538 1526//1526 1527//1527
f 1538//1538 1525//1525 1526//1526
f 1538//1538 1524//1524 1525//1525
f 1538//1538 1523//1523 1524//1524
f 1538//1538 1522//1522 1523//1523
f 1538//1538 1521//1521 1522//1522
f 1538//1538 1520//1520 1521//1521
f 1538//1538 1519//1519 1520//1520
f 1538//1538 1518//1518 1519//1519
f 1538//1538 1517//1517 1518//1518
f 1538//1538 1516//1516 1517//1517
f 1538//1538 1515//1515 1516//1516
f 1538//1538 1514//1514 1515//1515
f 1538//1538 1513//1513 1514//1514
f 1538//1538 1512//1512 1513//1513
f 1538//1538 1511//1511 1512//1512
f 1538//1538 1510//1510 1511//1511
f 1538//1538 1509//1509 1510//1510
f 1538//1538 1508//1508 1509//1509
f 1538//1538 1507//1507 1508//1508
f 1538//1538 1505//1505 1506//1506
f 1538//1538 1473//1473 1474//1474
f 1538//1538 1426//1426 1427//1427
f 1538//1538 1471//1471 1472//1472
f 1538//1538 1437//1437 1438//1438
f 1538//1538 1436//1436 1437//1437
f 1538//1538 1435//1435 1436//1436
f 1538//1538 1434//1434 1435//1435
f 1538//1538 1433//1433 1434//1434
f 1538//1538 1432//1432 1433//1433
f 1538//1538 1431//1431 1432//1432
f 1538//1538 1430//1430 1431//1431
f 1538//1538 1429//1429 1430//1430
f 1538//1538 1428//1428 1429//1429
f 1538//1538 1427//1427 1428//1428
f 1538//1538 1425//1425 1426//1426
f 1538//1538 1424//1424 1425//1425
f 1538//1538 1438//1438 1439//1439
f 1538//1538 1423//1423 1424//1424
f 1538//1538 1421//1421 1422//1422
f 1538//1538 1420//1420 1421//1421
f 1538//1538 1419//1419 1420//1420
f 1538//1538 1418//1418 1419//1419
f 1538//1538 1417//1417 1418//1418
f 1538//1538 1416//1416 1417//1417
f 1538//1538 1415//1415 1416//1416
f 1538//1538 1414//1414 1415//1415
f 1538//1538 1413//1413 1414//1414
f 1538//1538 1412//1412 1413//1413
f 1538//1538 1411//1411 1412//1412
f 1538//1538 1410//1410 1411//1411
f 1538//1538 1536//1536 1537//1537
f 1538//1538 1422//1422 1423//1423
f 1538//1538 1439//1439 1440//1440
f 1538//1538 1440//1440 1441//1441
f 1538//1538 1441//1441 1442//1442
f 1538//1538 1470//1470 1471//1471
f 1538//1538 1469//1469 1470//1470
f 1538//1538 1468//1468 1469//1469
f 1538//1538 1467//1467 1468//1468
f 1538//1538 1466//1466 1467//1467
f 1538//1538 1465//1465 1466//1466
f 1538//1538 1464//1464 1465//1465
f 1538//1538 1463//1463 1464//1464
f 1538//1538 1462//1462 1463//1463
f 1538//1538 1461//1461 1462//1462
f 1538//1538 1460//1460 1461//1461
f 1538//1538 1459//1459 1460//1460
f 1538//1538 1458//1458 1459//1459
f 1538//1538 1457//1457 1458//1458
f 1538//1538 1456//1456 1457//1457
f 1538//1538 1455//1455 1456//1456
f 1538//1538 1454//1454 1455//1455
f 1538//1538 1453//1453 1454//1454
f 1538//1538 1452//1452 1453//1453
f 1538//1538 1451//1451 1452//1452
f 1538//1538 1450//1450 1451//1451
f 1538//1538 1449//1449 1450//1450
f 1538//1538 1448//1448 1449//1449
f 1538//1538 1447//1447 1448//1448
f 1538//1538 1446//1446 1447//1447
f 1538//1538 1445//1445 1446//1446
f 1538//1538 1444//1444 1445//1445
f 1538//1538 1443//1443 1444//1444
f 1538//1538 1442//1442 1443//1443
f 1538//1538 1472//1472 1473//1473
f 1538//1538 1537//1537 1410//1410
