# Independent procedural camera geometry; meters; Z up
o magnetic_rear_plate
v -0.0095575000 -0.0107650000 0.0411200000
v -0.0095575000 -0.0107567160 0.0415418467
v -0.0095575000 -0.0107318768 0.0419630430
v -0.0095575000 -0.0106905206 0.0423829393
v -0.0095575000 -0.0106327112 0.0428008883
v -0.0095575000 -0.0105585378 0.0432162455
v -0.0095575000 -0.0104681148 0.0436283704
v -0.0095575000 -0.0103615815 0.0440366276
v -0.0095575000 -0.0102391023 0.0444403876
v -0.0095575000 -0.0101008659 0.0448390278
v -0.0095575000 -0.0099470856 0.0452319335
v -0.0095575000 -0.0097779984 0.0456184989
v -0.0095575000 -0.0095938651 0.0459981279
v -0.0095575000 -0.0093949696 0.0463702352
v -0.0095575000 -0.0091816186 0.0467342471
v -0.0095575000 -0.0089541410 0.0470896022
v -0.0095575000 -0.0087128876 0.0474357525
v -0.0095575000 -0.0084582304 0.0477721645
v -0.0095575000 -0.0081905621 0.0480983193
v -0.0095575000 -0.0079102954 0.0484137140
v -0.0095575000 -0.0076178624 0.0487178624
v -0.0095575000 -0.0073137140 0.0490102954
v -0.0095575000 -0.0069983193 0.0492905621
v -0.0095575000 -0.0066721645 0.0495582304
v -0.0095575000 -0.0063357525 0.0498128876
v -0.0095575000 -0.0059896022 0.0500541410
v -0.0095575000 -0.0056342471 0.0502816186
v -0.0095575000 -0.0052702352 0.0504949696
v -0.0095575000 -0.0048981279 0.0506938651
v -0.0095575000 -0.0045184989 0.0508779984
v -0.0095575000 -0.0041319335 0.0510470856
v -0.0095575000 -0.0037390278 0.0512008659
v -0.0095575000 -0.0033403876 0.0513391023
v -0.0095575000 -0.0029366276 0.0514615815
v -0.0095575000 -0.0025283704 0.0515681148
v -0.0095575000 -0.0021162455 0.0516585378
v -0.0095575000 -0.0017008883 0.0517327112
v -0.0095575000 -0.0012829393 0.0517905206
v -0.0095575000 -0.0008630430 0.0518318768
v -0.0095575000 -0.0004418467 0.0518567160
v -0.0095575000 0.0000200000 0.0518650000
v -0.0095575000 0.0004418467 0.0518567160
v -0.0095575000 0.0008630430 0.0518318768
v -0.0095575000 0.0012829393 0.0517905206
v -0.0095575000 0.0017008883 0.0517327112
v -0.0095575000 0.0021162455 0.0516585378
v -0.0095575000 0.0025283704 0.0515681148
v -0.0095575000 0.0029366276 0.0514615815
v -0.0095575000 0.0033403876 0.0513391023
v -0.0095575000 0.0037390278 0.0512008659
v -0.0095575000 0.0041319335 0.0510470856
v -0.0095575000 0.0045184989 0.0508779984
v -0.0095575000 0.0048981279 0.0506938651
v -0.0095575000 0.0052702352 0.0504949696
v -0.0095575000 0.0056342471 0.0502816186
v -0.0095575000 0.0059896022 0.0500541410
v -0.0095575000 0.0063357525 0.0498128876
v -0.0095575000 0.0066721645 0.0495582304
v -0.0095575000 0.0069983193 0.0492905621
v -0.0095575000 0.0073137140 0.0490102954
v -0.0095575000 0.0076178624 0.0487178624
v -0.0095575000 0.0079102954 0.0484137140
v -0.0095575000 0.0081905621 0.0480983193
v -0.0095575000 0.0084582304 0.0477721645
v -0.0095575000 0.0087128876 0.0474357525
v -0.0095575000 0.0089541410 0.0470896022
v -0.0095575000 0.0091816186 0.0467342471
v -0.0095575000 0.0093949696 0.0463702352
v -0.0095575000 0.0095938651 0.0459981279
v -0.0095575000 0.0097779984 0.0456184989
v -0.0095575000 0.0099470856 0.0452319335
v -0.0095575000 0.0101008659 0.0448390278
v -0.0095575000 0.0102391023 0.0444403876
v -0.0095575000 0.0103615815 0.0440366276
v -0.0095575000 0.0104681148 0.0436283704
v -0.0095575000 0.0105585378 0.0432162455
v -0.0095575000 0.0106327112 0.0428008883
v -0.0095575000 0.0106905206 0.0423829393
v -0.0095575000 0.0107318768 0.0419630430
v -0.0095575000 0.0107567160 0.0415418467
v -0.0095575000 0.0107650000 0.0117800000
v -0.0095575000 0.0107567160 0.0113581533
v -0.0095575000 0.0107318768 0.0109369570
v -0.0095575000 0.0106905206 0.0105170607
v -0.0095575000 0.0106327112 0.0100991117
v -0.0095575000 0.0105585378 0.0096837545
v -0.0095575000 0.0104681148 0.0092716296
v -0.0095575000 0.0103615815 0.0088633724
v -0.0095575000 0.0102391023 0.0084596124
v -0.0095575000 0.0101008659 0.0080609722
v -0.0095575000 0.0099470856 0.0076680665
v -0.0095575000 0.0097779984 0.0072815011
v -0.0095575000 0.0095938651 0.0069018721
v -0.0095575000 0.0093949696 0.0065297648
v -0.0095575000 0.0091816186 0.0061657529
v -0.0095575000 0.0089541410 0.0058103978
v -0.0095575000 0.0087128876 0.0054642475
v -0.0095575000 0.0084582304 0.0051278355
v -0.0095575000 0.0081905621 0.0048016807
v -0.0095575000 0.0079102954 0.0044862860
v -0.0095575000 0.0076178624 0.0041821376
v -0.0095575000 0.0073137140 0.0038897046
v -0.0095575000 0.0069983193 0.0036094379
v -0.0095575000 0.0066721645 0.0033417696
v -0.0095575000 0.0063357525 0.0030871124
v -0.0095575000 0.0059896022 0.0028458590
v -0.0095575000 0.0056342471 0.0026183814
v -0.0095575000 0.0052702352 0.0024050304
v -0.0095575000 0.0048981279 0.0022061349
v -0.0095575000 0.0045184989 0.0020220016
v -0.0095575000 0.0041319335 0.0018529144
v -0.0095575000 0.0037390278 0.0016991341
v -0.0095575000 0.0033403876 0.0015608977
v -0.0095575000 0.0029366276 0.0014384185
v -0.0095575000 0.0025283704 0.0013318852
v -0.0095575000 0.0021162455 0.0012414622
v -0.0095575000 0.0017008883 0.0011672888
v -0.0095575000 0.0012829393 0.0011094794
v -0.0095575000 0.0008630430 0.0010681232
v -0.0095575000 0.0004418467 0.0010432840
v -0.0095575000 -0.0000200000 0.0010350000
v -0.0095575000 -0.0004418467 0.0010432840
v -0.0095575000 -0.0008630430 0.0010681232
v -0.0095575000 -0.0012829393 0.0011094794
v -0.0095575000 -0.0017008883 0.0011672888
v -0.0095575000 -0.0021162455 0.0012414622
v -0.0095575000 -0.0025283704 0.0013318852
v -0.0095575000 -0.0029366276 0.0014384185
v -0.0095575000 -0.0033403876 0.0015608977
v -0.0095575000 -0.0037390278 0.0016991341
v -0.0095575000 -0.0041319335 0.0018529144
v -0.0095575000 -0.0045184989 0.0020220016
v -0.0095575000 -0.0048981279 0.0022061349
v -0.0095575000 -0.0052702352 0.0024050304
v -0.0095575000 -0.0056342471 0.0026183814
v -0.0095575000 -0.0059896022 0.0028458590
v -0.0095575000 -0.0063357525 0.0030871124
v -0.0095575000 -0.0066721645 0.0033417696
v -0.0095575000 -0.0069983193 0.0036094379
v -0.0095575000 -0.0073137140 0.0038897046
v -0.0095575000 -0.0076178624 0.0041821376
v -0.0095575000 -0.0079102954 0.0044862860
v -0.0095575000 -0.0081905621 0.0048016807
v -0.0095575000 -0.0084582304 0.0051278355
v -0.0095575000 -0.0087128876 0.0054642475
v -0.0095575000 -0.0089541410 0.0058103978
v -0.0095575000 -0.0091816186 0.0061657529
v -0.0095575000 -0.0093949696 0.0065297648
v -0.0095575000 -0.0095938651 0.0069018721
v -0.0095575000 -0.0097779984 0.0072815011
v -0.0095575000 -0.0099470856 0.0076680665
v -0.0095575000 -0.0101008659 0.0080609722
v -0.0095575000 -0.0102391023 0.0084596124
v -0.0095575000 -0.0103615815 0.0088633724
v -0.0095575000 -0.0104681148 0.0092716296
v -0.0095575000 -0.0105585378 0.0096837545
v -0.0095575000 -0.0106327112 0.0100991117
v -0.0095575000 -0.0106905206 0.0105170607
v -0.0095575000 -0.0107318768 0.0109369570
v -0.0095575000 -0.0107567160 0.0113581533
v -0.0095586926 -0.0107740587 0.0411200000
v -0.0095586926 -0.0107657677 0.0415422024
v -0.0095586926 -0.0107409075 0.0419637537
v -0.0095586926 -0.0106995164 0.0423840041
v -0.0095586926 -0.0106416584 0.0428023054
v -0.0095586926 -0.0105674224 0.0432180128
v -0.0095586926 -0.0104769232 0.0436304851
v -0.0095586926 -0.0103703001 0.0440390865
v -0.0095586926 -0.0102477176 0.0444431869
v -0.0095586926 -0.0101093647 0.0448421631
v -0.0095586926 -0.0099554547 0.0452354001
v -0.0095586926 -0.0097862250 0.0456222914
v -0.0095586926 -0.0096019364 0.0460022405
v -0.0095586926 -0.0094028732 0.0463746615
v -0.0095586926 -0.0091893423 0.0467389802
v -0.0095586926 -0.0089616730 0.0470946349
v -0.0095586926 -0.0087202162 0.0474410771
v -0.0095586926 -0.0084653443 0.0477777727
v -0.0095586926 -0.0081974504 0.0481042024
v -0.0095586926 -0.0079169473 0.0484198630
v -0.0095586926 -0.0076242678 0.0487242678
v -0.0095586926 -0.0073198630 0.0490169473
v -0.0095586926 -0.0070042024 0.0492974504
v -0.0095586926 -0.0066777727 0.0495653443
v -0.0095586926 -0.0063410771 0.0498202162
v -0.0095586926 -0.0059946349 0.0500616730
v -0.0095586926 -0.0056389802 0.0502893423
v -0.0095586926 -0.0052746615 0.0505028732
v -0.0095586926 -0.0049022405 0.0507019364
v -0.0095586926 -0.0045222914 0.0508862250
v -0.0095586926 -0.0041354001 0.0510554547
v -0.0095586926 -0.0037421631 0.0512093647
v -0.0095586926 -0.0033431869 0.0513477176
v -0.0095586926 -0.0029390865 0.0514703001
v -0.0095586926 -0.0025304851 0.0515769232
v -0.0095586926 -0.0021180128 0.0516674224
v -0.0095586926 -0.0017023054 0.0517416584
v -0.0095586926 -0.0012840041 0.0517995164
v -0.0095586926 -0.0008637537 0.0518409075
v -0.0095586926 -0.0004422024 0.0518657677
v -0.0095586926 0.0000200000 0.0518740587
v -0.0095586926 0.0004422024 0.0518657677
v -0.0095586926 0.0008637537 0.0518409075
v -0.0095586926 0.0012840041 0.0517995164
v -0.0095586926 0.0017023054 0.0517416584
v -0.0095586926 0.0021180128 0.0516674224
v -0.0095586926 0.0025304851 0.0515769232
v -0.0095586926 0.0029390865 0.0514703001
v -0.0095586926 0.0033431869 0.0513477176
v -0.0095586926 0.0037421631 0.0512093647
v -0.0095586926 0.0041354001 0.0510554547
v -0.0095586926 0.0045222914 0.0508862250
v -0.0095586926 0.0049022405 0.0507019364
v -0.0095586926 0.0052746615 0.0505028732
v -0.0095586926 0.0056389802 0.0502893423
v -0.0095586926 0.0059946349 0.0500616730
v -0.0095586926 0.0063410771 0.0498202162
v -0.0095586926 0.0066777727 0.0495653443
v -0.0095586926 0.0070042024 0.0492974504
v -0.0095586926 0.0073198630 0.0490169473
v -0.0095586926 0.0076242678 0.0487242678
v -0.0095586926 0.0079169473 0.0484198630
v -0.0095586926 0.0081974504 0.0481042024
v -0.0095586926 0.0084653443 0.0477777727
v -0.0095586926 0.0087202162 0.0474410771
v -0.0095586926 0.0089616730 0.0470946349
v -0.0095586926 0.0091893423 0.0467389802
v -0.0095586926 0.0094028732 0.0463746615
v -0.0095586926 0.0096019364 0.0460022405
v -0.0095586926 0.0097862250 0.0456222914
v -0.0095586926 0.0099554547 0.0452354001
v -0.0095586926 0.0101093647 0.0448421631
v -0.0095586926 0.0102477176 0.0444431869
v -0.0095586926 0.0103703001 0.0440390865
v -0.0095586926 0.0104769232 0.0436304851
v -0.0095586926 0.0105674224 0.0432180128
v -0.0095586926 0.0106416584 0.0428023054
v -0.0095586926 0.0106995164 0.0423840041
v -0.0095586926 0.0107409075 0.0419637537
v -0.0095586926 0.0107657677 0.0415422024
v -0.0095586926 0.0107740587 0.0117800000
v -0.0095586926 0.0107657677 0.0113577976
v -0.0095586926 0.0107409075 0.0109362463
v -0.0095586926 0.0106995164 0.0105159959
v -0.0095586926 0.0106416584 0.0100976946
v -0.0095586926 0.0105674224 0.0096819872
v -0.0095586926 0.0104769232 0.0092695149
v -0.0095586926 0.0103703001 0.0088609135
v -0.0095586926 0.0102477176 0.0084568131
v -0.0095586926 0.0101093647 0.0080578369
v -0.0095586926 0.0099554547 0.0076645999
v -0.0095586926 0.0097862250 0.0072777086
v -0.0095586926 0.0096019364 0.0068977595
v -0.0095586926 0.0094028732 0.0065253385
v -0.0095586926 0.0091893423 0.0061610198
v -0.0095586926 0.0089616730 0.0058053651
v -0.0095586926 0.0087202162 0.0054589229
v -0.0095586926 0.0084653443 0.0051222273
v -0.0095586926 0.0081974504 0.0047957976
v -0.0095586926 0.0079169473 0.0044801370
v -0.0095586926 0.0076242678 0.0041757322
v -0.0095586926 0.0073198630 0.0038830527
v -0.0095586926 0.0070042024 0.0036025496
v -0.0095586926 0.0066777727 0.0033346557
v -0.0095586926 0.0063410771 0.0030797838
v -0.0095586926 0.0059946349 0.0028383270
v -0.0095586926 0.0056389802 0.0026106577
v -0.0095586926 0.0052746615 0.0023971268
v -0.0095586926 0.0049022405 0.0021980636
v -0.0095586926 0.0045222914 0.0020137750
v -0.0095586926 0.0041354001 0.0018445453
v -0.0095586926 0.0037421631 0.0016906353
v -0.0095586926 0.0033431869 0.0015522824
v -0.0095586926 0.0029390865 0.0014296999
v -0.0095586926 0.0025304851 0.0013230768
v -0.0095586926 0.0021180128 0.0012325776
v -0.0095586926 0.0017023054 0.0011583416
v -0.0095586926 0.0012840041 0.0011004836
v -0.0095586926 0.0008637537 0.0010590925
v -0.0095586926 0.0004422024 0.0010342323
v -0.0095586926 -0.0000200000 0.0010259413
v -0.0095586926 -0.0004422024 0.0010342323
v -0.0095586926 -0.0008637537 0.0010590925
v -0.0095586926 -0.0012840041 0.0011004836
v -0.0095586926 -0.0017023054 0.0011583416
v -0.0095586926 -0.0021180128 0.0012325776
v -0.0095586926 -0.0025304851 0.0013230768
v -0.0095586926 -0.0029390865 0.0014296999
v -0.0095586926 -0.0033431869 0.0015522824
v -0.0095586926 -0.0037421631 0.0016906353
v -0.0095586926 -0.0041354001 0.0018445453
v -0.0095586926 -0.0045222914 0.0020137750
v -0.0095586926 -0.0049022405 0.0021980636
v -0.0095586926 -0.0052746615 0.0023971268
v -0.0095586926 -0.0056389802 0.0026106577
v -0.0095586926 -0.0059946349 0.0028383270
v -0.0095586926 -0.0063410771 0.0030797838
v -0.0095586926 -0.0066777727 0.0033346557
v -0.0095586926 -0.0070042024 0.0036025496
v -0.0095586926 -0.0073198630 0.0038830527
v -0.0095586926 -0.0076242678 0.0041757322
v -0.0095586926 -0.0079169473 0.0044801370
v -0.0095586926 -0.0081974504 0.0047957976
v -0.0095586926 -0.0084653443 0.0051222273
v -0.0095586926 -0.0087202162 0.0054589229
v -0.0095586926 -0.0089616730 0.0058053651
v -0.0095586926 -0.0091893423 0.0061610198
v -0.0095586926 -0.0094028732 0.0065253385
v -0.0095586926 -0.0096019364 0.0068977595
v -0.0095586926 -0.0097862250 0.0072777086
v -0.0095586926 -0.0099554547 0.0076645999
v -0.0095586926 -0.0101093647 0.0080578369
v -0.0095586926 -0.0102477176 0.0084568131
v -0.0095586926 -0.0103703001 0.0088609135
v -0.0095586926 -0.0104769232 0.0092695149
v -0.0095586926 -0.0105674224 0.0096819872
v -0.0095586926 -0.0106416584 0.0100976946
v -0.0095586926 -0.0106995164 0.0105159959
v -0.0095586926 -0.0107409075 0.0109362463
v -0.0095586926 -0.0107657677 0.0113577976
v -0.0095621891 -0.0107825000 0.0411200000
v -0.0095621891 -0.0107742025 0.0415425338
v -0.0095621891 -0.0107493228 0.0419644160
v -0.0095621891 -0.0107078993 0.0423849962
v -0.0095621891 -0.0106499958 0.0428036259
v -0.0095621891 -0.0105757016 0.0432196596
v -0.0095621891 -0.0104851313 0.0436324557
v -0.0095621891 -0.0103784245 0.0440413778
v -0.0095621891 -0.0102557458 0.0444457954
v -0.0095621891 -0.0101172843 0.0448450848
v -0.0095621891 -0.0099632535 0.0452386304
v -0.0095621891 -0.0097938909 0.0456258254
v -0.0095621891 -0.0096094577 0.0460060728
v -0.0095621891 -0.0094102383 0.0463787861
v -0.0095621891 -0.0091965398 0.0467433908
v -0.0095621891 -0.0089686917 0.0470993246
v -0.0095621891 -0.0087270454 0.0474460388
v -0.0095621891 -0.0084719735 0.0477829986
v -0.0095621891 -0.0082038692 0.0481096846
v -0.0095621891 -0.0079231460 0.0484255930
v -0.0095621891 -0.0076302367 0.0487302367
v -0.0095621891 -0.0073255930 0.0490231460
v -0.0095621891 -0.0070096846 0.0493038692
v -0.0095621891 -0.0066829986 0.0495719735
v -0.0095621891 -0.0063460388 0.0498270454
v -0.0095621891 -0.0059993246 0.0500686917
v -0.0095621891 -0.0056433908 0.0502965398
v -0.0095621891 -0.0052787861 0.0505102383
v -0.0095621891 -0.0049060728 0.0507094577
v -0.0095621891 -0.0045258254 0.0508938909
v -0.0095621891 -0.0041386304 0.0510632535
v -0.0095621891 -0.0037450848 0.0512172843
v -0.0095621891 -0.0033457954 0.0513557458
v -0.0095621891 -0.0029413778 0.0514784245
v -0.0095621891 -0.0025324557 0.0515851313
v -0.0095621891 -0.0021196596 0.0516757016
v -0.0095621891 -0.0017036259 0.0517499958
v -0.0095621891 -0.0012849962 0.0518078993
v -0.0095621891 -0.0008644160 0.0518493228
v -0.0095621891 -0.0004425338 0.0518742025
v -0.0095621891 0.0000200000 0.0518825000
v -0.0095621891 0.0004425338 0.0518742025
v -0.0095621891 0.0008644160 0.0518493228
v -0.0095621891 0.0012849962 0.0518078993
v -0.0095621891 0.0017036259 0.0517499958
v -0.0095621891 0.0021196596 0.0516757016
v -0.0095621891 0.0025324557 0.0515851313
v -0.0095621891 0.0029413778 0.0514784245
v -0.0095621891 0.0033457954 0.0513557458
v -0.0095621891 0.0037450848 0.0512172843
v -0.0095621891 0.0041386304 0.0510632535
v -0.0095621891 0.0045258254 0.0508938909
v -0.0095621891 0.0049060728 0.0507094577
v -0.0095621891 0.0052787861 0.0505102383
v -0.0095621891 0.0056433908 0.0502965398
v -0.0095621891 0.0059993246 0.0500686917
v -0.0095621891 0.0063460388 0.0498270454
v -0.0095621891 0.0066829986 0.0495719735
v -0.0095621891 0.0070096846 0.0493038692
v -0.0095621891 0.0073255930 0.0490231460
v -0.0095621891 0.0076302367 0.0487302367
v -0.0095621891 0.0079231460 0.0484255930
v -0.0095621891 0.0082038692 0.0481096846
v -0.0095621891 0.0084719735 0.0477829986
v -0.0095621891 0.0087270454 0.0474460388
v -0.0095621891 0.0089686917 0.0470993246
v -0.0095621891 0.0091965398 0.0467433908
v -0.0095621891 0.0094102383 0.0463787861
v -0.0095621891 0.0096094577 0.0460060728
v -0.0095621891 0.0097938909 0.0456258254
v -0.0095621891 0.0099632535 0.0452386304
v -0.0095621891 0.0101172843 0.0448450848
v -0.0095621891 0.0102557458 0.0444457954
v -0.0095621891 0.0103784245 0.0440413778
v -0.0095621891 0.0104851313 0.0436324557
v -0.0095621891 0.0105757016 0.0432196596
v -0.0095621891 0.0106499958 0.0428036259
v -0.0095621891 0.0107078993 0.0423849962
v -0.0095621891 0.0107493228 0.0419644160
v -0.0095621891 0.0107742025 0.0415425338
v -0.0095621891 0.0107825000 0.0117800000
v -0.0095621891 0.0107742025 0.0113574662
v -0.0095621891 0.0107493228 0.0109355840
v -0.0095621891 0.0107078993 0.0105150038
v -0.0095621891 0.0106499958 0.0100963741
v -0.0095621891 0.0105757016 0.0096803404
v -0.0095621891 0.0104851313 0.0092675443
v -0.0095621891 0.0103784245 0.0088586222
v -0.0095621891 0.0102557458 0.0084542046
v -0.0095621891 0.0101172843 0.0080549152
v -0.0095621891 0.0099632535 0.0076613696
v -0.0095621891 0.0097938909 0.0072741746
v -0.0095621891 0.0096094577 0.0068939272
v -0.0095621891 0.0094102383 0.0065212139
v -0.0095621891 0.0091965398 0.0061566092
v -0.0095621891 0.0089686917 0.0058006754
v -0.0095621891 0.0087270454 0.0054539612
v -0.0095621891 0.0084719735 0.0051170014
v -0.0095621891 0.0082038692 0.0047903154
v -0.0095621891 0.0079231460 0.0044744070
v -0.0095621891 0.0076302367 0.0041697633
v -0.0095621891 0.0073255930 0.0038768540
v -0.0095621891 0.0070096846 0.0035961308
v -0.0095621891 0.0066829986 0.0033280265
v -0.0095621891 0.0063460388 0.0030729546
v -0.0095621891 0.0059993246 0.0028313083
v -0.0095621891 0.0056433908 0.0026034602
v -0.0095621891 0.0052787861 0.0023897617
v -0.0095621891 0.0049060728 0.0021905423
v -0.0095621891 0.0045258254 0.0020061091
v -0.0095621891 0.0041386304 0.0018367465
v -0.0095621891 0.0037450848 0.0016827157
v -0.0095621891 0.0033457954 0.0015442542
v -0.0095621891 0.0029413778 0.0014215755
v -0.0095621891 0.0025324557 0.0013148687
v -0.0095621891 0.0021196596 0.0012242984
v -0.0095621891 0.0017036259 0.0011500042
v -0.0095621891 0.0012849962 0.0010921007
v -0.0095621891 0.0008644160 0.0010506772
v -0.0095621891 0.0004425338 0.0010257975
v -0.0095621891 -0.0000200000 0.0010175000
v -0.0095621891 -0.0004425338 0.0010257975
v -0.0095621891 -0.0008644160 0.0010506772
v -0.0095621891 -0.0012849962 0.0010921007
v -0.0095621891 -0.0017036259 0.0011500042
v -0.0095621891 -0.0021196596 0.0012242984
v -0.0095621891 -0.0025324557 0.0013148687
v -0.0095621891 -0.0029413778 0.0014215755
v -0.0095621891 -0.0033457954 0.0015442542
v -0.0095621891 -0.0037450848 0.0016827157
v -0.0095621891 -0.0041386304 0.0018367465
v -0.0095621891 -0.0045258254 0.0020061091
v -0.0095621891 -0.0049060728 0.0021905423
v -0.0095621891 -0.0052787861 0.0023897617
v -0.0095621891 -0.0056433908 0.0026034602
v -0.0095621891 -0.0059993246 0.0028313083
v -0.0095621891 -0.0063460388 0.0030729546
v -0.0095621891 -0.0066829986 0.0033280265
v -0.0095621891 -0.0070096846 0.0035961308
v -0.0095621891 -0.0073255930 0.0038768540
v -0.0095621891 -0.0076302367 0.0041697633
v -0.0095621891 -0.0079231460 0.0044744070
v -0.0095621891 -0.0082038692 0.0047903154
v -0.0095621891 -0.0084719735 0.0051170014
v -0.0095621891 -0.0087270454 0.0054539612
v -0.0095621891 -0.0089686917 0.0058006754
v -0.0095621891 -0.0091965398 0.0061566092
v -0.0095621891 -0.0094102383 0.0065212139
v -0.0095621891 -0.0096094577 0.0068939272
v -0.0095621891 -0.0097938909 0.0072741746
v -0.0095621891 -0.0099632535 0.0076613696
v -0.0095621891 -0.0101172843 0.0080549152
v -0.0095621891 -0.0102557458 0.0084542046
v -0.0095621891 -0.0103784245 0.0088586222
v -0.0095621891 -0.0104851313 0.0092675443
v -0.0095621891 -0.0105757016 0.0096803404
v -0.0095621891 -0.0106499958 0.0100963741
v -0.0095621891 -0.0107078993 0.0105150038
v -0.0095621891 -0.0107493228 0.0109355840
v -0.0095621891 -0.0107742025 0.0113574662
v -0.0095677513 -0.0107897487 0.0411200000
v -0.0095677513 -0.0107814457 0.0415428184
v -0.0095677513 -0.0107565492 0.0419649847
v -0.0095677513 -0.0107150978 0.0423858482
v -0.0095677513 -0.0106571553 0.0428047599
v -0.0095677513 -0.0105828110 0.0432210737
v -0.0095677513 -0.0104921797 0.0436341479
v -0.0095677513 -0.0103854011 0.0440433454
v -0.0095677513 -0.0102626397 0.0444480354
v -0.0095677513 -0.0101240850 0.0448475937
v -0.0095677513 -0.0099699504 0.0452414044
v -0.0095677513 -0.0098004738 0.0456288602
v -0.0095677513 -0.0096159164 0.0460093636
v -0.0095677513 -0.0094165628 0.0463823280
v -0.0095677513 -0.0092027203 0.0467471783
v -0.0095677513 -0.0089747188 0.0471033518
v -0.0095677513 -0.0087329098 0.0474502995
v -0.0095677513 -0.0084776660 0.0477874863
v -0.0095677513 -0.0082093812 0.0481143923
v -0.0095677513 -0.0079284689 0.0484305135
v -0.0095677513 -0.0076353624 0.0487353624
v -0.0095677513 -0.0073305135 0.0490284689
v -0.0095677513 -0.0070143923 0.0493093812
v -0.0095677513 -0.0066874863 0.0495776660
v -0.0095677513 -0.0063502995 0.0498329098
v -0.0095677513 -0.0060033518 0.0500747188
v -0.0095677513 -0.0056471783 0.0503027203
v -0.0095677513 -0.0052823280 0.0505165628
v -0.0095677513 -0.0049093636 0.0507159164
v -0.0095677513 -0.0045288602 0.0509004738
v -0.0095677513 -0.0041414044 0.0510699504
v -0.0095677513 -0.0037475937 0.0512240850
v -0.0095677513 -0.0033480354 0.0513626397
v -0.0095677513 -0.0029433454 0.0514854011
v -0.0095677513 -0.0025341479 0.0515921797
v -0.0095677513 -0.0021210737 0.0516828110
v -0.0095677513 -0.0017047599 0.0517571553
v -0.0095677513 -0.0012858482 0.0518150978
v -0.0095677513 -0.0008649847 0.0518565492
v -0.0095677513 -0.0004428184 0.0518814457
v -0.0095677513 0.0000200000 0.0518897487
v -0.0095677513 0.0004428184 0.0518814457
v -0.0095677513 0.0008649847 0.0518565492
v -0.0095677513 0.0012858482 0.0518150978
v -0.0095677513 0.0017047599 0.0517571553
v -0.0095677513 0.0021210737 0.0516828110
v -0.0095677513 0.0025341479 0.0515921797
v -0.0095677513 0.0029433454 0.0514854011
v -0.0095677513 0.0033480354 0.0513626397
v -0.0095677513 0.0037475937 0.0512240850
v -0.0095677513 0.0041414044 0.0510699504
v -0.0095677513 0.0045288602 0.0509004738
v -0.0095677513 0.0049093636 0.0507159164
v -0.0095677513 0.0052823280 0.0505165628
v -0.0095677513 0.0056471783 0.0503027203
v -0.0095677513 0.0060033518 0.0500747188
v -0.0095677513 0.0063502995 0.0498329098
v -0.0095677513 0.0066874863 0.0495776660
v -0.0095677513 0.0070143923 0.0493093812
v -0.0095677513 0.0073305135 0.0490284689
v -0.0095677513 0.0076353624 0.0487353624
v -0.0095677513 0.0079284689 0.0484305135
v -0.0095677513 0.0082093812 0.0481143923
v -0.0095677513 0.0084776660 0.0477874863
v -0.0095677513 0.0087329098 0.0474502995
v -0.0095677513 0.0089747188 0.0471033518
v -0.0095677513 0.0092027203 0.0467471783
v -0.0095677513 0.0094165628 0.0463823280
v -0.0095677513 0.0096159164 0.0460093636
v -0.0095677513 0.0098004738 0.0456288602
v -0.0095677513 0.0099699504 0.0452414044
v -0.0095677513 0.0101240850 0.0448475937
v -0.0095677513 0.0102626397 0.0444480354
v -0.0095677513 0.0103854011 0.0440433454
v -0.0095677513 0.0104921797 0.0436341479
v -0.0095677513 0.0105828110 0.0432210737
v -0.0095677513 0.0106571553 0.0428047599
v -0.0095677513 0.0107150978 0.0423858482
v -0.0095677513 0.0107565492 0.0419649847
v -0.0095677513 0.0107814457 0.0415428184
v -0.0095677513 0.0107897487 0.0117800000
v -0.0095677513 0.0107814457 0.0113571816
v -0.0095677513 0.0107565492 0.0109350153
v -0.0095677513 0.0107150978 0.0105141518
v -0.0095677513 0.0106571553 0.0100952401
v -0.0095677513 0.0105828110 0.0096789263
v -0.0095677513 0.0104921797 0.0092658521
v -0.0095677513 0.0103854011 0.0088566546
v -0.0095677513 0.0102626397 0.0084519646
v -0.0095677513 0.0101240850 0.0080524063
v -0.0095677513 0.0099699504 0.0076585956
v -0.0095677513 0.0098004738 0.0072711398
v -0.0095677513 0.0096159164 0.0068906364
v -0.0095677513 0.0094165628 0.0065176720
v -0.0095677513 0.0092027203 0.0061528217
v -0.0095677513 0.0089747188 0.0057966482
v -0.0095677513 0.0087329098 0.0054497005
v -0.0095677513 0.0084776660 0.0051125137
v -0.0095677513 0.0082093812 0.0047856077
v -0.0095677513 0.0079284689 0.0044694865
v -0.0095677513 0.0076353624 0.0041646376
v -0.0095677513 0.0073305135 0.0038715311
v -0.0095677513 0.0070143923 0.0035906188
v -0.0095677513 0.0066874863 0.0033223340
v -0.0095677513 0.0063502995 0.0030670902
v -0.0095677513 0.0060033518 0.0028252812
v -0.0095677513 0.0056471783 0.0025972797
v -0.0095677513 0.0052823280 0.0023834372
v -0.0095677513 0.0049093636 0.0021840836
v -0.0095677513 0.0045288602 0.0019995262
v -0.0095677513 0.0041414044 0.0018300496
v -0.0095677513 0.0037475937 0.0016759150
v -0.0095677513 0.0033480354 0.0015373603
v -0.0095677513 0.0029433454 0.0014145989
v -0.0095677513 0.0025341479 0.0013078203
v -0.0095677513 0.0021210737 0.0012171890
v -0.0095677513 0.0017047599 0.0011428447
v -0.0095677513 0.0012858482 0.0010849022
v -0.0095677513 0.0008649847 0.0010434508
v -0.0095677513 0.0004428184 0.0010185543
v -0.0095677513 -0.0000200000 0.0010102513
v -0.0095677513 -0.0004428184 0.0010185543
v -0.0095677513 -0.0008649847 0.0010434508
v -0.0095677513 -0.0012858482 0.0010849022
v -0.0095677513 -0.0017047599 0.0011428447
v -0.0095677513 -0.0021210737 0.0012171890
v -0.0095677513 -0.0025341479 0.0013078203
v -0.0095677513 -0.0029433454 0.0014145989
v -0.0095677513 -0.0033480354 0.0015373603
v -0.0095677513 -0.0037475937 0.0016759150
v -0.0095677513 -0.0041414044 0.0018300496
v -0.0095677513 -0.0045288602 0.0019995262
v -0.0095677513 -0.0049093636 0.0021840836
v -0.0095677513 -0.0052823280 0.0023834372
v -0.0095677513 -0.0056471783 0.0025972797
v -0.0095677513 -0.0060033518 0.0028252812
v -0.0095677513 -0.0063502995 0.0030670902
v -0.0095677513 -0.0066874863 0.0033223340
v -0.0095677513 -0.0070143923 0.0035906188
v -0.0095677513 -0.0073305135 0.0038715311
v -0.0095677513 -0.0076353624 0.0041646376
v -0.0095677513 -0.0079284689 0.0044694865
v -0.0095677513 -0.0082093812 0.0047856077
v -0.0095677513 -0.0084776660 0.0051125137
v -0.0095677513 -0.0087329098 0.0054497005
v -0.0095677513 -0.0089747188 0.0057966482
v -0.0095677513 -0.0092027203 0.0061528217
v -0.0095677513 -0.0094165628 0.0065176720
v -0.0095677513 -0.0096159164 0.0068906364
v -0.0095677513 -0.0098004738 0.0072711398
v -0.0095677513 -0.0099699504 0.0076585956
v -0.0095677513 -0.0101240850 0.0080524063
v -0.0095677513 -0.0102626397 0.0084519646
v -0.0095677513 -0.0103854011 0.0088566546
v -0.0095677513 -0.0104921797 0.0092658521
v -0.0095677513 -0.0105828110 0.0096789263
v -0.0095677513 -0.0106571553 0.0100952401
v -0.0095677513 -0.0107150978 0.0105141518
v -0.0095677513 -0.0107565492 0.0109350153
v -0.0095677513 -0.0107814457 0.0113571816
v -0.0095750000 -0.0107953109 0.0411200000
v -0.0095750000 -0.0107870035 0.0415430367
v -0.0095750000 -0.0107620942 0.0419654211
v -0.0095750000 -0.0107206214 0.0423865020
v -0.0095750000 -0.0106626489 0.0428056300
v -0.0095750000 -0.0105882663 0.0432221589
v -0.0095750000 -0.0104975882 0.0436354464
v -0.0095750000 -0.0103907544 0.0440448552
v -0.0095750000 -0.0102679296 0.0444497542
v -0.0095750000 -0.0101293033 0.0448495189
v -0.0095750000 -0.0099750892 0.0452435330
v -0.0095750000 -0.0098055250 0.0456311888
v -0.0095750000 -0.0096208723 0.0460118888
v -0.0095750000 -0.0094214157 0.0463850458
v -0.0095750000 -0.0092074628 0.0467500845
v -0.0095750000 -0.0089793436 0.0471064420
v -0.0095750000 -0.0087374096 0.0474535688
v -0.0095750000 -0.0084820341 0.0477909298
v -0.0095750000 -0.0082136107 0.0481180046
v -0.0095750000 -0.0079325533 0.0484342891
v -0.0095750000 -0.0076392954 0.0487392954
v -0.0095750000 -0.0073342891 0.0490325533
v -0.0095750000 -0.0070180046 0.0493136107
v -0.0095750000 -0.0066909298 0.0495820341
v -0.0095750000 -0.0063535688 0.0498374096
v -0.0095750000 -0.0060064420 0.0500793436
v -0.0095750000 -0.0056500845 0.0503074628
v -0.0095750000 -0.0052850458 0.0505214157
v -0.0095750000 -0.0049118888 0.0507208723
v -0.0095750000 -0.0045311888 0.0509055250
v -0.0095750000 -0.0041435330 0.0510750892
v -0.0095750000 -0.0037495189 0.0512293033
v -0.0095750000 -0.0033497542 0.0513679296
v -0.0095750000 -0.0029448552 0.0514907544
v -0.0095750000 -0.0025354464 0.0515975882
v -0.0095750000 -0.0021221589 0.0516882663
v -0.0095750000 -0.0017056300 0.0517626489
v -0.0095750000 -0.0012865020 0.0518206214
v -0.0095750000 -0.0008654211 0.0518620942
v -0.0095750000 -0.0004430367 0.0518870035
v -0.0095750000 0.0000200000 0.0518953109
v -0.0095750000 0.0004430367 0.0518870035
v -0.0095750000 0.0008654211 0.0518620942
v -0.0095750000 0.0012865020 0.0518206214
v -0.0095750000 0.0017056300 0.0517626489
v -0.0095750000 0.0021221589 0.0516882663
v -0.0095750000 0.0025354464 0.0515975882
v -0.0095750000 0.0029448552 0.0514907544
v -0.0095750000 0.0033497542 0.0513679296
v -0.0095750000 0.0037495189 0.0512293033
v -0.0095750000 0.0041435330 0.0510750892
v -0.0095750000 0.0045311888 0.0509055250
v -0.0095750000 0.0049118888 0.0507208723
v -0.0095750000 0.0052850458 0.0505214157
v -0.0095750000 0.0056500845 0.0503074628
v -0.0095750000 0.0060064420 0.0500793436
v -0.0095750000 0.0063535688 0.0498374096
v -0.0095750000 0.0066909298 0.0495820341
v -0.0095750000 0.0070180046 0.0493136107
v -0.0095750000 0.0073342891 0.0490325533
v -0.0095750000 0.0076392954 0.0487392954
v -0.0095750000 0.0079325533 0.0484342891
v -0.0095750000 0.0082136107 0.0481180046
v -0.0095750000 0.0084820341 0.0477909298
v -0.0095750000 0.0087374096 0.0474535688
v -0.0095750000 0.0089793436 0.0471064420
v -0.0095750000 0.0092074628 0.0467500845
v -0.0095750000 0.0094214157 0.0463850458
v -0.0095750000 0.0096208723 0.0460118888
v -0.0095750000 0.0098055250 0.0456311888
v -0.0095750000 0.0099750892 0.0452435330
v -0.0095750000 0.0101293033 0.0448495189
v -0.0095750000 0.0102679296 0.0444497542
v -0.0095750000 0.0103907544 0.0440448552
v -0.0095750000 0.0104975882 0.0436354464
v -0.0095750000 0.0105882663 0.0432221589
v -0.0095750000 0.0106626489 0.0428056300
v -0.0095750000 0.0107206214 0.0423865020
v -0.0095750000 0.0107620942 0.0419654211
v -0.0095750000 0.0107870035 0.0415430367
v -0.0095750000 0.0107953109 0.0117800000
v -0.0095750000 0.0107870035 0.0113569633
v -0.0095750000 0.0107620942 0.0109345789
v -0.0095750000 0.0107206214 0.0105134980
v -0.0095750000 0.0106626489 0.0100943700
v -0.0095750000 0.0105882663 0.0096778411
v -0.0095750000 0.0104975882 0.0092645536
v -0.0095750000 0.0103907544 0.0088551448
v -0.0095750000 0.0102679296 0.0084502458
v -0.0095750000 0.0101293033 0.0080504811
v -0.0095750000 0.0099750892 0.0076564670
v -0.0095750000 0.0098055250 0.0072688112
v -0.0095750000 0.0096208723 0.0068881112
v -0.0095750000 0.0094214157 0.0065149542
v -0.0095750000 0.0092074628 0.0061499155
v -0.0095750000 0.0089793436 0.0057935580
v -0.0095750000 0.0087374096 0.0054464312
v -0.0095750000 0.0084820341 0.0051090702
v -0.0095750000 0.0082136107 0.0047819954
v -0.0095750000 0.0079325533 0.0044657109
v -0.0095750000 0.0076392954 0.0041607046
v -0.0095750000 0.0073342891 0.0038674467
v -0.0095750000 0.0070180046 0.0035863893
v -0.0095750000 0.0066909298 0.0033179659
v -0.0095750000 0.0063535688 0.0030625904
v -0.0095750000 0.0060064420 0.0028206564
v -0.0095750000 0.0056500845 0.0025925372
v -0.0095750000 0.0052850458 0.0023785843
v -0.0095750000 0.0049118888 0.0021791277
v -0.0095750000 0.0045311888 0.0019944750
v -0.0095750000 0.0041435330 0.0018249108
v -0.0095750000 0.0037495189 0.0016706967
v -0.0095750000 0.0033497542 0.0015320704
v -0.0095750000 0.0029448552 0.0014092456
v -0.0095750000 0.0025354464 0.0013024118
v -0.0095750000 0.0021221589 0.0012117337
v -0.0095750000 0.0017056300 0.0011373511
v -0.0095750000 0.0012865020 0.0010793786
v -0.0095750000 0.0008654211 0.0010379058
v -0.0095750000 0.0004430367 0.0010129965
v -0.0095750000 -0.0000200000 0.0010046891
v -0.0095750000 -0.0004430367 0.0010129965
v -0.0095750000 -0.0008654211 0.0010379058
v -0.0095750000 -0.0012865020 0.0010793786
v -0.0095750000 -0.0017056300 0.0011373511
v -0.0095750000 -0.0021221589 0.0012117337
v -0.0095750000 -0.0025354464 0.0013024118
v -0.0095750000 -0.0029448552 0.0014092456
v -0.0095750000 -0.0033497542 0.0015320704
v -0.0095750000 -0.0037495189 0.0016706967
v -0.0095750000 -0.0041435330 0.0018249108
v -0.0095750000 -0.0045311888 0.0019944750
v -0.0095750000 -0.0049118888 0.0021791277
v -0.0095750000 -0.0052850458 0.0023785843
v -0.0095750000 -0.0056500845 0.0025925372
v -0.0095750000 -0.0060064420 0.0028206564
v -0.0095750000 -0.0063535688 0.0030625904
v -0.0095750000 -0.0066909298 0.0033179659
v -0.0095750000 -0.0070180046 0.0035863893
v -0.0095750000 -0.0073342891 0.0038674467
v -0.0095750000 -0.0076392954 0.0041607046
v -0.0095750000 -0.0079325533 0.0044657109
v -0.0095750000 -0.0082136107 0.0047819954
v -0.0095750000 -0.0084820341 0.0051090702
v -0.0095750000 -0.0087374096 0.0054464312
v -0.0095750000 -0.0089793436 0.0057935580
v -0.0095750000 -0.0092074628 0.0061499155
v -0.0095750000 -0.0094214157 0.0065149542
v -0.0095750000 -0.0096208723 0.0068881112
v -0.0095750000 -0.0098055250 0.0072688112
v -0.0095750000 -0.0099750892 0.0076564670
v -0.0095750000 -0.0101293033 0.0080504811
v -0.0095750000 -0.0102679296 0.0084502458
v -0.0095750000 -0.0103907544 0.0088551448
v -0.0095750000 -0.0104975882 0.0092645536
v -0.0095750000 -0.0105882663 0.0096778411
v -0.0095750000 -0.0106626489 0.0100943700
v -0.0095750000 -0.0107206214 0.0105134980
v -0.0095750000 -0.0107620942 0.0109345789
v -0.0095750000 -0.0107870035 0.0113569633
v -0.0095834413 -0.0107988074 0.0411200000
v -0.0095834413 -0.0107904973 0.0415431740
v -0.0095834413 -0.0107655799 0.0419656955
v -0.0095834413 -0.0107240936 0.0423869130
v -0.0095834413 -0.0106661024 0.0428061770
v -0.0095834413 -0.0105916956 0.0432228410
v -0.0095834413 -0.0105009881 0.0436362626
v -0.0095834413 -0.0103941196 0.0440458043
v -0.0095834413 -0.0102712550 0.0444508347
v -0.0095834413 -0.0101325837 0.0448507291
v -0.0095834413 -0.0099783195 0.0452448710
v -0.0095834413 -0.0098087004 0.0456326527
v -0.0095834413 -0.0096239877 0.0460134762
v -0.0095834413 -0.0094244664 0.0463867543
v -0.0095834413 -0.0092104441 0.0467519114
v -0.0095834413 -0.0089822508 0.0471083845
v -0.0095834413 -0.0087402384 0.0474556240
v -0.0095834413 -0.0084847799 0.0477930944
v -0.0095834413 -0.0082162695 0.0481202754
v -0.0095834413 -0.0079351209 0.0484366625
v -0.0095834413 -0.0076417678 0.0487417678
v -0.0095834413 -0.0073366625 0.0490351209
v -0.0095834413 -0.0070202754 0.0493162695
v -0.0095834413 -0.0066930944 0.0495847799
v -0.0095834413 -0.0063556240 0.0498402384
v -0.0095834413 -0.0060083845 0.0500822508
v -0.0095834413 -0.0056519114 0.0503104441
v -0.0095834413 -0.0052867543 0.0505244664
v -0.0095834413 -0.0049134762 0.0507239877
v -0.0095834413 -0.0045326527 0.0509087004
v -0.0095834413 -0.0041448710 0.0510783195
v -0.0095834413 -0.0037507291 0.0512325837
v -0.0095834413 -0.0033508347 0.0513712550
v -0.0095834413 -0.0029458043 0.0514941196
v -0.0095834413 -0.0025362626 0.0516009881
v -0.0095834413 -0.0021228410 0.0516916956
v -0.0095834413 -0.0017061770 0.0517661024
v -0.0095834413 -0.0012869130 0.0518240936
v -0.0095834413 -0.0008656955 0.0518655799
v -0.0095834413 -0.0004431740 0.0518904973
v -0.0095834413 0.0000200000 0.0518988074
v -0.0095834413 0.0004431740 0.0518904973
v -0.0095834413 0.0008656955 0.0518655799
v -0.0095834413 0.0012869130 0.0518240936
v -0.0095834413 0.0017061770 0.0517661024
v -0.0095834413 0.0021228410 0.0516916956
v -0.0095834413 0.0025362626 0.0516009881
v -0.0095834413 0.0029458043 0.0514941196
v -0.0095834413 0.0033508347 0.0513712550
v -0.0095834413 0.0037507291 0.0512325837
v -0.0095834413 0.0041448710 0.0510783195
v -0.0095834413 0.0045326527 0.0509087004
v -0.0095834413 0.0049134762 0.0507239877
v -0.0095834413 0.0052867543 0.0505244664
v -0.0095834413 0.0056519114 0.0503104441
v -0.0095834413 0.0060083845 0.0500822508
v -0.0095834413 0.0063556240 0.0498402384
v -0.0095834413 0.0066930944 0.0495847799
v -0.0095834413 0.0070202754 0.0493162695
v -0.0095834413 0.0073366625 0.0490351209
v -0.0095834413 0.0076417678 0.0487417678
v -0.0095834413 0.0079351209 0.0484366625
v -0.0095834413 0.0082162695 0.0481202754
v -0.0095834413 0.0084847799 0.0477930944
v -0.0095834413 0.0087402384 0.0474556240
v -0.0095834413 0.0089822508 0.0471083845
v -0.0095834413 0.0092104441 0.0467519114
v -0.0095834413 0.0094244664 0.0463867543
v -0.0095834413 0.0096239877 0.0460134762
v -0.0095834413 0.0098087004 0.0456326527
v -0.0095834413 0.0099783195 0.0452448710
v -0.0095834413 0.0101325837 0.0448507291
v -0.0095834413 0.0102712550 0.0444508347
v -0.0095834413 0.0103941196 0.0440458043
v -0.0095834413 0.0105009881 0.0436362626
v -0.0095834413 0.0105916956 0.0432228410
v -0.0095834413 0.0106661024 0.0428061770
v -0.0095834413 0.0107240936 0.0423869130
v -0.0095834413 0.0107655799 0.0419656955
v -0.0095834413 0.0107904973 0.0415431740
v -0.0095834413 0.0107988074 0.0117800000
v -0.0095834413 0.0107904973 0.0113568260
v -0.0095834413 0.0107655799 0.0109343045
v -0.0095834413 0.0107240936 0.0105130870
v -0.0095834413 0.0106661024 0.0100938230
v -0.0095834413 0.0105916956 0.0096771590
v -0.0095834413 0.0105009881 0.0092637374
v -0.0095834413 0.0103941196 0.0088541957
v -0.0095834413 0.0102712550 0.0084491653
v -0.0095834413 0.0101325837 0.0080492709
v -0.0095834413 0.0099783195 0.0076551290
v -0.0095834413 0.0098087004 0.0072673473
v -0.0095834413 0.0096239877 0.0068865238
v -0.0095834413 0.0094244664 0.0065132457
v -0.0095834413 0.0092104441 0.0061480886
v -0.0095834413 0.0089822508 0.0057916155
v -0.0095834413 0.0087402384 0.0054443760
v -0.0095834413 0.0084847799 0.0051069056
v -0.0095834413 0.0082162695 0.0047797246
v -0.0095834413 0.0079351209 0.0044633375
v -0.0095834413 0.0076417678 0.0041582322
v -0.0095834413 0.0073366625 0.0038648791
v -0.0095834413 0.0070202754 0.0035837305
v -0.0095834413 0.0066930944 0.0033152201
v -0.0095834413 0.0063556240 0.0030597616
v -0.0095834413 0.0060083845 0.0028177492
v -0.0095834413 0.0056519114 0.0025895559
v -0.0095834413 0.0052867543 0.0023755336
v -0.0095834413 0.0049134762 0.0021760123
v -0.0095834413 0.0045326527 0.0019912996
v -0.0095834413 0.0041448710 0.0018216805
v -0.0095834413 0.0037507291 0.0016674163
v -0.0095834413 0.0033508347 0.0015287450
v -0.0095834413 0.0029458043 0.0014058804
v -0.0095834413 0.0025362626 0.0012990119
v -0.0095834413 0.0021228410 0.0012083044
v -0.0095834413 0.0017061770 0.0011338976
v -0.0095834413 0.0012869130 0.0010759064
v -0.0095834413 0.0008656955 0.0010344201
v -0.0095834413 0.0004431740 0.0010095027
v -0.0095834413 -0.0000200000 0.0010011926
v -0.0095834413 -0.0004431740 0.0010095027
v -0.0095834413 -0.0008656955 0.0010344201
v -0.0095834413 -0.0012869130 0.0010759064
v -0.0095834413 -0.0017061770 0.0011338976
v -0.0095834413 -0.0021228410 0.0012083044
v -0.0095834413 -0.0025362626 0.0012990119
v -0.0095834413 -0.0029458043 0.0014058804
v -0.0095834413 -0.0033508347 0.0015287450
v -0.0095834413 -0.0037507291 0.0016674163
v -0.0095834413 -0.0041448710 0.0018216805
v -0.0095834413 -0.0045326527 0.0019912996
v -0.0095834413 -0.0049134762 0.0021760123
v -0.0095834413 -0.0052867543 0.0023755336
v -0.0095834413 -0.0056519114 0.0025895559
v -0.0095834413 -0.0060083845 0.0028177492
v -0.0095834413 -0.0063556240 0.0030597616
v -0.0095834413 -0.0066930944 0.0033152201
v -0.0095834413 -0.0070202754 0.0035837305
v -0.0095834413 -0.0073366625 0.0038648791
v -0.0095834413 -0.0076417678 0.0041582322
v -0.0095834413 -0.0079351209 0.0044633375
v -0.0095834413 -0.0082162695 0.0047797246
v -0.0095834413 -0.0084847799 0.0051069056
v -0.0095834413 -0.0087402384 0.0054443760
v -0.0095834413 -0.0089822508 0.0057916155
v -0.0095834413 -0.0092104441 0.0061480886
v -0.0095834413 -0.0094244664 0.0065132457
v -0.0095834413 -0.0096239877 0.0068865238
v -0.0095834413 -0.0098087004 0.0072673473
v -0.0095834413 -0.0099783195 0.0076551290
v -0.0095834413 -0.0101325837 0.0080492709
v -0.0095834413 -0.0102712550 0.0084491653
v -0.0095834413 -0.0103941196 0.0088541957
v -0.0095834413 -0.0105009881 0.0092637374
v -0.0095834413 -0.0105916956 0.0096771590
v -0.0095834413 -0.0106661024 0.0100938230
v -0.0095834413 -0.0107240936 0.0105130870
v -0.0095834413 -0.0107655799 0.0109343045
v -0.0095834413 -0.0107904973 0.0113568260
v -0.0095925000 -0.0108000000 0.0411200000
v -0.0095925000 -0.0107916890 0.0415432208
v -0.0095925000 -0.0107667689 0.0419657891
v -0.0095925000 -0.0107252780 0.0423870531
v -0.0095925000 -0.0106672803 0.0428063635
v -0.0095925000 -0.0105928653 0.0432230737
v -0.0095925000 -0.0105021477 0.0436365410
v -0.0095925000 -0.0103952674 0.0440461280
v -0.0095925000 -0.0102723892 0.0444512032
v -0.0095925000 -0.0101337026 0.0448511419
v -0.0095925000 -0.0099794214 0.0452453274
v -0.0095925000 -0.0098097834 0.0456331520
v -0.0095925000 -0.0096250503 0.0460140176
v -0.0095925000 -0.0094255070 0.0463873370
v -0.0095925000 -0.0092114610 0.0467525345
v -0.0095925000 -0.0089832424 0.0471090471
v -0.0095925000 -0.0087412032 0.0474563250
v -0.0095925000 -0.0084857165 0.0477938328
v -0.0095925000 -0.0082171763 0.0481210500
v -0.0095925000 -0.0079359967 0.0484374720
v -0.0095925000 -0.0076426111 0.0487426111
v -0.0095925000 -0.0073374720 0.0490359967
v -0.0095925000 -0.0070210500 0.0493171763
v -0.0095925000 -0.0066938328 0.0495857165
v -0.0095925000 -0.0063563250 0.0498412032
v -0.0095925000 -0.0060090471 0.0500832424
v -0.0095925000 -0.0056525345 0.0503114610
v -0.0095925000 -0.0052873370 0.0505255070
v -0.0095925000 -0.0049140176 0.0507250503
v -0.0095925000 -0.0045331520 0.0509097834
v -0.0095925000 -0.0041453274 0.0510794214
v -0.0095925000 -0.0037511419 0.0512337026
v -0.0095925000 -0.0033512032 0.0513723892
v -0.0095925000 -0.0029461280 0.0514952674
v -0.0095925000 -0.0025365410 0.0516021477
v -0.0095925000 -0.0021230737 0.0516928653
v -0.0095925000 -0.0017063635 0.0517672803
v -0.0095925000 -0.0012870531 0.0518252780
v -0.0095925000 -0.0008657891 0.0518667689
v -0.0095925000 -0.0004432208 0.0518916890
v -0.0095925000 0.0000200000 0.0519000000
v -0.0095925000 0.0004432208 0.0518916890
v -0.0095925000 0.0008657891 0.0518667689
v -0.0095925000 0.0012870531 0.0518252780
v -0.0095925000 0.0017063635 0.0517672803
v -0.0095925000 0.0021230737 0.0516928653
v -0.0095925000 0.0025365410 0.0516021477
v -0.0095925000 0.0029461280 0.0514952674
v -0.0095925000 0.0033512032 0.0513723892
v -0.0095925000 0.0037511419 0.0512337026
v -0.0095925000 0.0041453274 0.0510794214
v -0.0095925000 0.0045331520 0.0509097834
v -0.0095925000 0.0049140176 0.0507250503
v -0.0095925000 0.0052873370 0.0505255070
v -0.0095925000 0.0056525345 0.0503114610
v -0.0095925000 0.0060090471 0.0500832424
v -0.0095925000 0.0063563250 0.0498412032
v -0.0095925000 0.0066938328 0.0495857165
v -0.0095925000 0.0070210500 0.0493171763
v -0.0095925000 0.0073374720 0.0490359967
v -0.0095925000 0.0076426111 0.0487426111
v -0.0095925000 0.0079359967 0.0484374720
v -0.0095925000 0.0082171763 0.0481210500
v -0.0095925000 0.0084857165 0.0477938328
v -0.0095925000 0.0087412032 0.0474563250
v -0.0095925000 0.0089832424 0.0471090471
v -0.0095925000 0.0092114610 0.0467525345
v -0.0095925000 0.0094255070 0.0463873370
v -0.0095925000 0.0096250503 0.0460140176
v -0.0095925000 0.0098097834 0.0456331520
v -0.0095925000 0.0099794214 0.0452453274
v -0.0095925000 0.0101337026 0.0448511419
v -0.0095925000 0.0102723892 0.0444512032
v -0.0095925000 0.0103952674 0.0440461280
v -0.0095925000 0.0105021477 0.0436365410
v -0.0095925000 0.0105928653 0.0432230737
v -0.0095925000 0.0106672803 0.0428063635
v -0.0095925000 0.0107252780 0.0423870531
v -0.0095925000 0.0107667689 0.0419657891
v -0.0095925000 0.0107916890 0.0415432208
v -0.0095925000 0.0108000000 0.0117800000
v -0.0095925000 0.0107916890 0.0113567792
v -0.0095925000 0.0107667689 0.0109342109
v -0.0095925000 0.0107252780 0.0105129469
v -0.0095925000 0.0106672803 0.0100936365
v -0.0095925000 0.0105928653 0.0096769263
v -0.0095925000 0.0105021477 0.0092634590
v -0.0095925000 0.0103952674 0.0088538720
v -0.0095925000 0.0102723892 0.0084487968
v -0.0095925000 0.0101337026 0.0080488581
v -0.0095925000 0.0099794214 0.0076546726
v -0.0095925000 0.0098097834 0.0072668480
v -0.0095925000 0.0096250503 0.0068859824
v -0.0095925000 0.0094255070 0.0065126630
v -0.0095925000 0.0092114610 0.0061474655
v -0.0095925000 0.0089832424 0.0057909529
v -0.0095925000 0.0087412032 0.0054436750
v -0.0095925000 0.0084857165 0.0051061672
v -0.0095925000 0.0082171763 0.0047789500
v -0.0095925000 0.0079359967 0.0044625280
v -0.0095925000 0.0076426111 0.0041573889
v -0.0095925000 0.0073374720 0.0038640033
v -0.0095925000 0.0070210500 0.0035828237
v -0.0095925000 0.0066938328 0.0033142835
v -0.0095925000 0.0063563250 0.0030587968
v -0.0095925000 0.0060090471 0.0028167576
v -0.0095925000 0.0056525345 0.0025885390
v -0.0095925000 0.0052873370 0.0023744930
v -0.0095925000 0.0049140176 0.0021749497
v -0.0095925000 0.0045331520 0.0019902166
v -0.0095925000 0.0041453274 0.0018205786
v -0.0095925000 0.0037511419 0.0016662974
v -0.0095925000 0.0033512032 0.0015276108
v -0.0095925000 0.0029461280 0.0014047326
v -0.0095925000 0.0025365410 0.0012978523
v -0.0095925000 0.0021230737 0.0012071347
v -0.0095925000 0.0017063635 0.0011327197
v -0.0095925000 0.0012870531 0.0010747220
v -0.0095925000 0.0008657891 0.0010332311
v -0.0095925000 0.0004432208 0.0010083110
v -0.0095925000 -0.0000200000 0.0010000000
v -0.0095925000 -0.0004432208 0.0010083110
v -0.0095925000 -0.0008657891 0.0010332311
v -0.0095925000 -0.0012870531 0.0010747220
v -0.0095925000 -0.0017063635 0.0011327197
v -0.0095925000 -0.0021230737 0.0012071347
v -0.0095925000 -0.0025365410 0.0012978523
v -0.0095925000 -0.0029461280 0.0014047326
v -0.0095925000 -0.0033512032 0.0015276108
v -0.0095925000 -0.0037511419 0.0016662974
v -0.0095925000 -0.0041453274 0.0018205786
v -0.0095925000 -0.0045331520 0.0019902166
v -0.0095925000 -0.0049140176 0.0021749497
v -0.0095925000 -0.0052873370 0.0023744930
v -0.0095925000 -0.0056525345 0.0025885390
v -0.0095925000 -0.0060090471 0.0028167576
v -0.0095925000 -0.0063563250 0.0030587968
v -0.0095925000 -0.0066938328 0.0033142835
v -0.0095925000 -0.0070210500 0.0035828237
v -0.0095925000 -0.0073374720 0.0038640033
v -0.0095925000 -0.0076426111 0.0041573889
v -0.0095925000 -0.0079359967 0.0044625280
v -0.0095925000 -0.0082171763 0.0047789500
v -0.0095925000 -0.0084857165 0.0051061672
v -0.0095925000 -0.0087412032 0.0054436750
v -0.0095925000 -0.0089832424 0.0057909529
v -0.0095925000 -0.0092114610 0.0061474655
v -0.0095925000 -0.0094255070 0.0065126630
v -0.0095925000 -0.0096250503 0.0068859824
v -0.0095925000 -0.0098097834 0.0072668480
v -0.0095925000 -0.0099794214 0.0076546726
v -0.0095925000 -0.0101337026 0.0080488581
v -0.0095925000 -0.0102723892 0.0084487968
v -0.0095925000 -0.0103952674 0.0088538720
v -0.0095925000 -0.0105021477 0.0092634590
v -0.0095925000 -0.0105928653 0.0096769263
v -0.0095925000 -0.0106672803 0.0100936365
v -0.0095925000 -0.0107252780 0.0105129469
v -0.0095925000 -0.0107667689 0.0109342109
v -0.0095925000 -0.0107916890 0.0113567792
v -0.0096075000 -0.0108000000 0.0411200000
v -0.0096075000 -0.0107916890 0.0415432208
v -0.0096075000 -0.0107667689 0.0419657891
v -0.0096075000 -0.0107252780 0.0423870531
v -0.0096075000 -0.0106672803 0.0428063635
v -0.0096075000 -0.0105928653 0.0432230737
v -0.0096075000 -0.0105021477 0.0436365410
v -0.0096075000 -0.0103952674 0.0440461280
v -0.0096075000 -0.0102723892 0.0444512032
v -0.0096075000 -0.0101337026 0.0448511419
v -0.0096075000 -0.0099794214 0.0452453274
v -0.0096075000 -0.0098097834 0.0456331520
v -0.0096075000 -0.0096250503 0.0460140176
v -0.0096075000 -0.0094255070 0.0463873370
v -0.0096075000 -0.0092114610 0.0467525345
v -0.0096075000 -0.0089832424 0.0471090471
v -0.0096075000 -0.0087412032 0.0474563250
v -0.0096075000 -0.0084857165 0.0477938328
v -0.0096075000 -0.0082171763 0.0481210500
v -0.0096075000 -0.0079359967 0.0484374720
v -0.0096075000 -0.0076426111 0.0487426111
v -0.0096075000 -0.0073374720 0.0490359967
v -0.0096075000 -0.0070210500 0.0493171763
v -0.0096075000 -0.0066938328 0.0495857165
v -0.0096075000 -0.0063563250 0.0498412032
v -0.0096075000 -0.0060090471 0.0500832424
v -0.0096075000 -0.0056525345 0.0503114610
v -0.0096075000 -0.0052873370 0.0505255070
v -0.0096075000 -0.0049140176 0.0507250503
v -0.0096075000 -0.0045331520 0.0509097834
v -0.0096075000 -0.0041453274 0.0510794214
v -0.0096075000 -0.0037511419 0.0512337026
v -0.0096075000 -0.0033512032 0.0513723892
v -0.0096075000 -0.0029461280 0.0514952674
v -0.0096075000 -0.0025365410 0.0516021477
v -0.0096075000 -0.0021230737 0.0516928653
v -0.0096075000 -0.0017063635 0.0517672803
v -0.0096075000 -0.0012870531 0.0518252780
v -0.0096075000 -0.0008657891 0.0518667689
v -0.0096075000 -0.0004432208 0.0518916890
v -0.0096075000 0.0000200000 0.0519000000
v -0.0096075000 0.0004432208 0.0518916890
v -0.0096075000 0.0008657891 0.0518667689
v -0.0096075000 0.0012870531 0.0518252780
v -0.0096075000 0.0017063635 0.0517672803
v -0.0096075000 0.0021230737 0.0516928653
v -0.0096075000 0.0025365410 0.0516021477
v -0.0096075000 0.0029461280 0.0514952674
v -0.0096075000 0.0033512032 0.0513723892
v -0.0096075000 0.0037511419 0.0512337026
v -0.0096075000 0.0041453274 0.0510794214
v -0.0096075000 0.0045331520 0.0509097834
v -0.0096075000 0.0049140176 0.0507250503
v -0.0096075000 0.0052873370 0.0505255070
v -0.0096075000 0.0056525345 0.0503114610
v -0.0096075000 0.0060090471 0.0500832424
v -0.0096075000 0.0063563250 0.0498412032
v -0.0096075000 0.0066938328 0.0495857165
v -0.0096075000 0.0070210500 0.0493171763
v -0.0096075000 0.0073374720 0.0490359967
v -0.0096075000 0.0076426111 0.0487426111
v -0.0096075000 0.0079359967 0.0484374720
v -0.0096075000 0.0082171763 0.0481210500
v -0.0096075000 0.0084857165 0.0477938328
v -0.0096075000 0.0087412032 0.0474563250
v -0.0096075000 0.0089832424 0.0471090471
v -0.0096075000 0.0092114610 0.0467525345
v -0.0096075000 0.0094255070 0.0463873370
v -0.0096075000 0.0096250503 0.0460140176
v -0.0096075000 0.0098097834 0.0456331520
v -0.0096075000 0.0099794214 0.0452453274
v -0.0096075000 0.0101337026 0.0448511419
v -0.0096075000 0.0102723892 0.0444512032
v -0.0096075000 0.0103952674 0.0440461280
v -0.0096075000 0.0105021477 0.0436365410
v -0.0096075000 0.0105928653 0.0432230737
v -0.0096075000 0.0106672803 0.0428063635
v -0.0096075000 0.0107252780 0.0423870531
v -0.0096075000 0.0107667689 0.0419657891
v -0.0096075000 0.0107916890 0.0415432208
v -0.0096075000 0.0108000000 0.0117800000
v -0.0096075000 0.0107916890 0.0113567792
v -0.0096075000 0.0107667689 0.0109342109
v -0.0096075000 0.0107252780 0.0105129469
v -0.0096075000 0.0106672803 0.0100936365
v -0.0096075000 0.0105928653 0.0096769263
v -0.0096075000 0.0105021477 0.0092634590
v -0.0096075000 0.0103952674 0.0088538720
v -0.0096075000 0.0102723892 0.0084487968
v -0.0096075000 0.0101337026 0.0080488581
v -0.0096075000 0.0099794214 0.0076546726
v -0.0096075000 0.0098097834 0.0072668480
v -0.0096075000 0.0096250503 0.0068859824
v -0.0096075000 0.0094255070 0.0065126630
v -0.0096075000 0.0092114610 0.0061474655
v -0.0096075000 0.0089832424 0.0057909529
v -0.0096075000 0.0087412032 0.0054436750
v -0.0096075000 0.0084857165 0.0051061672
v -0.0096075000 0.0082171763 0.0047789500
v -0.0096075000 0.0079359967 0.0044625280
v -0.0096075000 0.0076426111 0.0041573889
v -0.0096075000 0.0073374720 0.0038640033
v -0.0096075000 0.0070210500 0.0035828237
v -0.0096075000 0.0066938328 0.0033142835
v -0.0096075000 0.0063563250 0.0030587968
v -0.0096075000 0.0060090471 0.0028167576
v -0.0096075000 0.0056525345 0.0025885390
v -0.0096075000 0.0052873370 0.0023744930
v -0.0096075000 0.0049140176 0.0021749497
v -0.0096075000 0.0045331520 0.0019902166
v -0.0096075000 0.0041453274 0.0018205786
v -0.0096075000 0.0037511419 0.0016662974
v -0.0096075000 0.0033512032 0.0015276108
v -0.0096075000 0.0029461280 0.0014047326
v -0.0096075000 0.0025365410 0.0012978523
v -0.0096075000 0.0021230737 0.0012071347
v -0.0096075000 0.0017063635 0.0011327197
v -0.0096075000 0.0012870531 0.0010747220
v -0.0096075000 0.0008657891 0.0010332311
v -0.0096075000 0.0004432208 0.0010083110
v -0.0096075000 -0.0000200000 0.0010000000
v -0.0096075000 -0.0004432208 0.0010083110
v -0.0096075000 -0.0008657891 0.0010332311
v -0.0096075000 -0.0012870531 0.0010747220
v -0.0096075000 -0.0017063635 0.0011327197
v -0.0096075000 -0.0021230737 0.0012071347
v -0.0096075000 -0.0025365410 0.0012978523
v -0.0096075000 -0.0029461280 0.0014047326
v -0.0096075000 -0.0033512032 0.0015276108
v -0.0096075000 -0.0037511419 0.0016662974
v -0.0096075000 -0.0041453274 0.0018205786
v -0.0096075000 -0.0045331520 0.0019902166
v -0.0096075000 -0.0049140176 0.0021749497
v -0.0096075000 -0.0052873370 0.0023744930
v -0.0096075000 -0.0056525345 0.0025885390
v -0.0096075000 -0.0060090471 0.0028167576
v -0.0096075000 -0.0063563250 0.0030587968
v -0.0096075000 -0.0066938328 0.0033142835
v -0.0096075000 -0.0070210500 0.0035828237
v -0.0096075000 -0.0073374720 0.0038640033
v -0.0096075000 -0.0076426111 0.0041573889
v -0.0096075000 -0.0079359967 0.0044625280
v -0.0096075000 -0.0082171763 0.0047789500
v -0.0096075000 -0.0084857165 0.0051061672
v -0.0096075000 -0.0087412032 0.0054436750
v -0.0096075000 -0.0089832424 0.0057909529
v -0.0096075000 -0.0092114610 0.0061474655
v -0.0096075000 -0.0094255070 0.0065126630
v -0.0096075000 -0.0096250503 0.0068859824
v -0.0096075000 -0.0098097834 0.0072668480
v -0.0096075000 -0.0099794214 0.0076546726
v -0.0096075000 -0.0101337026 0.0080488581
v -0.0096075000 -0.0102723892 0.0084487968
v -0.0096075000 -0.0103952674 0.0088538720
v -0.0096075000 -0.0105021477 0.0092634590
v -0.0096075000 -0.0105928653 0.0096769263
v -0.0096075000 -0.0106672803 0.0100936365
v -0.0096075000 -0.0107252780 0.0105129469
v -0.0096075000 -0.0107667689 0.0109342109
v -0.0096075000 -0.0107916890 0.0113567792
v -0.0096165587 -0.0107988074 0.0411200000
v -0.0096165587 -0.0107904973 0.0415431740
v -0.0096165587 -0.0107655799 0.0419656955
v -0.0096165587 -0.0107240936 0.0423869130
v -0.0096165587 -0.0106661024 0.0428061770
v -0.0096165587 -0.0105916956 0.0432228410
v -0.0096165587 -0.0105009881 0.0436362626
v -0.0096165587 -0.0103941196 0.0440458043
v -0.0096165587 -0.0102712550 0.0444508347
v -0.0096165587 -0.0101325837 0.0448507291
v -0.0096165587 -0.0099783195 0.0452448710
v -0.0096165587 -0.0098087004 0.0456326527
v -0.0096165587 -0.0096239877 0.0460134762
v -0.0096165587 -0.0094244664 0.0463867543
v -0.0096165587 -0.0092104441 0.0467519114
v -0.0096165587 -0.0089822508 0.0471083845
v -0.0096165587 -0.0087402384 0.0474556240
v -0.0096165587 -0.0084847799 0.0477930944
v -0.0096165587 -0.0082162695 0.0481202754
v -0.0096165587 -0.0079351209 0.0484366625
v -0.0096165587 -0.0076417678 0.0487417678
v -0.0096165587 -0.0073366625 0.0490351209
v -0.0096165587 -0.0070202754 0.0493162695
v -0.0096165587 -0.0066930944 0.0495847799
v -0.0096165587 -0.0063556240 0.0498402384
v -0.0096165587 -0.0060083845 0.0500822508
v -0.0096165587 -0.0056519114 0.0503104441
v -0.0096165587 -0.0052867543 0.0505244664
v -0.0096165587 -0.0049134762 0.0507239877
v -0.0096165587 -0.0045326527 0.0509087004
v -0.0096165587 -0.0041448710 0.0510783195
v -0.0096165587 -0.0037507291 0.0512325837
v -0.0096165587 -0.0033508347 0.0513712550
v -0.0096165587 -0.0029458043 0.0514941196
v -0.0096165587 -0.0025362626 0.0516009881
v -0.0096165587 -0.0021228410 0.0516916956
v -0.0096165587 -0.0017061770 0.0517661024
v -0.0096165587 -0.0012869130 0.0518240936
v -0.0096165587 -0.0008656955 0.0518655799
v -0.0096165587 -0.0004431740 0.0518904973
v -0.0096165587 0.0000200000 0.0518988074
v -0.0096165587 0.0004431740 0.0518904973
v -0.0096165587 0.0008656955 0.0518655799
v -0.0096165587 0.0012869130 0.0518240936
v -0.0096165587 0.0017061770 0.0517661024
v -0.0096165587 0.0021228410 0.0516916956
v -0.0096165587 0.0025362626 0.0516009881
v -0.0096165587 0.0029458043 0.0514941196
v -0.0096165587 0.0033508347 0.0513712550
v -0.0096165587 0.0037507291 0.0512325837
v -0.0096165587 0.0041448710 0.0510783195
v -0.0096165587 0.0045326527 0.0509087004
v -0.0096165587 0.0049134762 0.0507239877
v -0.0096165587 0.0052867543 0.0505244664
v -0.0096165587 0.0056519114 0.0503104441
v -0.0096165587 0.0060083845 0.0500822508
v -0.0096165587 0.0063556240 0.0498402384
v -0.0096165587 0.0066930944 0.0495847799
v -0.0096165587 0.0070202754 0.0493162695
v -0.0096165587 0.0073366625 0.0490351209
v -0.0096165587 0.0076417678 0.0487417678
v -0.0096165587 0.0079351209 0.0484366625
v -0.0096165587 0.0082162695 0.0481202754
v -0.0096165587 0.0084847799 0.0477930944
v -0.0096165587 0.0087402384 0.0474556240
v -0.0096165587 0.0089822508 0.0471083845
v -0.0096165587 0.0092104441 0.0467519114
v -0.0096165587 0.0094244664 0.0463867543
v -0.0096165587 0.0096239877 0.0460134762
v -0.0096165587 0.0098087004 0.0456326527
v -0.0096165587 0.0099783195 0.0452448710
v -0.0096165587 0.0101325837 0.0448507291
v -0.0096165587 0.0102712550 0.0444508347
v -0.0096165587 0.0103941196 0.0440458043
v -0.0096165587 0.0105009881 0.0436362626
v -0.0096165587 0.0105916956 0.0432228410
v -0.0096165587 0.0106661024 0.0428061770
v -0.0096165587 0.0107240936 0.0423869130
v -0.0096165587 0.0107655799 0.0419656955
v -0.0096165587 0.0107904973 0.0415431740
v -0.0096165587 0.0107988074 0.0117800000
v -0.0096165587 0.0107904973 0.0113568260
v -0.0096165587 0.0107655799 0.0109343045
v -0.0096165587 0.0107240936 0.0105130870
v -0.0096165587 0.0106661024 0.0100938230
v -0.0096165587 0.0105916956 0.0096771590
v -0.0096165587 0.0105009881 0.0092637374
v -0.0096165587 0.0103941196 0.0088541957
v -0.0096165587 0.0102712550 0.0084491653
v -0.0096165587 0.0101325837 0.0080492709
v -0.0096165587 0.0099783195 0.0076551290
v -0.0096165587 0.0098087004 0.0072673473
v -0.0096165587 0.0096239877 0.0068865238
v -0.0096165587 0.0094244664 0.0065132457
v -0.0096165587 0.0092104441 0.0061480886
v -0.0096165587 0.0089822508 0.0057916155
v -0.0096165587 0.0087402384 0.0054443760
v -0.0096165587 0.0084847799 0.0051069056
v -0.0096165587 0.0082162695 0.0047797246
v -0.0096165587 0.0079351209 0.0044633375
v -0.0096165587 0.0076417678 0.0041582322
v -0.0096165587 0.0073366625 0.0038648791
v -0.0096165587 0.0070202754 0.0035837305
v -0.0096165587 0.0066930944 0.0033152201
v -0.0096165587 0.0063556240 0.0030597616
v -0.0096165587 0.0060083845 0.0028177492
v -0.0096165587 0.0056519114 0.0025895559
v -0.0096165587 0.0052867543 0.0023755336
v -0.0096165587 0.0049134762 0.0021760123
v -0.0096165587 0.0045326527 0.0019912996
v -0.0096165587 0.0041448710 0.0018216805
v -0.0096165587 0.0037507291 0.0016674163
v -0.0096165587 0.0033508347 0.0015287450
v -0.0096165587 0.0029458043 0.0014058804
v -0.0096165587 0.0025362626 0.0012990119
v -0.0096165587 0.0021228410 0.0012083044
v -0.0096165587 0.0017061770 0.0011338976
v -0.0096165587 0.0012869130 0.0010759064
v -0.0096165587 0.0008656955 0.0010344201
v -0.0096165587 0.0004431740 0.0010095027
v -0.0096165587 -0.0000200000 0.0010011926
v -0.0096165587 -0.0004431740 0.0010095027
v -0.0096165587 -0.0008656955 0.0010344201
v -0.0096165587 -0.0012869130 0.0010759064
v -0.0096165587 -0.0017061770 0.0011338976
v -0.0096165587 -0.0021228410 0.0012083044
v -0.0096165587 -0.0025362626 0.0012990119
v -0.0096165587 -0.0029458043 0.0014058804
v -0.0096165587 -0.0033508347 0.0015287450
v -0.0096165587 -0.0037507291 0.0016674163
v -0.0096165587 -0.0041448710 0.0018216805
v -0.0096165587 -0.0045326527 0.0019912996
v -0.0096165587 -0.0049134762 0.0021760123
v -0.0096165587 -0.0052867543 0.0023755336
v -0.0096165587 -0.0056519114 0.0025895559
v -0.0096165587 -0.0060083845 0.0028177492
v -0.0096165587 -0.0063556240 0.0030597616
v -0.0096165587 -0.0066930944 0.0033152201
v -0.0096165587 -0.0070202754 0.0035837305
v -0.0096165587 -0.0073366625 0.0038648791
v -0.0096165587 -0.0076417678 0.0041582322
v -0.0096165587 -0.0079351209 0.0044633375
v -0.0096165587 -0.0082162695 0.0047797246
v -0.0096165587 -0.0084847799 0.0051069056
v -0.0096165587 -0.0087402384 0.0054443760
v -0.0096165587 -0.0089822508 0.0057916155
v -0.0096165587 -0.0092104441 0.0061480886
v -0.0096165587 -0.0094244664 0.0065132457
v -0.0096165587 -0.0096239877 0.0068865238
v -0.0096165587 -0.0098087004 0.0072673473
v -0.0096165587 -0.0099783195 0.0076551290
v -0.0096165587 -0.0101325837 0.0080492709
v -0.0096165587 -0.0102712550 0.0084491653
v -0.0096165587 -0.0103941196 0.0088541957
v -0.0096165587 -0.0105009881 0.0092637374
v -0.0096165587 -0.0105916956 0.0096771590
v -0.0096165587 -0.0106661024 0.0100938230
v -0.0096165587 -0.0107240936 0.0105130870
v -0.0096165587 -0.0107655799 0.0109343045
v -0.0096165587 -0.0107904973 0.0113568260
v -0.0096250000 -0.0107953109 0.0411200000
v -0.0096250000 -0.0107870035 0.0415430367
v -0.0096250000 -0.0107620942 0.0419654211
v -0.0096250000 -0.0107206214 0.0423865020
v -0.0096250000 -0.0106626489 0.0428056300
v -0.0096250000 -0.0105882663 0.0432221589
v -0.0096250000 -0.0104975882 0.0436354464
v -0.0096250000 -0.0103907544 0.0440448552
v -0.0096250000 -0.0102679296 0.0444497542
v -0.0096250000 -0.0101293033 0.0448495189
v -0.0096250000 -0.0099750892 0.0452435330
v -0.0096250000 -0.0098055250 0.0456311888
v -0.0096250000 -0.0096208723 0.0460118888
v -0.0096250000 -0.0094214157 0.0463850458
v -0.0096250000 -0.0092074628 0.0467500845
v -0.0096250000 -0.0089793436 0.0471064420
v -0.0096250000 -0.0087374096 0.0474535688
v -0.0096250000 -0.0084820341 0.0477909298
v -0.0096250000 -0.0082136107 0.0481180046
v -0.0096250000 -0.0079325533 0.0484342891
v -0.0096250000 -0.0076392954 0.0487392954
v -0.0096250000 -0.0073342891 0.0490325533
v -0.0096250000 -0.0070180046 0.0493136107
v -0.0096250000 -0.0066909298 0.0495820341
v -0.0096250000 -0.0063535688 0.0498374096
v -0.0096250000 -0.0060064420 0.0500793436
v -0.0096250000 -0.0056500845 0.0503074628
v -0.0096250000 -0.0052850458 0.0505214157
v -0.0096250000 -0.0049118888 0.0507208723
v -0.0096250000 -0.0045311888 0.0509055250
v -0.0096250000 -0.0041435330 0.0510750892
v -0.0096250000 -0.0037495189 0.0512293033
v -0.0096250000 -0.0033497542 0.0513679296
v -0.0096250000 -0.0029448552 0.0514907544
v -0.0096250000 -0.0025354464 0.0515975882
v -0.0096250000 -0.0021221589 0.0516882663
v -0.0096250000 -0.0017056300 0.0517626489
v -0.0096250000 -0.0012865020 0.0518206214
v -0.0096250000 -0.0008654211 0.0518620942
v -0.0096250000 -0.0004430367 0.0518870035
v -0.0096250000 0.0000200000 0.0518953109
v -0.0096250000 0.0004430367 0.0518870035
v -0.0096250000 0.0008654211 0.0518620942
v -0.0096250000 0.0012865020 0.0518206214
v -0.0096250000 0.0017056300 0.0517626489
v -0.0096250000 0.0021221589 0.0516882663
v -0.0096250000 0.0025354464 0.0515975882
v -0.0096250000 0.0029448552 0.0514907544
v -0.0096250000 0.0033497542 0.0513679296
v -0.0096250000 0.0037495189 0.0512293033
v -0.0096250000 0.0041435330 0.0510750892
v -0.0096250000 0.0045311888 0.0509055250
v -0.0096250000 0.0049118888 0.0507208723
v -0.0096250000 0.0052850458 0.0505214157
v -0.0096250000 0.0056500845 0.0503074628
v -0.0096250000 0.0060064420 0.0500793436
v -0.0096250000 0.0063535688 0.0498374096
v -0.0096250000 0.0066909298 0.0495820341
v -0.0096250000 0.0070180046 0.0493136107
v -0.0096250000 0.0073342891 0.0490325533
v -0.0096250000 0.0076392954 0.0487392954
v -0.0096250000 0.0079325533 0.0484342891
v -0.0096250000 0.0082136107 0.0481180046
v -0.0096250000 0.0084820341 0.0477909298
v -0.0096250000 0.0087374096 0.0474535688
v -0.0096250000 0.0089793436 0.0471064420
v -0.0096250000 0.0092074628 0.0467500845
v -0.0096250000 0.0094214157 0.0463850458
v -0.0096250000 0.0096208723 0.0460118888
v -0.0096250000 0.0098055250 0.0456311888
v -0.0096250000 0.0099750892 0.0452435330
v -0.0096250000 0.0101293033 0.0448495189
v -0.0096250000 0.0102679296 0.0444497542
v -0.0096250000 0.0103907544 0.0440448552
v -0.0096250000 0.0104975882 0.0436354464
v -0.0096250000 0.0105882663 0.0432221589
v -0.0096250000 0.0106626489 0.0428056300
v -0.0096250000 0.0107206214 0.0423865020
v -0.0096250000 0.0107620942 0.0419654211
v -0.0096250000 0.0107870035 0.0415430367
v -0.0096250000 0.0107953109 0.0117800000
v -0.0096250000 0.0107870035 0.0113569633
v -0.0096250000 0.0107620942 0.0109345789
v -0.0096250000 0.0107206214 0.0105134980
v -0.0096250000 0.0106626489 0.0100943700
v -0.0096250000 0.0105882663 0.0096778411
v -0.0096250000 0.0104975882 0.0092645536
v -0.0096250000 0.0103907544 0.0088551448
v -0.0096250000 0.0102679296 0.0084502458
v -0.0096250000 0.0101293033 0.0080504811
v -0.0096250000 0.0099750892 0.0076564670
v -0.0096250000 0.0098055250 0.0072688112
v -0.0096250000 0.0096208723 0.0068881112
v -0.0096250000 0.0094214157 0.0065149542
v -0.0096250000 0.0092074628 0.0061499155
v -0.0096250000 0.0089793436 0.0057935580
v -0.0096250000 0.0087374096 0.0054464312
v -0.0096250000 0.0084820341 0.0051090702
v -0.0096250000 0.0082136107 0.0047819954
v -0.0096250000 0.0079325533 0.0044657109
v -0.0096250000 0.0076392954 0.0041607046
v -0.0096250000 0.0073342891 0.0038674467
v -0.0096250000 0.0070180046 0.0035863893
v -0.0096250000 0.0066909298 0.0033179659
v -0.0096250000 0.0063535688 0.0030625904
v -0.0096250000 0.0060064420 0.0028206564
v -0.0096250000 0.0056500845 0.0025925372
v -0.0096250000 0.0052850458 0.0023785843
v -0.0096250000 0.0049118888 0.0021791277
v -0.0096250000 0.0045311888 0.0019944750
v -0.0096250000 0.0041435330 0.0018249108
v -0.0096250000 0.0037495189 0.0016706967
v -0.0096250000 0.0033497542 0.0015320704
v -0.0096250000 0.0029448552 0.0014092456
v -0.0096250000 0.0025354464 0.0013024118
v -0.0096250000 0.0021221589 0.0012117337
v -0.0096250000 0.0017056300 0.0011373511
v -0.0096250000 0.0012865020 0.0010793786
v -0.0096250000 0.0008654211 0.0010379058
v -0.0096250000 0.0004430367 0.0010129965
v -0.0096250000 -0.0000200000 0.0010046891
v -0.0096250000 -0.0004430367 0.0010129965
v -0.0096250000 -0.0008654211 0.0010379058
v -0.0096250000 -0.0012865020 0.0010793786
v -0.0096250000 -0.0017056300 0.0011373511
v -0.0096250000 -0.0021221589 0.0012117337
v -0.0096250000 -0.0025354464 0.0013024118
v -0.0096250000 -0.0029448552 0.0014092456
v -0.0096250000 -0.0033497542 0.0015320704
v -0.0096250000 -0.0037495189 0.0016706967
v -0.0096250000 -0.0041435330 0.0018249108
v -0.0096250000 -0.0045311888 0.0019944750
v -0.0096250000 -0.0049118888 0.0021791277
v -0.0096250000 -0.0052850458 0.0023785843
v -0.0096250000 -0.0056500845 0.0025925372
v -0.0096250000 -0.0060064420 0.0028206564
v -0.0096250000 -0.0063535688 0.0030625904
v -0.0096250000 -0.0066909298 0.0033179659
v -0.0096250000 -0.0070180046 0.0035863893
v -0.0096250000 -0.0073342891 0.0038674467
v -0.0096250000 -0.0076392954 0.0041607046
v -0.0096250000 -0.0079325533 0.0044657109
v -0.0096250000 -0.0082136107 0.0047819954
v -0.0096250000 -0.0084820341 0.0051090702
v -0.0096250000 -0.0087374096 0.0054464312
v -0.0096250000 -0.0089793436 0.0057935580
v -0.0096250000 -0.0092074628 0.0061499155
v -0.0096250000 -0.0094214157 0.0065149542
v -0.0096250000 -0.0096208723 0.0068881112
v -0.0096250000 -0.0098055250 0.0072688112
v -0.0096250000 -0.0099750892 0.0076564670
v -0.0096250000 -0.0101293033 0.0080504811
v -0.0096250000 -0.0102679296 0.0084502458
v -0.0096250000 -0.0103907544 0.0088551448
v -0.0096250000 -0.0104975882 0.0092645536
v -0.0096250000 -0.0105882663 0.0096778411
v -0.0096250000 -0.0106626489 0.0100943700
v -0.0096250000 -0.0107206214 0.0105134980
v -0.0096250000 -0.0107620942 0.0109345789
v -0.0096250000 -0.0107870035 0.0113569633
v -0.0096322487 -0.0107897487 0.0411200000
v -0.0096322487 -0.0107814457 0.0415428184
v -0.0096322487 -0.0107565492 0.0419649847
v -0.0096322487 -0.0107150978 0.0423858482
v -0.0096322487 -0.0106571553 0.0428047599
v -0.0096322487 -0.0105828110 0.0432210737
v -0.0096322487 -0.0104921797 0.0436341479
v -0.0096322487 -0.0103854011 0.0440433454
v -0.0096322487 -0.0102626397 0.0444480354
v -0.0096322487 -0.0101240850 0.0448475937
v -0.0096322487 -0.0099699504 0.0452414044
v -0.0096322487 -0.0098004738 0.0456288602
v -0.0096322487 -0.0096159164 0.0460093636
v -0.0096322487 -0.0094165628 0.0463823280
v -0.0096322487 -0.0092027203 0.0467471783
v -0.0096322487 -0.0089747188 0.0471033518
v -0.0096322487 -0.0087329098 0.0474502995
v -0.0096322487 -0.0084776660 0.0477874863
v -0.0096322487 -0.0082093812 0.0481143923
v -0.0096322487 -0.0079284689 0.0484305135
v -0.0096322487 -0.0076353624 0.0487353624
v -0.0096322487 -0.0073305135 0.0490284689
v -0.0096322487 -0.0070143923 0.0493093812
v -0.0096322487 -0.0066874863 0.0495776660
v -0.0096322487 -0.0063502995 0.0498329098
v -0.0096322487 -0.0060033518 0.0500747188
v -0.0096322487 -0.0056471783 0.0503027203
v -0.0096322487 -0.0052823280 0.0505165628
v -0.0096322487 -0.0049093636 0.0507159164
v -0.0096322487 -0.0045288602 0.0509004738
v -0.0096322487 -0.0041414044 0.0510699504
v -0.0096322487 -0.0037475937 0.0512240850
v -0.0096322487 -0.0033480354 0.0513626397
v -0.0096322487 -0.0029433454 0.0514854011
v -0.0096322487 -0.0025341479 0.0515921797
v -0.0096322487 -0.0021210737 0.0516828110
v -0.0096322487 -0.0017047599 0.0517571553
v -0.0096322487 -0.0012858482 0.0518150978
v -0.0096322487 -0.0008649847 0.0518565492
v -0.0096322487 -0.0004428184 0.0518814457
v -0.0096322487 0.0000200000 0.0518897487
v -0.0096322487 0.0004428184 0.0518814457
v -0.0096322487 0.0008649847 0.0518565492
v -0.0096322487 0.0012858482 0.0518150978
v -0.0096322487 0.0017047599 0.0517571553
v -0.0096322487 0.0021210737 0.0516828110
v -0.0096322487 0.0025341479 0.0515921797
v -0.0096322487 0.0029433454 0.0514854011
v -0.0096322487 0.0033480354 0.0513626397
v -0.0096322487 0.0037475937 0.0512240850
v -0.0096322487 0.0041414044 0.0510699504
v -0.0096322487 0.0045288602 0.0509004738
v -0.0096322487 0.0049093636 0.0507159164
v -0.0096322487 0.0052823280 0.0505165628
v -0.0096322487 0.0056471783 0.0503027203
v -0.0096322487 0.0060033518 0.0500747188
v -0.0096322487 0.0063502995 0.0498329098
v -0.0096322487 0.0066874863 0.0495776660
v -0.0096322487 0.0070143923 0.0493093812
v -0.0096322487 0.0073305135 0.0490284689
v -0.0096322487 0.0076353624 0.0487353624
v -0.0096322487 0.0079284689 0.0484305135
v -0.0096322487 0.0082093812 0.0481143923
v -0.0096322487 0.0084776660 0.0477874863
v -0.0096322487 0.0087329098 0.0474502995
v -0.0096322487 0.0089747188 0.0471033518
v -0.0096322487 0.0092027203 0.0467471783
v -0.0096322487 0.0094165628 0.0463823280
v -0.0096322487 0.0096159164 0.0460093636
v -0.0096322487 0.0098004738 0.0456288602
v -0.0096322487 0.0099699504 0.0452414044
v -0.0096322487 0.0101240850 0.0448475937
v -0.0096322487 0.0102626397 0.0444480354
v -0.0096322487 0.0103854011 0.0440433454
v -0.0096322487 0.0104921797 0.0436341479
v -0.0096322487 0.0105828110 0.0432210737
v -0.0096322487 0.0106571553 0.0428047599
v -0.0096322487 0.0107150978 0.0423858482
v -0.0096322487 0.0107565492 0.0419649847
v -0.0096322487 0.0107814457 0.0415428184
v -0.0096322487 0.0107897487 0.0117800000
v -0.0096322487 0.0107814457 0.0113571816
v -0.0096322487 0.0107565492 0.0109350153
v -0.0096322487 0.0107150978 0.0105141518
v -0.0096322487 0.0106571553 0.0100952401
v -0.0096322487 0.0105828110 0.0096789263
v -0.0096322487 0.0104921797 0.0092658521
v -0.0096322487 0.0103854011 0.0088566546
v -0.0096322487 0.0102626397 0.0084519646
v -0.0096322487 0.0101240850 0.0080524063
v -0.0096322487 0.0099699504 0.0076585956
v -0.0096322487 0.0098004738 0.0072711398
v -0.0096322487 0.0096159164 0.0068906364
v -0.0096322487 0.0094165628 0.0065176720
v -0.0096322487 0.0092027203 0.0061528217
v -0.0096322487 0.0089747188 0.0057966482
v -0.0096322487 0.0087329098 0.0054497005
v -0.0096322487 0.0084776660 0.0051125137
v -0.0096322487 0.0082093812 0.0047856077
v -0.0096322487 0.0079284689 0.0044694865
v -0.0096322487 0.0076353624 0.0041646376
v -0.0096322487 0.0073305135 0.0038715311
v -0.0096322487 0.0070143923 0.0035906188
v -0.0096322487 0.0066874863 0.0033223340
v -0.0096322487 0.0063502995 0.0030670902
v -0.0096322487 0.0060033518 0.0028252812
v -0.0096322487 0.0056471783 0.0025972797
v -0.0096322487 0.0052823280 0.0023834372
v -0.0096322487 0.0049093636 0.0021840836
v -0.0096322487 0.0045288602 0.0019995262
v -0.0096322487 0.0041414044 0.0018300496
v -0.0096322487 0.0037475937 0.0016759150
v -0.0096322487 0.0033480354 0.0015373603
v -0.0096322487 0.0029433454 0.0014145989
v -0.0096322487 0.0025341479 0.0013078203
v -0.0096322487 0.0021210737 0.0012171890
v -0.0096322487 0.0017047599 0.0011428447
v -0.0096322487 0.0012858482 0.0010849022
v -0.0096322487 0.0008649847 0.0010434508
v -0.0096322487 0.0004428184 0.0010185543
v -0.0096322487 -0.0000200000 0.0010102513
v -0.0096322487 -0.0004428184 0.0010185543
v -0.0096322487 -0.0008649847 0.0010434508
v -0.0096322487 -0.0012858482 0.0010849022
v -0.0096322487 -0.0017047599 0.0011428447
v -0.0096322487 -0.0021210737 0.0012171890
v -0.0096322487 -0.0025341479 0.0013078203
v -0.0096322487 -0.0029433454 0.0014145989
v -0.0096322487 -0.0033480354 0.0015373603
v -0.0096322487 -0.0037475937 0.0016759150
v -0.0096322487 -0.0041414044 0.0018300496
v -0.0096322487 -0.0045288602 0.0019995262
v -0.0096322487 -0.0049093636 0.0021840836
v -0.0096322487 -0.0052823280 0.0023834372
v -0.0096322487 -0.0056471783 0.0025972797
v -0.0096322487 -0.0060033518 0.0028252812
v -0.0096322487 -0.0063502995 0.0030670902
v -0.0096322487 -0.0066874863 0.0033223340
v -0.0096322487 -0.0070143923 0.0035906188
v -0.0096322487 -0.0073305135 0.0038715311
v -0.0096322487 -0.0076353624 0.0041646376
v -0.0096322487 -0.0079284689 0.0044694865
v -0.0096322487 -0.0082093812 0.0047856077
v -0.0096322487 -0.0084776660 0.0051125137
v -0.0096322487 -0.0087329098 0.0054497005
v -0.0096322487 -0.0089747188 0.0057966482
v -0.0096322487 -0.0092027203 0.0061528217
v -0.0096322487 -0.0094165628 0.0065176720
v -0.0096322487 -0.0096159164 0.0068906364
v -0.0096322487 -0.0098004738 0.0072711398
v -0.0096322487 -0.0099699504 0.0076585956
v -0.0096322487 -0.0101240850 0.0080524063
v -0.0096322487 -0.0102626397 0.0084519646
v -0.0096322487 -0.0103854011 0.0088566546
v -0.0096322487 -0.0104921797 0.0092658521
v -0.0096322487 -0.0105828110 0.0096789263
v -0.0096322487 -0.0106571553 0.0100952401
v -0.0096322487 -0.0107150978 0.0105141518
v -0.0096322487 -0.0107565492 0.0109350153
v -0.0096322487 -0.0107814457 0.0113571816
v -0.0096378109 -0.0107825000 0.0411200000
v -0.0096378109 -0.0107742025 0.0415425338
v -0.0096378109 -0.0107493228 0.0419644160
v -0.0096378109 -0.0107078993 0.0423849962
v -0.0096378109 -0.0106499958 0.0428036259
v -0.0096378109 -0.0105757016 0.0432196596
v -0.0096378109 -0.0104851313 0.0436324557
v -0.0096378109 -0.0103784245 0.0440413778
v -0.0096378109 -0.0102557458 0.0444457954
v -0.0096378109 -0.0101172843 0.0448450848
v -0.0096378109 -0.0099632535 0.0452386304
v -0.0096378109 -0.0097938909 0.0456258254
v -0.0096378109 -0.0096094577 0.0460060728
v -0.0096378109 -0.0094102383 0.0463787861
v -0.0096378109 -0.0091965398 0.0467433908
v -0.0096378109 -0.0089686917 0.0470993246
v -0.0096378109 -0.0087270454 0.0474460388
v -0.0096378109 -0.0084719735 0.0477829986
v -0.0096378109 -0.0082038692 0.0481096846
v -0.0096378109 -0.0079231460 0.0484255930
v -0.0096378109 -0.0076302367 0.0487302367
v -0.0096378109 -0.0073255930 0.0490231460
v -0.0096378109 -0.0070096846 0.0493038692
v -0.0096378109 -0.0066829986 0.0495719735
v -0.0096378109 -0.0063460388 0.0498270454
v -0.0096378109 -0.0059993246 0.0500686917
v -0.0096378109 -0.0056433908 0.0502965398
v -0.0096378109 -0.0052787861 0.0505102383
v -0.0096378109 -0.0049060728 0.0507094577
v -0.0096378109 -0.0045258254 0.0508938909
v -0.0096378109 -0.0041386304 0.0510632535
v -0.0096378109 -0.0037450848 0.0512172843
v -0.0096378109 -0.0033457954 0.0513557458
v -0.0096378109 -0.0029413778 0.0514784245
v -0.0096378109 -0.0025324557 0.0515851313
v -0.0096378109 -0.0021196596 0.0516757016
v -0.0096378109 -0.0017036259 0.0517499958
v -0.0096378109 -0.0012849962 0.0518078993
v -0.0096378109 -0.0008644160 0.0518493228
v -0.0096378109 -0.0004425338 0.0518742025
v -0.0096378109 0.0000200000 0.0518825000
v -0.0096378109 0.0004425338 0.0518742025
v -0.0096378109 0.0008644160 0.0518493228
v -0.0096378109 0.0012849962 0.0518078993
v -0.0096378109 0.0017036259 0.0517499958
v -0.0096378109 0.0021196596 0.0516757016
v -0.0096378109 0.0025324557 0.0515851313
v -0.0096378109 0.0029413778 0.0514784245
v -0.0096378109 0.0033457954 0.0513557458
v -0.0096378109 0.0037450848 0.0512172843
v -0.0096378109 0.0041386304 0.0510632535
v -0.0096378109 0.0045258254 0.0508938909
v -0.0096378109 0.0049060728 0.0507094577
v -0.0096378109 0.0052787861 0.0505102383
v -0.0096378109 0.0056433908 0.0502965398
v -0.0096378109 0.0059993246 0.0500686917
v -0.0096378109 0.0063460388 0.0498270454
v -0.0096378109 0.0066829986 0.0495719735
v -0.0096378109 0.0070096846 0.0493038692
v -0.0096378109 0.0073255930 0.0490231460
v -0.0096378109 0.0076302367 0.0487302367
v -0.0096378109 0.0079231460 0.0484255930
v -0.0096378109 0.0082038692 0.0481096846
v -0.0096378109 0.0084719735 0.0477829986
v -0.0096378109 0.0087270454 0.0474460388
v -0.0096378109 0.0089686917 0.0470993246
v -0.0096378109 0.0091965398 0.0467433908
v -0.0096378109 0.0094102383 0.0463787861
v -0.0096378109 0.0096094577 0.0460060728
v -0.0096378109 0.0097938909 0.0456258254
v -0.0096378109 0.0099632535 0.0452386304
v -0.0096378109 0.0101172843 0.0448450848
v -0.0096378109 0.0102557458 0.0444457954
v -0.0096378109 0.0103784245 0.0440413778
v -0.0096378109 0.0104851313 0.0436324557
v -0.0096378109 0.0105757016 0.0432196596
v -0.0096378109 0.0106499958 0.0428036259
v -0.0096378109 0.0107078993 0.0423849962
v -0.0096378109 0.0107493228 0.0419644160
v -0.0096378109 0.0107742025 0.0415425338
v -0.0096378109 0.0107825000 0.0117800000
v -0.0096378109 0.0107742025 0.0113574662
v -0.0096378109 0.0107493228 0.0109355840
v -0.0096378109 0.0107078993 0.0105150038
v -0.0096378109 0.0106499958 0.0100963741
v -0.0096378109 0.0105757016 0.0096803404
v -0.0096378109 0.0104851313 0.0092675443
v -0.0096378109 0.0103784245 0.0088586222
v -0.0096378109 0.0102557458 0.0084542046
v -0.0096378109 0.0101172843 0.0080549152
v -0.0096378109 0.0099632535 0.0076613696
v -0.0096378109 0.0097938909 0.0072741746
v -0.0096378109 0.0096094577 0.0068939272
v -0.0096378109 0.0094102383 0.0065212139
v -0.0096378109 0.0091965398 0.0061566092
v -0.0096378109 0.0089686917 0.0058006754
v -0.0096378109 0.0087270454 0.0054539612
v -0.0096378109 0.0084719735 0.0051170014
v -0.0096378109 0.0082038692 0.0047903154
v -0.0096378109 0.0079231460 0.0044744070
v -0.0096378109 0.0076302367 0.0041697633
v -0.0096378109 0.0073255930 0.0038768540
v -0.0096378109 0.0070096846 0.0035961308
v -0.0096378109 0.0066829986 0.0033280265
v -0.0096378109 0.0063460388 0.0030729546
v -0.0096378109 0.0059993246 0.0028313083
v -0.0096378109 0.0056433908 0.0026034602
v -0.0096378109 0.0052787861 0.0023897617
v -0.0096378109 0.0049060728 0.0021905423
v -0.0096378109 0.0045258254 0.0020061091
v -0.0096378109 0.0041386304 0.0018367465
v -0.0096378109 0.0037450848 0.0016827157
v -0.0096378109 0.0033457954 0.0015442542
v -0.0096378109 0.0029413778 0.0014215755
v -0.0096378109 0.0025324557 0.0013148687
v -0.0096378109 0.0021196596 0.0012242984
v -0.0096378109 0.0017036259 0.0011500042
v -0.0096378109 0.0012849962 0.0010921007
v -0.0096378109 0.0008644160 0.0010506772
v -0.0096378109 0.0004425338 0.0010257975
v -0.0096378109 -0.0000200000 0.0010175000
v -0.0096378109 -0.0004425338 0.0010257975
v -0.0096378109 -0.0008644160 0.0010506772
v -0.0096378109 -0.0012849962 0.0010921007
v -0.0096378109 -0.0017036259 0.0011500042
v -0.0096378109 -0.0021196596 0.0012242984
v -0.0096378109 -0.0025324557 0.0013148687
v -0.0096378109 -0.0029413778 0.0014215755
v -0.0096378109 -0.0033457954 0.0015442542
v -0.0096378109 -0.0037450848 0.0016827157
v -0.0096378109 -0.0041386304 0.0018367465
v -0.0096378109 -0.0045258254 0.0020061091
v -0.0096378109 -0.0049060728 0.0021905423
v -0.0096378109 -0.0052787861 0.0023897617
v -0.0096378109 -0.0056433908 0.0026034602
v -0.0096378109 -0.0059993246 0.0028313083
v -0.0096378109 -0.0063460388 0.0030729546
v -0.0096378109 -0.0066829986 0.0033280265
v -0.0096378109 -0.0070096846 0.0035961308
v -0.0096378109 -0.0073255930 0.0038768540
v -0.0096378109 -0.0076302367 0.0041697633
v -0.0096378109 -0.0079231460 0.0044744070
v -0.0096378109 -0.0082038692 0.0047903154
v -0.0096378109 -0.0084719735 0.0051170014
v -0.0096378109 -0.0087270454 0.0054539612
v -0.0096378109 -0.0089686917 0.0058006754
v -0.0096378109 -0.0091965398 0.0061566092
v -0.0096378109 -0.0094102383 0.0065212139
v -0.0096378109 -0.0096094577 0.0068939272
v -0.0096378109 -0.0097938909 0.0072741746
v -0.0096378109 -0.0099632535 0.0076613696
v -0.0096378109 -0.0101172843 0.0080549152
v -0.0096378109 -0.0102557458 0.0084542046
v -0.0096378109 -0.0103784245 0.0088586222
v -0.0096378109 -0.0104851313 0.0092675443
v -0.0096378109 -0.0105757016 0.0096803404
v -0.0096378109 -0.0106499958 0.0100963741
v -0.0096378109 -0.0107078993 0.0105150038
v -0.0096378109 -0.0107493228 0.0109355840
v -0.0096378109 -0.0107742025 0.0113574662
v -0.0096413074 -0.0107740587 0.0411200000
v -0.0096413074 -0.0107657677 0.0415422024
v -0.0096413074 -0.0107409075 0.0419637537
v -0.0096413074 -0.0106995164 0.0423840041
v -0.0096413074 -0.0106416584 0.0428023054
v -0.0096413074 -0.0105674224 0.0432180128
v -0.0096413074 -0.0104769232 0.0436304851
v -0.0096413074 -0.0103703001 0.0440390865
v -0.0096413074 -0.0102477176 0.0444431869
v -0.0096413074 -0.0101093647 0.0448421631
v -0.0096413074 -0.0099554547 0.0452354001
v -0.0096413074 -0.0097862250 0.0456222914
v -0.0096413074 -0.0096019364 0.0460022405
v -0.0096413074 -0.0094028732 0.0463746615
v -0.0096413074 -0.0091893423 0.0467389802
v -0.0096413074 -0.0089616730 0.0470946349
v -0.0096413074 -0.0087202162 0.0474410771
v -0.0096413074 -0.0084653443 0.0477777727
v -0.0096413074 -0.0081974504 0.0481042024
v -0.0096413074 -0.0079169473 0.0484198630
v -0.0096413074 -0.0076242678 0.0487242678
v -0.0096413074 -0.0073198630 0.0490169473
v -0.0096413074 -0.0070042024 0.0492974504
v -0.0096413074 -0.0066777727 0.0495653443
v -0.0096413074 -0.0063410771 0.0498202162
v -0.0096413074 -0.0059946349 0.0500616730
v -0.0096413074 -0.0056389802 0.0502893423
v -0.0096413074 -0.0052746615 0.0505028732
v -0.0096413074 -0.0049022405 0.0507019364
v -0.0096413074 -0.0045222914 0.0508862250
v -0.0096413074 -0.0041354001 0.0510554547
v -0.0096413074 -0.0037421631 0.0512093647
v -0.0096413074 -0.0033431869 0.0513477176
v -0.0096413074 -0.0029390865 0.0514703001
v -0.0096413074 -0.0025304851 0.0515769232
v -0.0096413074 -0.0021180128 0.0516674224
v -0.0096413074 -0.0017023054 0.0517416584
v -0.0096413074 -0.0012840041 0.0517995164
v -0.0096413074 -0.0008637537 0.0518409075
v -0.0096413074 -0.0004422024 0.0518657677
v -0.0096413074 0.0000200000 0.0518740587
v -0.0096413074 0.0004422024 0.0518657677
v -0.0096413074 0.0008637537 0.0518409075
v -0.0096413074 0.0012840041 0.0517995164
v -0.0096413074 0.0017023054 0.0517416584
v -0.0096413074 0.0021180128 0.0516674224
v -0.0096413074 0.0025304851 0.0515769232
v -0.0096413074 0.0029390865 0.0514703001
v -0.0096413074 0.0033431869 0.0513477176
v -0.0096413074 0.0037421631 0.0512093647
v -0.0096413074 0.0041354001 0.0510554547
v -0.0096413074 0.0045222914 0.0508862250
v -0.0096413074 0.0049022405 0.0507019364
v -0.0096413074 0.0052746615 0.0505028732
v -0.0096413074 0.0056389802 0.0502893423
v -0.0096413074 0.0059946349 0.0500616730
v -0.0096413074 0.0063410771 0.0498202162
v -0.0096413074 0.0066777727 0.0495653443
v -0.0096413074 0.0070042024 0.0492974504
v -0.0096413074 0.0073198630 0.0490169473
v -0.0096413074 0.0076242678 0.0487242678
v -0.0096413074 0.0079169473 0.0484198630
v -0.0096413074 0.0081974504 0.0481042024
v -0.0096413074 0.0084653443 0.0477777727
v -0.0096413074 0.0087202162 0.0474410771
v -0.0096413074 0.0089616730 0.0470946349
v -0.0096413074 0.0091893423 0.0467389802
v -0.0096413074 0.0094028732 0.0463746615
v -0.0096413074 0.0096019364 0.0460022405
v -0.0096413074 0.0097862250 0.0456222914
v -0.0096413074 0.0099554547 0.0452354001
v -0.0096413074 0.0101093647 0.0448421631
v -0.0096413074 0.0102477176 0.0444431869
v -0.0096413074 0.0103703001 0.0440390865
v -0.0096413074 0.0104769232 0.0436304851
v -0.0096413074 0.0105674224 0.0432180128
v -0.0096413074 0.0106416584 0.0428023054
v -0.0096413074 0.0106995164 0.0423840041
v -0.0096413074 0.0107409075 0.0419637537
v -0.0096413074 0.0107657677 0.0415422024
v -0.0096413074 0.0107740587 0.0117800000
v -0.0096413074 0.0107657677 0.0113577976
v -0.0096413074 0.0107409075 0.0109362463
v -0.0096413074 0.0106995164 0.0105159959
v -0.0096413074 0.0106416584 0.0100976946
v -0.0096413074 0.0105674224 0.0096819872
v -0.0096413074 0.0104769232 0.0092695149
v -0.0096413074 0.0103703001 0.0088609135
v -0.0096413074 0.0102477176 0.0084568131
v -0.0096413074 0.0101093647 0.0080578369
v -0.0096413074 0.0099554547 0.0076645999
v -0.0096413074 0.0097862250 0.0072777086
v -0.0096413074 0.0096019364 0.0068977595
v -0.0096413074 0.0094028732 0.0065253385
v -0.0096413074 0.0091893423 0.0061610198
v -0.0096413074 0.0089616730 0.0058053651
v -0.0096413074 0.0087202162 0.0054589229
v -0.0096413074 0.0084653443 0.0051222273
v -0.0096413074 0.0081974504 0.0047957976
v -0.0096413074 0.0079169473 0.0044801370
v -0.0096413074 0.0076242678 0.0041757322
v -0.0096413074 0.0073198630 0.0038830527
v -0.0096413074 0.0070042024 0.0036025496
v -0.0096413074 0.0066777727 0.0033346557
v -0.0096413074 0.0063410771 0.0030797838
v -0.0096413074 0.0059946349 0.0028383270
v -0.0096413074 0.0056389802 0.0026106577
v -0.0096413074 0.0052746615 0.0023971268
v -0.0096413074 0.0049022405 0.0021980636
v -0.0096413074 0.0045222914 0.0020137750
v -0.0096413074 0.0041354001 0.0018445453
v -0.0096413074 0.0037421631 0.0016906353
v -0.0096413074 0.0033431869 0.0015522824
v -0.0096413074 0.0029390865 0.0014296999
v -0.0096413074 0.0025304851 0.0013230768
v -0.0096413074 0.0021180128 0.0012325776
v -0.0096413074 0.0017023054 0.0011583416
v -0.0096413074 0.0012840041 0.0011004836
v -0.0096413074 0.0008637537 0.0010590925
v -0.0096413074 0.0004422024 0.0010342323
v -0.0096413074 -0.0000200000 0.0010259413
v -0.0096413074 -0.0004422024 0.0010342323
v -0.0096413074 -0.0008637537 0.0010590925
v -0.0096413074 -0.0012840041 0.0011004836
v -0.0096413074 -0.0017023054 0.0011583416
v -0.0096413074 -0.0021180128 0.0012325776
v -0.0096413074 -0.0025304851 0.0013230768
v -0.0096413074 -0.0029390865 0.0014296999
v -0.0096413074 -0.0033431869 0.0015522824
v -0.0096413074 -0.0037421631 0.0016906353
v -0.0096413074 -0.0041354001 0.0018445453
v -0.0096413074 -0.0045222914 0.0020137750
v -0.0096413074 -0.0049022405 0.0021980636
v -0.0096413074 -0.0052746615 0.0023971268
v -0.0096413074 -0.0056389802 0.0026106577
v -0.0096413074 -0.0059946349 0.0028383270
v -0.0096413074 -0.0063410771 0.0030797838
v -0.0096413074 -0.0066777727 0.0033346557
v -0.0096413074 -0.0070042024 0.0036025496
v -0.0096413074 -0.0073198630 0.0038830527
v -0.0096413074 -0.0076242678 0.0041757322
v -0.0096413074 -0.0079169473 0.0044801370
v -0.0096413074 -0.0081974504 0.0047957976
v -0.0096413074 -0.0084653443 0.0051222273
v -0.0096413074 -0.0087202162 0.0054589229
v -0.0096413074 -0.0089616730 0.0058053651
v -0.0096413074 -0.0091893423 0.0061610198
v -0.0096413074 -0.0094028732 0.0065253385
v -0.0096413074 -0.0096019364 0.0068977595
v -0.0096413074 -0.0097862250 0.0072777086
v -0.0096413074 -0.0099554547 0.0076645999
v -0.0096413074 -0.0101093647 0.0080578369
v -0.0096413074 -0.0102477176 0.0084568131
v -0.0096413074 -0.0103703001 0.0088609135
v -0.0096413074 -0.0104769232 0.0092695149
v -0.0096413074 -0.0105674224 0.0096819872
v -0.0096413074 -0.0106416584 0.0100976946
v -0.0096413074 -0.0106995164 0.0105159959
v -0.0096413074 -0.0107409075 0.0109362463
v -0.0096413074 -0.0107657677 0.0113577976
v -0.0096425000 -0.0107650000 0.0411200000
v -0.0096425000 -0.0107567160 0.0415418467
v -0.0096425000 -0.0107318768 0.0419630430
v -0.0096425000 -0.0106905206 0.0423829393
v -0.0096425000 -0.0106327112 0.0428008883
v -0.0096425000 -0.0105585378 0.0432162455
v -0.0096425000 -0.0104681148 0.0436283704
v -0.0096425000 -0.0103615815 0.0440366276
v -0.0096425000 -0.0102391023 0.0444403876
v -0.0096425000 -0.0101008659 0.0448390278
v -0.0096425000 -0.0099470856 0.0452319335
v -0.0096425000 -0.0097779984 0.0456184989
v -0.0096425000 -0.0095938651 0.0459981279
v -0.0096425000 -0.0093949696 0.0463702352
v -0.0096425000 -0.0091816186 0.0467342471
v -0.0096425000 -0.0089541410 0.0470896022
v -0.0096425000 -0.0087128876 0.0474357525
v -0.0096425000 -0.0084582304 0.0477721645
v -0.0096425000 -0.0081905621 0.0480983193
v -0.0096425000 -0.0079102954 0.0484137140
v -0.0096425000 -0.0076178624 0.0487178624
v -0.0096425000 -0.0073137140 0.0490102954
v -0.0096425000 -0.0069983193 0.0492905621
v -0.0096425000 -0.0066721645 0.0495582304
v -0.0096425000 -0.0063357525 0.0498128876
v -0.0096425000 -0.0059896022 0.0500541410
v -0.0096425000 -0.0056342471 0.0502816186
v -0.0096425000 -0.0052702352 0.0504949696
v -0.0096425000 -0.0048981279 0.0506938651
v -0.0096425000 -0.0045184989 0.0508779984
v -0.0096425000 -0.0041319335 0.0510470856
v -0.0096425000 -0.0037390278 0.0512008659
v -0.0096425000 -0.0033403876 0.0513391023
v -0.0096425000 -0.0029366276 0.0514615815
v -0.0096425000 -0.0025283704 0.0515681148
v -0.0096425000 -0.0021162455 0.0516585378
v -0.0096425000 -0.0017008883 0.0517327112
v -0.0096425000 -0.0012829393 0.0517905206
v -0.0096425000 -0.0008630430 0.0518318768
v -0.0096425000 -0.0004418467 0.0518567160
v -0.0096425000 0.0000200000 0.0518650000
v -0.0096425000 0.0004418467 0.0518567160
v -0.0096425000 0.0008630430 0.0518318768
v -0.0096425000 0.0012829393 0.0517905206
v -0.0096425000 0.0017008883 0.0517327112
v -0.0096425000 0.0021162455 0.0516585378
v -0.0096425000 0.0025283704 0.0515681148
v -0.0096425000 0.0029366276 0.0514615815
v -0.0096425000 0.0033403876 0.0513391023
v -0.0096425000 0.0037390278 0.0512008659
v -0.0096425000 0.0041319335 0.0510470856
v -0.0096425000 0.0045184989 0.0508779984
v -0.0096425000 0.0048981279 0.0506938651
v -0.0096425000 0.0052702352 0.0504949696
v -0.0096425000 0.0056342471 0.0502816186
v -0.0096425000 0.0059896022 0.0500541410
v -0.0096425000 0.0063357525 0.0498128876
v -0.0096425000 0.0066721645 0.0495582304
v -0.0096425000 0.0069983193 0.0492905621
v -0.0096425000 0.0073137140 0.0490102954
v -0.0096425000 0.0076178624 0.0487178624
v -0.0096425000 0.0079102954 0.0484137140
v -0.0096425000 0.0081905621 0.0480983193
v -0.0096425000 0.0084582304 0.0477721645
v -0.0096425000 0.0087128876 0.0474357525
v -0.0096425000 0.0089541410 0.0470896022
v -0.0096425000 0.0091816186 0.0467342471
v -0.0096425000 0.0093949696 0.0463702352
v -0.0096425000 0.0095938651 0.0459981279
v -0.0096425000 0.0097779984 0.0456184989
v -0.0096425000 0.0099470856 0.0452319335
v -0.0096425000 0.0101008659 0.0448390278
v -0.0096425000 0.0102391023 0.0444403876
v -0.0096425000 0.0103615815 0.0440366276
v -0.0096425000 0.0104681148 0.0436283704
v -0.0096425000 0.0105585378 0.0432162455
v -0.0096425000 0.0106327112 0.0428008883
v -0.0096425000 0.0106905206 0.0423829393
v -0.0096425000 0.0107318768 0.0419630430
v -0.0096425000 0.0107567160 0.0415418467
v -0.0096425000 0.0107650000 0.0117800000
v -0.0096425000 0.0107567160 0.0113581533
v -0.0096425000 0.0107318768 0.0109369570
v -0.0096425000 0.0106905206 0.0105170607
v -0.0096425000 0.0106327112 0.0100991117
v -0.0096425000 0.0105585378 0.0096837545
v -0.0096425000 0.0104681148 0.0092716296
v -0.0096425000 0.0103615815 0.0088633724
v -0.0096425000 0.0102391023 0.0084596124
v -0.0096425000 0.0101008659 0.0080609722
v -0.0096425000 0.0099470856 0.0076680665
v -0.0096425000 0.0097779984 0.0072815011
v -0.0096425000 0.0095938651 0.0069018721
v -0.0096425000 0.0093949696 0.0065297648
v -0.0096425000 0.0091816186 0.0061657529
v -0.0096425000 0.0089541410 0.0058103978
v -0.0096425000 0.0087128876 0.0054642475
v -0.0096425000 0.0084582304 0.0051278355
v -0.0096425000 0.0081905621 0.0048016807
v -0.0096425000 0.0079102954 0.0044862860
v -0.0096425000 0.0076178624 0.0041821376
v -0.0096425000 0.0073137140 0.0038897046
v -0.0096425000 0.0069983193 0.0036094379
v -0.0096425000 0.0066721645 0.0033417696
v -0.0096425000 0.0063357525 0.0030871124
v -0.0096425000 0.0059896022 0.0028458590
v -0.0096425000 0.0056342471 0.0026183814
v -0.0096425000 0.0052702352 0.0024050304
v -0.0096425000 0.0048981279 0.0022061349
v -0.0096425000 0.0045184989 0.0020220016
v -0.0096425000 0.0041319335 0.0018529144
v -0.0096425000 0.0037390278 0.0016991341
v -0.0096425000 0.0033403876 0.0015608977
v -0.0096425000 0.0029366276 0.0014384185
v -0.0096425000 0.0025283704 0.0013318852
v -0.0096425000 0.0021162455 0.0012414622
v -0.0096425000 0.0017008883 0.0011672888
v -0.0096425000 0.0012829393 0.0011094794
v -0.0096425000 0.0008630430 0.0010681232
v -0.0096425000 0.0004418467 0.0010432840
v -0.0096425000 -0.0000200000 0.0010350000
v -0.0096425000 -0.0004418467 0.0010432840
v -0.0096425000 -0.0008630430 0.0010681232
v -0.0096425000 -0.0012829393 0.0011094794
v -0.0096425000 -0.0017008883 0.0011672888
v -0.0096425000 -0.0021162455 0.0012414622
v -0.0096425000 -0.0025283704 0.0013318852
v -0.0096425000 -0.0029366276 0.0014384185
v -0.0096425000 -0.0033403876 0.0015608977
v -0.0096425000 -0.0037390278 0.0016991341
v -0.0096425000 -0.0041319335 0.0018529144
v -0.0096425000 -0.0045184989 0.0020220016
v -0.0096425000 -0.0048981279 0.0022061349
v -0.0096425000 -0.0052702352 0.0024050304
v -0.0096425000 -0.0056342471 0.0026183814
v -0.0096425000 -0.0059896022 0.0028458590
v -0.0096425000 -0.0063357525 0.0030871124
v -0.0096425000 -0.0066721645 0.0033417696
v -0.0096425000 -0.0069983193 0.0036094379
v -0.0096425000 -0.0073137140 0.0038897046
v -0.0096425000 -0.0076178624 0.0041821376
v -0.0096425000 -0.0079102954 0.0044862860
v -0.0096425000 -0.0081905621 0.0048016807
v -0.0096425000 -0.0084582304 0.0051278355
v -0.0096425000 -0.0087128876 0.0054642475
v -0.0096425000 -0.0089541410 0.0058103978
v -0.0096425000 -0.0091816186 0.0061657529
v -0.0096425000 -0.0093949696 0.0065297648
v -0.0096425000 -0.0095938651 0.0069018721
v -0.0096425000 -0.0097779984 0.0072815011
v -0.0096425000 -0.0099470856 0.0076680665
v -0.0096425000 -0.0101008659 0.0080609722
v -0.0096425000 -0.0102391023 0.0084596124
v -0.0096425000 -0.0103615815 0.0088633724
v -0.0096425000 -0.0104681148 0.0092716296
v -0.0096425000 -0.0105585378 0.0096837545
v -0.0096425000 -0.0106327112 0.0100991117
v -0.0096425000 -0.0106905206 0.0105170607
v -0.0096425000 -0.0107318768 0.0109369570
v -0.0096425000 -0.0107567160 0.0113581533
v -0.0095575000 -0.0107650000 0.0411200000
v -0.0095575000 -0.0107567160 0.0415418467
v -0.0095575000 -0.0107318768 0.0419630430
v -0.0095575000 -0.0106905206 0.0423829393
v -0.0095575000 -0.0106327112 0.0428008883
v -0.0095575000 -0.0105585378 0.0432162455
v -0.0095575000 -0.0104681148 0.0436283704
v -0.0095575000 -0.0103615815 0.0440366276
v -0.0095575000 -0.0102391023 0.0444403876
v -0.0095575000 -0.0101008659 0.0448390278
v -0.0095575000 -0.0099470856 0.0452319335
v -0.0095575000 -0.0097779984 0.0456184989
v -0.0095575000 -0.0095938651 0.0459981279
v -0.0095575000 -0.0093949696 0.0463702352
v -0.0095575000 -0.0091816186 0.0467342471
v -0.0095575000 -0.0089541410 0.0470896022
v -0.0095575000 -0.0087128876 0.0474357525
v -0.0095575000 -0.0084582304 0.0477721645
v -0.0095575000 -0.0081905621 0.0480983193
v -0.0095575000 -0.0079102954 0.0484137140
v -0.0095575000 -0.0076178624 0.0487178624
v -0.0095575000 -0.0073137140 0.0490102954
v -0.0095575000 -0.0069983193 0.0492905621
v -0.0095575000 -0.0066721645 0.0495582304
v -0.0095575000 -0.0063357525 0.0498128876
v -0.0095575000 -0.0059896022 0.0500541410
v -0.0095575000 -0.0056342471 0.0502816186
v -0.0095575000 -0.0052702352 0.0504949696
v -0.0095575000 -0.0048981279 0.0506938651
v -0.0095575000 -0.0045184989 0.0508779984
v -0.0095575000 -0.0041319335 0.0510470856
v -0.0095575000 -0.0037390278 0.0512008659
v -0.0095575000 -0.0033403876 0.0513391023
v -0.0095575000 -0.0029366276 0.0514615815
v -0.0095575000 -0.0025283704 0.0515681148
v -0.0095575000 -0.0021162455 0.0516585378
v -0.0095575000 -0.0017008883 0.0517327112
v -0.0095575000 -0.0012829393 0.0517905206
v -0.0095575000 -0.0008630430 0.0518318768
v -0.0095575000 -0.0004418467 0.0518567160
v -0.0095575000 0.0000200000 0.0518650000
v -0.0095575000 0.0004418467 0.0518567160
v -0.0095575000 0.0008630430 0.0518318768
v -0.0095575000 0.0012829393 0.0517905206
v -0.0095575000 0.0017008883 0.0517327112
v -0.0095575000 0.0021162455 0.0516585378
v -0.0095575000 0.0025283704 0.0515681148
v -0.0095575000 0.0029366276 0.0514615815
v -0.0095575000 0.0033403876 0.0513391023
v -0.0095575000 0.0037390278 0.0512008659
v -0.0095575000 0.0041319335 0.0510470856
v -0.0095575000 0.0045184989 0.0508779984
v -0.0095575000 0.0048981279 0.0506938651
v -0.0095575000 0.0052702352 0.0504949696
v -0.0095575000 0.0056342471 0.0502816186
v -0.0095575000 0.0059896022 0.0500541410
v -0.0095575000 0.0063357525 0.0498128876
v -0.0095575000 0.0066721645 0.0495582304
v -0.0095575000 0.0069983193 0.0492905621
v -0.0095575000 0.0073137140 0.0490102954
v -0.0095575000 0.0076178624 0.0487178624
v -0.0095575000 0.0079102954 0.0484137140
v -0.0095575000 0.0081905621 0.0480983193
v -0.0095575000 0.0084582304 0.0477721645
v -0.0095575000 0.0087128876 0.0474357525
v -0.0095575000 0.0089541410 0.0470896022
v -0.0095575000 0.0091816186 0.0467342471
v -0.0095575000 0.0093949696 0.0463702352
v -0.0095575000 0.0095938651 0.0459981279
v -0.0095575000 0.0097779984 0.0456184989
v -0.0095575000 0.0099470856 0.0452319335
v -0.0095575000 0.0101008659 0.0448390278
v -0.0095575000 0.0102391023 0.0444403876
v -0.0095575000 0.0103615815 0.0440366276
v -0.0095575000 0.0104681148 0.0436283704
v -0.0095575000 0.0105585378 0.0432162455
v -0.0095575000 0.0106327112 0.0428008883
v -0.0095575000 0.0106905206 0.0423829393
v -0.0095575000 0.0107318768 0.0419630430
v -0.0095575000 0.0107567160 0.0415418467
v -0.0095575000 0.0107650000 0.0117800000
v -0.0095575000 0.0107567160 0.0113581533
v -0.0095575000 0.0107318768 0.0109369570
v -0.0095575000 0.0106905206 0.0105170607
v -0.0095575000 0.0106327112 0.0100991117
v -0.0095575000 0.0105585378 0.0096837545
v -0.0095575000 0.0104681148 0.0092716296
v -0.0095575000 0.0103615815 0.0088633724
v -0.0095575000 0.0102391023 0.0084596124
v -0.0095575000 0.0101008659 0.0080609722
v -0.0095575000 0.0099470856 0.0076680665
v -0.0095575000 0.0097779984 0.0072815011
v -0.0095575000 0.0095938651 0.0069018721
v -0.0095575000 0.0093949696 0.0065297648
v -0.0095575000 0.0091816186 0.0061657529
v -0.0095575000 0.0089541410 0.0058103978
v -0.0095575000 0.0087128876 0.0054642475
v -0.0095575000 0.0084582304 0.0051278355
v -0.0095575000 0.0081905621 0.0048016807
v -0.0095575000 0.0079102954 0.0044862860
v -0.0095575000 0.0076178624 0.0041821376
v -0.0095575000 0.0073137140 0.0038897046
v -0.0095575000 0.0069983193 0.0036094379
v -0.0095575000 0.0066721645 0.0033417696
v -0.0095575000 0.0063357525 0.0030871124
v -0.0095575000 0.0059896022 0.0028458590
v -0.0095575000 0.0056342471 0.0026183814
v -0.0095575000 0.0052702352 0.0024050304
v -0.0095575000 0.0048981279 0.0022061349
v -0.0095575000 0.0045184989 0.0020220016
v -0.0095575000 0.0041319335 0.0018529144
v -0.0095575000 0.0037390278 0.0016991341
v -0.0095575000 0.0033403876 0.0015608977
v -0.0095575000 0.0029366276 0.0014384185
v -0.0095575000 0.0025283704 0.0013318852
v -0.0095575000 0.0021162455 0.0012414622
v -0.0095575000 0.0017008883 0.0011672888
v -0.0095575000 0.0012829393 0.0011094794
v -0.0095575000 0.0008630430 0.0010681232
v -0.0095575000 0.0004418467 0.0010432840
v -0.0095575000 -0.0000200000 0.0010350000
v -0.0095575000 -0.0004418467 0.0010432840
v -0.0095575000 -0.0008630430 0.0010681232
v -0.0095575000 -0.0012829393 0.0011094794
v -0.0095575000 -0.0017008883 0.0011672888
v -0.0095575000 -0.0021162455 0.0012414622
v -0.0095575000 -0.0025283704 0.0013318852
v -0.0095575000 -0.0029366276 0.0014384185
v -0.0095575000 -0.0033403876 0.0015608977
v -0.0095575000 -0.0037390278 0.0016991341
v -0.0095575000 -0.0041319335 0.0018529144
v -0.0095575000 -0.0045184989 0.0020220016
v -0.0095575000 -0.0048981279 0.0022061349
v -0.0095575000 -0.0052702352 0.0024050304
v -0.0095575000 -0.0056342471 0.0026183814
v -0.0095575000 -0.0059896022 0.0028458590
v -0.0095575000 -0.0063357525 0.0030871124
v -0.0095575000 -0.0066721645 0.0033417696
v -0.0095575000 -0.0069983193 0.0036094379
v -0.0095575000 -0.0073137140 0.0038897046
v -0.0095575000 -0.0076178624 0.0041821376
v -0.0095575000 -0.0079102954 0.0044862860
v -0.0095575000 -0.0081905621 0.0048016807
v -0.0095575000 -0.0084582304 0.0051278355
v -0.0095575000 -0.0087128876 0.0054642475
v -0.0095575000 -0.0089541410 0.0058103978
v -0.0095575000 -0.0091816186 0.0061657529
v -0.0095575000 -0.0093949696 0.0065297648
v -0.0095575000 -0.0095938651 0.0069018721
v -0.0095575000 -0.0097779984 0.0072815011
v -0.0095575000 -0.0099470856 0.0076680665
v -0.0095575000 -0.0101008659 0.0080609722
v -0.0095575000 -0.0102391023 0.0084596124
v -0.0095575000 -0.0103615815 0.0088633724
v -0.0095575000 -0.0104681148 0.0092716296
v -0.0095575000 -0.0105585378 0.0096837545
v -0.0095575000 -0.0106327112 0.0100991117
v -0.0095575000 -0.0106905206 0.0105170607
v -0.0095575000 -0.0107318768 0.0109369570
v -0.0095575000 -0.0107567160 0.0113581533
v -0.0095575000 0.0000000000 0.0264500000
v -0.0096425000 -0.0107650000 0.0411200000
v -0.0096425000 -0.0107567160 0.0415418467
v -0.0096425000 -0.0107318768 0.0419630430
v -0.0096425000 -0.0106905206 0.0423829393
v -0.0096425000 -0.0106327112 0.0428008883
v -0.0096425000 -0.0105585378 0.0432162455
v -0.0096425000 -0.0104681148 0.0436283704
v -0.0096425000 -0.0103615815 0.0440366276
v -0.0096425000 -0.0102391023 0.0444403876
v -0.0096425000 -0.0101008659 0.0448390278
v -0.0096425000 -0.0099470856 0.0452319335
v -0.0096425000 -0.0097779984 0.0456184989
v -0.0096425000 -0.0095938651 0.0459981279
v -0.0096425000 -0.0093949696 0.0463702352
v -0.0096425000 -0.0091816186 0.0467342471
v -0.0096425000 -0.0089541410 0.0470896022
v -0.0096425000 -0.0087128876 0.0474357525
v -0.0096425000 -0.0084582304 0.0477721645
v -0.0096425000 -0.0081905621 0.0480983193
v -0.0096425000 -0.0079102954 0.0484137140
v -0.0096425000 -0.0076178624 0.0487178624
v -0.0096425000 -0.0073137140 0.0490102954
v -0.0096425000 -0.0069983193 0.0492905621
v -0.0096425000 -0.0066721645 0.0495582304
v -0.0096425000 -0.0063357525 0.0498128876
v -0.0096425000 -0.0059896022 0.0500541410
v -0.0096425000 -0.0056342471 0.0502816186
v -0.0096425000 -0.0052702352 0.0504949696
v -0.0096425000 -0.0048981279 0.0506938651
v -0.0096425000 -0.0045184989 0.0508779984
v -0.0096425000 -0.0041319335 0.0510470856
v -0.0096425000 -0.0037390278 0.0512008659
v -0.0096425000 -0.0033403876 0.0513391023
v -0.0096425000 -0.0029366276 0.0514615815
v -0.0096425000 -0.0025283704 0.0515681148
v -0.0096425000 -0.0021162455 0.0516585378
v -0.0096425000 -0.0017008883 0.0517327112
v -0.0096425000 -0.0012829393 0.0517905206
v -0.0096425000 -0.0008630430 0.0518318768
v -0.0096425000 -0.0004418467 0.0518567160
v -0.0096425000 0.0000200000 0.0518650000
v -0.0096425000 0.0004418467 0.0518567160
v -0.0096425000 0.0008630430 0.0518318768
v -0.0096425000 0.0012829393 0.0517905206
v -0.0096425000 0.0017008883 0.0517327112
v -0.0096425000 0.0021162455 0.0516585378
v -0.0096425000 0.0025283704 0.0515681148
v -0.0096425000 0.0029366276 0.0514615815
v -0.0096425000 0.0033403876 0.0513391023
v -0.0096425000 0.0037390278 0.0512008659
v -0.0096425000 0.0041319335 0.0510470856
v -0.0096425000 0.0045184989 0.0508779984
v -0.0096425000 0.0048981279 0.0506938651
v -0.0096425000 0.0052702352 0.0504949696
v -0.0096425000 0.0056342471 0.0502816186
v -0.0096425000 0.0059896022 0.0500541410
v -0.0096425000 0.0063357525 0.0498128876
v -0.0096425000 0.0066721645 0.0495582304
v -0.0096425000 0.0069983193 0.0492905621
v -0.0096425000 0.0073137140 0.0490102954
v -0.0096425000 0.0076178624 0.0487178624
v -0.0096425000 0.0079102954 0.0484137140
v -0.0096425000 0.0081905621 0.0480983193
v -0.0096425000 0.0084582304 0.0477721645
v -0.0096425000 0.0087128876 0.0474357525
v -0.0096425000 0.0089541410 0.0470896022
v -0.0096425000 0.0091816186 0.0467342471
v -0.0096425000 0.0093949696 0.0463702352
v -0.0096425000 0.0095938651 0.0459981279
v -0.0096425000 0.0097779984 0.0456184989
v -0.0096425000 0.0099470856 0.0452319335
v -0.0096425000 0.0101008659 0.0448390278
v -0.0096425000 0.0102391023 0.0444403876
v -0.0096425000 0.0103615815 0.0440366276
v -0.0096425000 0.0104681148 0.0436283704
v -0.0096425000 0.0105585378 0.0432162455
v -0.0096425000 0.0106327112 0.0428008883
v -0.0096425000 0.0106905206 0.0423829393
v -0.0096425000 0.0107318768 0.0419630430
v -0.0096425000 0.0107567160 0.0415418467
v -0.0096425000 0.0107650000 0.0117800000
v -0.0096425000 0.0107567160 0.0113581533
v -0.0096425000 0.0107318768 0.0109369570
v -0.0096425000 0.0106905206 0.0105170607
v -0.0096425000 0.0106327112 0.0100991117
v -0.0096425000 0.0105585378 0.0096837545
v -0.0096425000 0.0104681148 0.0092716296
v -0.0096425000 0.0103615815 0.0088633724
v -0.0096425000 0.0102391023 0.0084596124
v -0.0096425000 0.0101008659 0.0080609722
v -0.0096425000 0.0099470856 0.0076680665
v -0.0096425000 0.0097779984 0.0072815011
v -0.0096425000 0.0095938651 0.0069018721
v -0.0096425000 0.0093949696 0.0065297648
v -0.0096425000 0.0091816186 0.0061657529
v -0.0096425000 0.0089541410 0.0058103978
v -0.0096425000 0.0087128876 0.0054642475
v -0.0096425000 0.0084582304 0.0051278355
v -0.0096425000 0.0081905621 0.0048016807
v -0.0096425000 0.0079102954 0.0044862860
v -0.0096425000 0.0076178624 0.0041821376
v -0.0096425000 0.0073137140 0.0038897046
v -0.0096425000 0.0069983193 0.0036094379
v -0.0096425000 0.0066721645 0.0033417696
v -0.0096425000 0.0063357525 0.0030871124
v -0.0096425000 0.0059896022 0.0028458590
v -0.0096425000 0.0056342471 0.0026183814
v -0.0096425000 0.0052702352 0.0024050304
v -0.0096425000 0.0048981279 0.0022061349
v -0.0096425000 0.0045184989 0.0020220016
v -0.0096425000 0.0041319335 0.0018529144
v -0.0096425000 0.0037390278 0.0016991341
v -0.0096425000 0.0033403876 0.0015608977
v -0.0096425000 0.0029366276 0.0014384185
v -0.0096425000 0.0025283704 0.0013318852
v -0.0096425000 0.0021162455 0.0012414622
v -0.0096425000 0.0017008883 0.0011672888
v -0.0096425000 0.0012829393 0.0011094794
v -0.0096425000 0.0008630430 0.0010681232
v -0.0096425000 0.0004418467 0.0010432840
v -0.0096425000 -0.0000200000 0.0010350000
v -0.0096425000 -0.0004418467 0.0010432840
v -0.0096425000 -0.0008630430 0.0010681232
v -0.0096425000 -0.0012829393 0.0011094794
v -0.0096425000 -0.0017008883 0.0011672888
v -0.0096425000 -0.0021162455 0.0012414622
v -0.0096425000 -0.0025283704 0.0013318852
v -0.0096425000 -0.0029366276 0.0014384185
v -0.0096425000 -0.0033403876 0.0015608977
v -0.0096425000 -0.0037390278 0.0016991341
v -0.0096425000 -0.0041319335 0.0018529144
v -0.0096425000 -0.0045184989 0.0020220016
v -0.0096425000 -0.0048981279 0.0022061349
v -0.0096425000 -0.0052702352 0.0024050304
v -0.0096425000 -0.0056342471 0.0026183814
v -0.0096425000 -0.0059896022 0.0028458590
v -0.0096425000 -0.0063357525 0.0030871124
v -0.0096425000 -0.0066721645 0.0033417696
v -0.0096425000 -0.0069983193 0.0036094379
v -0.0096425000 -0.0073137140 0.0038897046
v -0.0096425000 -0.0076178624 0.0041821376
v -0.0096425000 -0.0079102954 0.0044862860
v -0.0096425000 -0.0081905621 0.0048016807
v -0.0096425000 -0.0084582304 0.0051278355
v -0.0096425000 -0.0087128876 0.0054642475
v -0.0096425000 -0.0089541410 0.0058103978
v -0.0096425000 -0.0091816186 0.0061657529
v -0.0096425000 -0.0093949696 0.0065297648
v -0.0096425000 -0.0095938651 0.0069018721
v -0.0096425000 -0.0097779984 0.0072815011
v -0.0096425000 -0.0099470856 0.0076680665
v -0.0096425000 -0.0101008659 0.0080609722
v -0.0096425000 -0.0102391023 0.0084596124
v -0.0096425000 -0.0103615815 0.0088633724
v -0.0096425000 -0.0104681148 0.0092716296
v -0.0096425000 -0.0105585378 0.0096837545
v -0.0096425000 -0.0106327112 0.0100991117
v -0.0096425000 -0.0106905206 0.0105170607
v -0.0096425000 -0.0107318768 0.0109369570
v -0.0096425000 -0.0107567160 0.0113581533
v -0.0096425000 0.0000000000 0.0264500000
vn 1.00000000 -0.00000000 0.00000000
vn 1.00000000 -0.00000000 0.00000000
vn 1.00000000 -0.00000000 0.00000000
vn 1.00000000 -0.00000000 0.00000000
vn 1.00000000 -0.00000000 0.00000000
vn 1.00000000 -0.00000000 0.00000000
vn 1.00000000 -0.00000000 0.00000000
vn 1.00000000 -0.00000000 0.00000000
vn 1.00000000 -0.00000000 0.00000000
vn 1.00000000 -0.00000000 0.00000000
vn 1.00000000 -0.00000000 0.00000000
vn 1.00000000 -0.00000000 0.00000000
vn 1.00000000 -0.00000000 0.00000000
vn 1.00000000 -0.00000000 0.00000000
vn 1.00000000 -0.00000000 0.00000000
vn 1.00000000 -0.00000000 0.00000000
vn 1.00000000 -0.00000000 0.00000000
vn 1.00000000 -0.00000000 0.00000000
vn 1.00000000 -0.00000000 0.00000000
vn 1.00000000 -0.00000000 0.00000000
vn 1.00000000 -0.00000000 0.00000000
vn 1.00000000 -0.00000000 0.00000000
vn 1.00000000 -0.00000000 0.00000000
vn 1.00000000 -0.00000000 0.00000000
vn 1.00000000 -0.00000000 0.00000000
vn 1.00000000 -0.00000000 0.00000000
vn 1.00000000 -0.00000000 0.00000000
vn 1.00000000 -0.00000000 0.00000000
vn 1.00000000 -0.00000000 0.00000000
vn 1.00000000 -0.00000000 0.00000000
vn 1.00000000 -0.00000000 0.00000000
vn 1.00000000 -0.00000000 0.00000000
vn 1.00000000 -0.00000000 0.00000000
vn 1.00000000 -0.00000000 0.00000000
vn 1.00000000 -0.00000000 0.00000000
vn 1.00000000 -0.00000000 0.00000000
vn 1.00000000 -0.00000000 0.00000000
vn 1.00000000 -0.00000000 0.00000000
vn 1.00000000 -0.00000000 0.00000000
vn 1.00000000 -0.00000000 0.00000000
vn 1.00000000 -0.00000000 0.00000000
vn 1.00000000 0.00000000 0.00000000
vn 1.00000000 0.00000000 0.00000000
vn 1.00000000 0.00000000 0.00000000
vn 1.00000000 0.00000000 0.00000000
vn 1.00000000 0.00000000 0.00000000
vn 1.00000000 0.00000000 0.00000000
vn 1.00000000 0.00000000 0.00000000
vn 1.00000000 0.00000000 0.00000000
vn 1.00000000 0.00000000 0.00000000
vn 1.00000000 0.00000000 0.00000000
vn 1.00000000 0.00000000 0.00000000
vn 1.00000000 0.00000000 0.00000000
vn 1.00000000 0.00000000 0.00000000
vn 1.00000000 0.00000000 0.00000000
vn 1.00000000 0.00000000 0.00000000
vn 1.00000000 0.00000000 0.00000000
vn 1.00000000 0.00000000 0.00000000
vn 1.00000000 0.00000000 0.00000000
vn 1.00000000 0.00000000 0.00000000
vn 1.00000000 0.00000000 0.00000000
vn 1.00000000 0.00000000 0.00000000
vn 1.00000000 0.00000000 0.00000000
vn 1.00000000 0.00000000 0.00000000
vn 1.00000000 0.00000000 0.00000000
vn 1.00000000 0.00000000 0.00000000
vn 1.00000000 0.00000000 0.00000000
vn 1.00000000 0.00000000 0.00000000
vn 1.00000000 0.00000000 0.00000000
vn 1.00000000 0.00000000 0.00000000
vn 1.00000000 0.00000000 0.00000000
vn 1.00000000 0.00000000 0.00000000
vn 1.00000000 0.00000000 0.00000000
vn 1.00000000 0.00000000 0.00000000
vn 1.00000000 0.00000000 0.00000000
vn 1.00000000 0.00000000 0.00000000
vn 1.00000000 0.00000000 0.00000000
vn 1.00000000 0.00000000 0.00000000
vn 1.00000000 0.00000000 0.00000000
vn 1.00000000 0.00000000 0.00000000
vn 1.00000000 0.00000000 0.00000000
vn 1.00000000 0.00000000 -0.00000000
vn 1.00000000 0.00000000 -0.00000000
vn 1.00000000 0.00000000 -0.00000000
vn 1.00000000 0.00000000 -0.00000000
vn 1.00000000 0.00000000 -0.00000000
vn 1.00000000 0.00000000 -0.00000000
vn 1.00000000 0.00000000 -0.00000000
vn 1.00000000 0.00000000 -0.00000000
vn 1.00000000 0.00000000 -0.00000000
vn 1.00000000 0.00000000 -0.00000000
vn 1.00000000 0.00000000 -0.00000000
vn 1.00000000 0.00000000 -0.00000000
vn 1.00000000 0.00000000 -0.00000000
vn 1.00000000 0.00000000 -0.00000000
vn 1.00000000 0.00000000 -0.00000000
vn 1.00000000 0.00000000 -0.00000000
vn 1.00000000 0.00000000 -0.00000000
vn 1.00000000 0.00000000 -0.00000000
vn 1.00000000 0.00000000 -0.00000000
vn 1.00000000 0.00000000 -0.00000000
vn 1.00000000 0.00000000 -0.00000000
vn 1.00000000 0.00000000 -0.00000000
vn 1.00000000 0.00000000 -0.00000000
vn 1.00000000 0.00000000 -0.00000000
vn 1.00000000 0.00000000 -0.00000000
vn 1.00000000 0.00000000 -0.00000000
vn 1.00000000 0.00000000 -0.00000000
vn 1.00000000 0.00000000 -0.00000000
vn 1.00000000 0.00000000 -0.00000000
vn 1.00000000 0.00000000 -0.00000000
vn 1.00000000 0.00000000 -0.00000000
vn 1.00000000 0.00000000 -0.00000000
vn 1.00000000 0.00000000 -0.00000000
vn 1.00000000 0.00000000 -0.00000000
vn 1.00000000 0.00000000 -0.00000000
vn 1.00000000 0.00000000 -0.00000000
vn 1.00000000 0.00000000 -0.00000000
vn 1.00000000 0.00000000 -0.00000000
vn 1.00000000 0.00000000 -0.00000000
vn 1.00000000 0.00000000 -0.00000000
vn 1.00000000 -0.00000000 -0.00000000
vn 1.00000000 -0.00000000 -0.00000000
vn 1.00000000 -0.00000000 -0.00000000
vn 1.00000000 -0.00000000 -0.00000000
vn 1.00000000 -0.00000000 -0.00000000
vn 1.00000000 -0.00000000 -0.00000000
vn 1.00000000 -0.00000000 -0.00000000
vn 1.00000000 -0.00000000 -0.00000000
vn 1.00000000 -0.00000000 -0.00000000
vn 1.00000000 -0.00000000 -0.00000000
vn 1.00000000 -0.00000000 -0.00000000
vn 1.00000000 -0.00000000 -0.00000000
vn 1.00000000 -0.00000000 -0.00000000
vn 1.00000000 -0.00000000 -0.00000000
vn 1.00000000 -0.00000000 -0.00000000
vn 1.00000000 -0.00000000 -0.00000000
vn 1.00000000 -0.00000000 -0.00000000
vn 1.00000000 -0.00000000 -0.00000000
vn 1.00000000 -0.00000000 -0.00000000
vn 1.00000000 -0.00000000 -0.00000000
vn 1.00000000 -0.00000000 -0.00000000
vn 1.00000000 -0.00000000 -0.00000000
vn 1.00000000 -0.00000000 -0.00000000
vn 1.00000000 -0.00000000 -0.00000000
vn 1.00000000 -0.00000000 -0.00000000
vn 1.00000000 -0.00000000 -0.00000000
vn 1.00000000 -0.00000000 -0.00000000
vn 1.00000000 -0.00000000 -0.00000000
vn 1.00000000 -0.00000000 -0.00000000
vn 1.00000000 -0.00000000 -0.00000000
vn 1.00000000 -0.00000000 -0.00000000
vn 1.00000000 -0.00000000 -0.00000000
vn 1.00000000 -0.00000000 -0.00000000
vn 1.00000000 -0.00000000 -0.00000000
vn 1.00000000 -0.00000000 -0.00000000
vn 1.00000000 -0.00000000 -0.00000000
vn 1.00000000 -0.00000000 -0.00000000
vn 1.00000000 -0.00000000 -0.00000000
vn 1.00000000 -0.00000000 -0.00000000
vn 0.96592583 -0.25881905 0.00000000
vn 0.96592583 -0.25861950 0.01016119
vn 0.96592583 -0.25802119 0.02030671
vn 0.96592583 -0.25702503 0.03042092
vn 0.96592583 -0.25563255 0.04048822
vn 0.96592583 -0.25384591 0.05049309
vn 0.96592583 -0.25166785 0.06042011
vn 0.96592583 -0.24910175 0.07025396
vn 0.96592583 -0.24615154 0.07997948
vn 0.96592583 -0.24282179 0.08958169
vn 0.96592583 -0.23911762 0.09904576
vn 0.96592583 -0.23504475 0.10835711
vn 0.96592583 -0.23060946 0.11750139
vn 0.96592583 -0.22581858 0.12646448
vn 0.96592583 -0.22067951 0.13523258
vn 0.96592583 -0.21520017 0.14379216
vn 0.96592583 -0.20938901 0.15213002
vn 0.96592583 -0.20325498 0.16023330
vn 0.96592583 -0.19680755 0.16808952
vn 0.96592583 -0.19005665 0.17568656
vn 0.96592583 -0.18301270 0.18301270
vn 0.96592583 -0.17568656 0.19005665
vn 0.96592583 -0.16808952 0.19680755
vn 0.96592583 -0.16023330 0.20325498
vn 0.96592583 -0.15213002 0.20938901
vn 0.96592583 -0.14379216 0.21520017
vn 0.96592583 -0.13523258 0.22067951
vn 0.96592583 -0.12646448 0.22581858
vn 0.96592583 -0.11750139 0.23060946
vn 0.96592583 -0.10835711 0.23504475
vn 0.96592583 -0.09904576 0.23911762
vn 0.96592583 -0.08958169 0.24282179
vn 0.96592583 -0.07997948 0.24615154
vn 0.96592583 -0.07025396 0.24910175
vn 0.96592583 -0.06042011 0.25166785
vn 0.96592583 -0.05049309 0.25384591
vn 0.96592583 -0.04048822 0.25563255
vn 0.96592583 -0.03042092 0.25702503
vn 0.96592583 -0.02030671 0.25802119
vn 0.96592583 -0.01016119 0.25861950
vn 0.96592583 -0.00000000 0.25881905
vn 0.96592583 0.01016119 0.25861950
vn 0.96592583 0.02030671 0.25802119
vn 0.96592583 0.03042092 0.25702503
vn 0.96592583 0.04048822 0.25563255
vn 0.96592583 0.05049309 0.25384591
vn 0.96592583 0.06042011 0.25166785
vn 0.96592583 0.07025396 0.24910175
vn 0.96592583 0.07997948 0.24615154
vn 0.96592583 0.08958169 0.24282179
vn 0.96592583 0.09904576 0.23911762
vn 0.96592583 0.10835711 0.23504475
vn 0.96592583 0.11750139 0.23060946
vn 0.96592583 0.12646448 0.22581858
vn 0.96592583 0.13523258 0.22067951
vn 0.96592583 0.14379216 0.21520017
vn 0.96592583 0.15213002 0.20938901
vn 0.96592583 0.16023330 0.20325498
vn 0.96592583 0.16808952 0.19680755
vn 0.96592583 0.17568656 0.19005665
vn 0.96592583 0.18301270 0.18301270
vn 0.96592583 0.19005665 0.17568656
vn 0.96592583 0.19680755 0.16808952
vn 0.96592583 0.20325498 0.16023330
vn 0.96592583 0.20938901 0.15213002
vn 0.96592583 0.21520017 0.14379216
vn 0.96592583 0.22067951 0.13523258
vn 0.96592583 0.22581858 0.12646448
vn 0.96592583 0.23060946 0.11750139
vn 0.96592583 0.23504475 0.10835711
vn 0.96592583 0.23911762 0.09904576
vn 0.96592583 0.24282179 0.08958169
vn 0.96592583 0.24615154 0.07997948
vn 0.96592583 0.24910175 0.07025396
vn 0.96592583 0.25166785 0.06042011
vn 0.96592583 0.25384591 0.05049309
vn 0.96592583 0.25563255 0.04048822
vn 0.96592583 0.25702503 0.03042092
vn 0.96592583 0.25802119 0.02030671
vn 0.96592583 0.25861950 0.01016119
vn 0.96592583 0.25881905 0.00000000
vn 0.96592583 0.25861950 -0.01016119
vn 0.96592583 0.25802119 -0.02030671
vn 0.96592583 0.25702503 -0.03042092
vn 0.96592583 0.25563255 -0.04048822
vn 0.96592583 0.25384591 -0.05049309
vn 0.96592583 0.25166785 -0.06042011
vn 0.96592583 0.24910175 -0.07025396
vn 0.96592583 0.24615154 -0.07997948
vn 0.96592583 0.24282179 -0.08958169
vn 0.96592583 0.23911762 -0.09904576
vn 0.96592583 0.23504475 -0.10835711
vn 0.96592583 0.23060946 -0.11750139
vn 0.96592583 0.22581858 -0.12646448
vn 0.96592583 0.22067951 -0.13523258
vn 0.96592583 0.21520017 -0.14379216
vn 0.96592583 0.20938901 -0.15213002
vn 0.96592583 0.20325498 -0.16023330
vn 0.96592583 0.19680755 -0.16808952
vn 0.96592583 0.19005665 -0.17568656
vn 0.96592583 0.18301270 -0.18301270
vn 0.96592583 0.17568656 -0.19005665
vn 0.96592583 0.16808952 -0.19680755
vn 0.96592583 0.16023330 -0.20325498
vn 0.96592583 0.15213002 -0.20938901
vn 0.96592583 0.14379216 -0.21520017
vn 0.96592583 0.13523258 -0.22067951
vn 0.96592583 0.12646448 -0.22581858
vn 0.96592583 0.11750139 -0.23060946
vn 0.96592583 0.10835711 -0.23504475
vn 0.96592583 0.09904576 -0.23911762
vn 0.96592583 0.08958169 -0.24282179
vn 0.96592583 0.07997948 -0.24615154
vn 0.96592583 0.07025396 -0.24910175
vn 0.96592583 0.06042011 -0.25166785
vn 0.96592583 0.05049309 -0.25384591
vn 0.96592583 0.04048822 -0.25563255
vn 0.96592583 0.03042092 -0.25702503
vn 0.96592583 0.02030671 -0.25802119
vn 0.96592583 0.01016119 -0.25861950
vn 0.96592583 0.00000000 -0.25881905
vn 0.96592583 -0.01016119 -0.25861950
vn 0.96592583 -0.02030671 -0.25802119
vn 0.96592583 -0.03042092 -0.25702503
vn 0.96592583 -0.04048822 -0.25563255
vn 0.96592583 -0.05049309 -0.25384591
vn 0.96592583 -0.06042011 -0.25166785
vn 0.96592583 -0.07025396 -0.24910175
vn 0.96592583 -0.07997948 -0.24615154
vn 0.96592583 -0.08958169 -0.24282179
vn 0.96592583 -0.09904576 -0.23911762
vn 0.96592583 -0.10835711 -0.23504475
vn 0.96592583 -0.11750139 -0.23060946
vn 0.96592583 -0.12646448 -0.22581858
vn 0.96592583 -0.13523258 -0.22067951
vn 0.96592583 -0.14379216 -0.21520017
vn 0.96592583 -0.15213002 -0.20938901
vn 0.96592583 -0.16023330 -0.20325498
vn 0.96592583 -0.16808952 -0.19680755
vn 0.96592583 -0.17568656 -0.19005665
vn 0.96592583 -0.18301270 -0.18301270
vn 0.96592583 -0.19005665 -0.17568656
vn 0.96592583 -0.19680755 -0.16808952
vn 0.96592583 -0.20325498 -0.16023330
vn 0.96592583 -0.20938901 -0.15213002
vn 0.96592583 -0.21520017 -0.14379216
vn 0.96592583 -0.22067951 -0.13523258
vn 0.96592583 -0.22581858 -0.12646448
vn 0.96592583 -0.23060946 -0.11750139
vn 0.96592583 -0.23504475 -0.10835711
vn 0.96592583 -0.23911762 -0.09904576
vn 0.96592583 -0.24282179 -0.08958169
vn 0.96592583 -0.24615154 -0.07997948
vn 0.96592583 -0.24910175 -0.07025396
vn 0.96592583 -0.25166785 -0.06042011
vn 0.96592583 -0.25384591 -0.05049309
vn 0.96592583 -0.25563255 -0.04048822
vn 0.96592583 -0.25702503 -0.03042092
vn 0.96592583 -0.25802119 -0.02030671
vn 0.96592583 -0.25861950 -0.01016119
vn 0.86602540 -0.50000000 0.00000000
vn 0.86602540 -0.49961452 0.01962991
vn 0.86602540 -0.49845867 0.03922955
vn 0.86602540 -0.49653423 0.05876870
vn 0.86602540 -0.49384417 0.07821723
vn 0.86602540 -0.49039264 0.09754516
vn 0.86602540 -0.48618496 0.11672268
vn 0.86602540 -0.48122762 0.13572022
vn 0.86602540 -0.47552826 0.15450850
vn 0.86602540 -0.46909567 0.17305853
vn 0.86602540 -0.46193977 0.19134172
vn 0.86602540 -0.45407159 0.20932987
vn 0.86602540 -0.44550326 0.22699525
vn 0.86602540 -0.43624800 0.24431062
vn 0.86602540 -0.42632008 0.26124928
vn 0.86602540 -0.41573481 0.27778512
vn 0.86602540 -0.40450850 0.29389263
vn 0.86602540 -0.39265847 0.30954697
vn 0.86602540 -0.38020298 0.32472402
vn 0.86602540 -0.36716125 0.33940037
vn 0.86602540 -0.35355339 0.35355339
vn 0.86602540 -0.33940037 0.36716125
vn 0.86602540 -0.32472402 0.38020298
vn 0.86602540 -0.30954697 0.39265847
vn 0.86602540 -0.29389263 0.40450850
vn 0.86602540 -0.27778512 0.41573481
vn 0.86602540 -0.26124928 0.42632008
vn 0.86602540 -0.24431062 0.43624800
vn 0.86602540 -0.22699525 0.44550326
vn 0.86602540 -0.20932987 0.45407159
vn 0.86602540 -0.19134172 0.46193977
vn 0.86602540 -0.17305853 0.46909567
vn 0.86602540 -0.15450850 0.47552826
vn 0.86602540 -0.13572022 0.48122762
vn 0.86602540 -0.11672268 0.48618496
vn 0.86602540 -0.09754516 0.49039264
vn 0.86602540 -0.07821723 0.49384417
vn 0.86602540 -0.05876870 0.49653423
vn 0.86602540 -0.03922955 0.49845867
vn 0.86602540 -0.01962991 0.49961452
vn 0.86602540 -0.00000000 0.50000000
vn 0.86602540 0.01962991 0.49961452
vn 0.86602540 0.03922955 0.49845867
vn 0.86602540 0.05876870 0.49653423
vn 0.86602540 0.07821723 0.49384417
vn 0.86602540 0.09754516 0.49039264
vn 0.86602540 0.11672268 0.48618496
vn 0.86602540 0.13572022 0.48122762
vn 0.86602540 0.15450850 0.47552826
vn 0.86602540 0.17305853 0.46909567
vn 0.86602540 0.19134172 0.46193977
vn 0.86602540 0.20932987 0.45407159
vn 0.86602540 0.22699525 0.44550326
vn 0.86602540 0.24431062 0.43624800
vn 0.86602540 0.26124928 0.42632008
vn 0.86602540 0.27778512 0.41573481
vn 0.86602540 0.29389263 0.40450850
vn 0.86602540 0.30954697 0.39265847
vn 0.86602540 0.32472402 0.38020298
vn 0.86602540 0.33940037 0.36716125
vn 0.86602540 0.35355339 0.35355339
vn 0.86602540 0.36716125 0.33940037
vn 0.86602540 0.38020298 0.32472402
vn 0.86602540 0.39265847 0.30954697
vn 0.86602540 0.40450850 0.29389263
vn 0.86602540 0.41573481 0.27778512
vn 0.86602540 0.42632008 0.26124928
vn 0.86602540 0.43624800 0.24431062
vn 0.86602540 0.44550326 0.22699525
vn 0.86602540 0.45407159 0.20932987
vn 0.86602540 0.46193977 0.19134172
vn 0.86602540 0.46909567 0.17305853
vn 0.86602540 0.47552826 0.15450850
vn 0.86602540 0.48122762 0.13572022
vn 0.86602540 0.48618496 0.11672268
vn 0.86602540 0.49039264 0.09754516
vn 0.86602540 0.49384417 0.07821723
vn 0.86602540 0.49653423 0.05876870
vn 0.86602540 0.49845867 0.03922955
vn 0.86602540 0.49961452 0.01962991
vn 0.86602540 0.50000000 0.00000000
vn 0.86602540 0.49961452 -0.01962991
vn 0.86602540 0.49845867 -0.03922955
vn 0.86602540 0.49653423 -0.05876870
vn 0.86602540 0.49384417 -0.07821723
vn 0.86602540 0.49039264 -0.09754516
vn 0.86602540 0.48618496 -0.11672268
vn 0.86602540 0.48122762 -0.13572022
vn 0.86602540 0.47552826 -0.15450850
vn 0.86602540 0.46909567 -0.17305853
vn 0.86602540 0.46193977 -0.19134172
vn 0.86602540 0.45407159 -0.20932987
vn 0.86602540 0.44550326 -0.22699525
vn 0.86602540 0.43624800 -0.24431062
vn 0.86602540 0.42632008 -0.26124928
vn 0.86602540 0.41573481 -0.27778512
vn 0.86602540 0.40450850 -0.29389263
vn 0.86602540 0.39265847 -0.30954697
vn 0.86602540 0.38020298 -0.32472402
vn 0.86602540 0.36716125 -0.33940037
vn 0.86602540 0.35355339 -0.35355339
vn 0.86602540 0.33940037 -0.36716125
vn 0.86602540 0.32472402 -0.38020298
vn 0.86602540 0.30954697 -0.39265847
vn 0.86602540 0.29389263 -0.40450850
vn 0.86602540 0.27778512 -0.41573481
vn 0.86602540 0.26124928 -0.42632008
vn 0.86602540 0.24431062 -0.43624800
vn 0.86602540 0.22699525 -0.44550326
vn 0.86602540 0.20932987 -0.45407159
vn 0.86602540 0.19134172 -0.46193977
vn 0.86602540 0.17305853 -0.46909567
vn 0.86602540 0.15450850 -0.47552826
vn 0.86602540 0.13572022 -0.48122762
vn 0.86602540 0.11672268 -0.48618496
vn 0.86602540 0.09754516 -0.49039264
vn 0.86602540 0.07821723 -0.49384417
vn 0.86602540 0.05876870 -0.49653423
vn 0.86602540 0.03922955 -0.49845867
vn 0.86602540 0.01962991 -0.49961452
vn 0.86602540 0.00000000 -0.50000000
vn 0.86602540 -0.01962991 -0.49961452
vn 0.86602540 -0.03922955 -0.49845867
vn 0.86602540 -0.05876870 -0.49653423
vn 0.86602540 -0.07821723 -0.49384417
vn 0.86602540 -0.09754516 -0.49039264
vn 0.86602540 -0.11672268 -0.48618496
vn 0.86602540 -0.13572022 -0.48122762
vn 0.86602540 -0.15450850 -0.47552826
vn 0.86602540 -0.17305853 -0.46909567
vn 0.86602540 -0.19134172 -0.46193977
vn 0.86602540 -0.20932987 -0.45407159
vn 0.86602540 -0.22699525 -0.44550326
vn 0.86602540 -0.24431062 -0.43624800
vn 0.86602540 -0.26124928 -0.42632008
vn 0.86602540 -0.27778512 -0.41573481
vn 0.86602540 -0.29389263 -0.40450850
vn 0.86602540 -0.30954697 -0.39265847
vn 0.86602540 -0.32472402 -0.38020298
vn 0.86602540 -0.33940037 -0.36716125
vn 0.86602540 -0.35355339 -0.35355339
vn 0.86602540 -0.36716125 -0.33940037
vn 0.86602540 -0.38020298 -0.32472402
vn 0.86602540 -0.39265847 -0.30954697
vn 0.86602540 -0.40450850 -0.29389263
vn 0.86602540 -0.41573481 -0.27778512
vn 0.86602540 -0.42632008 -0.26124928
vn 0.86602540 -0.43624800 -0.24431062
vn 0.86602540 -0.44550326 -0.22699525
vn 0.86602540 -0.45407159 -0.20932987
vn 0.86602540 -0.46193977 -0.19134172
vn 0.86602540 -0.46909567 -0.17305853
vn 0.86602540 -0.47552826 -0.15450850
vn 0.86602540 -0.48122762 -0.13572022
vn 0.86602540 -0.48618496 -0.11672268
vn 0.86602540 -0.49039264 -0.09754516
vn 0.86602540 -0.49384417 -0.07821723
vn 0.86602540 -0.49653423 -0.05876870
vn 0.86602540 -0.49845867 -0.03922955
vn 0.86602540 -0.49961452 -0.01962991
vn 0.70710678 -0.70710678 0.00000000
vn 0.70710678 -0.70656163 0.02776088
vn 0.70710678 -0.70492701 0.05547896
vn 0.70710678 -0.70220544 0.08311149
vn 0.70710678 -0.69840112 0.11061587
vn 0.70710678 -0.69351992 0.13794969
vn 0.70710678 -0.68756936 0.16507080
vn 0.70710678 -0.68055862 0.19193738
vn 0.70710678 -0.67249851 0.21850801
vn 0.70710678 -0.66340146 0.24474172
vn 0.70710678 -0.65328148 0.27059805
vn 0.70710678 -0.64215420 0.29603714
vn 0.70710678 -0.63003676 0.32101976
vn 0.70710678 -0.61694784 0.34550739
vn 0.70710678 -0.60290764 0.36946228
vn 0.70710678 -0.58793780 0.39284748
vn 0.70710678 -0.57206140 0.41562694
vn 0.70710678 -0.55530293 0.43776553
vn 0.70710678 -0.53768821 0.45922912
vn 0.70710678 -0.51924443 0.47998461
vn 0.70710678 -0.50000000 0.50000000
vn 0.70710678 -0.47998461 0.51924443
vn 0.70710678 -0.45922912 0.53768821
vn 0.70710678 -0.43776553 0.55530293
vn 0.70710678 -0.41562694 0.57206140
vn 0.70710678 -0.39284748 0.58793780
vn 0.70710678 -0.36946228 0.60290764
vn 0.70710678 -0.34550739 0.61694784
vn 0.70710678 -0.32101976 0.63003676
vn 0.70710678 -0.29603714 0.64215420
vn 0.70710678 -0.27059805 0.65328148
vn 0.70710678 -0.24474172 0.66340146
vn 0.70710678 -0.21850801 0.67249851
vn 0.70710678 -0.19193738 0.68055862
vn 0.70710678 -0.16507080 0.68756936
vn 0.70710678 -0.13794969 0.69351992
vn 0.70710678 -0.11061587 0.69840112
vn 0.70710678 -0.08311149 0.70220544
vn 0.70710678 -0.05547896 0.70492701
vn 0.70710678 -0.02776088 0.70656163
vn 0.70710678 -0.00000000 0.70710678
vn 0.70710678 0.02776088 0.70656163
vn 0.70710678 0.05547896 0.70492701
vn 0.70710678 0.08311149 0.70220544
vn 0.70710678 0.11061587 0.69840112
vn 0.70710678 0.13794969 0.69351992
vn 0.70710678 0.16507080 0.68756936
vn 0.70710678 0.19193738 0.68055862
vn 0.70710678 0.21850801 0.67249851
vn 0.70710678 0.24474172 0.66340146
vn 0.70710678 0.27059805 0.65328148
vn 0.70710678 0.29603714 0.64215420
vn 0.70710678 0.32101976 0.63003676
vn 0.70710678 0.34550739 0.61694784
vn 0.70710678 0.36946228 0.60290764
vn 0.70710678 0.39284748 0.58793780
vn 0.70710678 0.41562694 0.57206140
vn 0.70710678 0.43776553 0.55530293
vn 0.70710678 0.45922912 0.53768821
vn 0.70710678 0.47998461 0.51924443
vn 0.70710678 0.50000000 0.50000000
vn 0.70710678 0.51924443 0.47998461
vn 0.70710678 0.53768821 0.45922912
vn 0.70710678 0.55530293 0.43776553
vn 0.70710678 0.57206140 0.41562694
vn 0.70710678 0.58793780 0.39284748
vn 0.70710678 0.60290764 0.36946228
vn 0.70710678 0.61694784 0.34550739
vn 0.70710678 0.63003676 0.32101976
vn 0.70710678 0.64215420 0.29603714
vn 0.70710678 0.65328148 0.27059805
vn 0.70710678 0.66340146 0.24474172
vn 0.70710678 0.67249851 0.21850801
vn 0.70710678 0.68055862 0.19193738
vn 0.70710678 0.68756936 0.16507080
vn 0.70710678 0.69351992 0.13794969
vn 0.70710678 0.69840112 0.11061587
vn 0.70710678 0.70220544 0.08311149
vn 0.70710678 0.70492701 0.05547896
vn 0.70710678 0.70656163 0.02776088
vn 0.70710678 0.70710678 0.00000000
vn 0.70710678 0.70656163 -0.02776088
vn 0.70710678 0.70492701 -0.05547896
vn 0.70710678 0.70220544 -0.08311149
vn 0.70710678 0.69840112 -0.11061587
vn 0.70710678 0.69351992 -0.13794969
vn 0.70710678 0.68756936 -0.16507080
vn 0.70710678 0.68055862 -0.19193738
vn 0.70710678 0.67249851 -0.21850801
vn 0.70710678 0.66340146 -0.24474172
vn 0.70710678 0.65328148 -0.27059805
vn 0.70710678 0.64215420 -0.29603714
vn 0.70710678 0.63003676 -0.32101976
vn 0.70710678 0.61694784 -0.34550739
vn 0.70710678 0.60290764 -0.36946228
vn 0.70710678 0.58793780 -0.39284748
vn 0.70710678 0.57206140 -0.41562694
vn 0.70710678 0.55530293 -0.43776553
vn 0.70710678 0.53768821 -0.45922912
vn 0.70710678 0.51924443 -0.47998461
vn 0.70710678 0.50000000 -0.50000000
vn 0.70710678 0.47998461 -0.51924443
vn 0.70710678 0.45922912 -0.53768821
vn 0.70710678 0.43776553 -0.55530293
vn 0.70710678 0.41562694 -0.57206140
vn 0.70710678 0.39284748 -0.58793780
vn 0.70710678 0.36946228 -0.60290764
vn 0.70710678 0.34550739 -0.61694784
vn 0.70710678 0.32101976 -0.63003676
vn 0.70710678 0.29603714 -0.64215420
vn 0.70710678 0.27059805 -0.65328148
vn 0.70710678 0.24474172 -0.66340146
vn 0.70710678 0.21850801 -0.67249851
vn 0.70710678 0.19193738 -0.68055862
vn 0.70710678 0.16507080 -0.68756936
vn 0.70710678 0.13794969 -0.69351992
vn 0.70710678 0.11061587 -0.69840112
vn 0.70710678 0.08311149 -0.70220544
vn 0.70710678 0.05547896 -0.70492701
vn 0.70710678 0.02776088 -0.70656163
vn 0.70710678 0.00000000 -0.70710678
vn 0.70710678 -0.02776088 -0.70656163
vn 0.70710678 -0.05547896 -0.70492701
vn 0.70710678 -0.08311149 -0.70220544
vn 0.70710678 -0.11061587 -0.69840112
vn 0.70710678 -0.13794969 -0.69351992
vn 0.70710678 -0.16507080 -0.68756936
vn 0.70710678 -0.19193738 -0.68055862
vn 0.70710678 -0.21850801 -0.67249851
vn 0.70710678 -0.24474172 -0.66340146
vn 0.70710678 -0.27059805 -0.65328148
vn 0.70710678 -0.29603714 -0.64215420
vn 0.70710678 -0.32101976 -0.63003676
vn 0.70710678 -0.34550739 -0.61694784
vn 0.70710678 -0.36946228 -0.60290764
vn 0.70710678 -0.39284748 -0.58793780
vn 0.70710678 -0.41562694 -0.57206140
vn 0.70710678 -0.43776553 -0.55530293
vn 0.70710678 -0.45922912 -0.53768821
vn 0.70710678 -0.47998461 -0.51924443
vn 0.70710678 -0.50000000 -0.50000000
vn 0.70710678 -0.51924443 -0.47998461
vn 0.70710678 -0.53768821 -0.45922912
vn 0.70710678 -0.55530293 -0.43776553
vn 0.70710678 -0.57206140 -0.41562694
vn 0.70710678 -0.58793780 -0.39284748
vn 0.70710678 -0.60290764 -0.36946228
vn 0.70710678 -0.61694784 -0.34550739
vn 0.70710678 -0.63003676 -0.32101976
vn 0.70710678 -0.64215420 -0.29603714
vn 0.70710678 -0.65328148 -0.27059805
vn 0.70710678 -0.66340146 -0.24474172
vn 0.70710678 -0.67249851 -0.21850801
vn 0.70710678 -0.68055862 -0.19193738
vn 0.70710678 -0.68756936 -0.16507080
vn 0.70710678 -0.69351992 -0.13794969
vn 0.70710678 -0.69840112 -0.11061587
vn 0.70710678 -0.70220544 -0.08311149
vn 0.70710678 -0.70492701 -0.05547896
vn 0.70710678 -0.70656163 -0.02776088
vn 0.50000000 -0.86602540 0.00000000
vn 0.50000000 -0.86535773 0.03400000
vn 0.50000000 -0.86335574 0.06794757
vn 0.50000000 -0.86002251 0.10179037
vn 0.50000000 -0.85536319 0.13547622
vn 0.50000000 -0.84938497 0.16895317
vn 0.50000000 -0.84209705 0.20216962
vn 0.50000000 -0.83351068 0.23507433
vn 0.50000000 -0.82363910 0.26761657
vn 0.50000000 -0.81249753 0.29974616
vn 0.50000000 -0.80010315 0.33141357
vn 0.50000000 -0.78647506 0.36256997
vn 0.50000000 -0.77163428 0.39316731
vn 0.50000000 -0.75560371 0.42315841
vn 0.50000000 -0.73840804 0.45249703
vn 0.50000000 -0.72007381 0.48113794
vn 0.50000000 -0.70062927 0.50903696
vn 0.50000000 -0.68010441 0.53615109
vn 0.50000000 -0.65853088 0.56243851
vn 0.50000000 -0.63594195 0.58785869
vn 0.50000000 -0.61237244 0.61237244
vn 0.50000000 -0.58785869 0.63594195
vn 0.50000000 -0.56243851 0.65853088
vn 0.50000000 -0.53615109 0.68010441
vn 0.50000000 -0.50903696 0.70062927
vn 0.50000000 -0.48113794 0.72007381
vn 0.50000000 -0.45249703 0.73840804
vn 0.50000000 -0.42315841 0.75560371
vn 0.50000000 -0.39316731 0.77163428
vn 0.50000000 -0.36256997 0.78647506
vn 0.50000000 -0.33141357 0.80010315
vn 0.50000000 -0.29974616 0.81249753
vn 0.50000000 -0.26761657 0.82363910
vn 0.50000000 -0.23507433 0.83351068
vn 0.50000000 -0.20216962 0.84209705
vn 0.50000000 -0.16895317 0.84938497
vn 0.50000000 -0.13547622 0.85536319
vn 0.50000000 -0.10179037 0.86002251
vn 0.50000000 -0.06794757 0.86335574
vn 0.50000000 -0.03400000 0.86535773
vn 0.50000000 -0.00000000 0.86602540
vn 0.50000000 0.03400000 0.86535773
vn 0.50000000 0.06794757 0.86335574
vn 0.50000000 0.10179037 0.86002251
vn 0.50000000 0.13547622 0.85536319
vn 0.50000000 0.16895317 0.84938497
vn 0.50000000 0.20216962 0.84209705
vn 0.50000000 0.23507433 0.83351068
vn 0.50000000 0.26761657 0.82363910
vn 0.50000000 0.29974616 0.81249753
vn 0.50000000 0.33141357 0.80010315
vn 0.50000000 0.36256997 0.78647506
vn 0.50000000 0.39316731 0.77163428
vn 0.50000000 0.42315841 0.75560371
vn 0.50000000 0.45249703 0.73840804
vn 0.50000000 0.48113794 0.72007381
vn 0.50000000 0.50903696 0.70062927
vn 0.50000000 0.53615109 0.68010441
vn 0.50000000 0.56243851 0.65853088
vn 0.50000000 0.58785869 0.63594195
vn 0.50000000 0.61237244 0.61237244
vn 0.50000000 0.63594195 0.58785869
vn 0.50000000 0.65853088 0.56243851
vn 0.50000000 0.68010441 0.53615109
vn 0.50000000 0.70062927 0.50903696
vn 0.50000000 0.72007381 0.48113794
vn 0.50000000 0.73840804 0.45249703
vn 0.50000000 0.75560371 0.42315841
vn 0.50000000 0.77163428 0.39316731
vn 0.50000000 0.78647506 0.36256997
vn 0.50000000 0.80010315 0.33141357
vn 0.50000000 0.81249753 0.29974616
vn 0.50000000 0.82363910 0.26761657
vn 0.50000000 0.83351068 0.23507433
vn 0.50000000 0.84209705 0.20216962
vn 0.50000000 0.84938497 0.16895317
vn 0.50000000 0.85536319 0.13547622
vn 0.50000000 0.86002251 0.10179037
vn 0.50000000 0.86335574 0.06794757
vn 0.50000000 0.86535773 0.03400000
vn 0.50000000 0.86602540 0.00000000
vn 0.50000000 0.86535773 -0.03400000
vn 0.50000000 0.86335574 -0.06794757
vn 0.50000000 0.86002251 -0.10179037
vn 0.50000000 0.85536319 -0.13547622
vn 0.50000000 0.84938497 -0.16895317
vn 0.50000000 0.84209705 -0.20216962
vn 0.50000000 0.83351068 -0.23507433
vn 0.50000000 0.82363910 -0.26761657
vn 0.50000000 0.81249753 -0.29974616
vn 0.50000000 0.80010315 -0.33141357
vn 0.50000000 0.78647506 -0.36256997
vn 0.50000000 0.77163428 -0.39316731
vn 0.50000000 0.75560371 -0.42315841
vn 0.50000000 0.73840804 -0.45249703
vn 0.50000000 0.72007381 -0.48113794
vn 0.50000000 0.70062927 -0.50903696
vn 0.50000000 0.68010441 -0.53615109
vn 0.50000000 0.65853088 -0.56243851
vn 0.50000000 0.63594195 -0.58785869
vn 0.50000000 0.61237244 -0.61237244
vn 0.50000000 0.58785869 -0.63594195
vn 0.50000000 0.56243851 -0.65853088
vn 0.50000000 0.53615109 -0.68010441
vn 0.50000000 0.50903696 -0.70062927
vn 0.50000000 0.48113794 -0.72007381
vn 0.50000000 0.45249703 -0.73840804
vn 0.50000000 0.42315841 -0.75560371
vn 0.50000000 0.39316731 -0.77163428
vn 0.50000000 0.36256997 -0.78647506
vn 0.50000000 0.33141357 -0.80010315
vn 0.50000000 0.29974616 -0.81249753
vn 0.50000000 0.26761657 -0.82363910
vn 0.50000000 0.23507433 -0.83351068
vn 0.50000000 0.20216962 -0.84209705
vn 0.50000000 0.16895317 -0.84938497
vn 0.50000000 0.13547622 -0.85536319
vn 0.50000000 0.10179037 -0.86002251
vn 0.50000000 0.06794757 -0.86335574
vn 0.50000000 0.03400000 -0.86535773
vn 0.50000000 0.00000000 -0.86602540
vn 0.50000000 -0.03400000 -0.86535773
vn 0.50000000 -0.06794757 -0.86335574
vn 0.50000000 -0.10179037 -0.86002251
vn 0.50000000 -0.13547622 -0.85536319
vn 0.50000000 -0.16895317 -0.84938497
vn 0.50000000 -0.20216962 -0.84209705
vn 0.50000000 -0.23507433 -0.83351068
vn 0.50000000 -0.26761657 -0.82363910
vn 0.50000000 -0.29974616 -0.81249753
vn 0.50000000 -0.33141357 -0.80010315
vn 0.50000000 -0.36256997 -0.78647506
vn 0.50000000 -0.39316731 -0.77163428
vn 0.50000000 -0.42315841 -0.75560371
vn 0.50000000 -0.45249703 -0.73840804
vn 0.50000000 -0.48113794 -0.72007381
vn 0.50000000 -0.50903696 -0.70062927
vn 0.50000000 -0.53615109 -0.68010441
vn 0.50000000 -0.56243851 -0.65853088
vn 0.50000000 -0.58785869 -0.63594195
vn 0.50000000 -0.61237244 -0.61237244
vn 0.50000000 -0.63594195 -0.58785869
vn 0.50000000 -0.65853088 -0.56243851
vn 0.50000000 -0.68010441 -0.53615109
vn 0.50000000 -0.70062927 -0.50903696
vn 0.50000000 -0.72007381 -0.48113794
vn 0.50000000 -0.73840804 -0.45249703
vn 0.50000000 -0.75560371 -0.42315841
vn 0.50000000 -0.77163428 -0.39316731
vn 0.50000000 -0.78647506 -0.36256997
vn 0.50000000 -0.80010315 -0.33141357
vn 0.50000000 -0.81249753 -0.29974616
vn 0.50000000 -0.82363910 -0.26761657
vn 0.50000000 -0.83351068 -0.23507433
vn 0.50000000 -0.84209705 -0.20216962
vn 0.50000000 -0.84938497 -0.16895317
vn 0.50000000 -0.85536319 -0.13547622
vn 0.50000000 -0.86002251 -0.10179037
vn 0.50000000 -0.86335574 -0.06794757
vn 0.50000000 -0.86535773 -0.03400000
vn 0.25881905 -0.96592583 0.00000000
vn 0.25881905 -0.96518113 0.03792207
vn 0.25881905 -0.96294820 0.07578567
vn 0.25881905 -0.95923047 0.11353241
vn 0.25881905 -0.95403368 0.15110409
vn 0.25881905 -0.94736583 0.18844278
vn 0.25881905 -0.93923722 0.22549091
vn 0.25881905 -0.92966037 0.26219134
vn 0.25881905 -0.91865005 0.29848750
vn 0.25881905 -0.90622324 0.33432340
vn 0.25881905 -0.89239910 0.36964381
vn 0.25881905 -0.87719895 0.40439425
vn 0.25881905 -0.86064621 0.43852115
vn 0.25881905 -0.84276643 0.47197188
vn 0.25881905 -0.82358716 0.50469486
vn 0.25881905 -0.80313797 0.53663964
vn 0.25881905 -0.78145041 0.56775696
vn 0.25881905 -0.75855791 0.59799883
vn 0.25881905 -0.73449576 0.62731864
vn 0.25881905 -0.70930108 0.65567117
vn 0.25881905 -0.68301270 0.68301270
vn 0.25881905 -0.65567117 0.70930108
vn 0.25881905 -0.62731864 0.73449576
vn 0.25881905 -0.59799883 0.75855791
vn 0.25881905 -0.56775696 0.78145041
vn 0.25881905 -0.53663964 0.80313797
vn 0.25881905 -0.50469486 0.82358716
vn 0.25881905 -0.47197188 0.84276643
vn 0.25881905 -0.43852115 0.86064621
vn 0.25881905 -0.40439425 0.87719895
vn 0.25881905 -0.36964381 0.89239910
vn 0.25881905 -0.33432340 0.90622324
vn 0.25881905 -0.29848750 0.91865005
vn 0.25881905 -0.26219134 0.92966037
vn 0.25881905 -0.22549091 0.93923722
vn 0.25881905 -0.18844278 0.94736583
vn 0.25881905 -0.15110409 0.95403368
vn 0.25881905 -0.11353241 0.95923047
vn 0.25881905 -0.07578567 0.96294820
vn 0.25881905 -0.03792207 0.96518113
vn 0.25881905 -0.00000000 0.96592583
vn 0.25881905 0.03792207 0.96518113
vn 0.25881905 0.07578567 0.96294820
vn 0.25881905 0.11353241 0.95923047
vn 0.25881905 0.15110409 0.95403368
vn 0.25881905 0.18844278 0.94736583
vn 0.25881905 0.22549091 0.93923722
vn 0.25881905 0.26219134 0.92966037
vn 0.25881905 0.29848750 0.91865005
vn 0.25881905 0.33432340 0.90622324
vn 0.25881905 0.36964381 0.89239910
vn 0.25881905 0.40439425 0.87719895
vn 0.25881905 0.43852115 0.86064621
vn 0.25881905 0.47197188 0.84276643
vn 0.25881905 0.50469486 0.82358716
vn 0.25881905 0.53663964 0.80313797
vn 0.25881905 0.56775696 0.78145041
vn 0.25881905 0.59799883 0.75855791
vn 0.25881905 0.62731864 0.73449576
vn 0.25881905 0.65567117 0.70930108
vn 0.25881905 0.68301270 0.68301270
vn 0.25881905 0.70930108 0.65567117
vn 0.25881905 0.73449576 0.62731864
vn 0.25881905 0.75855791 0.59799883
vn 0.25881905 0.78145041 0.56775696
vn 0.25881905 0.80313797 0.53663964
vn 0.25881905 0.82358716 0.50469486
vn 0.25881905 0.84276643 0.47197188
vn 0.25881905 0.86064621 0.43852115
vn 0.25881905 0.87719895 0.40439425
vn 0.25881905 0.89239910 0.36964381
vn 0.25881905 0.90622324 0.33432340
vn 0.25881905 0.91865005 0.29848750
vn 0.25881905 0.92966037 0.26219134
vn 0.25881905 0.93923722 0.22549091
vn 0.25881905 0.94736583 0.18844278
vn 0.25881905 0.95403368 0.15110409
vn 0.25881905 0.95923047 0.11353241
vn 0.25881905 0.96294820 0.07578567
vn 0.25881905 0.96518113 0.03792207
vn 0.25881905 0.96592583 0.00000000
vn 0.25881905 0.96518113 -0.03792207
vn 0.25881905 0.96294820 -0.07578567
vn 0.25881905 0.95923047 -0.11353241
vn 0.25881905 0.95403368 -0.15110409
vn 0.25881905 0.94736583 -0.18844278
vn 0.25881905 0.93923722 -0.22549091
vn 0.25881905 0.92966037 -0.26219134
vn 0.25881905 0.91865005 -0.29848750
vn 0.25881905 0.90622324 -0.33432340
vn 0.25881905 0.89239910 -0.36964381
vn 0.25881905 0.87719895 -0.40439425
vn 0.25881905 0.86064621 -0.43852115
vn 0.25881905 0.84276643 -0.47197188
vn 0.25881905 0.82358716 -0.50469486
vn 0.25881905 0.80313797 -0.53663964
vn 0.25881905 0.78145041 -0.56775696
vn 0.25881905 0.75855791 -0.59799883
vn 0.25881905 0.73449576 -0.62731864
vn 0.25881905 0.70930108 -0.65567117
vn 0.25881905 0.68301270 -0.68301270
vn 0.25881905 0.65567117 -0.70930108
vn 0.25881905 0.62731864 -0.73449576
vn 0.25881905 0.59799883 -0.75855791
vn 0.25881905 0.56775696 -0.78145041
vn 0.25881905 0.53663964 -0.80313797
vn 0.25881905 0.50469486 -0.82358716
vn 0.25881905 0.47197188 -0.84276643
vn 0.25881905 0.43852115 -0.86064621
vn 0.25881905 0.40439425 -0.87719895
vn 0.25881905 0.36964381 -0.89239910
vn 0.25881905 0.33432340 -0.90622324
vn 0.25881905 0.29848750 -0.91865005
vn 0.25881905 0.26219134 -0.92966037
vn 0.25881905 0.22549091 -0.93923722
vn 0.25881905 0.18844278 -0.94736583
vn 0.25881905 0.15110409 -0.95403368
vn 0.25881905 0.11353241 -0.95923047
vn 0.25881905 0.07578567 -0.96294820
vn 0.25881905 0.03792207 -0.96518113
vn 0.25881905 0.00000000 -0.96592583
vn 0.25881905 -0.03792207 -0.96518113
vn 0.25881905 -0.07578567 -0.96294820
vn 0.25881905 -0.11353241 -0.95923047
vn 0.25881905 -0.15110409 -0.95403368
vn 0.25881905 -0.18844278 -0.94736583
vn 0.25881905 -0.22549091 -0.93923722
vn 0.25881905 -0.26219134 -0.92966037
vn 0.25881905 -0.29848750 -0.91865005
vn 0.25881905 -0.33432340 -0.90622324
vn 0.25881905 -0.36964381 -0.89239910
vn 0.25881905 -0.40439425 -0.87719895
vn 0.25881905 -0.43852115 -0.86064621
vn 0.25881905 -0.47197188 -0.84276643
vn 0.25881905 -0.50469486 -0.82358716
vn 0.25881905 -0.53663964 -0.80313797
vn 0.25881905 -0.56775696 -0.78145041
vn 0.25881905 -0.59799883 -0.75855791
vn 0.25881905 -0.62731864 -0.73449576
vn 0.25881905 -0.65567117 -0.70930108
vn 0.25881905 -0.68301270 -0.68301270
vn 0.25881905 -0.70930108 -0.65567117
vn 0.25881905 -0.73449576 -0.62731864
vn 0.25881905 -0.75855791 -0.59799883
vn 0.25881905 -0.78145041 -0.56775696
vn 0.25881905 -0.80313797 -0.53663964
vn 0.25881905 -0.82358716 -0.50469486
vn 0.25881905 -0.84276643 -0.47197188
vn 0.25881905 -0.86064621 -0.43852115
vn 0.25881905 -0.87719895 -0.40439425
vn 0.25881905 -0.89239910 -0.36964381
vn 0.25881905 -0.90622324 -0.33432340
vn 0.25881905 -0.91865005 -0.29848750
vn 0.25881905 -0.92966037 -0.26219134
vn 0.25881905 -0.93923722 -0.22549091
vn 0.25881905 -0.94736583 -0.18844278
vn 0.25881905 -0.95403368 -0.15110409
vn 0.25881905 -0.95923047 -0.11353241
vn 0.25881905 -0.96294820 -0.07578567
vn 0.25881905 -0.96518113 -0.03792207
vn 0.00000000 -1.00000000 0.00000000
vn 0.00000000 -0.99922904 0.03925982
vn 0.00000000 -0.99691733 0.07845910
vn 0.00000000 -0.99306846 0.11753740
vn 0.00000000 -0.98768834 0.15643447
vn 0.00000000 -0.98078528 0.19509032
vn 0.00000000 -0.97236992 0.23344536
vn 0.00000000 -0.96245524 0.27144045
vn 0.00000000 -0.95105652 0.30901699
vn 0.00000000 -0.93819134 0.34611706
vn 0.00000000 -0.92387953 0.38268343
vn 0.00000000 -0.90814317 0.41865974
vn 0.00000000 -0.89100652 0.45399050
vn 0.00000000 -0.87249601 0.48862124
vn 0.00000000 -0.85264016 0.52249856
vn 0.00000000 -0.83146961 0.55557023
vn 0.00000000 -0.80901699 0.58778525
vn 0.00000000 -0.78531693 0.61909395
vn 0.00000000 -0.76040597 0.64944805
vn 0.00000000 -0.73432251 0.67880075
vn 0.00000000 -0.70710678 0.70710678
vn 0.00000000 -0.67880075 0.73432251
vn 0.00000000 -0.64944805 0.76040597
vn 0.00000000 -0.61909395 0.78531693
vn 0.00000000 -0.58778525 0.80901699
vn 0.00000000 -0.55557023 0.83146961
vn 0.00000000 -0.52249856 0.85264016
vn 0.00000000 -0.48862124 0.87249601
vn 0.00000000 -0.45399050 0.89100652
vn 0.00000000 -0.41865974 0.90814317
vn 0.00000000 -0.38268343 0.92387953
vn 0.00000000 -0.34611706 0.93819134
vn 0.00000000 -0.30901699 0.95105652
vn 0.00000000 -0.27144045 0.96245524
vn 0.00000000 -0.23344536 0.97236992
vn 0.00000000 -0.19509032 0.98078528
vn 0.00000000 -0.15643447 0.98768834
vn 0.00000000 -0.11753740 0.99306846
vn 0.00000000 -0.07845910 0.99691733
vn 0.00000000 -0.03925982 0.99922904
vn 0.00000000 -0.00000000 1.00000000
vn 0.00000000 0.03925982 0.99922904
vn 0.00000000 0.07845910 0.99691733
vn 0.00000000 0.11753740 0.99306846
vn 0.00000000 0.15643447 0.98768834
vn 0.00000000 0.19509032 0.98078528
vn 0.00000000 0.23344536 0.97236992
vn 0.00000000 0.27144045 0.96245524
vn 0.00000000 0.30901699 0.95105652
vn 0.00000000 0.34611706 0.93819134
vn 0.00000000 0.38268343 0.92387953
vn 0.00000000 0.41865974 0.90814317
vn 0.00000000 0.45399050 0.89100652
vn 0.00000000 0.48862124 0.87249601
vn 0.00000000 0.52249856 0.85264016
vn 0.00000000 0.55557023 0.83146961
vn 0.00000000 0.58778525 0.80901699
vn 0.00000000 0.61909395 0.78531693
vn 0.00000000 0.64944805 0.76040597
vn 0.00000000 0.67880075 0.73432251
vn 0.00000000 0.70710678 0.70710678
vn 0.00000000 0.73432251 0.67880075
vn 0.00000000 0.76040597 0.64944805
vn 0.00000000 0.78531693 0.61909395
vn 0.00000000 0.80901699 0.58778525
vn 0.00000000 0.83146961 0.55557023
vn 0.00000000 0.85264016 0.52249856
vn 0.00000000 0.87249601 0.48862124
vn 0.00000000 0.89100652 0.45399050
vn 0.00000000 0.90814317 0.41865974
vn 0.00000000 0.92387953 0.38268343
vn 0.00000000 0.93819134 0.34611706
vn 0.00000000 0.95105652 0.30901699
vn 0.00000000 0.96245524 0.27144045
vn 0.00000000 0.97236992 0.23344536
vn 0.00000000 0.98078528 0.19509032
vn 0.00000000 0.98768834 0.15643447
vn 0.00000000 0.99306846 0.11753740
vn 0.00000000 0.99691733 0.07845910
vn 0.00000000 0.99922904 0.03925982
vn 0.00000000 1.00000000 0.00000000
vn 0.00000000 0.99922904 -0.03925982
vn 0.00000000 0.99691733 -0.07845910
vn 0.00000000 0.99306846 -0.11753740
vn 0.00000000 0.98768834 -0.15643447
vn 0.00000000 0.98078528 -0.19509032
vn 0.00000000 0.97236992 -0.23344536
vn 0.00000000 0.96245524 -0.27144045
vn 0.00000000 0.95105652 -0.30901699
vn 0.00000000 0.93819134 -0.34611706
vn 0.00000000 0.92387953 -0.38268343
vn 0.00000000 0.90814317 -0.41865974
vn 0.00000000 0.89100652 -0.45399050
vn 0.00000000 0.87249601 -0.48862124
vn 0.00000000 0.85264016 -0.52249856
vn 0.00000000 0.83146961 -0.55557023
vn 0.00000000 0.80901699 -0.58778525
vn 0.00000000 0.78531693 -0.61909395
vn 0.00000000 0.76040597 -0.64944805
vn 0.00000000 0.73432251 -0.67880075
vn 0.00000000 0.70710678 -0.70710678
vn 0.00000000 0.67880075 -0.73432251
vn 0.00000000 0.64944805 -0.76040597
vn 0.00000000 0.61909395 -0.78531693
vn 0.00000000 0.58778525 -0.80901699
vn 0.00000000 0.55557023 -0.83146961
vn 0.00000000 0.52249856 -0.85264016
vn 0.00000000 0.48862124 -0.87249601
vn 0.00000000 0.45399050 -0.89100652
vn 0.00000000 0.41865974 -0.90814317
vn 0.00000000 0.38268343 -0.92387953
vn 0.00000000 0.34611706 -0.93819134
vn 0.00000000 0.30901699 -0.95105652
vn 0.00000000 0.27144045 -0.96245524
vn 0.00000000 0.23344536 -0.97236992
vn 0.00000000 0.19509032 -0.98078528
vn 0.00000000 0.15643447 -0.98768834
vn 0.00000000 0.11753740 -0.99306846
vn 0.00000000 0.07845910 -0.99691733
vn 0.00000000 0.03925982 -0.99922904
vn 0.00000000 0.00000000 -1.00000000
vn 0.00000000 -0.03925982 -0.99922904
vn 0.00000000 -0.07845910 -0.99691733
vn 0.00000000 -0.11753740 -0.99306846
vn 0.00000000 -0.15643447 -0.98768834
vn 0.00000000 -0.19509032 -0.98078528
vn 0.00000000 -0.23344536 -0.97236992
vn 0.00000000 -0.27144045 -0.96245524
vn 0.00000000 -0.30901699 -0.95105652
vn 0.00000000 -0.34611706 -0.93819134
vn 0.00000000 -0.38268343 -0.92387953
vn 0.00000000 -0.41865974 -0.90814317
vn 0.00000000 -0.45399050 -0.89100652
vn 0.00000000 -0.48862124 -0.87249601
vn 0.00000000 -0.52249856 -0.85264016
vn 0.00000000 -0.55557023 -0.83146961
vn 0.00000000 -0.58778525 -0.80901699
vn 0.00000000 -0.61909395 -0.78531693
vn 0.00000000 -0.64944805 -0.76040597
vn 0.00000000 -0.67880075 -0.73432251
vn 0.00000000 -0.70710678 -0.70710678
vn 0.00000000 -0.73432251 -0.67880075
vn 0.00000000 -0.76040597 -0.64944805
vn 0.00000000 -0.78531693 -0.61909395
vn 0.00000000 -0.80901699 -0.58778525
vn 0.00000000 -0.83146961 -0.55557023
vn 0.00000000 -0.85264016 -0.52249856
vn 0.00000000 -0.87249601 -0.48862124
vn 0.00000000 -0.89100652 -0.45399050
vn 0.00000000 -0.90814317 -0.41865974
vn 0.00000000 -0.92387953 -0.38268343
vn 0.00000000 -0.93819134 -0.34611706
vn 0.00000000 -0.95105652 -0.30901699
vn 0.00000000 -0.96245524 -0.27144045
vn 0.00000000 -0.97236992 -0.23344536
vn 0.00000000 -0.98078528 -0.19509032
vn 0.00000000 -0.98768834 -0.15643447
vn 0.00000000 -0.99306846 -0.11753740
vn 0.00000000 -0.99691733 -0.07845910
vn 0.00000000 -0.99922904 -0.03925982
vn 0.00000000 -1.00000000 0.00000000
vn 0.00000000 -0.99922904 0.03925982
vn 0.00000000 -0.99691733 0.07845910
vn 0.00000000 -0.99306846 0.11753740
vn 0.00000000 -0.98768834 0.15643447
vn 0.00000000 -0.98078528 0.19509032
vn 0.00000000 -0.97236992 0.23344536
vn 0.00000000 -0.96245524 0.27144045
vn 0.00000000 -0.95105652 0.30901699
vn 0.00000000 -0.93819134 0.34611706
vn 0.00000000 -0.92387953 0.38268343
vn 0.00000000 -0.90814317 0.41865974
vn 0.00000000 -0.89100652 0.45399050
vn 0.00000000 -0.87249601 0.48862124
vn 0.00000000 -0.85264016 0.52249856
vn 0.00000000 -0.83146961 0.55557023
vn 0.00000000 -0.80901699 0.58778525
vn 0.00000000 -0.78531693 0.61909395
vn 0.00000000 -0.76040597 0.64944805
vn 0.00000000 -0.73432251 0.67880075
vn 0.00000000 -0.70710678 0.70710678
vn 0.00000000 -0.67880075 0.73432251
vn 0.00000000 -0.64944805 0.76040597
vn 0.00000000 -0.61909395 0.78531693
vn 0.00000000 -0.58778525 0.80901699
vn 0.00000000 -0.55557023 0.83146961
vn 0.00000000 -0.52249856 0.85264016
vn 0.00000000 -0.48862124 0.87249601
vn 0.00000000 -0.45399050 0.89100652
vn 0.00000000 -0.41865974 0.90814317
vn 0.00000000 -0.38268343 0.92387953
vn 0.00000000 -0.34611706 0.93819134
vn 0.00000000 -0.30901699 0.95105652
vn 0.00000000 -0.27144045 0.96245524
vn 0.00000000 -0.23344536 0.97236992
vn 0.00000000 -0.19509032 0.98078528
vn 0.00000000 -0.15643447 0.98768834
vn 0.00000000 -0.11753740 0.99306846
vn 0.00000000 -0.07845910 0.99691733
vn 0.00000000 -0.03925982 0.99922904
vn 0.00000000 -0.00000000 1.00000000
vn 0.00000000 0.03925982 0.99922904
vn 0.00000000 0.07845910 0.99691733
vn 0.00000000 0.11753740 0.99306846
vn 0.00000000 0.15643447 0.98768834
vn 0.00000000 0.19509032 0.98078528
vn 0.00000000 0.23344536 0.97236992
vn 0.00000000 0.27144045 0.96245524
vn 0.00000000 0.30901699 0.95105652
vn 0.00000000 0.34611706 0.93819134
vn 0.00000000 0.38268343 0.92387953
vn 0.00000000 0.41865974 0.90814317
vn 0.00000000 0.45399050 0.89100652
vn 0.00000000 0.48862124 0.87249601
vn 0.00000000 0.52249856 0.85264016
vn 0.00000000 0.55557023 0.83146961
vn 0.00000000 0.58778525 0.80901699
vn 0.00000000 0.61909395 0.78531693
vn 0.00000000 0.64944805 0.76040597
vn 0.00000000 0.67880075 0.73432251
vn 0.00000000 0.70710678 0.70710678
vn 0.00000000 0.73432251 0.67880075
vn 0.00000000 0.76040597 0.64944805
vn 0.00000000 0.78531693 0.61909395
vn 0.00000000 0.80901699 0.58778525
vn 0.00000000 0.83146961 0.55557023
vn 0.00000000 0.85264016 0.52249856
vn 0.00000000 0.87249601 0.48862124
vn 0.00000000 0.89100652 0.45399050
vn 0.00000000 0.90814317 0.41865974
vn 0.00000000 0.92387953 0.38268343
vn 0.00000000 0.93819134 0.34611706
vn 0.00000000 0.95105652 0.30901699
vn 0.00000000 0.96245524 0.27144045
vn 0.00000000 0.97236992 0.23344536
vn 0.00000000 0.98078528 0.19509032
vn 0.00000000 0.98768834 0.15643447
vn 0.00000000 0.99306846 0.11753740
vn 0.00000000 0.99691733 0.07845910
vn 0.00000000 0.99922904 0.03925982
vn 0.00000000 1.00000000 0.00000000
vn 0.00000000 0.99922904 -0.03925982
vn 0.00000000 0.99691733 -0.07845910
vn 0.00000000 0.99306846 -0.11753740
vn 0.00000000 0.98768834 -0.15643447
vn 0.00000000 0.98078528 -0.19509032
vn 0.00000000 0.97236992 -0.23344536
vn 0.00000000 0.96245524 -0.27144045
vn 0.00000000 0.95105652 -0.30901699
vn 0.00000000 0.93819134 -0.34611706
vn 0.00000000 0.92387953 -0.38268343
vn 0.00000000 0.90814317 -0.41865974
vn 0.00000000 0.89100652 -0.45399050
vn 0.00000000 0.87249601 -0.48862124
vn 0.00000000 0.85264016 -0.52249856
vn 0.00000000 0.83146961 -0.55557023
vn 0.00000000 0.80901699 -0.58778525
vn 0.00000000 0.78531693 -0.61909395
vn 0.00000000 0.76040597 -0.64944805
vn 0.00000000 0.73432251 -0.67880075
vn 0.00000000 0.70710678 -0.70710678
vn 0.00000000 0.67880075 -0.73432251
vn 0.00000000 0.64944805 -0.76040597
vn 0.00000000 0.61909395 -0.78531693
vn 0.00000000 0.58778525 -0.80901699
vn 0.00000000 0.55557023 -0.83146961
vn 0.00000000 0.52249856 -0.85264016
vn 0.00000000 0.48862124 -0.87249601
vn 0.00000000 0.45399050 -0.89100652
vn 0.00000000 0.41865974 -0.90814317
vn 0.00000000 0.38268343 -0.92387953
vn 0.00000000 0.34611706 -0.93819134
vn 0.00000000 0.30901699 -0.95105652
vn 0.00000000 0.27144045 -0.96245524
vn 0.00000000 0.23344536 -0.97236992
vn 0.00000000 0.19509032 -0.98078528
vn 0.00000000 0.15643447 -0.98768834
vn 0.00000000 0.11753740 -0.99306846
vn 0.00000000 0.07845910 -0.99691733
vn 0.00000000 0.03925982 -0.99922904
vn 0.00000000 0.00000000 -1.00000000
vn 0.00000000 -0.03925982 -0.99922904
vn 0.00000000 -0.07845910 -0.99691733
vn 0.00000000 -0.11753740 -0.99306846
vn 0.00000000 -0.15643447 -0.98768834
vn 0.00000000 -0.19509032 -0.98078528
vn 0.00000000 -0.23344536 -0.97236992
vn 0.00000000 -0.27144045 -0.96245524
vn 0.00000000 -0.30901699 -0.95105652
vn 0.00000000 -0.34611706 -0.93819134
vn 0.00000000 -0.38268343 -0.92387953
vn 0.00000000 -0.41865974 -0.90814317
vn 0.00000000 -0.45399050 -0.89100652
vn 0.00000000 -0.48862124 -0.87249601
vn 0.00000000 -0.52249856 -0.85264016
vn 0.00000000 -0.55557023 -0.83146961
vn 0.00000000 -0.58778525 -0.80901699
vn 0.00000000 -0.61909395 -0.78531693
vn 0.00000000 -0.64944805 -0.76040597
vn 0.00000000 -0.67880075 -0.73432251
vn 0.00000000 -0.70710678 -0.70710678
vn 0.00000000 -0.73432251 -0.67880075
vn 0.00000000 -0.76040597 -0.64944805
vn 0.00000000 -0.78531693 -0.61909395
vn 0.00000000 -0.80901699 -0.58778525
vn 0.00000000 -0.83146961 -0.55557023
vn 0.00000000 -0.85264016 -0.52249856
vn 0.00000000 -0.87249601 -0.48862124
vn 0.00000000 -0.89100652 -0.45399050
vn 0.00000000 -0.90814317 -0.41865974
vn 0.00000000 -0.92387953 -0.38268343
vn 0.00000000 -0.93819134 -0.34611706
vn 0.00000000 -0.95105652 -0.30901699
vn 0.00000000 -0.96245524 -0.27144045
vn 0.00000000 -0.97236992 -0.23344536
vn 0.00000000 -0.98078528 -0.19509032
vn 0.00000000 -0.98768834 -0.15643447
vn 0.00000000 -0.99306846 -0.11753740
vn 0.00000000 -0.99691733 -0.07845910
vn 0.00000000 -0.99922904 -0.03925982
vn -0.25881905 -0.96592583 0.00000000
vn -0.25881905 -0.96518113 0.03792207
vn -0.25881905 -0.96294820 0.07578567
vn -0.25881905 -0.95923047 0.11353241
vn -0.25881905 -0.95403368 0.15110409
vn -0.25881905 -0.94736583 0.18844278
vn -0.25881905 -0.93923722 0.22549091
vn -0.25881905 -0.92966037 0.26219134
vn -0.25881905 -0.91865005 0.29848750
vn -0.25881905 -0.90622324 0.33432340
vn -0.25881905 -0.89239910 0.36964381
vn -0.25881905 -0.87719895 0.40439425
vn -0.25881905 -0.86064621 0.43852115
vn -0.25881905 -0.84276643 0.47197188
vn -0.25881905 -0.82358716 0.50469486
vn -0.25881905 -0.80313797 0.53663964
vn -0.25881905 -0.78145041 0.56775696
vn -0.25881905 -0.75855791 0.59799883
vn -0.25881905 -0.73449576 0.62731864
vn -0.25881905 -0.70930108 0.65567117
vn -0.25881905 -0.68301270 0.68301270
vn -0.25881905 -0.65567117 0.70930108
vn -0.25881905 -0.62731864 0.73449576
vn -0.25881905 -0.59799883 0.75855791
vn -0.25881905 -0.56775696 0.78145041
vn -0.25881905 -0.53663964 0.80313797
vn -0.25881905 -0.50469486 0.82358716
vn -0.25881905 -0.47197188 0.84276643
vn -0.25881905 -0.43852115 0.86064621
vn -0.25881905 -0.40439425 0.87719895
vn -0.25881905 -0.36964381 0.89239910
vn -0.25881905 -0.33432340 0.90622324
vn -0.25881905 -0.29848750 0.91865005
vn -0.25881905 -0.26219134 0.92966037
vn -0.25881905 -0.22549091 0.93923722
vn -0.25881905 -0.18844278 0.94736583
vn -0.25881905 -0.15110409 0.95403368
vn -0.25881905 -0.11353241 0.95923047
vn -0.25881905 -0.07578567 0.96294820
vn -0.25881905 -0.03792207 0.96518113
vn -0.25881905 -0.00000000 0.96592583
vn -0.25881905 0.03792207 0.96518113
vn -0.25881905 0.07578567 0.96294820
vn -0.25881905 0.11353241 0.95923047
vn -0.25881905 0.15110409 0.95403368
vn -0.25881905 0.18844278 0.94736583
vn -0.25881905 0.22549091 0.93923722
vn -0.25881905 0.26219134 0.92966037
vn -0.25881905 0.29848750 0.91865005
vn -0.25881905 0.33432340 0.90622324
vn -0.25881905 0.36964381 0.89239910
vn -0.25881905 0.40439425 0.87719895
vn -0.25881905 0.43852115 0.86064621
vn -0.25881905 0.47197188 0.84276643
vn -0.25881905 0.50469486 0.82358716
vn -0.25881905 0.53663964 0.80313797
vn -0.25881905 0.56775696 0.78145041
vn -0.25881905 0.59799883 0.75855791
vn -0.25881905 0.62731864 0.73449576
vn -0.25881905 0.65567117 0.70930108
vn -0.25881905 0.68301270 0.68301270
vn -0.25881905 0.70930108 0.65567117
vn -0.25881905 0.73449576 0.62731864
vn -0.25881905 0.75855791 0.59799883
vn -0.25881905 0.78145041 0.56775696
vn -0.25881905 0.80313797 0.53663964
vn -0.25881905 0.82358716 0.50469486
vn -0.25881905 0.84276643 0.47197188
vn -0.25881905 0.86064621 0.43852115
vn -0.25881905 0.87719895 0.40439425
vn -0.25881905 0.89239910 0.36964381
vn -0.25881905 0.90622324 0.33432340
vn -0.25881905 0.91865005 0.29848750
vn -0.25881905 0.92966037 0.26219134
vn -0.25881905 0.93923722 0.22549091
vn -0.25881905 0.94736583 0.18844278
vn -0.25881905 0.95403368 0.15110409
vn -0.25881905 0.95923047 0.11353241
vn -0.25881905 0.96294820 0.07578567
vn -0.25881905 0.96518113 0.03792207
vn -0.25881905 0.96592583 0.00000000
vn -0.25881905 0.96518113 -0.03792207
vn -0.25881905 0.96294820 -0.07578567
vn -0.25881905 0.95923047 -0.11353241
vn -0.25881905 0.95403368 -0.15110409
vn -0.25881905 0.94736583 -0.18844278
vn -0.25881905 0.93923722 -0.22549091
vn -0.25881905 0.92966037 -0.26219134
vn -0.25881905 0.91865005 -0.29848750
vn -0.25881905 0.90622324 -0.33432340
vn -0.25881905 0.89239910 -0.36964381
vn -0.25881905 0.87719895 -0.40439425
vn -0.25881905 0.86064621 -0.43852115
vn -0.25881905 0.84276643 -0.47197188
vn -0.25881905 0.82358716 -0.50469486
vn -0.25881905 0.80313797 -0.53663964
vn -0.25881905 0.78145041 -0.56775696
vn -0.25881905 0.75855791 -0.59799883
vn -0.25881905 0.73449576 -0.62731864
vn -0.25881905 0.70930108 -0.65567117
vn -0.25881905 0.68301270 -0.68301270
vn -0.25881905 0.65567117 -0.70930108
vn -0.25881905 0.62731864 -0.73449576
vn -0.25881905 0.59799883 -0.75855791
vn -0.25881905 0.56775696 -0.78145041
vn -0.25881905 0.53663964 -0.80313797
vn -0.25881905 0.50469486 -0.82358716
vn -0.25881905 0.47197188 -0.84276643
vn -0.25881905 0.43852115 -0.86064621
vn -0.25881905 0.40439425 -0.87719895
vn -0.25881905 0.36964381 -0.89239910
vn -0.25881905 0.33432340 -0.90622324
vn -0.25881905 0.29848750 -0.91865005
vn -0.25881905 0.26219134 -0.92966037
vn -0.25881905 0.22549091 -0.93923722
vn -0.25881905 0.18844278 -0.94736583
vn -0.25881905 0.15110409 -0.95403368
vn -0.25881905 0.11353241 -0.95923047
vn -0.25881905 0.07578567 -0.96294820
vn -0.25881905 0.03792207 -0.96518113
vn -0.25881905 0.00000000 -0.96592583
vn -0.25881905 -0.03792207 -0.96518113
vn -0.25881905 -0.07578567 -0.96294820
vn -0.25881905 -0.11353241 -0.95923047
vn -0.25881905 -0.15110409 -0.95403368
vn -0.25881905 -0.18844278 -0.94736583
vn -0.25881905 -0.22549091 -0.93923722
vn -0.25881905 -0.26219134 -0.92966037
vn -0.25881905 -0.29848750 -0.91865005
vn -0.25881905 -0.33432340 -0.90622324
vn -0.25881905 -0.36964381 -0.89239910
vn -0.25881905 -0.40439425 -0.87719895
vn -0.25881905 -0.43852115 -0.86064621
vn -0.25881905 -0.47197188 -0.84276643
vn -0.25881905 -0.50469486 -0.82358716
vn -0.25881905 -0.53663964 -0.80313797
vn -0.25881905 -0.56775696 -0.78145041
vn -0.25881905 -0.59799883 -0.75855791
vn -0.25881905 -0.62731864 -0.73449576
vn -0.25881905 -0.65567117 -0.70930108
vn -0.25881905 -0.68301270 -0.68301270
vn -0.25881905 -0.70930108 -0.65567117
vn -0.25881905 -0.73449576 -0.62731864
vn -0.25881905 -0.75855791 -0.59799883
vn -0.25881905 -0.78145041 -0.56775696
vn -0.25881905 -0.80313797 -0.53663964
vn -0.25881905 -0.82358716 -0.50469486
vn -0.25881905 -0.84276643 -0.47197188
vn -0.25881905 -0.86064621 -0.43852115
vn -0.25881905 -0.87719895 -0.40439425
vn -0.25881905 -0.89239910 -0.36964381
vn -0.25881905 -0.90622324 -0.33432340
vn -0.25881905 -0.91865005 -0.29848750
vn -0.25881905 -0.92966037 -0.26219134
vn -0.25881905 -0.93923722 -0.22549091
vn -0.25881905 -0.94736583 -0.18844278
vn -0.25881905 -0.95403368 -0.15110409
vn -0.25881905 -0.95923047 -0.11353241
vn -0.25881905 -0.96294820 -0.07578567
vn -0.25881905 -0.96518113 -0.03792207
vn -0.50000000 -0.86602540 0.00000000
vn -0.50000000 -0.86535773 0.03400000
vn -0.50000000 -0.86335574 0.06794757
vn -0.50000000 -0.86002251 0.10179037
vn -0.50000000 -0.85536319 0.13547622
vn -0.50000000 -0.84938497 0.16895317
vn -0.50000000 -0.84209705 0.20216962
vn -0.50000000 -0.83351068 0.23507433
vn -0.50000000 -0.82363910 0.26761657
vn -0.50000000 -0.81249753 0.29974616
vn -0.50000000 -0.80010315 0.33141357
vn -0.50000000 -0.78647506 0.36256997
vn -0.50000000 -0.77163428 0.39316731
vn -0.50000000 -0.75560371 0.42315841
vn -0.50000000 -0.73840804 0.45249703
vn -0.50000000 -0.72007381 0.48113794
vn -0.50000000 -0.70062927 0.50903696
vn -0.50000000 -0.68010441 0.53615109
vn -0.50000000 -0.65853088 0.56243851
vn -0.50000000 -0.63594195 0.58785869
vn -0.50000000 -0.61237244 0.61237244
vn -0.50000000 -0.58785869 0.63594195
vn -0.50000000 -0.56243851 0.65853088
vn -0.50000000 -0.53615109 0.68010441
vn -0.50000000 -0.50903696 0.70062927
vn -0.50000000 -0.48113794 0.72007381
vn -0.50000000 -0.45249703 0.73840804
vn -0.50000000 -0.42315841 0.75560371
vn -0.50000000 -0.39316731 0.77163428
vn -0.50000000 -0.36256997 0.78647506
vn -0.50000000 -0.33141357 0.80010315
vn -0.50000000 -0.29974616 0.81249753
vn -0.50000000 -0.26761657 0.82363910
vn -0.50000000 -0.23507433 0.83351068
vn -0.50000000 -0.20216962 0.84209705
vn -0.50000000 -0.16895317 0.84938497
vn -0.50000000 -0.13547622 0.85536319
vn -0.50000000 -0.10179037 0.86002251
vn -0.50000000 -0.06794757 0.86335574
vn -0.50000000 -0.03400000 0.86535773
vn -0.50000000 -0.00000000 0.86602540
vn -0.50000000 0.03400000 0.86535773
vn -0.50000000 0.06794757 0.86335574
vn -0.50000000 0.10179037 0.86002251
vn -0.50000000 0.13547622 0.85536319
vn -0.50000000 0.16895317 0.84938497
vn -0.50000000 0.20216962 0.84209705
vn -0.50000000 0.23507433 0.83351068
vn -0.50000000 0.26761657 0.82363910
vn -0.50000000 0.29974616 0.81249753
vn -0.50000000 0.33141357 0.80010315
vn -0.50000000 0.36256997 0.78647506
vn -0.50000000 0.39316731 0.77163428
vn -0.50000000 0.42315841 0.75560371
vn -0.50000000 0.45249703 0.73840804
vn -0.50000000 0.48113794 0.72007381
vn -0.50000000 0.50903696 0.70062927
vn -0.50000000 0.53615109 0.68010441
vn -0.50000000 0.56243851 0.65853088
vn -0.50000000 0.58785869 0.63594195
vn -0.50000000 0.61237244 0.61237244
vn -0.50000000 0.63594195 0.58785869
vn -0.50000000 0.65853088 0.56243851
vn -0.50000000 0.68010441 0.53615109
vn -0.50000000 0.70062927 0.50903696
vn -0.50000000 0.72007381 0.48113794
vn -0.50000000 0.73840804 0.45249703
vn -0.50000000 0.75560371 0.42315841
vn -0.50000000 0.77163428 0.39316731
vn -0.50000000 0.78647506 0.36256997
vn -0.50000000 0.80010315 0.33141357
vn -0.50000000 0.81249753 0.29974616
vn -0.50000000 0.82363910 0.26761657
vn -0.50000000 0.83351068 0.23507433
vn -0.50000000 0.84209705 0.20216962
vn -0.50000000 0.84938497 0.16895317
vn -0.50000000 0.85536319 0.13547622
vn -0.50000000 0.86002251 0.10179037
vn -0.50000000 0.86335574 0.06794757
vn -0.50000000 0.86535773 0.03400000
vn -0.50000000 0.86602540 0.00000000
vn -0.50000000 0.86535773 -0.03400000
vn -0.50000000 0.86335574 -0.06794757
vn -0.50000000 0.86002251 -0.10179037
vn -0.50000000 0.85536319 -0.13547622
vn -0.50000000 0.84938497 -0.16895317
vn -0.50000000 0.84209705 -0.20216962
vn -0.50000000 0.83351068 -0.23507433
vn -0.50000000 0.82363910 -0.26761657
vn -0.50000000 0.81249753 -0.29974616
vn -0.50000000 0.80010315 -0.33141357
vn -0.50000000 0.78647506 -0.36256997
vn -0.50000000 0.77163428 -0.39316731
vn -0.50000000 0.75560371 -0.42315841
vn -0.50000000 0.73840804 -0.45249703
vn -0.50000000 0.72007381 -0.48113794
vn -0.50000000 0.70062927 -0.50903696
vn -0.50000000 0.68010441 -0.53615109
vn -0.50000000 0.65853088 -0.56243851
vn -0.50000000 0.63594195 -0.58785869
vn -0.50000000 0.61237244 -0.61237244
vn -0.50000000 0.58785869 -0.63594195
vn -0.50000000 0.56243851 -0.65853088
vn -0.50000000 0.53615109 -0.68010441
vn -0.50000000 0.50903696 -0.70062927
vn -0.50000000 0.48113794 -0.72007381
vn -0.50000000 0.45249703 -0.73840804
vn -0.50000000 0.42315841 -0.75560371
vn -0.50000000 0.39316731 -0.77163428
vn -0.50000000 0.36256997 -0.78647506
vn -0.50000000 0.33141357 -0.80010315
vn -0.50000000 0.29974616 -0.81249753
vn -0.50000000 0.26761657 -0.82363910
vn -0.50000000 0.23507433 -0.83351068
vn -0.50000000 0.20216962 -0.84209705
vn -0.50000000 0.16895317 -0.84938497
vn -0.50000000 0.13547622 -0.85536319
vn -0.50000000 0.10179037 -0.86002251
vn -0.50000000 0.06794757 -0.86335574
vn -0.50000000 0.03400000 -0.86535773
vn -0.50000000 0.00000000 -0.86602540
vn -0.50000000 -0.03400000 -0.86535773
vn -0.50000000 -0.06794757 -0.86335574
vn -0.50000000 -0.10179037 -0.86002251
vn -0.50000000 -0.13547622 -0.85536319
vn -0.50000000 -0.16895317 -0.84938497
vn -0.50000000 -0.20216962 -0.84209705
vn -0.50000000 -0.23507433 -0.83351068
vn -0.50000000 -0.26761657 -0.82363910
vn -0.50000000 -0.29974616 -0.81249753
vn -0.50000000 -0.33141357 -0.80010315
vn -0.50000000 -0.36256997 -0.78647506
vn -0.50000000 -0.39316731 -0.77163428
vn -0.50000000 -0.42315841 -0.75560371
vn -0.50000000 -0.45249703 -0.73840804
vn -0.50000000 -0.48113794 -0.72007381
vn -0.50000000 -0.50903696 -0.70062927
vn -0.50000000 -0.53615109 -0.68010441
vn -0.50000000 -0.56243851 -0.65853088
vn -0.50000000 -0.58785869 -0.63594195
vn -0.50000000 -0.61237244 -0.61237244
vn -0.50000000 -0.63594195 -0.58785869
vn -0.50000000 -0.65853088 -0.56243851
vn -0.50000000 -0.68010441 -0.53615109
vn -0.50000000 -0.70062927 -0.50903696
vn -0.50000000 -0.72007381 -0.48113794
vn -0.50000000 -0.73840804 -0.45249703
vn -0.50000000 -0.75560371 -0.42315841
vn -0.50000000 -0.77163428 -0.39316731
vn -0.50000000 -0.78647506 -0.36256997
vn -0.50000000 -0.80010315 -0.33141357
vn -0.50000000 -0.81249753 -0.29974616
vn -0.50000000 -0.82363910 -0.26761657
vn -0.50000000 -0.83351068 -0.23507433
vn -0.50000000 -0.84209705 -0.20216962
vn -0.50000000 -0.84938497 -0.16895317
vn -0.50000000 -0.85536319 -0.13547622
vn -0.50000000 -0.86002251 -0.10179037
vn -0.50000000 -0.86335574 -0.06794757
vn -0.50000000 -0.86535773 -0.03400000
vn -0.70710678 -0.70710678 0.00000000
vn -0.70710678 -0.70656163 0.02776088
vn -0.70710678 -0.70492701 0.05547896
vn -0.70710678 -0.70220544 0.08311149
vn -0.70710678 -0.69840112 0.11061587
vn -0.70710678 -0.69351992 0.13794969
vn -0.70710678 -0.68756936 0.16507080
vn -0.70710678 -0.68055862 0.19193738
vn -0.70710678 -0.67249851 0.21850801
vn -0.70710678 -0.66340146 0.24474172
vn -0.70710678 -0.65328148 0.27059805
vn -0.70710678 -0.64215420 0.29603714
vn -0.70710678 -0.63003676 0.32101976
vn -0.70710678 -0.61694784 0.34550739
vn -0.70710678 -0.60290764 0.36946228
vn -0.70710678 -0.58793780 0.39284748
vn -0.70710678 -0.57206140 0.41562694
vn -0.70710678 -0.55530293 0.43776553
vn -0.70710678 -0.53768821 0.45922912
vn -0.70710678 -0.51924443 0.47998461
vn -0.70710678 -0.50000000 0.50000000
vn -0.70710678 -0.47998461 0.51924443
vn -0.70710678 -0.45922912 0.53768821
vn -0.70710678 -0.43776553 0.55530293
vn -0.70710678 -0.41562694 0.57206140
vn -0.70710678 -0.39284748 0.58793780
vn -0.70710678 -0.36946228 0.60290764
vn -0.70710678 -0.34550739 0.61694784
vn -0.70710678 -0.32101976 0.63003676
vn -0.70710678 -0.29603714 0.64215420
vn -0.70710678 -0.27059805 0.65328148
vn -0.70710678 -0.24474172 0.66340146
vn -0.70710678 -0.21850801 0.67249851
vn -0.70710678 -0.19193738 0.68055862
vn -0.70710678 -0.16507080 0.68756936
vn -0.70710678 -0.13794969 0.69351992
vn -0.70710678 -0.11061587 0.69840112
vn -0.70710678 -0.08311149 0.70220544
vn -0.70710678 -0.05547896 0.70492701
vn -0.70710678 -0.02776088 0.70656163
vn -0.70710678 -0.00000000 0.70710678
vn -0.70710678 0.02776088 0.70656163
vn -0.70710678 0.05547896 0.70492701
vn -0.70710678 0.08311149 0.70220544
vn -0.70710678 0.11061587 0.69840112
vn -0.70710678 0.13794969 0.69351992
vn -0.70710678 0.16507080 0.68756936
vn -0.70710678 0.19193738 0.68055862
vn -0.70710678 0.21850801 0.67249851
vn -0.70710678 0.24474172 0.66340146
vn -0.70710678 0.27059805 0.65328148
vn -0.70710678 0.29603714 0.64215420
vn -0.70710678 0.32101976 0.63003676
vn -0.70710678 0.34550739 0.61694784
vn -0.70710678 0.36946228 0.60290764
vn -0.70710678 0.39284748 0.58793780
vn -0.70710678 0.41562694 0.57206140
vn -0.70710678 0.43776553 0.55530293
vn -0.70710678 0.45922912 0.53768821
vn -0.70710678 0.47998461 0.51924443
vn -0.70710678 0.50000000 0.50000000
vn -0.70710678 0.51924443 0.47998461
vn -0.70710678 0.53768821 0.45922912
vn -0.70710678 0.55530293 0.43776553
vn -0.70710678 0.57206140 0.41562694
vn -0.70710678 0.58793780 0.39284748
vn -0.70710678 0.60290764 0.36946228
vn -0.70710678 0.61694784 0.34550739
vn -0.70710678 0.63003676 0.32101976
vn -0.70710678 0.64215420 0.29603714
vn -0.70710678 0.65328148 0.27059805
vn -0.70710678 0.66340146 0.24474172
vn -0.70710678 0.67249851 0.21850801
vn -0.70710678 0.68055862 0.19193738
vn -0.70710678 0.68756936 0.16507080
vn -0.70710678 0.69351992 0.13794969
vn -0.70710678 0.69840112 0.11061587
vn -0.70710678 0.70220544 0.08311149
vn -0.70710678 0.70492701 0.05547896
vn -0.70710678 0.70656163 0.02776088
vn -0.70710678 0.70710678 0.00000000
vn -0.70710678 0.70656163 -0.02776088
vn -0.70710678 0.70492701 -0.05547896
vn -0.70710678 0.70220544 -0.08311149
vn -0.70710678 0.69840112 -0.11061587
vn -0.70710678 0.69351992 -0.13794969
vn -0.70710678 0.68756936 -0.16507080
vn -0.70710678 0.68055862 -0.19193738
vn -0.70710678 0.67249851 -0.21850801
vn -0.70710678 0.66340146 -0.24474172
vn -0.70710678 0.65328148 -0.27059805
vn -0.70710678 0.64215420 -0.29603714
vn -0.70710678 0.63003676 -0.32101976
vn -0.70710678 0.61694784 -0.34550739
vn -0.70710678 0.60290764 -0.36946228
vn -0.70710678 0.58793780 -0.39284748
vn -0.70710678 0.57206140 -0.41562694
vn -0.70710678 0.55530293 -0.43776553
vn -0.70710678 0.53768821 -0.45922912
vn -0.70710678 0.51924443 -0.47998461
vn -0.70710678 0.50000000 -0.50000000
vn -0.70710678 0.47998461 -0.51924443
vn -0.70710678 0.45922912 -0.53768821
vn -0.70710678 0.43776553 -0.55530293
vn -0.70710678 0.41562694 -0.57206140
vn -0.70710678 0.39284748 -0.58793780
vn -0.70710678 0.36946228 -0.60290764
vn -0.70710678 0.34550739 -0.61694784
vn -0.70710678 0.32101976 -0.63003676
vn -0.70710678 0.29603714 -0.64215420
vn -0.70710678 0.27059805 -0.65328148
vn -0.70710678 0.24474172 -0.66340146
vn -0.70710678 0.21850801 -0.67249851
vn -0.70710678 0.19193738 -0.68055862
vn -0.70710678 0.16507080 -0.68756936
vn -0.70710678 0.13794969 -0.69351992
vn -0.70710678 0.11061587 -0.69840112
vn -0.70710678 0.08311149 -0.70220544
vn -0.70710678 0.05547896 -0.70492701
vn -0.70710678 0.02776088 -0.70656163
vn -0.70710678 0.00000000 -0.70710678
vn -0.70710678 -0.02776088 -0.70656163
vn -0.70710678 -0.05547896 -0.70492701
vn -0.70710678 -0.08311149 -0.70220544
vn -0.70710678 -0.11061587 -0.69840112
vn -0.70710678 -0.13794969 -0.69351992
vn -0.70710678 -0.16507080 -0.68756936
vn -0.70710678 -0.19193738 -0.68055862
vn -0.70710678 -0.21850801 -0.67249851
vn -0.70710678 -0.24474172 -0.66340146
vn -0.70710678 -0.27059805 -0.65328148
vn -0.70710678 -0.29603714 -0.64215420
vn -0.70710678 -0.32101976 -0.63003676
vn -0.70710678 -0.34550739 -0.61694784
vn -0.70710678 -0.36946228 -0.60290764
vn -0.70710678 -0.39284748 -0.58793780
vn -0.70710678 -0.41562694 -0.57206140
vn -0.70710678 -0.43776553 -0.55530293
vn -0.70710678 -0.45922912 -0.53768821
vn -0.70710678 -0.47998461 -0.51924443
vn -0.70710678 -0.50000000 -0.50000000
vn -0.70710678 -0.51924443 -0.47998461
vn -0.70710678 -0.53768821 -0.45922912
vn -0.70710678 -0.55530293 -0.43776553
vn -0.70710678 -0.57206140 -0.41562694
vn -0.70710678 -0.58793780 -0.39284748
vn -0.70710678 -0.60290764 -0.36946228
vn -0.70710678 -0.61694784 -0.34550739
vn -0.70710678 -0.63003676 -0.32101976
vn -0.70710678 -0.64215420 -0.29603714
vn -0.70710678 -0.65328148 -0.27059805
vn -0.70710678 -0.66340146 -0.24474172
vn -0.70710678 -0.67249851 -0.21850801
vn -0.70710678 -0.68055862 -0.19193738
vn -0.70710678 -0.68756936 -0.16507080
vn -0.70710678 -0.69351992 -0.13794969
vn -0.70710678 -0.69840112 -0.11061587
vn -0.70710678 -0.70220544 -0.08311149
vn -0.70710678 -0.70492701 -0.05547896
vn -0.70710678 -0.70656163 -0.02776088
vn -0.86602540 -0.50000000 0.00000000
vn -0.86602540 -0.49961452 0.01962991
vn -0.86602540 -0.49845867 0.03922955
vn -0.86602540 -0.49653423 0.05876870
vn -0.86602540 -0.49384417 0.07821723
vn -0.86602540 -0.49039264 0.09754516
vn -0.86602540 -0.48618496 0.11672268
vn -0.86602540 -0.48122762 0.13572022
vn -0.86602540 -0.47552826 0.15450850
vn -0.86602540 -0.46909567 0.17305853
vn -0.86602540 -0.46193977 0.19134172
vn -0.86602540 -0.45407159 0.20932987
vn -0.86602540 -0.44550326 0.22699525
vn -0.86602540 -0.43624800 0.24431062
vn -0.86602540 -0.42632008 0.26124928
vn -0.86602540 -0.41573481 0.27778512
vn -0.86602540 -0.40450850 0.29389263
vn -0.86602540 -0.39265847 0.30954697
vn -0.86602540 -0.38020298 0.32472402
vn -0.86602540 -0.36716125 0.33940037
vn -0.86602540 -0.35355339 0.35355339
vn -0.86602540 -0.33940037 0.36716125
vn -0.86602540 -0.32472402 0.38020298
vn -0.86602540 -0.30954697 0.39265847
vn -0.86602540 -0.29389263 0.40450850
vn -0.86602540 -0.27778512 0.41573481
vn -0.86602540 -0.26124928 0.42632008
vn -0.86602540 -0.24431062 0.43624800
vn -0.86602540 -0.22699525 0.44550326
vn -0.86602540 -0.20932987 0.45407159
vn -0.86602540 -0.19134172 0.46193977
vn -0.86602540 -0.17305853 0.46909567
vn -0.86602540 -0.15450850 0.47552826
vn -0.86602540 -0.13572022 0.48122762
vn -0.86602540 -0.11672268 0.48618496
vn -0.86602540 -0.09754516 0.49039264
vn -0.86602540 -0.07821723 0.49384417
vn -0.86602540 -0.05876870 0.49653423
vn -0.86602540 -0.03922955 0.49845867
vn -0.86602540 -0.01962991 0.49961452
vn -0.86602540 -0.00000000 0.50000000
vn -0.86602540 0.01962991 0.49961452
vn -0.86602540 0.03922955 0.49845867
vn -0.86602540 0.05876870 0.49653423
vn -0.86602540 0.07821723 0.49384417
vn -0.86602540 0.09754516 0.49039264
vn -0.86602540 0.11672268 0.48618496
vn -0.86602540 0.13572022 0.48122762
vn -0.86602540 0.15450850 0.47552826
vn -0.86602540 0.17305853 0.46909567
vn -0.86602540 0.19134172 0.46193977
vn -0.86602540 0.20932987 0.45407159
vn -0.86602540 0.22699525 0.44550326
vn -0.86602540 0.24431062 0.43624800
vn -0.86602540 0.26124928 0.42632008
vn -0.86602540 0.27778512 0.41573481
vn -0.86602540 0.29389263 0.40450850
vn -0.86602540 0.30954697 0.39265847
vn -0.86602540 0.32472402 0.38020298
vn -0.86602540 0.33940037 0.36716125
vn -0.86602540 0.35355339 0.35355339
vn -0.86602540 0.36716125 0.33940037
vn -0.86602540 0.38020298 0.32472402
vn -0.86602540 0.39265847 0.30954697
vn -0.86602540 0.40450850 0.29389263
vn -0.86602540 0.41573481 0.27778512
vn -0.86602540 0.42632008 0.26124928
vn -0.86602540 0.43624800 0.24431062
vn -0.86602540 0.44550326 0.22699525
vn -0.86602540 0.45407159 0.20932987
vn -0.86602540 0.46193977 0.19134172
vn -0.86602540 0.46909567 0.17305853
vn -0.86602540 0.47552826 0.15450850
vn -0.86602540 0.48122762 0.13572022
vn -0.86602540 0.48618496 0.11672268
vn -0.86602540 0.49039264 0.09754516
vn -0.86602540 0.49384417 0.07821723
vn -0.86602540 0.49653423 0.05876870
vn -0.86602540 0.49845867 0.03922955
vn -0.86602540 0.49961452 0.01962991
vn -0.86602540 0.50000000 0.00000000
vn -0.86602540 0.49961452 -0.01962991
vn -0.86602540 0.49845867 -0.03922955
vn -0.86602540 0.49653423 -0.05876870
vn -0.86602540 0.49384417 -0.07821723
vn -0.86602540 0.49039264 -0.09754516
vn -0.86602540 0.48618496 -0.11672268
vn -0.86602540 0.48122762 -0.13572022
vn -0.86602540 0.47552826 -0.15450850
vn -0.86602540 0.46909567 -0.17305853
vn -0.86602540 0.46193977 -0.19134172
vn -0.86602540 0.45407159 -0.20932987
vn -0.86602540 0.44550326 -0.22699525
vn -0.86602540 0.43624800 -0.24431062
vn -0.86602540 0.42632008 -0.26124928
vn -0.86602540 0.41573481 -0.27778512
vn -0.86602540 0.40450850 -0.29389263
vn -0.86602540 0.39265847 -0.30954697
vn -0.86602540 0.38020298 -0.32472402
vn -0.86602540 0.36716125 -0.33940037
vn -0.86602540 0.35355339 -0.35355339
vn -0.86602540 0.33940037 -0.36716125
vn -0.86602540 0.32472402 -0.38020298
vn -0.86602540 0.30954697 -0.39265847
vn -0.86602540 0.29389263 -0.40450850
vn -0.86602540 0.27778512 -0.41573481
vn -0.86602540 0.26124928 -0.42632008
vn -0.86602540 0.24431062 -0.43624800
vn -0.86602540 0.22699525 -0.44550326
vn -0.86602540 0.20932987 -0.45407159
vn -0.86602540 0.19134172 -0.46193977
vn -0.86602540 0.17305853 -0.46909567
vn -0.86602540 0.15450850 -0.47552826
vn -0.86602540 0.13572022 -0.48122762
vn -0.86602540 0.11672268 -0.48618496
vn -0.86602540 0.09754516 -0.49039264
vn -0.86602540 0.07821723 -0.49384417
vn -0.86602540 0.05876870 -0.49653423
vn -0.86602540 0.03922955 -0.49845867
vn -0.86602540 0.01962991 -0.49961452
vn -0.86602540 0.00000000 -0.50000000
vn -0.86602540 -0.01962991 -0.49961452
vn -0.86602540 -0.03922955 -0.49845867
vn -0.86602540 -0.05876870 -0.49653423
vn -0.86602540 -0.07821723 -0.49384417
vn -0.86602540 -0.09754516 -0.49039264
vn -0.86602540 -0.11672268 -0.48618496
vn -0.86602540 -0.13572022 -0.48122762
vn -0.86602540 -0.15450850 -0.47552826
vn -0.86602540 -0.17305853 -0.46909567
vn -0.86602540 -0.19134172 -0.46193977
vn -0.86602540 -0.20932987 -0.45407159
vn -0.86602540 -0.22699525 -0.44550326
vn -0.86602540 -0.24431062 -0.43624800
vn -0.86602540 -0.26124928 -0.42632008
vn -0.86602540 -0.27778512 -0.41573481
vn -0.86602540 -0.29389263 -0.40450850
vn -0.86602540 -0.30954697 -0.39265847
vn -0.86602540 -0.32472402 -0.38020298
vn -0.86602540 -0.33940037 -0.36716125
vn -0.86602540 -0.35355339 -0.35355339
vn -0.86602540 -0.36716125 -0.33940037
vn -0.86602540 -0.38020298 -0.32472402
vn -0.86602540 -0.39265847 -0.30954697
vn -0.86602540 -0.40450850 -0.29389263
vn -0.86602540 -0.41573481 -0.27778512
vn -0.86602540 -0.42632008 -0.26124928
vn -0.86602540 -0.43624800 -0.24431062
vn -0.86602540 -0.44550326 -0.22699525
vn -0.86602540 -0.45407159 -0.20932987
vn -0.86602540 -0.46193977 -0.19134172
vn -0.86602540 -0.46909567 -0.17305853
vn -0.86602540 -0.47552826 -0.15450850
vn -0.86602540 -0.48122762 -0.13572022
vn -0.86602540 -0.48618496 -0.11672268
vn -0.86602540 -0.49039264 -0.09754516
vn -0.86602540 -0.49384417 -0.07821723
vn -0.86602540 -0.49653423 -0.05876870
vn -0.86602540 -0.49845867 -0.03922955
vn -0.86602540 -0.49961452 -0.01962991
vn -0.96592583 -0.25881905 0.00000000
vn -0.96592583 -0.25861950 0.01016119
vn -0.96592583 -0.25802119 0.02030671
vn -0.96592583 -0.25702503 0.03042092
vn -0.96592583 -0.25563255 0.04048822
vn -0.96592583 -0.25384591 0.05049309
vn -0.96592583 -0.25166785 0.06042011
vn -0.96592583 -0.24910175 0.07025396
vn -0.96592583 -0.24615154 0.07997948
vn -0.96592583 -0.24282179 0.08958169
vn -0.96592583 -0.23911762 0.09904576
vn -0.96592583 -0.23504475 0.10835711
vn -0.96592583 -0.23060946 0.11750139
vn -0.96592583 -0.22581858 0.12646448
vn -0.96592583 -0.22067951 0.13523258
vn -0.96592583 -0.21520017 0.14379216
vn -0.96592583 -0.20938901 0.15213002
vn -0.96592583 -0.20325498 0.16023330
vn -0.96592583 -0.19680755 0.16808952
vn -0.96592583 -0.19005665 0.17568656
vn -0.96592583 -0.18301270 0.18301270
vn -0.96592583 -0.17568656 0.19005665
vn -0.96592583 -0.16808952 0.19680755
vn -0.96592583 -0.16023330 0.20325498
vn -0.96592583 -0.15213002 0.20938901
vn -0.96592583 -0.14379216 0.21520017
vn -0.96592583 -0.13523258 0.22067951
vn -0.96592583 -0.12646448 0.22581858
vn -0.96592583 -0.11750139 0.23060946
vn -0.96592583 -0.10835711 0.23504475
vn -0.96592583 -0.09904576 0.23911762
vn -0.96592583 -0.08958169 0.24282179
vn -0.96592583 -0.07997948 0.24615154
vn -0.96592583 -0.07025396 0.24910175
vn -0.96592583 -0.06042011 0.25166785
vn -0.96592583 -0.05049309 0.25384591
vn -0.96592583 -0.04048822 0.25563255
vn -0.96592583 -0.03042092 0.25702503
vn -0.96592583 -0.02030671 0.25802119
vn -0.96592583 -0.01016119 0.25861950
vn -0.96592583 -0.00000000 0.25881905
vn -0.96592583 0.01016119 0.25861950
vn -0.96592583 0.02030671 0.25802119
vn -0.96592583 0.03042092 0.25702503
vn -0.96592583 0.04048822 0.25563255
vn -0.96592583 0.05049309 0.25384591
vn -0.96592583 0.06042011 0.25166785
vn -0.96592583 0.07025396 0.24910175
vn -0.96592583 0.07997948 0.24615154
vn -0.96592583 0.08958169 0.24282179
vn -0.96592583 0.09904576 0.23911762
vn -0.96592583 0.10835711 0.23504475
vn -0.96592583 0.11750139 0.23060946
vn -0.96592583 0.12646448 0.22581858
vn -0.96592583 0.13523258 0.22067951
vn -0.96592583 0.14379216 0.21520017
vn -0.96592583 0.15213002 0.20938901
vn -0.96592583 0.16023330 0.20325498
vn -0.96592583 0.16808952 0.19680755
vn -0.96592583 0.17568656 0.19005665
vn -0.96592583 0.18301270 0.18301270
vn -0.96592583 0.19005665 0.17568656
vn -0.96592583 0.19680755 0.16808952
vn -0.96592583 0.20325498 0.16023330
vn -0.96592583 0.20938901 0.15213002
vn -0.96592583 0.21520017 0.14379216
vn -0.96592583 0.22067951 0.13523258
vn -0.96592583 0.22581858 0.12646448
vn -0.96592583 0.23060946 0.11750139
vn -0.96592583 0.23504475 0.10835711
vn -0.96592583 0.23911762 0.09904576
vn -0.96592583 0.24282179 0.08958169
vn -0.96592583 0.24615154 0.07997948
vn -0.96592583 0.24910175 0.07025396
vn -0.96592583 0.25166785 0.06042011
vn -0.96592583 0.25384591 0.05049309
vn -0.96592583 0.25563255 0.04048822
vn -0.96592583 0.25702503 0.03042092
vn -0.96592583 0.25802119 0.02030671
vn -0.96592583 0.25861950 0.01016119
vn -0.96592583 0.25881905 0.00000000
vn -0.96592583 0.25861950 -0.01016119
vn -0.96592583 0.25802119 -0.02030671
vn -0.96592583 0.25702503 -0.03042092
vn -0.96592583 0.25563255 -0.04048822
vn -0.96592583 0.25384591 -0.05049309
vn -0.96592583 0.25166785 -0.06042011
vn -0.96592583 0.24910175 -0.07025396
vn -0.96592583 0.24615154 -0.07997948
vn -0.96592583 0.24282179 -0.08958169
vn -0.96592583 0.23911762 -0.09904576
vn -0.96592583 0.23504475 -0.10835711
vn -0.96592583 0.23060946 -0.11750139
vn -0.96592583 0.22581858 -0.12646448
vn -0.96592583 0.22067951 -0.13523258
vn -0.96592583 0.21520017 -0.14379216
vn -0.96592583 0.20938901 -0.15213002
vn -0.96592583 0.20325498 -0.16023330
vn -0.96592583 0.19680755 -0.16808952
vn -0.96592583 0.19005665 -0.17568656
vn -0.96592583 0.18301270 -0.18301270
vn -0.96592583 0.17568656 -0.19005665
vn -0.96592583 0.16808952 -0.19680755
vn -0.96592583 0.16023330 -0.20325498
vn -0.96592583 0.15213002 -0.20938901
vn -0.96592583 0.14379216 -0.21520017
vn -0.96592583 0.13523258 -0.22067951
vn -0.96592583 0.12646448 -0.22581858
vn -0.96592583 0.11750139 -0.23060946
vn -0.96592583 0.10835711 -0.23504475
vn -0.96592583 0.09904576 -0.23911762
vn -0.96592583 0.08958169 -0.24282179
vn -0.96592583 0.07997948 -0.24615154
vn -0.96592583 0.07025396 -0.24910175
vn -0.96592583 0.06042011 -0.25166785
vn -0.96592583 0.05049309 -0.25384591
vn -0.96592583 0.04048822 -0.25563255
vn -0.96592583 0.03042092 -0.25702503
vn -0.96592583 0.02030671 -0.25802119
vn -0.96592583 0.01016119 -0.25861950
vn -0.96592583 0.00000000 -0.25881905
vn -0.96592583 -0.01016119 -0.25861950
vn -0.96592583 -0.02030671 -0.25802119
vn -0.96592583 -0.03042092 -0.25702503
vn -0.96592583 -0.04048822 -0.25563255
vn -0.96592583 -0.05049309 -0.25384591
vn -0.96592583 -0.06042011 -0.25166785
vn -0.96592583 -0.07025396 -0.24910175
vn -0.96592583 -0.07997948 -0.24615154
vn -0.96592583 -0.08958169 -0.24282179
vn -0.96592583 -0.09904576 -0.23911762
vn -0.96592583 -0.10835711 -0.23504475
vn -0.96592583 -0.11750139 -0.23060946
vn -0.96592583 -0.12646448 -0.22581858
vn -0.96592583 -0.13523258 -0.22067951
vn -0.96592583 -0.14379216 -0.21520017
vn -0.96592583 -0.15213002 -0.20938901
vn -0.96592583 -0.16023330 -0.20325498
vn -0.96592583 -0.16808952 -0.19680755
vn -0.96592583 -0.17568656 -0.19005665
vn -0.96592583 -0.18301270 -0.18301270
vn -0.96592583 -0.19005665 -0.17568656
vn -0.96592583 -0.19680755 -0.16808952
vn -0.96592583 -0.20325498 -0.16023330
vn -0.96592583 -0.20938901 -0.15213002
vn -0.96592583 -0.21520017 -0.14379216
vn -0.96592583 -0.22067951 -0.13523258
vn -0.96592583 -0.22581858 -0.12646448
vn -0.96592583 -0.23060946 -0.11750139
vn -0.96592583 -0.23504475 -0.10835711
vn -0.96592583 -0.23911762 -0.09904576
vn -0.96592583 -0.24282179 -0.08958169
vn -0.96592583 -0.24615154 -0.07997948
vn -0.96592583 -0.24910175 -0.07025396
vn -0.96592583 -0.25166785 -0.06042011
vn -0.96592583 -0.25384591 -0.05049309
vn -0.96592583 -0.25563255 -0.04048822
vn -0.96592583 -0.25702503 -0.03042092
vn -0.96592583 -0.25802119 -0.02030671
vn -0.96592583 -0.25861950 -0.01016119
vn -1.00000000 -0.00000000 0.00000000
vn -1.00000000 -0.00000000 0.00000000
vn -1.00000000 -0.00000000 0.00000000
vn -1.00000000 -0.00000000 0.00000000
vn -1.00000000 -0.00000000 0.00000000
vn -1.00000000 -0.00000000 0.00000000
vn -1.00000000 -0.00000000 0.00000000
vn -1.00000000 -0.00000000 0.00000000
vn -1.00000000 -0.00000000 0.00000000
vn -1.00000000 -0.00000000 0.00000000
vn -1.00000000 -0.00000000 0.00000000
vn -1.00000000 -0.00000000 0.00000000
vn -1.00000000 -0.00000000 0.00000000
vn -1.00000000 -0.00000000 0.00000000
vn -1.00000000 -0.00000000 0.00000000
vn -1.00000000 -0.00000000 0.00000000
vn -1.00000000 -0.00000000 0.00000000
vn -1.00000000 -0.00000000 0.00000000
vn -1.00000000 -0.00000000 0.00000000
vn -1.00000000 -0.00000000 0.00000000
vn -1.00000000 -0.00000000 0.00000000
vn -1.00000000 -0.00000000 0.00000000
vn -1.00000000 -0.00000000 0.00000000
vn -1.00000000 -0.00000000 0.00000000
vn -1.00000000 -0.00000000 0.00000000
vn -1.00000000 -0.00000000 0.00000000
vn -1.00000000 -0.00000000 0.00000000
vn -1.00000000 -0.00000000 0.00000000
vn -1.00000000 -0.00000000 0.00000000
vn -1.00000000 -0.00000000 0.00000000
vn -1.00000000 -0.00000000 0.00000000
vn -1.00000000 -0.00000000 0.00000000
vn -1.00000000 -0.00000000 0.00000000
vn -1.00000000 -0.00000000 0.00000000
vn -1.00000000 -0.00000000 0.00000000
vn -1.00000000 -0.00000000 0.00000000
vn -1.00000000 -0.00000000 0.00000000
vn -1.00000000 -0.00000000 0.00000000
vn -1.00000000 -0.00000000 0.00000000
vn -1.00000000 -0.00000000 0.00000000
vn -1.00000000 -0.00000000 0.00000000
vn -1.00000000 0.00000000 0.00000000
vn -1.00000000 0.00000000 0.00000000
vn -1.00000000 0.00000000 0.00000000
vn -1.00000000 0.00000000 0.00000000
vn -1.00000000 0.00000000 0.00000000
vn -1.00000000 0.00000000 0.00000000
vn -1.00000000 0.00000000 0.00000000
vn -1.00000000 0.00000000 0.00000000
vn -1.00000000 0.00000000 0.00000000
vn -1.00000000 0.00000000 0.00000000
vn -1.00000000 0.00000000 0.00000000
vn -1.00000000 0.00000000 0.00000000
vn -1.00000000 0.00000000 0.00000000
vn -1.00000000 0.00000000 0.00000000
vn -1.00000000 0.00000000 0.00000000
vn -1.00000000 0.00000000 0.00000000
vn -1.00000000 0.00000000 0.00000000
vn -1.00000000 0.00000000 0.00000000
vn -1.00000000 0.00000000 0.00000000
vn -1.00000000 0.00000000 0.00000000
vn -1.00000000 0.00000000 0.00000000
vn -1.00000000 0.00000000 0.00000000
vn -1.00000000 0.00000000 0.00000000
vn -1.00000000 0.00000000 0.00000000
vn -1.00000000 0.00000000 0.00000000
vn -1.00000000 0.00000000 0.00000000
vn -1.00000000 0.00000000 0.00000000
vn -1.00000000 0.00000000 0.00000000
vn -1.00000000 0.00000000 0.00000000
vn -1.00000000 0.00000000 0.00000000
vn -1.00000000 0.00000000 0.00000000
vn -1.00000000 0.00000000 0.00000000
vn -1.00000000 0.00000000 0.00000000
vn -1.00000000 0.00000000 0.00000000
vn -1.00000000 0.00000000 0.00000000
vn -1.00000000 0.00000000 0.00000000
vn -1.00000000 0.00000000 0.00000000
vn -1.00000000 0.00000000 0.00000000
vn -1.00000000 0.00000000 0.00000000
vn -1.00000000 0.00000000 0.00000000
vn -1.00000000 0.00000000 -0.00000000
vn -1.00000000 0.00000000 -0.00000000
vn -1.00000000 0.00000000 -0.00000000
vn -1.00000000 0.00000000 -0.00000000
vn -1.00000000 0.00000000 -0.00000000
vn -1.00000000 0.00000000 -0.00000000
vn -1.00000000 0.00000000 -0.00000000
vn -1.00000000 0.00000000 -0.00000000
vn -1.00000000 0.00000000 -0.00000000
vn -1.00000000 0.00000000 -0.00000000
vn -1.00000000 0.00000000 -0.00000000
vn -1.00000000 0.00000000 -0.00000000
vn -1.00000000 0.00000000 -0.00000000
vn -1.00000000 0.00000000 -0.00000000
vn -1.00000000 0.00000000 -0.00000000
vn -1.00000000 0.00000000 -0.00000000
vn -1.00000000 0.00000000 -0.00000000
vn -1.00000000 0.00000000 -0.00000000
vn -1.00000000 0.00000000 -0.00000000
vn -1.00000000 0.00000000 -0.00000000
vn -1.00000000 0.00000000 -0.00000000
vn -1.00000000 0.00000000 -0.00000000
vn -1.00000000 0.00000000 -0.00000000
vn -1.00000000 0.00000000 -0.00000000
vn -1.00000000 0.00000000 -0.00000000
vn -1.00000000 0.00000000 -0.00000000
vn -1.00000000 0.00000000 -0.00000000
vn -1.00000000 0.00000000 -0.00000000
vn -1.00000000 0.00000000 -0.00000000
vn -1.00000000 0.00000000 -0.00000000
vn -1.00000000 0.00000000 -0.00000000
vn -1.00000000 0.00000000 -0.00000000
vn -1.00000000 0.00000000 -0.00000000
vn -1.00000000 0.00000000 -0.00000000
vn -1.00000000 0.00000000 -0.00000000
vn -1.00000000 0.00000000 -0.00000000
vn -1.00000000 0.00000000 -0.00000000
vn -1.00000000 0.00000000 -0.00000000
vn -1.00000000 0.00000000 -0.00000000
vn -1.00000000 0.00000000 -0.00000000
vn -1.00000000 -0.00000000 -0.00000000
vn -1.00000000 -0.00000000 -0.00000000
vn -1.00000000 -0.00000000 -0.00000000
vn -1.00000000 -0.00000000 -0.00000000
vn -1.00000000 -0.00000000 -0.00000000
vn -1.00000000 -0.00000000 -0.00000000
vn -1.00000000 -0.00000000 -0.00000000
vn -1.00000000 -0.00000000 -0.00000000
vn -1.00000000 -0.00000000 -0.00000000
vn -1.00000000 -0.00000000 -0.00000000
vn -1.00000000 -0.00000000 -0.00000000
vn -1.00000000 -0.00000000 -0.00000000
vn -1.00000000 -0.00000000 -0.00000000
vn -1.00000000 -0.00000000 -0.00000000
vn -1.00000000 -0.00000000 -0.00000000
vn -1.00000000 -0.00000000 -0.00000000
vn -1.00000000 -0.00000000 -0.00000000
vn -1.00000000 -0.00000000 -0.00000000
vn -1.00000000 -0.00000000 -0.00000000
vn -1.00000000 -0.00000000 -0.00000000
vn -1.00000000 -0.00000000 -0.00000000
vn -1.00000000 -0.00000000 -0.00000000
vn -1.00000000 -0.00000000 -0.00000000
vn -1.00000000 -0.00000000 -0.00000000
vn -1.00000000 -0.00000000 -0.00000000
vn -1.00000000 -0.00000000 -0.00000000
vn -1.00000000 -0.00000000 -0.00000000
vn -1.00000000 -0.00000000 -0.00000000
vn -1.00000000 -0.00000000 -0.00000000
vn -1.00000000 -0.00000000 -0.00000000
vn -1.00000000 -0.00000000 -0.00000000
vn -1.00000000 -0.00000000 -0.00000000
vn -1.00000000 -0.00000000 -0.00000000
vn -1.00000000 -0.00000000 -0.00000000
vn -1.00000000 -0.00000000 -0.00000000
vn -1.00000000 -0.00000000 -0.00000000
vn -1.00000000 -0.00000000 -0.00000000
vn -1.00000000 -0.00000000 -0.00000000
vn -1.00000000 -0.00000000 -0.00000000
vn 1.00000000 0.00000000 0.00000000
vn 1.00000000 0.00000000 0.00000000
vn 1.00000000 0.00000000 0.00000000
vn 1.00000000 0.00000000 0.00000000
vn 1.00000000 0.00000000 0.00000000
vn 1.00000000 0.00000000 0.00000000
vn 1.00000000 0.00000000 0.00000000
vn 1.00000000 0.00000000 0.00000000
vn 1.00000000 0.00000000 0.00000000
vn 1.00000000 0.00000000 0.00000000
vn 1.00000000 0.00000000 0.00000000
vn 1.00000000 0.00000000 0.00000000
vn 1.00000000 0.00000000 0.00000000
vn 1.00000000 0.00000000 0.00000000
vn 1.00000000 0.00000000 0.00000000
vn 1.00000000 0.00000000 0.00000000
vn 1.00000000 0.00000000 0.00000000
vn 1.00000000 0.00000000 0.00000000
vn 1.00000000 0.00000000 0.00000000
vn 1.00000000 0.00000000 0.00000000
vn 1.00000000 0.00000000 0.00000000
vn 1.00000000 0.00000000 0.00000000
vn 1.00000000 0.00000000 0.00000000
vn 1.00000000 0.00000000 0.00000000
vn 1.00000000 0.00000000 0.00000000
vn 1.00000000 0.00000000 0.00000000
vn 1.00000000 0.00000000 0.00000000
vn 1.00000000 0.00000000 0.00000000
vn 1.00000000 0.00000000 0.00000000
vn 1.00000000 0.00000000 0.00000000
vn 1.00000000 0.00000000 0.00000000
vn 1.00000000 0.00000000 0.00000000
vn 1.00000000 0.00000000 0.00000000
vn 1.00000000 0.00000000 0.00000000
vn 1.00000000 0.00000000 0.00000000
vn 1.00000000 0.00000000 0.00000000
vn 1.00000000 0.00000000 0.00000000
vn 1.00000000 0.00000000 0.00000000
vn 1.00000000 0.00000000 0.00000000
vn 1.00000000 0.00000000 0.00000000
vn 1.00000000 0.00000000 0.00000000
vn 1.00000000 0.00000000 0.00000000
vn 1.00000000 0.00000000 0.00000000
vn 1.00000000 0.00000000 0.00000000
vn 1.00000000 0.00000000 0.00000000
vn 1.00000000 0.00000000 0.00000000
vn 1.00000000 0.00000000 0.00000000
vn 1.00000000 0.00000000 0.00000000
vn 1.00000000 0.00000000 0.00000000
vn 1.00000000 0.00000000 0.00000000
vn 1.00000000 0.00000000 0.00000000
vn 1.00000000 0.00000000 0.00000000
vn 1.00000000 0.00000000 0.00000000
vn 1.00000000 0.00000000 0.00000000
vn 1.00000000 0.00000000 0.00000000
vn 1.00000000 0.00000000 0.00000000
vn 1.00000000 0.00000000 0.00000000
vn 1.00000000 0.00000000 0.00000000
vn 1.00000000 0.00000000 0.00000000
vn 1.00000000 0.00000000 0.00000000
vn 1.00000000 0.00000000 0.00000000
vn 1.00000000 0.00000000 0.00000000
vn 1.00000000 0.00000000 0.00000000
vn 1.00000000 0.00000000 0.00000000
vn 1.00000000 0.00000000 0.00000000
vn 1.00000000 0.00000000 0.00000000
vn 1.00000000 0.00000000 0.00000000
vn 1.00000000 0.00000000 0.00000000
vn 1.00000000 0.00000000 0.00000000
vn 1.00000000 0.00000000 0.00000000
vn 1.00000000 0.00000000 0.00000000
vn 1.00000000 0.00000000 0.00000000
vn 1.00000000 0.00000000 0.00000000
vn 1.00000000 0.00000000 0.00000000
vn 1.00000000 0.00000000 0.00000000
vn 1.00000000 0.00000000 0.00000000
vn 1.00000000 0.00000000 0.00000000
vn 1.00000000 0.00000000 0.00000000
vn 1.00000000 0.00000000 0.00000000
vn 1.00000000 0.00000000 0.00000000
vn 1.00000000 0.00000000 0.00000000
vn 1.00000000 0.00000000 0.00000000
vn 1.00000000 0.00000000 0.00000000
vn 1.00000000 0.00000000 0.00000000
vn 1.00000000 0.00000000 0.00000000
vn 1.00000000 0.00000000 0.00000000
vn 1.00000000 0.00000000 0.00000000
vn 1.00000000 0.00000000 0.00000000
vn 1.00000000 0.00000000 0.00000000
vn 1.00000000 0.00000000 0.00000000
vn 1.00000000 0.00000000 0.00000000
vn 1.00000000 0.00000000 0.00000000
vn 1.00000000 0.00000000 0.00000000
vn 1.00000000 0.00000000 0.00000000
vn 1.00000000 0.00000000 0.00000000
vn 1.00000000 0.00000000 0.00000000
vn 1.00000000 0.00000000 0.00000000
vn 1.00000000 0.00000000 0.00000000
vn 1.00000000 0.00000000 0.00000000
vn 1.00000000 0.00000000 0.00000000
vn 1.00000000 0.00000000 0.00000000
vn 1.00000000 0.00000000 0.00000000
vn 1.00000000 0.00000000 0.00000000
vn 1.00000000 0.00000000 0.00000000
vn 1.00000000 0.00000000 0.00000000
vn 1.00000000 0.00000000 0.00000000
vn 1.00000000 0.00000000 0.00000000
vn 1.00000000 0.00000000 0.00000000
vn 1.00000000 0.00000000 0.00000000
vn 1.00000000 0.00000000 0.00000000
vn 1.00000000 0.00000000 0.00000000
vn 1.00000000 0.00000000 0.00000000
vn 1.00000000 0.00000000 0.00000000
vn 1.00000000 0.00000000 0.00000000
vn 1.00000000 0.00000000 0.00000000
vn 1.00000000 0.00000000 0.00000000
vn 1.00000000 0.00000000 0.00000000
vn 1.00000000 0.00000000 0.00000000
vn 1.00000000 0.00000000 0.00000000
vn 1.00000000 0.00000000 0.00000000
vn 1.00000000 0.00000000 0.00000000
vn 1.00000000 0.00000000 0.00000000
vn 1.00000000 0.00000000 0.00000000
vn 1.00000000 0.00000000 0.00000000
vn 1.00000000 0.00000000 0.00000000
vn 1.00000000 0.00000000 0.00000000
vn 1.00000000 0.00000000 0.00000000
vn 1.00000000 0.00000000 0.00000000
vn 1.00000000 0.00000000 0.00000000
vn 1.00000000 0.00000000 0.00000000
vn 1.00000000 0.00000000 0.00000000
vn 1.00000000 0.00000000 0.00000000
vn 1.00000000 0.00000000 0.00000000
vn 1.00000000 0.00000000 0.00000000
vn 1.00000000 0.00000000 0.00000000
vn 1.00000000 0.00000000 0.00000000
vn 1.00000000 0.00000000 0.00000000
vn 1.00000000 0.00000000 0.00000000
vn 1.00000000 0.00000000 0.00000000
vn 1.00000000 0.00000000 0.00000000
vn 1.00000000 0.00000000 0.00000000
vn 1.00000000 0.00000000 0.00000000
vn 1.00000000 0.00000000 0.00000000
vn 1.00000000 0.00000000 0.00000000
vn 1.00000000 0.00000000 0.00000000
vn 1.00000000 0.00000000 0.00000000
vn 1.00000000 0.00000000 0.00000000
vn 1.00000000 0.00000000 0.00000000
vn 1.00000000 0.00000000 0.00000000
vn 1.00000000 0.00000000 0.00000000
vn 1.00000000 0.00000000 0.00000000
vn 1.00000000 0.00000000 0.00000000
vn 1.00000000 0.00000000 0.00000000
vn 1.00000000 0.00000000 0.00000000
vn 1.00000000 0.00000000 0.00000000
vn 1.00000000 0.00000000 0.00000000
vn 1.00000000 0.00000000 0.00000000
vn 1.00000000 0.00000000 0.00000000
vn 1.00000000 0.00000000 0.00000000
vn 1.00000000 0.00000000 0.00000000
vn 1.00000000 0.00000000 0.00000000
vn -1.00000000 0.00000000 0.00000000
vn -1.00000000 0.00000000 0.00000000
vn -1.00000000 0.00000000 0.00000000
vn -1.00000000 0.00000000 0.00000000
vn -1.00000000 0.00000000 0.00000000
vn -1.00000000 0.00000000 0.00000000
vn -1.00000000 0.00000000 0.00000000
vn -1.00000000 0.00000000 0.00000000
vn -1.00000000 0.00000000 0.00000000
vn -1.00000000 0.00000000 0.00000000
vn -1.00000000 0.00000000 0.00000000
vn -1.00000000 0.00000000 0.00000000
vn -1.00000000 0.00000000 0.00000000
vn -1.00000000 0.00000000 0.00000000
vn -1.00000000 0.00000000 0.00000000
vn -1.00000000 0.00000000 0.00000000
vn -1.00000000 0.00000000 0.00000000
vn -1.00000000 0.00000000 0.00000000
vn -1.00000000 0.00000000 0.00000000
vn -1.00000000 0.00000000 0.00000000
vn -1.00000000 0.00000000 0.00000000
vn -1.00000000 0.00000000 0.00000000
vn -1.00000000 0.00000000 0.00000000
vn -1.00000000 0.00000000 0.00000000
vn -1.00000000 0.00000000 0.00000000
vn -1.00000000 0.00000000 0.00000000
vn -1.00000000 0.00000000 0.00000000
vn -1.00000000 0.00000000 0.00000000
vn -1.00000000 0.00000000 0.00000000
vn -1.00000000 0.00000000 0.00000000
vn -1.00000000 0.00000000 0.00000000
vn -1.00000000 0.00000000 0.00000000
vn -1.00000000 0.00000000 0.00000000
vn -1.00000000 0.00000000 0.00000000
vn -1.00000000 0.00000000 0.00000000
vn -1.00000000 0.00000000 0.00000000
vn -1.00000000 0.00000000 0.00000000
vn -1.00000000 0.00000000 0.00000000
vn -1.00000000 0.00000000 0.00000000
vn -1.00000000 0.00000000 0.00000000
vn -1.00000000 0.00000000 0.00000000
vn -1.00000000 0.00000000 0.00000000
vn -1.00000000 0.00000000 0.00000000
vn -1.00000000 0.00000000 0.00000000
vn -1.00000000 0.00000000 0.00000000
vn -1.00000000 0.00000000 0.00000000
vn -1.00000000 0.00000000 0.00000000
vn -1.00000000 0.00000000 0.00000000
vn -1.00000000 0.00000000 0.00000000
vn -1.00000000 0.00000000 0.00000000
vn -1.00000000 0.00000000 0.00000000
vn -1.00000000 0.00000000 0.00000000
vn -1.00000000 0.00000000 0.00000000
vn -1.00000000 0.00000000 0.00000000
vn -1.00000000 0.00000000 0.00000000
vn -1.00000000 0.00000000 0.00000000
vn -1.00000000 0.00000000 0.00000000
vn -1.00000000 0.00000000 0.00000000
vn -1.00000000 0.00000000 0.00000000
vn -1.00000000 0.00000000 0.00000000
vn -1.00000000 0.00000000 0.00000000
vn -1.00000000 0.00000000 0.00000000
vn -1.00000000 0.00000000 0.00000000
vn -1.00000000 0.00000000 0.00000000
vn -1.00000000 0.00000000 0.00000000
vn -1.00000000 0.00000000 0.00000000
vn -1.00000000 0.00000000 0.00000000
vn -1.00000000 0.00000000 0.00000000
vn -1.00000000 0.00000000 0.00000000
vn -1.00000000 0.00000000 0.00000000
vn -1.00000000 0.00000000 0.00000000
vn -1.00000000 0.00000000 0.00000000
vn -1.00000000 0.00000000 0.00000000
vn -1.00000000 0.00000000 0.00000000
vn -1.00000000 0.00000000 0.00000000
vn -1.00000000 0.00000000 0.00000000
vn -1.00000000 0.00000000 0.00000000
vn -1.00000000 0.00000000 0.00000000
vn -1.00000000 0.00000000 0.00000000
vn -1.00000000 0.00000000 0.00000000
vn -1.00000000 0.00000000 0.00000000
vn -1.00000000 0.00000000 0.00000000
vn -1.00000000 0.00000000 0.00000000
vn -1.00000000 0.00000000 0.00000000
vn -1.00000000 0.00000000 0.00000000
vn -1.00000000 0.00000000 0.00000000
vn -1.00000000 0.00000000 0.00000000
vn -1.00000000 0.00000000 0.00000000
vn -1.00000000 0.00000000 0.00000000
vn -1.00000000 0.00000000 0.00000000
vn -1.00000000 0.00000000 0.00000000
vn -1.00000000 0.00000000 0.00000000
vn -1.00000000 0.00000000 0.00000000
vn -1.00000000 0.00000000 0.00000000
vn -1.00000000 0.00000000 0.00000000
vn -1.00000000 0.00000000 0.00000000
vn -1.00000000 0.00000000 0.00000000
vn -1.00000000 0.00000000 0.00000000
vn -1.00000000 0.00000000 0.00000000
vn -1.00000000 0.00000000 0.00000000
vn -1.00000000 0.00000000 0.00000000
vn -1.00000000 0.00000000 0.00000000
vn -1.00000000 0.00000000 0.00000000
vn -1.00000000 0.00000000 0.00000000
vn -1.00000000 0.00000000 0.00000000
vn -1.00000000 0.00000000 0.00000000
vn -1.00000000 0.00000000 0.00000000
vn -1.00000000 0.00000000 0.00000000
vn -1.00000000 0.00000000 0.00000000
vn -1.00000000 0.00000000 0.00000000
vn -1.00000000 0.00000000 0.00000000
vn -1.00000000 0.00000000 0.00000000
vn -1.00000000 0.00000000 0.00000000
vn -1.00000000 0.00000000 0.00000000
vn -1.00000000 0.00000000 0.00000000
vn -1.00000000 0.00000000 0.00000000
vn -1.00000000 0.00000000 0.00000000
vn -1.00000000 0.00000000 0.00000000
vn -1.00000000 0.00000000 0.00000000
vn -1.00000000 0.00000000 0.00000000
vn -1.00000000 0.00000000 0.00000000
vn -1.00000000 0.00000000 0.00000000
vn -1.00000000 0.00000000 0.00000000
vn -1.00000000 0.00000000 0.00000000
vn -1.00000000 0.00000000 0.00000000
vn -1.00000000 0.00000000 0.00000000
vn -1.00000000 0.00000000 0.00000000
vn -1.00000000 0.00000000 0.00000000
vn -1.00000000 0.00000000 0.00000000
vn -1.00000000 0.00000000 0.00000000
vn -1.00000000 0.00000000 0.00000000
vn -1.00000000 0.00000000 0.00000000
vn -1.00000000 0.00000000 0.00000000
vn -1.00000000 0.00000000 0.00000000
vn -1.00000000 0.00000000 0.00000000
vn -1.00000000 0.00000000 0.00000000
vn -1.00000000 0.00000000 0.00000000
vn -1.00000000 0.00000000 0.00000000
vn -1.00000000 0.00000000 0.00000000
vn -1.00000000 0.00000000 0.00000000
vn -1.00000000 0.00000000 0.00000000
vn -1.00000000 0.00000000 0.00000000
vn -1.00000000 0.00000000 0.00000000
vn -1.00000000 0.00000000 0.00000000
vn -1.00000000 0.00000000 0.00000000
vn -1.00000000 0.00000000 0.00000000
vn -1.00000000 0.00000000 0.00000000
vn -1.00000000 0.00000000 0.00000000
vn -1.00000000 0.00000000 0.00000000
vn -1.00000000 0.00000000 0.00000000
vn -1.00000000 0.00000000 0.00000000
vn -1.00000000 0.00000000 0.00000000
vn -1.00000000 0.00000000 0.00000000
vn -1.00000000 0.00000000 0.00000000
vn -1.00000000 0.00000000 0.00000000
vn -1.00000000 0.00000000 0.00000000
vn -1.00000000 0.00000000 0.00000000
vn -1.00000000 0.00000000 0.00000000
vn -1.00000000 0.00000000 0.00000000
vn -1.00000000 0.00000000 0.00000000
vn -1.00000000 0.00000000 0.00000000
f 1//1 2//2 162//162
f 1//1 162//162 161//161
f 2//2 3//3 163//163
f 2//2 163//163 162//162
f 3//3 4//4 164//164
f 3//3 164//164 163//163
f 4//4 5//5 165//165
f 4//4 165//165 164//164
f 5//5 6//6 166//166
f 5//5 166//166 165//165
f 6//6 7//7 167//167
f 6//6 167//167 166//166
f 7//7 8//8 168//168
f 7//7 168//168 167//167
f 8//8 9//9 169//169
f 8//8 169//169 168//168
f 9//9 10//10 170//170
f 9//9 170//170 169//169
f 10//10 11//11 171//171
f 10//10 171//171 170//170
f 11//11 12//12 172//172
f 11//11 172//172 171//171
f 12//12 13//13 173//173
f 12//12 173//173 172//172
f 13//13 14//14 174//174
f 13//13 174//174 173//173
f 14//14 15//15 175//175
f 14//14 175//175 174//174
f 15//15 16//16 176//176
f 15//15 176//176 175//175
f 16//16 17//17 177//177
f 16//16 177//177 176//176
f 17//17 18//18 178//178
f 17//17 178//178 177//177
f 18//18 19//19 179//179
f 18//18 179//179 178//178
f 19//19 20//20 180//180
f 19//19 180//180 179//179
f 20//20 21//21 181//181
f 20//20 181//181 180//180
f 21//21 22//22 182//182
f 21//21 182//182 181//181
f 22//22 23//23 183//183
f 22//22 183//183 182//182
f 23//23 24//24 184//184
f 23//23 184//184 183//183
f 24//24 25//25 185//185
f 24//24 185//185 184//184
f 25//25 26//26 186//186
f 25//25 186//186 185//185
f 26//26 27//27 187//187
f 26//26 187//187 186//186
f 27//27 28//28 188//188
f 27//27 188//188 187//187
f 28//28 29//29 189//189
f 28//28 189//189 188//188
f 29//29 30//30 190//190
f 29//29 190//190 189//189
f 30//30 31//31 191//191
f 30//30 191//191 190//190
f 31//31 32//32 192//192
f 31//31 192//192 191//191
f 32//32 33//33 193//193
f 32//32 193//193 192//192
f 33//33 34//34 194//194
f 33//33 194//194 193//193
f 34//34 35//35 195//195
f 34//34 195//195 194//194
f 35//35 36//36 196//196
f 35//35 196//196 195//195
f 36//36 37//37 197//197
f 36//36 197//197 196//196
f 37//37 38//38 198//198
f 37//37 198//198 197//197
f 38//38 39//39 199//199
f 38//38 199//199 198//198
f 39//39 40//40 200//200
f 39//39 200//200 199//199
f 40//40 41//41 201//201
f 40//40 201//201 200//200
f 41//41 42//42 202//202
f 41//41 202//202 201//201
f 42//42 43//43 203//203
f 42//42 203//203 202//202
f 43//43 44//44 204//204
f 43//43 204//204 203//203
f 44//44 45//45 205//205
f 44//44 205//205 204//204
f 45//45 46//46 206//206
f 45//45 206//206 205//205
f 46//46 47//47 207//207
f 46//46 207//207 206//206
f 47//47 48//48 208//208
f 47//47 208//208 207//207
f 48//48 49//49 209//209
f 48//48 209//209 208//208
f 49//49 50//50 210//210
f 49//49 210//210 209//209
f 50//50 51//51 211//211
f 50//50 211//211 210//210
f 51//51 52//52 212//212
f 51//51 212//212 211//211
f 52//52 53//53 213//213
f 52//52 213//213 212//212
f 53//53 54//54 214//214
f 53//53 214//214 213//213
f 54//54 55//55 215//215
f 54//54 215//215 214//214
f 55//55 56//56 216//216
f 55//55 216//216 215//215
f 56//56 57//57 217//217
f 56//56 217//217 216//216
f 57//57 58//58 218//218
f 57//57 218//218 217//217
f 58//58 59//59 219//219
f 58//58 219//219 218//218
f 59//59 60//60 220//220
f 59//59 220//220 219//219
f 60//60 61//61 221//221
f 60//60 221//221 220//220
f 61//61 62//62 222//222
f 61//61 222//222 221//221
f 62//62 63//63 223//223
f 62//62 223//223 222//222
f 63//63 64//64 224//224
f 63//63 224//224 223//223
f 64//64 65//65 225//225
f 64//64 225//225 224//224
f 65//65 66//66 226//226
f 65//65 226//226 225//225
f 66//66 67//67 227//227
f 66//66 227//227 226//226
f 67//67 68//68 228//228
f 67//67 228//228 227//227
f 68//68 69//69 229//229
f 68//68 229//229 228//228
f 69//69 70//70 230//230
f 69//69 230//230 229//229
f 70//70 71//71 231//231
f 70//70 231//231 230//230
f 71//71 72//72 232//232
f 71//71 232//232 231//231
f 72//72 73//73 233//233
f 72//72 233//233 232//232
f 73//73 74//74 234//234
f 73//73 234//234 233//233
f 74//74 75//75 235//235
f 74//74 235//235 234//234
f 75//75 76//76 236//236
f 75//75 236//236 235//235
f 76//76 77//77 237//237
f 76//76 237//237 236//236
f 77//77 78//78 238//238
f 77//77 238//238 237//237
f 78//78 79//79 239//239
f 78//78 239//239 238//238
f 79//79 80//80 240//240
f 79//79 240//240 239//239
f 80//80 81//81 241//241
f 80//80 241//241 240//240
f 81//81 82//82 242//242
f 81//81 242//242 241//241
f 82//82 83//83 243//243
f 82//82 243//243 242//242
f 83//83 84//84 244//244
f 83//83 244//244 243//243
f 84//84 85//85 245//245
f 84//84 245//245 244//244
f 85//85 86//86 246//246
f 85//85 246//246 245//245
f 86//86 87//87 247//247
f 86//86 247//247 246//246
f 87//87 88//88 248//248
f 87//87 248//248 247//247
f 88//88 89//89 249//249
f 88//88 249//249 248//248
f 89//89 90//90 250//250
f 89//89 250//250 249//249
f 90//90 91//91 251//251
f 90//90 251//251 250//250
f 91//91 92//92 252//252
f 91//91 252//252 251//251
f 92//92 93//93 253//253
f 92//92 253//253 252//252
f 93//93 94//94 254//254
f 93//93 254//254 253//253
f 94//94 95//95 255//255
f 94//94 255//255 254//254
f 95//95 96//96 256//256
f 95//95 256//256 255//255
f 96//96 97//97 257//257
f 96//96 257//257 256//256
f 97//97 98//98 258//258
f 97//97 258//258 257//257
f 98//98 99//99 259//259
f 98//98 259//259 258//258
f 99//99 100//100 260//260
f 99//99 260//260 259//259
f 100//100 101//101 261//261
f 100//100 261//261 260//260
f 101//101 102//102 262//262
f 101//101 262//262 261//261
f 102//102 103//103 263//263
f 102//102 263//263 262//262
f 103//103 104//104 264//264
f 103//103 264//264 263//263
f 104//104 105//105 265//265
f 104//104 265//265 264//264
f 105//105 106//106 266//266
f 105//105 266//266 265//265
f 106//106 107//107 267//267
f 106//106 267//267 266//266
f 107//107 108//108 268//268
f 107//107 268//268 267//267
f 108//108 109//109 269//269
f 108//108 269//269 268//268
f 109//109 110//110 270//270
f 109//109 270//270 269//269
f 110//110 111//111 271//271
f 110//110 271//271 270//270
f 111//111 112//112 272//272
f 111//111 272//272 271//271
f 112//112 113//113 273//273
f 112//112 273//273 272//272
f 113//113 114//114 274//274
f 113//113 274//274 273//273
f 114//114 115//115 275//275
f 114//114 275//275 274//274
f 115//115 116//116 276//276
f 115//115 276//276 275//275
f 116//116 117//117 277//277
f 116//116 277//277 276//276
f 117//117 118//118 278//278
f 117//117 278//278 277//277
f 118//118 119//119 279//279
f 118//118 279//279 278//278
f 119//119 120//120 280//280
f 119//119 280//280 279//279
f 120//120 121//121 281//281
f 120//120 281//281 280//280
f 121//121 122//122 282//282
f 121//121 282//282 281//281
f 122//122 123//123 283//283
f 122//122 283//283 282//282
f 123//123 124//124 284//284
f 123//123 284//284 283//283
f 124//124 125//125 285//285
f 124//124 285//285 284//284
f 125//125 126//126 286//286
f 125//125 286//286 285//285
f 126//126 127//127 287//287
f 126//126 287//287 286//286
f 127//127 128//128 288//288
f 127//127 288//288 287//287
f 128//128 129//129 289//289
f 128//128 289//289 288//288
f 129//129 130//130 290//290
f 129//129 290//290 289//289
f 130//130 131//131 291//291
f 130//130 291//291 290//290
f 131//131 132//132 292//292
f 131//131 292//292 291//291
f 132//132 133//133 293//293
f 132//132 293//293 292//292
f 133//133 134//134 294//294
f 133//133 294//294 293//293
f 134//134 135//135 295//295
f 134//134 295//295 294//294
f 135//135 136//136 296//296
f 135//135 296//296 295//295
f 136//136 137//137 297//297
f 136//136 297//297 296//296
f 137//137 138//138 298//298
f 137//137 298//298 297//297
f 138//138 139//139 299//299
f 138//138 299//299 298//298
f 139//139 140//140 300//300
f 139//139 300//300 299//299
f 140//140 141//141 301//301
f 140//140 301//301 300//300
f 141//141 142//142 302//302
f 141//141 302//302 301//301
f 142//142 143//143 303//303
f 142//142 303//303 302//302
f 143//143 144//144 304//304
f 143//143 304//304 303//303
f 144//144 145//145 305//305
f 144//144 305//305 304//304
f 145//145 146//146 306//306
f 145//145 306//306 305//305
f 146//146 147//147 307//307
f 146//146 307//307 306//306
f 147//147 148//148 308//308
f 147//147 308//308 307//307
f 148//148 149//149 309//309
f 148//148 309//309 308//308
f 149//149 150//150 310//310
f 149//149 310//310 309//309
f 150//150 151//151 311//311
f 150//150 311//311 310//310
f 151//151 152//152 312//312
f 151//151 312//312 311//311
f 152//152 153//153 313//313
f 152//152 313//313 312//312
f 153//153 154//154 314//314
f 153//153 314//314 313//313
f 154//154 155//155 315//315
f 154//154 315//315 314//314
f 155//155 156//156 316//316
f 155//155 316//316 315//315
f 156//156 157//157 317//317
f 156//156 317//317 316//316
f 157//157 158//158 318//318
f 157//157 318//318 317//317
f 158//158 159//159 319//319
f 158//158 319//319 318//318
f 159//159 160//160 320//320
f 159//159 320//320 319//319
f 160//160 1//1 161//161
f 160//160 161//161 320//320
f 161//161 162//162 322//322
f 161//161 322//322 321//321
f 162//162 163//163 323//323
f 162//162 323//323 322//322
f 163//163 164//164 324//324
f 163//163 324//324 323//323
f 164//164 165//165 325//325
f 164//164 325//325 324//324
f 165//165 166//166 326//326
f 165//165 326//326 325//325
f 166//166 167//167 327//327
f 166//166 327//327 326//326
f 167//167 168//168 328//328
f 167//167 328//328 327//327
f 168//168 169//169 329//329
f 168//168 329//329 328//328
f 169//169 170//170 330//330
f 169//169 330//330 329//329
f 170//170 171//171 331//331
f 170//170 331//331 330//330
f 171//171 172//172 332//332
f 171//171 332//332 331//331
f 172//172 173//173 333//333
f 172//172 333//333 332//332
f 173//173 174//174 334//334
f 173//173 334//334 333//333
f 174//174 175//175 335//335
f 174//174 335//335 334//334
f 175//175 176//176 336//336
f 175//175 336//336 335//335
f 176//176 177//177 337//337
f 176//176 337//337 336//336
f 177//177 178//178 338//338
f 177//177 338//338 337//337
f 178//178 179//179 339//339
f 178//178 339//339 338//338
f 179//179 180//180 340//340
f 179//179 340//340 339//339
f 180//180 181//181 341//341
f 180//180 341//341 340//340
f 181//181 182//182 342//342
f 181//181 342//342 341//341
f 182//182 183//183 343//343
f 182//182 343//343 342//342
f 183//183 184//184 344//344
f 183//183 344//344 343//343
f 184//184 185//185 345//345
f 184//184 345//345 344//344
f 185//185 186//186 346//346
f 185//185 346//346 345//345
f 186//186 187//187 347//347
f 186//186 347//347 346//346
f 187//187 188//188 348//348
f 187//187 348//348 347//347
f 188//188 189//189 349//349
f 188//188 349//349 348//348
f 189//189 190//190 350//350
f 189//189 350//350 349//349
f 190//190 191//191 351//351
f 190//190 351//351 350//350
f 191//191 192//192 352//352
f 191//191 352//352 351//351
f 192//192 193//193 353//353
f 192//192 353//353 352//352
f 193//193 194//194 354//354
f 193//193 354//354 353//353
f 194//194 195//195 355//355
f 194//194 355//355 354//354
f 195//195 196//196 356//356
f 195//195 356//356 355//355
f 196//196 197//197 357//357
f 196//196 357//357 356//356
f 197//197 198//198 358//358
f 197//197 358//358 357//357
f 198//198 199//199 359//359
f 198//198 359//359 358//358
f 199//199 200//200 360//360
f 199//199 360//360 359//359
f 200//200 201//201 361//361
f 200//200 361//361 360//360
f 201//201 202//202 362//362
f 201//201 362//362 361//361
f 202//202 203//203 363//363
f 202//202 363//363 362//362
f 203//203 204//204 364//364
f 203//203 364//364 363//363
f 204//204 205//205 365//365
f 204//204 365//365 364//364
f 205//205 206//206 366//366
f 205//205 366//366 365//365
f 206//206 207//207 367//367
f 206//206 367//367 366//366
f 207//207 208//208 368//368
f 207//207 368//368 367//367
f 208//208 209//209 369//369
f 208//208 369//369 368//368
f 209//209 210//210 370//370
f 209//209 370//370 369//369
f 210//210 211//211 371//371
f 210//210 371//371 370//370
f 211//211 212//212 372//372
f 211//211 372//372 371//371
f 212//212 213//213 373//373
f 212//212 373//373 372//372
f 213//213 214//214 374//374
f 213//213 374//374 373//373
f 214//214 215//215 375//375
f 214//214 375//375 374//374
f 215//215 216//216 376//376
f 215//215 376//376 375//375
f 216//216 217//217 377//377
f 216//216 377//377 376//376
f 217//217 218//218 378//378
f 217//217 378//378 377//377
f 218//218 219//219 379//379
f 218//218 379//379 378//378
f 219//219 220//220 380//380
f 219//219 380//380 379//379
f 220//220 221//221 381//381
f 220//220 381//381 380//380
f 221//221 222//222 382//382
f 221//221 382//382 381//381
f 222//222 223//223 383//383
f 222//222 383//383 382//382
f 223//223 224//224 384//384
f 223//223 384//384 383//383
f 224//224 225//225 385//385
f 224//224 385//385 384//384
f 225//225 226//226 386//386
f 225//225 386//386 385//385
f 226//226 227//227 387//387
f 226//226 387//387 386//386
f 227//227 228//228 388//388
f 227//227 388//388 387//387
f 228//228 229//229 389//389
f 228//228 389//389 388//388
f 229//229 230//230 390//390
f 229//229 390//390 389//389
f 230//230 231//231 391//391
f 230//230 391//391 390//390
f 231//231 232//232 392//392
f 231//231 392//392 391//391
f 232//232 233//233 393//393
f 232//232 393//393 392//392
f 233//233 234//234 394//394
f 233//233 394//394 393//393
f 234//234 235//235 395//395
f 234//234 395//395 394//394
f 235//235 236//236 396//396
f 235//235 396//396 395//395
f 236//236 237//237 397//397
f 236//236 397//397 396//396
f 237//237 238//238 398//398
f 237//237 398//398 397//397
f 238//238 239//239 399//399
f 238//238 399//399 398//398
f 239//239 240//240 400//400
f 239//239 400//400 399//399
f 240//240 241//241 401//401
f 240//240 401//401 400//400
f 241//241 242//242 402//402
f 241//241 402//402 401//401
f 242//242 243//243 403//403
f 242//242 403//403 402//402
f 243//243 244//244 404//404
f 243//243 404//404 403//403
f 244//244 245//245 405//405
f 244//244 405//405 404//404
f 245//245 246//246 406//406
f 245//245 406//406 405//405
f 246//246 247//247 407//407
f 246//246 407//407 406//406
f 247//247 248//248 408//408
f 247//247 408//408 407//407
f 248//248 249//249 409//409
f 248//248 409//409 408//408
f 249//249 250//250 410//410
f 249//249 410//410 409//409
f 250//250 251//251 411//411
f 250//250 411//411 410//410
f 251//251 252//252 412//412
f 251//251 412//412 411//411
f 252//252 253//253 413//413
f 252//252 413//413 412//412
f 253//253 254//254 414//414
f 253//253 414//414 413//413
f 254//254 255//255 415//415
f 254//254 415//415 414//414
f 255//255 256//256 416//416
f 255//255 416//416 415//415
f 256//256 257//257 417//417
f 256//256 417//417 416//416
f 257//257 258//258 418//418
f 257//257 418//418 417//417
f 258//258 259//259 419//419
f 258//258 419//419 418//418
f 259//259 260//260 420//420
f 259//259 420//420 419//419
f 260//260 261//261 421//421
f 260//260 421//421 420//420
f 261//261 262//262 422//422
f 261//261 422//422 421//421
f 262//262 263//263 423//423
f 262//262 423//423 422//422
f 263//263 264//264 424//424
f 263//263 424//424 423//423
f 264//264 265//265 425//425
f 264//264 425//425 424//424
f 265//265 266//266 426//426
f 265//265 426//426 425//425
f 266//266 267//267 427//427
f 266//266 427//427 426//426
f 267//267 268//268 428//428
f 267//267 428//428 427//427
f 268//268 269//269 429//429
f 268//268 429//429 428//428
f 269//269 270//270 430//430
f 269//269 430//430 429//429
f 270//270 271//271 431//431
f 270//270 431//431 430//430
f 271//271 272//272 432//432
f 271//271 432//432 431//431
f 272//272 273//273 433//433
f 272//272 433//433 432//432
f 273//273 274//274 434//434
f 273//273 434//434 433//433
f 274//274 275//275 435//435
f 274//274 435//435 434//434
f 275//275 276//276 436//436
f 275//275 436//436 435//435
f 276//276 277//277 437//437
f 276//276 437//437 436//436
f 277//277 278//278 438//438
f 277//277 438//438 437//437
f 278//278 279//279 439//439
f 278//278 439//439 438//438
f 279//279 280//280 440//440
f 279//279 440//440 439//439
f 280//280 281//281 441//441
f 280//280 441//441 440//440
f 281//281 282//282 442//442
f 281//281 442//442 441//441
f 282//282 283//283 443//443
f 282//282 443//443 442//442
f 283//283 284//284 444//444
f 283//283 444//444 443//443
f 284//284 285//285 445//445
f 284//284 445//445 444//444
f 285//285 286//286 446//446
f 285//285 446//446 445//445
f 286//286 287//287 447//447
f 286//286 447//447 446//446
f 287//287 288//288 448//448
f 287//287 448//448 447//447
f 288//288 289//289 449//449
f 288//288 449//449 448//448
f 289//289 290//290 450//450
f 289//289 450//450 449//449
f 290//290 291//291 451//451
f 290//290 451//451 450//450
f 291//291 292//292 452//452
f 291//291 452//452 451//451
f 292//292 293//293 453//453
f 292//292 453//453 452//452
f 293//293 294//294 454//454
f 293//293 454//454 453//453
f 294//294 295//295 455//455
f 294//294 455//455 454//454
f 295//295 296//296 456//456
f 295//295 456//456 455//455
f 296//296 297//297 457//457
f 296//296 457//457 456//456
f 297//297 298//298 458//458
f 297//297 458//458 457//457
f 298//298 299//299 459//459
f 298//298 459//459 458//458
f 299//299 300//300 460//460
f 299//299 460//460 459//459
f 300//300 301//301 461//461
f 300//300 461//461 460//460
f 301//301 302//302 462//462
f 301//301 462//462 461//461
f 302//302 303//303 463//463
f 302//302 463//463 462//462
f 303//303 304//304 464//464
f 303//303 464//464 463//463
f 304//304 305//305 465//465
f 304//304 465//465 464//464
f 305//305 306//306 466//466
f 305//305 466//466 465//465
f 306//306 307//307 467//467
f 306//306 467//467 466//466
f 307//307 308//308 468//468
f 307//307 468//468 467//467
f 308//308 309//309 469//469
f 308//308 469//469 468//468
f 309//309 310//310 470//470
f 309//309 470//470 469//469
f 310//310 311//311 471//471
f 310//310 471//471 470//470
f 311//311 312//312 472//472
f 311//311 472//472 471//471
f 312//312 313//313 473//473
f 312//312 473//473 472//472
f 313//313 314//314 474//474
f 313//313 474//474 473//473
f 314//314 315//315 475//475
f 314//314 475//475 474//474
f 315//315 316//316 476//476
f 315//315 476//476 475//475
f 316//316 317//317 477//477
f 316//316 477//477 476//476
f 317//317 318//318 478//478
f 317//317 478//478 477//477
f 318//318 319//319 479//479
f 318//318 479//479 478//478
f 319//319 320//320 480//480
f 319//319 480//480 479//479
f 320//320 161//161 321//321
f 320//320 321//321 480//480
f 321//321 322//322 482//482
f 321//321 482//482 481//481
f 322//322 323//323 483//483
f 322//322 483//483 482//482
f 323//323 324//324 484//484
f 323//323 484//484 483//483
f 324//324 325//325 485//485
f 324//324 485//485 484//484
f 325//325 326//326 486//486
f 325//325 486//486 485//485
f 326//326 327//327 487//487
f 326//326 487//487 486//486
f 327//327 328//328 488//488
f 327//327 488//488 487//487
f 328//328 329//329 489//489
f 328//328 489//489 488//488
f 329//329 330//330 490//490
f 329//329 490//490 489//489
f 330//330 331//331 491//491
f 330//330 491//491 490//490
f 331//331 332//332 492//492
f 331//331 492//492 491//491
f 332//332 333//333 493//493
f 332//332 493//493 492//492
f 333//333 334//334 494//494
f 333//333 494//494 493//493
f 334//334 335//335 495//495
f 334//334 495//495 494//494
f 335//335 336//336 496//496
f 335//335 496//496 495//495
f 336//336 337//337 497//497
f 336//336 497//497 496//496
f 337//337 338//338 498//498
f 337//337 498//498 497//497
f 338//338 339//339 499//499
f 338//338 499//499 498//498
f 339//339 340//340 500//500
f 339//339 500//500 499//499
f 340//340 341//341 501//501
f 340//340 501//501 500//500
f 341//341 342//342 502//502
f 341//341 502//502 501//501
f 342//342 343//343 503//503
f 342//342 503//503 502//502
f 343//343 344//344 504//504
f 343//343 504//504 503//503
f 344//344 345//345 505//505
f 344//344 505//505 504//504
f 345//345 346//346 506//506
f 345//345 506//506 505//505
f 346//346 347//347 507//507
f 346//346 507//507 506//506
f 347//347 348//348 508//508
f 347//347 508//508 507//507
f 348//348 349//349 509//509
f 348//348 509//509 508//508
f 349//349 350//350 510//510
f 349//349 510//510 509//509
f 350//350 351//351 511//511
f 350//350 511//511 510//510
f 351//351 352//352 512//512
f 351//351 512//512 511//511
f 352//352 353//353 513//513
f 352//352 513//513 512//512
f 353//353 354//354 514//514
f 353//353 514//514 513//513
f 354//354 355//355 515//515
f 354//354 515//515 514//514
f 355//355 356//356 516//516
f 355//355 516//516 515//515
f 356//356 357//357 517//517
f 356//356 517//517 516//516
f 357//357 358//358 518//518
f 357//357 518//518 517//517
f 358//358 359//359 519//519
f 358//358 519//519 518//518
f 359//359 360//360 520//520
f 359//359 520//520 519//519
f 360//360 361//361 521//521
f 360//360 521//521 520//520
f 361//361 362//362 522//522
f 361//361 522//522 521//521
f 362//362 363//363 523//523
f 362//362 523//523 522//522
f 363//363 364//364 524//524
f 363//363 524//524 523//523
f 364//364 365//365 525//525
f 364//364 525//525 524//524
f 365//365 366//366 526//526
f 365//365 526//526 525//525
f 366//366 367//367 527//527
f 366//366 527//527 526//526
f 367//367 368//368 528//528
f 367//367 528//528 527//527
f 368//368 369//369 529//529
f 368//368 529//529 528//528
f 369//369 370//370 530//530
f 369//369 530//530 529//529
f 370//370 371//371 531//531
f 370//370 531//531 530//530
f 371//371 372//372 532//532
f 371//371 532//532 531//531
f 372//372 373//373 533//533
f 372//372 533//533 532//532
f 373//373 374//374 534//534
f 373//373 534//534 533//533
f 374//374 375//375 535//535
f 374//374 535//535 534//534
f 375//375 376//376 536//536
f 375//375 536//536 535//535
f 376//376 377//377 537//537
f 376//376 537//537 536//536
f 377//377 378//378 538//538
f 377//377 538//538 537//537
f 378//378 379//379 539//539
f 378//378 539//539 538//538
f 379//379 380//380 540//540
f 379//379 540//540 539//539
f 380//380 381//381 541//541
f 380//380 541//541 540//540
f 381//381 382//382 542//542
f 381//381 542//542 541//541
f 382//382 383//383 543//543
f 382//382 543//543 542//542
f 383//383 384//384 544//544
f 383//383 544//544 543//543
f 384//384 385//385 545//545
f 384//384 545//545 544//544
f 385//385 386//386 546//546
f 385//385 546//546 545//545
f 386//386 387//387 547//547
f 386//386 547//547 546//546
f 387//387 388//388 548//548
f 387//387 548//548 547//547
f 388//388 389//389 549//549
f 388//388 549//549 548//548
f 389//389 390//390 550//550
f 389//389 550//550 549//549
f 390//390 391//391 551//551
f 390//390 551//551 550//550
f 391//391 392//392 552//552
f 391//391 552//552 551//551
f 392//392 393//393 553//553
f 392//392 553//553 552//552
f 393//393 394//394 554//554
f 393//393 554//554 553//553
f 394//394 395//395 555//555
f 394//394 555//555 554//554
f 395//395 396//396 556//556
f 395//395 556//556 555//555
f 396//396 397//397 557//557
f 396//396 557//557 556//556
f 397//397 398//398 558//558
f 397//397 558//558 557//557
f 398//398 399//399 559//559
f 398//398 559//559 558//558
f 399//399 400//400 560//560
f 399//399 560//560 559//559
f 400//400 401//401 561//561
f 400//400 561//561 560//560
f 401//401 402//402 562//562
f 401//401 562//562 561//561
f 402//402 403//403 563//563
f 402//402 563//563 562//562
f 403//403 404//404 564//564
f 403//403 564//564 563//563
f 404//404 405//405 565//565
f 404//404 565//565 564//564
f 405//405 406//406 566//566
f 405//405 566//566 565//565
f 406//406 407//407 567//567
f 406//406 567//567 566//566
f 407//407 408//408 568//568
f 407//407 568//568 567//567
f 408//408 409//409 569//569
f 408//408 569//569 568//568
f 409//409 410//410 570//570
f 409//409 570//570 569//569
f 410//410 411//411 571//571
f 410//410 571//571 570//570
f 411//411 412//412 572//572
f 411//411 572//572 571//571
f 412//412 413//413 573//573
f 412//412 573//573 572//572
f 413//413 414//414 574//574
f 413//413 574//574 573//573
f 414//414 415//415 575//575
f 414//414 575//575 574//574
f 415//415 416//416 576//576
f 415//415 576//576 575//575
f 416//416 417//417 577//577
f 416//416 577//577 576//576
f 417//417 418//418 578//578
f 417//417 578//578 577//577
f 418//418 419//419 579//579
f 418//418 579//579 578//578
f 419//419 420//420 580//580
f 419//419 580//580 579//579
f 420//420 421//421 581//581
f 420//420 581//581 580//580
f 421//421 422//422 582//582
f 421//421 582//582 581//581
f 422//422 423//423 583//583
f 422//422 583//583 582//582
f 423//423 424//424 584//584
f 423//423 584//584 583//583
f 424//424 425//425 585//585
f 424//424 585//585 584//584
f 425//425 426//426 586//586
f 425//425 586//586 585//585
f 426//426 427//427 587//587
f 426//426 587//587 586//586
f 427//427 428//428 588//588
f 427//427 588//588 587//587
f 428//428 429//429 589//589
f 428//428 589//589 588//588
f 429//429 430//430 590//590
f 429//429 590//590 589//589
f 430//430 431//431 591//591
f 430//430 591//591 590//590
f 431//431 432//432 592//592
f 431//431 592//592 591//591
f 432//432 433//433 593//593
f 432//432 593//593 592//592
f 433//433 434//434 594//594
f 433//433 594//594 593//593
f 434//434 435//435 595//595
f 434//434 595//595 594//594
f 435//435 436//436 596//596
f 435//435 596//596 595//595
f 436//436 437//437 597//597
f 436//436 597//597 596//596
f 437//437 438//438 598//598
f 437//437 598//598 597//597
f 438//438 439//439 599//599
f 438//438 599//599 598//598
f 439//439 440//440 600//600
f 439//439 600//600 599//599
f 440//440 441//441 601//601
f 440//440 601//601 600//600
f 441//441 442//442 602//602
f 441//441 602//602 601//601
f 442//442 443//443 603//603
f 442//442 603//603 602//602
f 443//443 444//444 604//604
f 443//443 604//604 603//603
f 444//444 445//445 605//605
f 444//444 605//605 604//604
f 445//445 446//446 606//606
f 445//445 606//606 605//605
f 446//446 447//447 607//607
f 446//446 607//607 606//606
f 447//447 448//448 608//608
f 447//447 608//608 607//607
f 448//448 449//449 609//609
f 448//448 609//609 608//608
f 449//449 450//450 610//610
f 449//449 610//610 609//609
f 450//450 451//451 611//611
f 450//450 611//611 610//610
f 451//451 452//452 612//612
f 451//451 612//612 611//611
f 452//452 453//453 613//613
f 452//452 613//613 612//612
f 453//453 454//454 614//614
f 453//453 614//614 613//613
f 454//454 455//455 615//615
f 454//454 615//615 614//614
f 455//455 456//456 616//616
f 455//455 616//616 615//615
f 456//456 457//457 617//617
f 456//456 617//617 616//616
f 457//457 458//458 618//618
f 457//457 618//618 617//617
f 458//458 459//459 619//619
f 458//458 619//619 618//618
f 459//459 460//460 620//620
f 459//459 620//620 619//619
f 460//460 461//461 621//621
f 460//460 621//621 620//620
f 461//461 462//462 622//622
f 461//461 622//622 621//621
f 462//462 463//463 623//623
f 462//462 623//623 622//622
f 463//463 464//464 624//624
f 463//463 624//624 623//623
f 464//464 465//465 625//625
f 464//464 625//625 624//624
f 465//465 466//466 626//626
f 465//465 626//626 625//625
f 466//466 467//467 627//627
f 466//466 627//627 626//626
f 467//467 468//468 628//628
f 467//467 628//628 627//627
f 468//468 469//469 629//629
f 468//468 629//629 628//628
f 469//469 470//470 630//630
f 469//469 630//630 629//629
f 470//470 471//471 631//631
f 470//470 631//631 630//630
f 471//471 472//472 632//632
f 471//471 632//632 631//631
f 472//472 473//473 633//633
f 472//472 633//633 632//632
f 473//473 474//474 634//634
f 473//473 634//634 633//633
f 474//474 475//475 635//635
f 474//474 635//635 634//634
f 475//475 476//476 636//636
f 475//475 636//636 635//635
f 476//476 477//477 637//637
f 476//476 637//637 636//636
f 477//477 478//478 638//638
f 477//477 638//638 637//637
f 478//478 479//479 639//639
f 478//478 639//639 638//638
f 479//479 480//480 640//640
f 479//479 640//640 639//639
f 480//480 321//321 481//481
f 480//480 481//481 640//640
f 481//481 482//482 642//642
f 481//481 642//642 641//641
f 482//482 483//483 643//643
f 482//482 643//643 642//642
f 483//483 484//484 644//644
f 483//483 644//644 643//643
f 484//484 485//485 645//645
f 484//484 645//645 644//644
f 485//485 486//486 646//646
f 485//485 646//646 645//645
f 486//486 487//487 647//647
f 486//486 647//647 646//646
f 487//487 488//488 648//648
f 487//487 648//648 647//647
f 488//488 489//489 649//649
f 488//488 649//649 648//648
f 489//489 490//490 650//650
f 489//489 650//650 649//649
f 490//490 491//491 651//651
f 490//490 651//651 650//650
f 491//491 492//492 652//652
f 491//491 652//652 651//651
f 492//492 493//493 653//653
f 492//492 653//653 652//652
f 493//493 494//494 654//654
f 493//493 654//654 653//653
f 494//494 495//495 655//655
f 494//494 655//655 654//654
f 495//495 496//496 656//656
f 495//495 656//656 655//655
f 496//496 497//497 657//657
f 496//496 657//657 656//656
f 497//497 498//498 658//658
f 497//497 658//658 657//657
f 498//498 499//499 659//659
f 498//498 659//659 658//658
f 499//499 500//500 660//660
f 499//499 660//660 659//659
f 500//500 501//501 661//661
f 500//500 661//661 660//660
f 501//501 502//502 662//662
f 501//501 662//662 661//661
f 502//502 503//503 663//663
f 502//502 663//663 662//662
f 503//503 504//504 664//664
f 503//503 664//664 663//663
f 504//504 505//505 665//665
f 504//504 665//665 664//664
f 505//505 506//506 666//666
f 505//505 666//666 665//665
f 506//506 507//507 667//667
f 506//506 667//667 666//666
f 507//507 508//508 668//668
f 507//507 668//668 667//667
f 508//508 509//509 669//669
f 508//508 669//669 668//668
f 509//509 510//510 670//670
f 509//509 670//670 669//669
f 510//510 511//511 671//671
f 510//510 671//671 670//670
f 511//511 512//512 672//672
f 511//511 672//672 671//671
f 512//512 513//513 673//673
f 512//512 673//673 672//672
f 513//513 514//514 674//674
f 513//513 674//674 673//673
f 514//514 515//515 675//675
f 514//514 675//675 674//674
f 515//515 516//516 676//676
f 515//515 676//676 675//675
f 516//516 517//517 677//677
f 516//516 677//677 676//676
f 517//517 518//518 678//678
f 517//517 678//678 677//677
f 518//518 519//519 679//679
f 518//518 679//679 678//678
f 519//519 520//520 680//680
f 519//519 680//680 679//679
f 520//520 521//521 681//681
f 520//520 681//681 680//680
f 521//521 522//522 682//682
f 521//521 682//682 681//681
f 522//522 523//523 683//683
f 522//522 683//683 682//682
f 523//523 524//524 684//684
f 523//523 684//684 683//683
f 524//524 525//525 685//685
f 524//524 685//685 684//684
f 525//525 526//526 686//686
f 525//525 686//686 685//685
f 526//526 527//527 687//687
f 526//526 687//687 686//686
f 527//527 528//528 688//688
f 527//527 688//688 687//687
f 528//528 529//529 689//689
f 528//528 689//689 688//688
f 529//529 530//530 690//690
f 529//529 690//690 689//689
f 530//530 531//531 691//691
f 530//530 691//691 690//690
f 531//531 532//532 692//692
f 531//531 692//692 691//691
f 532//532 533//533 693//693
f 532//532 693//693 692//692
f 533//533 534//534 694//694
f 533//533 694//694 693//693
f 534//534 535//535 695//695
f 534//534 695//695 694//694
f 535//535 536//536 696//696
f 535//535 696//696 695//695
f 536//536 537//537 697//697
f 536//536 697//697 696//696
f 537//537 538//538 698//698
f 537//537 698//698 697//697
f 538//538 539//539 699//699
f 538//538 699//699 698//698
f 539//539 540//540 700//700
f 539//539 700//700 699//699
f 540//540 541//541 701//701
f 540//540 701//701 700//700
f 541//541 542//542 702//702
f 541//541 702//702 701//701
f 542//542 543//543 703//703
f 542//542 703//703 702//702
f 543//543 544//544 704//704
f 543//543 704//704 703//703
f 544//544 545//545 705//705
f 544//544 705//705 704//704
f 545//545 546//546 706//706
f 545//545 706//706 705//705
f 546//546 547//547 707//707
f 546//546 707//707 706//706
f 547//547 548//548 708//708
f 547//547 708//708 707//707
f 548//548 549//549 709//709
f 548//548 709//709 708//708
f 549//549 550//550 710//710
f 549//549 710//710 709//709
f 550//550 551//551 711//711
f 550//550 711//711 710//710
f 551//551 552//552 712//712
f 551//551 712//712 711//711
f 552//552 553//553 713//713
f 552//552 713//713 712//712
f 553//553 554//554 714//714
f 553//553 714//714 713//713
f 554//554 555//555 715//715
f 554//554 715//715 714//714
f 555//555 556//556 716//716
f 555//555 716//716 715//715
f 556//556 557//557 717//717
f 556//556 717//717 716//716
f 557//557 558//558 718//718
f 557//557 718//718 717//717
f 558//558 559//559 719//719
f 558//558 719//719 718//718
f 559//559 560//560 720//720
f 559//559 720//720 719//719
f 560//560 561//561 721//721
f 560//560 721//721 720//720
f 561//561 562//562 722//722
f 561//561 722//722 721//721
f 562//562 563//563 723//723
f 562//562 723//723 722//722
f 563//563 564//564 724//724
f 563//563 724//724 723//723
f 564//564 565//565 725//725
f 564//564 725//725 724//724
f 565//565 566//566 726//726
f 565//565 726//726 725//725
f 566//566 567//567 727//727
f 566//566 727//727 726//726
f 567//567 568//568 728//728
f 567//567 728//728 727//727
f 568//568 569//569 729//729
f 568//568 729//729 728//728
f 569//569 570//570 730//730
f 569//569 730//730 729//729
f 570//570 571//571 731//731
f 570//570 731//731 730//730
f 571//571 572//572 732//732
f 571//571 732//732 731//731
f 572//572 573//573 733//733
f 572//572 733//733 732//732
f 573//573 574//574 734//734
f 573//573 734//734 733//733
f 574//574 575//575 735//735
f 574//574 735//735 734//734
f 575//575 576//576 736//736
f 575//575 736//736 735//735
f 576//576 577//577 737//737
f 576//576 737//737 736//736
f 577//577 578//578 738//738
f 577//577 738//738 737//737
f 578//578 579//579 739//739
f 578//578 739//739 738//738
f 579//579 580//580 740//740
f 579//579 740//740 739//739
f 580//580 581//581 741//741
f 580//580 741//741 740//740
f 581//581 582//582 742//742
f 581//581 742//742 741//741
f 582//582 583//583 743//743
f 582//582 743//743 742//742
f 583//583 584//584 744//744
f 583//583 744//744 743//743
f 584//584 585//585 745//745
f 584//584 745//745 744//744
f 585//585 586//586 746//746
f 585//585 746//746 745//745
f 586//586 587//587 747//747
f 586//586 747//747 746//746
f 587//587 588//588 748//748
f 587//587 748//748 747//747
f 588//588 589//589 749//749
f 588//588 749//749 748//748
f 589//589 590//590 750//750
f 589//589 750//750 749//749
f 590//590 591//591 751//751
f 590//590 751//751 750//750
f 591//591 592//592 752//752
f 591//591 752//752 751//751
f 592//592 593//593 753//753
f 592//592 753//753 752//752
f 593//593 594//594 754//754
f 593//593 754//754 753//753
f 594//594 595//595 755//755
f 594//594 755//755 754//754
f 595//595 596//596 756//756
f 595//595 756//756 755//755
f 596//596 597//597 757//757
f 596//596 757//757 756//756
f 597//597 598//598 758//758
f 597//597 758//758 757//757
f 598//598 599//599 759//759
f 598//598 759//759 758//758
f 599//599 600//600 760//760
f 599//599 760//760 759//759
f 600//600 601//601 761//761
f 600//600 761//761 760//760
f 601//601 602//602 762//762
f 601//601 762//762 761//761
f 602//602 603//603 763//763
f 602//602 763//763 762//762
f 603//603 604//604 764//764
f 603//603 764//764 763//763
f 604//604 605//605 765//765
f 604//604 765//765 764//764
f 605//605 606//606 766//766
f 605//605 766//766 765//765
f 606//606 607//607 767//767
f 606//606 767//767 766//766
f 607//607 608//608 768//768
f 607//607 768//768 767//767
f 608//608 609//609 769//769
f 608//608 769//769 768//768
f 609//609 610//610 770//770
f 609//609 770//770 769//769
f 610//610 611//611 771//771
f 610//610 771//771 770//770
f 611//611 612//612 772//772
f 611//611 772//772 771//771
f 612//612 613//613 773//773
f 612//612 773//773 772//772
f 613//613 614//614 774//774
f 613//613 774//774 773//773
f 614//614 615//615 775//775
f 614//614 775//775 774//774
f 615//615 616//616 776//776
f 615//615 776//776 775//775
f 616//616 617//617 777//777
f 616//616 777//777 776//776
f 617//617 618//618 778//778
f 617//617 778//778 777//777
f 618//618 619//619 779//779
f 618//618 779//779 778//778
f 619//619 620//620 780//780
f 619//619 780//780 779//779
f 620//620 621//621 781//781
f 620//620 781//781 780//780
f 621//621 622//622 782//782
f 621//621 782//782 781//781
f 622//622 623//623 783//783
f 622//622 783//783 782//782
f 623//623 624//624 784//784
f 623//623 784//784 783//783
f 624//624 625//625 785//785
f 624//624 785//785 784//784
f 625//625 626//626 786//786
f 625//625 786//786 785//785
f 626//626 627//627 787//787
f 626//626 787//787 786//786
f 627//627 628//628 788//788
f 627//627 788//788 787//787
f 628//628 629//629 789//789
f 628//628 789//789 788//788
f 629//629 630//630 790//790
f 629//629 790//790 789//789
f 630//630 631//631 791//791
f 630//630 791//791 790//790
f 631//631 632//632 792//792
f 631//631 792//792 791//791
f 632//632 633//633 793//793
f 632//632 793//793 792//792
f 633//633 634//634 794//794
f 633//633 794//794 793//793
f 634//634 635//635 795//795
f 634//634 795//795 794//794
f 635//635 636//636 796//796
f 635//635 796//796 795//795
f 636//636 637//637 797//797
f 636//636 797//797 796//796
f 637//637 638//638 798//798
f 637//637 798//798 797//797
f 638//638 639//639 799//799
f 638//638 799//799 798//798
f 639//639 640//640 800//800
f 639//639 800//800 799//799
f 640//640 481//481 641//641
f 640//640 641//641 800//800
f 641//641 642//642 802//802
f 641//641 802//802 801//801
f 642//642 643//643 803//803
f 642//642 803//803 802//802
f 643//643 644//644 804//804
f 643//643 804//804 803//803
f 644//644 645//645 805//805
f 644//644 805//805 804//804
f 645//645 646//646 806//806
f 645//645 806//806 805//805
f 646//646 647//647 807//807
f 646//646 807//807 806//806
f 647//647 648//648 808//808
f 647//647 808//808 807//807
f 648//648 649//649 809//809
f 648//648 809//809 808//808
f 649//649 650//650 810//810
f 649//649 810//810 809//809
f 650//650 651//651 811//811
f 650//650 811//811 810//810
f 651//651 652//652 812//812
f 651//651 812//812 811//811
f 652//652 653//653 813//813
f 652//652 813//813 812//812
f 653//653 654//654 814//814
f 653//653 814//814 813//813
f 654//654 655//655 815//815
f 654//654 815//815 814//814
f 655//655 656//656 816//816
f 655//655 816//816 815//815
f 656//656 657//657 817//817
f 656//656 817//817 816//816
f 657//657 658//658 818//818
f 657//657 818//818 817//817
f 658//658 659//659 819//819
f 658//658 819//819 818//818
f 659//659 660//660 820//820
f 659//659 820//820 819//819
f 660//660 661//661 821//821
f 660//660 821//821 820//820
f 661//661 662//662 822//822
f 661//661 822//822 821//821
f 662//662 663//663 823//823
f 662//662 823//823 822//822
f 663//663 664//664 824//824
f 663//663 824//824 823//823
f 664//664 665//665 825//825
f 664//664 825//825 824//824
f 665//665 666//666 826//826
f 665//665 826//826 825//825
f 666//666 667//667 827//827
f 666//666 827//827 826//826
f 667//667 668//668 828//828
f 667//667 828//828 827//827
f 668//668 669//669 829//829
f 668//668 829//829 828//828
f 669//669 670//670 830//830
f 669//669 830//830 829//829
f 670//670 671//671 831//831
f 670//670 831//831 830//830
f 671//671 672//672 832//832
f 671//671 832//832 831//831
f 672//672 673//673 833//833
f 672//672 833//833 832//832
f 673//673 674//674 834//834
f 673//673 834//834 833//833
f 674//674 675//675 835//835
f 674//674 835//835 834//834
f 675//675 676//676 836//836
f 675//675 836//836 835//835
f 676//676 677//677 837//837
f 676//676 837//837 836//836
f 677//677 678//678 838//838
f 677//677 838//838 837//837
f 678//678 679//679 839//839
f 678//678 839//839 838//838
f 679//679 680//680 840//840
f 679//679 840//840 839//839
f 680//680 681//681 841//841
f 680//680 841//841 840//840
f 681//681 682//682 842//842
f 681//681 842//842 841//841
f 682//682 683//683 843//843
f 682//682 843//843 842//842
f 683//683 684//684 844//844
f 683//683 844//844 843//843
f 684//684 685//685 845//845
f 684//684 845//845 844//844
f 685//685 686//686 846//846
f 685//685 846//846 845//845
f 686//686 687//687 847//847
f 686//686 847//847 846//846
f 687//687 688//688 848//848
f 687//687 848//848 847//847
f 688//688 689//689 849//849
f 688//688 849//849 848//848
f 689//689 690//690 850//850
f 689//689 850//850 849//849
f 690//690 691//691 851//851
f 690//690 851//851 850//850
f 691//691 692//692 852//852
f 691//691 852//852 851//851
f 692//692 693//693 853//853
f 692//692 853//853 852//852
f 693//693 694//694 854//854
f 693//693 854//854 853//853
f 694//694 695//695 855//855
f 694//694 855//855 854//854
f 695//695 696//696 856//856
f 695//695 856//856 855//855
f 696//696 697//697 857//857
f 696//696 857//857 856//856
f 697//697 698//698 858//858
f 697//697 858//858 857//857
f 698//698 699//699 859//859
f 698//698 859//859 858//858
f 699//699 700//700 860//860
f 699//699 860//860 859//859
f 700//700 701//701 861//861
f 700//700 861//861 860//860
f 701//701 702//702 862//862
f 701//701 862//862 861//861
f 702//702 703//703 863//863
f 702//702 863//863 862//862
f 703//703 704//704 864//864
f 703//703 864//864 863//863
f 704//704 705//705 865//865
f 704//704 865//865 864//864
f 705//705 706//706 866//866
f 705//705 866//866 865//865
f 706//706 707//707 867//867
f 706//706 867//867 866//866
f 707//707 708//708 868//868
f 707//707 868//868 867//867
f 708//708 709//709 869//869
f 708//708 869//869 868//868
f 709//709 710//710 870//870
f 709//709 870//870 869//869
f 710//710 711//711 871//871
f 710//710 871//871 870//870
f 711//711 712//712 872//872
f 711//711 872//872 871//871
f 712//712 713//713 873//873
f 712//712 873//873 872//872
f 713//713 714//714 874//874
f 713//713 874//874 873//873
f 714//714 715//715 875//875
f 714//714 875//875 874//874
f 715//715 716//716 876//876
f 715//715 876//876 875//875
f 716//716 717//717 877//877
f 716//716 877//877 876//876
f 717//717 718//718 878//878
f 717//717 878//878 877//877
f 718//718 719//719 879//879
f 718//718 879//879 878//878
f 719//719 720//720 880//880
f 719//719 880//880 879//879
f 720//720 721//721 881//881
f 720//720 881//881 880//880
f 721//721 722//722 882//882
f 721//721 882//882 881//881
f 722//722 723//723 883//883
f 722//722 883//883 882//882
f 723//723 724//724 884//884
f 723//723 884//884 883//883
f 724//724 725//725 885//885
f 724//724 885//885 884//884
f 725//725 726//726 886//886
f 725//725 886//886 885//885
f 726//726 727//727 887//887
f 726//726 887//887 886//886
f 727//727 728//728 888//888
f 727//727 888//888 887//887
f 728//728 729//729 889//889
f 728//728 889//889 888//888
f 729//729 730//730 890//890
f 729//729 890//890 889//889
f 730//730 731//731 891//891
f 730//730 891//891 890//890
f 731//731 732//732 892//892
f 731//731 892//892 891//891
f 732//732 733//733 893//893
f 732//732 893//893 892//892
f 733//733 734//734 894//894
f 733//733 894//894 893//893
f 734//734 735//735 895//895
f 734//734 895//895 894//894
f 735//735 736//736 896//896
f 735//735 896//896 895//895
f 736//736 737//737 897//897
f 736//736 897//897 896//896
f 737//737 738//738 898//898
f 737//737 898//898 897//897
f 738//738 739//739 899//899
f 738//738 899//899 898//898
f 739//739 740//740 900//900
f 739//739 900//900 899//899
f 740//740 741//741 901//901
f 740//740 901//901 900//900
f 741//741 742//742 902//902
f 741//741 902//902 901//901
f 742//742 743//743 903//903
f 742//742 903//903 902//902
f 743//743 744//744 904//904
f 743//743 904//904 903//903
f 744//744 745//745 905//905
f 744//744 905//905 904//904
f 745//745 746//746 906//906
f 745//745 906//906 905//905
f 746//746 747//747 907//907
f 746//746 907//907 906//906
f 747//747 748//748 908//908
f 747//747 908//908 907//907
f 748//748 749//749 909//909
f 748//748 909//909 908//908
f 749//749 750//750 910//910
f 749//749 910//910 909//909
f 750//750 751//751 911//911
f 750//750 911//911 910//910
f 751//751 752//752 912//912
f 751//751 912//912 911//911
f 752//752 753//753 913//913
f 752//752 913//913 912//912
f 753//753 754//754 914//914
f 753//753 914//914 913//913
f 754//754 755//755 915//915
f 754//754 915//915 914//914
f 755//755 756//756 916//916
f 755//755 916//916 915//915
f 756//756 757//757 917//917
f 756//756 917//917 916//916
f 757//757 758//758 918//918
f 757//757 918//918 917//917
f 758//758 759//759 919//919
f 758//758 919//919 918//918
f 759//759 760//760 920//920
f 759//759 920//920 919//919
f 760//760 761//761 921//921
f 760//760 921//921 920//920
f 761//761 762//762 922//922
f 761//761 922//922 921//921
f 762//762 763//763 923//923
f 762//762 923//923 922//922
f 763//763 764//764 924//924
f 763//763 924//924 923//923
f 764//764 765//765 925//925
f 764//764 925//925 924//924
f 765//765 766//766 926//926
f 765//765 926//926 925//925
f 766//766 767//767 927//927
f 766//766 927//927 926//926
f 767//767 768//768 928//928
f 767//767 928//928 927//927
f 768//768 769//769 929//929
f 768//768 929//929 928//928
f 769//769 770//770 930//930
f 769//769 930//930 929//929
f 770//770 771//771 931//931
f 770//770 931//931 930//930
f 771//771 772//772 932//932
f 771//771 932//932 931//931
f 772//772 773//773 933//933
f 772//772 933//933 932//932
f 773//773 774//774 934//934
f 773//773 934//934 933//933
f 774//774 775//775 935//935
f 774//774 935//935 934//934
f 775//775 776//776 936//936
f 775//775 936//936 935//935
f 776//776 777//777 937//937
f 776//776 937//937 936//936
f 777//777 778//778 938//938
f 777//777 938//938 937//937
f 778//778 779//779 939//939
f 778//778 939//939 938//938
f 779//779 780//780 940//940
f 779//779 940//940 939//939
f 780//780 781//781 941//941
f 780//780 941//941 940//940
f 781//781 782//782 942//942
f 781//781 942//942 941//941
f 782//782 783//783 943//943
f 782//782 943//943 942//942
f 783//783 784//784 944//944
f 783//783 944//944 943//943
f 784//784 785//785 945//945
f 784//784 945//945 944//944
f 785//785 786//786 946//946
f 785//785 946//946 945//945
f 786//786 787//787 947//947
f 786//786 947//947 946//946
f 787//787 788//788 948//948
f 787//787 948//948 947//947
f 788//788 789//789 949//949
f 788//788 949//949 948//948
f 789//789 790//790 950//950
f 789//789 950//950 949//949
f 790//790 791//791 951//951
f 790//790 951//951 950//950
f 791//791 792//792 952//952
f 791//791 952//952 951//951
f 792//792 793//793 953//953
f 792//792 953//953 952//952
f 793//793 794//794 954//954
f 793//793 954//954 953//953
f 794//794 795//795 955//955
f 794//794 955//955 954//954
f 795//795 796//796 956//956
f 795//795 956//956 955//955
f 796//796 797//797 957//957
f 796//796 957//957 956//956
f 797//797 798//798 958//958
f 797//797 958//958 957//957
f 798//798 799//799 959//959
f 798//798 959//959 958//958
f 799//799 800//800 960//960
f 799//799 960//960 959//959
f 800//800 641//641 801//801
f 800//800 801//801 960//960
f 801//801 802//802 962//962
f 801//801 962//962 961//961
f 802//802 803//803 963//963
f 802//802 963//963 962//962
f 803//803 804//804 964//964
f 803//803 964//964 963//963
f 804//804 805//805 965//965
f 804//804 965//965 964//964
f 805//805 806//806 966//966
f 805//805 966//966 965//965
f 806//806 807//807 967//967
f 806//806 967//967 966//966
f 807//807 808//808 968//968
f 807//807 968//968 967//967
f 808//808 809//809 969//969
f 808//808 969//969 968//968
f 809//809 810//810 970//970
f 809//809 970//970 969//969
f 810//810 811//811 971//971
f 810//810 971//971 970//970
f 811//811 812//812 972//972
f 811//811 972//972 971//971
f 812//812 813//813 973//973
f 812//812 973//973 972//972
f 813//813 814//814 974//974
f 813//813 974//974 973//973
f 814//814 815//815 975//975
f 814//814 975//975 974//974
f 815//815 816//816 976//976
f 815//815 976//976 975//975
f 816//816 817//817 977//977
f 816//816 977//977 976//976
f 817//817 818//818 978//978
f 817//817 978//978 977//977
f 818//818 819//819 979//979
f 818//818 979//979 978//978
f 819//819 820//820 980//980
f 819//819 980//980 979//979
f 820//820 821//821 981//981
f 820//820 981//981 980//980
f 821//821 822//822 982//982
f 821//821 982//982 981//981
f 822//822 823//823 983//983
f 822//822 983//983 982//982
f 823//823 824//824 984//984
f 823//823 984//984 983//983
f 824//824 825//825 985//985
f 824//824 985//985 984//984
f 825//825 826//826 986//986
f 825//825 986//986 985//985
f 826//826 827//827 987//987
f 826//826 987//987 986//986
f 827//827 828//828 988//988
f 827//827 988//988 987//987
f 828//828 829//829 989//989
f 828//828 989//989 988//988
f 829//829 830//830 990//990
f 829//829 990//990 989//989
f 830//830 831//831 991//991
f 830//830 991//991 990//990
f 831//831 832//832 992//992
f 831//831 992//992 991//991
f 832//832 833//833 993//993
f 832//832 993//993 992//992
f 833//833 834//834 994//994
f 833//833 994//994 993//993
f 834//834 835//835 995//995
f 834//834 995//995 994//994
f 835//835 836//836 996//996
f 835//835 996//996 995//995
f 836//836 837//837 997//997
f 836//836 997//997 996//996
f 837//837 838//838 998//998
f 837//837 998//998 997//997
f 838//838 839//839 999//999
f 838//838 999//999 998//998
f 839//839 840//840 1000//1000
f 839//839 1000//1000 999//999
f 840//840 841//841 1001//1001
f 840//840 1001//1001 1000//1000
f 841//841 842//842 1002//1002
f 841//841 1002//1002 1001//1001
f 842//842 843//843 1003//1003
f 842//842 1003//1003 1002//1002
f 843//843 844//844 1004//1004
f 843//843 1004//1004 1003//1003
f 844//844 845//845 1005//1005
f 844//844 1005//1005 1004//1004
f 845//845 846//846 1006//1006
f 845//845 1006//1006 1005//1005
f 846//846 847//847 1007//1007
f 846//846 1007//1007 1006//1006
f 847//847 848//848 1008//1008
f 847//847 1008//1008 1007//1007
f 848//848 849//849 1009//1009
f 848//848 1009//1009 1008//1008
f 849//849 850//850 1010//1010
f 849//849 1010//1010 1009//1009
f 850//850 851//851 1011//1011
f 850//850 1011//1011 1010//1010
f 851//851 852//852 1012//1012
f 851//851 1012//1012 1011//1011
f 852//852 853//853 1013//1013
f 852//852 1013//1013 1012//1012
f 853//853 854//854 1014//1014
f 853//853 1014//1014 1013//1013
f 854//854 855//855 1015//1015
f 854//854 1015//1015 1014//1014
f 855//855 856//856 1016//1016
f 855//855 1016//1016 1015//1015
f 856//856 857//857 1017//1017
f 856//856 1017//1017 1016//1016
f 857//857 858//858 1018//1018
f 857//857 1018//1018 1017//1017
f 858//858 859//859 1019//1019
f 858//858 1019//1019 1018//1018
f 859//859 860//860 1020//1020
f 859//859 1020//1020 1019//1019
f 860//860 861//861 1021//1021
f 860//860 1021//1021 1020//1020
f 861//861 862//862 1022//1022
f 861//861 1022//1022 1021//1021
f 862//862 863//863 1023//1023
f 862//862 1023//1023 1022//1022
f 863//863 864//864 1024//1024
f 863//863 1024//1024 1023//1023
f 864//864 865//865 1025//1025
f 864//864 1025//1025 1024//1024
f 865//865 866//866 1026//1026
f 865//865 1026//1026 1025//1025
f 866//866 867//867 1027//1027
f 866//866 1027//1027 1026//1026
f 867//867 868//868 1028//1028
f 867//867 1028//1028 1027//1027
f 868//868 869//869 1029//1029
f 868//868 1029//1029 1028//1028
f 869//869 870//870 1030//1030
f 869//869 1030//1030 1029//1029
f 870//870 871//871 1031//1031
f 870//870 1031//1031 1030//1030
f 871//871 872//872 1032//1032
f 871//871 1032//1032 1031//1031
f 872//872 873//873 1033//1033
f 872//872 1033//1033 1032//1032
f 873//873 874//874 1034//1034
f 873//873 1034//1034 1033//1033
f 874//874 875//875 1035//1035
f 874//874 1035//1035 1034//1034
f 875//875 876//876 1036//1036
f 875//875 1036//1036 1035//1035
f 876//876 877//877 1037//1037
f 876//876 1037//1037 1036//1036
f 877//877 878//878 1038//1038
f 877//877 1038//1038 1037//1037
f 878//878 879//879 1039//1039
f 878//878 1039//1039 1038//1038
f 879//879 880//880 1040//1040
f 879//879 1040//1040 1039//1039
f 880//880 881//881 1041//1041
f 880//880 1041//1041 1040//1040
f 881//881 882//882 1042//1042
f 881//881 1042//1042 1041//1041
f 882//882 883//883 1043//1043
f 882//882 1043//1043 1042//1042
f 883//883 884//884 1044//1044
f 883//883 1044//1044 1043//1043
f 884//884 885//885 1045//1045
f 884//884 1045//1045 1044//1044
f 885//885 886//886 1046//1046
f 885//885 1046//1046 1045//1045
f 886//886 887//887 1047//1047
f 886//886 1047//1047 1046//1046
f 887//887 888//888 1048//1048
f 887//887 1048//1048 1047//1047
f 888//888 889//889 1049//1049
f 888//888 1049//1049 1048//1048
f 889//889 890//890 1050//1050
f 889//889 1050//1050 1049//1049
f 890//890 891//891 1051//1051
f 890//890 1051//1051 1050//1050
f 891//891 892//892 1052//1052
f 891//891 1052//1052 1051//1051
f 892//892 893//893 1053//1053
f 892//892 1053//1053 1052//1052
f 893//893 894//894 1054//1054
f 893//893 1054//1054 1053//1053
f 894//894 895//895 1055//1055
f 894//894 1055//1055 1054//1054
f 895//895 896//896 1056//1056
f 895//895 1056//1056 1055//1055
f 896//896 897//897 1057//1057
f 896//896 1057//1057 1056//1056
f 897//897 898//898 1058//1058
f 897//897 1058//1058 1057//1057
f 898//898 899//899 1059//1059
f 898//898 1059//1059 1058//1058
f 899//899 900//900 1060//1060
f 899//899 1060//1060 1059//1059
f 900//900 901//901 1061//1061
f 900//900 1061//1061 1060//1060
f 901//901 902//902 1062//1062
f 901//901 1062//1062 1061//1061
f 902//902 903//903 1063//1063
f 902//902 1063//1063 1062//1062
f 903//903 904//904 1064//1064
f 903//903 1064//1064 1063//1063
f 904//904 905//905 1065//1065
f 904//904 1065//1065 1064//1064
f 905//905 906//906 1066//1066
f 905//905 1066//1066 1065//1065
f 906//906 907//907 1067//1067
f 906//906 1067//1067 1066//1066
f 907//907 908//908 1068//1068
f 907//907 1068//1068 1067//1067
f 908//908 909//909 1069//1069
f 908//908 1069//1069 1068//1068
f 909//909 910//910 1070//1070
f 909//909 1070//1070 1069//1069
f 910//910 911//911 1071//1071
f 910//910 1071//1071 1070//1070
f 911//911 912//912 1072//1072
f 911//911 1072//1072 1071//1071
f 912//912 913//913 1073//1073
f 912//912 1073//1073 1072//1072
f 913//913 914//914 1074//1074
f 913//913 1074//1074 1073//1073
f 914//914 915//915 1075//1075
f 914//914 1075//1075 1074//1074
f 915//915 916//916 1076//1076
f 915//915 1076//1076 1075//1075
f 916//916 917//917 1077//1077
f 916//916 1077//1077 1076//1076
f 917//917 918//918 1078//1078
f 917//917 1078//1078 1077//1077
f 918//918 919//919 1079//1079
f 918//918 1079//1079 1078//1078
f 919//919 920//920 1080//1080
f 919//919 1080//1080 1079//1079
f 920//920 921//921 1081//1081
f 920//920 1081//1081 1080//1080
f 921//921 922//922 1082//1082
f 921//921 1082//1082 1081//1081
f 922//922 923//923 1083//1083
f 922//922 1083//1083 1082//1082
f 923//923 924//924 1084//1084
f 923//923 1084//1084 1083//1083
f 924//924 925//925 1085//1085
f 924//924 1085//1085 1084//1084
f 925//925 926//926 1086//1086
f 925//925 1086//1086 1085//1085
f 926//926 927//927 1087//1087
f 926//926 1087//1087 1086//1086
f 927//927 928//928 1088//1088
f 927//927 1088//1088 1087//1087
f 928//928 929//929 1089//1089
f 928//928 1089//1089 1088//1088
f 929//929 930//930 1090//1090
f 929//929 1090//1090 1089//1089
f 930//930 931//931 1091//1091
f 930//930 1091//1091 1090//1090
f 931//931 932//932 1092//1092
f 931//931 1092//1092 1091//1091
f 932//932 933//933 1093//1093
f 932//932 1093//1093 1092//1092
f 933//933 934//934 1094//1094
f 933//933 1094//1094 1093//1093
f 934//934 935//935 1095//1095
f 934//934 1095//1095 1094//1094
f 935//935 936//936 1096//1096
f 935//935 1096//1096 1095//1095
f 936//936 937//937 1097//1097
f 936//936 1097//1097 1096//1096
f 937//937 938//938 1098//1098
f 937//937 1098//1098 1097//1097
f 938//938 939//939 1099//1099
f 938//938 1099//1099 1098//1098
f 939//939 940//940 1100//1100
f 939//939 1100//1100 1099//1099
f 940//940 941//941 1101//1101
f 940//940 1101//1101 1100//1100
f 941//941 942//942 1102//1102
f 941//941 1102//1102 1101//1101
f 942//942 943//943 1103//1103
f 942//942 1103//1103 1102//1102
f 943//943 944//944 1104//1104
f 943//943 1104//1104 1103//1103
f 944//944 945//945 1105//1105
f 944//944 1105//1105 1104//1104
f 945//945 946//946 1106//1106
f 945//945 1106//1106 1105//1105
f 946//946 947//947 1107//1107
f 946//946 1107//1107 1106//1106
f 947//947 948//948 1108//1108
f 947//947 1108//1108 1107//1107
f 948//948 949//949 1109//1109
f 948//948 1109//1109 1108//1108
f 949//949 950//950 1110//1110
f 949//949 1110//1110 1109//1109
f 950//950 951//951 1111//1111
f 950//950 1111//1111 1110//1110
f 951//951 952//952 1112//1112
f 951//951 1112//1112 1111//1111
f 952//952 953//953 1113//1113
f 952//952 1113//1113 1112//1112
f 953//953 954//954 1114//1114
f 953//953 1114//1114 1113//1113
f 954//954 955//955 1115//1115
f 954//954 1115//1115 1114//1114
f 955//955 956//956 1116//1116
f 955//955 1116//1116 1115//1115
f 956//956 957//957 1117//1117
f 956//956 1117//1117 1116//1116
f 957//957 958//958 1118//1118
f 957//957 1118//1118 1117//1117
f 958//958 959//959 1119//1119
f 958//958 1119//1119 1118//1118
f 959//959 960//960 1120//1120
f 959//959 1120//1120 1119//1119
f 960//960 801//801 961//961
f 960//960 961//961 1120//1120
f 961//961 962//962 1122//1122
f 961//961 1122//1122 1121//1121
f 962//962 963//963 1123//1123
f 962//962 1123//1123 1122//1122
f 963//963 964//964 1124//1124
f 963//963 1124//1124 1123//1123
f 964//964 965//965 1125//1125
f 964//964 1125//1125 1124//1124
f 965//965 966//966 1126//1126
f 965//965 1126//1126 1125//1125
f 966//966 967//967 1127//1127
f 966//966 1127//1127 1126//1126
f 967//967 968//968 1128//1128
f 967//967 1128//1128 1127//1127
f 968//968 969//969 1129//1129
f 968//968 1129//1129 1128//1128
f 969//969 970//970 1130//1130
f 969//969 1130//1130 1129//1129
f 970//970 971//971 1131//1131
f 970//970 1131//1131 1130//1130
f 971//971 972//972 1132//1132
f 971//971 1132//1132 1131//1131
f 972//972 973//973 1133//1133
f 972//972 1133//1133 1132//1132
f 973//973 974//974 1134//1134
f 973//973 1134//1134 1133//1133
f 974//974 975//975 1135//1135
f 974//974 1135//1135 1134//1134
f 975//975 976//976 1136//1136
f 975//975 1136//1136 1135//1135
f 976//976 977//977 1137//1137
f 976//976 1137//1137 1136//1136
f 977//977 978//978 1138//1138
f 977//977 1138//1138 1137//1137
f 978//978 979//979 1139//1139
f 978//978 1139//1139 1138//1138
f 979//979 980//980 1140//1140
f 979//979 1140//1140 1139//1139
f 980//980 981//981 1141//1141
f 980//980 1141//1141 1140//1140
f 981//981 982//982 1142//1142
f 981//981 1142//1142 1141//1141
f 982//982 983//983 1143//1143
f 982//982 1143//1143 1142//1142
f 983//983 984//984 1144//1144
f 983//983 1144//1144 1143//1143
f 984//984 985//985 1145//1145
f 984//984 1145//1145 1144//1144
f 985//985 986//986 1146//1146
f 985//985 1146//1146 1145//1145
f 986//986 987//987 1147//1147
f 986//986 1147//1147 1146//1146
f 987//987 988//988 1148//1148
f 987//987 1148//1148 1147//1147
f 988//988 989//989 1149//1149
f 988//988 1149//1149 1148//1148
f 989//989 990//990 1150//1150
f 989//989 1150//1150 1149//1149
f 990//990 991//991 1151//1151
f 990//990 1151//1151 1150//1150
f 991//991 992//992 1152//1152
f 991//991 1152//1152 1151//1151
f 992//992 993//993 1153//1153
f 992//992 1153//1153 1152//1152
f 993//993 994//994 1154//1154
f 993//993 1154//1154 1153//1153
f 994//994 995//995 1155//1155
f 994//994 1155//1155 1154//1154
f 995//995 996//996 1156//1156
f 995//995 1156//1156 1155//1155
f 996//996 997//997 1157//1157
f 996//996 1157//1157 1156//1156
f 997//997 998//998 1158//1158
f 997//997 1158//1158 1157//1157
f 998//998 999//999 1159//1159
f 998//998 1159//1159 1158//1158
f 999//999 1000//1000 1160//1160
f 999//999 1160//1160 1159//1159
f 1000//1000 1001//1001 1161//1161
f 1000//1000 1161//1161 1160//1160
f 1001//1001 1002//1002 1162//1162
f 1001//1001 1162//1162 1161//1161
f 1002//1002 1003//1003 1163//1163
f 1002//1002 1163//1163 1162//1162
f 1003//1003 1004//1004 1164//1164
f 1003//1003 1164//1164 1163//1163
f 1004//1004 1005//1005 1165//1165
f 1004//1004 1165//1165 1164//1164
f 1005//1005 1006//1006 1166//1166
f 1005//1005 1166//1166 1165//1165
f 1006//1006 1007//1007 1167//1167
f 1006//1006 1167//1167 1166//1166
f 1007//1007 1008//1008 1168//1168
f 1007//1007 1168//1168 1167//1167
f 1008//1008 1009//1009 1169//1169
f 1008//1008 1169//1169 1168//1168
f 1009//1009 1010//1010 1170//1170
f 1009//1009 1170//1170 1169//1169
f 1010//1010 1011//1011 1171//1171
f 1010//1010 1171//1171 1170//1170
f 1011//1011 1012//1012 1172//1172
f 1011//1011 1172//1172 1171//1171
f 1012//1012 1013//1013 1173//1173
f 1012//1012 1173//1173 1172//1172
f 1013//1013 1014//1014 1174//1174
f 1013//1013 1174//1174 1173//1173
f 1014//1014 1015//1015 1175//1175
f 1014//1014 1175//1175 1174//1174
f 1015//1015 1016//1016 1176//1176
f 1015//1015 1176//1176 1175//1175
f 1016//1016 1017//1017 1177//1177
f 1016//1016 1177//1177 1176//1176
f 1017//1017 1018//1018 1178//1178
f 1017//1017 1178//1178 1177//1177
f 1018//1018 1019//1019 1179//1179
f 1018//1018 1179//1179 1178//1178
f 1019//1019 1020//1020 1180//1180
f 1019//1019 1180//1180 1179//1179
f 1020//1020 1021//1021 1181//1181
f 1020//1020 1181//1181 1180//1180
f 1021//1021 1022//1022 1182//1182
f 1021//1021 1182//1182 1181//1181
f 1022//1022 1023//1023 1183//1183
f 1022//1022 1183//1183 1182//1182
f 1023//1023 1024//1024 1184//1184
f 1023//1023 1184//1184 1183//1183
f 1024//1024 1025//1025 1185//1185
f 1024//1024 1185//1185 1184//1184
f 1025//1025 1026//1026 1186//1186
f 1025//1025 1186//1186 1185//1185
f 1026//1026 1027//1027 1187//1187
f 1026//1026 1187//1187 1186//1186
f 1027//1027 1028//1028 1188//1188
f 1027//1027 1188//1188 1187//1187
f 1028//1028 1029//1029 1189//1189
f 1028//1028 1189//1189 1188//1188
f 1029//1029 1030//1030 1190//1190
f 1029//1029 1190//1190 1189//1189
f 1030//1030 1031//1031 1191//1191
f 1030//1030 1191//1191 1190//1190
f 1031//1031 1032//1032 1192//1192
f 1031//1031 1192//1192 1191//1191
f 1032//1032 1033//1033 1193//1193
f 1032//1032 1193//1193 1192//1192
f 1033//1033 1034//1034 1194//1194
f 1033//1033 1194//1194 1193//1193
f 1034//1034 1035//1035 1195//1195
f 1034//1034 1195//1195 1194//1194
f 1035//1035 1036//1036 1196//1196
f 1035//1035 1196//1196 1195//1195
f 1036//1036 1037//1037 1197//1197
f 1036//1036 1197//1197 1196//1196
f 1037//1037 1038//1038 1198//1198
f 1037//1037 1198//1198 1197//1197
f 1038//1038 1039//1039 1199//1199
f 1038//1038 1199//1199 1198//1198
f 1039//1039 1040//1040 1200//1200
f 1039//1039 1200//1200 1199//1199
f 1040//1040 1041//1041 1201//1201
f 1040//1040 1201//1201 1200//1200
f 1041//1041 1042//1042 1202//1202
f 1041//1041 1202//1202 1201//1201
f 1042//1042 1043//1043 1203//1203
f 1042//1042 1203//1203 1202//1202
f 1043//1043 1044//1044 1204//1204
f 1043//1043 1204//1204 1203//1203
f 1044//1044 1045//1045 1205//1205
f 1044//1044 1205//1205 1204//1204
f 1045//1045 1046//1046 1206//1206
f 1045//1045 1206//1206 1205//1205
f 1046//1046 1047//1047 1207//1207
f 1046//1046 1207//1207 1206//1206
f 1047//1047 1048//1048 1208//1208
f 1047//1047 1208//1208 1207//1207
f 1048//1048 1049//1049 1209//1209
f 1048//1048 1209//1209 1208//1208
f 1049//1049 1050//1050 1210//1210
f 1049//1049 1210//1210 1209//1209
f 1050//1050 1051//1051 1211//1211
f 1050//1050 1211//1211 1210//1210
f 1051//1051 1052//1052 1212//1212
f 1051//1051 1212//1212 1211//1211
f 1052//1052 1053//1053 1213//1213
f 1052//1052 1213//1213 1212//1212
f 1053//1053 1054//1054 1214//1214
f 1053//1053 1214//1214 1213//1213
f 1054//1054 1055//1055 1215//1215
f 1054//1054 1215//1215 1214//1214
f 1055//1055 1056//1056 1216//1216
f 1055//1055 1216//1216 1215//1215
f 1056//1056 1057//1057 1217//1217
f 1056//1056 1217//1217 1216//1216
f 1057//1057 1058//1058 1218//1218
f 1057//1057 1218//1218 1217//1217
f 1058//1058 1059//1059 1219//1219
f 1058//1058 1219//1219 1218//1218
f 1059//1059 1060//1060 1220//1220
f 1059//1059 1220//1220 1219//1219
f 1060//1060 1061//1061 1221//1221
f 1060//1060 1221//1221 1220//1220
f 1061//1061 1062//1062 1222//1222
f 1061//1061 1222//1222 1221//1221
f 1062//1062 1063//1063 1223//1223
f 1062//1062 1223//1223 1222//1222
f 1063//1063 1064//1064 1224//1224
f 1063//1063 1224//1224 1223//1223
f 1064//1064 1065//1065 1225//1225
f 1064//1064 1225//1225 1224//1224
f 1065//1065 1066//1066 1226//1226
f 1065//1065 1226//1226 1225//1225
f 1066//1066 1067//1067 1227//1227
f 1066//1066 1227//1227 1226//1226
f 1067//1067 1068//1068 1228//1228
f 1067//1067 1228//1228 1227//1227
f 1068//1068 1069//1069 1229//1229
f 1068//1068 1229//1229 1228//1228
f 1069//1069 1070//1070 1230//1230
f 1069//1069 1230//1230 1229//1229
f 1070//1070 1071//1071 1231//1231
f 1070//1070 1231//1231 1230//1230
f 1071//1071 1072//1072 1232//1232
f 1071//1071 1232//1232 1231//1231
f 1072//1072 1073//1073 1233//1233
f 1072//1072 1233//1233 1232//1232
f 1073//1073 1074//1074 1234//1234
f 1073//1073 1234//1234 1233//1233
f 1074//1074 1075//1075 1235//1235
f 1074//1074 1235//1235 1234//1234
f 1075//1075 1076//1076 1236//1236
f 1075//1075 1236//1236 1235//1235
f 1076//1076 1077//1077 1237//1237
f 1076//1076 1237//1237 1236//1236
f 1077//1077 1078//1078 1238//1238
f 1077//1077 1238//1238 1237//1237
f 1078//1078 1079//1079 1239//1239
f 1078//1078 1239//1239 1238//1238
f 1079//1079 1080//1080 1240//1240
f 1079//1079 1240//1240 1239//1239
f 1080//1080 1081//1081 1241//1241
f 1080//1080 1241//1241 1240//1240
f 1081//1081 1082//1082 1242//1242
f 1081//1081 1242//1242 1241//1241
f 1082//1082 1083//1083 1243//1243
f 1082//1082 1243//1243 1242//1242
f 1083//1083 1084//1084 1244//1244
f 1083//1083 1244//1244 1243//1243
f 1084//1084 1085//1085 1245//1245
f 1084//1084 1245//1245 1244//1244
f 1085//1085 1086//1086 1246//1246
f 1085//1085 1246//1246 1245//1245
f 1086//1086 1087//1087 1247//1247
f 1086//1086 1247//1247 1246//1246
f 1087//1087 1088//1088 1248//1248
f 1087//1087 1248//1248 1247//1247
f 1088//1088 1089//1089 1249//1249
f 1088//1088 1249//1249 1248//1248
f 1089//1089 1090//1090 1250//1250
f 1089//1089 1250//1250 1249//1249
f 1090//1090 1091//1091 1251//1251
f 1090//1090 1251//1251 1250//1250
f 1091//1091 1092//1092 1252//1252
f 1091//1091 1252//1252 1251//1251
f 1092//1092 1093//1093 1253//1253
f 1092//1092 1253//1253 1252//1252
f 1093//1093 1094//1094 1254//1254
f 1093//1093 1254//1254 1253//1253
f 1094//1094 1095//1095 1255//1255
f 1094//1094 1255//1255 1254//1254
f 1095//1095 1096//1096 1256//1256
f 1095//1095 1256//1256 1255//1255
f 1096//1096 1097//1097 1257//1257
f 1096//1096 1257//1257 1256//1256
f 1097//1097 1098//1098 1258//1258
f 1097//1097 1258//1258 1257//1257
f 1098//1098 1099//1099 1259//1259
f 1098//1098 1259//1259 1258//1258
f 1099//1099 1100//1100 1260//1260
f 1099//1099 1260//1260 1259//1259
f 1100//1100 1101//1101 1261//1261
f 1100//1100 1261//1261 1260//1260
f 1101//1101 1102//1102 1262//1262
f 1101//1101 1262//1262 1261//1261
f 1102//1102 1103//1103 1263//1263
f 1102//1102 1263//1263 1262//1262
f 1103//1103 1104//1104 1264//1264
f 1103//1103 1264//1264 1263//1263
f 1104//1104 1105//1105 1265//1265
f 1104//1104 1265//1265 1264//1264
f 1105//1105 1106//1106 1266//1266
f 1105//1105 1266//1266 1265//1265
f 1106//1106 1107//1107 1267//1267
f 1106//1106 1267//1267 1266//1266
f 1107//1107 1108//1108 1268//1268
f 1107//1107 1268//1268 1267//1267
f 1108//1108 1109//1109 1269//1269
f 1108//1108 1269//1269 1268//1268
f 1109//1109 1110//1110 1270//1270
f 1109//1109 1270//1270 1269//1269
f 1110//1110 1111//1111 1271//1271
f 1110//1110 1271//1271 1270//1270
f 1111//1111 1112//1112 1272//1272
f 1111//1111 1272//1272 1271//1271
f 1112//1112 1113//1113 1273//1273
f 1112//1112 1273//1273 1272//1272
f 1113//1113 1114//1114 1274//1274
f 1113//1113 1274//1274 1273//1273
f 1114//1114 1115//1115 1275//1275
f 1114//1114 1275//1275 1274//1274
f 1115//1115 1116//1116 1276//1276
f 1115//1115 1276//1276 1275//1275
f 1116//1116 1117//1117 1277//1277
f 1116//1116 1277//1277 1276//1276
f 1117//1117 1118//1118 1278//1278
f 1117//1117 1278//1278 1277//1277
f 1118//1118 1119//1119 1279//1279
f 1118//1118 1279//1279 1278//1278
f 1119//1119 1120//1120 1280//1280
f 1119//1119 1280//1280 1279//1279
f 1120//1120 961//961 1121//1121
f 1120//1120 1121//1121 1280//1280
f 1121//1121 1122//1122 1282//1282
f 1121//1121 1282//1282 1281//1281
f 1122//1122 1123//1123 1283//1283
f 1122//1122 1283//1283 1282//1282
f 1123//1123 1124//1124 1284//1284
f 1123//1123 1284//1284 1283//1283
f 1124//1124 1125//1125 1285//1285
f 1124//1124 1285//1285 1284//1284
f 1125//1125 1126//1126 1286//1286
f 1125//1125 1286//1286 1285//1285
f 1126//1126 1127//1127 1287//1287
f 1126//1126 1287//1287 1286//1286
f 1127//1127 1128//1128 1288//1288
f 1127//1127 1288//1288 1287//1287
f 1128//1128 1129//1129 1289//1289
f 1128//1128 1289//1289 1288//1288
f 1129//1129 1130//1130 1290//1290
f 1129//1129 1290//1290 1289//1289
f 1130//1130 1131//1131 1291//1291
f 1130//1130 1291//1291 1290//1290
f 1131//1131 1132//1132 1292//1292
f 1131//1131 1292//1292 1291//1291
f 1132//1132 1133//1133 1293//1293
f 1132//1132 1293//1293 1292//1292
f 1133//1133 1134//1134 1294//1294
f 1133//1133 1294//1294 1293//1293
f 1134//1134 1135//1135 1295//1295
f 1134//1134 1295//1295 1294//1294
f 1135//1135 1136//1136 1296//1296
f 1135//1135 1296//1296 1295//1295
f 1136//1136 1137//1137 1297//1297
f 1136//1136 1297//1297 1296//1296
f 1137//1137 1138//1138 1298//1298
f 1137//1137 1298//1298 1297//1297
f 1138//1138 1139//1139 1299//1299
f 1138//1138 1299//1299 1298//1298
f 1139//1139 1140//1140 1300//1300
f 1139//1139 1300//1300 1299//1299
f 1140//1140 1141//1141 1301//1301
f 1140//1140 1301//1301 1300//1300
f 1141//1141 1142//1142 1302//1302
f 1141//1141 1302//1302 1301//1301
f 1142//1142 1143//1143 1303//1303
f 1142//1142 1303//1303 1302//1302
f 1143//1143 1144//1144 1304//1304
f 1143//1143 1304//1304 1303//1303
f 1144//1144 1145//1145 1305//1305
f 1144//1144 1305//1305 1304//1304
f 1145//1145 1146//1146 1306//1306
f 1145//1145 1306//1306 1305//1305
f 1146//1146 1147//1147 1307//1307
f 1146//1146 1307//1307 1306//1306
f 1147//1147 1148//1148 1308//1308
f 1147//1147 1308//1308 1307//1307
f 1148//1148 1149//1149 1309//1309
f 1148//1148 1309//1309 1308//1308
f 1149//1149 1150//1150 1310//1310
f 1149//1149 1310//1310 1309//1309
f 1150//1150 1151//1151 1311//1311
f 1150//1150 1311//1311 1310//1310
f 1151//1151 1152//1152 1312//1312
f 1151//1151 1312//1312 1311//1311
f 1152//1152 1153//1153 1313//1313
f 1152//1152 1313//1313 1312//1312
f 1153//1153 1154//1154 1314//1314
f 1153//1153 1314//1314 1313//1313
f 1154//1154 1155//1155 1315//1315
f 1154//1154 1315//1315 1314//1314
f 1155//1155 1156//1156 1316//1316
f 1155//1155 1316//1316 1315//1315
f 1156//1156 1157//1157 1317//1317
f 1156//1156 1317//1317 1316//1316
f 1157//1157 1158//1158 1318//1318
f 1157//1157 1318//1318 1317//1317
f 1158//1158 1159//1159 1319//1319
f 1158//1158 1319//1319 1318//1318
f 1159//1159 1160//1160 1320//1320
f 1159//1159 1320//1320 1319//1319
f 1160//1160 1161//1161 1321//1321
f 1160//1160 1321//1321 1320//1320
f 1161//1161 1162//1162 1322//1322
f 1161//1161 1322//1322 1321//1321
f 1162//1162 1163//1163 1323//1323
f 1162//1162 1323//1323 1322//1322
f 1163//1163 1164//1164 1324//1324
f 1163//1163 1324//1324 1323//1323
f 1164//1164 1165//1165 1325//1325
f 1164//1164 1325//1325 1324//1324
f 1165//1165 1166//1166 1326//1326
f 1165//1165 1326//1326 1325//1325
f 1166//1166 1167//1167 1327//1327
f 1166//1166 1327//1327 1326//1326
f 1167//1167 1168//1168 1328//1328
f 1167//1167 1328//1328 1327//1327
f 1168//1168 1169//1169 1329//1329
f 1168//1168 1329//1329 1328//1328
f 1169//1169 1170//1170 1330//1330
f 1169//1169 1330//1330 1329//1329
f 1170//1170 1171//1171 1331//1331
f 1170//1170 1331//1331 1330//1330
f 1171//1171 1172//1172 1332//1332
f 1171//1171 1332//1332 1331//1331
f 1172//1172 1173//1173 1333//1333
f 1172//1172 1333//1333 1332//1332
f 1173//1173 1174//1174 1334//1334
f 1173//1173 1334//1334 1333//1333
f 1174//1174 1175//1175 1335//1335
f 1174//1174 1335//1335 1334//1334
f 1175//1175 1176//1176 1336//1336
f 1175//1175 1336//1336 1335//1335
f 1176//1176 1177//1177 1337//1337
f 1176//1176 1337//1337 1336//1336
f 1177//1177 1178//1178 1338//1338
f 1177//1177 1338//1338 1337//1337
f 1178//1178 1179//1179 1339//1339
f 1178//1178 1339//1339 1338//1338
f 1179//1179 1180//1180 1340//1340
f 1179//1179 1340//1340 1339//1339
f 1180//1180 1181//1181 1341//1341
f 1180//1180 1341//1341 1340//1340
f 1181//1181 1182//1182 1342//1342
f 1181//1181 1342//1342 1341//1341
f 1182//1182 1183//1183 1343//1343
f 1182//1182 1343//1343 1342//1342
f 1183//1183 1184//1184 1344//1344
f 1183//1183 1344//1344 1343//1343
f 1184//1184 1185//1185 1345//1345
f 1184//1184 1345//1345 1344//1344
f 1185//1185 1186//1186 1346//1346
f 1185//1185 1346//1346 1345//1345
f 1186//1186 1187//1187 1347//1347
f 1186//1186 1347//1347 1346//1346
f 1187//1187 1188//1188 1348//1348
f 1187//1187 1348//1348 1347//1347
f 1188//1188 1189//1189 1349//1349
f 1188//1188 1349//1349 1348//1348
f 1189//1189 1190//1190 1350//1350
f 1189//1189 1350//1350 1349//1349
f 1190//1190 1191//1191 1351//1351
f 1190//1190 1351//1351 1350//1350
f 1191//1191 1192//1192 1352//1352
f 1191//1191 1352//1352 1351//1351
f 1192//1192 1193//1193 1353//1353
f 1192//1192 1353//1353 1352//1352
f 1193//1193 1194//1194 1354//1354
f 1193//1193 1354//1354 1353//1353
f 1194//1194 1195//1195 1355//1355
f 1194//1194 1355//1355 1354//1354
f 1195//1195 1196//1196 1356//1356
f 1195//1195 1356//1356 1355//1355
f 1196//1196 1197//1197 1357//1357
f 1196//1196 1357//1357 1356//1356
f 1197//1197 1198//1198 1358//1358
f 1197//1197 1358//1358 1357//1357
f 1198//1198 1199//1199 1359//1359
f 1198//1198 1359//1359 1358//1358
f 1199//1199 1200//1200 1360//1360
f 1199//1199 1360//1360 1359//1359
f 1200//1200 1201//1201 1361//1361
f 1200//1200 1361//1361 1360//1360
f 1201//1201 1202//1202 1362//1362
f 1201//1201 1362//1362 1361//1361
f 1202//1202 1203//1203 1363//1363
f 1202//1202 1363//1363 1362//1362
f 1203//1203 1204//1204 1364//1364
f 1203//1203 1364//1364 1363//1363
f 1204//1204 1205//1205 1365//1365
f 1204//1204 1365//1365 1364//1364
f 1205//1205 1206//1206 1366//1366
f 1205//1205 1366//1366 1365//1365
f 1206//1206 1207//1207 1367//1367
f 1206//1206 1367//1367 1366//1366
f 1207//1207 1208//1208 1368//1368
f 1207//1207 1368//1368 1367//1367
f 1208//1208 1209//1209 1369//1369
f 1208//1208 1369//1369 1368//1368
f 1209//1209 1210//1210 1370//1370
f 1209//1209 1370//1370 1369//1369
f 1210//1210 1211//1211 1371//1371
f 1210//1210 1371//1371 1370//1370
f 1211//1211 1212//1212 1372//1372
f 1211//1211 1372//1372 1371//1371
f 1212//1212 1213//1213 1373//1373
f 1212//1212 1373//1373 1372//1372
f 1213//1213 1214//1214 1374//1374
f 1213//1213 1374//1374 1373//1373
f 1214//1214 1215//1215 1375//1375
f 1214//1214 1375//1375 1374//1374
f 1215//1215 1216//1216 1376//1376
f 1215//1215 1376//1376 1375//1375
f 1216//1216 1217//1217 1377//1377
f 1216//1216 1377//1377 1376//1376
f 1217//1217 1218//1218 1378//1378
f 1217//1217 1378//1378 1377//1377
f 1218//1218 1219//1219 1379//1379
f 1218//1218 1379//1379 1378//1378
f 1219//1219 1220//1220 1380//1380
f 1219//1219 1380//1380 1379//1379
f 1220//1220 1221//1221 1381//1381
f 1220//1220 1381//1381 1380//1380
f 1221//1221 1222//1222 1382//1382
f 1221//1221 1382//1382 1381//1381
f 1222//1222 1223//1223 1383//1383
f 1222//1222 1383//1383 1382//1382
f 1223//1223 1224//1224 1384//1384
f 1223//1223 1384//1384 1383//1383
f 1224//1224 1225//1225 1385//1385
f 1224//1224 1385//1385 1384//1384
f 1225//1225 1226//1226 1386//1386
f 1225//1225 1386//1386 1385//1385
f 1226//1226 1227//1227 1387//1387
f 1226//1226 1387//1387 1386//1386
f 1227//1227 1228//1228 1388//1388
f 1227//1227 1388//1388 1387//1387
f 1228//1228 1229//1229 1389//1389
f 1228//1228 1389//1389 1388//1388
f 1229//1229 1230//1230 1390//1390
f 1229//1229 1390//1390 1389//1389
f 1230//1230 1231//1231 1391//1391
f 1230//1230 1391//1391 1390//1390
f 1231//1231 1232//1232 1392//1392
f 1231//1231 1392//1392 1391//1391
f 1232//1232 1233//1233 1393//1393
f 1232//1232 1393//1393 1392//1392
f 1233//1233 1234//1234 1394//1394
f 1233//1233 1394//1394 1393//1393
f 1234//1234 1235//1235 1395//1395
f 1234//1234 1395//1395 1394//1394
f 1235//1235 1236//1236 1396//1396
f 1235//1235 1396//1396 1395//1395
f 1236//1236 1237//1237 1397//1397
f 1236//1236 1397//1397 1396//1396
f 1237//1237 1238//1238 1398//1398
f 1237//1237 1398//1398 1397//1397
f 1238//1238 1239//1239 1399//1399
f 1238//1238 1399//1399 1398//1398
f 1239//1239 1240//1240 1400//1400
f 1239//1239 1400//1400 1399//1399
f 1240//1240 1241//1241 1401//1401
f 1240//1240 1401//1401 1400//1400
f 1241//1241 1242//1242 1402//1402
f 1241//1241 1402//1402 1401//1401
f 1242//1242 1243//1243 1403//1403
f 1242//1242 1403//1403 1402//1402
f 1243//1243 1244//1244 1404//1404
f 1243//1243 1404//1404 1403//1403
f 1244//1244 1245//1245 1405//1405
f 1244//1244 1405//1405 1404//1404
f 1245//1245 1246//1246 1406//1406
f 1245//1245 1406//1406 1405//1405
f 1246//1246 1247//1247 1407//1407
f 1246//1246 1407//1407 1406//1406
f 1247//1247 1248//1248 1408//1408
f 1247//1247 1408//1408 1407//1407
f 1248//1248 1249//1249 1409//1409
f 1248//1248 1409//1409 1408//1408
f 1249//1249 1250//1250 1410//1410
f 1249//1249 1410//1410 1409//1409
f 1250//1250 1251//1251 1411//1411
f 1250//1250 1411//1411 1410//1410
f 1251//1251 1252//1252 1412//1412
f 1251//1251 1412//1412 1411//1411
f 1252//1252 1253//1253 1413//1413
f 1252//1252 1413//1413 1412//1412
f 1253//1253 1254//1254 1414//1414
f 1253//1253 1414//1414 1413//1413
f 1254//1254 1255//1255 1415//1415
f 1254//1254 1415//1415 1414//1414
f 1255//1255 1256//1256 1416//1416
f 1255//1255 1416//1416 1415//1415
f 1256//1256 1257//1257 1417//1417
f 1256//1256 1417//1417 1416//1416
f 1257//1257 1258//1258 1418//1418
f 1257//1257 1418//1418 1417//1417
f 1258//1258 1259//1259 1419//1419
f 1258//1258 1419//1419 1418//1418
f 1259//1259 1260//1260 1420//1420
f 1259//1259 1420//1420 1419//1419
f 1260//1260 1261//1261 1421//1421
f 1260//1260 1421//1421 1420//1420
f 1261//1261 1262//1262 1422//1422
f 1261//1261 1422//1422 1421//1421
f 1262//1262 1263//1263 1423//1423
f 1262//1262 1423//1423 1422//1422
f 1263//1263 1264//1264 1424//1424
f 1263//1263 1424//1424 1423//1423
f 1264//1264 1265//1265 1425//1425
f 1264//1264 1425//1425 1424//1424
f 1265//1265 1266//1266 1426//1426
f 1265//1265 1426//1426 1425//1425
f 1266//1266 1267//1267 1427//1427
f 1266//1266 1427//1427 1426//1426
f 1267//1267 1268//1268 1428//1428
f 1267//1267 1428//1428 1427//1427
f 1268//1268 1269//1269 1429//1429
f 1268//1268 1429//1429 1428//1428
f 1269//1269 1270//1270 1430//1430
f 1269//1269 1430//1430 1429//1429
f 1270//1270 1271//1271 1431//1431
f 1270//1270 1431//1431 1430//1430
f 1271//1271 1272//1272 1432//1432
f 1271//1271 1432//1432 1431//1431
f 1272//1272 1273//1273 1433//1433
f 1272//1272 1433//1433 1432//1432
f 1273//1273 1274//1274 1434//1434
f 1273//1273 1434//1434 1433//1433
f 1274//1274 1275//1275 1435//1435
f 1274//1274 1435//1435 1434//1434
f 1275//1275 1276//1276 1436//1436
f 1275//1275 1436//1436 1435//1435
f 1276//1276 1277//1277 1437//1437
f 1276//1276 1437//1437 1436//1436
f 1277//1277 1278//1278 1438//1438
f 1277//1277 1438//1438 1437//1437
f 1278//1278 1279//1279 1439//1439
f 1278//1278 1439//1439 1438//1438
f 1279//1279 1280//1280 1440//1440
f 1279//1279 1440//1440 1439//1439
f 1280//1280 1121//1121 1281//1281
f 1280//1280 1281//1281 1440//1440
f 1281//1281 1282//1282 1442//1442
f 1281//1281 1442//1442 1441//1441
f 1282//1282 1283//1283 1443//1443
f 1282//1282 1443//1443 1442//1442
f 1283//1283 1284//1284 1444//1444
f 1283//1283 1444//1444 1443//1443
f 1284//1284 1285//1285 1445//1445
f 1284//1284 1445//1445 1444//1444
f 1285//1285 1286//1286 1446//1446
f 1285//1285 1446//1446 1445//1445
f 1286//1286 1287//1287 1447//1447
f 1286//1286 1447//1447 1446//1446
f 1287//1287 1288//1288 1448//1448
f 1287//1287 1448//1448 1447//1447
f 1288//1288 1289//1289 1449//1449
f 1288//1288 1449//1449 1448//1448
f 1289//1289 1290//1290 1450//1450
f 1289//1289 1450//1450 1449//1449
f 1290//1290 1291//1291 1451//1451
f 1290//1290 1451//1451 1450//1450
f 1291//1291 1292//1292 1452//1452
f 1291//1291 1452//1452 1451//1451
f 1292//1292 1293//1293 1453//1453
f 1292//1292 1453//1453 1452//1452
f 1293//1293 1294//1294 1454//1454
f 1293//1293 1454//1454 1453//1453
f 1294//1294 1295//1295 1455//1455
f 1294//1294 1455//1455 1454//1454
f 1295//1295 1296//1296 1456//1456
f 1295//1295 1456//1456 1455//1455
f 1296//1296 1297//1297 1457//1457
f 1296//1296 1457//1457 1456//1456
f 1297//1297 1298//1298 1458//1458
f 1297//1297 1458//1458 1457//1457
f 1298//1298 1299//1299 1459//1459
f 1298//1298 1459//1459 1458//1458
f 1299//1299 1300//1300 1460//1460
f 1299//1299 1460//1460 1459//1459
f 1300//1300 1301//1301 1461//1461
f 1300//1300 1461//1461 1460//1460
f 1301//1301 1302//1302 1462//1462
f 1301//1301 1462//1462 1461//1461
f 1302//1302 1303//1303 1463//1463
f 1302//1302 1463//1463 1462//1462
f 1303//1303 1304//1304 1464//1464
f 1303//1303 1464//1464 1463//1463
f 1304//1304 1305//1305 1465//1465
f 1304//1304 1465//1465 1464//1464
f 1305//1305 1306//1306 1466//1466
f 1305//1305 1466//1466 1465//1465
f 1306//1306 1307//1307 1467//1467
f 1306//1306 1467//1467 1466//1466
f 1307//1307 1308//1308 1468//1468
f 1307//1307 1468//1468 1467//1467
f 1308//1308 1309//1309 1469//1469
f 1308//1308 1469//1469 1468//1468
f 1309//1309 1310//1310 1470//1470
f 1309//1309 1470//1470 1469//1469
f 1310//1310 1311//1311 1471//1471
f 1310//1310 1471//1471 1470//1470
f 1311//1311 1312//1312 1472//1472
f 1311//1311 1472//1472 1471//1471
f 1312//1312 1313//1313 1473//1473
f 1312//1312 1473//1473 1472//1472
f 1313//1313 1314//1314 1474//1474
f 1313//1313 1474//1474 1473//1473
f 1314//1314 1315//1315 1475//1475
f 1314//1314 1475//1475 1474//1474
f 1315//1315 1316//1316 1476//1476
f 1315//1315 1476//1476 1475//1475
f 1316//1316 1317//1317 1477//1477
f 1316//1316 1477//1477 1476//1476
f 1317//1317 1318//1318 1478//1478
f 1317//1317 1478//1478 1477//1477
f 1318//1318 1319//1319 1479//1479
f 1318//1318 1479//1479 1478//1478
f 1319//1319 1320//1320 1480//1480
f 1319//1319 1480//1480 1479//1479
f 1320//1320 1321//1321 1481//1481
f 1320//1320 1481//1481 1480//1480
f 1321//1321 1322//1322 1482//1482
f 1321//1321 1482//1482 1481//1481
f 1322//1322 1323//1323 1483//1483
f 1322//1322 1483//1483 1482//1482
f 1323//1323 1324//1324 1484//1484
f 1323//1323 1484//1484 1483//1483
f 1324//1324 1325//1325 1485//1485
f 1324//1324 1485//1485 1484//1484
f 1325//1325 1326//1326 1486//1486
f 1325//1325 1486//1486 1485//1485
f 1326//1326 1327//1327 1487//1487
f 1326//1326 1487//1487 1486//1486
f 1327//1327 1328//1328 1488//1488
f 1327//1327 1488//1488 1487//1487
f 1328//1328 1329//1329 1489//1489
f 1328//1328 1489//1489 1488//1488
f 1329//1329 1330//1330 1490//1490
f 1329//1329 1490//1490 1489//1489
f 1330//1330 1331//1331 1491//1491
f 1330//1330 1491//1491 1490//1490
f 1331//1331 1332//1332 1492//1492
f 1331//1331 1492//1492 1491//1491
f 1332//1332 1333//1333 1493//1493
f 1332//1332 1493//1493 1492//1492
f 1333//1333 1334//1334 1494//1494
f 1333//1333 1494//1494 1493//1493
f 1334//1334 1335//1335 1495//1495
f 1334//1334 1495//1495 1494//1494
f 1335//1335 1336//1336 1496//1496
f 1335//1335 1496//1496 1495//1495
f 1336//1336 1337//1337 1497//1497
f 1336//1336 1497//1497 1496//1496
f 1337//1337 1338//1338 1498//1498
f 1337//1337 1498//1498 1497//1497
f 1338//1338 1339//1339 1499//1499
f 1338//1338 1499//1499 1498//1498
f 1339//1339 1340//1340 1500//1500
f 1339//1339 1500//1500 1499//1499
f 1340//1340 1341//1341 1501//1501
f 1340//1340 1501//1501 1500//1500
f 1341//1341 1342//1342 1502//1502
f 1341//1341 1502//1502 1501//1501
f 1342//1342 1343//1343 1503//1503
f 1342//1342 1503//1503 1502//1502
f 1343//1343 1344//1344 1504//1504
f 1343//1343 1504//1504 1503//1503
f 1344//1344 1345//1345 1505//1505
f 1344//1344 1505//1505 1504//1504
f 1345//1345 1346//1346 1506//1506
f 1345//1345 1506//1506 1505//1505
f 1346//1346 1347//1347 1507//1507
f 1346//1346 1507//1507 1506//1506
f 1347//1347 1348//1348 1508//1508
f 1347//1347 1508//1508 1507//1507
f 1348//1348 1349//1349 1509//1509
f 1348//1348 1509//1509 1508//1508
f 1349//1349 1350//1350 1510//1510
f 1349//1349 1510//1510 1509//1509
f 1350//1350 1351//1351 1511//1511
f 1350//1350 1511//1511 1510//1510
f 1351//1351 1352//1352 1512//1512
f 1351//1351 1512//1512 1511//1511
f 1352//1352 1353//1353 1513//1513
f 1352//1352 1513//1513 1512//1512
f 1353//1353 1354//1354 1514//1514
f 1353//1353 1514//1514 1513//1513
f 1354//1354 1355//1355 1515//1515
f 1354//1354 1515//1515 1514//1514
f 1355//1355 1356//1356 1516//1516
f 1355//1355 1516//1516 1515//1515
f 1356//1356 1357//1357 1517//1517
f 1356//1356 1517//1517 1516//1516
f 1357//1357 1358//1358 1518//1518
f 1357//1357 1518//1518 1517//1517
f 1358//1358 1359//1359 1519//1519
f 1358//1358 1519//1519 1518//1518
f 1359//1359 1360//1360 1520//1520
f 1359//1359 1520//1520 1519//1519
f 1360//1360 1361//1361 1521//1521
f 1360//1360 1521//1521 1520//1520
f 1361//1361 1362//1362 1522//1522
f 1361//1361 1522//1522 1521//1521
f 1362//1362 1363//1363 1523//1523
f 1362//1362 1523//1523 1522//1522
f 1363//1363 1364//1364 1524//1524
f 1363//1363 1524//1524 1523//1523
f 1364//1364 1365//1365 1525//1525
f 1364//1364 1525//1525 1524//1524
f 1365//1365 1366//1366 1526//1526
f 1365//1365 1526//1526 1525//1525
f 1366//1366 1367//1367 1527//1527
f 1366//1366 1527//1527 1526//1526
f 1367//1367 1368//1368 1528//1528
f 1367//1367 1528//1528 1527//1527
f 1368//1368 1369//1369 1529//1529
f 1368//1368 1529//1529 1528//1528
f 1369//1369 1370//1370 1530//1530
f 1369//1369 1530//1530 1529//1529
f 1370//1370 1371//1371 1531//1531
f 1370//1370 1531//1531 1530//1530
f 1371//1371 1372//1372 1532//1532
f 1371//1371 1532//1532 1531//1531
f 1372//1372 1373//1373 1533//1533
f 1372//1372 1533//1533 1532//1532
f 1373//1373 1374//1374 1534//1534
f 1373//1373 1534//1534 1533//1533
f 1374//1374 1375//1375 1535//1535
f 1374//1374 1535//1535 1534//1534
f 1375//1375 1376//1376 1536//1536
f 1375//1375 1536//1536 1535//1535
f 1376//1376 1377//1377 1537//1537
f 1376//1376 1537//1537 1536//1536
f 1377//1377 1378//1378 1538//1538
f 1377//1377 1538//1538 1537//1537
f 1378//1378 1379//1379 1539//1539
f 1378//1378 1539//1539 1538//1538
f 1379//1379 1380//1380 1540//1540
f 1379//1379 1540//1540 1539//1539
f 1380//1380 1381//1381 1541//1541
f 1380//1380 1541//1541 1540//1540
f 1381//1381 1382//1382 1542//1542
f 1381//1381 1542//1542 1541//1541
f 1382//1382 1383//1383 1543//1543
f 1382//1382 1543//1543 1542//1542
f 1383//1383 1384//1384 1544//1544
f 1383//1383 1544//1544 1543//1543
f 1384//1384 1385//1385 1545//1545
f 1384//1384 1545//1545 1544//1544
f 1385//1385 1386//1386 1546//1546
f 1385//1385 1546//1546 1545//1545
f 1386//1386 1387//1387 1547//1547
f 1386//1386 1547//1547 1546//1546
f 1387//1387 1388//1388 1548//1548
f 1387//1387 1548//1548 1547//1547
f 1388//1388 1389//1389 1549//1549
f 1388//1388 1549//1549 1548//1548
f 1389//1389 1390//1390 1550//1550
f 1389//1389 1550//1550 1549//1549
f 1390//1390 1391//1391 1551//1551
f 1390//1390 1551//1551 1550//1550
f 1391//1391 1392//1392 1552//1552
f 1391//1391 1552//1552 1551//1551
f 1392//1392 1393//1393 1553//1553
f 1392//1392 1553//1553 1552//1552
f 1393//1393 1394//1394 1554//1554
f 1393//1393 1554//1554 1553//1553
f 1394//1394 1395//1395 1555//1555
f 1394//1394 1555//1555 1554//1554
f 1395//1395 1396//1396 1556//1556
f 1395//1395 1556//1556 1555//1555
f 1396//1396 1397//1397 1557//1557
f 1396//1396 1557//1557 1556//1556
f 1397//1397 1398//1398 1558//1558
f 1397//1397 1558//1558 1557//1557
f 1398//1398 1399//1399 1559//1559
f 1398//1398 1559//1559 1558//1558
f 1399//1399 1400//1400 1560//1560
f 1399//1399 1560//1560 1559//1559
f 1400//1400 1401//1401 1561//1561
f 1400//1400 1561//1561 1560//1560
f 1401//1401 1402//1402 1562//1562
f 1401//1401 1562//1562 1561//1561
f 1402//1402 1403//1403 1563//1563
f 1402//1402 1563//1563 1562//1562
f 1403//1403 1404//1404 1564//1564
f 1403//1403 1564//1564 1563//1563
f 1404//1404 1405//1405 1565//1565
f 1404//1404 1565//1565 1564//1564
f 1405//1405 1406//1406 1566//1566
f 1405//1405 1566//1566 1565//1565
f 1406//1406 1407//1407 1567//1567
f 1406//1406 1567//1567 1566//1566
f 1407//1407 1408//1408 1568//1568
f 1407//1407 1568//1568 1567//1567
f 1408//1408 1409//1409 1569//1569
f 1408//1408 1569//1569 1568//1568
f 1409//1409 1410//1410 1570//1570
f 1409//1409 1570//1570 1569//1569
f 1410//1410 1411//1411 1571//1571
f 1410//1410 1571//1571 1570//1570
f 1411//1411 1412//1412 1572//1572
f 1411//1411 1572//1572 1571//1571
f 1412//1412 1413//1413 1573//1573
f 1412//1412 1573//1573 1572//1572
f 1413//1413 1414//1414 1574//1574
f 1413//1413 1574//1574 1573//1573
f 1414//1414 1415//1415 1575//1575
f 1414//1414 1575//1575 1574//1574
f 1415//1415 1416//1416 1576//1576
f 1415//1415 1576//1576 1575//1575
f 1416//1416 1417//1417 1577//1577
f 1416//1416 1577//1577 1576//1576
f 1417//1417 1418//1418 1578//1578
f 1417//1417 1578//1578 1577//1577
f 1418//1418 1419//1419 1579//1579
f 1418//1418 1579//1579 1578//1578
f 1419//1419 1420//1420 1580//1580
f 1419//1419 1580//1580 1579//1579
f 1420//1420 1421//1421 1581//1581
f 1420//1420 1581//1581 1580//1580
f 1421//1421 1422//1422 1582//1582
f 1421//1421 1582//1582 1581//1581
f 1422//1422 1423//1423 1583//1583
f 1422//1422 1583//1583 1582//1582
f 1423//1423 1424//1424 1584//1584
f 1423//1423 1584//1584 1583//1583
f 1424//1424 1425//1425 1585//1585
f 1424//1424 1585//1585 1584//1584
f 1425//1425 1426//1426 1586//1586
f 1425//1425 1586//1586 1585//1585
f 1426//1426 1427//1427 1587//1587
f 1426//1426 1587//1587 1586//1586
f 1427//1427 1428//1428 1588//1588
f 1427//1427 1588//1588 1587//1587
f 1428//1428 1429//1429 1589//1589
f 1428//1428 1589//1589 1588//1588
f 1429//1429 1430//1430 1590//1590
f 1429//1429 1590//1590 1589//1589
f 1430//1430 1431//1431 1591//1591
f 1430//1430 1591//1591 1590//1590
f 1431//1431 1432//1432 1592//1592
f 1431//1431 1592//1592 1591//1591
f 1432//1432 1433//1433 1593//1593
f 1432//1432 1593//1593 1592//1592
f 1433//1433 1434//1434 1594//1594
f 1433//1433 1594//1594 1593//1593
f 1434//1434 1435//1435 1595//1595
f 1434//1434 1595//1595 1594//1594
f 1435//1435 1436//1436 1596//1596
f 1435//1435 1596//1596 1595//1595
f 1436//1436 1437//1437 1597//1597
f 1436//1436 1597//1597 1596//1596
f 1437//1437 1438//1438 1598//1598
f 1437//1437 1598//1598 1597//1597
f 1438//1438 1439//1439 1599//1599
f 1438//1438 1599//1599 1598//1598
f 1439//1439 1440//1440 1600//1600
f 1439//1439 1600//1600 1599//1599
f 1440//1440 1281//1281 1441//1441
f 1440//1440 1441//1441 1600//1600
f 1441//1441 1442//1442 1602//1602
f 1441//1441 1602//1602 1601//1601
f 1442//1442 1443//1443 1603//1603
f 1442//1442 1603//1603 1602//1602
f 1443//1443 1444//1444 1604//1604
f 1443//1443 1604//1604 1603//1603
f 1444//1444 1445//1445 1605//1605
f 1444//1444 1605//1605 1604//1604
f 1445//1445 1446//1446 1606//1606
f 1445//1445 1606//1606 1605//1605
f 1446//1446 1447//1447 1607//1607
f 1446//1446 1607//1607 1606//1606
f 1447//1447 1448//1448 1608//1608
f 1447//1447 1608//1608 1607//1607
f 1448//1448 1449//1449 1609//1609
f 1448//1448 1609//1609 1608//1608
f 1449//1449 1450//1450 1610//1610
f 1449//1449 1610//1610 1609//1609
f 1450//1450 1451//1451 1611//1611
f 1450//1450 1611//1611 1610//1610
f 1451//1451 1452//1452 1612//1612
f 1451//1451 1612//1612 1611//1611
f 1452//1452 1453//1453 1613//1613
f 1452//1452 1613//1613 1612//1612
f 1453//1453 1454//1454 1614//1614
f 1453//1453 1614//1614 1613//1613
f 1454//1454 1455//1455 1615//1615
f 1454//1454 1615//1615 1614//1614
f 1455//1455 1456//1456 1616//1616
f 1455//1455 1616//1616 1615//1615
f 1456//1456 1457//1457 1617//1617
f 1456//1456 1617//1617 1616//1616
f 1457//1457 1458//1458 1618//1618
f 1457//1457 1618//1618 1617//1617
f 1458//1458 1459//1459 1619//1619
f 1458//1458 1619//1619 1618//1618
f 1459//1459 1460//1460 1620//1620
f 1459//1459 1620//1620 1619//1619
f 1460//1460 1461//1461 1621//1621
f 1460//1460 1621//1621 1620//1620
f 1461//1461 1462//1462 1622//1622
f 1461//1461 1622//1622 1621//1621
f 1462//1462 1463//1463 1623//1623
f 1462//1462 1623//1623 1622//1622
f 1463//1463 1464//1464 1624//1624
f 1463//1463 1624//1624 1623//1623
f 1464//1464 1465//1465 1625//1625
f 1464//1464 1625//1625 1624//1624
f 1465//1465 1466//1466 1626//1626
f 1465//1465 1626//1626 1625//1625
f 1466//1466 1467//1467 1627//1627
f 1466//1466 1627//1627 1626//1626
f 1467//1467 1468//1468 1628//1628
f 1467//1467 1628//1628 1627//1627
f 1468//1468 1469//1469 1629//1629
f 1468//1468 1629//1629 1628//1628
f 1469//1469 1470//1470 1630//1630
f 1469//1469 1630//1630 1629//1629
f 1470//1470 1471//1471 1631//1631
f 1470//1470 1631//1631 1630//1630
f 1471//1471 1472//1472 1632//1632
f 1471//1471 1632//1632 1631//1631
f 1472//1472 1473//1473 1633//1633
f 1472//1472 1633//1633 1632//1632
f 1473//1473 1474//1474 1634//1634
f 1473//1473 1634//1634 1633//1633
f 1474//1474 1475//1475 1635//1635
f 1474//1474 1635//1635 1634//1634
f 1475//1475 1476//1476 1636//1636
f 1475//1475 1636//1636 1635//1635
f 1476//1476 1477//1477 1637//1637
f 1476//1476 1637//1637 1636//1636
f 1477//1477 1478//1478 1638//1638
f 1477//1477 1638//1638 1637//1637
f 1478//1478 1479//1479 1639//1639
f 1478//1478 1639//1639 1638//1638
f 1479//1479 1480//1480 1640//1640
f 1479//1479 1640//1640 1639//1639
f 1480//1480 1481//1481 1641//1641
f 1480//1480 1641//1641 1640//1640
f 1481//1481 1482//1482 1642//1642
f 1481//1481 1642//1642 1641//1641
f 1482//1482 1483//1483 1643//1643
f 1482//1482 1643//1643 1642//1642
f 1483//1483 1484//1484 1644//1644
f 1483//1483 1644//1644 1643//1643
f 1484//1484 1485//1485 1645//1645
f 1484//1484 1645//1645 1644//1644
f 1485//1485 1486//1486 1646//1646
f 1485//1485 1646//1646 1645//1645
f 1486//1486 1487//1487 1647//1647
f 1486//1486 1647//1647 1646//1646
f 1487//1487 1488//1488 1648//1648
f 1487//1487 1648//1648 1647//1647
f 1488//1488 1489//1489 1649//1649
f 1488//1488 1649//1649 1648//1648
f 1489//1489 1490//1490 1650//1650
f 1489//1489 1650//1650 1649//1649
f 1490//1490 1491//1491 1651//1651
f 1490//1490 1651//1651 1650//1650
f 1491//1491 1492//1492 1652//1652
f 1491//1491 1652//1652 1651//1651
f 1492//1492 1493//1493 1653//1653
f 1492//1492 1653//1653 1652//1652
f 1493//1493 1494//1494 1654//1654
f 1493//1493 1654//1654 1653//1653
f 1494//1494 1495//1495 1655//1655
f 1494//1494 1655//1655 1654//1654
f 1495//1495 1496//1496 1656//1656
f 1495//1495 1656//1656 1655//1655
f 1496//1496 1497//1497 1657//1657
f 1496//1496 1657//1657 1656//1656
f 1497//1497 1498//1498 1658//1658
f 1497//1497 1658//1658 1657//1657
f 1498//1498 1499//1499 1659//1659
f 1498//1498 1659//1659 1658//1658
f 1499//1499 1500//1500 1660//1660
f 1499//1499 1660//1660 1659//1659
f 1500//1500 1501//1501 1661//1661
f 1500//1500 1661//1661 1660//1660
f 1501//1501 1502//1502 1662//1662
f 1501//1501 1662//1662 1661//1661
f 1502//1502 1503//1503 1663//1663
f 1502//1502 1663//1663 1662//1662
f 1503//1503 1504//1504 1664//1664
f 1503//1503 1664//1664 1663//1663
f 1504//1504 1505//1505 1665//1665
f 1504//1504 1665//1665 1664//1664
f 1505//1505 1506//1506 1666//1666
f 1505//1505 1666//1666 1665//1665
f 1506//1506 1507//1507 1667//1667
f 1506//1506 1667//1667 1666//1666
f 1507//1507 1508//1508 1668//1668
f 1507//1507 1668//1668 1667//1667
f 1508//1508 1509//1509 1669//1669
f 1508//1508 1669//1669 1668//1668
f 1509//1509 1510//1510 1670//1670
f 1509//1509 1670//1670 1669//1669
f 1510//1510 1511//1511 1671//1671
f 1510//1510 1671//1671 1670//1670
f 1511//1511 1512//1512 1672//1672
f 1511//1511 1672//1672 1671//1671
f 1512//1512 1513//1513 1673//1673
f 1512//1512 1673//1673 1672//1672
f 1513//1513 1514//1514 1674//1674
f 1513//1513 1674//1674 1673//1673
f 1514//1514 1515//1515 1675//1675
f 1514//1514 1675//1675 1674//1674
f 1515//1515 1516//1516 1676//1676
f 1515//1515 1676//1676 1675//1675
f 1516//1516 1517//1517 1677//1677
f 1516//1516 1677//1677 1676//1676
f 1517//1517 1518//1518 1678//1678
f 1517//1517 1678//1678 1677//1677
f 1518//1518 1519//1519 1679//1679
f 1518//1518 1679//1679 1678//1678
f 1519//1519 1520//1520 1680//1680
f 1519//1519 1680//1680 1679//1679
f 1520//1520 1521//1521 1681//1681
f 1520//1520 1681//1681 1680//1680
f 1521//1521 1522//1522 1682//1682
f 1521//1521 1682//1682 1681//1681
f 1522//1522 1523//1523 1683//1683
f 1522//1522 1683//1683 1682//1682
f 1523//1523 1524//1524 1684//1684
f 1523//1523 1684//1684 1683//1683
f 1524//1524 1525//1525 1685//1685
f 1524//1524 1685//1685 1684//1684
f 1525//1525 1526//1526 1686//1686
f 1525//1525 1686//1686 1685//1685
f 1526//1526 1527//1527 1687//1687
f 1526//1526 1687//1687 1686//1686
f 1527//1527 1528//1528 1688//1688
f 1527//1527 1688//1688 1687//1687
f 1528//1528 1529//1529 1689//1689
f 1528//1528 1689//1689 1688//1688
f 1529//1529 1530//1530 1690//1690
f 1529//1529 1690//1690 1689//1689
f 1530//1530 1531//1531 1691//1691
f 1530//1530 1691//1691 1690//1690
f 1531//1531 1532//1532 1692//1692
f 1531//1531 1692//1692 1691//1691
f 1532//1532 1533//1533 1693//1693
f 1532//1532 1693//1693 1692//1692
f 1533//1533 1534//1534 1694//1694
f 1533//1533 1694//1694 1693//1693
f 1534//1534 1535//1535 1695//1695
f 1534//1534 1695//1695 1694//1694
f 1535//1535 1536//1536 1696//1696
f 1535//1535 1696//1696 1695//1695
f 1536//1536 1537//1537 1697//1697
f 1536//1536 1697//1697 1696//1696
f 1537//1537 1538//1538 1698//1698
f 1537//1537 1698//1698 1697//1697
f 1538//1538 1539//1539 1699//1699
f 1538//1538 1699//1699 1698//1698
f 1539//1539 1540//1540 1700//1700
f 1539//1539 1700//1700 1699//1699
f 1540//1540 1541//1541 1701//1701
f 1540//1540 1701//1701 1700//1700
f 1541//1541 1542//1542 1702//1702
f 1541//1541 1702//1702 1701//1701
f 1542//1542 1543//1543 1703//1703
f 1542//1542 1703//1703 1702//1702
f 1543//1543 1544//1544 1704//1704
f 1543//1543 1704//1704 1703//1703
f 1544//1544 1545//1545 1705//1705
f 1544//1544 1705//1705 1704//1704
f 1545//1545 1546//1546 1706//1706
f 1545//1545 1706//1706 1705//1705
f 1546//1546 1547//1547 1707//1707
f 1546//1546 1707//1707 1706//1706
f 1547//1547 1548//1548 1708//1708
f 1547//1547 1708//1708 1707//1707
f 1548//1548 1549//1549 1709//1709
f 1548//1548 1709//1709 1708//1708
f 1549//1549 1550//1550 1710//1710
f 1549//1549 1710//1710 1709//1709
f 1550//1550 1551//1551 1711//1711
f 1550//1550 1711//1711 1710//1710
f 1551//1551 1552//1552 1712//1712
f 1551//1551 1712//1712 1711//1711
f 1552//1552 1553//1553 1713//1713
f 1552//1552 1713//1713 1712//1712
f 1553//1553 1554//1554 1714//1714
f 1553//1553 1714//1714 1713//1713
f 1554//1554 1555//1555 1715//1715
f 1554//1554 1715//1715 1714//1714
f 1555//1555 1556//1556 1716//1716
f 1555//1555 1716//1716 1715//1715
f 1556//1556 1557//1557 1717//1717
f 1556//1556 1717//1717 1716//1716
f 1557//1557 1558//1558 1718//1718
f 1557//1557 1718//1718 1717//1717
f 1558//1558 1559//1559 1719//1719
f 1558//1558 1719//1719 1718//1718
f 1559//1559 1560//1560 1720//1720
f 1559//1559 1720//1720 1719//1719
f 1560//1560 1561//1561 1721//1721
f 1560//1560 1721//1721 1720//1720
f 1561//1561 1562//1562 1722//1722
f 1561//1561 1722//1722 1721//1721
f 1562//1562 1563//1563 1723//1723
f 1562//1562 1723//1723 1722//1722
f 1563//1563 1564//1564 1724//1724
f 1563//1563 1724//1724 1723//1723
f 1564//1564 1565//1565 1725//1725
f 1564//1564 1725//1725 1724//1724
f 1565//1565 1566//1566 1726//1726
f 1565//1565 1726//1726 1725//1725
f 1566//1566 1567//1567 1727//1727
f 1566//1566 1727//1727 1726//1726
f 1567//1567 1568//1568 1728//1728
f 1567//1567 1728//1728 1727//1727
f 1568//1568 1569//1569 1729//1729
f 1568//1568 1729//1729 1728//1728
f 1569//1569 1570//1570 1730//1730
f 1569//1569 1730//1730 1729//1729
f 1570//1570 1571//1571 1731//1731
f 1570//1570 1731//1731 1730//1730
f 1571//1571 1572//1572 1732//1732
f 1571//1571 1732//1732 1731//1731
f 1572//1572 1573//1573 1733//1733
f 1572//1572 1733//1733 1732//1732
f 1573//1573 1574//1574 1734//1734
f 1573//1573 1734//1734 1733//1733
f 1574//1574 1575//1575 1735//1735
f 1574//1574 1735//1735 1734//1734
f 1575//1575 1576//1576 1736//1736
f 1575//1575 1736//1736 1735//1735
f 1576//1576 1577//1577 1737//1737
f 1576//1576 1737//1737 1736//1736
f 1577//1577 1578//1578 1738//1738
f 1577//1577 1738//1738 1737//1737
f 1578//1578 1579//1579 1739//1739
f 1578//1578 1739//1739 1738//1738
f 1579//1579 1580//1580 1740//1740
f 1579//1579 1740//1740 1739//1739
f 1580//1580 1581//1581 1741//1741
f 1580//1580 1741//1741 1740//1740
f 1581//1581 1582//1582 1742//1742
f 1581//1581 1742//1742 1741//1741
f 1582//1582 1583//1583 1743//1743
f 1582//1582 1743//1743 1742//1742
f 1583//1583 1584//1584 1744//1744
f 1583//1583 1744//1744 1743//1743
f 1584//1584 1585//1585 1745//1745
f 1584//1584 1745//1745 1744//1744
f 1585//1585 1586//1586 1746//1746
f 1585//1585 1746//1746 1745//1745
f 1586//1586 1587//1587 1747//1747
f 1586//1586 1747//1747 1746//1746
f 1587//1587 1588//1588 1748//1748
f 1587//1587 1748//1748 1747//1747
f 1588//1588 1589//1589 1749//1749
f 1588//1588 1749//1749 1748//1748
f 1589//1589 1590//1590 1750//1750
f 1589//1589 1750//1750 1749//1749
f 1590//1590 1591//1591 1751//1751
f 1590//1590 1751//1751 1750//1750
f 1591//1591 1592//1592 1752//1752
f 1591//1591 1752//1752 1751//1751
f 1592//1592 1593//1593 1753//1753
f 1592//1592 1753//1753 1752//1752
f 1593//1593 1594//1594 1754//1754
f 1593//1593 1754//1754 1753//1753
f 1594//1594 1595//1595 1755//1755
f 1594//1594 1755//1755 1754//1754
f 1595//1595 1596//1596 1756//1756
f 1595//1595 1756//1756 1755//1755
f 1596//1596 1597//1597 1757//1757
f 1596//1596 1757//1757 1756//1756
f 1597//1597 1598//1598 1758//1758
f 1597//1597 1758//1758 1757//1757
f 1598//1598 1599//1599 1759//1759
f 1598//1598 1759//1759 1758//1758
f 1599//1599 1600//1600 1760//1760
f 1599//1599 1760//1760 1759//1759
f 1600//1600 1441//1441 1601//1601
f 1600//1600 1601//1601 1760//1760
f 1601//1601 1602//1602 1762//1762
f 1601//1601 1762//1762 1761//1761
f 1602//1602 1603//1603 1763//1763
f 1602//1602 1763//1763 1762//1762
f 1603//1603 1604//1604 1764//1764
f 1603//1603 1764//1764 1763//1763
f 1604//1604 1605//1605 1765//1765
f 1604//1604 1765//1765 1764//1764
f 1605//1605 1606//1606 1766//1766
f 1605//1605 1766//1766 1765//1765
f 1606//1606 1607//1607 1767//1767
f 1606//1606 1767//1767 1766//1766
f 1607//1607 1608//1608 1768//1768
f 1607//1607 1768//1768 1767//1767
f 1608//1608 1609//1609 1769//1769
f 1608//1608 1769//1769 1768//1768
f 1609//1609 1610//1610 1770//1770
f 1609//1609 1770//1770 1769//1769
f 1610//1610 1611//1611 1771//1771
f 1610//1610 1771//1771 1770//1770
f 1611//1611 1612//1612 1772//1772
f 1611//1611 1772//1772 1771//1771
f 1612//1612 1613//1613 1773//1773
f 1612//1612 1773//1773 1772//1772
f 1613//1613 1614//1614 1774//1774
f 1613//1613 1774//1774 1773//1773
f 1614//1614 1615//1615 1775//1775
f 1614//1614 1775//1775 1774//1774
f 1615//1615 1616//1616 1776//1776
f 1615//1615 1776//1776 1775//1775
f 1616//1616 1617//1617 1777//1777
f 1616//1616 1777//1777 1776//1776
f 1617//1617 1618//1618 1778//1778
f 1617//1617 1778//1778 1777//1777
f 1618//1618 1619//1619 1779//1779
f 1618//1618 1779//1779 1778//1778
f 1619//1619 1620//1620 1780//1780
f 1619//1619 1780//1780 1779//1779
f 1620//1620 1621//1621 1781//1781
f 1620//1620 1781//1781 1780//1780
f 1621//1621 1622//1622 1782//1782
f 1621//1621 1782//1782 1781//1781
f 1622//1622 1623//1623 1783//1783
f 1622//1622 1783//1783 1782//1782
f 1623//1623 1624//1624 1784//1784
f 1623//1623 1784//1784 1783//1783
f 1624//1624 1625//1625 1785//1785
f 1624//1624 1785//1785 1784//1784
f 1625//1625 1626//1626 1786//1786
f 1625//1625 1786//1786 1785//1785
f 1626//1626 1627//1627 1787//1787
f 1626//1626 1787//1787 1786//1786
f 1627//1627 1628//1628 1788//1788
f 1627//1627 1788//1788 1787//1787
f 1628//1628 1629//1629 1789//1789
f 1628//1628 1789//1789 1788//1788
f 1629//1629 1630//1630 1790//1790
f 1629//1629 1790//1790 1789//1789
f 1630//1630 1631//1631 1791//1791
f 1630//1630 1791//1791 1790//1790
f 1631//1631 1632//1632 1792//1792
f 1631//1631 1792//1792 1791//1791
f 1632//1632 1633//1633 1793//1793
f 1632//1632 1793//1793 1792//1792
f 1633//1633 1634//1634 1794//1794
f 1633//1633 1794//1794 1793//1793
f 1634//1634 1635//1635 1795//1795
f 1634//1634 1795//1795 1794//1794
f 1635//1635 1636//1636 1796//1796
f 1635//1635 1796//1796 1795//1795
f 1636//1636 1637//1637 1797//1797
f 1636//1636 1797//1797 1796//1796
f 1637//1637 1638//1638 1798//1798
f 1637//1637 1798//1798 1797//1797
f 1638//1638 1639//1639 1799//1799
f 1638//1638 1799//1799 1798//1798
f 1639//1639 1640//1640 1800//1800
f 1639//1639 1800//1800 1799//1799
f 1640//1640 1641//1641 1801//1801
f 1640//1640 1801//1801 1800//1800
f 1641//1641 1642//1642 1802//1802
f 1641//1641 1802//1802 1801//1801
f 1642//1642 1643//1643 1803//1803
f 1642//1642 1803//1803 1802//1802
f 1643//1643 1644//1644 1804//1804
f 1643//1643 1804//1804 1803//1803
f 1644//1644 1645//1645 1805//1805
f 1644//1644 1805//1805 1804//1804
f 1645//1645 1646//1646 1806//1806
f 1645//1645 1806//1806 1805//1805
f 1646//1646 1647//1647 1807//1807
f 1646//1646 1807//1807 1806//1806
f 1647//1647 1648//1648 1808//1808
f 1647//1647 1808//1808 1807//1807
f 1648//1648 1649//1649 1809//1809
f 1648//1648 1809//1809 1808//1808
f 1649//1649 1650//1650 1810//1810
f 1649//1649 1810//1810 1809//1809
f 1650//1650 1651//1651 1811//1811
f 1650//1650 1811//1811 1810//1810
f 1651//1651 1652//1652 1812//1812
f 1651//1651 1812//1812 1811//1811
f 1652//1652 1653//1653 1813//1813
f 1652//1652 1813//1813 1812//1812
f 1653//1653 1654//1654 1814//1814
f 1653//1653 1814//1814 1813//1813
f 1654//1654 1655//1655 1815//1815
f 1654//1654 1815//1815 1814//1814
f 1655//1655 1656//1656 1816//1816
f 1655//1655 1816//1816 1815//1815
f 1656//1656 1657//1657 1817//1817
f 1656//1656 1817//1817 1816//1816
f 1657//1657 1658//1658 1818//1818
f 1657//1657 1818//1818 1817//1817
f 1658//1658 1659//1659 1819//1819
f 1658//1658 1819//1819 1818//1818
f 1659//1659 1660//1660 1820//1820
f 1659//1659 1820//1820 1819//1819
f 1660//1660 1661//1661 1821//1821
f 1660//1660 1821//1821 1820//1820
f 1661//1661 1662//1662 1822//1822
f 1661//1661 1822//1822 1821//1821
f 1662//1662 1663//1663 1823//1823
f 1662//1662 1823//1823 1822//1822
f 1663//1663 1664//1664 1824//1824
f 1663//1663 1824//1824 1823//1823
f 1664//1664 1665//1665 1825//1825
f 1664//1664 1825//1825 1824//1824
f 1665//1665 1666//1666 1826//1826
f 1665//1665 1826//1826 1825//1825
f 1666//1666 1667//1667 1827//1827
f 1666//1666 1827//1827 1826//1826
f 1667//1667 1668//1668 1828//1828
f 1667//1667 1828//1828 1827//1827
f 1668//1668 1669//1669 1829//1829
f 1668//1668 1829//1829 1828//1828
f 1669//1669 1670//1670 1830//1830
f 1669//1669 1830//1830 1829//1829
f 1670//1670 1671//1671 1831//1831
f 1670//1670 1831//1831 1830//1830
f 1671//1671 1672//1672 1832//1832
f 1671//1671 1832//1832 1831//1831
f 1672//1672 1673//1673 1833//1833
f 1672//1672 1833//1833 1832//1832
f 1673//1673 1674//1674 1834//1834
f 1673//1673 1834//1834 1833//1833
f 1674//1674 1675//1675 1835//1835
f 1674//1674 1835//1835 1834//1834
f 1675//1675 1676//1676 1836//1836
f 1675//1675 1836//1836 1835//1835
f 1676//1676 1677//1677 1837//1837
f 1676//1676 1837//1837 1836//1836
f 1677//1677 1678//1678 1838//1838
f 1677//1677 1838//1838 1837//1837
f 1678//1678 1679//1679 1839//1839
f 1678//1678 1839//1839 1838//1838
f 1679//1679 1680//1680 1840//1840
f 1679//1679 1840//1840 1839//1839
f 1680//1680 1681//1681 1841//1841
f 1680//1680 1841//1841 1840//1840
f 1681//1681 1682//1682 1842//1842
f 1681//1681 1842//1842 1841//1841
f 1682//1682 1683//1683 1843//1843
f 1682//1682 1843//1843 1842//1842
f 1683//1683 1684//1684 1844//1844
f 1683//1683 1844//1844 1843//1843
f 1684//1684 1685//1685 1845//1845
f 1684//1684 1845//1845 1844//1844
f 1685//1685 1686//1686 1846//1846
f 1685//1685 1846//1846 1845//1845
f 1686//1686 1687//1687 1847//1847
f 1686//1686 1847//1847 1846//1846
f 1687//1687 1688//1688 1848//1848
f 1687//1687 1848//1848 1847//1847
f 1688//1688 1689//1689 1849//1849
f 1688//1688 1849//1849 1848//1848
f 1689//1689 1690//1690 1850//1850
f 1689//1689 1850//1850 1849//1849
f 1690//1690 1691//1691 1851//1851
f 1690//1690 1851//1851 1850//1850
f 1691//1691 1692//1692 1852//1852
f 1691//1691 1852//1852 1851//1851
f 1692//1692 1693//1693 1853//1853
f 1692//1692 1853//1853 1852//1852
f 1693//1693 1694//1694 1854//1854
f 1693//1693 1854//1854 1853//1853
f 1694//1694 1695//1695 1855//1855
f 1694//1694 1855//1855 1854//1854
f 1695//1695 1696//1696 1856//1856
f 1695//1695 1856//1856 1855//1855
f 1696//1696 1697//1697 1857//1857
f 1696//1696 1857//1857 1856//1856
f 1697//1697 1698//1698 1858//1858
f 1697//1697 1858//1858 1857//1857
f 1698//1698 1699//1699 1859//1859
f 1698//1698 1859//1859 1858//1858
f 1699//1699 1700//1700 1860//1860
f 1699//1699 1860//1860 1859//1859
f 1700//1700 1701//1701 1861//1861
f 1700//1700 1861//1861 1860//1860
f 1701//1701 1702//1702 1862//1862
f 1701//1701 1862//1862 1861//1861
f 1702//1702 1703//1703 1863//1863
f 1702//1702 1863//1863 1862//1862
f 1703//1703 1704//1704 1864//1864
f 1703//1703 1864//1864 1863//1863
f 1704//1704 1705//1705 1865//1865
f 1704//1704 1865//1865 1864//1864
f 1705//1705 1706//1706 1866//1866
f 1705//1705 1866//1866 1865//1865
f 1706//1706 1707//1707 1867//1867
f 1706//1706 1867//1867 1866//1866
f 1707//1707 1708//1708 1868//1868
f 1707//1707 1868//1868 1867//1867
f 1708//1708 1709//1709 1869//1869
f 1708//1708 1869//1869 1868//1868
f 1709//1709 1710//1710 1870//1870
f 1709//1709 1870//1870 1869//1869
f 1710//1710 1711//1711 1871//1871
f 1710//1710 1871//1871 1870//1870
f 1711//1711 1712//1712 1872//1872
f 1711//1711 1872//1872 1871//1871
f 1712//1712 1713//1713 1873//1873
f 1712//1712 1873//1873 1872//1872
f 1713//1713 1714//1714 1874//1874
f 1713//1713 1874//1874 1873//1873
f 1714//1714 1715//1715 1875//1875
f 1714//1714 1875//1875 1874//1874
f 1715//1715 1716//1716 1876//1876
f 1715//1715 1876//1876 1875//1875
f 1716//1716 1717//1717 1877//1877
f 1716//1716 1877//1877 1876//1876
f 1717//1717 1718//1718 1878//1878
f 1717//1717 1878//1878 1877//1877
f 1718//1718 1719//1719 1879//1879
f 1718//1718 1879//1879 1878//1878
f 1719//1719 1720//1720 1880//1880
f 1719//1719 1880//1880 1879//1879
f 1720//1720 1721//1721 1881//1881
f 1720//1720 1881//1881 1880//1880
f 1721//1721 1722//1722 1882//1882
f 1721//1721 1882//1882 1881//1881
f 1722//1722 1723//1723 1883//1883
f 1722//1722 1883//1883 1882//1882
f 1723//1723 1724//1724 1884//1884
f 1723//1723 1884//1884 1883//1883
f 1724//1724 1725//1725 1885//1885
f 1724//1724 1885//1885 1884//1884
f 1725//1725 1726//1726 1886//1886
f 1725//1725 1886//1886 1885//1885
f 1726//1726 1727//1727 1887//1887
f 1726//1726 1887//1887 1886//1886
f 1727//1727 1728//1728 1888//1888
f 1727//1727 1888//1888 1887//1887
f 1728//1728 1729//1729 1889//1889
f 1728//1728 1889//1889 1888//1888
f 1729//1729 1730//1730 1890//1890
f 1729//1729 1890//1890 1889//1889
f 1730//1730 1731//1731 1891//1891
f 1730//1730 1891//1891 1890//1890
f 1731//1731 1732//1732 1892//1892
f 1731//1731 1892//1892 1891//1891
f 1732//1732 1733//1733 1893//1893
f 1732//1732 1893//1893 1892//1892
f 1733//1733 1734//1734 1894//1894
f 1733//1733 1894//1894 1893//1893
f 1734//1734 1735//1735 1895//1895
f 1734//1734 1895//1895 1894//1894
f 1735//1735 1736//1736 1896//1896
f 1735//1735 1896//1896 1895//1895
f 1736//1736 1737//1737 1897//1897
f 1736//1736 1897//1897 1896//1896
f 1737//1737 1738//1738 1898//1898
f 1737//1737 1898//1898 1897//1897
f 1738//1738 1739//1739 1899//1899
f 1738//1738 1899//1899 1898//1898
f 1739//1739 1740//1740 1900//1900
f 1739//1739 1900//1900 1899//1899
f 1740//1740 1741//1741 1901//1901
f 1740//1740 1901//1901 1900//1900
f 1741//1741 1742//1742 1902//1902
f 1741//1741 1902//1902 1901//1901
f 1742//1742 1743//1743 1903//1903
f 1742//1742 1903//1903 1902//1902
f 1743//1743 1744//1744 1904//1904
f 1743//1743 1904//1904 1903//1903
f 1744//1744 1745//1745 1905//1905
f 1744//1744 1905//1905 1904//1904
f 1745//1745 1746//1746 1906//1906
f 1745//1745 1906//1906 1905//1905
f 1746//1746 1747//1747 1907//1907
f 1746//1746 1907//1907 1906//1906
f 1747//1747 1748//1748 1908//1908
f 1747//1747 1908//1908 1907//1907
f 1748//1748 1749//1749 1909//1909
f 1748//1748 1909//1909 1908//1908
f 1749//1749 1750//1750 1910//1910
f 1749//1749 1910//1910 1909//1909
f 1750//1750 1751//1751 1911//1911
f 1750//1750 1911//1911 1910//1910
f 1751//1751 1752//1752 1912//1912
f 1751//1751 1912//1912 1911//1911
f 1752//1752 1753//1753 1913//1913
f 1752//1752 1913//1913 1912//1912
f 1753//1753 1754//1754 1914//1914
f 1753//1753 1914//1914 1913//1913
f 1754//1754 1755//1755 1915//1915
f 1754//1754 1915//1915 1914//1914
f 1755//1755 1756//1756 1916//1916
f 1755//1755 1916//1916 1915//1915
f 1756//1756 1757//1757 1917//1917
f 1756//1756 1917//1917 1916//1916
f 1757//1757 1758//1758 1918//1918
f 1757//1757 1918//1918 1917//1917
f 1758//1758 1759//1759 1919//1919
f 1758//1758 1919//1919 1918//1918
f 1759//1759 1760//1760 1920//1920
f 1759//1759 1920//1920 1919//1919
f 1760//1760 1601//1601 1761//1761
f 1760//1760 1761//1761 1920//1920
f 1761//1761 1762//1762 1922//1922
f 1761//1761 1922//1922 1921//1921
f 1762//1762 1763//1763 1923//1923
f 1762//1762 1923//1923 1922//1922
f 1763//1763 1764//1764 1924//1924
f 1763//1763 1924//1924 1923//1923
f 1764//1764 1765//1765 1925//1925
f 1764//1764 1925//1925 1924//1924
f 1765//1765 1766//1766 1926//1926
f 1765//1765 1926//1926 1925//1925
f 1766//1766 1767//1767 1927//1927
f 1766//1766 1927//1927 1926//1926
f 1767//1767 1768//1768 1928//1928
f 1767//1767 1928//1928 1927//1927
f 1768//1768 1769//1769 1929//1929
f 1768//1768 1929//1929 1928//1928
f 1769//1769 1770//1770 1930//1930
f 1769//1769 1930//1930 1929//1929
f 1770//1770 1771//1771 1931//1931
f 1770//1770 1931//1931 1930//1930
f 1771//1771 1772//1772 1932//1932
f 1771//1771 1932//1932 1931//1931
f 1772//1772 1773//1773 1933//1933
f 1772//1772 1933//1933 1932//1932
f 1773//1773 1774//1774 1934//1934
f 1773//1773 1934//1934 1933//1933
f 1774//1774 1775//1775 1935//1935
f 1774//1774 1935//1935 1934//1934
f 1775//1775 1776//1776 1936//1936
f 1775//1775 1936//1936 1935//1935
f 1776//1776 1777//1777 1937//1937
f 1776//1776 1937//1937 1936//1936
f 1777//1777 1778//1778 1938//1938
f 1777//1777 1938//1938 1937//1937
f 1778//1778 1779//1779 1939//1939
f 1778//1778 1939//1939 1938//1938
f 1779//1779 1780//1780 1940//1940
f 1779//1779 1940//1940 1939//1939
f 1780//1780 1781//1781 1941//1941
f 1780//1780 1941//1941 1940//1940
f 1781//1781 1782//1782 1942//1942
f 1781//1781 1942//1942 1941//1941
f 1782//1782 1783//1783 1943//1943
f 1782//1782 1943//1943 1942//1942
f 1783//1783 1784//1784 1944//1944
f 1783//1783 1944//1944 1943//1943
f 1784//1784 1785//1785 1945//1945
f 1784//1784 1945//1945 1944//1944
f 1785//1785 1786//1786 1946//1946
f 1785//1785 1946//1946 1945//1945
f 1786//1786 1787//1787 1947//1947
f 1786//1786 1947//1947 1946//1946
f 1787//1787 1788//1788 1948//1948
f 1787//1787 1948//1948 1947//1947
f 1788//1788 1789//1789 1949//1949
f 1788//1788 1949//1949 1948//1948
f 1789//1789 1790//1790 1950//1950
f 1789//1789 1950//1950 1949//1949
f 1790//1790 1791//1791 1951//1951
f 1790//1790 1951//1951 1950//1950
f 1791//1791 1792//1792 1952//1952
f 1791//1791 1952//1952 1951//1951
f 1792//1792 1793//1793 1953//1953
f 1792//1792 1953//1953 1952//1952
f 1793//1793 1794//1794 1954//1954
f 1793//1793 1954//1954 1953//1953
f 1794//1794 1795//1795 1955//1955
f 1794//1794 1955//1955 1954//1954
f 1795//1795 1796//1796 1956//1956
f 1795//1795 1956//1956 1955//1955
f 1796//1796 1797//1797 1957//1957
f 1796//1796 1957//1957 1956//1956
f 1797//1797 1798//1798 1958//1958
f 1797//1797 1958//1958 1957//1957
f 1798//1798 1799//1799 1959//1959
f 1798//1798 1959//1959 1958//1958
f 1799//1799 1800//1800 1960//1960
f 1799//1799 1960//1960 1959//1959
f 1800//1800 1801//1801 1961//1961
f 1800//1800 1961//1961 1960//1960
f 1801//1801 1802//1802 1962//1962
f 1801//1801 1962//1962 1961//1961
f 1802//1802 1803//1803 1963//1963
f 1802//1802 1963//1963 1962//1962
f 1803//1803 1804//1804 1964//1964
f 1803//1803 1964//1964 1963//1963
f 1804//1804 1805//1805 1965//1965
f 1804//1804 1965//1965 1964//1964
f 1805//1805 1806//1806 1966//1966
f 1805//1805 1966//1966 1965//1965
f 1806//1806 1807//1807 1967//1967
f 1806//1806 1967//1967 1966//1966
f 1807//1807 1808//1808 1968//1968
f 1807//1807 1968//1968 1967//1967
f 1808//1808 1809//1809 1969//1969
f 1808//1808 1969//1969 1968//1968
f 1809//1809 1810//1810 1970//1970
f 1809//1809 1970//1970 1969//1969
f 1810//1810 1811//1811 1971//1971
f 1810//1810 1971//1971 1970//1970
f 1811//1811 1812//1812 1972//1972
f 1811//1811 1972//1972 1971//1971
f 1812//1812 1813//1813 1973//1973
f 1812//1812 1973//1973 1972//1972
f 1813//1813 1814//1814 1974//1974
f 1813//1813 1974//1974 1973//1973
f 1814//1814 1815//1815 1975//1975
f 1814//1814 1975//1975 1974//1974
f 1815//1815 1816//1816 1976//1976
f 1815//1815 1976//1976 1975//1975
f 1816//1816 1817//1817 1977//1977
f 1816//1816 1977//1977 1976//1976
f 1817//1817 1818//1818 1978//1978
f 1817//1817 1978//1978 1977//1977
f 1818//1818 1819//1819 1979//1979
f 1818//1818 1979//1979 1978//1978
f 1819//1819 1820//1820 1980//1980
f 1819//1819 1980//1980 1979//1979
f 1820//1820 1821//1821 1981//1981
f 1820//1820 1981//1981 1980//1980
f 1821//1821 1822//1822 1982//1982
f 1821//1821 1982//1982 1981//1981
f 1822//1822 1823//1823 1983//1983
f 1822//1822 1983//1983 1982//1982
f 1823//1823 1824//1824 1984//1984
f 1823//1823 1984//1984 1983//1983
f 1824//1824 1825//1825 1985//1985
f 1824//1824 1985//1985 1984//1984
f 1825//1825 1826//1826 1986//1986
f 1825//1825 1986//1986 1985//1985
f 1826//1826 1827//1827 1987//1987
f 1826//1826 1987//1987 1986//1986
f 1827//1827 1828//1828 1988//1988
f 1827//1827 1988//1988 1987//1987
f 1828//1828 1829//1829 1989//1989
f 1828//1828 1989//1989 1988//1988
f 1829//1829 1830//1830 1990//1990
f 1829//1829 1990//1990 1989//1989
f 1830//1830 1831//1831 1991//1991
f 1830//1830 1991//1991 1990//1990
f 1831//1831 1832//1832 1992//1992
f 1831//1831 1992//1992 1991//1991
f 1832//1832 1833//1833 1993//1993
f 1832//1832 1993//1993 1992//1992
f 1833//1833 1834//1834 1994//1994
f 1833//1833 1994//1994 1993//1993
f 1834//1834 1835//1835 1995//1995
f 1834//1834 1995//1995 1994//1994
f 1835//1835 1836//1836 1996//1996
f 1835//1835 1996//1996 1995//1995
f 1836//1836 1837//1837 1997//1997
f 1836//1836 1997//1997 1996//1996
f 1837//1837 1838//1838 1998//1998
f 1837//1837 1998//1998 1997//1997
f 1838//1838 1839//1839 1999//1999
f 1838//1838 1999//1999 1998//1998
f 1839//1839 1840//1840 2000//2000
f 1839//1839 2000//2000 1999//1999
f 1840//1840 1841//1841 2001//2001
f 1840//1840 2001//2001 2000//2000
f 1841//1841 1842//1842 2002//2002
f 1841//1841 2002//2002 2001//2001
f 1842//1842 1843//1843 2003//2003
f 1842//1842 2003//2003 2002//2002
f 1843//1843 1844//1844 2004//2004
f 1843//1843 2004//2004 2003//2003
f 1844//1844 1845//1845 2005//2005
f 1844//1844 2005//2005 2004//2004
f 1845//1845 1846//1846 2006//2006
f 1845//1845 2006//2006 2005//2005
f 1846//1846 1847//1847 2007//2007
f 1846//1846 2007//2007 2006//2006
f 1847//1847 1848//1848 2008//2008
f 1847//1847 2008//2008 2007//2007
f 1848//1848 1849//1849 2009//2009
f 1848//1848 2009//2009 2008//2008
f 1849//1849 1850//1850 2010//2010
f 1849//1849 2010//2010 2009//2009
f 1850//1850 1851//1851 2011//2011
f 1850//1850 2011//2011 2010//2010
f 1851//1851 1852//1852 2012//2012
f 1851//1851 2012//2012 2011//2011
f 1852//1852 1853//1853 2013//2013
f 1852//1852 2013//2013 2012//2012
f 1853//1853 1854//1854 2014//2014
f 1853//1853 2014//2014 2013//2013
f 1854//1854 1855//1855 2015//2015
f 1854//1854 2015//2015 2014//2014
f 1855//1855 1856//1856 2016//2016
f 1855//1855 2016//2016 2015//2015
f 1856//1856 1857//1857 2017//2017
f 1856//1856 2017//2017 2016//2016
f 1857//1857 1858//1858 2018//2018
f 1857//1857 2018//2018 2017//2017
f 1858//1858 1859//1859 2019//2019
f 1858//1858 2019//2019 2018//2018
f 1859//1859 1860//1860 2020//2020
f 1859//1859 2020//2020 2019//2019
f 1860//1860 1861//1861 2021//2021
f 1860//1860 2021//2021 2020//2020
f 1861//1861 1862//1862 2022//2022
f 1861//1861 2022//2022 2021//2021
f 1862//1862 1863//1863 2023//2023
f 1862//1862 2023//2023 2022//2022
f 1863//1863 1864//1864 2024//2024
f 1863//1863 2024//2024 2023//2023
f 1864//1864 1865//1865 2025//2025
f 1864//1864 2025//2025 2024//2024
f 1865//1865 1866//1866 2026//2026
f 1865//1865 2026//2026 2025//2025
f 1866//1866 1867//1867 2027//2027
f 1866//1866 2027//2027 2026//2026
f 1867//1867 1868//1868 2028//2028
f 1867//1867 2028//2028 2027//2027
f 1868//1868 1869//1869 2029//2029
f 1868//1868 2029//2029 2028//2028
f 1869//1869 1870//1870 2030//2030
f 1869//1869 2030//2030 2029//2029
f 1870//1870 1871//1871 2031//2031
f 1870//1870 2031//2031 2030//2030
f 1871//1871 1872//1872 2032//2032
f 1871//1871 2032//2032 2031//2031
f 1872//1872 1873//1873 2033//2033
f 1872//1872 2033//2033 2032//2032
f 1873//1873 1874//1874 2034//2034
f 1873//1873 2034//2034 2033//2033
f 1874//1874 1875//1875 2035//2035
f 1874//1874 2035//2035 2034//2034
f 1875//1875 1876//1876 2036//2036
f 1875//1875 2036//2036 2035//2035
f 1876//1876 1877//1877 2037//2037
f 1876//1876 2037//2037 2036//2036
f 1877//1877 1878//1878 2038//2038
f 1877//1877 2038//2038 2037//2037
f 1878//1878 1879//1879 2039//2039
f 1878//1878 2039//2039 2038//2038
f 1879//1879 1880//1880 2040//2040
f 1879//1879 2040//2040 2039//2039
f 1880//1880 1881//1881 2041//2041
f 1880//1880 2041//2041 2040//2040
f 1881//1881 1882//1882 2042//2042
f 1881//1881 2042//2042 2041//2041
f 1882//1882 1883//1883 2043//2043
f 1882//1882 2043//2043 2042//2042
f 1883//1883 1884//1884 2044//2044
f 1883//1883 2044//2044 2043//2043
f 1884//1884 1885//1885 2045//2045
f 1884//1884 2045//2045 2044//2044
f 1885//1885 1886//1886 2046//2046
f 1885//1885 2046//2046 2045//2045
f 1886//1886 1887//1887 2047//2047
f 1886//1886 2047//2047 2046//2046
f 1887//1887 1888//1888 2048//2048
f 1887//1887 2048//2048 2047//2047
f 1888//1888 1889//1889 2049//2049
f 1888//1888 2049//2049 2048//2048
f 1889//1889 1890//1890 2050//2050
f 1889//1889 2050//2050 2049//2049
f 1890//1890 1891//1891 2051//2051
f 1890//1890 2051//2051 2050//2050
f 1891//1891 1892//1892 2052//2052
f 1891//1891 2052//2052 2051//2051
f 1892//1892 1893//1893 2053//2053
f 1892//1892 2053//2053 2052//2052
f 1893//1893 1894//1894 2054//2054
f 1893//1893 2054//2054 2053//2053
f 1894//1894 1895//1895 2055//2055
f 1894//1894 2055//2055 2054//2054
f 1895//1895 1896//1896 2056//2056
f 1895//1895 2056//2056 2055//2055
f 1896//1896 1897//1897 2057//2057
f 1896//1896 2057//2057 2056//2056
f 1897//1897 1898//1898 2058//2058
f 1897//1897 2058//2058 2057//2057
f 1898//1898 1899//1899 2059//2059
f 1898//1898 2059//2059 2058//2058
f 1899//1899 1900//1900 2060//2060
f 1899//1899 2060//2060 2059//2059
f 1900//1900 1901//1901 2061//2061
f 1900//1900 2061//2061 2060//2060
f 1901//1901 1902//1902 2062//2062
f 1901//1901 2062//2062 2061//2061
f 1902//1902 1903//1903 2063//2063
f 1902//1902 2063//2063 2062//2062
f 1903//1903 1904//1904 2064//2064
f 1903//1903 2064//2064 2063//2063
f 1904//1904 1905//1905 2065//2065
f 1904//1904 2065//2065 2064//2064
f 1905//1905 1906//1906 2066//2066
f 1905//1905 2066//2066 2065//2065
f 1906//1906 1907//1907 2067//2067
f 1906//1906 2067//2067 2066//2066
f 1907//1907 1908//1908 2068//2068
f 1907//1907 2068//2068 2067//2067
f 1908//1908 1909//1909 2069//2069
f 1908//1908 2069//2069 2068//2068
f 1909//1909 1910//1910 2070//2070
f 1909//1909 2070//2070 2069//2069
f 1910//1910 1911//1911 2071//2071
f 1910//1910 2071//2071 2070//2070
f 1911//1911 1912//1912 2072//2072
f 1911//1911 2072//2072 2071//2071
f 1912//1912 1913//1913 2073//2073
f 1912//1912 2073//2073 2072//2072
f 1913//1913 1914//1914 2074//2074
f 1913//1913 2074//2074 2073//2073
f 1914//1914 1915//1915 2075//2075
f 1914//1914 2075//2075 2074//2074
f 1915//1915 1916//1916 2076//2076
f 1915//1915 2076//2076 2075//2075
f 1916//1916 1917//1917 2077//2077
f 1916//1916 2077//2077 2076//2076
f 1917//1917 1918//1918 2078//2078
f 1917//1917 2078//2078 2077//2077
f 1918//1918 1919//1919 2079//2079
f 1918//1918 2079//2079 2078//2078
f 1919//1919 1920//1920 2080//2080
f 1919//1919 2080//2080 2079//2079
f 1920//1920 1761//1761 1921//1921
f 1920//1920 1921//1921 2080//2080
f 1921//1921 1922//1922 2082//2082
f 1921//1921 2082//2082 2081//2081
f 1922//1922 1923//1923 2083//2083
f 1922//1922 2083//2083 2082//2082
f 1923//1923 1924//1924 2084//2084
f 1923//1923 2084//2084 2083//2083
f 1924//1924 1925//1925 2085//2085
f 1924//1924 2085//2085 2084//2084
f 1925//1925 1926//1926 2086//2086
f 1925//1925 2086//2086 2085//2085
f 1926//1926 1927//1927 2087//2087
f 1926//1926 2087//2087 2086//2086
f 1927//1927 1928//1928 2088//2088
f 1927//1927 2088//2088 2087//2087
f 1928//1928 1929//1929 2089//2089
f 1928//1928 2089//2089 2088//2088
f 1929//1929 1930//1930 2090//2090
f 1929//1929 2090//2090 2089//2089
f 1930//1930 1931//1931 2091//2091
f 1930//1930 2091//2091 2090//2090
f 1931//1931 1932//1932 2092//2092
f 1931//1931 2092//2092 2091//2091
f 1932//1932 1933//1933 2093//2093
f 1932//1932 2093//2093 2092//2092
f 1933//1933 1934//1934 2094//2094
f 1933//1933 2094//2094 2093//2093
f 1934//1934 1935//1935 2095//2095
f 1934//1934 2095//2095 2094//2094
f 1935//1935 1936//1936 2096//2096
f 1935//1935 2096//2096 2095//2095
f 1936//1936 1937//1937 2097//2097
f 1936//1936 2097//2097 2096//2096
f 1937//1937 1938//1938 2098//2098
f 1937//1937 2098//2098 2097//2097
f 1938//1938 1939//1939 2099//2099
f 1938//1938 2099//2099 2098//2098
f 1939//1939 1940//1940 2100//2100
f 1939//1939 2100//2100 2099//2099
f 1940//1940 1941//1941 2101//2101
f 1940//1940 2101//2101 2100//2100
f 1941//1941 1942//1942 2102//2102
f 1941//1941 2102//2102 2101//2101
f 1942//1942 1943//1943 2103//2103
f 1942//1942 2103//2103 2102//2102
f 1943//1943 1944//1944 2104//2104
f 1943//1943 2104//2104 2103//2103
f 1944//1944 1945//1945 2105//2105
f 1944//1944 2105//2105 2104//2104
f 1945//1945 1946//1946 2106//2106
f 1945//1945 2106//2106 2105//2105
f 1946//1946 1947//1947 2107//2107
f 1946//1946 2107//2107 2106//2106
f 1947//1947 1948//1948 2108//2108
f 1947//1947 2108//2108 2107//2107
f 1948//1948 1949//1949 2109//2109
f 1948//1948 2109//2109 2108//2108
f 1949//1949 1950//1950 2110//2110
f 1949//1949 2110//2110 2109//2109
f 1950//1950 1951//1951 2111//2111
f 1950//1950 2111//2111 2110//2110
f 1951//1951 1952//1952 2112//2112
f 1951//1951 2112//2112 2111//2111
f 1952//1952 1953//1953 2113//2113
f 1952//1952 2113//2113 2112//2112
f 1953//1953 1954//1954 2114//2114
f 1953//1953 2114//2114 2113//2113
f 1954//1954 1955//1955 2115//2115
f 1954//1954 2115//2115 2114//2114
f 1955//1955 1956//1956 2116//2116
f 1955//1955 2116//2116 2115//2115
f 1956//1956 1957//1957 2117//2117
f 1956//1956 2117//2117 2116//2116
f 1957//1957 1958//1958 2118//2118
f 1957//1957 2118//2118 2117//2117
f 1958//1958 1959//1959 2119//2119
f 1958//1958 2119//2119 2118//2118
f 1959//1959 1960//1960 2120//2120
f 1959//1959 2120//2120 2119//2119
f 1960//1960 1961//1961 2121//2121
f 1960//1960 2121//2121 2120//2120
f 1961//1961 1962//1962 2122//2122
f 1961//1961 2122//2122 2121//2121
f 1962//1962 1963//1963 2123//2123
f 1962//1962 2123//2123 2122//2122
f 1963//1963 1964//1964 2124//2124
f 1963//1963 2124//2124 2123//2123
f 1964//1964 1965//1965 2125//2125
f 1964//1964 2125//2125 2124//2124
f 1965//1965 1966//1966 2126//2126
f 1965//1965 2126//2126 2125//2125
f 1966//1966 1967//1967 2127//2127
f 1966//1966 2127//2127 2126//2126
f 1967//1967 1968//1968 2128//2128
f 1967//1967 2128//2128 2127//2127
f 1968//1968 1969//1969 2129//2129
f 1968//1968 2129//2129 2128//2128
f 1969//1969 1970//1970 2130//2130
f 1969//1969 2130//2130 2129//2129
f 1970//1970 1971//1971 2131//2131
f 1970//1970 2131//2131 2130//2130
f 1971//1971 1972//1972 2132//2132
f 1971//1971 2132//2132 2131//2131
f 1972//1972 1973//1973 2133//2133
f 1972//1972 2133//2133 2132//2132
f 1973//1973 1974//1974 2134//2134
f 1973//1973 2134//2134 2133//2133
f 1974//1974 1975//1975 2135//2135
f 1974//1974 2135//2135 2134//2134
f 1975//1975 1976//1976 2136//2136
f 1975//1975 2136//2136 2135//2135
f 1976//1976 1977//1977 2137//2137
f 1976//1976 2137//2137 2136//2136
f 1977//1977 1978//1978 2138//2138
f 1977//1977 2138//2138 2137//2137
f 1978//1978 1979//1979 2139//2139
f 1978//1978 2139//2139 2138//2138
f 1979//1979 1980//1980 2140//2140
f 1979//1979 2140//2140 2139//2139
f 1980//1980 1981//1981 2141//2141
f 1980//1980 2141//2141 2140//2140
f 1981//1981 1982//1982 2142//2142
f 1981//1981 2142//2142 2141//2141
f 1982//1982 1983//1983 2143//2143
f 1982//1982 2143//2143 2142//2142
f 1983//1983 1984//1984 2144//2144
f 1983//1983 2144//2144 2143//2143
f 1984//1984 1985//1985 2145//2145
f 1984//1984 2145//2145 2144//2144
f 1985//1985 1986//1986 2146//2146
f 1985//1985 2146//2146 2145//2145
f 1986//1986 1987//1987 2147//2147
f 1986//1986 2147//2147 2146//2146
f 1987//1987 1988//1988 2148//2148
f 1987//1987 2148//2148 2147//2147
f 1988//1988 1989//1989 2149//2149
f 1988//1988 2149//2149 2148//2148
f 1989//1989 1990//1990 2150//2150
f 1989//1989 2150//2150 2149//2149
f 1990//1990 1991//1991 2151//2151
f 1990//1990 2151//2151 2150//2150
f 1991//1991 1992//1992 2152//2152
f 1991//1991 2152//2152 2151//2151
f 1992//1992 1993//1993 2153//2153
f 1992//1992 2153//2153 2152//2152
f 1993//1993 1994//1994 2154//2154
f 1993//1993 2154//2154 2153//2153
f 1994//1994 1995//1995 2155//2155
f 1994//1994 2155//2155 2154//2154
f 1995//1995 1996//1996 2156//2156
f 1995//1995 2156//2156 2155//2155
f 1996//1996 1997//1997 2157//2157
f 1996//1996 2157//2157 2156//2156
f 1997//1997 1998//1998 2158//2158
f 1997//1997 2158//2158 2157//2157
f 1998//1998 1999//1999 2159//2159
f 1998//1998 2159//2159 2158//2158
f 1999//1999 2000//2000 2160//2160
f 1999//1999 2160//2160 2159//2159
f 2000//2000 2001//2001 2161//2161
f 2000//2000 2161//2161 2160//2160
f 2001//2001 2002//2002 2162//2162
f 2001//2001 2162//2162 2161//2161
f 2002//2002 2003//2003 2163//2163
f 2002//2002 2163//2163 2162//2162
f 2003//2003 2004//2004 2164//2164
f 2003//2003 2164//2164 2163//2163
f 2004//2004 2005//2005 2165//2165
f 2004//2004 2165//2165 2164//2164
f 2005//2005 2006//2006 2166//2166
f 2005//2005 2166//2166 2165//2165
f 2006//2006 2007//2007 2167//2167
f 2006//2006 2167//2167 2166//2166
f 2007//2007 2008//2008 2168//2168
f 2007//2007 2168//2168 2167//2167
f 2008//2008 2009//2009 2169//2169
f 2008//2008 2169//2169 2168//2168
f 2009//2009 2010//2010 2170//2170
f 2009//2009 2170//2170 2169//2169
f 2010//2010 2011//2011 2171//2171
f 2010//2010 2171//2171 2170//2170
f 2011//2011 2012//2012 2172//2172
f 2011//2011 2172//2172 2171//2171
f 2012//2012 2013//2013 2173//2173
f 2012//2012 2173//2173 2172//2172
f 2013//2013 2014//2014 2174//2174
f 2013//2013 2174//2174 2173//2173
f 2014//2014 2015//2015 2175//2175
f 2014//2014 2175//2175 2174//2174
f 2015//2015 2016//2016 2176//2176
f 2015//2015 2176//2176 2175//2175
f 2016//2016 2017//2017 2177//2177
f 2016//2016 2177//2177 2176//2176
f 2017//2017 2018//2018 2178//2178
f 2017//2017 2178//2178 2177//2177
f 2018//2018 2019//2019 2179//2179
f 2018//2018 2179//2179 2178//2178
f 2019//2019 2020//2020 2180//2180
f 2019//2019 2180//2180 2179//2179
f 2020//2020 2021//2021 2181//2181
f 2020//2020 2181//2181 2180//2180
f 2021//2021 2022//2022 2182//2182
f 2021//2021 2182//2182 2181//2181
f 2022//2022 2023//2023 2183//2183
f 2022//2022 2183//2183 2182//2182
f 2023//2023 2024//2024 2184//2184
f 2023//2023 2184//2184 2183//2183
f 2024//2024 2025//2025 2185//2185
f 2024//2024 2185//2185 2184//2184
f 2025//2025 2026//2026 2186//2186
f 2025//2025 2186//2186 2185//2185
f 2026//2026 2027//2027 2187//2187
f 2026//2026 2187//2187 2186//2186
f 2027//2027 2028//2028 2188//2188
f 2027//2027 2188//2188 2187//2187
f 2028//2028 2029//2029 2189//2189
f 2028//2028 2189//2189 2188//2188
f 2029//2029 2030//2030 2190//2190
f 2029//2029 2190//2190 2189//2189
f 2030//2030 2031//2031 2191//2191
f 2030//2030 2191//2191 2190//2190
f 2031//2031 2032//2032 2192//2192
f 2031//2031 2192//2192 2191//2191
f 2032//2032 2033//2033 2193//2193
f 2032//2032 2193//2193 2192//2192
f 2033//2033 2034//2034 2194//2194
f 2033//2033 2194//2194 2193//2193
f 2034//2034 2035//2035 2195//2195
f 2034//2034 2195//2195 2194//2194
f 2035//2035 2036//2036 2196//2196
f 2035//2035 2196//2196 2195//2195
f 2036//2036 2037//2037 2197//2197
f 2036//2036 2197//2197 2196//2196
f 2037//2037 2038//2038 2198//2198
f 2037//2037 2198//2198 2197//2197
f 2038//2038 2039//2039 2199//2199
f 2038//2038 2199//2199 2198//2198
f 2039//2039 2040//2040 2200//2200
f 2039//2039 2200//2200 2199//2199
f 2040//2040 2041//2041 2201//2201
f 2040//2040 2201//2201 2200//2200
f 2041//2041 2042//2042 2202//2202
f 2041//2041 2202//2202 2201//2201
f 2042//2042 2043//2043 2203//2203
f 2042//2042 2203//2203 2202//2202
f 2043//2043 2044//2044 2204//2204
f 2043//2043 2204//2204 2203//2203
f 2044//2044 2045//2045 2205//2205
f 2044//2044 2205//2205 2204//2204
f 2045//2045 2046//2046 2206//2206
f 2045//2045 2206//2206 2205//2205
f 2046//2046 2047//2047 2207//2207
f 2046//2046 2207//2207 2206//2206
f 2047//2047 2048//2048 2208//2208
f 2047//2047 2208//2208 2207//2207
f 2048//2048 2049//2049 2209//2209
f 2048//2048 2209//2209 2208//2208
f 2049//2049 2050//2050 2210//2210
f 2049//2049 2210//2210 2209//2209
f 2050//2050 2051//2051 2211//2211
f 2050//2050 2211//2211 2210//2210
f 2051//2051 2052//2052 2212//2212
f 2051//2051 2212//2212 2211//2211
f 2052//2052 2053//2053 2213//2213
f 2052//2052 2213//2213 2212//2212
f 2053//2053 2054//2054 2214//2214
f 2053//2053 2214//2214 2213//2213
f 2054//2054 2055//2055 2215//2215
f 2054//2054 2215//2215 2214//2214
f 2055//2055 2056//2056 2216//2216
f 2055//2055 2216//2216 2215//2215
f 2056//2056 2057//2057 2217//2217
f 2056//2056 2217//2217 2216//2216
f 2057//2057 2058//2058 2218//2218
f 2057//2057 2218//2218 2217//2217
f 2058//2058 2059//2059 2219//2219
f 2058//2058 2219//2219 2218//2218
f 2059//2059 2060//2060 2220//2220
f 2059//2059 2220//2220 2219//2219
f 2060//2060 2061//2061 2221//2221
f 2060//2060 2221//2221 2220//2220
f 2061//2061 2062//2062 2222//2222
f 2061//2061 2222//2222 2221//2221
f 2062//2062 2063//2063 2223//2223
f 2062//2062 2223//2223 2222//2222
f 2063//2063 2064//2064 2224//2224
f 2063//2063 2224//2224 2223//2223
f 2064//2064 2065//2065 2225//2225
f 2064//2064 2225//2225 2224//2224
f 2065//2065 2066//2066 2226//2226
f 2065//2065 2226//2226 2225//2225
f 2066//2066 2067//2067 2227//2227
f 2066//2066 2227//2227 2226//2226
f 2067//2067 2068//2068 2228//2228
f 2067//2067 2228//2228 2227//2227
f 2068//2068 2069//2069 2229//2229
f 2068//2068 2229//2229 2228//2228
f 2069//2069 2070//2070 2230//2230
f 2069//2069 2230//2230 2229//2229
f 2070//2070 2071//2071 2231//2231
f 2070//2070 2231//2231 2230//2230
f 2071//2071 2072//2072 2232//2232
f 2071//2071 2232//2232 2231//2231
f 2072//2072 2073//2073 2233//2233
f 2072//2072 2233//2233 2232//2232
f 2073//2073 2074//2074 2234//2234
f 2073//2073 2234//2234 2233//2233
f 2074//2074 2075//2075 2235//2235
f 2074//2074 2235//2235 2234//2234
f 2075//2075 2076//2076 2236//2236
f 2075//2075 2236//2236 2235//2235
f 2076//2076 2077//2077 2237//2237
f 2076//2076 2237//2237 2236//2236
f 2077//2077 2078//2078 2238//2238
f 2077//2077 2238//2238 2237//2237
f 2078//2078 2079//2079 2239//2239
f 2078//2078 2239//2239 2238//2238
f 2079//2079 2080//2080 2240//2240
f 2079//2079 2240//2240 2239//2239
f 2080//2080 1921//1921 2081//2081
f 2080//2080 2081//2081 2240//2240
f 2242//2242 2241//2241 2401//2401
f 2243//2243 2242//2242 2401//2401
f 2244//2244 2243//2243 2401//2401
f 2245//2245 2244//2244 2401//2401
f 2246//2246 2245//2245 2401//2401
f 2247//2247 2246//2246 2401//2401
f 2248//2248 2247//2247 2401//2401
f 2249//2249 2248//2248 2401//2401
f 2250//2250 2249//2249 2401//2401
f 2251//2251 2250//2250 2401//2401
f 2252//2252 2251//2251 2401//2401
f 2253//2253 2252//2252 2401//2401
f 2254//2254 2253//2253 2401//2401
f 2255//2255 2254//2254 2401//2401
f 2256//2256 2255//2255 2401//2401
f 2257//2257 2256//2256 2401//2401
f 2258//2258 2257//2257 2401//2401
f 2259//2259 2258//2258 2401//2401
f 2260//2260 2259//2259 2401//2401
f 2261//2261 2260//2260 2401//2401
f 2262//2262 2261//2261 2401//2401
f 2263//2263 2262//2262 2401//2401
f 2264//2264 2263//2263 2401//2401
f 2265//2265 2264//2264 2401//2401
f 2266//2266 2265//2265 2401//2401
f 2267//2267 2266//2266 2401//2401
f 2268//2268 2267//2267 2401//2401
f 2269//2269 2268//2268 2401//2401
f 2270//2270 2269//2269 2401//2401
f 2271//2271 2270//2270 2401//2401
f 2272//2272 2271//2271 2401//2401
f 2273//2273 2272//2272 2401//2401
f 2274//2274 2273//2273 2401//2401
f 2275//2275 2274//2274 2401//2401
f 2276//2276 2275//2275 2401//2401
f 2277//2277 2276//2276 2401//2401
f 2278//2278 2277//2277 2401//2401
f 2279//2279 2278//2278 2401//2401
f 2280//2280 2279//2279 2401//2401
f 2281//2281 2280//2280 2401//2401
f 2282//2282 2281//2281 2401//2401
f 2283//2283 2282//2282 2401//2401
f 2284//2284 2283//2283 2401//2401
f 2285//2285 2284//2284 2401//2401
f 2286//2286 2285//2285 2401//2401
f 2287//2287 2286//2286 2401//2401
f 2288//2288 2287//2287 2401//2401
f 2289//2289 2288//2288 2401//2401
f 2290//2290 2289//2289 2401//2401
f 2291//2291 2290//2290 2401//2401
f 2292//2292 2291//2291 2401//2401
f 2293//2293 2292//2292 2401//2401
f 2294//2294 2293//2293 2401//2401
f 2295//2295 2294//2294 2401//2401
f 2296//2296 2295//2295 2401//2401
f 2297//2297 2296//2296 2401//2401
f 2298//2298 2297//2297 2401//2401
f 2299//2299 2298//2298 2401//2401
f 2300//2300 2299//2299 2401//2401
f 2301//2301 2300//2300 2401//2401
f 2302//2302 2301//2301 2401//2401
f 2303//2303 2302//2302 2401//2401
f 2304//2304 2303//2303 2401//2401
f 2305//2305 2304//2304 2401//2401
f 2306//2306 2305//2305 2401//2401
f 2307//2307 2306//2306 2401//2401
f 2308//2308 2307//2307 2401//2401
f 2309//2309 2308//2308 2401//2401
f 2310//2310 2309//2309 2401//2401
f 2311//2311 2310//2310 2401//2401
f 2312//2312 2311//2311 2401//2401
f 2313//2313 2312//2312 2401//2401
f 2314//2314 2313//2313 2401//2401
f 2315//2315 2314//2314 2401//2401
f 2316//2316 2315//2315 2401//2401
f 2317//2317 2316//2316 2401//2401
f 2318//2318 2317//2317 2401//2401
f 2319//2319 2318//2318 2401//2401
f 2320//2320 2319//2319 2401//2401
f 2321//2321 2320//2320 2401//2401
f 2322//2322 2321//2321 2401//2401
f 2323//2323 2322//2322 2401//2401
f 2324//2324 2323//2323 2401//2401
f 2325//2325 2324//2324 2401//2401
f 2326//2326 2325//2325 2401//2401
f 2327//2327 2326//2326 2401//2401
f 2328//2328 2327//2327 2401//2401
f 2329//2329 2328//2328 2401//2401
f 2330//2330 2329//2329 2401//2401
f 2331//2331 2330//2330 2401//2401
f 2332//2332 2331//2331 2401//2401
f 2333//2333 2332//2332 2401//2401
f 2334//2334 2333//2333 2401//2401
f 2335//2335 2334//2334 2401//2401
f 2336//2336 2335//2335 2401//2401
f 2337//2337 2336//2336 2401//2401
f 2338//2338 2337//2337 2401//2401
f 2339//2339 2338//2338 2401//2401
f 2340//2340 2339//2339 2401//2401
f 2341//2341 2340//2340 2401//2401
f 2342//2342 2341//2341 2401//2401
f 2343//2343 2342//2342 2401//2401
f 2344//2344 2343//2343 2401//2401
f 2345//2345 2344//2344 2401//2401
f 2346//2346 2345//2345 2401//2401
f 2347//2347 2346//2346 2401//2401
f 2348//2348 2347//2347 2401//2401
f 2349//2349 2348//2348 2401//2401
f 2350//2350 2349//2349 2401//2401
f 2351//2351 2350//2350 2401//2401
f 2352//2352 2351//2351 2401//2401
f 2353//2353 2352//2352 2401//2401
f 2354//2354 2353//2353 2401//2401
f 2355//2355 2354//2354 2401//2401
f 2356//2356 2355//2355 2401//2401
f 2357//2357 2356//2356 2401//2401
f 2358//2358 2357//2357 2401//2401
f 2359//2359 2358//2358 2401//2401
f 2360//2360 2359//2359 2401//2401
f 2361//2361 2360//2360 2401//2401
f 2362//2362 2361//2361 2401//2401
f 2363//2363 2362//2362 2401//2401
f 2364//2364 2363//2363 2401//2401
f 2365//2365 2364//2364 2401//2401
f 2366//2366 2365//2365 2401//2401
f 2367//2367 2366//2366 2401//2401
f 2368//2368 2367//2367 2401//2401
f 2369//2369 2368//2368 2401//2401
f 2370//2370 2369//2369 2401//2401
f 2371//2371 2370//2370 2401//2401
f 2372//2372 2371//2371 2401//2401
f 2373//2373 2372//2372 2401//2401
f 2374//2374 2373//2373 2401//2401
f 2375//2375 2374//2374 2401//2401
f 2376//2376 2375//2375 2401//2401
f 2377//2377 2376//2376 2401//2401
f 2378//2378 2377//2377 2401//2401
f 2379//2379 2378//2378 2401//2401
f 2380//2380 2379//2379 2401//2401
f 2381//2381 2380//2380 2401//2401
f 2382//2382 2381//2381 2401//2401
f 2383//2383 2382//2382 2401//2401
f 2384//2384 2383//2383 2401//2401
f 2385//2385 2384//2384 2401//2401
f 2386//2386 2385//2385 2401//2401
f 2387//2387 2386//2386 2401//2401
f 2388//2388 2387//2387 2401//2401
f 2389//2389 2388//2388 2401//2401
f 2390//2390 2389//2389 2401//2401
f 2391//2391 2390//2390 2401//2401
f 2392//2392 2391//2391 2401//2401
f 2393//2393 2392//2392 2401//2401
f 2394//2394 2393//2393 2401//2401
f 2395//2395 2394//2394 2401//2401
f 2396//2396 2395//2395 2401//2401
f 2397//2397 2396//2396 2401//2401
f 2398//2398 2397//2397 2401//2401
f 2399//2399 2398//2398 2401//2401
f 2400//2400 2399//2399 2401//2401
f 2241//2241 2400//2400 2401//2401
f 2562//2562 2402//2402 2403//2403
f 2562//2562 2403//2403 2404//2404
f 2562//2562 2404//2404 2405//2405
f 2562//2562 2405//2405 2406//2406
f 2562//2562 2406//2406 2407//2407
f 2562//2562 2407//2407 2408//2408
f 2562//2562 2408//2408 2409//2409
f 2562//2562 2409//2409 2410//2410
f 2562//2562 2410//2410 2411//2411
f 2562//2562 2411//2411 2412//2412
f 2562//2562 2412//2412 2413//2413
f 2562//2562 2413//2413 2414//2414
f 2562//2562 2414//2414 2415//2415
f 2562//2562 2415//2415 2416//2416
f 2562//2562 2416//2416 2417//2417
f 2562//2562 2417//2417 2418//2418
f 2562//2562 2418//2418 2419//2419
f 2562//2562 2419//2419 2420//2420
f 2562//2562 2420//2420 2421//2421
f 2562//2562 2421//2421 2422//2422
f 2562//2562 2422//2422 2423//2423
f 2562//2562 2423//2423 2424//2424
f 2562//2562 2424//2424 2425//2425
f 2562//2562 2425//2425 2426//2426
f 2562//2562 2426//2426 2427//2427
f 2562//2562 2427//2427 2428//2428
f 2562//2562 2428//2428 2429//2429
f 2562//2562 2429//2429 2430//2430
f 2562//2562 2430//2430 2431//2431
f 2562//2562 2431//2431 2432//2432
f 2562//2562 2432//2432 2433//2433
f 2562//2562 2433//2433 2434//2434
f 2562//2562 2434//2434 2435//2435
f 2562//2562 2435//2435 2436//2436
f 2562//2562 2436//2436 2437//2437
f 2562//2562 2437//2437 2438//2438
f 2562//2562 2438//2438 2439//2439
f 2562//2562 2439//2439 2440//2440
f 2562//2562 2440//2440 2441//2441
f 2562//2562 2441//2441 2442//2442
f 2562//2562 2442//2442 2443//2443
f 2562//2562 2443//2443 2444//2444
f 2562//2562 2444//2444 2445//2445
f 2562//2562 2445//2445 2446//2446
f 2562//2562 2446//2446 2447//2447
f 2562//2562 2447//2447 2448//2448
f 2562//2562 2448//2448 2449//2449
f 2562//2562 2449//2449 2450//2450
f 2562//2562 2450//2450 2451//2451
f 2562//2562 2451//2451 2452//2452
f 2562//2562 2452//2452 2453//2453
f 2562//2562 2453//2453 2454//2454
f 2562//2562 2454//2454 2455//2455
f 2562//2562 2455//2455 2456//2456
f 2562//2562 2456//2456 2457//2457
f 2562//2562 2457//2457 2458//2458
f 2562//2562 2458//2458 2459//2459
f 2562//2562 2459//2459 2460//2460
f 2562//2562 2460//2460 2461//2461
f 2562//2562 2461//2461 2462//2462
f 2562//2562 2462//2462 2463//2463
f 2562//2562 2463//2463 2464//2464
f 2562//2562 2464//2464 2465//2465
f 2562//2562 2465//2465 2466//2466
f 2562//2562 2466//2466 2467//2467
f 2562//2562 2467//2467 2468//2468
f 2562//2562 2468//2468 2469//2469
f 2562//2562 2469//2469 2470//2470
f 2562//2562 2470//2470 2471//2471
f 2562//2562 2471//2471 2472//2472
f 2562//2562 2472//2472 2473//2473
f 2562//2562 2473//2473 2474//2474
f 2562//2562 2474//2474 2475//2475
f 2562//2562 2475//2475 2476//2476
f 2562//2562 2476//2476 2477//2477
f 2562//2562 2477//2477 2478//2478
f 2562//2562 2478//2478 2479//2479
f 2562//2562 2479//2479 2480//2480
f 2562//2562 2480//2480 2481//2481
f 2562//2562 2481//2481 2482//2482
f 2562//2562 2482//2482 2483//2483
f 2562//2562 2483//2483 2484//2484
f 2562//2562 2484//2484 2485//2485
f 2562//2562 2485//2485 2486//2486
f 2562//2562 2486//2486 2487//2487
f 2562//2562 2487//2487 2488//2488
f 2562//2562 2488//2488 2489//2489
f 2562//2562 2489//2489 2490//2490
f 2562//2562 2490//2490 2491//2491
f 2562//2562 2491//2491 2492//2492
f 2562//2562 2492//2492 2493//2493
f 2562//2562 2493//2493 2494//2494
f 2562//2562 2494//2494 2495//2495
f 2562//2562 2495//2495 2496//2496
f 2562//2562 2496//2496 2497//2497
f 2562//2562 2497//2497 2498//2498
f 2562//2562 2498//2498 2499//2499
f 2562//2562 2499//2499 2500//2500
f 2562//2562 2500//2500 2501//2501
f 2562//2562 2501//2501 2502//2502
f 2562//2562 2502//2502 2503//2503
f 2562//2562 2503//2503 2504//2504
f 2562//2562 2504//2504 2505//2505
f 2562//2562 2505//2505 2506//2506
f 2562//2562 2506//2506 2507//2507
f 2562//2562 2507//2507 2508//2508
f 2562//2562 2508//2508 2509//2509
f 2562//2562 2509//2509 2510//2510
f 2562//2562 2510//2510 2511//2511
f 2562//2562 2511//2511 2512//2512
f 2562//2562 2512//2512 2513//2513
f 2562//2562 2513//2513 2514//2514
f 2562//2562 2514//2514 2515//2515
f 2562//2562 2515//2515 2516//2516
f 2562//2562 2516//2516 2517//2517
f 2562//2562 2517//2517 2518//2518
f 2562//2562 2518//2518 2519//2519
f 2562//2562 2519//2519 2520//2520
f 2562//2562 2520//2520 2521//2521
f 2562//2562 2521//2521 2522//2522
f 2562//2562 2522//2522 2523//2523
f 2562//2562 2523//2523 2524//2524
f 2562//2562 2524//2524 2525//2525
f 2562//2562 2525//2525 2526//2526
f 2562//2562 2526//2526 2527//2527
f 2562//2562 2527//2527 2528//2528
f 2562//2562 2528//2528 2529//2529
f 2562//2562 2529//2529 2530//2530
f 2562//2562 2530//2530 2531//2531
f 2562//2562 2531//2531 2532//2532
f 2562//2562 2532//2532 2533//2533
f 2562//2562 2533//2533 2534//2534
f 2562//2562 2534//2534 2535//2535
f 2562//2562 2535//2535 2536//2536
f 2562//2562 2536//2536 2537//2537
f 2562//2562 2537//2537 2538//2538
f 2562//2562 2538//2538 2539//2539
f 2562//2562 2539//2539 2540//2540
f 2562//2562 2540//2540 2541//2541
f 2562//2562 2541//2541 2542//2542
f 2562//2562 2542//2542 2543//2543
f 2562//2562 2543//2543 2544//2544
f 2562//2562 2544//2544 2545//2545
f 2562//2562 2545//2545 2546//2546
f 2562//2562 2546//2546 2547//2547
f 2562//2562 2547//2547 2548//2548
f 2562//2562 2548//2548 2549//2549
f 2562//2562 2549//2549 2550//2550
f 2562//2562 2550//2550 2551//2551
f 2562//2562 2551//2551 2552//2552
f 2562//2562 2552//2552 2553//2553
f 2562//2562 2553//2553 2554//2554
f 2562//2562 2554//2554 2555//2555
f 2562//2562 2555//2555 2556//2556
f 2562//2562 2556//2556 2557//2557
f 2562//2562 2557//2557 2558//2558
f 2562//2562 2558//2558 2559//2559
f 2562//2562 2559//2559 2560//2560
f 2562//2562 2560//2560 2561//2561
f 2562//2562 2561//2561 2402//2402
o go2_contact_surround
v -0.0101450000 -0.0036900000 0.0411000000
v -0.0101450000 -0.0036820994 0.0413413375
v -0.0101450000 -0.0036584315 0.0415816416
v -0.0101450000 -0.0036190977 0.0418198833
v -0.0101450000 -0.0035642663 0.0420550423
v -0.0101450000 -0.0034941722 0.0422861116
v -0.0101450000 -0.0034091155 0.0425121019
v -0.0101450000 -0.0033094604 0.0427320453
v -0.0101450000 -0.0031956337 0.0429450000
v -0.0101450000 -0.0030681229 0.0431500542
v -0.0101450000 -0.0029274738 0.0433463297
v -0.0101450000 -0.0027742889 0.0435329861
v -0.0101450000 -0.0026092240 0.0437092240
v -0.0101450000 -0.0024329861 0.0438742889
v -0.0101450000 -0.0022463297 0.0440274738
v -0.0101450000 -0.0020500542 0.0441681229
v -0.0101450000 -0.0018450000 0.0442956337
v -0.0101450000 -0.0016320453 0.0444094604
v -0.0101450000 -0.0014121019 0.0445091155
v -0.0101450000 -0.0011861116 0.0445941722
v -0.0101450000 -0.0009550423 0.0446642663
v -0.0101450000 -0.0007198833 0.0447190977
v -0.0101450000 -0.0004816416 0.0447584315
v -0.0101450000 -0.0002413375 0.0447820994
v -0.0101450000 -0.0000000000 0.0447900000
v -0.0101450000 0.0002413375 0.0447820994
v -0.0101450000 0.0004816416 0.0447584315
v -0.0101450000 0.0007198833 0.0447190977
v -0.0101450000 0.0009550423 0.0446642663
v -0.0101450000 0.0011861116 0.0445941722
v -0.0101450000 0.0014121019 0.0445091155
v -0.0101450000 0.0016320453 0.0444094604
v -0.0101450000 0.0018450000 0.0442956337
v -0.0101450000 0.0020500542 0.0441681229
v -0.0101450000 0.0022463297 0.0440274738
v -0.0101450000 0.0024329861 0.0438742889
v -0.0101450000 0.0026092240 0.0437092240
v -0.0101450000 0.0027742889 0.0435329861
v -0.0101450000 0.0029274738 0.0433463297
v -0.0101450000 0.0030681229 0.0431500542
v -0.0101450000 0.0031956337 0.0429450000
v -0.0101450000 0.0033094604 0.0427320453
v -0.0101450000 0.0034091155 0.0425121019
v -0.0101450000 0.0034941722 0.0422861116
v -0.0101450000 0.0035642663 0.0420550423
v -0.0101450000 0.0036190977 0.0418198833
v -0.0101450000 0.0036584315 0.0415816416
v -0.0101450000 0.0036820994 0.0413413375
v -0.0101450000 0.0036900000 0.0411000000
v -0.0101450000 0.0036820994 0.0408586625
v -0.0101450000 0.0036584315 0.0406183584
v -0.0101450000 0.0036190977 0.0403801167
v -0.0101450000 0.0035642663 0.0401449577
v -0.0101450000 0.0034941722 0.0399138884
v -0.0101450000 0.0034091155 0.0396878981
v -0.0101450000 0.0033094604 0.0394679547
v -0.0101450000 0.0031956337 0.0392550000
v -0.0101450000 0.0030681229 0.0390499458
v -0.0101450000 0.0029274738 0.0388536703
v -0.0101450000 0.0027742889 0.0386670139
v -0.0101450000 0.0026092240 0.0384907760
v -0.0101450000 0.0024329861 0.0383257111
v -0.0101450000 0.0022463297 0.0381725262
v -0.0101450000 0.0020500542 0.0380318771
v -0.0101450000 0.0018450000 0.0379043663
v -0.0101450000 0.0016320453 0.0377905396
v -0.0101450000 0.0014121019 0.0376908845
v -0.0101450000 0.0011861116 0.0376058278
v -0.0101450000 0.0009550423 0.0375357337
v -0.0101450000 0.0007198833 0.0374809023
v -0.0101450000 0.0004816416 0.0374415685
v -0.0101450000 0.0002413375 0.0374179006
v -0.0101450000 0.0000000000 0.0374100000
v -0.0101450000 -0.0002413375 0.0374179006
v -0.0101450000 -0.0004816416 0.0374415685
v -0.0101450000 -0.0007198833 0.0374809023
v -0.0101450000 -0.0009550423 0.0375357337
v -0.0101450000 -0.0011861116 0.0376058278
v -0.0101450000 -0.0014121019 0.0376908845
v -0.0101450000 -0.0016320453 0.0377905396
v -0.0101450000 -0.0018450000 0.0379043663
v -0.0101450000 -0.0020500542 0.0380318771
v -0.0101450000 -0.0022463297 0.0381725262
v -0.0101450000 -0.0024329861 0.0383257111
v -0.0101450000 -0.0026092240 0.0384907760
v -0.0101450000 -0.0027742889 0.0386670139
v -0.0101450000 -0.0029274738 0.0388536703
v -0.0101450000 -0.0030681229 0.0390499458
v -0.0101450000 -0.0031956337 0.0392550000
v -0.0101450000 -0.0033094604 0.0394679547
v -0.0101450000 -0.0034091155 0.0396878981
v -0.0101450000 -0.0034941722 0.0399138884
v -0.0101450000 -0.0035642663 0.0401449577
v -0.0101450000 -0.0036190977 0.0403801167
v -0.0101450000 -0.0036584315 0.0406183584
v -0.0101450000 -0.0036820994 0.0408586625
v -0.0101450000 -0.0040700000 0.0411000000
v -0.0101450000 -0.0040612858 0.0413661907
v -0.0101450000 -0.0040351806 0.0416312416
v -0.0101450000 -0.0039917961 0.0418940176
v -0.0101450000 -0.0039313181 0.0421533935
v -0.0101450000 -0.0038540056 0.0424082586
v -0.0101450000 -0.0037601897 0.0426575216
v -0.0101450000 -0.0036502721 0.0429001150
v -0.0101450000 -0.0035247234 0.0431350000
v -0.0101450000 -0.0033840813 0.0433611708
v -0.0101450000 -0.0032289481 0.0435776590
v -0.0101450000 -0.0030599880 0.0437835375
v -0.0101450000 -0.0028779246 0.0439779246
v -0.0101450000 -0.0026835375 0.0441599880
v -0.0101450000 -0.0024776590 0.0443289481
v -0.0101450000 -0.0022611708 0.0444840813
v -0.0101450000 -0.0020350000 0.0446247234
v -0.0101450000 -0.0018001150 0.0447502721
v -0.0101450000 -0.0015575216 0.0448601897
v -0.0101450000 -0.0013082586 0.0449540056
v -0.0101450000 -0.0010533935 0.0450313181
v -0.0101450000 -0.0007940176 0.0450917961
v -0.0101450000 -0.0005312416 0.0451351806
v -0.0101450000 -0.0002661907 0.0451612858
v -0.0101450000 -0.0000000000 0.0451700000
v -0.0101450000 0.0002661907 0.0451612858
v -0.0101450000 0.0005312416 0.0451351806
v -0.0101450000 0.0007940176 0.0450917961
v -0.0101450000 0.0010533935 0.0450313181
v -0.0101450000 0.0013082586 0.0449540056
v -0.0101450000 0.0015575216 0.0448601897
v -0.0101450000 0.0018001150 0.0447502721
v -0.0101450000 0.0020350000 0.0446247234
v -0.0101450000 0.0022611708 0.0444840813
v -0.0101450000 0.0024776590 0.0443289481
v -0.0101450000 0.0026835375 0.0441599880
v -0.0101450000 0.0028779246 0.0439779246
v -0.0101450000 0.0030599880 0.0437835375
v -0.0101450000 0.0032289481 0.0435776590
v -0.0101450000 0.0033840813 0.0433611708
v -0.0101450000 0.0035247234 0.0431350000
v -0.0101450000 0.0036502721 0.0429001150
v -0.0101450000 0.0037601897 0.0426575216
v -0.0101450000 0.0038540056 0.0424082586
v -0.0101450000 0.0039313181 0.0421533935
v -0.0101450000 0.0039917961 0.0418940176
v -0.0101450000 0.0040351806 0.0416312416
v -0.0101450000 0.0040612858 0.0413661907
v -0.0101450000 0.0040700000 0.0411000000
v -0.0101450000 0.0040612858 0.0408338093
v -0.0101450000 0.0040351806 0.0405687584
v -0.0101450000 0.0039917961 0.0403059824
v -0.0101450000 0.0039313181 0.0400466065
v -0.0101450000 0.0038540056 0.0397917414
v -0.0101450000 0.0037601897 0.0395424784
v -0.0101450000 0.0036502721 0.0392998850
v -0.0101450000 0.0035247234 0.0390650000
v -0.0101450000 0.0033840813 0.0388388292
v -0.0101450000 0.0032289481 0.0386223410
v -0.0101450000 0.0030599880 0.0384164625
v -0.0101450000 0.0028779246 0.0382220754
v -0.0101450000 0.0026835375 0.0380400120
v -0.0101450000 0.0024776590 0.0378710519
v -0.0101450000 0.0022611708 0.0377159187
v -0.0101450000 0.0020350000 0.0375752766
v -0.0101450000 0.0018001150 0.0374497279
v -0.0101450000 0.0015575216 0.0373398103
v -0.0101450000 0.0013082586 0.0372459944
v -0.0101450000 0.0010533935 0.0371686819
v -0.0101450000 0.0007940176 0.0371082039
v -0.0101450000 0.0005312416 0.0370648194
v -0.0101450000 0.0002661907 0.0370387142
v -0.0101450000 0.0000000000 0.0370300000
v -0.0101450000 -0.0002661907 0.0370387142
v -0.0101450000 -0.0005312416 0.0370648194
v -0.0101450000 -0.0007940176 0.0371082039
v -0.0101450000 -0.0010533935 0.0371686819
v -0.0101450000 -0.0013082586 0.0372459944
v -0.0101450000 -0.0015575216 0.0373398103
v -0.0101450000 -0.0018001150 0.0374497279
v -0.0101450000 -0.0020350000 0.0375752766
v -0.0101450000 -0.0022611708 0.0377159187
v -0.0101450000 -0.0024776590 0.0378710519
v -0.0101450000 -0.0026835375 0.0380400120
v -0.0101450000 -0.0028779246 0.0382220754
v -0.0101450000 -0.0030599880 0.0384164625
v -0.0101450000 -0.0032289481 0.0386223410
v -0.0101450000 -0.0033840813 0.0388388292
v -0.0101450000 -0.0035247234 0.0390650000
v -0.0101450000 -0.0036502721 0.0392998850
v -0.0101450000 -0.0037601897 0.0395424784
v -0.0101450000 -0.0038540056 0.0397917414
v -0.0101450000 -0.0039313181 0.0400466065
v -0.0101450000 -0.0039917961 0.0403059824
v -0.0101450000 -0.0040351806 0.0405687584
v -0.0101450000 -0.0040612858 0.0408338093
v -0.0101450000 -0.0040700000 0.0411000000
v -0.0101450000 -0.0040612858 0.0413661907
v -0.0101450000 -0.0040351806 0.0416312416
v -0.0101450000 -0.0039917961 0.0418940176
v -0.0101450000 -0.0039313181 0.0421533935
v -0.0101450000 -0.0038540056 0.0424082586
v -0.0101450000 -0.0037601897 0.0426575216
v -0.0101450000 -0.0036502721 0.0429001150
v -0.0101450000 -0.0035247234 0.0431350000
v -0.0101450000 -0.0033840813 0.0433611708
v -0.0101450000 -0.0032289481 0.0435776590
v -0.0101450000 -0.0030599880 0.0437835375
v -0.0101450000 -0.0028779246 0.0439779246
v -0.0101450000 -0.0026835375 0.0441599880
v -0.0101450000 -0.0024776590 0.0443289481
v -0.0101450000 -0.0022611708 0.0444840813
v -0.0101450000 -0.0020350000 0.0446247234
v -0.0101450000 -0.0018001150 0.0447502721
v -0.0101450000 -0.0015575216 0.0448601897
v -0.0101450000 -0.0013082586 0.0449540056
v -0.0101450000 -0.0010533935 0.0450313181
v -0.0101450000 -0.0007940176 0.0450917961
v -0.0101450000 -0.0005312416 0.0451351806
v -0.0101450000 -0.0002661907 0.0451612858
v -0.0101450000 -0.0000000000 0.0451700000
v -0.0101450000 0.0002661907 0.0451612858
v -0.0101450000 0.0005312416 0.0451351806
v -0.0101450000 0.0007940176 0.0450917961
v -0.0101450000 0.0010533935 0.0450313181
v -0.0101450000 0.0013082586 0.0449540056
v -0.0101450000 0.0015575216 0.0448601897
v -0.0101450000 0.0018001150 0.0447502721
v -0.0101450000 0.0020350000 0.0446247234
v -0.0101450000 0.0022611708 0.0444840813
v -0.0101450000 0.0024776590 0.0443289481
v -0.0101450000 0.0026835375 0.0441599880
v -0.0101450000 0.0028779246 0.0439779246
v -0.0101450000 0.0030599880 0.0437835375
v -0.0101450000 0.0032289481 0.0435776590
v -0.0101450000 0.0033840813 0.0433611708
v -0.0101450000 0.0035247234 0.0431350000
v -0.0101450000 0.0036502721 0.0429001150
v -0.0101450000 0.0037601897 0.0426575216
v -0.0101450000 0.0038540056 0.0424082586
v -0.0101450000 0.0039313181 0.0421533935
v -0.0101450000 0.0039917961 0.0418940176
v -0.0101450000 0.0040351806 0.0416312416
v -0.0101450000 0.0040612858 0.0413661907
v -0.0101450000 0.0040700000 0.0411000000
v -0.0101450000 0.0040612858 0.0408338093
v -0.0101450000 0.0040351806 0.0405687584
v -0.0101450000 0.0039917961 0.0403059824
v -0.0101450000 0.0039313181 0.0400466065
v -0.0101450000 0.0038540056 0.0397917414
v -0.0101450000 0.0037601897 0.0395424784
v -0.0101450000 0.0036502721 0.0392998850
v -0.0101450000 0.0035247234 0.0390650000
v -0.0101450000 0.0033840813 0.0388388292
v -0.0101450000 0.0032289481 0.0386223410
v -0.0101450000 0.0030599880 0.0384164625
v -0.0101450000 0.0028779246 0.0382220754
v -0.0101450000 0.0026835375 0.0380400120
v -0.0101450000 0.0024776590 0.0378710519
v -0.0101450000 0.0022611708 0.0377159187
v -0.0101450000 0.0020350000 0.0375752766
v -0.0101450000 0.0018001150 0.0374497279
v -0.0101450000 0.0015575216 0.0373398103
v -0.0101450000 0.0013082586 0.0372459944
v -0.0101450000 0.0010533935 0.0371686819
v -0.0101450000 0.0007940176 0.0371082039
v -0.0101450000 0.0005312416 0.0370648194
v -0.0101450000 0.0002661907 0.0370387142
v -0.0101450000 0.0000000000 0.0370300000
v -0.0101450000 -0.0002661907 0.0370387142
v -0.0101450000 -0.0005312416 0.0370648194
v -0.0101450000 -0.0007940176 0.0371082039
v -0.0101450000 -0.0010533935 0.0371686819
v -0.0101450000 -0.0013082586 0.0372459944
v -0.0101450000 -0.0015575216 0.0373398103
v -0.0101450000 -0.0018001150 0.0374497279
v -0.0101450000 -0.0020350000 0.0375752766
v -0.0101450000 -0.0022611708 0.0377159187
v -0.0101450000 -0.0024776590 0.0378710519
v -0.0101450000 -0.0026835375 0.0380400120
v -0.0101450000 -0.0028779246 0.0382220754
v -0.0101450000 -0.0030599880 0.0384164625
v -0.0101450000 -0.0032289481 0.0386223410
v -0.0101450000 -0.0033840813 0.0388388292
v -0.0101450000 -0.0035247234 0.0390650000
v -0.0101450000 -0.0036502721 0.0392998850
v -0.0101450000 -0.0037601897 0.0395424784
v -0.0101450000 -0.0038540056 0.0397917414
v -0.0101450000 -0.0039313181 0.0400466065
v -0.0101450000 -0.0039917961 0.0403059824
v -0.0101450000 -0.0040351806 0.0405687584
v -0.0101450000 -0.0040612858 0.0408338093
v -0.0102450000 -0.0040700000 0.0411000000
v -0.0102450000 -0.0040612858 0.0413661907
v -0.0102450000 -0.0040351806 0.0416312416
v -0.0102450000 -0.0039917961 0.0418940176
v -0.0102450000 -0.0039313181 0.0421533935
v -0.0102450000 -0.0038540056 0.0424082586
v -0.0102450000 -0.0037601897 0.0426575216
v -0.0102450000 -0.0036502721 0.0429001150
v -0.0102450000 -0.0035247234 0.0431350000
v -0.0102450000 -0.0033840813 0.0433611708
v -0.0102450000 -0.0032289481 0.0435776590
v -0.0102450000 -0.0030599880 0.0437835375
v -0.0102450000 -0.0028779246 0.0439779246
v -0.0102450000 -0.0026835375 0.0441599880
v -0.0102450000 -0.0024776590 0.0443289481
v -0.0102450000 -0.0022611708 0.0444840813
v -0.0102450000 -0.0020350000 0.0446247234
v -0.0102450000 -0.0018001150 0.0447502721
v -0.0102450000 -0.0015575216 0.0448601897
v -0.0102450000 -0.0013082586 0.0449540056
v -0.0102450000 -0.0010533935 0.0450313181
v -0.0102450000 -0.0007940176 0.0450917961
v -0.0102450000 -0.0005312416 0.0451351806
v -0.0102450000 -0.0002661907 0.0451612858
v -0.0102450000 -0.0000000000 0.0451700000
v -0.0102450000 0.0002661907 0.0451612858
v -0.0102450000 0.0005312416 0.0451351806
v -0.0102450000 0.0007940176 0.0450917961
v -0.0102450000 0.0010533935 0.0450313181
v -0.0102450000 0.0013082586 0.0449540056
v -0.0102450000 0.0015575216 0.0448601897
v -0.0102450000 0.0018001150 0.0447502721
v -0.0102450000 0.0020350000 0.0446247234
v -0.0102450000 0.0022611708 0.0444840813
v -0.0102450000 0.0024776590 0.0443289481
v -0.0102450000 0.0026835375 0.0441599880
v -0.0102450000 0.0028779246 0.0439779246
v -0.0102450000 0.0030599880 0.0437835375
v -0.0102450000 0.0032289481 0.0435776590
v -0.0102450000 0.0033840813 0.0433611708
v -0.0102450000 0.0035247234 0.0431350000
v -0.0102450000 0.0036502721 0.0429001150
v -0.0102450000 0.0037601897 0.0426575216
v -0.0102450000 0.0038540056 0.0424082586
v -0.0102450000 0.0039313181 0.0421533935
v -0.0102450000 0.0039917961 0.0418940176
v -0.0102450000 0.0040351806 0.0416312416
v -0.0102450000 0.0040612858 0.0413661907
v -0.0102450000 0.0040700000 0.0411000000
v -0.0102450000 0.0040612858 0.0408338093
v -0.0102450000 0.0040351806 0.0405687584
v -0.0102450000 0.0039917961 0.0403059824
v -0.0102450000 0.0039313181 0.0400466065
v -0.0102450000 0.0038540056 0.0397917414
v -0.0102450000 0.0037601897 0.0395424784
v -0.0102450000 0.0036502721 0.0392998850
v -0.0102450000 0.0035247234 0.0390650000
v -0.0102450000 0.0033840813 0.0388388292
v -0.0102450000 0.0032289481 0.0386223410
v -0.0102450000 0.0030599880 0.0384164625
v -0.0102450000 0.0028779246 0.0382220754
v -0.0102450000 0.0026835375 0.0380400120
v -0.0102450000 0.0024776590 0.0378710519
v -0.0102450000 0.0022611708 0.0377159187
v -0.0102450000 0.0020350000 0.0375752766
v -0.0102450000 0.0018001150 0.0374497279
v -0.0102450000 0.0015575216 0.0373398103
v -0.0102450000 0.0013082586 0.0372459944
v -0.0102450000 0.0010533935 0.0371686819
v -0.0102450000 0.0007940176 0.0371082039
v -0.0102450000 0.0005312416 0.0370648194
v -0.0102450000 0.0002661907 0.0370387142
v -0.0102450000 0.0000000000 0.0370300000
v -0.0102450000 -0.0002661907 0.0370387142
v -0.0102450000 -0.0005312416 0.0370648194
v -0.0102450000 -0.0007940176 0.0371082039
v -0.0102450000 -0.0010533935 0.0371686819
v -0.0102450000 -0.0013082586 0.0372459944
v -0.0102450000 -0.0015575216 0.0373398103
v -0.0102450000 -0.0018001150 0.0374497279
v -0.0102450000 -0.0020350000 0.0375752766
v -0.0102450000 -0.0022611708 0.0377159187
v -0.0102450000 -0.0024776590 0.0378710519
v -0.0102450000 -0.0026835375 0.0380400120
v -0.0102450000 -0.0028779246 0.0382220754
v -0.0102450000 -0.0030599880 0.0384164625
v -0.0102450000 -0.0032289481 0.0386223410
v -0.0102450000 -0.0033840813 0.0388388292
v -0.0102450000 -0.0035247234 0.0390650000
v -0.0102450000 -0.0036502721 0.0392998850
v -0.0102450000 -0.0037601897 0.0395424784
v -0.0102450000 -0.0038540056 0.0397917414
v -0.0102450000 -0.0039313181 0.0400466065
v -0.0102450000 -0.0039917961 0.0403059824
v -0.0102450000 -0.0040351806 0.0405687584
v -0.0102450000 -0.0040612858 0.0408338093
v -0.0102450000 -0.0040700000 0.0411000000
v -0.0102450000 -0.0040612858 0.0413661907
v -0.0102450000 -0.0040351806 0.0416312416
v -0.0102450000 -0.0039917961 0.0418940176
v -0.0102450000 -0.0039313181 0.0421533935
v -0.0102450000 -0.0038540056 0.0424082586
v -0.0102450000 -0.0037601897 0.0426575216
v -0.0102450000 -0.0036502721 0.0429001150
v -0.0102450000 -0.0035247234 0.0431350000
v -0.0102450000 -0.0033840813 0.0433611708
v -0.0102450000 -0.0032289481 0.0435776590
v -0.0102450000 -0.0030599880 0.0437835375
v -0.0102450000 -0.0028779246 0.0439779246
v -0.0102450000 -0.0026835375 0.0441599880
v -0.0102450000 -0.0024776590 0.0443289481
v -0.0102450000 -0.0022611708 0.0444840813
v -0.0102450000 -0.0020350000 0.0446247234
v -0.0102450000 -0.0018001150 0.0447502721
v -0.0102450000 -0.0015575216 0.0448601897
v -0.0102450000 -0.0013082586 0.0449540056
v -0.0102450000 -0.0010533935 0.0450313181
v -0.0102450000 -0.0007940176 0.0450917961
v -0.0102450000 -0.0005312416 0.0451351806
v -0.0102450000 -0.0002661907 0.0451612858
v -0.0102450000 -0.0000000000 0.0451700000
v -0.0102450000 0.0002661907 0.0451612858
v -0.0102450000 0.0005312416 0.0451351806
v -0.0102450000 0.0007940176 0.0450917961
v -0.0102450000 0.0010533935 0.0450313181
v -0.0102450000 0.0013082586 0.0449540056
v -0.0102450000 0.0015575216 0.0448601897
v -0.0102450000 0.0018001150 0.0447502721
v -0.0102450000 0.0020350000 0.0446247234
v -0.0102450000 0.0022611708 0.0444840813
v -0.0102450000 0.0024776590 0.0443289481
v -0.0102450000 0.0026835375 0.0441599880
v -0.0102450000 0.0028779246 0.0439779246
v -0.0102450000 0.0030599880 0.0437835375
v -0.0102450000 0.0032289481 0.0435776590
v -0.0102450000 0.0033840813 0.0433611708
v -0.0102450000 0.0035247234 0.0431350000
v -0.0102450000 0.0036502721 0.0429001150
v -0.0102450000 0.0037601897 0.0426575216
v -0.0102450000 0.0038540056 0.0424082586
v -0.0102450000 0.0039313181 0.0421533935
v -0.0102450000 0.0039917961 0.0418940176
v -0.0102450000 0.0040351806 0.0416312416
v -0.0102450000 0.0040612858 0.0413661907
v -0.0102450000 0.0040700000 0.0411000000
v -0.0102450000 0.0040612858 0.0408338093
v -0.0102450000 0.0040351806 0.0405687584
v -0.0102450000 0.0039917961 0.0403059824
v -0.0102450000 0.0039313181 0.0400466065
v -0.0102450000 0.0038540056 0.0397917414
v -0.0102450000 0.0037601897 0.0395424784
v -0.0102450000 0.0036502721 0.0392998850
v -0.0102450000 0.0035247234 0.0390650000
v -0.0102450000 0.0033840813 0.0388388292
v -0.0102450000 0.0032289481 0.0386223410
v -0.0102450000 0.0030599880 0.0384164625
v -0.0102450000 0.0028779246 0.0382220754
v -0.0102450000 0.0026835375 0.0380400120
v -0.0102450000 0.0024776590 0.0378710519
v -0.0102450000 0.0022611708 0.0377159187
v -0.0102450000 0.0020350000 0.0375752766
v -0.0102450000 0.0018001150 0.0374497279
v -0.0102450000 0.0015575216 0.0373398103
v -0.0102450000 0.0013082586 0.0372459944
v -0.0102450000 0.0010533935 0.0371686819
v -0.0102450000 0.0007940176 0.0371082039
v -0.0102450000 0.0005312416 0.0370648194
v -0.0102450000 0.0002661907 0.0370387142
v -0.0102450000 0.0000000000 0.0370300000
v -0.0102450000 -0.0002661907 0.0370387142
v -0.0102450000 -0.0005312416 0.0370648194
v -0.0102450000 -0.0007940176 0.0371082039
v -0.0102450000 -0.0010533935 0.0371686819
v -0.0102450000 -0.0013082586 0.0372459944
v -0.0102450000 -0.0015575216 0.0373398103
v -0.0102450000 -0.0018001150 0.0374497279
v -0.0102450000 -0.0020350000 0.0375752766
v -0.0102450000 -0.0022611708 0.0377159187
v -0.0102450000 -0.0024776590 0.0378710519
v -0.0102450000 -0.0026835375 0.0380400120
v -0.0102450000 -0.0028779246 0.0382220754
v -0.0102450000 -0.0030599880 0.0384164625
v -0.0102450000 -0.0032289481 0.0386223410
v -0.0102450000 -0.0033840813 0.0388388292
v -0.0102450000 -0.0035247234 0.0390650000
v -0.0102450000 -0.0036502721 0.0392998850
v -0.0102450000 -0.0037601897 0.0395424784
v -0.0102450000 -0.0038540056 0.0397917414
v -0.0102450000 -0.0039313181 0.0400466065
v -0.0102450000 -0.0039917961 0.0403059824
v -0.0102450000 -0.0040351806 0.0405687584
v -0.0102450000 -0.0040612858 0.0408338093
v -0.0102450000 -0.0036900000 0.0411000000
v -0.0102450000 -0.0036820994 0.0413413375
v -0.0102450000 -0.0036584315 0.0415816416
v -0.0102450000 -0.0036190977 0.0418198833
v -0.0102450000 -0.0035642663 0.0420550423
v -0.0102450000 -0.0034941722 0.0422861116
v -0.0102450000 -0.0034091155 0.0425121019
v -0.0102450000 -0.0033094604 0.0427320453
v -0.0102450000 -0.0031956337 0.0429450000
v -0.0102450000 -0.0030681229 0.0431500542
v -0.0102450000 -0.0029274738 0.0433463297
v -0.0102450000 -0.0027742889 0.0435329861
v -0.0102450000 -0.0026092240 0.0437092240
v -0.0102450000 -0.0024329861 0.0438742889
v -0.0102450000 -0.0022463297 0.0440274738
v -0.0102450000 -0.0020500542 0.0441681229
v -0.0102450000 -0.0018450000 0.0442956337
v -0.0102450000 -0.0016320453 0.0444094604
v -0.0102450000 -0.0014121019 0.0445091155
v -0.0102450000 -0.0011861116 0.0445941722
v -0.0102450000 -0.0009550423 0.0446642663
v -0.0102450000 -0.0007198833 0.0447190977
v -0.0102450000 -0.0004816416 0.0447584315
v -0.0102450000 -0.0002413375 0.0447820994
v -0.0102450000 -0.0000000000 0.0447900000
v -0.0102450000 0.0002413375 0.0447820994
v -0.0102450000 0.0004816416 0.0447584315
v -0.0102450000 0.0007198833 0.0447190977
v -0.0102450000 0.0009550423 0.0446642663
v -0.0102450000 0.0011861116 0.0445941722
v -0.0102450000 0.0014121019 0.0445091155
v -0.0102450000 0.0016320453 0.0444094604
v -0.0102450000 0.0018450000 0.0442956337
v -0.0102450000 0.0020500542 0.0441681229
v -0.0102450000 0.0022463297 0.0440274738
v -0.0102450000 0.0024329861 0.0438742889
v -0.0102450000 0.0026092240 0.0437092240
v -0.0102450000 0.0027742889 0.0435329861
v -0.0102450000 0.0029274738 0.0433463297
v -0.0102450000 0.0030681229 0.0431500542
v -0.0102450000 0.0031956337 0.0429450000
v -0.0102450000 0.0033094604 0.0427320453
v -0.0102450000 0.0034091155 0.0425121019
v -0.0102450000 0.0034941722 0.0422861116
v -0.0102450000 0.0035642663 0.0420550423
v -0.0102450000 0.0036190977 0.0418198833
v -0.0102450000 0.0036584315 0.0415816416
v -0.0102450000 0.0036820994 0.0413413375
v -0.0102450000 0.0036900000 0.0411000000
v -0.0102450000 0.0036820994 0.0408586625
v -0.0102450000 0.0036584315 0.0406183584
v -0.0102450000 0.0036190977 0.0403801167
v -0.0102450000 0.0035642663 0.0401449577
v -0.0102450000 0.0034941722 0.0399138884
v -0.0102450000 0.0034091155 0.0396878981
v -0.0102450000 0.0033094604 0.0394679547
v -0.0102450000 0.0031956337 0.0392550000
v -0.0102450000 0.0030681229 0.0390499458
v -0.0102450000 0.0029274738 0.0388536703
v -0.0102450000 0.0027742889 0.0386670139
v -0.0102450000 0.0026092240 0.0384907760
v -0.0102450000 0.0024329861 0.0383257111
v -0.0102450000 0.0022463297 0.0381725262
v -0.0102450000 0.0020500542 0.0380318771
v -0.0102450000 0.0018450000 0.0379043663
v -0.0102450000 0.0016320453 0.0377905396
v -0.0102450000 0.0014121019 0.0376908845
v -0.0102450000 0.0011861116 0.0376058278
v -0.0102450000 0.0009550423 0.0375357337
v -0.0102450000 0.0007198833 0.0374809023
v -0.0102450000 0.0004816416 0.0374415685
v -0.0102450000 0.0002413375 0.0374179006
v -0.0102450000 0.0000000000 0.0374100000
v -0.0102450000 -0.0002413375 0.0374179006
v -0.0102450000 -0.0004816416 0.0374415685
v -0.0102450000 -0.0007198833 0.0374809023
v -0.0102450000 -0.0009550423 0.0375357337
v -0.0102450000 -0.0011861116 0.0376058278
v -0.0102450000 -0.0014121019 0.0376908845
v -0.0102450000 -0.0016320453 0.0377905396
v -0.0102450000 -0.0018450000 0.0379043663
v -0.0102450000 -0.0020500542 0.0380318771
v -0.0102450000 -0.0022463297 0.0381725262
v -0.0102450000 -0.0024329861 0.0383257111
v -0.0102450000 -0.0026092240 0.0384907760
v -0.0102450000 -0.0027742889 0.0386670139
v -0.0102450000 -0.0029274738 0.0388536703
v -0.0102450000 -0.0030681229 0.0390499458
v -0.0102450000 -0.0031956337 0.0392550000
v -0.0102450000 -0.0033094604 0.0394679547
v -0.0102450000 -0.0034091155 0.0396878981
v -0.0102450000 -0.0034941722 0.0399138884
v -0.0102450000 -0.0035642663 0.0401449577
v -0.0102450000 -0.0036190977 0.0403801167
v -0.0102450000 -0.0036584315 0.0406183584
v -0.0102450000 -0.0036820994 0.0408586625
v -0.0101450000 -0.0036900000 0.0411000000
v -0.0101450000 -0.0036820994 0.0413413375
v -0.0101450000 -0.0036584315 0.0415816416
v -0.0101450000 -0.0036190977 0.0418198833
v -0.0101450000 -0.0035642663 0.0420550423
v -0.0101450000 -0.0034941722 0.0422861116
v -0.0101450000 -0.0034091155 0.0425121019
v -0.0101450000 -0.0033094604 0.0427320453
v -0.0101450000 -0.0031956337 0.0429450000
v -0.0101450000 -0.0030681229 0.0431500542
v -0.0101450000 -0.0029274738 0.0433463297
v -0.0101450000 -0.0027742889 0.0435329861
v -0.0101450000 -0.0026092240 0.0437092240
v -0.0101450000 -0.0024329861 0.0438742889
v -0.0101450000 -0.0022463297 0.0440274738
v -0.0101450000 -0.0020500542 0.0441681229
v -0.0101450000 -0.0018450000 0.0442956337
v -0.0101450000 -0.0016320453 0.0444094604
v -0.0101450000 -0.0014121019 0.0445091155
v -0.0101450000 -0.0011861116 0.0445941722
v -0.0101450000 -0.0009550423 0.0446642663
v -0.0101450000 -0.0007198833 0.0447190977
v -0.0101450000 -0.0004816416 0.0447584315
v -0.0101450000 -0.0002413375 0.0447820994
v -0.0101450000 -0.0000000000 0.0447900000
v -0.0101450000 0.0002413375 0.0447820994
v -0.0101450000 0.0004816416 0.0447584315
v -0.0101450000 0.0007198833 0.0447190977
v -0.0101450000 0.0009550423 0.0446642663
v -0.0101450000 0.0011861116 0.0445941722
v -0.0101450000 0.0014121019 0.0445091155
v -0.0101450000 0.0016320453 0.0444094604
v -0.0101450000 0.0018450000 0.0442956337
v -0.0101450000 0.0020500542 0.0441681229
v -0.0101450000 0.0022463297 0.0440274738
v -0.0101450000 0.0024329861 0.0438742889
v -0.0101450000 0.0026092240 0.0437092240
v -0.0101450000 0.0027742889 0.0435329861
v -0.0101450000 0.0029274738 0.0433463297
v -0.0101450000 0.0030681229 0.0431500542
v -0.0101450000 0.0031956337 0.0429450000
v -0.0101450000 0.0033094604 0.0427320453
v -0.0101450000 0.0034091155 0.0425121019
v -0.0101450000 0.0034941722 0.0422861116
v -0.0101450000 0.0035642663 0.0420550423
v -0.0101450000 0.0036190977 0.0418198833
v -0.0101450000 0.0036584315 0.0415816416
v -0.0101450000 0.0036820994 0.0413413375
v -0.0101450000 0.0036900000 0.0411000000
v -0.0101450000 0.0036820994 0.0408586625
v -0.0101450000 0.0036584315 0.0406183584
v -0.0101450000 0.0036190977 0.0403801167
v -0.0101450000 0.0035642663 0.0401449577
v -0.0101450000 0.0034941722 0.0399138884
v -0.0101450000 0.0034091155 0.0396878981
v -0.0101450000 0.0033094604 0.0394679547
v -0.0101450000 0.0031956337 0.0392550000
v -0.0101450000 0.0030681229 0.0390499458
v -0.0101450000 0.0029274738 0.0388536703
v -0.0101450000 0.0027742889 0.0386670139
v -0.0101450000 0.0026092240 0.0384907760
v -0.0101450000 0.0024329861 0.0383257111
v -0.0101450000 0.0022463297 0.0381725262
v -0.0101450000 0.0020500542 0.0380318771
v -0.0101450000 0.0018450000 0.0379043663
v -0.0101450000 0.0016320453 0.0377905396
v -0.0101450000 0.0014121019 0.0376908845
v -0.0101450000 0.0011861116 0.0376058278
v -0.0101450000 0.0009550423 0.0375357337
v -0.0101450000 0.0007198833 0.0374809023
v -0.0101450000 0.0004816416 0.0374415685
v -0.0101450000 0.0002413375 0.0374179006
v -0.0101450000 0.0000000000 0.0374100000
v -0.0101450000 -0.0002413375 0.0374179006
v -0.0101450000 -0.0004816416 0.0374415685
v -0.0101450000 -0.0007198833 0.0374809023
v -0.0101450000 -0.0009550423 0.0375357337
v -0.0101450000 -0.0011861116 0.0376058278
v -0.0101450000 -0.0014121019 0.0376908845
v -0.0101450000 -0.0016320453 0.0377905396
v -0.0101450000 -0.0018450000 0.0379043663
v -0.0101450000 -0.0020500542 0.0380318771
v -0.0101450000 -0.0022463297 0.0381725262
v -0.0101450000 -0.0024329861 0.0383257111
v -0.0101450000 -0.0026092240 0.0384907760
v -0.0101450000 -0.0027742889 0.0386670139
v -0.0101450000 -0.0029274738 0.0388536703
v -0.0101450000 -0.0030681229 0.0390499458
v -0.0101450000 -0.0031956337 0.0392550000
v -0.0101450000 -0.0033094604 0.0394679547
v -0.0101450000 -0.0034091155 0.0396878981
v -0.0101450000 -0.0034941722 0.0399138884
v -0.0101450000 -0.0035642663 0.0401449577
v -0.0101450000 -0.0036190977 0.0403801167
v -0.0101450000 -0.0036584315 0.0406183584
v -0.0101450000 -0.0036820994 0.0408586625
v -0.0102450000 -0.0036900000 0.0411000000
v -0.0102450000 -0.0036820994 0.0413413375
v -0.0102450000 -0.0036584315 0.0415816416
v -0.0102450000 -0.0036190977 0.0418198833
v -0.0102450000 -0.0035642663 0.0420550423
v -0.0102450000 -0.0034941722 0.0422861116
v -0.0102450000 -0.0034091155 0.0425121019
v -0.0102450000 -0.0033094604 0.0427320453
v -0.0102450000 -0.0031956337 0.0429450000
v -0.0102450000 -0.0030681229 0.0431500542
v -0.0102450000 -0.0029274738 0.0433463297
v -0.0102450000 -0.0027742889 0.0435329861
v -0.0102450000 -0.0026092240 0.0437092240
v -0.0102450000 -0.0024329861 0.0438742889
v -0.0102450000 -0.0022463297 0.0440274738
v -0.0102450000 -0.0020500542 0.0441681229
v -0.0102450000 -0.0018450000 0.0442956337
v -0.0102450000 -0.0016320453 0.0444094604
v -0.0102450000 -0.0014121019 0.0445091155
v -0.0102450000 -0.0011861116 0.0445941722
v -0.0102450000 -0.0009550423 0.0446642663
v -0.0102450000 -0.0007198833 0.0447190977
v -0.0102450000 -0.0004816416 0.0447584315
v -0.0102450000 -0.0002413375 0.0447820994
v -0.0102450000 -0.0000000000 0.0447900000
v -0.0102450000 0.0002413375 0.0447820994
v -0.0102450000 0.0004816416 0.0447584315
v -0.0102450000 0.0007198833 0.0447190977
v -0.0102450000 0.0009550423 0.0446642663
v -0.0102450000 0.0011861116 0.0445941722
v -0.0102450000 0.0014121019 0.0445091155
v -0.0102450000 0.0016320453 0.0444094604
v -0.0102450000 0.0018450000 0.0442956337
v -0.0102450000 0.0020500542 0.0441681229
v -0.0102450000 0.0022463297 0.0440274738
v -0.0102450000 0.0024329861 0.0438742889
v -0.0102450000 0.0026092240 0.0437092240
v -0.0102450000 0.0027742889 0.0435329861
v -0.0102450000 0.0029274738 0.0433463297
v -0.0102450000 0.0030681229 0.0431500542
v -0.0102450000 0.0031956337 0.0429450000
v -0.0102450000 0.0033094604 0.0427320453
v -0.0102450000 0.0034091155 0.0425121019
v -0.0102450000 0.0034941722 0.0422861116
v -0.0102450000 0.0035642663 0.0420550423
v -0.0102450000 0.0036190977 0.0418198833
v -0.0102450000 0.0036584315 0.0415816416
v -0.0102450000 0.0036820994 0.0413413375
v -0.0102450000 0.0036900000 0.0411000000
v -0.0102450000 0.0036820994 0.0408586625
v -0.0102450000 0.0036584315 0.0406183584
v -0.0102450000 0.0036190977 0.0403801167
v -0.0102450000 0.0035642663 0.0401449577
v -0.0102450000 0.0034941722 0.0399138884
v -0.0102450000 0.0034091155 0.0396878981
v -0.0102450000 0.0033094604 0.0394679547
v -0.0102450000 0.0031956337 0.0392550000
v -0.0102450000 0.0030681229 0.0390499458
v -0.0102450000 0.0029274738 0.0388536703
v -0.0102450000 0.0027742889 0.0386670139
v -0.0102450000 0.0026092240 0.0384907760
v -0.0102450000 0.0024329861 0.0383257111
v -0.0102450000 0.0022463297 0.0381725262
v -0.0102450000 0.0020500542 0.0380318771
v -0.0102450000 0.0018450000 0.0379043663
v -0.0102450000 0.0016320453 0.0377905396
v -0.0102450000 0.0014121019 0.0376908845
v -0.0102450000 0.0011861116 0.0376058278
v -0.0102450000 0.0009550423 0.0375357337
v -0.0102450000 0.0007198833 0.0374809023
v -0.0102450000 0.0004816416 0.0374415685
v -0.0102450000 0.0002413375 0.0374179006
v -0.0102450000 0.0000000000 0.0374100000
v -0.0102450000 -0.0002413375 0.0374179006
v -0.0102450000 -0.0004816416 0.0374415685
v -0.0102450000 -0.0007198833 0.0374809023
v -0.0102450000 -0.0009550423 0.0375357337
v -0.0102450000 -0.0011861116 0.0376058278
v -0.0102450000 -0.0014121019 0.0376908845
v -0.0102450000 -0.0016320453 0.0377905396
v -0.0102450000 -0.0018450000 0.0379043663
v -0.0102450000 -0.0020500542 0.0380318771
v -0.0102450000 -0.0022463297 0.0381725262
v -0.0102450000 -0.0024329861 0.0383257111
v -0.0102450000 -0.0026092240 0.0384907760
v -0.0102450000 -0.0027742889 0.0386670139
v -0.0102450000 -0.0029274738 0.0388536703
v -0.0102450000 -0.0030681229 0.0390499458
v -0.0102450000 -0.0031956337 0.0392550000
v -0.0102450000 -0.0033094604 0.0394679547
v -0.0102450000 -0.0034091155 0.0396878981
v -0.0102450000 -0.0034941722 0.0399138884
v -0.0102450000 -0.0035642663 0.0401449577
v -0.0102450000 -0.0036190977 0.0403801167
v -0.0102450000 -0.0036584315 0.0406183584
v -0.0102450000 -0.0036820994 0.0408586625
vn 1.00000000 0.00000000 0.00000000
vn 1.00000000 0.00000000 0.00000000
vn 1.00000000 0.00000000 0.00000000
vn 1.00000000 0.00000000 0.00000000
vn 1.00000000 0.00000000 0.00000000
vn 1.00000000 0.00000000 0.00000000
vn 1.00000000 0.00000000 0.00000000
vn 1.00000000 0.00000000 0.00000000
vn 1.00000000 0.00000000 0.00000000
vn 1.00000000 0.00000000 0.00000000
vn 1.00000000 0.00000000 0.00000000
vn 1.00000000 0.00000000 0.00000000
vn 1.00000000 0.00000000 0.00000000
vn 1.00000000 0.00000000 0.00000000
vn 1.00000000 0.00000000 0.00000000
vn 1.00000000 0.00000000 0.00000000
vn 1.00000000 0.00000000 0.00000000
vn 1.00000000 0.00000000 0.00000000
vn 1.00000000 0.00000000 0.00000000
vn 1.00000000 0.00000000 0.00000000
vn 1.00000000 0.00000000 0.00000000
vn 1.00000000 0.00000000 0.00000000
vn 1.00000000 0.00000000 0.00000000
vn 1.00000000 0.00000000 0.00000000
vn 1.00000000 0.00000000 0.00000000
vn 1.00000000 0.00000000 0.00000000
vn 1.00000000 0.00000000 0.00000000
vn 1.00000000 0.00000000 0.00000000
vn 1.00000000 0.00000000 0.00000000
vn 1.00000000 0.00000000 0.00000000
vn 1.00000000 0.00000000 0.00000000
vn 1.00000000 0.00000000 0.00000000
vn 1.00000000 0.00000000 0.00000000
vn 1.00000000 0.00000000 0.00000000
vn 1.00000000 0.00000000 0.00000000
vn 1.00000000 0.00000000 0.00000000
vn 1.00000000 0.00000000 0.00000000
vn 1.00000000 0.00000000 0.00000000
vn 1.00000000 0.00000000 0.00000000
vn 1.00000000 0.00000000 0.00000000
vn 1.00000000 0.00000000 0.00000000
vn 1.00000000 0.00000000 0.00000000
vn 1.00000000 0.00000000 0.00000000
vn 1.00000000 0.00000000 0.00000000
vn 1.00000000 0.00000000 0.00000000
vn 1.00000000 0.00000000 0.00000000
vn 1.00000000 0.00000000 0.00000000
vn 1.00000000 0.00000000 0.00000000
vn 1.00000000 0.00000000 0.00000000
vn 1.00000000 0.00000000 0.00000000
vn 1.00000000 0.00000000 0.00000000
vn 1.00000000 0.00000000 0.00000000
vn 1.00000000 0.00000000 0.00000000
vn 1.00000000 0.00000000 0.00000000
vn 1.00000000 0.00000000 0.00000000
vn 1.00000000 0.00000000 0.00000000
vn 1.00000000 0.00000000 0.00000000
vn 1.00000000 0.00000000 0.00000000
vn 1.00000000 0.00000000 0.00000000
vn 1.00000000 0.00000000 0.00000000
vn 1.00000000 0.00000000 0.00000000
vn 1.00000000 0.00000000 0.00000000
vn 1.00000000 0.00000000 0.00000000
vn 1.00000000 0.00000000 0.00000000
vn 1.00000000 0.00000000 0.00000000
vn 1.00000000 0.00000000 0.00000000
vn 1.00000000 0.00000000 0.00000000
vn 1.00000000 0.00000000 0.00000000
vn 1.00000000 0.00000000 0.00000000
vn 1.00000000 0.00000000 0.00000000
vn 1.00000000 0.00000000 0.00000000
vn 1.00000000 0.00000000 0.00000000
vn 1.00000000 0.00000000 0.00000000
vn 1.00000000 0.00000000 0.00000000
vn 1.00000000 0.00000000 0.00000000
vn 1.00000000 0.00000000 0.00000000
vn 1.00000000 0.00000000 0.00000000
vn 1.00000000 0.00000000 0.00000000
vn 1.00000000 0.00000000 0.00000000
vn 1.00000000 0.00000000 0.00000000
vn 1.00000000 0.00000000 0.00000000
vn 1.00000000 0.00000000 0.00000000
vn 1.00000000 0.00000000 0.00000000
vn 1.00000000 0.00000000 0.00000000
vn 1.00000000 0.00000000 0.00000000
vn 1.00000000 0.00000000 0.00000000
vn 1.00000000 0.00000000 0.00000000
vn 1.00000000 0.00000000 0.00000000
vn 1.00000000 0.00000000 0.00000000
vn 1.00000000 0.00000000 0.00000000
vn 1.00000000 0.00000000 0.00000000
vn 1.00000000 0.00000000 0.00000000
vn 1.00000000 0.00000000 0.00000000
vn 1.00000000 0.00000000 0.00000000
vn 1.00000000 0.00000000 0.00000000
vn 1.00000000 0.00000000 0.00000000
vn 1.00000000 0.00000000 0.00000000
vn 1.00000000 0.00000000 0.00000000
vn 1.00000000 0.00000000 0.00000000
vn 1.00000000 0.00000000 0.00000000
vn 1.00000000 0.00000000 0.00000000
vn 1.00000000 0.00000000 0.00000000
vn 1.00000000 0.00000000 0.00000000
vn 1.00000000 0.00000000 0.00000000
vn 1.00000000 0.00000000 0.00000000
vn 1.00000000 0.00000000 0.00000000
vn 1.00000000 0.00000000 0.00000000
vn 1.00000000 0.00000000 0.00000000
vn 1.00000000 0.00000000 0.00000000
vn 1.00000000 0.00000000 0.00000000
vn 1.00000000 0.00000000 0.00000000
vn 1.00000000 0.00000000 0.00000000
vn 1.00000000 0.00000000 0.00000000
vn 1.00000000 0.00000000 0.00000000
vn 1.00000000 0.00000000 0.00000000
vn 1.00000000 0.00000000 0.00000000
vn 1.00000000 0.00000000 0.00000000
vn 1.00000000 0.00000000 0.00000000
vn 1.00000000 0.00000000 0.00000000
vn 1.00000000 0.00000000 0.00000000
vn 1.00000000 0.00000000 0.00000000
vn 1.00000000 0.00000000 0.00000000
vn 1.00000000 0.00000000 0.00000000
vn 1.00000000 0.00000000 0.00000000
vn 1.00000000 0.00000000 0.00000000
vn 1.00000000 0.00000000 0.00000000
vn 1.00000000 0.00000000 0.00000000
vn 1.00000000 0.00000000 0.00000000
vn 1.00000000 0.00000000 0.00000000
vn 1.00000000 0.00000000 0.00000000
vn 1.00000000 0.00000000 0.00000000
vn 1.00000000 0.00000000 0.00000000
vn 1.00000000 0.00000000 0.00000000
vn 1.00000000 0.00000000 0.00000000
vn 1.00000000 0.00000000 0.00000000
vn 1.00000000 0.00000000 0.00000000
vn 1.00000000 0.00000000 0.00000000
vn 1.00000000 0.00000000 0.00000000
vn 1.00000000 0.00000000 0.00000000
vn 1.00000000 0.00000000 0.00000000
vn 1.00000000 0.00000000 0.00000000
vn 1.00000000 0.00000000 0.00000000
vn 1.00000000 0.00000000 0.00000000
vn 1.00000000 0.00000000 0.00000000
vn 1.00000000 0.00000000 0.00000000
vn 1.00000000 0.00000000 0.00000000
vn 1.00000000 0.00000000 0.00000000
vn 1.00000000 0.00000000 0.00000000
vn 1.00000000 0.00000000 0.00000000
vn 1.00000000 0.00000000 0.00000000
vn 1.00000000 0.00000000 0.00000000
vn 1.00000000 0.00000000 0.00000000
vn 1.00000000 0.00000000 0.00000000
vn 1.00000000 0.00000000 0.00000000
vn 1.00000000 0.00000000 0.00000000
vn 1.00000000 0.00000000 0.00000000
vn 1.00000000 0.00000000 0.00000000
vn 1.00000000 0.00000000 0.00000000
vn 1.00000000 0.00000000 0.00000000
vn 1.00000000 0.00000000 0.00000000
vn 1.00000000 0.00000000 0.00000000
vn 1.00000000 0.00000000 0.00000000
vn 1.00000000 0.00000000 0.00000000
vn 1.00000000 0.00000000 0.00000000
vn 1.00000000 0.00000000 0.00000000
vn 1.00000000 0.00000000 0.00000000
vn 1.00000000 0.00000000 0.00000000
vn 1.00000000 0.00000000 0.00000000
vn 1.00000000 0.00000000 0.00000000
vn 1.00000000 0.00000000 0.00000000
vn 1.00000000 0.00000000 0.00000000
vn 1.00000000 0.00000000 0.00000000
vn 1.00000000 0.00000000 0.00000000
vn 1.00000000 0.00000000 0.00000000
vn 1.00000000 0.00000000 0.00000000
vn 1.00000000 0.00000000 0.00000000
vn 1.00000000 0.00000000 0.00000000
vn 1.00000000 0.00000000 0.00000000
vn 1.00000000 0.00000000 0.00000000
vn 1.00000000 0.00000000 0.00000000
vn 1.00000000 0.00000000 0.00000000
vn 1.00000000 0.00000000 0.00000000
vn 1.00000000 0.00000000 0.00000000
vn 1.00000000 0.00000000 0.00000000
vn 1.00000000 0.00000000 0.00000000
vn 1.00000000 0.00000000 0.00000000
vn 1.00000000 0.00000000 0.00000000
vn 1.00000000 0.00000000 0.00000000
vn 1.00000000 0.00000000 0.00000000
vn 1.00000000 0.00000000 0.00000000
vn 1.00000000 0.00000000 0.00000000
vn 1.00000000 0.00000000 0.00000000
vn 0.00000000 -1.00000000 0.00000000
vn 0.00000000 -0.99785892 0.06540313
vn 0.00000000 -0.99144486 0.13052619
vn 0.00000000 -0.98078528 0.19509032
vn 0.00000000 -0.96592583 0.25881905
vn 0.00000000 -0.94693013 0.32143947
vn 0.00000000 -0.92387953 0.38268343
vn 0.00000000 -0.89687274 0.44228869
vn 0.00000000 -0.86602540 0.50000000
vn 0.00000000 -0.83146961 0.55557023
vn 0.00000000 -0.79335334 0.60876143
vn 0.00000000 -0.75183981 0.65934582
vn 0.00000000 -0.70710678 0.70710678
vn 0.00000000 -0.65934582 0.75183981
vn 0.00000000 -0.60876143 0.79335334
vn 0.00000000 -0.55557023 0.83146961
vn 0.00000000 -0.50000000 0.86602540
vn 0.00000000 -0.44228869 0.89687274
vn 0.00000000 -0.38268343 0.92387953
vn 0.00000000 -0.32143947 0.94693013
vn 0.00000000 -0.25881905 0.96592583
vn 0.00000000 -0.19509032 0.98078528
vn 0.00000000 -0.13052619 0.99144486
vn 0.00000000 -0.06540313 0.99785892
vn 0.00000000 0.00000000 1.00000000
vn 0.00000000 0.06540313 0.99785892
vn 0.00000000 0.13052619 0.99144486
vn 0.00000000 0.19509032 0.98078528
vn 0.00000000 0.25881905 0.96592583
vn 0.00000000 0.32143947 0.94693013
vn 0.00000000 0.38268343 0.92387953
vn 0.00000000 0.44228869 0.89687274
vn 0.00000000 0.50000000 0.86602540
vn 0.00000000 0.55557023 0.83146961
vn 0.00000000 0.60876143 0.79335334
vn 0.00000000 0.65934582 0.75183981
vn 0.00000000 0.70710678 0.70710678
vn 0.00000000 0.75183981 0.65934582
vn 0.00000000 0.79335334 0.60876143
vn 0.00000000 0.83146961 0.55557023
vn 0.00000000 0.86602540 0.50000000
vn 0.00000000 0.89687274 0.44228869
vn 0.00000000 0.92387953 0.38268343
vn 0.00000000 0.94693013 0.32143947
vn 0.00000000 0.96592583 0.25881905
vn 0.00000000 0.98078528 0.19509032
vn 0.00000000 0.99144486 0.13052619
vn 0.00000000 0.99785892 0.06540313
vn 0.00000000 1.00000000 -0.00000000
vn 0.00000000 0.99785892 -0.06540313
vn 0.00000000 0.99144486 -0.13052619
vn 0.00000000 0.98078528 -0.19509032
vn 0.00000000 0.96592583 -0.25881905
vn 0.00000000 0.94693013 -0.32143947
vn 0.00000000 0.92387953 -0.38268343
vn 0.00000000 0.89687274 -0.44228869
vn 0.00000000 0.86602540 -0.50000000
vn 0.00000000 0.83146961 -0.55557023
vn 0.00000000 0.79335334 -0.60876143
vn 0.00000000 0.75183981 -0.65934582
vn 0.00000000 0.70710678 -0.70710678
vn 0.00000000 0.65934582 -0.75183981
vn 0.00000000 0.60876143 -0.79335334
vn 0.00000000 0.55557023 -0.83146961
vn 0.00000000 0.50000000 -0.86602540
vn 0.00000000 0.44228869 -0.89687274
vn 0.00000000 0.38268343 -0.92387953
vn 0.00000000 0.32143947 -0.94693013
vn 0.00000000 0.25881905 -0.96592583
vn 0.00000000 0.19509032 -0.98078528
vn 0.00000000 0.13052619 -0.99144486
vn 0.00000000 0.06540313 -0.99785892
vn 0.00000000 0.00000000 -1.00000000
vn 0.00000000 -0.06540313 -0.99785892
vn 0.00000000 -0.13052619 -0.99144486
vn 0.00000000 -0.19509032 -0.98078528
vn 0.00000000 -0.25881905 -0.96592583
vn 0.00000000 -0.32143947 -0.94693013
vn 0.00000000 -0.38268343 -0.92387953
vn 0.00000000 -0.44228869 -0.89687274
vn 0.00000000 -0.50000000 -0.86602540
vn 0.00000000 -0.55557023 -0.83146961
vn 0.00000000 -0.60876143 -0.79335334
vn 0.00000000 -0.65934582 -0.75183981
vn 0.00000000 -0.70710678 -0.70710678
vn 0.00000000 -0.75183981 -0.65934582
vn 0.00000000 -0.79335334 -0.60876143
vn 0.00000000 -0.83146961 -0.55557023
vn 0.00000000 -0.86602540 -0.50000000
vn 0.00000000 -0.89687274 -0.44228869
vn 0.00000000 -0.92387953 -0.38268343
vn 0.00000000 -0.94693013 -0.32143947
vn 0.00000000 -0.96592583 -0.25881905
vn 0.00000000 -0.98078528 -0.19509032
vn 0.00000000 -0.99144486 -0.13052619
vn 0.00000000 -0.99785892 -0.06540313
vn 0.00000000 -1.00000000 0.00000000
vn 0.00000000 -0.99785892 0.06540313
vn 0.00000000 -0.99144486 0.13052619
vn 0.00000000 -0.98078528 0.19509032
vn 0.00000000 -0.96592583 0.25881905
vn 0.00000000 -0.94693013 0.32143947
vn 0.00000000 -0.92387953 0.38268343
vn 0.00000000 -0.89687274 0.44228869
vn 0.00000000 -0.86602540 0.50000000
vn 0.00000000 -0.83146961 0.55557023
vn 0.00000000 -0.79335334 0.60876143
vn 0.00000000 -0.75183981 0.65934582
vn 0.00000000 -0.70710678 0.70710678
vn 0.00000000 -0.65934582 0.75183981
vn 0.00000000 -0.60876143 0.79335334
vn 0.00000000 -0.55557023 0.83146961
vn 0.00000000 -0.50000000 0.86602540
vn 0.00000000 -0.44228869 0.89687274
vn 0.00000000 -0.38268343 0.92387953
vn 0.00000000 -0.32143947 0.94693013
vn 0.00000000 -0.25881905 0.96592583
vn 0.00000000 -0.19509032 0.98078528
vn 0.00000000 -0.13052619 0.99144486
vn 0.00000000 -0.06540313 0.99785892
vn 0.00000000 0.00000000 1.00000000
vn 0.00000000 0.06540313 0.99785892
vn 0.00000000 0.13052619 0.99144486
vn 0.00000000 0.19509032 0.98078528
vn 0.00000000 0.25881905 0.96592583
vn 0.00000000 0.32143947 0.94693013
vn 0.00000000 0.38268343 0.92387953
vn 0.00000000 0.44228869 0.89687274
vn 0.00000000 0.50000000 0.86602540
vn 0.00000000 0.55557023 0.83146961
vn 0.00000000 0.60876143 0.79335334
vn 0.00000000 0.65934582 0.75183981
vn 0.00000000 0.70710678 0.70710678
vn 0.00000000 0.75183981 0.65934582
vn 0.00000000 0.79335334 0.60876143
vn 0.00000000 0.83146961 0.55557023
vn 0.00000000 0.86602540 0.50000000
vn 0.00000000 0.89687274 0.44228869
vn 0.00000000 0.92387953 0.38268343
vn 0.00000000 0.94693013 0.32143947
vn 0.00000000 0.96592583 0.25881905
vn 0.00000000 0.98078528 0.19509032
vn 0.00000000 0.99144486 0.13052619
vn 0.00000000 0.99785892 0.06540313
vn 0.00000000 1.00000000 -0.00000000
vn 0.00000000 0.99785892 -0.06540313
vn 0.00000000 0.99144486 -0.13052619
vn 0.00000000 0.98078528 -0.19509032
vn 0.00000000 0.96592583 -0.25881905
vn 0.00000000 0.94693013 -0.32143947
vn 0.00000000 0.92387953 -0.38268343
vn 0.00000000 0.89687274 -0.44228869
vn 0.00000000 0.86602540 -0.50000000
vn 0.00000000 0.83146961 -0.55557023
vn 0.00000000 0.79335334 -0.60876143
vn 0.00000000 0.75183981 -0.65934582
vn 0.00000000 0.70710678 -0.70710678
vn 0.00000000 0.65934582 -0.75183981
vn 0.00000000 0.60876143 -0.79335334
vn 0.00000000 0.55557023 -0.83146961
vn 0.00000000 0.50000000 -0.86602540
vn 0.00000000 0.44228869 -0.89687274
vn 0.00000000 0.38268343 -0.92387953
vn 0.00000000 0.32143947 -0.94693013
vn 0.00000000 0.25881905 -0.96592583
vn 0.00000000 0.19509032 -0.98078528
vn 0.00000000 0.13052619 -0.99144486
vn 0.00000000 0.06540313 -0.99785892
vn 0.00000000 0.00000000 -1.00000000
vn 0.00000000 -0.06540313 -0.99785892
vn 0.00000000 -0.13052619 -0.99144486
vn 0.00000000 -0.19509032 -0.98078528
vn 0.00000000 -0.25881905 -0.96592583
vn 0.00000000 -0.32143947 -0.94693013
vn 0.00000000 -0.38268343 -0.92387953
vn 0.00000000 -0.44228869 -0.89687274
vn 0.00000000 -0.50000000 -0.86602540
vn 0.00000000 -0.55557023 -0.83146961
vn 0.00000000 -0.60876143 -0.79335334
vn 0.00000000 -0.65934582 -0.75183981
vn 0.00000000 -0.70710678 -0.70710678
vn 0.00000000 -0.75183981 -0.65934582
vn 0.00000000 -0.79335334 -0.60876143
vn 0.00000000 -0.83146961 -0.55557023
vn 0.00000000 -0.86602540 -0.50000000
vn 0.00000000 -0.89687274 -0.44228869
vn 0.00000000 -0.92387953 -0.38268343
vn 0.00000000 -0.94693013 -0.32143947
vn 0.00000000 -0.96592583 -0.25881905
vn 0.00000000 -0.98078528 -0.19509032
vn 0.00000000 -0.99144486 -0.13052619
vn 0.00000000 -0.99785892 -0.06540313
vn -1.00000000 0.00000000 0.00000000
vn -1.00000000 0.00000000 0.00000000
vn -1.00000000 0.00000000 0.00000000
vn -1.00000000 0.00000000 0.00000000
vn -1.00000000 0.00000000 0.00000000
vn -1.00000000 0.00000000 0.00000000
vn -1.00000000 0.00000000 0.00000000
vn -1.00000000 0.00000000 0.00000000
vn -1.00000000 0.00000000 0.00000000
vn -1.00000000 0.00000000 0.00000000
vn -1.00000000 0.00000000 0.00000000
vn -1.00000000 0.00000000 0.00000000
vn -1.00000000 0.00000000 0.00000000
vn -1.00000000 0.00000000 0.00000000
vn -1.00000000 0.00000000 0.00000000
vn -1.00000000 0.00000000 0.00000000
vn -1.00000000 0.00000000 0.00000000
vn -1.00000000 0.00000000 0.00000000
vn -1.00000000 0.00000000 0.00000000
vn -1.00000000 0.00000000 0.00000000
vn -1.00000000 0.00000000 0.00000000
vn -1.00000000 0.00000000 0.00000000
vn -1.00000000 0.00000000 0.00000000
vn -1.00000000 0.00000000 0.00000000
vn -1.00000000 0.00000000 0.00000000
vn -1.00000000 0.00000000 0.00000000
vn -1.00000000 0.00000000 0.00000000
vn -1.00000000 0.00000000 0.00000000
vn -1.00000000 0.00000000 0.00000000
vn -1.00000000 0.00000000 0.00000000
vn -1.00000000 0.00000000 0.00000000
vn -1.00000000 0.00000000 0.00000000
vn -1.00000000 0.00000000 0.00000000
vn -1.00000000 0.00000000 0.00000000
vn -1.00000000 0.00000000 0.00000000
vn -1.00000000 0.00000000 0.00000000
vn -1.00000000 0.00000000 0.00000000
vn -1.00000000 0.00000000 0.00000000
vn -1.00000000 0.00000000 0.00000000
vn -1.00000000 0.00000000 0.00000000
vn -1.00000000 0.00000000 0.00000000
vn -1.00000000 0.00000000 0.00000000
vn -1.00000000 0.00000000 0.00000000
vn -1.00000000 0.00000000 0.00000000
vn -1.00000000 0.00000000 0.00000000
vn -1.00000000 0.00000000 0.00000000
vn -1.00000000 0.00000000 0.00000000
vn -1.00000000 0.00000000 0.00000000
vn -1.00000000 0.00000000 0.00000000
vn -1.00000000 0.00000000 0.00000000
vn -1.00000000 0.00000000 0.00000000
vn -1.00000000 0.00000000 0.00000000
vn -1.00000000 0.00000000 0.00000000
vn -1.00000000 0.00000000 0.00000000
vn -1.00000000 0.00000000 0.00000000
vn -1.00000000 0.00000000 0.00000000
vn -1.00000000 0.00000000 0.00000000
vn -1.00000000 0.00000000 0.00000000
vn -1.00000000 0.00000000 0.00000000
vn -1.00000000 0.00000000 0.00000000
vn -1.00000000 0.00000000 0.00000000
vn -1.00000000 0.00000000 0.00000000
vn -1.00000000 0.00000000 0.00000000
vn -1.00000000 0.00000000 0.00000000
vn -1.00000000 0.00000000 0.00000000
vn -1.00000000 0.00000000 0.00000000
vn -1.00000000 0.00000000 0.00000000
vn -1.00000000 0.00000000 0.00000000
vn -1.00000000 0.00000000 0.00000000
vn -1.00000000 0.00000000 0.00000000
vn -1.00000000 0.00000000 0.00000000
vn -1.00000000 0.00000000 0.00000000
vn -1.00000000 0.00000000 0.00000000
vn -1.00000000 0.00000000 0.00000000
vn -1.00000000 0.00000000 0.00000000
vn -1.00000000 0.00000000 0.00000000
vn -1.00000000 0.00000000 0.00000000
vn -1.00000000 0.00000000 0.00000000
vn -1.00000000 0.00000000 0.00000000
vn -1.00000000 0.00000000 0.00000000
vn -1.00000000 0.00000000 0.00000000
vn -1.00000000 0.00000000 0.00000000
vn -1.00000000 0.00000000 0.00000000
vn -1.00000000 0.00000000 0.00000000
vn -1.00000000 0.00000000 0.00000000
vn -1.00000000 0.00000000 0.00000000
vn -1.00000000 0.00000000 0.00000000
vn -1.00000000 0.00000000 0.00000000
vn -1.00000000 0.00000000 0.00000000
vn -1.00000000 0.00000000 0.00000000
vn -1.00000000 0.00000000 0.00000000
vn -1.00000000 0.00000000 0.00000000
vn -1.00000000 0.00000000 0.00000000
vn -1.00000000 0.00000000 0.00000000
vn -1.00000000 0.00000000 0.00000000
vn -1.00000000 0.00000000 0.00000000
vn -1.00000000 0.00000000 0.00000000
vn -1.00000000 0.00000000 0.00000000
vn -1.00000000 0.00000000 0.00000000
vn -1.00000000 0.00000000 0.00000000
vn -1.00000000 0.00000000 0.00000000
vn -1.00000000 0.00000000 0.00000000
vn -1.00000000 0.00000000 0.00000000
vn -1.00000000 0.00000000 0.00000000
vn -1.00000000 0.00000000 0.00000000
vn -1.00000000 0.00000000 0.00000000
vn -1.00000000 0.00000000 0.00000000
vn -1.00000000 0.00000000 0.00000000
vn -1.00000000 0.00000000 0.00000000
vn -1.00000000 0.00000000 0.00000000
vn -1.00000000 0.00000000 0.00000000
vn -1.00000000 0.00000000 0.00000000
vn -1.00000000 0.00000000 0.00000000
vn -1.00000000 0.00000000 0.00000000
vn -1.00000000 0.00000000 0.00000000
vn -1.00000000 0.00000000 0.00000000
vn -1.00000000 0.00000000 0.00000000
vn -1.00000000 0.00000000 0.00000000
vn -1.00000000 0.00000000 0.00000000
vn -1.00000000 0.00000000 0.00000000
vn -1.00000000 0.00000000 0.00000000
vn -1.00000000 0.00000000 0.00000000
vn -1.00000000 0.00000000 0.00000000
vn -1.00000000 0.00000000 0.00000000
vn -1.00000000 0.00000000 0.00000000
vn -1.00000000 0.00000000 0.00000000
vn -1.00000000 0.00000000 0.00000000
vn -1.00000000 0.00000000 0.00000000
vn -1.00000000 0.00000000 0.00000000
vn -1.00000000 0.00000000 0.00000000
vn -1.00000000 0.00000000 0.00000000
vn -1.00000000 0.00000000 0.00000000
vn -1.00000000 0.00000000 0.00000000
vn -1.00000000 0.00000000 0.00000000
vn -1.00000000 0.00000000 0.00000000
vn -1.00000000 0.00000000 0.00000000
vn -1.00000000 0.00000000 0.00000000
vn -1.00000000 0.00000000 0.00000000
vn -1.00000000 0.00000000 0.00000000
vn -1.00000000 0.00000000 0.00000000
vn -1.00000000 0.00000000 0.00000000
vn -1.00000000 0.00000000 0.00000000
vn -1.00000000 0.00000000 0.00000000
vn -1.00000000 0.00000000 0.00000000
vn -1.00000000 0.00000000 0.00000000
vn -1.00000000 0.00000000 0.00000000
vn -1.00000000 0.00000000 0.00000000
vn -1.00000000 0.00000000 0.00000000
vn -1.00000000 0.00000000 0.00000000
vn -1.00000000 0.00000000 0.00000000
vn -1.00000000 0.00000000 0.00000000
vn -1.00000000 0.00000000 0.00000000
vn -1.00000000 0.00000000 0.00000000
vn -1.00000000 0.00000000 0.00000000
vn -1.00000000 0.00000000 0.00000000
vn -1.00000000 0.00000000 0.00000000
vn -1.00000000 0.00000000 0.00000000
vn -1.00000000 0.00000000 0.00000000
vn -1.00000000 0.00000000 0.00000000
vn -1.00000000 0.00000000 0.00000000
vn -1.00000000 0.00000000 0.00000000
vn -1.00000000 0.00000000 0.00000000
vn -1.00000000 0.00000000 0.00000000
vn -1.00000000 0.00000000 0.00000000
vn -1.00000000 0.00000000 0.00000000
vn -1.00000000 0.00000000 0.00000000
vn -1.00000000 0.00000000 0.00000000
vn -1.00000000 0.00000000 0.00000000
vn -1.00000000 0.00000000 0.00000000
vn -1.00000000 0.00000000 0.00000000
vn -1.00000000 0.00000000 0.00000000
vn -1.00000000 0.00000000 0.00000000
vn -1.00000000 0.00000000 0.00000000
vn -1.00000000 0.00000000 0.00000000
vn -1.00000000 0.00000000 0.00000000
vn -1.00000000 0.00000000 0.00000000
vn -1.00000000 0.00000000 0.00000000
vn -1.00000000 0.00000000 0.00000000
vn -1.00000000 0.00000000 0.00000000
vn -1.00000000 0.00000000 0.00000000
vn -1.00000000 0.00000000 0.00000000
vn -1.00000000 0.00000000 0.00000000
vn -1.00000000 0.00000000 0.00000000
vn -1.00000000 0.00000000 0.00000000
vn -1.00000000 0.00000000 0.00000000
vn -1.00000000 0.00000000 0.00000000
vn -1.00000000 0.00000000 0.00000000
vn -1.00000000 0.00000000 0.00000000
vn -1.00000000 0.00000000 0.00000000
vn -1.00000000 0.00000000 0.00000000
vn -1.00000000 0.00000000 0.00000000
vn -1.00000000 0.00000000 0.00000000
vn 0.00000000 1.00000000 -0.00000000
vn 0.00000000 0.99785892 -0.06540313
vn 0.00000000 0.99144486 -0.13052619
vn 0.00000000 0.98078528 -0.19509032
vn 0.00000000 0.96592583 -0.25881905
vn 0.00000000 0.94693013 -0.32143947
vn 0.00000000 0.92387953 -0.38268343
vn 0.00000000 0.89687274 -0.44228869
vn 0.00000000 0.86602540 -0.50000000
vn 0.00000000 0.83146961 -0.55557023
vn 0.00000000 0.79335334 -0.60876143
vn 0.00000000 0.75183981 -0.65934582
vn 0.00000000 0.70710678 -0.70710678
vn 0.00000000 0.65934582 -0.75183981
vn 0.00000000 0.60876143 -0.79335334
vn 0.00000000 0.55557023 -0.83146961
vn 0.00000000 0.50000000 -0.86602540
vn 0.00000000 0.44228869 -0.89687274
vn 0.00000000 0.38268343 -0.92387953
vn 0.00000000 0.32143947 -0.94693013
vn 0.00000000 0.25881905 -0.96592583
vn 0.00000000 0.19509032 -0.98078528
vn 0.00000000 0.13052619 -0.99144486
vn 0.00000000 0.06540313 -0.99785892
vn 0.00000000 -0.00000000 -1.00000000
vn 0.00000000 -0.06540313 -0.99785892
vn 0.00000000 -0.13052619 -0.99144486
vn 0.00000000 -0.19509032 -0.98078528
vn 0.00000000 -0.25881905 -0.96592583
vn 0.00000000 -0.32143947 -0.94693013
vn 0.00000000 -0.38268343 -0.92387953
vn 0.00000000 -0.44228869 -0.89687274
vn 0.00000000 -0.50000000 -0.86602540
vn 0.00000000 -0.55557023 -0.83146961
vn 0.00000000 -0.60876143 -0.79335334
vn 0.00000000 -0.65934582 -0.75183981
vn 0.00000000 -0.70710678 -0.70710678
vn 0.00000000 -0.75183981 -0.65934582
vn 0.00000000 -0.79335334 -0.60876143
vn 0.00000000 -0.83146961 -0.55557023
vn 0.00000000 -0.86602540 -0.50000000
vn 0.00000000 -0.89687274 -0.44228869
vn 0.00000000 -0.92387953 -0.38268343
vn 0.00000000 -0.94693013 -0.32143947
vn 0.00000000 -0.96592583 -0.25881905
vn 0.00000000 -0.98078528 -0.19509032
vn 0.00000000 -0.99144486 -0.13052619
vn 0.00000000 -0.99785892 -0.06540313
vn 0.00000000 -1.00000000 0.00000000
vn 0.00000000 -0.99785892 0.06540313
vn 0.00000000 -0.99144486 0.13052619
vn 0.00000000 -0.98078528 0.19509032
vn 0.00000000 -0.96592583 0.25881905
vn 0.00000000 -0.94693013 0.32143947
vn 0.00000000 -0.92387953 0.38268343
vn 0.00000000 -0.89687274 0.44228869
vn 0.00000000 -0.86602540 0.50000000
vn 0.00000000 -0.83146961 0.55557023
vn 0.00000000 -0.79335334 0.60876143
vn 0.00000000 -0.75183981 0.65934582
vn 0.00000000 -0.70710678 0.70710678
vn 0.00000000 -0.65934582 0.75183981
vn 0.00000000 -0.60876143 0.79335334
vn 0.00000000 -0.55557023 0.83146961
vn 0.00000000 -0.50000000 0.86602540
vn 0.00000000 -0.44228869 0.89687274
vn 0.00000000 -0.38268343 0.92387953
vn 0.00000000 -0.32143947 0.94693013
vn 0.00000000 -0.25881905 0.96592583
vn 0.00000000 -0.19509032 0.98078528
vn 0.00000000 -0.13052619 0.99144486
vn 0.00000000 -0.06540313 0.99785892
vn 0.00000000 0.00000000 1.00000000
vn 0.00000000 0.06540313 0.99785892
vn 0.00000000 0.13052619 0.99144486
vn 0.00000000 0.19509032 0.98078528
vn 0.00000000 0.25881905 0.96592583
vn 0.00000000 0.32143947 0.94693013
vn 0.00000000 0.38268343 0.92387953
vn 0.00000000 0.44228869 0.89687274
vn 0.00000000 0.50000000 0.86602540
vn 0.00000000 0.55557023 0.83146961
vn 0.00000000 0.60876143 0.79335334
vn 0.00000000 0.65934582 0.75183981
vn 0.00000000 0.70710678 0.70710678
vn 0.00000000 0.75183981 0.65934582
vn 0.00000000 0.79335334 0.60876143
vn 0.00000000 0.83146961 0.55557023
vn 0.00000000 0.86602540 0.50000000
vn 0.00000000 0.89687274 0.44228869
vn 0.00000000 0.92387953 0.38268343
vn 0.00000000 0.94693013 0.32143947
vn 0.00000000 0.96592583 0.25881905
vn 0.00000000 0.98078528 0.19509032
vn 0.00000000 0.99144486 0.13052619
vn 0.00000000 0.99785892 0.06540313
vn 0.00000000 1.00000000 -0.00000000
vn 0.00000000 0.99785892 -0.06540313
vn 0.00000000 0.99144486 -0.13052619
vn 0.00000000 0.98078528 -0.19509032
vn 0.00000000 0.96592583 -0.25881905
vn 0.00000000 0.94693013 -0.32143947
vn 0.00000000 0.92387953 -0.38268343
vn 0.00000000 0.89687274 -0.44228869
vn 0.00000000 0.86602540 -0.50000000
vn 0.00000000 0.83146961 -0.55557023
vn 0.00000000 0.79335334 -0.60876143
vn 0.00000000 0.75183981 -0.65934582
vn 0.00000000 0.70710678 -0.70710678
vn 0.00000000 0.65934582 -0.75183981
vn 0.00000000 0.60876143 -0.79335334
vn 0.00000000 0.55557023 -0.83146961
vn 0.00000000 0.50000000 -0.86602540
vn 0.00000000 0.44228869 -0.89687274
vn 0.00000000 0.38268343 -0.92387953
vn 0.00000000 0.32143947 -0.94693013
vn 0.00000000 0.25881905 -0.96592583
vn 0.00000000 0.19509032 -0.98078528
vn 0.00000000 0.13052619 -0.99144486
vn 0.00000000 0.06540313 -0.99785892
vn 0.00000000 -0.00000000 -1.00000000
vn 0.00000000 -0.06540313 -0.99785892
vn 0.00000000 -0.13052619 -0.99144486
vn 0.00000000 -0.19509032 -0.98078528
vn 0.00000000 -0.25881905 -0.96592583
vn 0.00000000 -0.32143947 -0.94693013
vn 0.00000000 -0.38268343 -0.92387953
vn 0.00000000 -0.44228869 -0.89687274
vn 0.00000000 -0.50000000 -0.86602540
vn 0.00000000 -0.55557023 -0.83146961
vn 0.00000000 -0.60876143 -0.79335334
vn 0.00000000 -0.65934582 -0.75183981
vn 0.00000000 -0.70710678 -0.70710678
vn 0.00000000 -0.75183981 -0.65934582
vn 0.00000000 -0.79335334 -0.60876143
vn 0.00000000 -0.83146961 -0.55557023
vn 0.00000000 -0.86602540 -0.50000000
vn 0.00000000 -0.89687274 -0.44228869
vn 0.00000000 -0.92387953 -0.38268343
vn 0.00000000 -0.94693013 -0.32143947
vn 0.00000000 -0.96592583 -0.25881905
vn 0.00000000 -0.98078528 -0.19509032
vn 0.00000000 -0.99144486 -0.13052619
vn 0.00000000 -0.99785892 -0.06540313
vn 0.00000000 -1.00000000 0.00000000
vn 0.00000000 -0.99785892 0.06540313
vn 0.00000000 -0.99144486 0.13052619
vn 0.00000000 -0.98078528 0.19509032
vn 0.00000000 -0.96592583 0.25881905
vn 0.00000000 -0.94693013 0.32143947
vn 0.00000000 -0.92387953 0.38268343
vn 0.00000000 -0.89687274 0.44228869
vn 0.00000000 -0.86602540 0.50000000
vn 0.00000000 -0.83146961 0.55557023
vn 0.00000000 -0.79335334 0.60876143
vn 0.00000000 -0.75183981 0.65934582
vn 0.00000000 -0.70710678 0.70710678
vn 0.00000000 -0.65934582 0.75183981
vn 0.00000000 -0.60876143 0.79335334
vn 0.00000000 -0.55557023 0.83146961
vn 0.00000000 -0.50000000 0.86602540
vn 0.00000000 -0.44228869 0.89687274
vn 0.00000000 -0.38268343 0.92387953
vn 0.00000000 -0.32143947 0.94693013
vn 0.00000000 -0.25881905 0.96592583
vn 0.00000000 -0.19509032 0.98078528
vn 0.00000000 -0.13052619 0.99144486
vn 0.00000000 -0.06540313 0.99785892
vn 0.00000000 0.00000000 1.00000000
vn 0.00000000 0.06540313 0.99785892
vn 0.00000000 0.13052619 0.99144486
vn 0.00000000 0.19509032 0.98078528
vn 0.00000000 0.25881905 0.96592583
vn 0.00000000 0.32143947 0.94693013
vn 0.00000000 0.38268343 0.92387953
vn 0.00000000 0.44228869 0.89687274
vn 0.00000000 0.50000000 0.86602540
vn 0.00000000 0.55557023 0.83146961
vn 0.00000000 0.60876143 0.79335334
vn 0.00000000 0.65934582 0.75183981
vn 0.00000000 0.70710678 0.70710678
vn 0.00000000 0.75183981 0.65934582
vn 0.00000000 0.79335334 0.60876143
vn 0.00000000 0.83146961 0.55557023
vn 0.00000000 0.86602540 0.50000000
vn 0.00000000 0.89687274 0.44228869
vn 0.00000000 0.92387953 0.38268343
vn 0.00000000 0.94693013 0.32143947
vn 0.00000000 0.96592583 0.25881905
vn 0.00000000 0.98078528 0.19509032
vn 0.00000000 0.99144486 0.13052619
vn 0.00000000 0.99785892 0.06540313
f 2660//2660 2659//2659 2563//2563
f 2721//2721 2720//2720 2624//2624
f 2625//2625 2721//2721 2624//2624
f 2722//2722 2721//2721 2625//2625
f 2626//2626 2722//2722 2625//2625
f 2723//2723 2722//2722 2626//2626
f 2627//2627 2723//2723 2626//2626
f 2724//2724 2723//2723 2627//2627
f 2628//2628 2724//2724 2627//2627
f 2725//2725 2724//2724 2628//2628
f 2624//2624 2720//2720 2623//2623
f 2629//2629 2725//2725 2628//2628
f 2630//2630 2726//2726 2629//2629
f 2727//2727 2726//2726 2630//2630
f 2631//2631 2727//2727 2630//2630
f 2728//2728 2727//2727 2631//2631
f 2632//2632 2728//2728 2631//2631
f 2729//2729 2728//2728 2632//2632
f 2633//2633 2729//2729 2632//2632
f 2730//2730 2729//2729 2633//2633
f 2634//2634 2730//2730 2633//2633
f 2726//2726 2725//2725 2629//2629
f 2731//2731 2730//2730 2634//2634
f 2720//2720 2719//2719 2623//2623
f 2719//2719 2718//2718 2622//2622
f 2709//2709 2708//2708 2612//2612
f 2613//2613 2709//2709 2612//2612
f 2710//2710 2709//2709 2613//2613
f 2614//2614 2710//2710 2613//2613
f 2711//2711 2710//2710 2614//2614
f 2615//2615 2711//2711 2614//2614
f 2712//2712 2711//2711 2615//2615
f 2616//2616 2712//2712 2615//2615
f 2713//2713 2712//2712 2616//2616
f 2623//2623 2719//2719 2622//2622
f 2617//2617 2713//2713 2616//2616
f 2618//2618 2714//2714 2617//2617
f 2715//2715 2714//2714 2618//2618
f 2619//2619 2715//2715 2618//2618
f 2716//2716 2715//2715 2619//2619
f 2620//2620 2716//2716 2619//2619
f 2717//2717 2716//2716 2620//2620
f 2621//2621 2717//2717 2620//2620
f 2718//2718 2717//2717 2621//2621
f 2622//2622 2718//2718 2621//2621
f 2714//2714 2713//2713 2617//2617
f 2732//2732 2731//2731 2635//2635
f 2636//2636 2732//2732 2635//2635
f 2733//2733 2732//2732 2636//2636
f 2746//2746 2745//2745 2649//2649
f 2650//2650 2746//2746 2649//2649
f 2747//2747 2746//2746 2650//2650
f 2651//2651 2747//2747 2650//2650
f 2748//2748 2747//2747 2651//2651
f 2652//2652 2748//2748 2651//2651
f 2749//2749 2748//2748 2652//2652
f 2653//2653 2749//2749 2652//2652
f 2750//2750 2749//2749 2653//2653
f 2649//2649 2745//2745 2648//2648
f 2654//2654 2750//2750 2653//2653
f 2655//2655 2751//2751 2654//2654
f 2752//2752 2751//2751 2655//2655
f 2656//2656 2752//2752 2655//2655
f 2753//2753 2752//2752 2656//2656
f 2657//2657 2753//2753 2656//2656
f 2754//2754 2753//2753 2657//2657
f 2658//2658 2754//2754 2657//2657
f 2659//2659 2754//2754 2658//2658
f 2563//2563 2659//2659 2658//2658
f 2751//2751 2750//2750 2654//2654
f 2745//2745 2744//2744 2648//2648
f 2648//2648 2744//2744 2647//2647
f 2744//2744 2743//2743 2647//2647
f 2637//2637 2733//2733 2636//2636
f 2734//2734 2733//2733 2637//2637
f 2638//2638 2734//2734 2637//2637
f 2735//2735 2734//2734 2638//2638
f 2639//2639 2735//2735 2638//2638
f 2736//2736 2735//2735 2639//2639
f 2640//2640 2736//2736 2639//2639
f 2737//2737 2736//2736 2640//2640
f 2641//2641 2737//2737 2640//2640
f 2738//2738 2737//2737 2641//2641
f 2642//2642 2738//2738 2641//2641
f 2739//2739 2738//2738 2642//2642
f 2643//2643 2739//2739 2642//2642
f 2740//2740 2739//2739 2643//2643
f 2644//2644 2740//2740 2643//2643
f 2741//2741 2740//2740 2644//2644
f 2645//2645 2741//2741 2644//2644
f 2742//2742 2741//2741 2645//2645
f 2646//2646 2742//2742 2645//2645
f 2743//2743 2742//2742 2646//2646
f 2647//2647 2743//2743 2646//2646
f 2612//2612 2708//2708 2611//2611
f 2708//2708 2707//2707 2611//2611
f 2635//2635 2731//2731 2634//2634
f 2707//2707 2706//2706 2610//2610
f 2673//2673 2672//2672 2576//2576
f 2577//2577 2673//2673 2576//2576
f 2674//2674 2673//2673 2577//2577
f 2578//2578 2674//2674 2577//2577
f 2675//2675 2674//2674 2578//2578
f 2579//2579 2675//2675 2578//2578
f 2676//2676 2675//2675 2579//2579
f 2580//2580 2676//2676 2579//2579
f 2677//2677 2676//2676 2580//2580
f 2576//2576 2672//2672 2575//2575
f 2581//2581 2677//2677 2580//2580
f 2582//2582 2678//2678 2581//2581
f 2679//2679 2678//2678 2582//2582
f 2583//2583 2679//2679 2582//2582
f 2680//2680 2679//2679 2583//2583
f 2584//2584 2680//2680 2583//2583
f 2681//2681 2680//2680 2584//2584
f 2585//2585 2681//2681 2584//2584
f 2682//2682 2681//2681 2585//2585
f 2586//2586 2682//2682 2585//2585
f 2678//2678 2677//2677 2581//2581
f 2672//2672 2671//2671 2575//2575
f 2575//2575 2671//2671 2574//2574
f 2671//2671 2670//2670 2574//2574
f 2611//2611 2707//2707 2610//2610
f 2661//2661 2660//2660 2564//2564
f 2565//2565 2661//2661 2564//2564
f 2662//2662 2661//2661 2565//2565
f 2566//2566 2662//2662 2565//2565
f 2663//2663 2662//2662 2566//2566
f 2567//2567 2663//2663 2566//2566
f 2664//2664 2663//2663 2567//2567
f 2568//2568 2664//2664 2567//2567
f 2665//2665 2664//2664 2568//2568
f 2569//2569 2665//2665 2568//2568
f 2666//2666 2665//2665 2569//2569
f 2570//2570 2666//2666 2569//2569
f 2667//2667 2666//2666 2570//2570
f 2571//2571 2667//2667 2570//2570
f 2668//2668 2667//2667 2571//2571
f 2572//2572 2668//2668 2571//2571
f 2669//2669 2668//2668 2572//2572
f 2573//2573 2669//2669 2572//2572
f 2670//2670 2669//2669 2573//2573
f 2574//2574 2670//2670 2573//2573
f 2683//2683 2682//2682 2586//2586
f 2587//2587 2683//2683 2586//2586
f 2564//2564 2660//2660 2563//2563
f 2604//2604 2700//2700 2603//2603
f 2600//2600 2696//2696 2599//2599
f 2697//2697 2696//2696 2600//2600
f 2698//2698 2697//2697 2601//2601
f 2602//2602 2698//2698 2601//2601
f 2699//2699 2698//2698 2602//2602
f 2603//2603 2699//2699 2602//2602
f 2700//2700 2699//2699 2603//2603
f 2684//2684 2683//2683 2587//2587
f 2701//2701 2700//2700 2604//2604
f 2696//2696 2695//2695 2599//2599
f 2605//2605 2701//2701 2604//2604
f 2606//2606 2702//2702 2605//2605
f 2703//2703 2702//2702 2606//2606
f 2607//2607 2703//2703 2606//2606
f 2704//2704 2703//2703 2607//2607
f 2608//2608 2704//2704 2607//2607
f 2705//2705 2704//2704 2608//2608
f 2609//2609 2705//2705 2608//2608
f 2706//2706 2705//2705 2609//2609
f 2610//2610 2706//2706 2609//2609
f 2702//2702 2701//2701 2605//2605
f 2599//2599 2695//2695 2598//2598
f 2601//2601 2697//2697 2600//2600
f 2598//2598 2694//2694 2597//2597
f 2588//2588 2684//2684 2587//2587
f 2685//2685 2684//2684 2588//2588
f 2589//2589 2685//2685 2588//2588
f 2686//2686 2685//2685 2589//2589
f 2590//2590 2686//2686 2589//2589
f 2687//2687 2686//2686 2590//2590
f 2695//2695 2694//2694 2598//2598
f 2688//2688 2687//2687 2591//2591
f 2592//2592 2688//2688 2591//2591
f 2689//2689 2688//2688 2592//2592
f 2591//2591 2687//2687 2590//2590
f 2690//2690 2689//2689 2593//2593
f 2593//2593 2689//2689 2592//2592
f 2597//2597 2693//2693 2596//2596
f 2693//2693 2692//2692 2596//2596
f 2596//2596 2692//2692 2595//2595
f 2694//2694 2693//2693 2597//2597
f 2595//2595 2691//2691 2594//2594
f 2691//2691 2690//2690 2594//2594
f 2594//2594 2690//2690 2593//2593
f 2692//2692 2691//2691 2595//2595
f 2917//2917 2916//2916 2820//2820
f 2913//2913 2912//2912 2816//2816
f 2817//2817 2913//2913 2816//2816
f 2914//2914 2913//2913 2817//2817
f 2818//2818 2914//2914 2817//2817
f 2915//2915 2914//2914 2818//2818
f 2819//2819 2915//2915 2818//2818
f 2916//2916 2915//2915 2819//2819
f 2820//2820 2916//2916 2819//2819
f 2821//2821 2917//2917 2820//2820
f 2804//2804 2900//2900 2803//2803
f 2822//2822 2918//2918 2821//2821
f 2919//2919 2918//2918 2822//2822
f 2823//2823 2919//2919 2822//2822
f 2920//2920 2919//2919 2823//2823
f 2824//2824 2920//2920 2823//2823
f 2921//2921 2920//2920 2824//2824
f 2825//2825 2921//2921 2824//2824
f 2922//2922 2921//2921 2825//2825
f 2826//2826 2922//2922 2825//2825
f 2918//2918 2917//2917 2821//2821
f 2816//2816 2912//2912 2815//2815
f 2901//2901 2900//2900 2804//2804
f 2815//2815 2911//2911 2814//2814
f 2923//2923 2922//2922 2826//2826
f 2805//2805 2901//2901 2804//2804
f 2902//2902 2901//2901 2805//2805
f 2806//2806 2902//2902 2805//2805
f 2903//2903 2902//2902 2806//2806
f 2807//2807 2903//2903 2806//2806
f 2904//2904 2903//2903 2807//2807
f 2808//2808 2904//2904 2807//2807
f 2905//2905 2904//2904 2808//2808
f 2809//2809 2905//2905 2808//2808
f 2906//2906 2905//2905 2809//2809
f 2810//2810 2906//2906 2809//2809
f 2907//2907 2906//2906 2810//2810
f 2811//2811 2907//2907 2810//2810
f 2908//2908 2907//2907 2811//2811
f 2812//2812 2908//2908 2811//2811
f 2909//2909 2908//2908 2812//2812
f 2813//2813 2909//2909 2812//2812
f 2910//2910 2909//2909 2813//2813
f 2814//2814 2910//2910 2813//2813
f 2911//2911 2910//2910 2814//2814
f 2912//2912 2911//2911 2815//2815
f 2827//2827 2923//2923 2826//2826
f 2935//2935 2934//2934 2838//2838
f 2828//2828 2924//2924 2827//2827
f 2841//2841 2937//2937 2840//2840
f 2938//2938 2937//2937 2841//2841
f 2842//2842 2938//2938 2841//2841
f 2939//2939 2938//2938 2842//2842
f 2843//2843 2939//2939 2842//2842
f 2940//2940 2939//2939 2843//2843
f 2844//2844 2940//2940 2843//2843
f 2941//2941 2940//2940 2844//2844
f 2845//2845 2941//2941 2844//2844
f 2937//2937 2936//2936 2840//2840
f 2942//2942 2941//2941 2845//2845
f 2943//2943 2942//2942 2846//2846
f 2847//2847 2943//2943 2846//2846
f 2944//2944 2943//2943 2847//2847
f 2848//2848 2944//2944 2847//2847
f 2945//2945 2944//2944 2848//2848
f 2849//2849 2945//2945 2848//2848
f 2946//2946 2945//2945 2849//2849
f 2850//2850 2946//2946 2849//2849
f 2851//2851 2946//2946 2850//2850
f 2846//2846 2942//2942 2845//2845
f 2924//2924 2923//2923 2827//2827
f 2840//2840 2936//2936 2839//2839
f 2839//2839 2935//2935 2838//2838
f 2925//2925 2924//2924 2828//2828
f 2829//2829 2925//2925 2828//2828
f 2926//2926 2925//2925 2829//2829
f 2830//2830 2926//2926 2829//2829
f 2927//2927 2926//2926 2830//2830
f 2831//2831 2927//2927 2830//2830
f 2928//2928 2927//2927 2831//2831
f 2832//2832 2928//2928 2831//2831
f 2929//2929 2928//2928 2832//2832
f 2936//2936 2935//2935 2839//2839
f 2833//2833 2929//2929 2832//2832
f 2834//2834 2930//2930 2833//2833
f 2931//2931 2930//2930 2834//2834
f 2835//2835 2931//2931 2834//2834
f 2932//2932 2931//2931 2835//2835
f 2836//2836 2932//2932 2835//2835
f 2933//2933 2932//2932 2836//2836
f 2837//2837 2933//2933 2836//2836
f 2934//2934 2933//2933 2837//2837
f 2838//2838 2934//2934 2837//2837
f 2930//2930 2929//2929 2833//2833
f 2900//2900 2899//2899 2803//2803
f 2755//2755 2851//2851 2850//2850
f 2899//2899 2898//2898 2802//2802
f 2768//2768 2864//2864 2767//2767
f 2865//2865 2864//2864 2768//2768
f 2769//2769 2865//2865 2768//2768
f 2866//2866 2865//2865 2769//2769
f 2770//2770 2866//2866 2769//2769
f 2867//2867 2866//2866 2770//2770
f 2771//2771 2867//2867 2770//2770
f 2868//2868 2867//2867 2771//2771
f 2772//2772 2868//2868 2771//2771
f 2803//2803 2899//2899 2802//2802
f 2869//2869 2868//2868 2772//2772
f 2870//2870 2869//2869 2773//2773
f 2774//2774 2870//2870 2773//2773
f 2871//2871 2870//2870 2774//2774
f 2775//2775 2871//2871 2774//2774
f 2872//2872 2871//2871 2775//2775
f 2776//2776 2872//2872 2775//2775
f 2873//2873 2872//2872 2776//2776
f 2777//2777 2873//2873 2776//2776
f 2874//2874 2873//2873 2777//2777
f 2773//2773 2869//2869 2772//2772
f 2767//2767 2863//2863 2766//2766
f 2863//2863 2862//2862 2766//2766
f 2766//2766 2862//2862 2765//2765
f 2852//2852 2851//2851 2755//2755
f 2756//2756 2852//2852 2755//2755
f 2853//2853 2852//2852 2756//2756
f 2757//2757 2853//2853 2756//2756
f 2854//2854 2853//2853 2757//2757
f 2758//2758 2854//2854 2757//2757
f 2855//2855 2854//2854 2758//2758
f 2759//2759 2855//2855 2758//2758
f 2856//2856 2855//2855 2759//2759
f 2760//2760 2856//2856 2759//2759
f 2857//2857 2856//2856 2760//2760
f 2761//2761 2857//2857 2760//2760
f 2858//2858 2857//2857 2761//2761
f 2762//2762 2858//2858 2761//2761
f 2859//2859 2858//2858 2762//2762
f 2763//2763 2859//2859 2762//2762
f 2860//2860 2859//2859 2763//2763
f 2764//2764 2860//2860 2763//2763
f 2861//2861 2860//2860 2764//2764
f 2765//2765 2861//2861 2764//2764
f 2862//2862 2861//2861 2765//2765
f 2778//2778 2874//2874 2777//2777
f 2875//2875 2874//2874 2778//2778
f 2864//2864 2863//2863 2767//2767
f 2876//2876 2875//2875 2779//2779
f 2889//2889 2888//2888 2792//2792
f 2793//2793 2889//2889 2792//2792
f 2890//2890 2889//2889 2793//2793
f 2794//2794 2890//2890 2793//2793
f 2891//2891 2890//2890 2794//2794
f 2795//2795 2891//2891 2794//2794
f 2892//2892 2891//2891 2795//2795
f 2796//2796 2892//2892 2795//2795
f 2797//2797 2893//2893 2796//2796
f 2792//2792 2888//2888 2791//2791
f 2894//2894 2893//2893 2797//2797
f 2895//2895 2894//2894 2798//2798
f 2799//2799 2895//2895 2798//2798
f 2896//2896 2895//2895 2799//2799
f 2800//2800 2896//2896 2799//2799
f 2897//2897 2896//2896 2800//2800
f 2801//2801 2897//2897 2800//2800
f 2898//2898 2897//2897 2801//2801
f 2802//2802 2898//2898 2801//2801
f 2779//2779 2875//2875 2778//2778
f 2798//2798 2894//2894 2797//2797
f 2888//2888 2887//2887 2791//2791
f 2893//2893 2892//2892 2796//2796
f 2887//2887 2886//2886 2790//2790
f 2791//2791 2887//2887 2790//2790
f 2877//2877 2876//2876 2780//2780
f 2781//2781 2877//2877 2780//2780
f 2878//2878 2877//2877 2781//2781
f 2782//2782 2878//2878 2781//2781
f 2879//2879 2878//2878 2782//2782
f 2783//2783 2879//2879 2782//2782
f 2880//2880 2879//2879 2783//2783
f 2784//2784 2880//2880 2783//2783
f 2881//2881 2880//2880 2784//2784
f 2785//2785 2881//2881 2784//2784
f 2780//2780 2876//2876 2779//2779
f 2790//2790 2886//2886 2789//2789
f 2786//2786 2882//2882 2785//2785
f 2883//2883 2882//2882 2786//2786
f 2787//2787 2883//2883 2786//2786
f 2884//2884 2883//2883 2787//2787
f 2788//2788 2884//2884 2787//2787
f 2885//2885 2884//2884 2788//2788
f 2789//2789 2885//2885 2788//2788
f 2886//2886 2885//2885 2789//2789
f 2882//2882 2881//2881 2785//2785
f 3012//3012 3108//3108 3011//3011
f 3108//3108 3107//3107 3011//3011
f 3011//3011 3107//3107 3010//3010
f 3105//3105 3104//3104 3008//3008
f 3010//3010 3106//3106 3009//3009
f 3106//3106 3105//3105 3009//3009
f 3009//3009 3105//3105 3008//3008
f 3109//3109 3108//3108 3012//3012
f 3107//3107 3106//3106 3010//3010
f 3013//3013 3109//3109 3012//3012
f 3016//3016 3112//3112 3015//3015
f 3014//3014 3110//3110 3013//3013
f 3111//3111 3110//3110 3014//3014
f 3015//3015 3111//3111 3014//3014
f 3112//3112 3111//3111 3015//3015
f 3113//3113 3112//3112 3016//3016
f 3017//3017 3113//3113 3016//3016
f 3114//3114 3113//3113 3017//3017
f 3018//3018 3114//3114 3017//3017
f 3115//3115 3114//3114 3018//3018
f 3110//3110 3109//3109 3013//3013
f 3008//3008 3104//3104 3007//3007
f 3093//3093 3092//3092 2996//2996
f 3007//3007 3103//3103 3006//3006
f 2997//2997 3093//3093 2996//2996
f 3094//3094 3093//3093 2997//2997
f 2998//2998 3094//3094 2997//2997
f 3095//3095 3094//3094 2998//2998
f 2999//2999 3095//3095 2998//2998
f 3096//3096 3095//3095 2999//2999
f 3000//3000 3096//3096 2999//2999
f 3097//3097 3096//3096 3000//3000
f 3001//3001 3097//3097 3000//3000
f 3104//3104 3103//3103 3007//3007
f 3098//3098 3097//3097 3001//3001
f 3099//3099 3098//3098 3002//3002
f 3003//3003 3099//3099 3002//3002
f 3100//3100 3099//3099 3003//3003
f 3004//3004 3100//3100 3003//3003
f 3101//3101 3100//3100 3004//3004
f 3005//3005 3101//3101 3004//3004
f 3102//3102 3101//3101 3005//3005
f 3006//3006 3102//3102 3005//3005
f 3103//3103 3102//3102 3006//3006
f 3002//3002 3098//3098 3001//3001
f 3116//3116 3115//3115 3019//3019
f 2947//2947 3043//3043 3042//3042
f 3117//3117 3116//3116 3020//3020
f 3130//3130 3129//3129 3033//3033
f 3034//3034 3130//3130 3033//3033
f 3131//3131 3130//3130 3034//3034
f 3035//3035 3131//3131 3034//3034
f 3132//3132 3131//3131 3035//3035
f 3036//3036 3132//3132 3035//3035
f 3133//3133 3132//3132 3036//3036
f 3037//3037 3133//3133 3036//3036
f 3134//3134 3133//3133 3037//3037
f 3033//3033 3129//3129 3032//3032
f 3038//3038 3134//3134 3037//3037
f 3039//3039 3135//3135 3038//3038
f 3136//3136 3135//3135 3039//3039
f 3040//3040 3136//3136 3039//3039
f 3137//3137 3136//3136 3040//3040
f 3041//3041 3137//3137 3040//3040
f 3138//3138 3137//3137 3041//3041
f 3042//3042 3138//3138 3041//3041
f 3043//3043 3138//3138 3042//3042
f 2996//2996 3092//3092 2995//2995
f 3135//3135 3134//3134 3038//3038
f 3129//3129 3128//3128 3032//3032
f 3032//3032 3128//3128 3031//3031
f 3128//3128 3127//3127 3031//3031
f 3021//3021 3117//3117 3020//3020
f 3118//3118 3117//3117 3021//3021
f 3022//3022 3118//3118 3021//3021
f 3119//3119 3118//3118 3022//3022
f 3023//3023 3119//3119 3022//3022
f 3120//3120 3119//3119 3023//3023
f 3024//3024 3120//3120 3023//3023
f 3121//3121 3120//3120 3024//3024
f 3025//3025 3121//3121 3024//3024
f 3122//3122 3121//3121 3025//3025
f 3026//3026 3122//3122 3025//3025
f 3123//3123 3122//3122 3026//3026
f 3027//3027 3123//3123 3026//3026
f 3124//3124 3123//3123 3027//3027
f 3028//3028 3124//3124 3027//3027
f 3125//3125 3124//3124 3028//3028
f 3029//3029 3125//3125 3028//3028
f 3126//3126 3125//3125 3029//3029
f 3030//3030 3126//3126 3029//3029
f 3127//3127 3126//3126 3030//3030
f 3031//3031 3127//3127 3030//3030
f 3020//3020 3116//3116 3019//3019
f 3092//3092 3091//3091 2995//2995
f 3019//3019 3115//3115 3018//3018
f 3091//3091 3090//3090 2994//2994
f 2960//2960 3056//3056 2959//2959
f 3057//3057 3056//3056 2960//2960
f 2961//2961 3057//3057 2960//2960
f 3058//3058 3057//3057 2961//2961
f 2962//2962 3058//3058 2961//2961
f 3059//3059 3058//3058 2962//2962
f 2963//2963 3059//3059 2962//2962
f 3060//3060 3059//3059 2963//2963
f 2964//2964 3060//3060 2963//2963
f 2995//2995 3091//3091 2994//2994
f 3061//3061 3060//3060 2964//2964
f 3062//3062 3061//3061 2965//2965
f 2966//2966 3062//3062 2965//2965
f 3063//3063 3062//3062 2966//2966
f 2967//2967 3063//3063 2966//2966
f 3064//3064 3063//3063 2967//2967
f 2968//2968 3064//3064 2967//2967
f 3065//3065 3064//3064 2968//2968
f 2969//2969 3065//3065 2968//2968
f 3066//3066 3065//3065 2969//2969
f 2965//2965 3061//3061 2964//2964
f 2959//2959 3055//3055 2958//2958
f 3055//3055 3054//3054 2958//2958
f 2958//2958 3054//3054 2957//2957
f 3044//3044 3043//3043 2947//2947
f 2948//2948 3044//3044 2947//2947
f 3045//3045 3044//3044 2948//2948
f 2949//2949 3045//3045 2948//2948
f 3046//3046 3045//3045 2949//2949
f 2950//2950 3046//3046 2949//2949
f 3047//3047 3046//3046 2950//2950
f 2951//2951 3047//3047 2950//2950
f 3048//3048 3047//3047 2951//2951
f 2952//2952 3048//3048 2951//2951
f 3049//3049 3048//3048 2952//2952
f 2953//2953 3049//3049 2952//2952
f 3050//3050 3049//3049 2953//2953
f 2954//2954 3050//3050 2953//2953
f 3051//3051 3050//3050 2954//2954
f 2955//2955 3051//3051 2954//2954
f 3052//3052 3051//3051 2955//2955
f 2956//2956 3052//3052 2955//2955
f 3053//3053 3052//3052 2956//2956
f 2957//2957 3053//3053 2956//2956
f 3054//3054 3053//3053 2957//2957
f 2970//2970 3066//3066 2969//2969
f 3067//3067 3066//3066 2970//2970
f 3056//3056 3055//3055 2959//2959
f 3068//3068 3067//3067 2971//2971
f 3081//3081 3080//3080 2984//2984
f 2985//2985 3081//3081 2984//2984
f 3082//3082 3081//3081 2985//2985
f 2986//2986 3082//3082 2985//2985
f 3083//3083 3082//3082 2986//2986
f 2987//2987 3083//3083 2986//2986
f 3084//3084 3083//3083 2987//2987
f 2988//2988 3084//3084 2987//2987
f 2989//2989 3085//3085 2988//2988
f 2984//2984 3080//3080 2983//2983
f 3086//3086 3085//3085 2989//2989
f 3087//3087 3086//3086 2990//2990
f 2991//2991 3087//3087 2990//2990
f 3088//3088 3087//3087 2991//2991
f 2992//2992 3088//3088 2991//2991
f 3089//3089 3088//3088 2992//2992
f 2993//2993 3089//3089 2992//2992
f 3090//3090 3089//3089 2993//2993
f 2994//2994 3090//3090 2993//2993
f 2971//2971 3067//3067 2970//2970
f 2990//2990 3086//3086 2989//2989
f 3080//3080 3079//3079 2983//2983
f 3085//3085 3084//3084 2988//2988
f 3079//3079 3078//3078 2982//2982
f 2983//2983 3079//3079 2982//2982
f 3069//3069 3068//3068 2972//2972
f 2973//2973 3069//3069 2972//2972
f 3070//3070 3069//3069 2973//2973
f 2974//2974 3070//3070 2973//2973
f 3071//3071 3070//3070 2974//2974
f 2975//2975 3071//3071 2974//2974
f 3072//3072 3071//3071 2975//2975
f 2976//2976 3072//3072 2975//2975
f 3073//3073 3072//3072 2976//2976
f 2977//2977 3073//3073 2976//2976
f 2972//2972 3068//3068 2971//2971
f 2982//2982 3078//3078 2981//2981
f 2978//2978 3074//3074 2977//2977
f 3075//3075 3074//3074 2978//2978
f 2979//2979 3075//3075 2978//2978
f 3076//3076 3075//3075 2979//2979
f 2980//2980 3076//3076 2979//2979
f 3077//3077 3076//3076 2980//2980
f 2981//2981 3077//3077 2980//2980
f 3078//3078 3077//3077 2981//2981
f 3074//3074 3073//3073 2977//2977
f 3204//3204 3203//3203 3299//3299
f 3299//3299 3203//3203 3298//3298
f 3203//3203 3202//3202 3298//3298
f 3296//3296 3200//3200 3295//3295
f 3202//3202 3201//3201 3297//3297
f 3297//3297 3201//3201 3296//3296
f 3201//3201 3200//3200 3296//3296
f 3300//3300 3204//3204 3299//3299
f 3298//3298 3202//3202 3297//3297
f 3205//3205 3204//3204 3300//3300
f 3208//3208 3207//3207 3303//3303
f 3206//3206 3205//3205 3301//3301
f 3302//3302 3206//3206 3301//3301
f 3207//3207 3206//3206 3302//3302
f 3303//3303 3207//3207 3302//3302
f 3304//3304 3208//3208 3303//3303
f 3209//3209 3208//3208 3304//3304
f 3305//3305 3209//3209 3304//3304
f 3210//3210 3209//3209 3305//3305
f 3306//3306 3210//3210 3305//3305
f 3301//3301 3205//3205 3300//3300
f 3200//3200 3199//3199 3295//3295
f 3284//3284 3188//3188 3283//3283
f 3199//3199 3198//3198 3294//3294
f 3189//3189 3188//3188 3284//3284
f 3285//3285 3189//3189 3284//3284
f 3190//3190 3189//3189 3285//3285
f 3286//3286 3190//3190 3285//3285
f 3191//3191 3190//3190 3286//3286
f 3287//3287 3191//3191 3286//3286
f 3192//3192 3191//3191 3287//3287
f 3288//3288 3192//3192 3287//3287
f 3193//3193 3192//3192 3288//3288
f 3295//3295 3199//3199 3294//3294
f 3289//3289 3193//3193 3288//3288
f 3290//3290 3194//3194 3289//3289
f 3195//3195 3194//3194 3290//3290
f 3291//3291 3195//3195 3290//3290
f 3196//3196 3195//3195 3291//3291
f 3292//3292 3196//3196 3291//3291
f 3197//3197 3196//3196 3292//3292
f 3293//3293 3197//3197 3292//3292
f 3198//3198 3197//3197 3293//3293
f 3294//3294 3198//3198 3293//3293
f 3194//3194 3193//3193 3289//3289
f 3211//3211 3210//3210 3306//3306
f 3330//3330 3234//3234 3329//3329
f 3212//3212 3211//3211 3307//3307
f 3225//3225 3224//3224 3320//3320
f 3321//3321 3225//3225 3320//3320
f 3226//3226 3225//3225 3321//3321
f 3322//3322 3226//3226 3321//3321
f 3227//3227 3226//3226 3322//3322
f 3323//3323 3227//3227 3322//3322
f 3228//3228 3227//3227 3323//3323
f 3324//3324 3228//3228 3323//3323
f 3229//3229 3228//3228 3324//3324
f 3320//3320 3224//3224 3319//3319
f 3325//3325 3229//3229 3324//3324
f 3326//3326 3230//3230 3325//3325
f 3231//3231 3230//3230 3326//3326
f 3327//3327 3231//3231 3326//3326
f 3232//3232 3231//3231 3327//3327
f 3328//3328 3232//3232 3327//3327
f 3233//3233 3232//3232 3328//3328
f 3329//3329 3233//3233 3328//3328
f 3234//3234 3233//3233 3329//3329
f 3188//3188 3187//3187 3283//3283
f 3230//3230 3229//3229 3325//3325
f 3224//3224 3223//3223 3319//3319
f 3319//3319 3223//3223 3318//3318
f 3223//3223 3222//3222 3318//3318
f 3308//3308 3212//3212 3307//3307
f 3213//3213 3212//3212 3308//3308
f 3309//3309 3213//3213 3308//3308
f 3214//3214 3213//3213 3309//3309
f 3310//3310 3214//3214 3309//3309
f 3215//3215 3214//3214 3310//3310
f 3311//3311 3215//3215 3310//3310
f 3216//3216 3215//3215 3311//3311
f 3312//3312 3216//3216 3311//3311
f 3217//3217 3216//3216 3312//3312
f 3313//3313 3217//3217 3312//3312
f 3218//3218 3217//3217 3313//3313
f 3314//3314 3218//3218 3313//3313
f 3219//3219 3218//3218 3314//3314
f 3315//3315 3219//3219 3314//3314
f 3220//3220 3219//3219 3315//3315
f 3316//3316 3220//3220 3315//3315
f 3221//3221 3220//3220 3316//3316
f 3317//3317 3221//3221 3316//3316
f 3222//3222 3221//3221 3317//3317
f 3318//3318 3222//3222 3317//3317
f 3307//3307 3211//3211 3306//3306
f 3283//3283 3187//3187 3282//3282
f 3259//3259 3163//3163 3258//3258
f 3282//3282 3186//3186 3281//3281
f 3247//3247 3151//3151 3246//3246
f 3152//3152 3151//3151 3247//3247
f 3248//3248 3152//3152 3247//3247
f 3153//3153 3152//3152 3248//3248
f 3249//3249 3153//3153 3248//3248
f 3154//3154 3153//3153 3249//3249
f 3250//3250 3154//3154 3249//3249
f 3155//3155 3154//3154 3250//3250
f 3251//3251 3155//3155 3250//3250
f 3151//3151 3150//3150 3246//3246
f 3156//3156 3155//3155 3251//3251
f 3157//3157 3156//3156 3252//3252
f 3253//3253 3157//3157 3252//3252
f 3158//3158 3157//3157 3253//3253
f 3254//3254 3158//3158 3253//3253
f 3159//3159 3158//3158 3254//3254
f 3255//3255 3159//3159 3254//3254
f 3160//3160 3159//3159 3255//3255
f 3256//3256 3160//3160 3255//3255
f 3161//3161 3160//3160 3256//3256
f 3252//3252 3156//3156 3251//3251
f 3257//3257 3161//3161 3256//3256
f 3246//3246 3150//3150 3245//3245
f 3245//3245 3149//3149 3244//3244
f 3139//3139 3234//3234 3330//3330
f 3140//3140 3139//3139 3235//3235
f 3236//3236 3140//3140 3235//3235
f 3141//3141 3140//3140 3236//3236
f 3237//3237 3141//3141 3236//3236
f 3142//3142 3141//3141 3237//3237
f 3238//3238 3142//3142 3237//3237
f 3143//3143 3142//3142 3238//3238
f 3239//3239 3143//3143 3238//3238
f 3150//3150 3149//3149 3245//3245
f 3144//3144 3143//3143 3239//3239
f 3145//3145 3144//3144 3240//3240
f 3241//3241 3145//3145 3240//3240
f 3146//3146 3145//3145 3241//3241
f 3242//3242 3146//3146 3241//3241
f 3147//3147 3146//3146 3242//3242
f 3243//3243 3147//3147 3242//3242
f 3148//3148 3147//3147 3243//3243
f 3244//3244 3148//3148 3243//3243
f 3149//3149 3148//3148 3244//3244
f 3240//3240 3144//3144 3239//3239
f 3162//3162 3161//3161 3257//3257
f 3258//3258 3162//3162 3257//3257
f 3163//3163 3162//3162 3258//3258
f 3272//3272 3176//3176 3271//3271
f 3177//3177 3176//3176 3272//3272
f 3273//3273 3177//3177 3272//3272
f 3178//3178 3177//3177 3273//3273
f 3274//3274 3178//3178 3273//3273
f 3179//3179 3178//3178 3274//3274
f 3275//3275 3179//3179 3274//3274
f 3180//3180 3179//3179 3275//3275
f 3276//3276 3180//3180 3275//3275
f 3176//3176 3175//3175 3271//3271
f 3181//3181 3180//3180 3276//3276
f 3182//3182 3181//3181 3277//3277
f 3278//3278 3182//3182 3277//3277
f 3183//3183 3182//3182 3278//3278
f 3279//3279 3183//3183 3278//3278
f 3184//3184 3183//3183 3279//3279
f 3280//3280 3184//3184 3279//3279
f 3185//3185 3184//3184 3280//3280
f 3281//3281 3185//3185 3280//3280
f 3186//3186 3185//3185 3281//3281
f 3277//3277 3181//3181 3276//3276
f 3271//3271 3175//3175 3270//3270
f 3175//3175 3174//3174 3270//3270
f 3270//3270 3174//3174 3269//3269
f 3164//3164 3163//3163 3259//3259
f 3260//3260 3164//3164 3259//3259
f 3165//3165 3164//3164 3260//3260
f 3261//3261 3165//3165 3260//3260
f 3166//3166 3165//3165 3261//3261
f 3262//3262 3166//3166 3261//3261
f 3167//3167 3166//3166 3262//3262
f 3263//3263 3167//3167 3262//3262
f 3168//3168 3167//3167 3263//3263
f 3264//3264 3168//3168 3263//3263
f 3169//3169 3168//3168 3264//3264
f 3265//3265 3169//3169 3264//3264
f 3170//3170 3169//3169 3265//3265
f 3266//3266 3170//3170 3265//3265
f 3171//3171 3170//3170 3266//3266
f 3267//3267 3171//3171 3266//3266
f 3172//3172 3171//3171 3267//3267
f 3268//3268 3172//3172 3267//3267
f 3173//3173 3172//3172 3268//3268
f 3269//3269 3173//3173 3268//3268
f 3174//3174 3173//3173 3269//3269
f 3187//3187 3186//3186 3282//3282
f 3235//3235 3139//3139 3330//3330
