# Independent procedural camera geometry; meters; Z up
o go2_contact_0_rim
v -0.0102200000 -0.0022630000 0.0411000000
v -0.0102200000 -0.0028930000 0.0411000000
v -0.0102200000 -0.0028852437 0.0411985537
v -0.0102200000 -0.0028621656 0.0412946807
v -0.0102200000 -0.0028243341 0.0413860140
v -0.0102200000 -0.0027726807 0.0414703047
v -0.0102200000 -0.0027084773 0.0415454773
v -0.0102200000 -0.0026333047 0.0416096807
v -0.0102200000 -0.0025490140 0.0416613341
v -0.0102200000 -0.0024576807 0.0416991656
v -0.0102200000 -0.0023615537 0.0417222437
v -0.0102200000 -0.0022630000 0.0417300000
v -0.0102200000 -0.0021644463 0.0417222437
v -0.0102200000 -0.0020683193 0.0416991656
v -0.0102200000 -0.0019769860 0.0416613341
v -0.0102200000 -0.0018926953 0.0416096807
v -0.0102200000 -0.0018175227 0.0415454773
v -0.0102200000 -0.0017533193 0.0414703047
v -0.0102200000 -0.0017016659 0.0413860140
v -0.0102200000 -0.0016638344 0.0412946807
v -0.0102200000 -0.0016407563 0.0411985537
v -0.0102200000 -0.0016330000 0.0411000000
v -0.0102200000 -0.0016407563 0.0410014463
v -0.0102200000 -0.0016638344 0.0409053193
v -0.0102200000 -0.0017016659 0.0408139860
v -0.0102200000 -0.0017533193 0.0407296953
v -0.0102200000 -0.0018175227 0.0406545227
v -0.0102200000 -0.0018926953 0.0405903193
v -0.0102200000 -0.0019769860 0.0405386659
v -0.0102200000 -0.0020683193 0.0405008344
v -0.0102200000 -0.0021644463 0.0404777563
v -0.0102200000 -0.0022630000 0.0404700000
v -0.0102200000 -0.0023615537 0.0404777563
v -0.0102200000 -0.0024576807 0.0405008344
v -0.0102200000 -0.0025490140 0.0405386659
v -0.0102200000 -0.0026333047 0.0405903193
v -0.0102200000 -0.0027084773 0.0406545227
v -0.0102200000 -0.0027726807 0.0407296953
v -0.0102200000 -0.0028243341 0.0408139860
v -0.0102200000 -0.0028621656 0.0409053193
v -0.0102200000 -0.0028852437 0.0410014463
v -0.0102200000 -0.0028930000 0.0411000000
v -0.0102200000 -0.0028852437 0.0411985537
v -0.0102200000 -0.0028621656 0.0412946807
v -0.0102200000 -0.0028243341 0.0413860140
v -0.0102200000 -0.0027726807 0.0414703047
v -0.0102200000 -0.0027084773 0.0415454773
v -0.0102200000 -0.0026333047 0.0416096807
v -0.0102200000 -0.0025490140 0.0416613341
v -0.0102200000 -0.0024576807 0.0416991656
v -0.0102200000 -0.0023615537 0.0417222437
v -0.0102200000 -0.0022630000 0.0417300000
v -0.0102200000 -0.0021644463 0.0417222437
v -0.0102200000 -0.0020683193 0.0416991656
v -0.0102200000 -0.0019769860 0.0416613341
v -0.0102200000 -0.0018926953 0.0416096807
v -0.0102200000 -0.0018175227 0.0415454773
v -0.0102200000 -0.0017533193 0.0414703047
v -0.0102200000 -0.0017016659 0.0413860140
v -0.0102200000 -0.0016638344 0.0412946807
v -0.0102200000 -0.0016407563 0.0411985537
v -0.0102200000 -0.0016330000 0.0411000000
v -0.0102200000 -0.0016407563 0.0410014463
v -0.0102200000 -0.0016638344 0.0409053193
v -0.0102200000 -0.0017016659 0.0408139860
v -0.0102200000 -0.0017533193 0.0407296953
v -0.0102200000 -0.0018175227 0.0406545227
v -0.0102200000 -0.0018926953 0.0405903193
v -0.0102200000 -0.0019769860 0.0405386659
v -0.0102200000 -0.0020683193 0.0405008344
v -0.0102200000 -0.0021644463 0.0404777563
v -0.0102200000 -0.0022630000 0.0404700000
v -0.0102200000 -0.0023615537 0.0404777563
v -0.0102200000 -0.0024576807 0.0405008344
v -0.0102200000 -0.0025490140 0.0405386659
v -0.0102200000 -0.0026333047 0.0405903193
v -0.0102200000 -0.0027084773 0.0406545227
v -0.0102200000 -0.0027726807 0.0407296953
v -0.0102200000 -0.0028243341 0.0408139860
v -0.0102200000 -0.0028621656 0.0409053193
v -0.0102200000 -0.0028852437 0.0410014463
v -0.0103000000 -0.0028930000 0.0411000000
v -0.0103000000 -0.0028852437 0.0411985537
v -0.0103000000 -0.0028621656 0.0412946807
v -0.0103000000 -0.0028243341 0.0413860140
v -0.0103000000 -0.0027726807 0.0414703047
v -0.0103000000 -0.0027084773 0.0415454773
v -0.0103000000 -0.0026333047 0.0416096807
v -0.0103000000 -0.0025490140 0.0416613341
v -0.0103000000 -0.0024576807 0.0416991656
v -0.0103000000 -0.0023615537 0.0417222437
v -0.0103000000 -0.0022630000 0.0417300000
v -0.0103000000 -0.0021644463 0.0417222437
v -0.0103000000 -0.0020683193 0.0416991656
v -0.0103000000 -0.0019769860 0.0416613341
v -0.0103000000 -0.0018926953 0.0416096807
v -0.0103000000 -0.0018175227 0.0415454773
v -0.0103000000 -0.0017533193 0.0414703047
v -0.0103000000 -0.0017016659 0.0413860140
v -0.0103000000 -0.0016638344 0.0412946807
v -0.0103000000 -0.0016407563 0.0411985537
v -0.0103000000 -0.0016330000 0.0411000000
v -0.0103000000 -0.0016407563 0.0410014463
v -0.0103000000 -0.0016638344 0.0409053193
v -0.0103000000 -0.0017016659 0.0408139860
v -0.0103000000 -0.0017533193 0.0407296953
v -0.0103000000 -0.0018175227 0.0406545227
v -0.0103000000 -0.0018926953 0.0405903193
v -0.0103000000 -0.0019769860 0.0405386659
v -0.0103000000 -0.0020683193 0.0405008344
v -0.0103000000 -0.0021644463 0.0404777563
v -0.0103000000 -0.0022630000 0.0404700000
v -0.0103000000 -0.0023615537 0.0404777563
v -0.0103000000 -0.0024576807 0.0405008344
v -0.0103000000 -0.0025490140 0.0405386659
v -0.0103000000 -0.0026333047 0.0405903193
v -0.0103000000 -0.0027084773 0.0406545227
v -0.0103000000 -0.0027726807 0.0407296953
v -0.0103000000 -0.0028243341 0.0408139860
v -0.0103000000 -0.0028621656 0.0409053193
v -0.0103000000 -0.0028852437 0.0410014463
v -0.0103000000 -0.0028930000 0.0411000000
v -0.0103000000 -0.0028852437 0.0411985537
v -0.0103000000 -0.0028621656 0.0412946807
v -0.0103000000 -0.0028243341 0.0413860140
v -0.0103000000 -0.0027726807 0.0414703047
v -0.0103000000 -0.0027084773 0.0415454773
v -0.0103000000 -0.0026333047 0.0416096807
v -0.0103000000 -0.0025490140 0.0416613341
v -0.0103000000 -0.0024576807 0.0416991656
v -0.0103000000 -0.0023615537 0.0417222437
v -0.0103000000 -0.0022630000 0.0417300000
v -0.0103000000 -0.0021644463 0.0417222437
v -0.0103000000 -0.0020683193 0.0416991656
v -0.0103000000 -0.0019769860 0.0416613341
v -0.0103000000 -0.0018926953 0.0416096807
v -0.0103000000 -0.0018175227 0.0415454773
v -0.0103000000 -0.0017533193 0.0414703047
v -0.0103000000 -0.0017016659 0.0413860140
v -0.0103000000 -0.0016638344 0.0412946807
v -0.0103000000 -0.0016407563 0.0411985537
v -0.0103000000 -0.0016330000 0.0411000000
v -0.0103000000 -0.0016407563 0.0410014463
v -0.0103000000 -0.0016638344 0.0409053193
v -0.0103000000 -0.0017016659 0.0408139860
v -0.0103000000 -0.0017533193 0.0407296953
v -0.0103000000 -0.0018175227 0.0406545227
v -0.0103000000 -0.0018926953 0.0405903193
v -0.0103000000 -0.0019769860 0.0405386659
v -0.0103000000 -0.0020683193 0.0405008344
v -0.0103000000 -0.0021644463 0.0404777563
v -0.0103000000 -0.0022630000 0.0404700000
v -0.0103000000 -0.0023615537 0.0404777563
v -0.0103000000 -0.0024576807 0.0405008344
v -0.0103000000 -0.0025490140 0.0405386659
v -0.0103000000 -0.0026333047 0.0405903193
v -0.0103000000 -0.0027084773 0.0406545227
v -0.0103000000 -0.0027726807 0.0407296953
v -0.0103000000 -0.0028243341 0.0408139860
v -0.0103000000 -0.0028621656 0.0409053193
v -0.0103000000 -0.0028852437 0.0410014463
v -0.0103000000 -0.0022630000 0.0411000000
vn 1.00000000 0.00000000 0.00000000
vn 1.00000000 0.00000000 0.00000000
vn 1.00000000 0.00000000 0.00000000
vn 1.00000000 0.00000000 0.00000000
vn 1.00000000 0.00000000 0.00000000
vn 1.00000000 0.00000000 0.00000000
vn 1.00000000 0.00000000 0.00000000
vn 1.00000000 0.00000000 0.00000000
vn 1.00000000 0.00000000 0.00000000
vn 1.00000000 0.00000000 0.00000000
vn 1.00000000 0.00000000 0.00000000
vn 1.00000000 0.00000000 0.00000000
vn 1.00000000 0.00000000 0.00000000
vn 1.00000000 0.00000000 0.00000000
vn 1.00000000 0.00000000 0.00000000
vn 1.00000000 0.00000000 0.00000000
vn 1.00000000 0.00000000 0.00000000
vn 1.00000000 0.00000000 0.00000000
vn 1.00000000 0.00000000 0.00000000
vn 1.00000000 0.00000000 0.00000000
vn 1.00000000 0.00000000 0.00000000
vn 1.00000000 0.00000000 0.00000000
vn 1.00000000 0.00000000 0.00000000
vn 1.00000000 0.00000000 0.00000000
vn 1.00000000 0.00000000 0.00000000
vn 1.00000000 0.00000000 0.00000000
vn 1.00000000 0.00000000 0.00000000
vn 1.00000000 0.00000000 0.00000000
vn 1.00000000 0.00000000 0.00000000
vn 1.00000000 0.00000000 0.00000000
vn 1.00000000 0.00000000 0.00000000
vn 1.00000000 0.00000000 0.00000000
vn 1.00000000 0.00000000 0.00000000
vn 1.00000000 0.00000000 0.00000000
vn 1.00000000 0.00000000 0.00000000
vn 1.00000000 0.00000000 0.00000000
vn 1.00000000 0.00000000 0.00000000
vn 1.00000000 0.00000000 0.00000000
vn 1.00000000 0.00000000 0.00000000
vn 1.00000000 0.00000000 0.00000000
vn 1.00000000 0.00000000 0.00000000
vn 0.00000000 -1.00000000 -0.00000000
vn 0.00000000 -0.98768834 0.15643447
vn 0.00000000 -0.95105652 0.30901699
vn 0.00000000 -0.89100652 0.45399050
vn 0.00000000 -0.80901699 0.58778525
vn 0.00000000 -0.70710678 0.70710678
vn 0.00000000 -0.58778525 0.80901699
vn 0.00000000 -0.45399050 0.89100652
vn 0.00000000 -0.30901699 0.95105652
vn 0.00000000 -0.15643447 0.98768834
vn 0.00000000 -0.00000000 1.00000000
vn 0.00000000 0.15643447 0.98768834
vn 0.00000000 0.30901699 0.95105652
vn 0.00000000 0.45399050 0.89100652
vn 0.00000000 0.58778525 0.80901699
vn 0.00000000 0.70710678 0.70710678
vn 0.00000000 0.80901699 0.58778525
vn 0.00000000 0.89100652 0.45399050
vn 0.00000000 0.95105652 0.30901699
vn 0.00000000 0.98768834 0.15643447
vn 0.00000000 1.00000000 0.00000000
vn 0.00000000 0.98768834 -0.15643447
vn 0.00000000 0.95105652 -0.30901699
vn 0.00000000 0.89100652 -0.45399050
vn 0.00000000 0.80901699 -0.58778525
vn 0.00000000 0.70710678 -0.70710678
vn 0.00000000 0.58778525 -0.80901699
vn 0.00000000 0.45399050 -0.89100652
vn 0.00000000 0.30901699 -0.95105652
vn 0.00000000 0.15643447 -0.98768834
vn 0.00000000 0.00000000 -1.00000000
vn 0.00000000 -0.15643447 -0.98768834
vn 0.00000000 -0.30901699 -0.95105652
vn 0.00000000 -0.45399050 -0.89100652
vn 0.00000000 -0.58778525 -0.80901699
vn 0.00000000 -0.70710678 -0.70710678
vn 0.00000000 -0.80901699 -0.58778525
vn 0.00000000 -0.89100652 -0.45399050
vn 0.00000000 -0.95105652 -0.30901699
vn 0.00000000 -0.98768834 -0.15643447
vn 0.00000000 -1.00000000 -0.00000000
vn 0.00000000 -0.98768834 0.15643447
vn 0.00000000 -0.95105652 0.30901699
vn 0.00000000 -0.89100652 0.45399050
vn 0.00000000 -0.80901699 0.58778525
vn 0.00000000 -0.70710678 0.70710678
vn 0.00000000 -0.58778525 0.80901699
vn 0.00000000 -0.45399050 0.89100652
vn 0.00000000 -0.30901699 0.95105652
vn 0.00000000 -0.15643447 0.98768834
vn 0.00000000 -0.00000000 1.00000000
vn 0.00000000 0.15643447 0.98768834
vn 0.00000000 0.30901699 0.95105652
vn 0.00000000 0.45399050 0.89100652
vn 0.00000000 0.58778525 0.80901699
vn 0.00000000 0.70710678 0.70710678
vn 0.00000000 0.80901699 0.58778525
vn 0.00000000 0.89100652 0.45399050
vn 0.00000000 0.95105652 0.30901699
vn 0.00000000 0.98768834 0.15643447
vn 0.00000000 1.00000000 0.00000000
vn 0.00000000 0.98768834 -0.15643447
vn 0.00000000 0.95105652 -0.30901699
vn 0.00000000 0.89100652 -0.45399050
vn 0.00000000 0.80901699 -0.58778525
vn 0.00000000 0.70710678 -0.70710678
vn 0.00000000 0.58778525 -0.80901699
vn 0.00000000 0.45399050 -0.89100652
vn 0.00000000 0.30901699 -0.95105652
vn 0.00000000 0.15643447 -0.98768834
vn 0.00000000 0.00000000 -1.00000000
vn 0.00000000 -0.15643447 -0.98768834
vn 0.00000000 -0.30901699 -0.95105652
vn 0.00000000 -0.45399050 -0.89100652
vn 0.00000000 -0.58778525 -0.80901699
vn 0.00000000 -0.70710678 -0.70710678
vn 0.00000000 -0.80901699 -0.58778525
vn 0.00000000 -0.89100652 -0.45399050
vn 0.00000000 -0.95105652 -0.30901699
vn 0.00000000 -0.98768834 -0.15643447
vn -1.00000000 0.00000000 0.00000000
vn -1.00000000 0.00000000 0.00000000
vn -1.00000000 0.00000000 0.00000000
vn -1.00000000 0.00000000 0.00000000
vn -1.00000000 0.00000000 0.00000000
vn -1.00000000 0.00000000 0.00000000
vn -1.00000000 0.00000000 0.00000000
vn -1.00000000 0.00000000 0.00000000
vn -1.00000000 0.00000000 0.00000000
vn -1.00000000 0.00000000 0.00000000
vn -1.00000000 0.00000000 0.00000000
vn -1.00000000 0.00000000 0.00000000
vn -1.00000000 0.00000000 0.00000000
vn -1.00000000 0.00000000 0.00000000
vn -1.00000000 0.00000000 0.00000000
vn -1.00000000 0.00000000 0.00000000
vn -1.00000000 0.00000000 0.00000000
vn -1.00000000 0.00000000 0.00000000
vn -1.00000000 0.00000000 0.00000000
vn -1.00000000 0.00000000 0.00000000
vn -1.00000000 0.00000000 0.00000000
vn -1.00000000 0.00000000 0.00000000
vn -1.00000000 0.00000000 0.00000000
vn -1.00000000 0.00000000 0.00000000
vn -1.00000000 0.00000000 0.00000000
vn -1.00000000 0.00000000 0.00000000
vn -1.00000000 0.00000000 0.00000000
vn -1.00000000 0.00000000 0.00000000
vn -1.00000000 0.00000000 0.00000000
vn -1.00000000 0.00000000 0.00000000
vn -1.00000000 0.00000000 0.00000000
vn -1.00000000 0.00000000 0.00000000
vn -1.00000000 0.00000000 0.00000000
vn -1.00000000 0.00000000 0.00000000
vn -1.00000000 0.00000000 0.00000000
vn -1.00000000 0.00000000 0.00000000
vn -1.00000000 0.00000000 0.00000000
vn -1.00000000 0.00000000 0.00000000
vn -1.00000000 0.00000000 0.00000000
vn -1.00000000 0.00000000 0.00000000
vn -1.00000000 0.00000000 0.00000000
f 3//3 2//2 1//1
f 25//25 24//24 1//1
f 26//26 25//25 1//1
f 27//27 26//26 1//1
f 28//28 27//27 1//1
f 29//29 28//28 1//1
f 30//30 29//29 1//1
f 31//31 30//30 1//1
f 32//32 31//31 1//1
f 33//33 32//32 1//1
f 34//34 33//33 1//1
f 35//35 34//34 1//1
f 36//36 35//35 1//1
f 37//37 36//36 1//1
f 38//38 37//37 1//1
f 39//39 38//38 1//1
f 40//40 39//39 1//1
f 41//41 40//40 1//1
f 24//24 23//23 1//1
f 23//23 22//22 1//1
f 2//2 41//41 1//1
f 21//21 20//20 1//1
f 22//22 21//21 1//1
f 4//4 3//3 1//1
f 5//5 4//4 1//1
f 6//6 5//5 1//1
f 7//7 6//6 1//1
f 9//9 8//8 1//1
f 10//10 9//9 1//1
f 11//11 10//10 1//1
f 8//8 7//7 1//1
f 13//13 12//12 1//1
f 14//14 13//13 1//1
f 15//15 14//14 1//1
f 20//20 19//19 1//1
f 16//16 15//15 1//1
f 17//17 16//16 1//1
f 18//18 17//17 1//1
f 19//19 18//18 1//1
f 12//12 11//11 1//1
f 69//69 109//109 68//68
f 110//110 109//109 69//69
f 112//112 111//111 71//71
f 111//111 110//110 70//70
f 71//71 111//111 70//70
f 109//109 108//108 68//68
f 70//70 110//110 69//69
f 68//68 108//108 67//67
f 104//104 103//103 63//63
f 67//67 107//107 66//66
f 107//107 106//106 66//66
f 66//66 106//106 65//65
f 106//106 105//105 65//65
f 65//65 105//105 64//64
f 105//105 104//104 64//64
f 64//64 104//104 63//63
f 72//72 112//112 71//71
f 108//108 107//107 67//67
f 113//113 112//112 72//72
f 77//77 117//117 76//76
f 114//114 113//113 73//73
f 63//63 103//103 62//62
f 42//42 82//82 81//81
f 82//82 121//121 81//81
f 81//81 121//121 80//80
f 121//121 120//120 80//80
f 80//80 120//120 79//79
f 120//120 119//119 79//79
f 79//79 119//119 78//78
f 119//119 118//118 78//78
f 78//78 118//118 77//77
f 118//118 117//117 77//77
f 117//117 116//116 76//76
f 76//76 116//116 75//75
f 116//116 115//115 75//75
f 75//75 115//115 74//74
f 115//115 114//114 74//74
f 74//74 114//114 73//73
f 73//73 113//113 72//72
f 103//103 102//102 62//62
f 62//62 102//102 61//61
f 102//102 101//101 61//61
f 91//91 90//90 50//50
f 50//50 90//90 49//49
f 90//90 89//89 49//49
f 49//49 89//89 48//48
f 89//89 88//88 48//48
f 48//48 88//88 47//47
f 47//47 87//87 46//46
f 51//51 91//91 50//50
f 87//87 86//86 46//46
f 86//86 85//85 45//45
f 45//45 85//85 44//44
f 85//85 84//84 44//44
f 44//44 84//84 43//43
f 84//84 83//83 43//43
f 43//43 83//83 42//42
f 83//83 82//82 42//42
f 46//46 86//86 45//45
f 92//92 91//91 51//51
f 88//88 87//87 47//47
f 93//93 92//92 52//52
f 52//52 92//92 51//51
f 101//101 100//100 60//60
f 60//60 100//100 59//59
f 100//100 99//99 59//59
f 59//59 99//99 58//58
f 99//99 98//98 58//58
f 58//58 98//98 57//57
f 98//98 97//97 57//57
f 57//57 97//97 56//56
f 61//61 101//101 60//60
f 56//56 96//96 55//55
f 96//96 95//95 55//55
f 55//55 95//95 54//54
f 95//95 94//94 54//54
f 54//54 94//94 53//53
f 94//94 93//93 53//53
f 53//53 93//93 52//52
f 97//97 96//96 56//56
f 143//143 162//162 142//142
f 149//149 162//162 148//148
f 148//148 162//162 147//147
f 144//144 162//162 143//143
f 146//146 162//162 145//145
f 145//145 162//162 144//144
f 150//150 162//162 149//149
f 147//147 162//162 146//146
f 151//151 162//162 150//150
f 155//155 162//162 154//154
f 153//153 162//162 152//152
f 154//154 162//162 153//153
f 156//156 162//162 155//155
f 157//157 162//162 156//156
f 158//158 162//162 157//157
f 159//159 162//162 158//158
f 160//160 162//162 159//159
f 152//152 162//162 151//151
f 142//142 162//162 141//141
f 123//123 162//162 122//122
f 140//140 162//162 139//139
f 161//161 162//162 160//160
f 124//124 162//162 123//123
f 125//125 162//162 124//124
f 126//126 162//162 125//125
f 127//127 162//162 126//126
f 128//128 162//162 127//127
f 129//129 162//162 128//128
f 130//130 162//162 129//129
f 131//131 162//162 130//130
f 132//132 162//162 131//131
f 133//133 162//162 132//132
f 134//134 162//162 133//133
f 135//135 162//162 134//134
f 136//136 162//162 135//135
f 137//137 162//162 136//136
f 138//138 162//162 137//137
f 139//139 162//162 138//138
f 141//141 162//162 140//140
f 122//122 162//162 161//161
o go2_contact_1_rim
v -0.0102200000 -0.0011315000 0.0430598155
v -0.0102200000 -0.0017615000 0.0430598155
v -0.0102200000 -0.0017537437 0.0431583692
v -0.0102200000 -0.0017306656 0.0432544962
v -0.0102200000 -0.0016928341 0.0433458295
v -0.0102200000 -0.0016411807 0.0434301202
v -0.0102200000 -0.0015769773 0.0435052928
v -0.0102200000 -0.0015018047 0.0435694962
v -0.0102200000 -0.0014175140 0.0436211496
v -0.0102200000 -0.0013261807 0.0436589811
v -0.0102200000 -0.0012300537 0.0436820591
v -0.0102200000 -0.0011315000 0.0436898155
v -0.0102200000 -0.0010329463 0.0436820591
v -0.0102200000 -0.0009368193 0.0436589811
v -0.0102200000 -0.0008454860 0.0436211496
v -0.0102200000 -0.0007611953 0.0435694962
v -0.0102200000 -0.0006860227 0.0435052928
v -0.0102200000 -0.0006218193 0.0434301202
v -0.0102200000 -0.0005701659 0.0433458295
v -0.0102200000 -0.0005323344 0.0432544962
v -0.0102200000 -0.0005092563 0.0431583692
v -0.0102200000 -0.0005015000 0.0430598155
v -0.0102200000 -0.0005092563 0.0429612618
v -0.0102200000 -0.0005323344 0.0428651348
v -0.0102200000 -0.0005701659 0.0427738015
v -0.0102200000 -0.0006218193 0.0426895108
v -0.0102200000 -0.0006860227 0.0426143382
v -0.0102200000 -0.0007611953 0.0425501348
v -0.0102200000 -0.0008454860 0.0424984814
v -0.0102200000 -0.0009368193 0.0424606499
v -0.0102200000 -0.0010329463 0.0424375718
v -0.0102200000 -0.0011315000 0.0424298155
v -0.0102200000 -0.0012300537 0.0424375718
v -0.0102200000 -0.0013261807 0.0424606499
v -0.0102200000 -0.0014175140 0.0424984814
v -0.0102200000 -0.0015018047 0.0425501348
v -0.0102200000 -0.0015769773 0.0426143382
v -0.0102200000 -0.0016411807 0.0426895108
v -0.0102200000 -0.0016928341 0.0427738015
v -0.0102200000 -0.0017306656 0.0428651348
v -0.0102200000 -0.0017537437 0.0429612618
v -0.0102200000 -0.0017615000 0.0430598155
v -0.0102200000 -0.0017537437 0.0431583692
v -0.0102200000 -0.0017306656 0.0432544962
v -0.0102200000 -0.0016928341 0.0433458295
v -0.0102200000 -0.0016411807 0.0434301202
v -0.0102200000 -0.0015769773 0.0435052928
v -0.0102200000 -0.0015018047 0.0435694962
v -0.0102200000 -0.0014175140 0.0436211496
v -0.0102200000 -0.0013261807 0.0436589811
v -0.0102200000 -0.0012300537 0.0436820591
v -0.0102200000 -0.0011315000 0.0436898155
v -0.0102200000 -0.0010329463 0.0436820591
v -0.0102200000 -0.0009368193 0.0436589811
v -0.0102200000 -0.0008454860 0.0436211496
v -0.0102200000 -0.0007611953 0.0435694962
v -0.0102200000 -0.0006860227 0.0435052928
v -0.0102200000 -0.0006218193 0.0434301202
v -0.0102200000 -0.0005701659 0.0433458295
v -0.0102200000 -0.0005323344 0.0432544962
v -0.0102200000 -0.0005092563 0.0431583692
v -0.0102200000 -0.0005015000 0.0430598155
v -0.0102200000 -0.0005092563 0.0429612618
v -0.0102200000 -0.0005323344 0.0428651348
v -0.0102200000 -0.0005701659 0.0427738015
v -0.0102200000 -0.0006218193 0.0426895108
v -0.0102200000 -0.0006860227 0.0426143382
v -0.0102200000 -0.0007611953 0.0425501348
v -0.0102200000 -0.0008454860 0.0424984814
v -0.0102200000 -0.0009368193 0.0424606499
v -0.0102200000 -0.0010329463 0.0424375718
v -0.0102200000 -0.0011315000 0.0424298155
v -0.0102200000 -0.0012300537 0.0424375718
v -0.0102200000 -0.0013261807 0.0424606499
v -0.0102200000 -0.0014175140 0.0424984814
v -0.0102200000 -0.0015018047 0.0425501348
v -0.0102200000 -0.0015769773 0.0426143382
v -0.0102200000 -0.0016411807 0.0426895108
v -0.0102200000 -0.0016928341 0.0427738015
v -0.0102200000 -0.0017306656 0.0428651348
v -0.0102200000 -0.0017537437 0.0429612618
v -0.0103000000 -0.0017615000 0.0430598155
v -0.0103000000 -0.0017537437 0.0431583692
v -0.0103000000 -0.0017306656 0.0432544962
v -0.0103000000 -0.0016928341 0.0433458295
v -0.0103000000 -0.0016411807 0.0434301202
v -0.0103000000 -0.0015769773 0.0435052928
v -0.0103000000 -0.0015018047 0.0435694962
v -0.0103000000 -0.0014175140 0.0436211496
v -0.0103000000 -0.0013261807 0.0436589811
v -0.0103000000 -0.0012300537 0.0436820591
v -0.0103000000 -0.0011315000 0.0436898155
v -0.0103000000 -0.0010329463 0.0436820591
v -0.0103000000 -0.0009368193 0.0436589811
v -0.0103000000 -0.0008454860 0.0436211496
v -0.0103000000 -0.0007611953 0.0435694962
v -0.0103000000 -0.0006860227 0.0435052928
v -0.0103000000 -0.0006218193 0.0434301202
v -0.0103000000 -0.0005701659 0.0433458295
v -0.0103000000 -0.0005323344 0.0432544962
v -0.0103000000 -0.0005092563 0.0431583692
v -0.0103000000 -0.0005015000 0.0430598155
v -0.0103000000 -0.0005092563 0.0429612618
v -0.0103000000 -0.0005323344 0.0428651348
v -0.0103000000 -0.0005701659 0.0427738015
v -0.0103000000 -0.0006218193 0.0426895108
v -0.0103000000 -0.0006860227 0.0426143382
v -0.0103000000 -0.0007611953 0.0425501348
v -0.0103000000 -0.0008454860 0.0424984814
v -0.0103000000 -0.0009368193 0.0424606499
v -0.0103000000 -0.0010329463 0.0424375718
v -0.0103000000 -0.0011315000 0.0424298155
v -0.0103000000 -0.0012300537 0.0424375718
v -0.0103000000 -0.0013261807 0.0424606499
v -0.0103000000 -0.0014175140 0.0424984814
v -0.0103000000 -0.0015018047 0.0425501348
v -0.0103000000 -0.0015769773 0.0426143382
v -0.0103000000 -0.0016411807 0.0426895108
v -0.0103000000 -0.0016928341 0.0427738015
v -0.0103000000 -0.0017306656 0.0428651348
v -0.0103000000 -0.0017537437 0.0429612618
v -0.0103000000 -0.0017615000 0.0430598155
v -0.0103000000 -0.0017537437 0.0431583692
v -0.0103000000 -0.0017306656 0.0432544962
v -0.0103000000 -0.0016928341 0.0433458295
v -0.0103000000 -0.0016411807 0.0434301202
v -0.0103000000 -0.0015769773 0.0435052928
v -0.0103000000 -0.0015018047 0.0435694962
v -0.0103000000 -0.0014175140 0.0436211496
v -0.0103000000 -0.0013261807 0.0436589811
v -0.0103000000 -0.0012300537 0.0436820591
v -0.0103000000 -0.0011315000 0.0436898155
v -0.0103000000 -0.0010329463 0.0436820591
v -0.0103000000 -0.0009368193 0.0436589811
v -0.0103000000 -0.0008454860 0.0436211496
v -0.0103000000 -0.0007611953 0.0435694962
v -0.0103000000 -0.0006860227 0.0435052928
v -0.0103000000 -0.0006218193 0.0434301202
v -0.0103000000 -0.0005701659 0.0433458295
v -0.0103000000 -0.0005323344 0.0432544962
v -0.0103000000 -0.0005092563 0.0431583692
v -0.0103000000 -0.0005015000 0.0430598155
v -0.0103000000 -0.0005092563 0.0429612618
v -0.0103000000 -0.0005323344 0.0428651348
v -0.0103000000 -0.0005701659 0.0427738015
v -0.0103000000 -0.0006218193 0.0426895108
v -0.0103000000 -0.0006860227 0.0426143382
v -0.0103000000 -0.0007611953 0.0425501348
v -0.0103000000 -0.0008454860 0.0424984814
v -0.0103000000 -0.0009368193 0.0424606499
v -0.0103000000 -0.0010329463 0.0424375718
v -0.0103000000 -0.0011315000 0.0424298155
v -0.0103000000 -0.0012300537 0.0424375718
v -0.0103000000 -0.0013261807 0.0424606499
v -0.0103000000 -0.0014175140 0.0424984814
v -0.0103000000 -0.0015018047 0.0425501348
v -0.0103000000 -0.0015769773 0.0426143382
v -0.0103000000 -0.0016411807 0.0426895108
v -0.0103000000 -0.0016928341 0.0427738015
v -0.0103000000 -0.0017306656 0.0428651348
v -0.0103000000 -0.0017537437 0.0429612618
v -0.0103000000 -0.0011315000 0.0430598155
vn 1.00000000 0.00000000 0.00000000
vn 1.00000000 0.00000000 0.00000000
vn 1.00000000 0.00000000 0.00000000
vn 1.00000000 0.00000000 0.00000000
vn 1.00000000 0.00000000 0.00000000
vn 1.00000000 0.00000000 0.00000000
vn 1.00000000 0.00000000 0.00000000
vn 1.00000000 0.00000000 0.00000000
vn 1.00000000 0.00000000 0.00000000
vn 1.00000000 0.00000000 0.00000000
vn 1.00000000 0.00000000 0.00000000
vn 1.00000000 0.00000000 0.00000000
vn 1.00000000 0.00000000 0.00000000
vn 1.00000000 0.00000000 0.00000000
vn 1.00000000 0.00000000 0.00000000
vn 1.00000000 0.00000000 0.00000000
vn 1.00000000 0.00000000 0.00000000
vn 1.00000000 0.00000000 0.00000000
vn 1.00000000 0.00000000 0.00000000
vn 1.00000000 0.00000000 0.00000000
vn 1.00000000 0.00000000 0.00000000
vn 1.00000000 0.00000000 0.00000000
vn 1.00000000 0.00000000 0.00000000
vn 1.00000000 0.00000000 0.00000000
vn 1.00000000 0.00000000 0.00000000
vn 1.00000000 0.00000000 0.00000000
vn 1.00000000 0.00000000 0.00000000
vn 1.00000000 0.00000000 0.00000000
vn 1.00000000 0.00000000 0.00000000
vn 1.00000000 0.00000000 0.00000000
vn 1.00000000 0.00000000 0.00000000
vn 1.00000000 0.00000000 0.00000000
vn 1.00000000 0.00000000 0.00000000
vn 1.00000000 0.00000000 0.00000000
vn 1.00000000 0.00000000 0.00000000
vn 1.00000000 0.00000000 0.00000000
vn 1.00000000 0.00000000 0.00000000
vn 1.00000000 0.00000000 0.00000000
vn 1.00000000 0.00000000 0.00000000
vn 1.00000000 0.00000000 0.00000000
vn 1.00000000 0.00000000 0.00000000
vn 0.00000000 -1.00000000 -0.00000000
vn 0.00000000 -0.98768834 0.15643447
vn 0.00000000 -0.95105652 0.30901699
vn 0.00000000 -0.89100652 0.45399050
vn 0.00000000 -0.80901699 0.58778525
vn 0.00000000 -0.70710678 0.70710678
vn 0.00000000 -0.58778525 0.80901699
vn 0.00000000 -0.45399050 0.89100652
vn 0.00000000 -0.30901699 0.95105652
vn 0.00000000 -0.15643447 0.98768834
vn 0.00000000 -0.00000000 1.00000000
vn 0.00000000 0.15643447 0.98768834
vn 0.00000000 0.30901699 0.95105652
vn 0.00000000 0.45399050 0.89100652
vn 0.00000000 0.58778525 0.80901699
vn 0.00000000 0.70710678 0.70710678
vn 0.00000000 0.80901699 0.58778525
vn 0.00000000 0.89100652 0.45399050
vn 0.00000000 0.95105652 0.30901699
vn 0.00000000 0.98768834 0.15643447
vn 0.00000000 1.00000000 0.00000000
vn 0.00000000 0.98768834 -0.15643447
vn 0.00000000 0.95105652 -0.30901699
vn 0.00000000 0.89100652 -0.45399050
vn 0.00000000 0.80901699 -0.58778525
vn 0.00000000 0.70710678 -0.70710678
vn 0.00000000 0.58778525 -0.80901699
vn 0.00000000 0.45399050 -0.89100652
vn 0.00000000 0.30901699 -0.95105652
vn 0.00000000 0.15643447 -0.98768834
vn 0.00000000 0.00000000 -1.00000000
vn 0.00000000 -0.15643447 -0.98768834
vn 0.00000000 -0.30901699 -0.95105652
vn 0.00000000 -0.45399050 -0.89100652
vn 0.00000000 -0.58778525 -0.80901699
vn 0.00000000 -0.70710678 -0.70710678
vn 0.00000000 -0.80901699 -0.58778525
vn 0.00000000 -0.89100652 -0.45399050
vn 0.00000000 -0.95105652 -0.30901699
vn 0.00000000 -0.98768834 -0.15643447
vn 0.00000000 -1.00000000 -0.00000000
vn 0.00000000 -0.98768834 0.15643447
vn 0.00000000 -0.95105652 0.30901699
vn 0.00000000 -0.89100652 0.45399050
vn 0.00000000 -0.80901699 0.58778525
vn 0.00000000 -0.70710678 0.70710678
vn 0.00000000 -0.58778525 0.80901699
vn 0.00000000 -0.45399050 0.89100652
vn 0.00000000 -0.30901699 0.95105652
vn 0.00000000 -0.15643447 0.98768834
vn 0.00000000 0.00000000 1.00000000
vn 0.00000000 0.15643447 0.98768834
vn 0.00000000 0.30901699 0.95105652
vn 0.00000000 0.45399050 0.89100652
vn 0.00000000 0.58778525 0.80901699
vn 0.00000000 0.70710678 0.70710678
vn 0.00000000 0.80901699 0.58778525
vn 0.00000000 0.89100652 0.45399050
vn 0.00000000 0.95105652 0.30901699
vn 0.00000000 0.98768834 0.15643447
vn 0.00000000 1.00000000 0.00000000
vn 0.00000000 0.98768834 -0.15643447
vn 0.00000000 0.95105652 -0.30901699
vn 0.00000000 0.89100652 -0.45399050
vn 0.00000000 0.80901699 -0.58778525
vn 0.00000000 0.70710678 -0.70710678
vn 0.00000000 0.58778525 -0.80901699
vn 0.00000000 0.45399050 -0.89100652
vn 0.00000000 0.30901699 -0.95105652
vn 0.00000000 0.15643447 -0.98768834
vn 0.00000000 0.00000000 -1.00000000
vn 0.00000000 -0.15643447 -0.98768834
vn 0.00000000 -0.30901699 -0.95105652
vn 0.00000000 -0.45399050 -0.89100652
vn 0.00000000 -0.58778525 -0.80901699
vn 0.00000000 -0.70710678 -0.70710678
vn 0.00000000 -0.80901699 -0.58778525
vn 0.00000000 -0.89100652 -0.45399050
vn 0.00000000 -0.95105652 -0.30901699
vn 0.00000000 -0.98768834 -0.15643447
vn -1.00000000 0.00000000 0.00000000
vn -1.00000000 0.00000000 0.00000000
vn -1.00000000 0.00000000 0.00000000
vn -1.00000000 0.00000000 0.00000000
vn -1.00000000 0.00000000 0.00000000
vn -1.00000000 0.00000000 0.00000000
vn -1.00000000 0.00000000 0.00000000
vn -1.00000000 0.00000000 0.00000000
vn -1.00000000 0.00000000 0.00000000
vn -1.00000000 0.00000000 0.00000000
vn -1.00000000 0.00000000 0.00000000
vn -1.00000000 0.00000000 0.00000000
vn -1.00000000 0.00000000 0.00000000
vn -1.00000000 0.00000000 0.00000000
vn -1.00000000 0.00000000 0.00000000
vn -1.00000000 0.00000000 0.00000000
vn -1.00000000 0.00000000 0.00000000
vn -1.00000000 0.00000000 0.00000000
vn -1.00000000 0.00000000 0.00000000
vn -1.00000000 0.00000000 0.00000000
vn -1.00000000 0.00000000 0.00000000
vn -1.00000000 0.00000000 0.00000000
vn -1.00000000 0.00000000 0.00000000
vn -1.00000000 0.00000000 0.00000000
vn -1.00000000 0.00000000 0.00000000
vn -1.00000000 0.00000000 0.00000000
vn -1.00000000 0.00000000 0.00000000
vn -1.00000000 0.00000000 0.00000000
vn -1.00000000 0.00000000 0.00000000
vn -1.00000000 0.00000000 0.00000000
vn -1.00000000 0.00000000 0.00000000
vn -1.00000000 0.00000000 0.00000000
vn -1.00000000 0.00000000 0.00000000
vn -1.00000000 0.00000000 0.00000000
vn -1.00000000 0.00000000 0.00000000
vn -1.00000000 0.00000000 0.00000000
vn -1.00000000 0.00000000 0.00000000
vn -1.00000000 0.00000000 0.00000000
vn -1.00000000 0.00000000 0.00000000
vn -1.00000000 0.00000000 0.00000000
vn -1.00000000 0.00000000 0.00000000
f 165//165 164//164 163//163
f 187//187 186//186 163//163
f 188//188 187//187 163//163
f 189//189 188//188 163//163
f 190//190 189//189 163//163
f 191//191 190//190 163//163
f 192//192 191//191 163//163
f 193//193 192//192 163//163
f 194//194 193//193 163//163
f 195//195 194//194 163//163
f 196//196 195//195 163//163
f 197//197 196//196 163//163
f 198//198 197//197 163//163
f 199//199 198//198 163//163
f 200//200 199//199 163//163
f 201//201 200//200 163//163
f 202//202 201//201 163//163
f 203//203 202//202 163//163
f 186//186 185//185 163//163
f 185//185 184//184 163//163
f 164//164 203//203 163//163
f 183//183 182//182 163//163
f 184//184 183//183 163//163
f 166//166 165//165 163//163
f 167//167 166//166 163//163
f 168//168 167//167 163//163
f 169//169 168//168 163//163
f 171//171 170//170 163//163
f 172//172 171//171 163//163
f 173//173 172//172 163//163
f 170//170 169//169 163//163
f 175//175 174//174 163//163
f 176//176 175//175 163//163
f 177//177 176//176 163//163
f 182//182 181//181 163//163
f 178//178 177//177 163//163
f 179//179 178//178 163//163
f 180//180 179//179 163//163
f 181//181 180//180 163//163
f 174//174 173//173 163//163
f 231//231 271//271 230//230
f 272//272 271//271 231//231
f 274//274 273//273 233//233
f 273//273 272//272 232//232
f 233//233 273//273 232//232
f 271//271 270//270 230//230
f 232//232 272//272 231//231
f 230//230 270//270 229//229
f 266//266 265//265 225//225
f 229//229 269//269 228//228
f 269//269 268//268 228//228
f 228//228 268//268 227//227
f 268//268 267//267 227//227
f 227//227 267//267 226//226
f 267//267 266//266 226//226
f 226//226 266//266 225//225
f 234//234 274//274 233//233
f 270//270 269//269 229//229
f 275//275 274//274 234//234
f 239//239 279//279 238//238
f 276//276 275//275 235//235
f 225//225 265//265 224//224
f 204//204 244//244 243//243
f 244//244 283//283 243//243
f 243//243 283//283 242//242
f 283//283 282//282 242//242
f 242//242 282//282 241//241
f 282//282 281//281 241//241
f 241//241 281//281 240//240
f 281//281 280//280 240//240
f 240//240 280//280 239//239
f 280//280 279//279 239//239
f 279//279 278//278 238//238
f 238//238 278//278 237//237
f 278//278 277//277 237//237
f 237//237 277//277 236//236
f 277//277 276//276 236//236
f 236//236 276//276 235//235
f 235//235 275//275 234//234
f 265//265 264//264 224//224
f 224//224 264//264 223//223
f 264//264 263//263 223//223
f 253//253 252//252 212//212
f 212//212 252//252 211//211
f 252//252 251//251 211//211
f 211//211 251//251 210//210
f 251//251 250//250 210//210
f 210//210 250//250 209//209
f 209//209 249//249 208//208
f 213//213 253//253 212//212
f 249//249 248//248 208//208
f 248//248 247//247 207//207
f 207//207 247//247 206//206
f 247//247 246//246 206//206
f 206//206 246//246 205//205
f 246//246 245//245 205//205
f 205//205 245//245 204//204
f 245//245 244//244 204//204
f 208//208 248//248 207//207
f 254//254 253//253 213//213
f 250//250 249//249 209//209
f 255//255 254//254 214//214
f 214//214 254//254 213//213
f 263//263 262//262 222//222
f 222//222 262//262 221//221
f 262//262 261//261 221//221
f 221//221 261//261 220//220
f 261//261 260//260 220//220
f 220//220 260//260 219//219
f 260//260 259//259 219//219
f 219//219 259//259 218//218
f 223//223 263//263 222//222
f 218//218 258//258 217//217
f 258//258 257//257 217//217
f 217//217 257//257 216//216
f 257//257 256//256 216//216
f 216//216 256//256 215//215
f 256//256 255//255 215//215
f 215//215 255//255 214//214
f 259//259 258//258 218//218
f 305//305 324//324 304//304
f 311//311 324//324 310//310
f 310//310 324//324 309//309
f 306//306 324//324 305//305
f 308//308 324//324 307//307
f 307//307 324//324 306//306
f 312//312 324//324 311//311
f 309//309 324//324 308//308
f 313//313 324//324 312//312
f 317//317 324//324 316//316
f 315//315 324//324 314//314
f 316//316 324//324 315//315
f 318//318 324//324 317//317
f 319//319 324//324 318//318
f 320//320 324//324 319//319
f 321//321 324//324 320//320
f 322//322 324//324 321//321
f 314//314 324//324 313//313
f 304//304 324//324 303//303
f 285//285 324//324 284//284
f 302//302 324//324 301//301
f 323//323 324//324 322//322
f 286//286 324//324 285//285
f 287//287 324//324 286//286
f 288//288 324//324 287//287
f 289//289 324//324 288//288
f 290//290 324//324 289//289
f 291//291 324//324 290//290
f 292//292 324//324 291//291
f 293//293 324//324 292//292
f 294//294 324//324 293//293
f 295//295 324//324 294//294
f 296//296 324//324 295//295
f 297//297 324//324 296//296
f 298//298 324//324 297//297
f 299//299 324//324 298//298
f 300//300 324//324 299//299
f 301//301 324//324 300//300
f 303//303 324//324 302//302
f 284//284 324//324 323//323
o go2_contact_2_rim
v -0.0102200000 0.0011315000 0.0430598155
v -0.0102200000 0.0005015000 0.0430598155
v -0.0102200000 0.0005092563 0.0431583692
v -0.0102200000 0.0005323344 0.0432544962
v -0.0102200000 0.0005701659 0.0433458295
v -0.0102200000 0.0006218193 0.0434301202
v -0.0102200000 0.0006860227 0.0435052928
v -0.0102200000 0.0007611953 0.0435694962
v -0.0102200000 0.0008454860 0.0436211496
v -0.0102200000 0.0009368193 0.0436589811
v -0.0102200000 0.0010329463 0.0436820591
v -0.0102200000 0.0011315000 0.0436898155
v -0.0102200000 0.0012300537 0.0436820591
v -0.0102200000 0.0013261807 0.0436589811
v -0.0102200000 0.0014175140 0.0436211496
v -0.0102200000 0.0015018047 0.0435694962
v -0.0102200000 0.0015769773 0.0435052928
v -0.0102200000 0.0016411807 0.0434301202
v -0.0102200000 0.0016928341 0.0433458295
v -0.0102200000 0.0017306656 0.0432544962
v -0.0102200000 0.0017537437 0.0431583692
v -0.0102200000 0.0017615000 0.0430598155
v -0.0102200000 0.0017537437 0.0429612618
v -0.0102200000 0.0017306656 0.0428651348
v -0.0102200000 0.0016928341 0.0427738015
v -0.0102200000 0.0016411807 0.0426895108
v -0.0102200000 0.0015769773 0.0426143382
v -0.0102200000 0.0015018047 0.0425501348
v -0.0102200000 0.0014175140 0.0424984814
v -0.0102200000 0.0013261807 0.0424606499
v -0.0102200000 0.0012300537 0.0424375718
v -0.0102200000 0.0011315000 0.0424298155
v -0.0102200000 0.0010329463 0.0424375718
v -0.0102200000 0.0009368193 0.0424606499
v -0.0102200000 0.0008454860 0.0424984814
v -0.0102200000 0.0007611953 0.0425501348
v -0.0102200000 0.0006860227 0.0426143382
v -0.0102200000 0.0006218193 0.0426895108
v -0.0102200000 0.0005701659 0.0427738015
v -0.0102200000 0.0005323344 0.0428651348
v -0.0102200000 0.0005092563 0.0429612618
v -0.0102200000 0.0005015000 0.0430598155
v -0.0102200000 0.0005092563 0.0431583692
v -0.0102200000 0.0005323344 0.0432544962
v -0.0102200000 0.0005701659 0.0433458295
v -0.0102200000 0.0006218193 0.0434301202
v -0.0102200000 0.0006860227 0.0435052928
v -0.0102200000 0.0007611953 0.0435694962
v -0.0102200000 0.0008454860 0.0436211496
v -0.0102200000 0.0009368193 0.0436589811
v -0.0102200000 0.0010329463 0.0436820591
v -0.0102200000 0.0011315000 0.0436898155
v -0.0102200000 0.0012300537 0.0436820591
v -0.0102200000 0.0013261807 0.0436589811
v -0.0102200000 0.0014175140 0.0436211496
v -0.0102200000 0.0015018047 0.0435694962
v -0.0102200000 0.0015769773 0.0435052928
v -0.0102200000 0.0016411807 0.0434301202
v -0.0102200000 0.0016928341 0.0433458295
v -0.0102200000 0.0017306656 0.0432544962
v -0.0102200000 0.0017537437 0.0431583692
v -0.0102200000 0.0017615000 0.0430598155
v -0.0102200000 0.0017537437 0.0429612618
v -0.0102200000 0.0017306656 0.0428651348
v -0.0102200000 0.0016928341 0.0427738015
v -0.0102200000 0.0016411807 0.0426895108
v -0.0102200000 0.0015769773 0.0426143382
v -0.0102200000 0.0015018047 0.0425501348
v -0.0102200000 0.0014175140 0.0424984814
v -0.0102200000 0.0013261807 0.0424606499
v -0.0102200000 0.0012300537 0.0424375718
v -0.0102200000 0.0011315000 0.0424298155
v -0.0102200000 0.0010329463 0.0424375718
v -0.0102200000 0.0009368193 0.0424606499
v -0.0102200000 0.0008454860 0.0424984814
v -0.0102200000 0.0007611953 0.0425501348
v -0.0102200000 0.0006860227 0.0426143382
v -0.0102200000 0.0006218193 0.0426895108
v -0.0102200000 0.0005701659 0.0427738015
v -0.0102200000 0.0005323344 0.0428651348
v -0.0102200000 0.0005092563 0.0429612618
v -0.0103000000 0.0005015000 0.0430598155
v -0.0103000000 0.0005092563 0.0431583692
v -0.0103000000 0.0005323344 0.0432544962
v -0.0103000000 0.0005701659 0.0433458295
v -0.0103000000 0.0006218193 0.0434301202
v -0.0103000000 0.0006860227 0.0435052928
v -0.0103000000 0.0007611953 0.0435694962
v -0.0103000000 0.0008454860 0.0436211496
v -0.0103000000 0.0009368193 0.0436589811
v -0.0103000000 0.0010329463 0.0436820591
v -0.0103000000 0.0011315000 0.0436898155
v -0.0103000000 0.0012300537 0.0436820591
v -0.0103000000 0.0013261807 0.0436589811
v -0.0103000000 0.0014175140 0.0436211496
v -0.0103000000 0.0015018047 0.0435694962
v -0.0103000000 0.0015769773 0.0435052928
v -0.0103000000 0.0016411807 0.0434301202
v -0.0103000000 0.0016928341 0.0433458295
v -0.0103000000 0.0017306656 0.0432544962
v -0.0103000000 0.0017537437 0.0431583692
v -0.0103000000 0.0017615000 0.0430598155
v -0.0103000000 0.0017537437 0.0429612618
v -0.0103000000 0.0017306656 0.0428651348
v -0.0103000000 0.0016928341 0.0427738015
v -0.0103000000 0.0016411807 0.0426895108
v -0.0103000000 0.0015769773 0.0426143382
v -0.0103000000 0.0015018047 0.0425501348
v -0.0103000000 0.0014175140 0.0424984814
v -0.0103000000 0.0013261807 0.0424606499
v -0.0103000000 0.0012300537 0.0424375718
v -0.0103000000 0.0011315000 0.0424298155
v -0.0103000000 0.0010329463 0.0424375718
v -0.0103000000 0.0009368193 0.0424606499
v -0.0103000000 0.0008454860 0.0424984814
v -0.0103000000 0.0007611953 0.0425501348
v -0.0103000000 0.0006860227 0.0426143382
v -0.0103000000 0.0006218193 0.0426895108
v -0.0103000000 0.0005701659 0.0427738015
v -0.0103000000 0.0005323344 0.0428651348
v -0.0103000000 0.0005092563 0.0429612618
v -0.0103000000 0.0005015000 0.0430598155
v -0.0103000000 0.0005092563 0.0431583692
v -0.0103000000 0.0005323344 0.0432544962
v -0.0103000000 0.0005701659 0.0433458295
v -0.0103000000 0.0006218193 0.0434301202
v -0.0103000000 0.0006860227 0.0435052928
v -0.0103000000 0.0007611953 0.0435694962
v -0.0103000000 0.0008454860 0.0436211496
v -0.0103000000 0.0009368193 0.0436589811
v -0.0103000000 0.0010329463 0.0436820591
v -0.0103000000 0.0011315000 0.0436898155
v -0.0103000000 0.0012300537 0.0436820591
v -0.0103000000 0.0013261807 0.0436589811
v -0.0103000000 0.0014175140 0.0436211496
v -0.0103000000 0.0015018047 0.0435694962
v -0.0103000000 0.0015769773 0.0435052928
v -0.0103000000 0.0016411807 0.0434301202
v -0.0103000000 0.0016928341 0.0433458295
v -0.0103000000 0.0017306656 0.0432544962
v -0.0103000000 0.0017537437 0.0431583692
v -0.0103000000 0.0017615000 0.0430598155
v -0.0103000000 0.0017537437 0.0429612618
v -0.0103000000 0.0017306656 0.0428651348
v -0.0103000000 0.0016928341 0.0427738015
v -0.0103000000 0.0016411807 0.0426895108
v -0.0103000000 0.0015769773 0.0426143382
v -0.0103000000 0.0015018047 0.0425501348
v -0.0103000000 0.0014175140 0.0424984814
v -0.0103000000 0.0013261807 0.0424606499
v -0.0103000000 0.0012300537 0.0424375718
v -0.0103000000 0.0011315000 0.0424298155
v -0.0103000000 0.0010329463 0.0424375718
v -0.0103000000 0.0009368193 0.0424606499
v -0.0103000000 0.0008454860 0.0424984814
v -0.0103000000 0.0007611953 0.0425501348
v -0.0103000000 0.0006860227 0.0426143382
v -0.0103000000 0.0006218193 0.0426895108
v -0.0103000000 0.0005701659 0.0427738015
v -0.0103000000 0.0005323344 0.0428651348
v -0.0103000000 0.0005092563 0.0429612618
v -0.0103000000 0.0011315000 0.0430598155
vn 1.00000000 0.00000000 0.00000000
vn 1.00000000 0.00000000 0.00000000
vn 1.00000000 0.00000000 0.00000000
vn 1.00000000 0.00000000 0.00000000
vn 1.00000000 0.00000000 0.00000000
vn 1.00000000 0.00000000 0.00000000
vn 1.00000000 0.00000000 0.00000000
vn 1.00000000 0.00000000 0.00000000
vn 1.00000000 0.00000000 0.00000000
vn 1.00000000 0.00000000 0.00000000
vn 1.00000000 0.00000000 0.00000000
vn 1.00000000 0.00000000 0.00000000
vn 1.00000000 0.00000000 0.00000000
vn 1.00000000 0.00000000 0.00000000
vn 1.00000000 0.00000000 0.00000000
vn 1.00000000 0.00000000 0.00000000
vn 1.00000000 0.00000000 0.00000000
vn 1.00000000 0.00000000 0.00000000
vn 1.00000000 0.00000000 0.00000000
vn 1.00000000 0.00000000 0.00000000
vn 1.00000000 0.00000000 0.00000000
vn 1.00000000 0.00000000 0.00000000
vn 1.00000000 0.00000000 0.00000000
vn 1.00000000 0.00000000 0.00000000
vn 1.00000000 0.00000000 0.00000000
vn 1.00000000 0.00000000 0.00000000
vn 1.00000000 0.00000000 0.00000000
vn 1.00000000 0.00000000 0.00000000
vn 1.00000000 0.00000000 0.00000000
vn 1.00000000 0.00000000 0.00000000
vn 1.00000000 0.00000000 0.00000000
vn 1.00000000 0.00000000 0.00000000
vn 1.00000000 0.00000000 0.00000000
vn 1.00000000 0.00000000 0.00000000
vn 1.00000000 0.00000000 0.00000000
vn 1.00000000 0.00000000 0.00000000
vn 1.00000000 0.00000000 0.00000000
vn 1.00000000 0.00000000 0.00000000
vn 1.00000000 0.00000000 0.00000000
vn 1.00000000 0.00000000 0.00000000
vn 1.00000000 0.00000000 0.00000000
vn 0.00000000 -1.00000000 -0.00000000
vn 0.00000000 -0.98768834 0.15643447
vn 0.00000000 -0.95105652 0.30901699
vn 0.00000000 -0.89100652 0.45399050
vn 0.00000000 -0.80901699 0.58778525
vn 0.00000000 -0.70710678 0.70710678
vn 0.00000000 -0.58778525 0.80901699
vn 0.00000000 -0.45399050 0.89100652
vn 0.00000000 -0.30901699 0.95105652
vn 0.00000000 -0.15643447 0.98768834
vn 0.00000000 -0.00000000 1.00000000
vn 0.00000000 0.15643447 0.98768834
vn 0.00000000 0.30901699 0.95105652
vn 0.00000000 0.45399050 0.89100652
vn 0.00000000 0.58778525 0.80901699
vn 0.00000000 0.70710678 0.70710678
vn 0.00000000 0.80901699 0.58778525
vn 0.00000000 0.89100652 0.45399050
vn 0.00000000 0.95105652 0.30901699
vn 0.00000000 0.98768834 0.15643447
vn 0.00000000 1.00000000 0.00000000
vn 0.00000000 0.98768834 -0.15643447
vn 0.00000000 0.95105652 -0.30901699
vn 0.00000000 0.89100652 -0.45399050
vn 0.00000000 0.80901699 -0.58778525
vn 0.00000000 0.70710678 -0.70710678
vn 0.00000000 0.58778525 -0.80901699
vn 0.00000000 0.45399050 -0.89100652
vn 0.00000000 0.30901699 -0.95105652
vn 0.00000000 0.15643447 -0.98768834
vn 0.00000000 0.00000000 -1.00000000
vn 0.00000000 -0.15643447 -0.98768834
vn 0.00000000 -0.30901699 -0.95105652
vn 0.00000000 -0.45399050 -0.89100652
vn 0.00000000 -0.58778525 -0.80901699
vn 0.00000000 -0.70710678 -0.70710678
vn 0.00000000 -0.80901699 -0.58778525
vn 0.00000000 -0.89100652 -0.45399050
vn 0.00000000 -0.95105652 -0.30901699
vn 0.00000000 -0.98768834 -0.15643447
vn 0.00000000 -1.00000000 -0.00000000
vn 0.00000000 -0.98768834 0.15643447
vn 0.00000000 -0.95105652 0.30901699
vn 0.00000000 -0.89100652 0.45399050
vn 0.00000000 -0.80901699 0.58778525
vn 0.00000000 -0.70710678 0.70710678
vn 0.00000000 -0.58778525 0.80901699
vn 0.00000000 -0.45399050 0.89100652
vn 0.00000000 -0.30901699 0.95105652
vn 0.00000000 -0.15643447 0.98768834
vn 0.00000000 0.00000000 1.00000000
vn 0.00000000 0.15643447 0.98768834
vn 0.00000000 0.30901699 0.95105652
vn 0.00000000 0.45399050 0.89100652
vn 0.00000000 0.58778525 0.80901699
vn 0.00000000 0.70710678 0.70710678
vn 0.00000000 0.80901699 0.58778525
vn 0.00000000 0.89100652 0.45399050
vn 0.00000000 0.95105652 0.30901699
vn 0.00000000 0.98768834 0.15643447
vn 0.00000000 1.00000000 0.00000000
vn 0.00000000 0.98768834 -0.15643447
vn 0.00000000 0.95105652 -0.30901699
vn 0.00000000 0.89100652 -0.45399050
vn 0.00000000 0.80901699 -0.58778525
vn 0.00000000 0.70710678 -0.70710678
vn 0.00000000 0.58778525 -0.80901699
vn 0.00000000 0.45399050 -0.89100652
vn 0.00000000 0.30901699 -0.95105652
vn 0.00000000 0.15643447 -0.98768834
vn 0.00000000 0.00000000 -1.00000000
vn 0.00000000 -0.15643447 -0.98768834
vn 0.00000000 -0.30901699 -0.95105652
vn 0.00000000 -0.45399050 -0.89100652
vn 0.00000000 -0.58778525 -0.80901699
vn 0.00000000 -0.70710678 -0.70710678
vn 0.00000000 -0.80901699 -0.58778525
vn 0.00000000 -0.89100652 -0.45399050
vn 0.00000000 -0.95105652 -0.30901699
vn 0.00000000 -0.98768834 -0.15643447
vn -1.00000000 0.00000000 0.00000000
vn -1.00000000 0.00000000 0.00000000
vn -1.00000000 0.00000000 0.00000000
vn -1.00000000 0.00000000 0.00000000
vn -1.00000000 0.00000000 0.00000000
vn -1.00000000 0.00000000 0.00000000
vn -1.00000000 0.00000000 0.00000000
vn -1.00000000 0.00000000 0.00000000
vn -1.00000000 0.00000000 0.00000000
vn -1.00000000 0.00000000 0.00000000
vn -1.00000000 0.00000000 0.00000000
vn -1.00000000 0.00000000 0.00000000
vn -1.00000000 0.00000000 0.00000000
vn -1.00000000 0.00000000 0.00000000
vn -1.00000000 0.00000000 0.00000000
vn -1.00000000 0.00000000 0.00000000
vn -1.00000000 0.00000000 0.00000000
vn -1.00000000 0.00000000 0.00000000
vn -1.00000000 0.00000000 0.00000000
vn -1.00000000 0.00000000 0.00000000
vn -1.00000000 0.00000000 0.00000000
vn -1.00000000 0.00000000 0.00000000
vn -1.00000000 0.00000000 0.00000000
vn -1.00000000 0.00000000 0.00000000
vn -1.00000000 0.00000000 0.00000000
vn -1.00000000 0.00000000 0.00000000
vn -1.00000000 0.00000000 0.00000000
vn -1.00000000 0.00000000 0.00000000
vn -1.00000000 0.00000000 0.00000000
vn -1.00000000 0.00000000 0.00000000
vn -1.00000000 0.00000000 0.00000000
vn -1.00000000 0.00000000 0.00000000
vn -1.00000000 0.00000000 0.00000000
vn -1.00000000 0.00000000 0.00000000
vn -1.00000000 0.00000000 0.00000000
vn -1.00000000 0.00000000 0.00000000
vn -1.00000000 0.00000000 0.00000000
vn -1.00000000 0.00000000 0.00000000
vn -1.00000000 0.00000000 0.00000000
vn -1.00000000 0.00000000 0.00000000
vn -1.00000000 0.00000000 0.00000000
f 327//327 326//326 325//325
f 349//349 348//348 325//325
f 350//350 349//349 325//325
f 351//351 350//350 325//325
f 352//352 351//351 325//325
f 353//353 352//352 325//325
f 354//354 353//353 325//325
f 355//355 354//354 325//325
f 356//356 355//355 325//325
f 357//357 356//356 325//325
f 358//358 357//357 325//325
f 359//359 358//358 325//325
f 360//360 359//359 325//325
f 361//361 360//360 325//325
f 362//362 361//361 325//325
f 363//363 362//362 325//325
f 364//364 363//363 325//325
f 365//365 364//364 325//325
f 348//348 347//347 325//325
f 347//347 346//346 325//325
f 326//326 365//365 325//325
f 345//345 344//344 325//325
f 346//346 345//345 325//325
f 328//328 327//327 325//325
f 329//329 328//328 325//325
f 330//330 329//329 325//325
f 331//331 330//330 325//325
f 333//333 332//332 325//325
f 334//334 333//333 325//325
f 335//335 334//334 325//325
f 332//332 331//331 325//325
f 337//337 336//336 325//325
f 338//338 337//337 325//325
f 339//339 338//338 325//325
f 344//344 343//343 325//325
f 340//340 339//339 325//325
f 341//341 340//340 325//325
f 342//342 341//341 325//325
f 343//343 342//342 325//325
f 336//336 335//335 325//325
f 393//393 433//433 392//392
f 434//434 433//433 393//393
f 436//436 435//435 395//395
f 435//435 434//434 394//394
f 395//395 435//435 394//394
f 433//433 432//432 392//392
f 394//394 434//434 393//393
f 392//392 432//432 391//391
f 428//428 427//427 387//387
f 391//391 431//431 390//390
f 431//431 430//430 390//390
f 390//390 430//430 389//389
f 430//430 429//429 389//389
f 389//389 429//429 388//388
f 429//429 428//428 388//388
f 388//388 428//428 387//387
f 396//396 436//436 395//395
f 432//432 431//431 391//391
f 437//437 436//436 396//396
f 401//401 441//441 400//400
f 438//438 437//437 397//397
f 387//387 427//427 386//386
f 366//366 406//406 405//405
f 406//406 445//445 405//405
f 405//405 445//445 404//404
f 445//445 444//444 404//404
f 404//404 444//444 403//403
f 444//444 443//443 403//403
f 403//403 443//443 402//402
f 443//443 442//442 402//402
f 402//402 442//442 401//401
f 442//442 441//441 401//401
f 441//441 440//440 400//400
f 400//400 440//440 399//399
f 440//440 439//439 399//399
f 399//399 439//439 398//398
f 439//439 438//438 398//398
f 398//398 438//438 397//397
f 397//397 437//437 396//396
f 427//427 426//426 386//386
f 386//386 426//426 385//385
f 426//426 425//425 385//385
f 415//415 414//414 374//374
f 374//374 414//414 373//373
f 414//414 413//413 373//373
f 373//373 413//413 372//372
f 413//413 412//412 372//372
f 372//372 412//412 371//371
f 371//371 411//411 370//370
f 375//375 415//415 374//374
f 411//411 410//410 370//370
f 410//410 409//409 369//369
f 369//369 409//409 368//368
f 409//409 408//408 368//368
f 368//368 408//408 367//367
f 408//408 407//407 367//367
f 367//367 407//407 366//366
f 407//407 406//406 366//366
f 370//370 410//410 369//369
f 416//416 415//415 375//375
f 412//412 411//411 371//371
f 417//417 416//416 376//376
f 376//376 416//416 375//375
f 425//425 424//424 384//384
f 384//384 424//424 383//383
f 424//424 423//423 383//383
f 383//383 423//423 382//382
f 423//423 422//422 382//382
f 382//382 422//422 381//381
f 422//422 421//421 381//381
f 381//381 421//421 380//380
f 385//385 425//425 384//384
f 380//380 420//420 379//379
f 420//420 419//419 379//379
f 379//379 419//419 378//378
f 419//419 418//418 378//378
f 378//378 418//418 377//377
f 418//418 417//417 377//377
f 377//377 417//417 376//376
f 421//421 420//420 380//380
f 467//467 486//486 466//466
f 473//473 486//486 472//472
f 472//472 486//486 471//471
f 468//468 486//486 467//467
f 470//470 486//486 469//469
f 469//469 486//486 468//468
f 474//474 486//486 473//473
f 471//471 486//486 470//470
f 475//475 486//486 474//474
f 479//479 486//486 478//478
f 477//477 486//486 476//476
f 478//478 486//486 477//477
f 480//480 486//486 479//479
f 481//481 486//486 480//480
f 482//482 486//486 481//481
f 483//483 486//486 482//482
f 484//484 486//486 483//483
f 476//476 486//486 475//475
f 466//466 486//486 465//465
f 447//447 486//486 446//446
f 464//464 486//486 463//463
f 485//485 486//486 484//484
f 448//448 486//486 447//447
f 449//449 486//486 448//448
f 450//450 486//486 449//449
f 451//451 486//486 450//450
f 452//452 486//486 451//451
f 453//453 486//486 452//452
f 454//454 486//486 453//453
f 455//455 486//486 454//454
f 456//456 486//486 455//455
f 457//457 486//486 456//456
f 458//458 486//486 457//457
f 459//459 486//486 458//458
f 460//460 486//486 459//459
f 461//461 486//486 460//460
f 462//462 486//486 461//461
f 463//463 486//486 462//462
f 465//465 486//486 464//464
f 446//446 486//486 485//485
o go2_contact_3_rim
v -0.0102200000 0.0022630000 0.0411000000
v -0.0102200000 0.0016330000 0.0411000000
v -0.0102200000 0.0016407563 0.0411985537
v -0.0102200000 0.0016638344 0.0412946807
v -0.0102200000 0.0017016659 0.0413860140
v -0.0102200000 0.0017533193 0.0414703047
v -0.0102200000 0.0018175227 0.0415454773
v -0.0102200000 0.0018926953 0.0416096807
v -0.0102200000 0.0019769860 0.0416613341
v -0.0102200000 0.0020683193 0.0416991656
v -0.0102200000 0.0021644463 0.0417222437
v -0.0102200000 0.0022630000 0.0417300000
v -0.0102200000 0.0023615537 0.0417222437
v -0.0102200000 0.0024576807 0.0416991656
v -0.0102200000 0.0025490140 0.0416613341
v -0.0102200000 0.0026333047 0.0416096807
v -0.0102200000 0.0027084773 0.0415454773
v -0.0102200000 0.0027726807 0.0414703047
v -0.0102200000 0.0028243341 0.0413860140
v -0.0102200000 0.0028621656 0.0412946807
v -0.0102200000 0.0028852437 0.0411985537
v -0.0102200000 0.0028930000 0.0411000000
v -0.0102200000 0.0028852437 0.0410014463
v -0.0102200000 0.0028621656 0.0409053193
v -0.0102200000 0.0028243341 0.0408139860
v -0.0102200000 0.0027726807 0.0407296953
v -0.0102200000 0.0027084773 0.0406545227
v -0.0102200000 0.0026333047 0.0405903193
v -0.0102200000 0.0025490140 0.0405386659
v -0.0102200000 0.0024576807 0.0405008344
v -0.0102200000 0.0023615537 0.0404777563
v -0.0102200000 0.0022630000 0.0404700000
v -0.0102200000 0.0021644463 0.0404777563
v -0.0102200000 0.0020683193 0.0405008344
v -0.0102200000 0.0019769860 0.0405386659
v -0.0102200000 0.0018926953 0.0405903193
v -0.0102200000 0.0018175227 0.0406545227
v -0.0102200000 0.0017533193 0.0407296953
v -0.0102200000 0.0017016659 0.0408139860
v -0.0102200000 0.0016638344 0.0409053193
v -0.0102200000 0.0016407563 0.0410014463
v -0.0102200000 0.0016330000 0.0411000000
v -0.0102200000 0.0016407563 0.0411985537
v -0.0102200000 0.0016638344 0.0412946807
v -0.0102200000 0.0017016659 0.0413860140
v -0.0102200000 0.0017533193 0.0414703047
v -0.0102200000 0.0018175227 0.0415454773
v -0.0102200000 0.0018926953 0.0416096807
v -0.0102200000 0.0019769860 0.0416613341
v -0.0102200000 0.0020683193 0.0416991656
v -0.0102200000 0.0021644463 0.0417222437
v -0.0102200000 0.0022630000 0.0417300000
v -0.0102200000 0.0023615537 0.0417222437
v -0.0102200000 0.0024576807 0.0416991656
v -0.0102200000 0.0025490140 0.0416613341
v -0.0102200000 0.0026333047 0.0416096807
v -0.0102200000 0.0027084773 0.0415454773
v -0.0102200000 0.0027726807 0.0414703047
v -0.0102200000 0.0028243341 0.0413860140
v -0.0102200000 0.0028621656 0.0412946807
v -0.0102200000 0.0028852437 0.0411985537
v -0.0102200000 0.0028930000 0.0411000000
v -0.0102200000 0.0028852437 0.0410014463
v -0.0102200000 0.0028621656 0.0409053193
v -0.0102200000 0.0028243341 0.0408139860
v -0.0102200000 0.0027726807 0.0407296953
v -0.0102200000 0.0027084773 0.0406545227
v -0.0102200000 0.0026333047 0.0405903193
v -0.0102200000 0.0025490140 0.0405386659
v -0.0102200000 0.0024576807 0.0405008344
v -0.0102200000 0.0023615537 0.0404777563
v -0.0102200000 0.0022630000 0.0404700000
v -0.0102200000 0.0021644463 0.0404777563
v -0.0102200000 0.0020683193 0.0405008344
v -0.0102200000 0.0019769860 0.0405386659
v -0.0102200000 0.0018926953 0.0405903193
v -0.0102200000 0.0018175227 0.0406545227
v -0.0102200000 0.0017533193 0.0407296953
v -0.0102200000 0.0017016659 0.0408139860
v -0.0102200000 0.0016638344 0.0409053193
v -0.0102200000 0.0016407563 0.0410014463
v -0.0103000000 0.0016330000 0.0411000000
v -0.0103000000 0.0016407563 0.0411985537
v -0.0103000000 0.0016638344 0.0412946807
v -0.0103000000 0.0017016659 0.0413860140
v -0.0103000000 0.0017533193 0.0414703047
v -0.0103000000 0.0018175227 0.0415454773
v -0.0103000000 0.0018926953 0.0416096807
v -0.0103000000 0.0019769860 0.0416613341
v -0.0103000000 0.0020683193 0.0416991656
v -0.0103000000 0.0021644463 0.0417222437
v -0.0103000000 0.0022630000 0.0417300000
v -0.0103000000 0.0023615537 0.0417222437
v -0.0103000000 0.0024576807 0.0416991656
v -0.0103000000 0.0025490140 0.0416613341
v -0.0103000000 0.0026333047 0.0416096807
v -0.0103000000 0.0027084773 0.0415454773
v -0.0103000000 0.0027726807 0.0414703047
v -0.0103000000 0.0028243341 0.0413860140
v -0.0103000000 0.0028621656 0.0412946807
v -0.0103000000 0.0028852437 0.0411985537
v -0.0103000000 0.0028930000 0.0411000000
v -0.0103000000 0.0028852437 0.0410014463
v -0.0103000000 0.0028621656 0.0409053193
v -0.0103000000 0.0028243341 0.0408139860
v -0.0103000000 0.0027726807 0.0407296953
v -0.0103000000 0.0027084773 0.0406545227
v -0.0103000000 0.0026333047 0.0405903193
v -0.0103000000 0.0025490140 0.0405386659
v -0.0103000000 0.0024576807 0.0405008344
v -0.0103000000 0.0023615537 0.0404777563
v -0.0103000000 0.0022630000 0.0404700000
v -0.0103000000 0.0021644463 0.0404777563
v -0.0103000000 0.0020683193 0.0405008344
v -0.0103000000 0.0019769860 0.0405386659
v -0.0103000000 0.0018926953 0.0405903193
v -0.0103000000 0.0018175227 0.0406545227
v -0.0103000000 0.0017533193 0.0407296953
v -0.0103000000 0.0017016659 0.0408139860
v -0.0103000000 0.0016638344 0.0409053193
v -0.0103000000 0.0016407563 0.0410014463
v -0.0103000000 0.0016330000 0.0411000000
v -0.0103000000 0.0016407563 0.0411985537
v -0.0103000000 0.0016638344 0.0412946807
v -0.0103000000 0.0017016659 0.0413860140
v -0.0103000000 0.0017533193 0.0414703047
v -0.0103000000 0.0018175227 0.0415454773
v -0.0103000000 0.0018926953 0.0416096807
v -0.0103000000 0.0019769860 0.0416613341
v -0.0103000000 0.0020683193 0.0416991656
v -0.0103000000 0.0021644463 0.0417222437
v -0.0103000000 0.0022630000 0.0417300000
v -0.0103000000 0.0023615537 0.0417222437
v -0.0103000000 0.0024576807 0.0416991656
v -0.0103000000 0.0025490140 0.0416613341
v -0.0103000000 0.0026333047 0.0416096807
v -0.0103000000 0.0027084773 0.0415454773
v -0.0103000000 0.0027726807 0.0414703047
v -0.0103000000 0.0028243341 0.0413860140
v -0.0103000000 0.0028621656 0.0412946807
v -0.0103000000 0.0028852437 0.0411985537
v -0.0103000000 0.0028930000 0.0411000000
v -0.0103000000 0.0028852437 0.0410014463
v -0.0103000000 0.0028621656 0.0409053193
v -0.0103000000 0.0028243341 0.0408139860
v -0.0103000000 0.0027726807 0.0407296953
v -0.0103000000 0.0027084773 0.0406545227
v -0.0103000000 0.0026333047 0.0405903193
v -0.0103000000 0.0025490140 0.0405386659
v -0.0103000000 0.0024576807 0.0405008344
v -0.0103000000 0.0023615537 0.0404777563
v -0.0103000000 0.0022630000 0.0404700000
v -0.0103000000 0.0021644463 0.0404777563
v -0.0103000000 0.0020683193 0.0405008344
v -0.0103000000 0.0019769860 0.0405386659
v -0.0103000000 0.0018926953 0.0405903193
v -0.0103000000 0.0018175227 0.0406545227
v -0.0103000000 0.0017533193 0.0407296953
v -0.0103000000 0.0017016659 0.0408139860
v -0.0103000000 0.0016638344 0.0409053193
v -0.0103000000 0.0016407563 0.0410014463
v -0.0103000000 0.0022630000 0.0411000000
vn 1.00000000 0.00000000 0.00000000
vn 1.00000000 0.00000000 0.00000000
vn 1.00000000 0.00000000 0.00000000
vn 1.00000000 0.00000000 0.00000000
vn 1.00000000 0.00000000 0.00000000
vn 1.00000000 0.00000000 0.00000000
vn 1.00000000 0.00000000 0.00000000
vn 1.00000000 0.00000000 0.00000000
vn 1.00000000 0.00000000 0.00000000
vn 1.00000000 0.00000000 0.00000000
vn 1.00000000 0.00000000 0.00000000
vn 1.00000000 0.00000000 0.00000000
vn 1.00000000 0.00000000 0.00000000
vn 1.00000000 0.00000000 0.00000000
vn 1.00000000 0.00000000 0.00000000
vn 1.00000000 0.00000000 0.00000000
vn 1.00000000 0.00000000 0.00000000
vn 1.00000000 0.00000000 0.00000000
vn 1.00000000 0.00000000 0.00000000
vn 1.00000000 0.00000000 0.00000000
vn 1.00000000 0.00000000 0.00000000
vn 1.00000000 0.00000000 0.00000000
vn 1.00000000 0.00000000 0.00000000
vn 1.00000000 0.00000000 0.00000000
vn 1.00000000 0.00000000 0.00000000
vn 1.00000000 0.00000000 0.00000000
vn 1.00000000 0.00000000 0.00000000
vn 1.00000000 0.00000000 0.00000000
vn 1.00000000 0.00000000 0.00000000
vn 1.00000000 0.00000000 0.00000000
vn 1.00000000 0.00000000 0.00000000
vn 1.00000000 0.00000000 0.00000000
vn 1.00000000 0.00000000 0.00000000
vn 1.00000000 0.00000000 0.00000000
vn 1.00000000 0.00000000 0.00000000
vn 1.00000000 0.00000000 0.00000000
vn 1.00000000 0.00000000 0.00000000
vn 1.00000000 0.00000000 0.00000000
vn 1.00000000 0.00000000 0.00000000
vn 1.00000000 0.00000000 0.00000000
vn 1.00000000 0.00000000 0.00000000
vn 0.00000000 -1.00000000 -0.00000000
vn 0.00000000 -0.98768834 0.15643447
vn 0.00000000 -0.95105652 0.30901699
vn 0.00000000 -0.89100652 0.45399050
vn 0.00000000 -0.80901699 0.58778525
vn 0.00000000 -0.70710678 0.70710678
vn 0.00000000 -0.58778525 0.80901699
vn 0.00000000 -0.45399050 0.89100652
vn 0.00000000 -0.30901699 0.95105652
vn 0.00000000 -0.15643447 0.98768834
vn 0.00000000 -0.00000000 1.00000000
vn 0.00000000 0.15643447 0.98768834
vn 0.00000000 0.30901699 0.95105652
vn 0.00000000 0.45399050 0.89100652
vn 0.00000000 0.58778525 0.80901699
vn 0.00000000 0.70710678 0.70710678
vn 0.00000000 0.80901699 0.58778525
vn 0.00000000 0.89100652 0.45399050
vn 0.00000000 0.95105652 0.30901699
vn 0.00000000 0.98768834 0.15643447
vn 0.00000000 1.00000000 0.00000000
vn 0.00000000 0.98768834 -0.15643447
vn 0.00000000 0.95105652 -0.30901699
vn 0.00000000 0.89100652 -0.45399050
vn 0.00000000 0.80901699 -0.58778525
vn 0.00000000 0.70710678 -0.70710678
vn 0.00000000 0.58778525 -0.80901699
vn 0.00000000 0.45399050 -0.89100652
vn 0.00000000 0.30901699 -0.95105652
vn 0.00000000 0.15643447 -0.98768834
vn 0.00000000 0.00000000 -1.00000000
vn 0.00000000 -0.15643447 -0.98768834
vn 0.00000000 -0.30901699 -0.95105652
vn 0.00000000 -0.45399050 -0.89100652
vn 0.00000000 -0.58778525 -0.80901699
vn 0.00000000 -0.70710678 -0.70710678
vn 0.00000000 -0.80901699 -0.58778525
vn 0.00000000 -0.89100652 -0.45399050
vn 0.00000000 -0.95105652 -0.30901699
vn 0.00000000 -0.98768834 -0.15643447
vn 0.00000000 -1.00000000 -0.00000000
vn 0.00000000 -0.98768834 0.15643447
vn 0.00000000 -0.95105652 0.30901699
vn 0.00000000 -0.89100652 0.45399050
vn 0.00000000 -0.80901699 0.58778525
vn 0.00000000 -0.70710678 0.70710678
vn 0.00000000 -0.58778525 0.80901699
vn 0.00000000 -0.45399050 0.89100652
vn 0.00000000 -0.30901699 0.95105652
vn 0.00000000 -0.15643447 0.98768834
vn 0.00000000 -0.00000000 1.00000000
vn 0.00000000 0.15643447 0.98768834
vn 0.00000000 0.30901699 0.95105652
vn 0.00000000 0.45399050 0.89100652
vn 0.00000000 0.58778525 0.80901699
vn 0.00000000 0.70710678 0.70710678
vn 0.00000000 0.80901699 0.58778525
vn 0.00000000 0.89100652 0.45399050
vn 0.00000000 0.95105652 0.30901699
vn 0.00000000 0.98768834 0.15643447
vn 0.00000000 1.00000000 0.00000000
vn 0.00000000 0.98768834 -0.15643447
vn 0.00000000 0.95105652 -0.30901699
vn 0.00000000 0.89100652 -0.45399050
vn 0.00000000 0.80901699 -0.58778525
vn 0.00000000 0.70710678 -0.70710678
vn 0.00000000 0.58778525 -0.80901699
vn 0.00000000 0.45399050 -0.89100652
vn 0.00000000 0.30901699 -0.95105652
vn 0.00000000 0.15643447 -0.98768834
vn 0.00000000 0.00000000 -1.00000000
vn 0.00000000 -0.15643447 -0.98768834
vn 0.00000000 -0.30901699 -0.95105652
vn 0.00000000 -0.45399050 -0.89100652
vn 0.00000000 -0.58778525 -0.80901699
vn 0.00000000 -0.70710678 -0.70710678
vn 0.00000000 -0.80901699 -0.58778525
vn 0.00000000 -0.89100652 -0.45399050
vn 0.00000000 -0.95105652 -0.30901699
vn 0.00000000 -0.98768834 -0.15643447
vn -1.00000000 0.00000000 0.00000000
vn -1.00000000 0.00000000 0.00000000
vn -1.00000000 0.00000000 0.00000000
vn -1.00000000 0.00000000 0.00000000
vn -1.00000000 0.00000000 0.00000000
vn -1.00000000 0.00000000 0.00000000
vn -1.00000000 0.00000000 0.00000000
vn -1.00000000 0.00000000 0.00000000
vn -1.00000000 0.00000000 0.00000000
vn -1.00000000 0.00000000 0.00000000
vn -1.00000000 0.00000000 0.00000000
vn -1.00000000 0.00000000 0.00000000
vn -1.00000000 0.00000000 0.00000000
vn -1.00000000 0.00000000 0.00000000
vn -1.00000000 0.00000000 0.00000000
vn -1.00000000 0.00000000 0.00000000
vn -1.00000000 0.00000000 0.00000000
vn -1.00000000 0.00000000 0.00000000
vn -1.00000000 0.00000000 0.00000000
vn -1.00000000 0.00000000 0.00000000
vn -1.00000000 0.00000000 0.00000000
vn -1.00000000 0.00000000 0.00000000
vn -1.00000000 0.00000000 0.00000000
vn -1.00000000 0.00000000 0.00000000
vn -1.00000000 0.00000000 0.00000000
vn -1.00000000 0.00000000 0.00000000
vn -1.00000000 0.00000000 0.00000000
vn -1.00000000 0.00000000 0.00000000
vn -1.00000000 0.00000000 0.00000000
vn -1.00000000 0.00000000 0.00000000
vn -1.00000000 0.00000000 0.00000000
vn -1.00000000 0.00000000 0.00000000
vn -1.00000000 0.00000000 0.00000000
vn -1.00000000 0.00000000 0.00000000
vn -1.00000000 0.00000000 0.00000000
vn -1.00000000 0.00000000 0.00000000
vn -1.00000000 0.00000000 0.00000000
vn -1.00000000 0.00000000 0.00000000
vn -1.00000000 0.00000000 0.00000000
vn -1.00000000 0.00000000 0.00000000
vn -1.00000000 0.00000000 0.00000000
f 489//489 488//488 487//487
f 511//511 510//510 487//487
f 512//512 511//511 487//487
f 513//513 512//512 487//487
f 514//514 513//513 487//487
f 515//515 514//514 487//487
f 516//516 515//515 487//487
f 517//517 516//516 487//487
f 518//518 517//517 487//487
f 519//519 518//518 487//487
f 520//520 519//519 487//487
f 521//521 520//520 487//487
f 522//522 521//521 487//487
f 523//523 522//522 487//487
f 524//524 523//523 487//487
f 525//525 524//524 487//487
f 526//526 525//525 487//487
f 527//527 526//526 487//487
f 510//510 509//509 487//487
f 509//509 508//508 487//487
f 488//488 527//527 487//487
f 507//507 506//506 487//487
f 508//508 507//507 487//487
f 490//490 489//489 487//487
f 491//491 490//490 487//487
f 492//492 491//491 487//487
f 493//493 492//492 487//487
f 495//495 494//494 487//487
f 496//496 495//495 487//487
f 497//497 496//496 487//487
f 494//494 493//493 487//487
f 499//499 498//498 487//487
f 500//500 499//499 487//487
f 501//501 500//500 487//487
f 506//506 505//505 487//487
f 502//502 501//501 487//487
f 503//503 502//502 487//487
f 504//504 503//503 487//487
f 505//505 504//504 487//487
f 498//498 497//497 487//487
f 555//555 595//595 554//554
f 596//596 595//595 555//555
f 598//598 597//597 557//557
f 597//597 596//596 556//556
f 557//557 597//597 556//556
f 595//595 594//594 554//554
f 556//556 596//596 555//555
f 554//554 594//594 553//553
f 590//590 589//589 549//549
f 553//553 593//593 552//552
f 593//593 592//592 552//552
f 552//552 592//592 551//551
f 592//592 591//591 551//551
f 551//551 591//591 550//550
f 591//591 590//590 550//550
f 550//550 590//590 549//549
f 558//558 598//598 557//557
f 594//594 593//593 553//553
f 599//599 598//598 558//558
f 563//563 603//603 562//562
f 600//600 599//599 559//559
f 549//549 589//589 548//548
f 528//528 568//568 567//567
f 568//568 607//607 567//567
f 567//567 607//607 566//566
f 607//607 606//606 566//566
f 566//566 606//606 565//565
f 606//606 605//605 565//565
f 565//565 605//605 564//564
f 605//605 604//604 564//564
f 564//564 604//604 563//563
f 604//604 603//603 563//563
f 603//603 602//602 562//562
f 562//562 602//602 561//561
f 602//602 601//601 561//561
f 561//561 601//601 560//560
f 601//601 600//600 560//560
f 560//560 600//600 559//559
f 559//559 599//599 558//558
f 589//589 588//588 548//548
f 548//548 588//588 547//547
f 588//588 587//587 547//547
f 577//577 576//576 536//536
f 536//536 576//576 535//535
f 576//576 575//575 535//535
f 535//535 575//575 534//534
f 575//575 574//574 534//534
f 534//534 574//574 533//533
f 533//533 573//573 532//532
f 537//537 577//577 536//536
f 573//573 572//572 532//532
f 572//572 571//571 531//531
f 531//531 571//571 530//530
f 571//571 570//570 530//530
f 530//530 570//570 529//529
f 570//570 569//569 529//529
f 529//529 569//569 528//528
f 569//569 568//568 528//528
f 532//532 572//572 531//531
f 578//578 577//577 537//537
f 574//574 573//573 533//533
f 579//579 578//578 538//538
f 538//538 578//578 537//537
f 587//587 586//586 546//546
f 546//546 586//586 545//545
f 586//586 585//585 545//545
f 545//545 585//585 544//544
f 585//585 584//584 544//544
f 544//544 584//584 543//543
f 584//584 583//583 543//543
f 543//543 583//583 542//542
f 547//547 587//587 546//546
f 542//542 582//582 541//541
f 582//582 581//581 541//541
f 541//541 581//581 540//540
f 581//581 580//580 540//540
f 540//540 580//580 539//539
f 580//580 579//579 539//539
f 539//539 579//579 538//538
f 583//583 582//582 542//542
f 629//629 648//648 628//628
f 635//635 648//648 634//634
f 634//634 648//648 633//633
f 630//630 648//648 629//629
f 632//632 648//648 631//631
f 631//631 648//648 630//630
f 636//636 648//648 635//635
f 633//633 648//648 632//632
f 637//637 648//648 636//636
f 641//641 648//648 640//640
f 639//639 648//648 638//638
f 640//640 648//648 639//639
f 642//642 648//648 641//641
f 643//643 648//648 642//642
f 644//644 648//648 643//643
f 645//645 648//648 644//644
f 646//646 648//648 645//645
f 638//638 648//648 637//637
f 628//628 648//648 627//627
f 609//609 648//648 608//608
f 626//626 648//648 625//625
f 647//647 648//648 646//646
f 610//610 648//648 609//609
f 611//611 648//648 610//610
f 612//612 648//648 611//611
f 613//613 648//648 612//612
f 614//614 648//648 613//613
f 615//615 648//648 614//614
f 616//616 648//648 615//615
f 617//617 648//648 616//616
f 618//618 648//648 617//617
f 619//619 648//648 618//618
f 620//620 648//648 619//619
f 621//621 648//648 620//620
f 622//622 648//648 621//621
f 623//623 648//648 622//622
f 624//624 648//648 623//623
f 625//625 648//648 624//624
f 627//627 648//648 626//626
f 608//608 648//648 647//647
o go2_contact_4_rim
v -0.0102200000 0.0011315000 0.0391401845
v -0.0102200000 0.0005015000 0.0391401845
v -0.0102200000 0.0005092563 0.0392387382
v -0.0102200000 0.0005323344 0.0393348652
v -0.0102200000 0.0005701659 0.0394261985
v -0.0102200000 0.0006218193 0.0395104892
v -0.0102200000 0.0006860227 0.0395856618
v -0.0102200000 0.0007611953 0.0396498652
v -0.0102200000 0.0008454860 0.0397015186
v -0.0102200000 0.0009368193 0.0397393501
v -0.0102200000 0.0010329463 0.0397624282
v -0.0102200000 0.0011315000 0.0397701845
v -0.0102200000 0.0012300537 0.0397624282
v -0.0102200000 0.0013261807 0.0397393501
v -0.0102200000 0.0014175140 0.0397015186
v -0.0102200000 0.0015018047 0.0396498652
v -0.0102200000 0.0015769773 0.0395856618
v -0.0102200000 0.0016411807 0.0395104892
v -0.0102200000 0.0016928341 0.0394261985
v -0.0102200000 0.0017306656 0.0393348652
v -0.0102200000 0.0017537437 0.0392387382
v -0.0102200000 0.0017615000 0.0391401845
v -0.0102200000 0.0017537437 0.0390416308
v -0.0102200000 0.0017306656 0.0389455038
v -0.0102200000 0.0016928341 0.0388541705
v -0.0102200000 0.0016411807 0.0387698798
v -0.0102200000 0.0015769773 0.0386947072
v -0.0102200000 0.0015018047 0.0386305038
v -0.0102200000 0.0014175140 0.0385788504
v -0.0102200000 0.0013261807 0.0385410189
v -0.0102200000 0.0012300537 0.0385179409
v -0.0102200000 0.0011315000 0.0385101845
v -0.0102200000 0.0010329463 0.0385179409
v -0.0102200000 0.0009368193 0.0385410189
v -0.0102200000 0.0008454860 0.0385788504
v -0.0102200000 0.0007611953 0.0386305038
v -0.0102200000 0.0006860227 0.0386947072
v -0.0102200000 0.0006218193 0.0387698798
v -0.0102200000 0.0005701659 0.0388541705
v -0.0102200000 0.0005323344 0.0389455038
v -0.0102200000 0.0005092563 0.0390416308
v -0.0102200000 0.0005015000 0.0391401845
v -0.0102200000 0.0005092563 0.0392387382
v -0.0102200000 0.0005323344 0.0393348652
v -0.0102200000 0.0005701659 0.0394261985
v -0.0102200000 0.0006218193 0.0395104892
v -0.0102200000 0.0006860227 0.0395856618
v -0.0102200000 0.0007611953 0.0396498652
v -0.0102200000 0.0008454860 0.0397015186
v -0.0102200000 0.0009368193 0.0397393501
v -0.0102200000 0.0010329463 0.0397624282
v -0.0102200000 0.0011315000 0.0397701845
v -0.0102200000 0.0012300537 0.0397624282
v -0.0102200000 0.0013261807 0.0397393501
v -0.0102200000 0.0014175140 0.0397015186
v -0.0102200000 0.0015018047 0.0396498652
v -0.0102200000 0.0015769773 0.0395856618
v -0.0102200000 0.0016411807 0.0395104892
v -0.0102200000 0.0016928341 0.0394261985
v -0.0102200000 0.0017306656 0.0393348652
v -0.0102200000 0.0017537437 0.0392387382
v -0.0102200000 0.0017615000 0.0391401845
v -0.0102200000 0.0017537437 0.0390416308
v -0.0102200000 0.0017306656 0.0389455038
v -0.0102200000 0.0016928341 0.0388541705
v -0.0102200000 0.0016411807 0.0387698798
v -0.0102200000 0.0015769773 0.0386947072
v -0.0102200000 0.0015018047 0.0386305038
v -0.0102200000 0.0014175140 0.0385788504
v -0.0102200000 0.0013261807 0.0385410189
v -0.0102200000 0.0012300537 0.0385179409
v -0.0102200000 0.0011315000 0.0385101845
v -0.0102200000 0.0010329463 0.0385179409
v -0.0102200000 0.0009368193 0.0385410189
v -0.0102200000 0.0008454860 0.0385788504
v -0.0102200000 0.0007611953 0.0386305038
v -0.0102200000 0.0006860227 0.0386947072
v -0.0102200000 0.0006218193 0.0387698798
v -0.0102200000 0.0005701659 0.0388541705
v -0.0102200000 0.0005323344 0.0389455038
v -0.0102200000 0.0005092563 0.0390416308
v -0.0103000000 0.0005015000 0.0391401845
v -0.0103000000 0.0005092563 0.0392387382
v -0.0103000000 0.0005323344 0.0393348652
v -0.0103000000 0.0005701659 0.0394261985
v -0.0103000000 0.0006218193 0.0395104892
v -0.0103000000 0.0006860227 0.0395856618
v -0.0103000000 0.0007611953 0.0396498652
v -0.0103000000 0.0008454860 0.0397015186
v -0.0103000000 0.0009368193 0.0397393501
v -0.0103000000 0.0010329463 0.0397624282
v -0.0103000000 0.0011315000 0.0397701845
v -0.0103000000 0.0012300537 0.0397624282
v -0.0103000000 0.0013261807 0.0397393501
v -0.0103000000 0.0014175140 0.0397015186
v -0.0103000000 0.0015018047 0.0396498652
v -0.0103000000 0.0015769773 0.0395856618
v -0.0103000000 0.0016411807 0.0395104892
v -0.0103000000 0.0016928341 0.0394261985
v -0.0103000000 0.0017306656 0.0393348652
v -0.0103000000 0.0017537437 0.0392387382
v -0.0103000000 0.0017615000 0.0391401845
v -0.0103000000 0.0017537437 0.0390416308
v -0.0103000000 0.0017306656 0.0389455038
v -0.0103000000 0.0016928341 0.0388541705
v -0.0103000000 0.0016411807 0.0387698798
v -0.0103000000 0.0015769773 0.0386947072
v -0.0103000000 0.0015018047 0.0386305038
v -0.0103000000 0.0014175140 0.0385788504
v -0.0103000000 0.0013261807 0.0385410189
v -0.0103000000 0.0012300537 0.0385179409
v -0.0103000000 0.0011315000 0.0385101845
v -0.0103000000 0.0010329463 0.0385179409
v -0.0103000000 0.0009368193 0.0385410189
v -0.0103000000 0.0008454860 0.0385788504
v -0.0103000000 0.0007611953 0.0386305038
v -0.0103000000 0.0006860227 0.0386947072
v -0.0103000000 0.0006218193 0.0387698798
v -0.0103000000 0.0005701659 0.0388541705
v -0.0103000000 0.0005323344 0.0389455038
v -0.0103000000 0.0005092563 0.0390416308
v -0.0103000000 0.0005015000 0.0391401845
v -0.0103000000 0.0005092563 0.0392387382
v -0.0103000000 0.0005323344 0.0393348652
v -0.0103000000 0.0005701659 0.0394261985
v -0.0103000000 0.0006218193 0.0395104892
v -0.0103000000 0.0006860227 0.0395856618
v -0.0103000000 0.0007611953 0.0396498652
v -0.0103000000 0.0008454860 0.0397015186
v -0.0103000000 0.0009368193 0.0397393501
v -0.0103000000 0.0010329463 0.0397624282
v -0.0103000000 0.0011315000 0.0397701845
v -0.0103000000 0.0012300537 0.0397624282
v -0.0103000000 0.0013261807 0.0397393501
v -0.0103000000 0.0014175140 0.0397015186
v -0.0103000000 0.0015018047 0.0396498652
v -0.0103000000 0.0015769773 0.0395856618
v -0.0103000000 0.0016411807 0.0395104892
v -0.0103000000 0.0016928341 0.0394261985
v -0.0103000000 0.0017306656 0.0393348652
v -0.0103000000 0.0017537437 0.0392387382
v -0.0103000000 0.0017615000 0.0391401845
v -0.0103000000 0.0017537437 0.0390416308
v -0.0103000000 0.0017306656 0.0389455038
v -0.0103000000 0.0016928341 0.0388541705
v -0.0103000000 0.0016411807 0.0387698798
v -0.0103000000 0.0015769773 0.0386947072
v -0.0103000000 0.0015018047 0.0386305038
v -0.0103000000 0.0014175140 0.0385788504
v -0.0103000000 0.0013261807 0.0385410189
v -0.0103000000 0.0012300537 0.0385179409
v -0.0103000000 0.0011315000 0.0385101845
v -0.0103000000 0.0010329463 0.0385179409
v -0.0103000000 0.0009368193 0.0385410189
v -0.0103000000 0.0008454860 0.0385788504
v -0.0103000000 0.0007611953 0.0386305038
v -0.0103000000 0.0006860227 0.0386947072
v -0.0103000000 0.0006218193 0.0387698798
v -0.0103000000 0.0005701659 0.0388541705
v -0.0103000000 0.0005323344 0.0389455038
v -0.0103000000 0.0005092563 0.0390416308
v -0.0103000000 0.0011315000 0.0391401845
vn 1.00000000 0.00000000 0.00000000
vn 1.00000000 0.00000000 0.00000000
vn 1.00000000 0.00000000 0.00000000
vn 1.00000000 0.00000000 0.00000000
vn 1.00000000 0.00000000 0.00000000
vn 1.00000000 0.00000000 0.00000000
vn 1.00000000 0.00000000 0.00000000
vn 1.00000000 0.00000000 0.00000000
vn 1.00000000 0.00000000 0.00000000
vn 1.00000000 0.00000000 0.00000000
vn 1.00000000 0.00000000 0.00000000
vn 1.00000000 0.00000000 0.00000000
vn 1.00000000 0.00000000 0.00000000
vn 1.00000000 0.00000000 0.00000000
vn 1.00000000 0.00000000 0.00000000
vn 1.00000000 0.00000000 0.00000000
vn 1.00000000 0.00000000 0.00000000
vn 1.00000000 0.00000000 0.00000000
vn 1.00000000 0.00000000 0.00000000
vn 1.00000000 0.00000000 0.00000000
vn 1.00000000 0.00000000 0.00000000
vn 1.00000000 0.00000000 0.00000000
vn 1.00000000 0.00000000 0.00000000
vn 1.00000000 0.00000000 0.00000000
vn 1.00000000 0.00000000 0.00000000
vn 1.00000000 0.00000000 0.00000000
vn 1.00000000 0.00000000 0.00000000
vn 1.00000000 0.00000000 0.00000000
vn 1.00000000 0.00000000 0.00000000
vn 1.00000000 0.00000000 0.00000000
vn 1.00000000 0.00000000 0.00000000
vn 1.00000000 0.00000000 0.00000000
vn 1.00000000 0.00000000 0.00000000
vn 1.00000000 0.00000000 0.00000000
vn 1.00000000 0.00000000 0.00000000
vn 1.00000000 0.00000000 0.00000000
vn 1.00000000 0.00000000 0.00000000
vn 1.00000000 0.00000000 0.00000000
vn 1.00000000 0.00000000 0.00000000
vn 1.00000000 0.00000000 0.00000000
vn 1.00000000 0.00000000 0.00000000
vn 0.00000000 -1.00000000 -0.00000000
vn 0.00000000 -0.98768834 0.15643447
vn 0.00000000 -0.95105652 0.30901699
vn 0.00000000 -0.89100652 0.45399050
vn 0.00000000 -0.80901699 0.58778525
vn 0.00000000 -0.70710678 0.70710678
vn 0.00000000 -0.58778525 0.80901699
vn 0.00000000 -0.45399050 0.89100652
vn 0.00000000 -0.30901699 0.95105652
vn 0.00000000 -0.15643447 0.98768834
vn 0.00000000 -0.00000000 1.00000000
vn 0.00000000 0.15643447 0.98768834
vn 0.00000000 0.30901699 0.95105652
vn 0.00000000 0.45399050 0.89100652
vn 0.00000000 0.58778525 0.80901699
vn 0.00000000 0.70710678 0.70710678
vn 0.00000000 0.80901699 0.58778525
vn 0.00000000 0.89100652 0.45399050
vn 0.00000000 0.95105652 0.30901699
vn 0.00000000 0.98768834 0.15643447
vn 0.00000000 1.00000000 0.00000000
vn 0.00000000 0.98768834 -0.15643447
vn 0.00000000 0.95105652 -0.30901699
vn 0.00000000 0.89100652 -0.45399050
vn 0.00000000 0.80901699 -0.58778525
vn 0.00000000 0.70710678 -0.70710678
vn 0.00000000 0.58778525 -0.80901699
vn 0.00000000 0.45399050 -0.89100652
vn 0.00000000 0.30901699 -0.95105652
vn 0.00000000 0.15643447 -0.98768834
vn 0.00000000 0.00000000 -1.00000000
vn 0.00000000 -0.15643447 -0.98768834
vn 0.00000000 -0.30901699 -0.95105652
vn 0.00000000 -0.45399050 -0.89100652
vn 0.00000000 -0.58778525 -0.80901699
vn 0.00000000 -0.70710678 -0.70710678
vn 0.00000000 -0.80901699 -0.58778525
vn 0.00000000 -0.89100652 -0.45399050
vn 0.00000000 -0.95105652 -0.30901699
vn 0.00000000 -0.98768834 -0.15643447
vn 0.00000000 -1.00000000 -0.00000000
vn 0.00000000 -0.98768834 0.15643447
vn 0.00000000 -0.95105652 0.30901699
vn 0.00000000 -0.89100652 0.45399050
vn 0.00000000 -0.80901699 0.58778525
vn 0.00000000 -0.70710678 0.70710678
vn 0.00000000 -0.58778525 0.80901699
vn 0.00000000 -0.45399050 0.89100652
vn 0.00000000 -0.30901699 0.95105652
vn 0.00000000 -0.15643447 0.98768834
vn 0.00000000 0.00000000 1.00000000
vn 0.00000000 0.15643447 0.98768834
vn 0.00000000 0.30901699 0.95105652
vn 0.00000000 0.45399050 0.89100652
vn 0.00000000 0.58778525 0.80901699
vn 0.00000000 0.70710678 0.70710678
vn 0.00000000 0.80901699 0.58778525
vn 0.00000000 0.89100652 0.45399050
vn 0.00000000 0.95105652 0.30901699
vn 0.00000000 0.98768834 0.15643447
vn 0.00000000 1.00000000 0.00000000
vn 0.00000000 0.98768834 -0.15643447
vn 0.00000000 0.95105652 -0.30901699
vn 0.00000000 0.89100652 -0.45399050
vn 0.00000000 0.80901699 -0.58778525
vn 0.00000000 0.70710678 -0.70710678
vn 0.00000000 0.58778525 -0.80901699
vn 0.00000000 0.45399050 -0.89100652
vn 0.00000000 0.30901699 -0.95105652
vn 0.00000000 0.15643447 -0.98768834
vn 0.00000000 0.00000000 -1.00000000
vn 0.00000000 -0.15643447 -0.98768834
vn 0.00000000 -0.30901699 -0.95105652
vn 0.00000000 -0.45399050 -0.89100652
vn 0.00000000 -0.58778525 -0.80901699
vn 0.00000000 -0.70710678 -0.70710678
vn 0.00000000 -0.80901699 -0.58778525
vn 0.00000000 -0.89100652 -0.45399050
vn 0.00000000 -0.95105652 -0.30901699
vn 0.00000000 -0.98768834 -0.15643447
vn -1.00000000 0.00000000 0.00000000
vn -1.00000000 0.00000000 0.00000000
vn -1.00000000 0.00000000 0.00000000
vn -1.00000000 0.00000000 0.00000000
vn -1.00000000 0.00000000 0.00000000
vn -1.00000000 0.00000000 0.00000000
vn -1.00000000 0.00000000 0.00000000
vn -1.00000000 0.00000000 0.00000000
vn -1.00000000 0.00000000 0.00000000
vn -1.00000000 0.00000000 0.00000000
vn -1.00000000 0.00000000 0.00000000
vn -1.00000000 0.00000000 0.00000000
vn -1.00000000 0.00000000 0.00000000
vn -1.00000000 0.00000000 0.00000000
vn -1.00000000 0.00000000 0.00000000
vn -1.00000000 0.00000000 0.00000000
vn -1.00000000 0.00000000 0.00000000
vn -1.00000000 0.00000000 0.00000000
vn -1.00000000 0.00000000 0.00000000
vn -1.00000000 0.00000000 0.00000000
vn -1.00000000 0.00000000 0.00000000
vn -1.00000000 0.00000000 0.00000000
vn -1.00000000 0.00000000 0.00000000
vn -1.00000000 0.00000000 0.00000000
vn -1.00000000 0.00000000 0.00000000
vn -1.00000000 0.00000000 0.00000000
vn -1.00000000 0.00000000 0.00000000
vn -1.00000000 0.00000000 0.00000000
vn -1.00000000 0.00000000 0.00000000
vn -1.00000000 0.00000000 0.00000000
vn -1.00000000 0.00000000 0.00000000
vn -1.00000000 0.00000000 0.00000000
vn -1.00000000 0.00000000 0.00000000
vn -1.00000000 0.00000000 0.00000000
vn -1.00000000 0.00000000 0.00000000
vn -1.00000000 0.00000000 0.00000000
vn -1.00000000 0.00000000 0.00000000
vn -1.00000000 0.00000000 0.00000000
vn -1.00000000 0.00000000 0.00000000
vn -1.00000000 0.00000000 0.00000000
vn -1.00000000 0.00000000 0.00000000
f 651//651 650//650 649//649
f 673//673 672//672 649//649
f 674//674 673//673 649//649
f 675//675 674//674 649//649
f 676//676 675//675 649//649
f 677//677 676//676 649//649
f 678//678 677//677 649//649
f 679//679 678//678 649//649
f 680//680 679//679 649//649
f 681//681 680//680 649//649
f 682//682 681//681 649//649
f 683//683 682//682 649//649
f 684//684 683//683 649//649
f 685//685 684//684 649//649
f 686//686 685//685 649//649
f 687//687 686//686 649//649
f 688//688 687//687 649//649
f 689//689 688//688 649//649
f 672//672 671//671 649//649
f 671//671 670//670 649//649
f 650//650 689//689 649//649
f 669//669 668//668 649//649
f 670//670 669//669 649//649
f 652//652 651//651 649//649
f 653//653 652//652 649//649
f 654//654 653//653 649//649
f 655//655 654//654 649//649
f 657//657 656//656 649//649
f 658//658 657//657 649//649
f 659//659 658//658 649//649
f 656//656 655//655 649//649
f 661//661 660//660 649//649
f 662//662 661//661 649//649
f 663//663 662//662 649//649
f 668//668 667//667 649//649
f 664//664 663//663 649//649
f 665//665 664//664 649//649
f 666//666 665//665 649//649
f 667//667 666//666 649//649
f 660//660 659//659 649//649
f 717//717 757//757 716//716
f 758//758 757//757 717//717
f 760//760 759//759 719//719
f 759//759 758//758 718//718
f 719//719 759//759 718//718
f 757//757 756//756 716//716
f 718//718 758//758 717//717
f 716//716 756//756 715//715
f 752//752 751//751 711//711
f 715//715 755//755 714//714
f 755//755 754//754 714//714
f 714//714 754//754 713//713
f 754//754 753//753 713//713
f 713//713 753//753 712//712
f 753//753 752//752 712//712
f 712//712 752//752 711//711
f 720//720 760//760 719//719
f 756//756 755//755 715//715
f 761//761 760//760 720//720
f 725//725 765//765 724//724
f 762//762 761//761 721//721
f 711//711 751//751 710//710
f 690//690 730//730 729//729
f 730//730 769//769 729//729
f 729//729 769//769 728//728
f 769//769 768//768 728//728
f 728//728 768//768 727//727
f 768//768 767//767 727//727
f 727//727 767//767 726//726
f 767//767 766//766 726//726
f 726//726 766//766 725//725
f 766//766 765//765 725//725
f 765//765 764//764 724//724
f 724//724 764//764 723//723
f 764//764 763//763 723//723
f 723//723 763//763 722//722
f 763//763 762//762 722//722
f 722//722 762//762 721//721
f 721//721 761//761 720//720
f 751//751 750//750 710//710
f 710//710 750//750 709//709
f 750//750 749//749 709//709
f 739//739 738//738 698//698
f 698//698 738//738 697//697
f 738//738 737//737 697//697
f 697//697 737//737 696//696
f 737//737 736//736 696//696
f 696//696 736//736 695//695
f 695//695 735//735 694//694
f 699//699 739//739 698//698
f 735//735 734//734 694//694
f 734//734 733//733 693//693
f 693//693 733//733 692//692
f 733//733 732//732 692//692
f 692//692 732//732 691//691
f 732//732 731//731 691//691
f 691//691 731//731 690//690
f 731//731 730//730 690//690
f 694//694 734//734 693//693
f 740//740 739//739 699//699
f 736//736 735//735 695//695
f 741//741 740//740 700//700
f 700//700 740//740 699//699
f 749//749 748//748 708//708
f 708//708 748//748 707//707
f 748//748 747//747 707//707
f 707//707 747//747 706//706
f 747//747 746//746 706//706
f 706//706 746//746 705//705
f 746//746 745//745 705//705
f 705//705 745//745 704//704
f 709//709 749//749 708//708
f 704//704 744//744 703//703
f 744//744 743//743 703//703
f 703//703 743//743 702//702
f 743//743 742//742 702//702
f 702//702 742//742 701//701
f 742//742 741//741 701//701
f 701//701 741//741 700//700
f 745//745 744//744 704//704
f 791//791 810//810 790//790
f 797//797 810//810 796//796
f 796//796 810//810 795//795
f 792//792 810//810 791//791
f 794//794 810//810 793//793
f 793//793 810//810 792//792
f 798//798 810//810 797//797
f 795//795 810//810 794//794
f 799//799 810//810 798//798
f 803//803 810//810 802//802
f 801//801 810//810 800//800
f 802//802 810//810 801//801
f 804//804 810//810 803//803
f 805//805 810//810 804//804
f 806//806 810//810 805//805
f 807//807 810//810 806//806
f 808//808 810//810 807//807
f 800//800 810//810 799//799
f 790//790 810//810 789//789
f 771//771 810//810 770//770
f 788//788 810//810 787//787
f 809//809 810//810 808//808
f 772//772 810//810 771//771
f 773//773 810//810 772//772
f 774//774 810//810 773//773
f 775//775 810//810 774//774
f 776//776 810//810 775//775
f 777//777 810//810 776//776
f 778//778 810//810 777//777
f 779//779 810//810 778//778
f 780//780 810//810 779//779
f 781//781 810//810 780//780
f 782//782 810//810 781//781
f 783//783 810//810 782//782
f 784//784 810//810 783//783
f 785//785 810//810 784//784
f 786//786 810//810 785//785
f 787//787 810//810 786//786
f 789//789 810//810 788//788
f 770//770 810//810 809//809
o go2_contact_5_rim
v -0.0102200000 -0.0011315000 0.0391401845
v -0.0102200000 -0.0017615000 0.0391401845
v -0.0102200000 -0.0017537437 0.0392387382
v -0.0102200000 -0.0017306656 0.0393348652
v -0.0102200000 -0.0016928341 0.0394261985
v -0.0102200000 -0.0016411807 0.0395104892
v -0.0102200000 -0.0015769773 0.0395856618
v -0.0102200000 -0.0015018047 0.0396498652
v -0.0102200000 -0.0014175140 0.0397015186
v -0.0102200000 -0.0013261807 0.0397393501
v -0.0102200000 -0.0012300537 0.0397624282
v -0.0102200000 -0.0011315000 0.0397701845
v -0.0102200000 -0.0010329463 0.0397624282
v -0.0102200000 -0.0009368193 0.0397393501
v -0.0102200000 -0.0008454860 0.0397015186
v -0.0102200000 -0.0007611953 0.0396498652
v -0.0102200000 -0.0006860227 0.0395856618
v -0.0102200000 -0.0006218193 0.0395104892
v -0.0102200000 -0.0005701659 0.0394261985
v -0.0102200000 -0.0005323344 0.0393348652
v -0.0102200000 -0.0005092563 0.0392387382
v -0.0102200000 -0.0005015000 0.0391401845
v -0.0102200000 -0.0005092563 0.0390416308
v -0.0102200000 -0.0005323344 0.0389455038
v -0.0102200000 -0.0005701659 0.0388541705
v -0.0102200000 -0.0006218193 0.0387698798
v -0.0102200000 -0.0006860227 0.0386947072
v -0.0102200000 -0.0007611953 0.0386305038
v -0.0102200000 -0.0008454860 0.0385788504
v -0.0102200000 -0.0009368193 0.0385410189
v -0.0102200000 -0.0010329463 0.0385179409
v -0.0102200000 -0.0011315000 0.0385101845
v -0.0102200000 -0.0012300537 0.0385179409
v -0.0102200000 -0.0013261807 0.0385410189
v -0.0102200000 -0.0014175140 0.0385788504
v -0.0102200000 -0.0015018047 0.0386305038
v -0.0102200000 -0.0015769773 0.0386947072
v -0.0102200000 -0.0016411807 0.0387698798
v -0.0102200000 -0.0016928341 0.0388541705
v -0.0102200000 -0.0017306656 0.0389455038
v -0.0102200000 -0.0017537437 0.0390416308
v -0.0102200000 -0.0017615000 0.0391401845
v -0.0102200000 -0.0017537437 0.0392387382
v -0.0102200000 -0.0017306656 0.0393348652
v -0.0102200000 -0.0016928341 0.0394261985
v -0.0102200000 -0.0016411807 0.0395104892
v -0.0102200000 -0.0015769773 0.0395856618
v -0.0102200000 -0.0015018047 0.0396498652
v -0.0102200000 -0.0014175140 0.0397015186
v -0.0102200000 -0.0013261807 0.0397393501
v -0.0102200000 -0.0012300537 0.0397624282
v -0.0102200000 -0.0011315000 0.0397701845
v -0.0102200000 -0.0010329463 0.0397624282
v -0.0102200000 -0.0009368193 0.0397393501
v -0.0102200000 -0.0008454860 0.0397015186
v -0.0102200000 -0.0007611953 0.0396498652
v -0.0102200000 -0.0006860227 0.0395856618
v -0.0102200000 -0.0006218193 0.0395104892
v -0.0102200000 -0.0005701659 0.0394261985
v -0.0102200000 -0.0005323344 0.0393348652
v -0.0102200000 -0.0005092563 0.0392387382
v -0.0102200000 -0.0005015000 0.0391401845
v -0.0102200000 -0.0005092563 0.0390416308
v -0.0102200000 -0.0005323344 0.0389455038
v -0.0102200000 -0.0005701659 0.0388541705
v -0.0102200000 -0.0006218193 0.0387698798
v -0.0102200000 -0.0006860227 0.0386947072
v -0.0102200000 -0.0007611953 0.0386305038
v -0.0102200000 -0.0008454860 0.0385788504
v -0.0102200000 -0.0009368193 0.0385410189
v -0.0102200000 -0.0010329463 0.0385179409
v -0.0102200000 -0.0011315000 0.0385101845
v -0.0102200000 -0.0012300537 0.0385179409
v -0.0102200000 -0.0013261807 0.0385410189
v -0.0102200000 -0.0014175140 0.0385788504
v -0.0102200000 -0.0015018047 0.0386305038
v -0.0102200000 -0.0015769773 0.0386947072
v -0.0102200000 -0.0016411807 0.0387698798
v -0.0102200000 -0.0016928341 0.0388541705
v -0.0102200000 -0.0017306656 0.0389455038
v -0.0102200000 -0.0017537437 0.0390416308
v -0.0103000000 -0.0017615000 0.0391401845
v -0.0103000000 -0.0017537437 0.0392387382
v -0.0103000000 -0.0017306656 0.0393348652
v -0.0103000000 -0.0016928341 0.0394261985
v -0.0103000000 -0.0016411807 0.0395104892
v -0.0103000000 -0.0015769773 0.0395856618
v -0.0103000000 -0.0015018047 0.0396498652
v -0.0103000000 -0.0014175140 0.0397015186
v -0.0103000000 -0.0013261807 0.0397393501
v -0.0103000000 -0.0012300537 0.0397624282
v -0.0103000000 -0.0011315000 0.0397701845
v -0.0103000000 -0.0010329463 0.0397624282
v -0.0103000000 -0.0009368193 0.0397393501
v -0.0103000000 -0.0008454860 0.0397015186
v -0.0103000000 -0.0007611953 0.0396498652
v -0.0103000000 -0.0006860227 0.0395856618
v -0.0103000000 -0.0006218193 0.0395104892
v -0.0103000000 -0.0005701659 0.0394261985
v -0.0103000000 -0.0005323344 0.0393348652
v -0.0103000000 -0.0005092563 0.0392387382
v -0.0103000000 -0.0005015000 0.0391401845
v -0.0103000000 -0.0005092563 0.0390416308
v -0.0103000000 -0.0005323344 0.0389455038
v -0.0103000000 -0.0005701659 0.0388541705
v -0.0103000000 -0.0006218193 0.0387698798
v -0.0103000000 -0.0006860227 0.0386947072
v -0.0103000000 -0.0007611953 0.0386305038
v -0.0103000000 -0.0008454860 0.0385788504
v -0.0103000000 -0.0009368193 0.0385410189
v -0.0103000000 -0.0010329463 0.0385179409
v -0.0103000000 -0.0011315000 0.0385101845
v -0.0103000000 -0.0012300537 0.0385179409
v -0.0103000000 -0.0013261807 0.0385410189
v -0.0103000000 -0.0014175140 0.0385788504
v -0.0103000000 -0.0015018047 0.0386305038
v -0.0103000000 -0.0015769773 0.0386947072
v -0.0103000000 -0.0016411807 0.0387698798
v -0.0103000000 -0.0016928341 0.0388541705
v -0.0103000000 -0.0017306656 0.0389455038
v -0.0103000000 -0.0017537437 0.0390416308
v -0.0103000000 -0.0017615000 0.0391401845
v -0.0103000000 -0.0017537437 0.0392387382
v -0.0103000000 -0.0017306656 0.0393348652
v -0.0103000000 -0.0016928341 0.0394261985
v -0.0103000000 -0.0016411807 0.0395104892
v -0.0103000000 -0.0015769773 0.0395856618
v -0.0103000000 -0.0015018047 0.0396498652
v -0.0103000000 -0.0014175140 0.0397015186
v -0.0103000000 -0.0013261807 0.0397393501
v -0.0103000000 -0.0012300537 0.0397624282
v -0.0103000000 -0.0011315000 0.0397701845
v -0.0103000000 -0.0010329463 0.0397624282
v -0.0103000000 -0.0009368193 0.0397393501
v -0.0103000000 -0.0008454860 0.0397015186
v -0.0103000000 -0.0007611953 0.0396498652
v -0.0103000000 -0.0006860227 0.0395856618
v -0.0103000000 -0.0006218193 0.0395104892
v -0.0103000000 -0.0005701659 0.0394261985
v -0.0103000000 -0.0005323344 0.0393348652
v -0.0103000000 -0.0005092563 0.0392387382
v -0.0103000000 -0.0005015000 0.0391401845
v -0.0103000000 -0.0005092563 0.0390416308
v -0.0103000000 -0.0005323344 0.0389455038
v -0.0103000000 -0.0005701659 0.0388541705
v -0.0103000000 -0.0006218193 0.0387698798
v -0.0103000000 -0.0006860227 0.0386947072
v -0.0103000000 -0.0007611953 0.0386305038
v -0.0103000000 -0.0008454860 0.0385788504
v -0.0103000000 -0.0009368193 0.0385410189
v -0.0103000000 -0.0010329463 0.0385179409
v -0.0103000000 -0.0011315000 0.0385101845
v -0.0103000000 -0.0012300537 0.0385179409
v -0.0103000000 -0.0013261807 0.0385410189
v -0.0103000000 -0.0014175140 0.0385788504
v -0.0103000000 -0.0015018047 0.0386305038
v -0.0103000000 -0.0015769773 0.0386947072
v -0.0103000000 -0.0016411807 0.0387698798
v -0.0103000000 -0.0016928341 0.0388541705
v -0.0103000000 -0.0017306656 0.0389455038
v -0.0103000000 -0.0017537437 0.0390416308
v -0.0103000000 -0.0011315000 0.0391401845
vn 1.00000000 0.00000000 0.00000000
vn 1.00000000 0.00000000 0.00000000
vn 1.00000000 0.00000000 0.00000000
vn 1.00000000 0.00000000 0.00000000
vn 1.00000000 0.00000000 0.00000000
vn 1.00000000 0.00000000 0.00000000
vn 1.00000000 0.00000000 0.00000000
vn 1.00000000 0.00000000 0.00000000
vn 1.00000000 0.00000000 0.00000000
vn 1.00000000 0.00000000 0.00000000
vn 1.00000000 0.00000000 0.00000000
vn 1.00000000 0.00000000 0.00000000
vn 1.00000000 0.00000000 0.00000000
vn 1.00000000 0.00000000 0.00000000
vn 1.00000000 0.00000000 0.00000000
vn 1.00000000 0.00000000 0.00000000
vn 1.00000000 0.00000000 0.00000000
vn 1.00000000 0.00000000 0.00000000
vn 1.00000000 0.00000000 0.00000000
vn 1.00000000 0.00000000 0.00000000
vn 1.00000000 0.00000000 0.00000000
vn 1.00000000 0.00000000 0.00000000
vn 1.00000000 0.00000000 0.00000000
vn 1.00000000 0.00000000 0.00000000
vn 1.00000000 0.00000000 0.00000000
vn 1.00000000 0.00000000 0.00000000
vn 1.00000000 0.00000000 0.00000000
vn 1.00000000 0.00000000 0.00000000
vn 1.00000000 0.00000000 0.00000000
vn 1.00000000 0.00000000 0.00000000
vn 1.00000000 0.00000000 0.00000000
vn 1.00000000 0.00000000 0.00000000
vn 1.00000000 0.00000000 0.00000000
vn 1.00000000 0.00000000 0.00000000
vn 1.00000000 0.00000000 0.00000000
vn 1.00000000 0.00000000 0.00000000
vn 1.00000000 0.00000000 0.00000000
vn 1.00000000 0.00000000 0.00000000
vn 1.00000000 0.00000000 0.00000000
vn 1.00000000 0.00000000 0.00000000
vn 1.00000000 0.00000000 0.00000000
vn 0.00000000 -1.00000000 -0.00000000
vn 0.00000000 -0.98768834 0.15643447
vn 0.00000000 -0.95105652 0.30901699
vn 0.00000000 -0.89100652 0.45399050
vn 0.00000000 -0.80901699 0.58778525
vn 0.00000000 -0.70710678 0.70710678
vn 0.00000000 -0.58778525 0.80901699
vn 0.00000000 -0.45399050 0.89100652
vn 0.00000000 -0.30901699 0.95105652
vn 0.00000000 -0.15643447 0.98768834
vn 0.00000000 -0.00000000 1.00000000
vn 0.00000000 0.15643447 0.98768834
vn 0.00000000 0.30901699 0.95105652
vn 0.00000000 0.45399050 0.89100652
vn 0.00000000 0.58778525 0.80901699
vn 0.00000000 0.70710678 0.70710678
vn 0.00000000 0.80901699 0.58778525
vn 0.00000000 0.89100652 0.45399050
vn 0.00000000 0.95105652 0.30901699
vn 0.00000000 0.98768834 0.15643447
vn 0.00000000 1.00000000 0.00000000
vn 0.00000000 0.98768834 -0.15643447
vn 0.00000000 0.95105652 -0.30901699
vn 0.00000000 0.89100652 -0.45399050
vn 0.00000000 0.80901699 -0.58778525
vn 0.00000000 0.70710678 -0.70710678
vn 0.00000000 0.58778525 -0.80901699
vn 0.00000000 0.45399050 -0.89100652
vn 0.00000000 0.30901699 -0.95105652
vn 0.00000000 0.15643447 -0.98768834
vn 0.00000000 0.00000000 -1.00000000
vn 0.00000000 -0.15643447 -0.98768834
vn 0.00000000 -0.30901699 -0.95105652
vn 0.00000000 -0.45399050 -0.89100652
vn 0.00000000 -0.58778525 -0.80901699
vn 0.00000000 -0.70710678 -0.70710678
vn 0.00000000 -0.80901699 -0.58778525
vn 0.00000000 -0.89100652 -0.45399050
vn 0.00000000 -0.95105652 -0.30901699
vn 0.00000000 -0.98768834 -0.15643447
vn 0.00000000 -1.00000000 -0.00000000
vn 0.00000000 -0.98768834 0.15643447
vn 0.00000000 -0.95105652 0.30901699
vn 0.00000000 -0.89100652 0.45399050
vn 0.00000000 -0.80901699 0.58778525
vn 0.00000000 -0.70710678 0.70710678
vn 0.00000000 -0.58778525 0.80901699
vn 0.00000000 -0.45399050 0.89100652
vn 0.00000000 -0.30901699 0.95105652
vn 0.00000000 -0.15643447 0.98768834
vn 0.00000000 0.00000000 1.00000000
vn 0.00000000 0.15643447 0.98768834
vn 0.00000000 0.30901699 0.95105652
vn 0.00000000 0.45399050 0.89100652
vn 0.00000000 0.58778525 0.80901699
vn 0.00000000 0.70710678 0.70710678
vn 0.00000000 0.80901699 0.58778525
vn 0.00000000 0.89100652 0.45399050
vn 0.00000000 0.95105652 0.30901699
vn 0.00000000 0.98768834 0.15643447
vn 0.00000000 1.00000000 0.00000000
vn 0.00000000 0.98768834 -0.15643447
vn 0.00000000 0.95105652 -0.30901699
vn 0.00000000 0.89100652 -0.45399050
vn 0.00000000 0.80901699 -0.58778525
vn 0.00000000 0.70710678 -0.70710678
vn 0.00000000 0.58778525 -0.80901699
vn 0.00000000 0.45399050 -0.89100652
vn 0.00000000 0.30901699 -0.95105652
vn 0.00000000 0.15643447 -0.98768834
vn 0.00000000 0.00000000 -1.00000000
vn 0.00000000 -0.15643447 -0.98768834
vn 0.00000000 -0.30901699 -0.95105652
vn 0.00000000 -0.45399050 -0.89100652
vn 0.00000000 -0.58778525 -0.80901699
vn 0.00000000 -0.70710678 -0.70710678
vn 0.00000000 -0.80901699 -0.58778525
vn 0.00000000 -0.89100652 -0.45399050
vn 0.00000000 -0.95105652 -0.30901699
vn 0.00000000 -0.98768834 -0.15643447
vn -1.00000000 0.00000000 0.00000000
vn -1.00000000 0.00000000 0.00000000
vn -1.00000000 0.00000000 0.00000000
vn -1.00000000 0.00000000 0.00000000
vn -1.00000000 0.00000000 0.00000000
vn -1.00000000 0.00000000 0.00000000
vn -1.00000000 0.00000000 0.00000000
vn -1.00000000 0.00000000 0.00000000
vn -1.00000000 0.00000000 0.00000000
vn -1.00000000 0.00000000 0.00000000
vn -1.00000000 0.00000000 0.00000000
vn -1.00000000 0.00000000 0.00000000
vn -1.00000000 0.00000000 0.00000000
vn -1.00000000 0.00000000 0.00000000
vn -1.00000000 0.00000000 0.00000000
vn -1.00000000 0.00000000 0.00000000
vn -1.00000000 0.00000000 0.00000000
vn -1.00000000 0.00000000 0.00000000
vn -1.00000000 0.00000000 0.00000000
vn -1.00000000 0.00000000 0.00000000
vn -1.00000000 0.00000000 0.00000000
vn -1.00000000 0.00000000 0.00000000
vn -1.00000000 0.00000000 0.00000000
vn -1.00000000 0.00000000 0.00000000
vn -1.00000000 0.00000000 0.00000000
vn -1.00000000 0.00000000 0.00000000
vn -1.00000000 0.00000000 0.00000000
vn -1.00000000 0.00000000 0.00000000
vn -1.00000000 0.00000000 0.00000000
vn -1.00000000 0.00000000 0.00000000
vn -1.00000000 0.00000000 0.00000000
vn -1.00000000 0.00000000 0.00000000
vn -1.00000000 0.00000000 0.00000000
vn -1.00000000 0.00000000 0.00000000
vn -1.00000000 0.00000000 0.00000000
vn -1.00000000 0.00000000 0.00000000
vn -1.00000000 0.00000000 0.00000000
vn -1.00000000 0.00000000 0.00000000
vn -1.00000000 0.00000000 0.00000000
vn -1.00000000 0.00000000 0.00000000
vn -1.00000000 0.00000000 0.00000000
f 813//813 812//812 811//811
f 835//835 834//834 811//811
f 836//836 835//835 811//811
f 837//837 836//836 811//811
f 838//838 837//837 811//811
f 839//839 838//838 811//811
f 840//840 839//839 811//811
f 841//841 840//840 811//811
f 842//842 841//841 811//811
f 843//843 842//842 811//811
f 844//844 843//843 811//811
f 845//845 844//844 811//811
f 846//846 845//845 811//811
f 847//847 846//846 811//811
f 848//848 847//847 811//811
f 849//849 848//848 811//811
f 850//850 849//849 811//811
f 851//851 850//850 811//811
f 834//834 833//833 811//811
f 833//833 832//832 811//811
f 812//812 851//851 811//811
f 831//831 830//830 811//811
f 832//832 831//831 811//811
f 814//814 813//813 811//811
f 815//815 814//814 811//811
f 816//816 815//815 811//811
f 817//817 816//816 811//811
f 819//819 818//818 811//811
f 820//820 819//819 811//811
f 821//821 820//820 811//811
f 818//818 817//817 811//811
f 823//823 822//822 811//811
f 824//824 823//823 811//811
f 825//825 824//824 811//811
f 830//830 829//829 811//811
f 826//826 825//825 811//811
f 827//827 826//826 811//811
f 828//828 827//827 811//811
f 829//829 828//828 811//811
f 822//822 821//821 811//811
f 879//879 919//919 878//878
f 920//920 919//919 879//879
f 922//922 921//921 881//881
f 921//921 920//920 880//880
f 881//881 921//921 880//880
f 919//919 918//918 878//878
f 880//880 920//920 879//879
f 878//878 918//918 877//877
f 914//914 913//913 873//873
f 877//877 917//917 876//876
f 917//917 916//916 876//876
f 876//876 916//916 875//875
f 916//916 915//915 875//875
f 875//875 915//915 874//874
f 915//915 914//914 874//874
f 874//874 914//914 873//873
f 882//882 922//922 881//881
f 918//918 917//917 877//877
f 923//923 922//922 882//882
f 887//887 927//927 886//886
f 924//924 923//923 883//883
f 873//873 913//913 872//872
f 852//852 892//892 891//891
f 892//892 931//931 891//891
f 891//891 931//931 890//890
f 931//931 930//930 890//890
f 890//890 930//930 889//889
f 930//930 929//929 889//889
f 889//889 929//929 888//888
f 929//929 928//928 888//888
f 888//888 928//928 887//887
f 928//928 927//927 887//887
f 927//927 926//926 886//886
f 886//886 926//926 885//885
f 926//926 925//925 885//885
f 885//885 925//925 884//884
f 925//925 924//924 884//884
f 884//884 924//924 883//883
f 883//883 923//923 882//882
f 913//913 912//912 872//872
f 872//872 912//912 871//871
f 912//912 911//911 871//871
f 901//901 900//900 860//860
f 860//860 900//900 859//859
f 900//900 899//899 859//859
f 859//859 899//899 858//858
f 899//899 898//898 858//858
f 858//858 898//898 857//857
f 857//857 897//897 856//856
f 861//861 901//901 860//860
f 897//897 896//896 856//856
f 896//896 895//895 855//855
f 855//855 895//895 854//854
f 895//895 894//894 854//854
f 854//854 894//894 853//853
f 894//894 893//893 853//853
f 853//853 893//893 852//852
f 893//893 892//892 852//852
f 856//856 896//896 855//855
f 902//902 901//901 861//861
f 898//898 897//897 857//857
f 903//903 902//902 862//862
f 862//862 902//902 861//861
f 911//911 910//910 870//870
f 870//870 910//910 869//869
f 910//910 909//909 869//869
f 869//869 909//909 868//868
f 909//909 908//908 868//868
f 868//868 908//908 867//867
f 908//908 907//907 867//867
f 867//867 907//907 866//866
f 871//871 911//911 870//870
f 866//866 906//906 865//865
f 906//906 905//905 865//865
f 865//865 905//905 864//864
f 905//905 904//904 864//864
f 864//864 904//904 863//863
f 904//904 903//903 863//863
f 863//863 903//903 862//862
f 907//907 906//906 866//866
f 953//953 972//972 952//952
f 959//959 972//972 958//958
f 958//958 972//972 957//957
f 954//954 972//972 953//953
f 956//956 972//972 955//955
f 955//955 972//972 954//954
f 960//960 972//972 959//959
f 957//957 972//972 956//956
f 961//961 972//972 960//960
f 965//965 972//972 964//964
f 963//963 972//972 962//962
f 964//964 972//972 963//963
f 966//966 972//972 965//965
f 967//967 972//972 966//966
f 968//968 972//972 967//967
f 969//969 972//972 968//968
f 970//970 972//972 969//969
f 962//962 972//972 961//961
f 952//952 972//972 951//951
f 933//933 972//972 932//932
f 950//950 972//972 949//949
f 971//971 972//972 970//970
f 934//934 972//972 933//933
f 935//935 972//972 934//934
f 936//936 972//972 935//935
f 937//937 972//972 936//936
f 938//938 972//972 937//937
f 939//939 972//972 938//938
f 940//940 972//972 939//939
f 941//941 972//972 940//940
f 942//942 972//972 941//941
f 943//943 972//972 942//942
f 944//944 972//972 943//943
f 945//945 972//972 944//944
f 946//946 972//972 945//945
f 947//947 972//972 946//946
f 948//948 972//972 947//947
f 949//949 972//972 948//948
f 951//951 972//972 950//950
f 932//932 972//972 971//971
